"clbid","credits","crsid","department","enrolled","enrollment_fy","enrollment_jr","enrollment_so","enrollment_sr","gereqs","instructors","instructors_full","level","max","max_fy","max_jr","max_so","max_sr","name","number","offerings","pn","section","semester","status","term","type","year"
"0000001073","1.0","0000000177","AMCON","22","19","0","0","3","FYW;HWC","Titus, Mary","{'fsnum': '8415', 'name': 'Titus, Mary'}","100","","","","","","Dem Vistas: 1800-1900","102","{'day': 'Mo', 'end': '10:00', 'location': 'L 515', 'start': '09:05'};{'day': 'We', 'end': '10:00', 'location': 'L 515', 'start': '09:05'};{'day': 'Fr', 'end': '10:00', 'location': 'L 515', 'start': '09:05'}","False","A","3","C","20003","Research","2000"
"0000001074","1.0","0000000177","AMCON","23","20","0","0","3","FYW;HWC","Lagerquist, L. DeAne","{'fsnum': '4592', 'name': 'Lagerquist, L. DeAne'}","100","","","","","","Dem Vistas: 1800-1900","102","{'day': 'Mo', 'end': '10:00', 'location': 'L 577', 'start': '09:05'};{'day': 'We', 'end': '10:00', 'location': 'L 577', 'start': '09:05'};{'day': 'Fr', 'end': '10:00', 'location': 'L 577', 'start': '09:05'}","False","B","3","C","20003","Research","2000"
"0000000987","1.0","0000000007","AMST","21","0","6","2","13","","Allister, Mark","{'fsnum': '110', 'name': 'Allister, Mark'}","200","20","","","","","Top: California Dreams","207","{'day': 'Mo', 'end': '14:55', 'location': 'L 515', 'start': '14:00'};{'day': 'We', 'end': '14:55', 'location': 'L 515', 'start': '14:00'};{'day': 'Fr', 'end': '14:55', 'location': 'L 515', 'start': '14:00'}","False","","3","C","20003","Topic","2000"
"0000000988","1.0","0000000013","AMST","22","0","9","0","13","","Kutulas, Judy","{'fsnum': '4583', 'name': 'Kutulas, Judy'}","300","20","","","","","Sem: Television Cultur","301","{'day': 'Tu', 'end': '13:10', 'location': 'H 515', 'start': '23:45'};{'day': 'Th', 'end': '13:10', 'location': 'H 515', 'start': '23:45'}","False","","3","C","20003","Seminar","2000"
"0000001780","1.0","0000001483","ARMS","24","2","6","13","3","HWC;MCS-D;WRI","Fure-Slocum, Eric J.","{'fsnum': '10197', 'name': 'Fure-Slocum, Eric J.'}","100","25","","","","","Intro to Arms","122","{'day': 'Tu', 'end': '11:00', 'location': 'M 30', 'start': '09:35'};{'day': 'Th', 'end': '11:00', 'location': 'M 30', 'start': '09:35'}","False","","3","C","20003","Research","2000"
"0000001781","1.0","0000001487","ARMS","1","0","0","0","1","","Titus, Mary","{'fsnum': '8415', 'name': 'Titus, Mary'}","200","","","","","","IS/Queering Harlem","298","","False","","3","O","20003","Research","2000"
"0000000989","0.5","0000000019","ART","20","10","1","2","7","ALS-A","Saurer, John","{'fsnum': '7064', 'name': 'Saurer, John'}","100","20","10","5","6","","Found Perceptual Draw","111","{'day': 'Tu', 'end': '09:25', 'location': 'FH 42', 'start': '08:00'};{'day': 'Th', 'end': '09:25', 'location': 'FH 42', 'start': '08:00'}","False","A","3","C","20003","Research","2000"
"0000000990","0.5","0000000019","ART","20","6","6","4","4","ALS-A","Saurer, John","{'fsnum': '7064', 'name': 'Saurer, John'}","100","20","8","5","8","","Found Perceptual Draw","111","{'day': 'Tu', 'end': '13:10', 'location': 'FH 42', 'start': '23:45'};{'day': 'Th', 'end': '13:10', 'location': 'FH 42', 'start': '23:45'}","False","B","3","C","20003","Research","2000"
"0000000991","0.5","0000000020","ART","22","6","5","5","6","ALS-A","Shoger, Jan","{'fsnum': '7486', 'name': 'Shoger, Jan'}","100","20","7","5","6","","Found Conceptual Draw","112","{'day': 'Mo', 'end': '10:00', 'location': 'FH 42', 'start': '09:05'};{'day': 'We', 'end': '10:00', 'location': 'FH 42', 'start': '09:05'};{'day': 'Fr', 'end': '10:00', 'location': 'FH 42', 'start': '09:05'}","False","","3","C","20003","Research","2000"
"0000000992","0.5","0000000021","ART","25","5","3","10","7","ALS-A","Arneson, Wendell","{'fsnum': '276', 'name': 'Arneson, Wendell'}","100","20","7","5","5","5","Found Color Design","113","{'day': 'Mo', 'end': '10:00', 'location': 'FH AB', 'start': '09:05'};{'day': 'We', 'end': '10:00', 'location': 'FH AB', 'start': '09:05'};{'day': 'Fr', 'end': '10:00', 'location': 'FH AB', 'start': '09:05'}","False","A","3","C","20003","Research","2000"
"0000000993","0.5","0000000021","ART","21","4","2","5","10","ALS-A","Arneson, Wendell","{'fsnum': '276', 'name': 'Arneson, Wendell'}","100","20","5","5","5","5","Found Color Design","113","{'day': 'Mo', 'end': '11:40', 'location': 'FH AB', 'start': '10:45'};{'day': 'We', 'end': '11:40', 'location': 'FH AB', 'start': '10:45'};{'day': 'Fr', 'end': '11:40', 'location': 'FH AB', 'start': '10:45'}","False","B","3","C","20003","Research","2000"
"0000000994","0.5","0000000022","ART","12","2","0","4","6","ALS-A","Oliphant, Thomas","{'fsnum': '14019', 'name': 'Oliphant, Thomas'}","100","16","4","4","4","4","Foundation Sculpture","114","{'day': 'Tu', 'end': '11:00', 'location': 'FH 18', 'start': '09:35'};{'day': 'Th', 'end': '11:00', 'location': 'FH 18', 'start': '09:35'}","False","A","3","C","20003","Research","2000"
"0000000995","0.5","0000000022","ART","15","4","2","5","4","ALS-A","Oliphant, Thomas","{'fsnum': '14019', 'name': 'Oliphant, Thomas'}","100","16","4","4","4","4","Foundation Sculpture","114","{'day': 'Tu', 'end': '13:10', 'location': 'FH 18', 'start': '23:45'};{'day': 'Th', 'end': '13:10', 'location': 'FH 18', 'start': '23:45'}","False","B","3","C","20003","Research","2000"
"0000000996","0.5","0000000026","ART","16","2","4","4","6","ALS-A","Gallas, Ron","{'fsnum': '2492', 'name': 'Gallas, Ron'}","100","15","4","4","3","4","Found Ceramics: Wheel","119","{'day': 'Tu', 'end': '11:00', 'location': 'FH 19', 'start': '09:35'};{'day': 'Th', 'end': '11:00', 'location': 'FH 19', 'start': '09:35'}","False","","3","C","20003","Research","2000"
"0000000997","1.0","0000000032","ART","34","0","16","11","7","ALS-A;HWC","Thompson, Nancy M.","{'fsnum': '13137', 'name': 'Thompson, Nancy M.'}","100","30","","","","","Renaissance--Present","151","{'day': 'Mo', 'end': '10:00', 'location': 'FH 01', 'start': '09:05'};{'day': 'We', 'end': '10:00', 'location': 'FH 01', 'start': '09:05'};{'day': 'Fr', 'end': '10:00', 'location': 'FH 01', 'start': '09:05'}","False","","3","C","20003","Research","2000"
"0000000998","1.0","0000000034","ART","23","0","12","6","5","","Arneson, Wendell","{'fsnum': '276', 'name': 'Arneson, Wendell'}","200","20","","","","","Watercolor Painting","232","{'day': 'Mo', 'end': '14:55', 'location': 'FH AB', 'start': '12:55'};{'day': 'We', 'end': '14:55', 'location': 'FH AB', 'start': '12:55'};{'day': 'Fr', 'end': '14:55', 'location': 'FH AB', 'start': '12:55'}","False","","3","C","20003","Research","2000"
"0000000999","1.0","0000000037","ART","15","0","6","5","4","","Edwins, Steven","{'fsnum': '1564', 'name': 'Edwins, Steven'}","200","16","","","","","Arch Drawing/Design I","235","{'day': 'Tu', 'end': '11:00', 'location': 'FH AB', 'start': '08:00'};{'day': 'Th', 'end': '11:00', 'location': 'FH AB', 'start': '08:00'}","False","","3","C","20003","Research","2000"
"0000001000","1.0","0000000039","ART","16","1","8","6","1","","Shoger, Jan","{'fsnum': '7486', 'name': 'Shoger, Jan'}","200","15","","","","","Printmkg: Intaglio/Mono","237","{'day': 'Mo', 'end': '12:45', 'location': 'FH 44', 'start': '22:45'};{'day': 'We', 'end': '12:45', 'location': 'FH 44', 'start': '22:45'};{'day': 'Fr', 'end': '12:45', 'location': 'FH 44', 'start': '22:45'}","False","","3","C","20003","Research","2000"
"0000001001","1.0","0000000042","ART","11","1","4","4","2","","Kelley, Patrick T.","{'fsnum': '14002', 'name': 'Kelley, Patrick T.'}","200","13","","","","","Motion Graphics","240","{'day': 'Tu', 'end': '14:45', 'location': 'FH 21', 'start': '23:45'};{'day': 'Th', 'end': '14:45', 'location': 'FH 21', 'start': '23:45'}","False","","3","O","20003","Research","2000"
"0000001002","1.0","0000000043","ART","19","1","6","6","6","","Griep, Mary","{'fsnum': '2757', 'name': 'Griep, Mary'}","200","20","","","","","Figure Drawing","242","{'day': 'Mo', 'end': '14:55', 'location': 'FH 40', 'start': '12:55'};{'day': 'Fr', 'end': '14:55', 'location': 'FH 40', 'start': '12:55'};{'day': 'We', 'end': '22:00', 'location': 'FH 40', 'start': '20:00'}","False","","3","C","20003","Research","2000"
"0000001003","1.0","0000000045","ART","14","1","4","1","8","","Gallas, Ron","{'fsnum': '2492', 'name': 'Gallas, Ron'}","200","12","","","","","Ceramics","244","{'day': 'Tu', 'end': '14:45', 'location': 'FH 19', 'start': '23:45'};{'day': 'Th', 'end': '14:45', 'location': 'FH 19', 'start': '23:45'}","False","","3","C","20003","Research","2000"
"0000001004","1.0","0000000047","ART","11","3","3","2","3","ALS-A","Ryan, David E.","{'fsnum': '13038', 'name': 'Ryan, David E.'}","200","15","","","","","Video Art Production","249","{'day': 'Tu', 'end': '11:00', 'location': 'SC 18', 'start': '08:00'};{'day': 'Th', 'end': '11:00', 'location': 'SC 18', 'start': '08:00'}","False","","3","C","20003","Research","2000"
"0000001005","1.0","0000000052","ART","36","8","5","15","8","ALS-A;HWC","Rohn, Matthew","{'fsnum': '6758', 'name': 'Rohn, Matthew'}","200","40","","","","","Art Since 1945","253","{'day': 'Mo', 'end': '11:40', 'location': 'FH 01', 'start': '10:45'};{'day': 'We', 'end': '11:40', 'location': 'FH 01', 'start': '10:45'};{'day': 'Fr', 'end': '11:40', 'location': 'FH 01', 'start': '10:45'}","False","","3","O","20003","Research","2000"
"0000001006","1.0","0000000053","ART","17","0","5","7","5","ALS-A;HWC","Thompson, Nancy M.","{'fsnum': '13137', 'name': 'Thompson, Nancy M.'}","200","20","","","","","Italian Renaissance","254","{'day': 'Tu', 'end': '13:10', 'location': 'FH 01', 'start': '23:45'};{'day': 'Th', 'end': '13:10', 'location': 'FH 01', 'start': '23:45'}","False","","3","C","20003","Research","2000"
"0000001007","1.0","0000000055","ART","23","2","7","1","13","ALS-A","Ojala, Margaret","{'fsnum': '5816', 'name': 'Ojala, Margaret'}","200","25","","","","","Hist of Photography","256","{'day': 'Mo', 'end': '12:45', 'location': 'FH 01', 'start': '23:50'};{'day': 'We', 'end': '12:45', 'location': 'FH 01', 'start': '23:50'};{'day': 'Fr', 'end': '12:45', 'location': 'FH 01', 'start': '23:50'}","False","","3","C","20003","Research","2000"
"0000001008","1.0","0000000057","ART","44","6","13","10","15","ALS-A;MCS-G","Gimse, A. Malcolm","{'fsnum': '2641', 'name': 'Gimse, A. Malcolm'}","200","30","","","","","Art of China/Japan","259","{'day': 'Mo', 'end': '13:50', 'location': 'FH 01', 'start': '12:55'};{'day': 'We', 'end': '13:50', 'location': 'FH 01', 'start': '12:55'};{'day': 'Fr', 'end': '13:50', 'location': 'FH 01', 'start': '12:55'}","False","","3","C","20003","Research","2000"
"0000001009","1.0","0000000059","ART","31","0","8","10","13","ALS-A","Gimse, A. Malcolm","{'fsnum': '2641', 'name': 'Gimse, A. Malcolm'}","200","30","","","","","World Architecture","261","{'day': 'Tu', 'end': '14:45', 'location': 'FH 01', 'start': '13:20'};{'day': 'Th', 'end': '14:45', 'location': 'FH 01', 'start': '13:20'}","False","","3","C","20003","Research","2000"
"0000001010","1.0","0000000066","ART","3","0","3","0","0","WRI","Rohn, Matthew","{'fsnum': '6758', 'name': 'Rohn, Matthew'}","200","20","","","","","Topics in Art History","275","{'day': 'Tu', 'end': '14:45', 'location': 'FH SEM', 'start': '13:20'};{'day': 'Th', 'end': '14:45', 'location': 'FH SEM', 'start': '13:20'}","False","","3","O","20003","Topic","2000"
"0000001011","1.0","0000000068","ART","1","0","0","0","1","","O'Leary, Margaret H.","{'fsnum': '5815', 'name': ""O'Leary, Margaret H.""}","200","","","","","","Academic Internship","294","","True","","3","O","20003","Research","2000"
"0000001012","1.0","0000000068","ART","1","0","0","0","1","","Griep, Mary","{'fsnum': '2757', 'name': 'Griep, Mary'}","200","","","","","","Academic Internship","294","","True","A","3","O","20003","Research","2000"
"0000001013","1.0","0000000069","ART","1","0","0","0","1","","Gallas, Ron","{'fsnum': '2492', 'name': 'Gallas, Ron'}","200","","","","","","IS/Advanced Ceramics","298","","False","","3","O","20003","Research","2000"
"0000001014","1.0","0000000069","ART","1","0","1","0","0","","Gimse, A. Malcolm","{'fsnum': '2641', 'name': 'Gimse, A. Malcolm'}","200","","","","","","IS/Sculpture in Space","298","","False","A","3","O","20003","Research","2000"
"0000001015","1.0","0000000071","ART","37","0","1","0","36","","Staff","{'fsnum': '', 'name': 'Staff'}","300","","","","","","Senior Studies-Studio","393","{'day': 'Th', 'end': '22:00', 'location': 'FH 01', 'start': '19:00'}","False","","3","O","20003","Research","2000"
"0000001016","1.0","0000000074","ART","3","0","1","0","2","WRI","Rohn, Matthew","{'fsnum': '6758', 'name': 'Rohn, Matthew'}","300","","","","","","Sr Studies-Art Hist","395","{'day': 'Tu', 'end': '14:45', 'location': 'FH SEM', 'start': '13:20'};{'day': 'Th', 'end': '14:45', 'location': 'FH SEM', 'start': '13:20'}","False","","3","O","20003","Research","2000"
"0000001017","1.0","0000000075","ART","1","0","0","0","1","","Thompson, Nancy M.","{'fsnum': '13137', 'name': 'Thompson, Nancy M.'}","300","","","","","","IR/Death in Art C1350","398","","False","","3","O","20003","Research","2000"
"0000001018","1.0","0000000077","ASIAN","22","19","1","2","0","HWC;WRI","Entenmann, Robert","{'fsnum': '1821', 'name': 'Entenmann, Robert'}","100","","","","","","The West & East Asia","112","{'day': 'Mo', 'end': '14:55', 'location': 'H 301', 'start': '14:00'};{'day': 'We', 'end': '14:55', 'location': 'H 301', 'start': '14:00'};{'day': 'Fr', 'end': '14:55', 'location': 'H 301', 'start': '14:00'}","False","","3","C","20003","Research","2000"
"0000001019","1.0","0000000087","ASIAN","26","2","11","2","11","ALS-L;MCS-G;WRI","Larson, Phyllis Hyland","{'fsnum': '4624', 'name': 'Larson, Phyllis Hyland'}","200","30","","","","","Modrn Japanese Lit-Tr","235","{'day': 'Mo', 'end': '12:45', 'location': 'SC 129', 'start': '23:50'};{'day': 'We', 'end': '12:45', 'location': 'SC 129', 'start': '23:50'};{'day': 'Fr', 'end': '12:45', 'location': 'SC 129', 'start': '23:50'}","False","","3","C","20003","Research","2000"
"0000001020","1.0","0000000094","ASIAN","2","0","0","2","0","","Bodman, Richard","{'fsnum': '656', 'name': 'Bodman, Richard'}","200","","","","","","IS/Classical Chinese","298","","False","","3","O","20003","Research","2000"
"0000001021","1.0","0000000094","ASIAN","1","0","0","0","1","","Entenmann, Robert","{'fsnum': '1821', 'name': 'Entenmann, Robert'}","200","","","","","","IS/Hmong Culture","298","","False","A","3","O","20003","Research","2000"
"0000001022","1.0","0000000097","ASIAN","1","0","0","0","1","","Wan, Pin Pin","{'fsnum': '8890', 'name': 'Wan, Pin Pin'}","300","","","","","","IR/Technical Chinese","398","","False","","3","O","20003","Research","2000"
"0000001023","1.0","0000000097","ASIAN","1","0","0","0","1","","Entenmann, Robert","{'fsnum': '1821', 'name': 'Entenmann, Robert'}","300","","","","","","IR/Japanese Temples","398","","False","A","3","O","20003","Research","2000"
"0000001024","1.0","0000000100","BIO","28","11","8","6","3","NSC;NSL","Meinhardt, Daniel","{'fsnum': '10508', 'name': 'Meinhardt, Daniel'}","100","24","","","","","Biological Science","121","{'day': 'Mo', 'end': '10:00', 'location': 'SC 280', 'start': '09:05'};{'day': 'We', 'end': '10:00', 'location': 'SC 280', 'start': '09:05'};{'day': 'Fr', 'end': '10:00', 'location': 'SC 280', 'start': '09:05'};{'day': 'Tu', 'end': '10:00', 'location': 'SC 273', 'start': '08:00'}","False","A","3","C","20003","Research","2000"
"0000001025","1.0","0000000100","BIO","26","8","3","11","4","NSC;NSL","Meinhardt, Daniel","{'fsnum': '10508', 'name': 'Meinhardt, Daniel'}","100","24","","","","","Biological Science","121","{'day': 'Mo', 'end': '10:00', 'location': 'SC 280', 'start': '09:05'};{'day': 'We', 'end': '10:00', 'location': 'SC 280', 'start': '09:05'};{'day': 'Fr', 'end': '10:00', 'location': 'SC 280', 'start': '09:05'};{'day': 'Tu', 'end': '13:45', 'location': 'SC 273', 'start': '23:45'}","False","B","3","C","20003","Research","2000"
"0000001026","1.0","0000000100","BIO","22","3","5","10","4","NSC;NSL","Meinhardt, Daniel","{'fsnum': '10508', 'name': 'Meinhardt, Daniel'}","100","24","","","","","Biological Science","121","{'day': 'Mo', 'end': '10:00', 'location': 'SC 280', 'start': '09:05'};{'day': 'We', 'end': '10:00', 'location': 'SC 280', 'start': '09:05'};{'day': 'Fr', 'end': '10:00', 'location': 'SC 280', 'start': '09:05'};{'day': 'Tu', 'end': '17:00', 'location': 'SC 273', 'start': '15:00'}","False","C","3","C","20003","Research","2000"
"0000001027","1.0","0000000108","BIO","22","15","1","6","0","NSC;NSL","Swift, Michael","{'fsnum': '8210', 'name': 'Swift, Michael'}","100","24","","","","","Organismic Biology","126","{'day': 'Mo', 'end': '15:25', 'location': 'SC 211', 'start': '12:55'};{'day': 'Mo', 'end': '08:55', 'location': 'SC 278', 'start': '08:00'};{'day': 'We', 'end': '08:55', 'location': 'SC 278', 'start': '08:00'};{'day': 'Fr', 'end': '08:55', 'location': 'SC 278', 'start': '08:00'}","False","A","3","O","20003","Research","2000"
"0000001028","1.0","0000000108","BIO","18","10","0","6","2","NSC;NSL","Swift, Michael","{'fsnum': '8210', 'name': 'Swift, Michael'}","100","24","","","","","Organismic Biology","126","{'day': 'Mo', 'end': '08:55', 'location': 'SC 278', 'start': '08:00'};{'day': 'We', 'end': '08:55', 'location': 'SC 278', 'start': '08:00'};{'day': 'Fr', 'end': '08:55', 'location': 'SC 278', 'start': '08:00'};{'day': 'Tu', 'end': '14:15', 'location': 'SC 211', 'start': '23:45'}","False","B","3","O","20003","Research","2000"
"0000001029","1.0","0000000108","BIO","19","12","1","4","2","NSC;NSL","Swift, Michael","{'fsnum': '8210', 'name': 'Swift, Michael'}","100","24","","","","","Organismic Biology","126","{'day': 'Mo', 'end': '08:55', 'location': 'SC 278', 'start': '08:00'};{'day': 'We', 'end': '08:55', 'location': 'SC 278', 'start': '08:00'};{'day': 'Fr', 'end': '08:55', 'location': 'SC 278', 'start': '08:00'};{'day': 'Tu', 'end': '17:30', 'location': 'SC 211', 'start': '15:00'}","False","C","3","O","20003","Research","2000"
"0000001030","1.0","0000000108","BIO","24","11","0","11","2","NSC;NSL","Olfelt, Joel","{'fsnum': '5838', 'name': 'Olfelt, Joel'}","100","24","","","","","Organismic Biology","126","{'day': 'Mo', 'end': '11:40', 'location': 'SC 278', 'start': '10:45'};{'day': 'We', 'end': '11:40', 'location': 'SC 278', 'start': '10:45'};{'day': 'Fr', 'end': '11:40', 'location': 'SC 278', 'start': '10:45'};{'day': 'Tu', 'end': '10:30', 'location': 'SC 211', 'start': '08:00'}","False","D","3","C","20003","Research","2000"
"0000001031","1.0","0000000108","BIO","13","3","0","10","0","NSC;NSL","Olfelt, Joel","{'fsnum': '5838', 'name': 'Olfelt, Joel'}","100","24","","","","","Organismic Biology","126","{'day': 'Mo', 'end': '11:40', 'location': 'SC 278', 'start': '10:45'};{'day': 'We', 'end': '11:40', 'location': 'SC 278', 'start': '10:45'};{'day': 'Fr', 'end': '11:40', 'location': 'SC 278', 'start': '10:45'};{'day': 'Th', 'end': '10:30', 'location': 'SC 211', 'start': '08:00'}","False","E","3","O","20003","Research","2000"
"0000001032","1.0","0000000108","BIO","24","6","1","16","1","NSC;NSL","Olfelt, Joel","{'fsnum': '5838', 'name': 'Olfelt, Joel'}","100","24","","","","","Organismic Biology","126","{'day': 'Mo', 'end': '11:40', 'location': 'SC 278', 'start': '10:45'};{'day': 'We', 'end': '11:40', 'location': 'SC 278', 'start': '10:45'};{'day': 'Fr', 'end': '11:40', 'location': 'SC 278', 'start': '10:45'};{'day': 'Th', 'end': '17:30', 'location': 'SC 211', 'start': '15:00'}","False","F","3","C","20003","Research","2000"
"0000001033","1.0","0000000108","BIO","24","7","1","15","1","NSC;NSL","Angell, Diane K.","{'fsnum': '256', 'name': 'Angell, Diane K.'}","100","24","","","","","Organismic Biology","126","{'day': 'Mo', 'end': '12:45', 'location': 'SC 278', 'start': '23:50'};{'day': 'We', 'end': '12:45', 'location': 'SC 278', 'start': '23:50'};{'day': 'Fr', 'end': '12:45', 'location': 'SC 278', 'start': '23:50'};{'day': 'We', 'end': '15:25', 'location': 'SC 211', 'start': '12:55'}","False","G","3","C","20003","Research","2000"
"0000001034","1.0","0000000108","BIO","23","0","2","20","1","NSC;NSL","Angell, Diane K.","{'fsnum': '256', 'name': 'Angell, Diane K.'}","100","24","","","","","Organismic Biology","126","{'day': 'Mo', 'end': '12:45', 'location': 'SC 278', 'start': '23:50'};{'day': 'We', 'end': '12:45', 'location': 'SC 278', 'start': '23:50'};{'day': 'Fr', 'end': '12:45', 'location': 'SC 278', 'start': '23:50'};{'day': 'Th', 'end': '14:15', 'location': 'SC 211', 'start': '23:45'}","False","H","3","C","20003","Research","2000"
"0000001035","1.0","0000000108","BIO","23","11","2","9","1","NSC;NSL","Angell, Diane K.","{'fsnum': '256', 'name': 'Angell, Diane K.'}","100","24","","","","","Organismic Biology","126","{'day': 'Fr', 'end': '16:30', 'location': 'SC 211', 'start': '14:00'};{'day': 'Mo', 'end': '12:45', 'location': 'SC 278', 'start': '23:50'};{'day': 'We', 'end': '12:45', 'location': 'SC 278', 'start': '23:50'};{'day': 'Fr', 'end': '12:45', 'location': 'SC 278', 'start': '23:50'}","False","I","3","C","20003","Research","2000"
"0000001036","1.0","0000000119","BIO","27","0","9","8","10","","Johnson, Theodore","{'fsnum': '4110', 'name': 'Johnson, Theodore'}","200","24","","","","","Microbiology","231","{'day': 'Mo', 'end': '11:40', 'location': 'SC 280', 'start': '10:45'};{'day': 'We', 'end': '11:40', 'location': 'SC 280', 'start': '10:45'};{'day': 'Fr', 'end': '11:40', 'location': 'SC 280', 'start': '10:45'};{'day': 'Tu', 'end': '15:00', 'location': 'SC 263', 'start': '12:00'}","False","A","3","C","20003","Research","2000"
"0000001037","1.0","0000000119","BIO","28","1","10","5","12","","Johnson, Theodore","{'fsnum': '4110', 'name': 'Johnson, Theodore'}","200","24","","","","","Microbiology","231","{'day': 'Mo', 'end': '11:40', 'location': 'SC 280', 'start': '10:45'};{'day': 'We', 'end': '11:40', 'location': 'SC 280', 'start': '10:45'};{'day': 'Fr', 'end': '11:40', 'location': 'SC 280', 'start': '10:45'};{'day': 'We', 'end': '17:00', 'location': 'SC 263', 'start': '14:00'}","False","B","3","C","20003","Research","2000"
"0000001038","1.0","0000000119","BIO","23","0","8","10","5","","Johnson, Theodore","{'fsnum': '4110', 'name': 'Johnson, Theodore'}","200","24","","","","","Microbiology","231","{'day': 'Mo', 'end': '11:40', 'location': 'SC 280', 'start': '10:45'};{'day': 'We', 'end': '11:40', 'location': 'SC 280', 'start': '10:45'};{'day': 'Fr', 'end': '11:40', 'location': 'SC 280', 'start': '10:45'};{'day': 'Th', 'end': '16:20', 'location': 'SC 263', 'start': '13:20'}","False","C","3","C","20003","Research","2000"
"0000001039","1.0","0000000122","BIO","23","0","13","6","4","","Chial, Heidi","{'fsnum': '10050', 'name': 'Chial, Heidi'}","200","24","","","","","Intermediate Genetics","233","{'day': 'Tu', 'end': '17:00', 'location': 'SC 229', 'start': '14:00'};{'day': 'Tu', 'end': '13:10', 'location': 'SC 280', 'start': '23:45'};{'day': 'Th', 'end': '13:10', 'location': 'SC 280', 'start': '23:45'}","False","A","3","C","20003","Research","2000"
"0000001040","1.0","0000000122","BIO","15","0","5","7","3","","Chial, Heidi","{'fsnum': '10050', 'name': 'Chial, Heidi'}","200","17","","","","","Intermediate Genetics","233","{'day': 'Tu', 'end': '13:10', 'location': 'SC 280', 'start': '23:45'};{'day': 'Th', 'end': '13:10', 'location': 'SC 280', 'start': '23:45'};{'day': 'We', 'end': '13:45', 'location': 'SC 229', 'start': '22:45'}","False","B","3","C","20003","Research","2000"
"0000001041","1.0","0000000122","BIO","17","0","9","2","6","","Chial, Heidi","{'fsnum': '10050', 'name': 'Chial, Heidi'}","200","17","","","","","Intermediate Genetics","233","{'day': 'Tu', 'end': '13:10', 'location': 'SC 280', 'start': '23:45'};{'day': 'Th', 'end': '13:10', 'location': 'SC 280', 'start': '23:45'};{'day': 'We', 'end': '17:00', 'location': 'SC 229', 'start': '14:00'}","False","C","3","C","20003","Research","2000"
"0000001042","1.0","0000000124","BIO","12","0","3","0","9","","Bakko, Eugene","{'fsnum': '325', 'name': 'Bakko, Eugene'}","200","12","","","","","Vertebrate Biology","242","{'day': 'Tu', 'end': '16:20', 'location': 'SC 269', 'start': '13:20'};{'day': 'Tu', 'end': '09:25', 'location': 'SC 278', 'start': '08:00'};{'day': 'Th', 'end': '09:25', 'location': 'SC 278', 'start': '08:00'}","False","A","3","C","20003","Research","2000"
"0000001043","1.0","0000000124","BIO","14","0","8","0","6","","Bakko, Eugene","{'fsnum': '325', 'name': 'Bakko, Eugene'}","200","12","","","","","Vertebrate Biology","242","{'day': 'Th', 'end': '16:20', 'location': 'SC 269', 'start': '13:20'};{'day': 'Tu', 'end': '09:25', 'location': 'SC 278', 'start': '08:00'};{'day': 'Th', 'end': '09:25', 'location': 'SC 278', 'start': '08:00'}","False","B","3","C","20003","Research","2000"
"0000001044","1.0","0000000134","BIO","11","0","1","4","6","","Giannini, John","{'fsnum': '2593', 'name': 'Giannini, John'}","200","12","","","","","Plant Physiology","251","{'day': 'Mo', 'end': '15:55', 'location': 'SC 227', 'start': '12:55'};{'day': 'Mo', 'end': '11:40', 'location': 'SC 274', 'start': '10:45'};{'day': 'We', 'end': '11:40', 'location': 'SC 274', 'start': '10:45'};{'day': 'Fr', 'end': '11:40', 'location': 'SC 274', 'start': '10:45'}","False","A","3","O","20003","Research","2000"
"0000001045","1.0","0000000134","BIO","12","0","4","1","7","","Giannini, John","{'fsnum': '2593', 'name': 'Giannini, John'}","200","12","","","","","Plant Physiology","251","{'day': 'Mo', 'end': '11:40', 'location': 'SC 274', 'start': '10:45'};{'day': 'We', 'end': '11:40', 'location': 'SC 274', 'start': '10:45'};{'day': 'Fr', 'end': '11:40', 'location': 'SC 274', 'start': '10:45'};{'day': 'Tu', 'end': '16:20', 'location': 'SC 227', 'start': '13:20'}","False","B","3","C","20003","Research","2000"
"0000001046","1.0","0000000139","BIO","17","0","8","5","4","","Umbanhowar, Charles Jr.","{'fsnum': '8616', 'name': 'Umbanhowar, Charles Jr.'}","200","18","","","","","Ecological Principles","261","{'day': 'Mo', 'end': '08:55', 'location': 'SC 280', 'start': '08:00'};{'day': 'We', 'end': '08:55', 'location': 'SC 280', 'start': '08:00'};{'day': 'Fr', 'end': '08:55', 'location': 'SC 280', 'start': '08:00'};{'day': 'Tu', 'end': '10:30', 'location': 'SC 248', 'start': '08:00'}","False","A","3","O","20003","Research","2000"
"0000001047","1.0","0000000139","BIO","17","0","7","0","10","","Umbanhowar, Charles Jr.","{'fsnum': '8616', 'name': 'Umbanhowar, Charles Jr.'}","200","18","","","","","Ecological Principles","261","{'day': 'Mo', 'end': '08:55', 'location': 'SC 280', 'start': '08:00'};{'day': 'We', 'end': '08:55', 'location': 'SC 280', 'start': '08:00'};{'day': 'Fr', 'end': '08:55', 'location': 'SC 280', 'start': '08:00'};{'day': 'Tu', 'end': '15:50', 'location': 'SC 248', 'start': '13:20'}","False","B","3","C","20003","Research","2000"
"0000001048","1.0","0000000139","BIO","12","0","2","2","8","","Umbanhowar, Charles Jr.","{'fsnum': '8616', 'name': 'Umbanhowar, Charles Jr.'}","200","18","","","","","Ecological Principles","261","{'day': 'Mo', 'end': '08:55', 'location': 'SC 280', 'start': '08:00'};{'day': 'We', 'end': '08:55', 'location': 'SC 280', 'start': '08:00'};{'day': 'Fr', 'end': '08:55', 'location': 'SC 280', 'start': '08:00'};{'day': 'We', 'end': '16:30', 'location': 'SC 248', 'start': '14:00'}","False","C","3","O","20003","Research","2000"
"0000001049","1.0","0000000142","BIO","23","1","8","5","9","","Kermott, Louis Henry","{'fsnum': '4284', 'name': 'Kermott, Louis Henry'}","200","","","","","","Comp Vertebrate Anat","266","{'day': 'Mo', 'end': '08:55', 'location': 'SC 274', 'start': '08:00'};{'day': 'We', 'end': '08:55', 'location': 'SC 274', 'start': '08:00'};{'day': 'Fr', 'end': '08:55', 'location': 'SC 274', 'start': '08:00'};{'day': 'We', 'end': '15:55', 'location': 'SC 253', 'start': '12:55'}","False","A","3","O","20003","Research","2000"
"0000001050","1.0","0000000142","BIO","15","0","4","4","7","","Kermott, Louis Henry","{'fsnum': '4284', 'name': 'Kermott, Louis Henry'}","200","","","","","","Comp Vertebrate Anat","266","{'day': 'Mo', 'end': '08:55', 'location': 'SC 274', 'start': '08:00'};{'day': 'We', 'end': '08:55', 'location': 'SC 274', 'start': '08:00'};{'day': 'Fr', 'end': '08:55', 'location': 'SC 274', 'start': '08:00'};{'day': 'Th', 'end': '14:45', 'location': 'SC 253', 'start': '23:45'}","False","B","3","O","20003","Research","2000"
"0000001051","0.25","0000000152","BIO","10","0","2","0","8","","Walter, Anne","{'fsnum': '8876', 'name': 'Walter, Anne'}","200","","","","","","Rsch Top: Bio in India","291","","False","","3","O","20003","Topic","2000"
"0000001052","1.0","0000000153","BIO","1","0","0","1","0","","Bakko, Eugene","{'fsnum': '325', 'name': 'Bakko, Eugene'}","200","","","","","","Academic Internship","294","","True","","3","O","20003","Research","2000"
"0000001053","1.0","0000000153","BIO","1","0","0","0","1","","Kermott, Louis Henry","{'fsnum': '4284', 'name': 'Kermott, Louis Henry'}","200","","","","","","Academic Internship","294","","True","A","3","O","20003","Research","2000"
"0000001054","1.0","0000000154","BIO","1","0","0","0","1","","Kandl, Kim A.","{'fsnum': '13100', 'name': 'Kandl, Kim A.'}","200","","","","","","IS/Tuberculosis","298","","False","","3","O","20003","Research","2000"
"0000001055","1.0","0000000154","BIO","1","0","1","0","0","WRI","Kermott, Louis Henry","{'fsnum': '4284', 'name': 'Kermott, Louis Henry'}","200","","","","","","IS/Phys Asst Program","298","","False","A","3","O","20003","Research","2000"
"0000001056","1.0","0000000154","BIO","1","0","0","0","1","","Swift, Michael","{'fsnum': '8210', 'name': 'Swift, Michael'}","200","","","","","","IS/Diseases","298","","False","B","3","O","20003","Research","2000"
"0000001057","1.0","0000000154","BIO","1","0","0","0","1","","Kermott, Louis Henry","{'fsnum': '4284', 'name': 'Kermott, Louis Henry'}","200","","","","","","IS/Study of Diseases","298","","False","C","3","O","20003","Research","2000"
"0000001058","1.0","0000000154","BIO","1","0","0","0","1","","Bakko, Eugene","{'fsnum': '325', 'name': 'Bakko, Eugene'}","200","","","","","","IS/Environmental Educ","298","","False","D","3","O","20003","Research","2000"
"0000001059","1.0","0000000159","BIO","11","0","1","0","10","","Kandl, Kim A.","{'fsnum': '13100', 'name': 'Kandl, Kim A.'}","300","12","","","","","Molecular Biology","364","{'day': 'Th', 'end': '16:20', 'location': 'SC 229', 'start': '13:20'};{'day': 'Tu', 'end': '11:00', 'location': 'SC 274', 'start': '09:35'};{'day': 'Th', 'end': '11:00', 'location': 'SC 274', 'start': '09:35'}","False","A","3","O","20003","Research","2000"
"0000001060","1.0","0000000159","BIO","10","0","3","0","7","","Kandl, Kim A.","{'fsnum': '13100', 'name': 'Kandl, Kim A.'}","300","12","","","","","Molecular Biology","364","{'day': 'Fr', 'end': '17:00', 'location': 'SC 229', 'start': '14:00'};{'day': 'Tu', 'end': '11:00', 'location': 'SC 274', 'start': '09:35'};{'day': 'Th', 'end': '11:00', 'location': 'SC 274', 'start': '09:35'}","False","B","3","C","20003","Research","2000"
"0000001061","1.0","0000000164","BIO","6","0","1","0","5","WRI","Cole, Eric","{'fsnum': '1206', 'name': 'Cole, Eric'}","300","12","","","","","Developmental Biology","372","{'day': 'Tu', 'end': '13:10', 'location': 'SC 274', 'start': '23:45'};{'day': 'Th', 'end': '13:10', 'location': 'SC 274', 'start': '23:45'};{'day': 'We', 'end': '17:00', 'location': 'SC 273', 'start': '14:00'}","False","A","3","O","20003","Research","2000"
"0000001062","1.0","0000000164","BIO","4","0","1","0","3","WRI","Cole, Eric","{'fsnum': '1206', 'name': 'Cole, Eric'}","300","12","","","","","Developmental Biology","372","{'day': 'Th', 'end': '16:20', 'location': 'SC 273', 'start': '13:20'};{'day': 'Tu', 'end': '13:10', 'location': 'SC 274', 'start': '23:45'};{'day': 'Th', 'end': '13:10', 'location': 'SC 274', 'start': '23:45'}","False","B","3","O","20003","Research","2000"
"0000001063","1.0","0000000170","BIO","22","0","9","0","13","ORC","Walter, Anne","{'fsnum': '8876', 'name': 'Walter, Anne'}","300","24","","","","","Neuroscience Seminar","385","{'day': 'Mo', 'end': '15:00', 'location': 'SC 278', 'start': '13:00'};{'day': 'We', 'end': '15:00', 'location': 'SC 278', 'start': '13:00'}","False","","3","O","20003","Research","2000"
"0000001064","1.0","0000000175","BIO","1","0","0","1","0","","Umbanhowar, Charles Jr.","{'fsnum': '8616', 'name': 'Umbanhowar, Charles Jr.'}","300","","","","","","IR/Gis Fire Modeling","398","","False","","3","O","20003","Research","2000"
"0000001065","1.0","0000000175","BIO","1","0","0","0","1","","Kermott, Louis Henry","{'fsnum': '4284', 'name': 'Kermott, Louis Henry'}","300","","","","","","IR/Behavioral Ecology","398","","False","A","3","O","20003","Research","2000"
"0000001066","1.0","0000000175","BIO","1","0","1","0","0","","Kermott, Louis Henry","{'fsnum': '4284', 'name': 'Kermott, Louis Henry'}","300","","","","","","IR/Wren Research","398","","False","B","3","O","20003","Research","2000"
"0000001067","1.0","0000000175","BIO","1","0","0","0","1","","Giannini, John","{'fsnum': '2593', 'name': 'Giannini, John'}","300","","","","","","IR/Salt Stress","398","","False","C","3","O","20003","Research","2000"
"0000001068","1.0","0000000175","BIO","1","0","0","0","1","","Swift, Michael","{'fsnum': '8210', 'name': 'Swift, Michael'}","300","","","","","","IR/Mussels & Ageing","398","","False","D","3","O","20003","Research","2000"
"0000001069","1.0","0000000175","BIO","1","0","0","0","1","","Johnson, Theodore","{'fsnum': '4110', 'name': 'Johnson, Theodore'}","300","","","","","","IR/Microbial Research","398","","False","E","3","O","20003","Research","2000"
"0000001070","1.0","0000000175","BIO","1","0","1","0","0","WRI","Johnson, Theodore","{'fsnum': '4110', 'name': 'Johnson, Theodore'}","300","","","","","","IR/Env Microbiology","398","","False","F","3","O","20003","Research","2000"
"0000001071","1.0","0000000175","BIO","1","0","0","0","1","","Umbanhowar, Charles Jr.","{'fsnum': '8616', 'name': 'Umbanhowar, Charles Jr.'}","300","","","","","","IR/Paleoecology","398","","False","G","3","O","20003","Research","2000"
"0000001072","1.0","0000000175","BIO","1","0","0","1","0","","Umbanhowar, Charles Jr.","{'fsnum': '8616', 'name': 'Umbanhowar, Charles Jr.'}","300","","","","","","IR/Spatial Modeling","398","","False","H","3","O","20003","Research","2000"
"0000001075","1.0","0000000182","CHEM","27","17","3","5","2","NSC;NSL","Abdella, Beth","{'fsnum': '25', 'name': 'Abdella, Beth'}","100","24","","","","","Fundamentls of Chem","111","{'day': 'Tu', 'end': '11:00', 'location': 'SC 378', 'start': '09:35'};{'day': 'Th', 'end': '11:00', 'location': 'SC 378', 'start': '09:35'}","False","","3","C","20003","Research","2000"
"0000001076","","0000000183","CHEM","0","0","0","0","0","","Abdella, Beth","{'fsnum': '25', 'name': 'Abdella, Beth'}","100","24","","","","","Fundamentls Chem/Lab","111","{'day': 'Th', 'end': '14:45', 'location': 'SC 371', 'start': '23:45'}","False","A","3","C","20003","Lab","2000"
"0000001077","1.0","0000000194","CHEM","35","26","1","4","4","NSC;NSL","Green, Susan","{'fsnum': '2722', 'name': 'Green, Susan'}","100","","","","","","Chemical Reactions","126","{'day': 'Mo', 'end': '08:55', 'location': 'SC 378', 'start': '08:00'};{'day': 'We', 'end': '08:55', 'location': 'SC 378', 'start': '08:00'};{'day': 'Fr', 'end': '08:55', 'location': 'SC 378', 'start': '08:00'}","False","A","3","O","20003","Research","2000"
"0000001079","1.0","0000000194","CHEM","41","15","2","21","3","NSC;NSL","Green, Susan","{'fsnum': '2722', 'name': 'Green, Susan'}","100","42","","","","","Chemical Reactions","126","{'day': 'Mo', 'end': '10:00', 'location': 'SC 378', 'start': '09:05'};{'day': 'We', 'end': '10:00', 'location': 'SC 378', 'start': '09:05'};{'day': 'Fr', 'end': '10:00', 'location': 'SC 378', 'start': '09:05'}","False","B","3","C","20003","Research","2000"
"0000001081","1.0","0000000194","CHEM","50","35","2","10","3","NSC;NSL","Fischer, Paul","{'fsnum': '2121', 'name': 'Fischer, Paul'}","100","42","","","","","Chemical Reactions","126","{'day': 'Mo', 'end': '11:40', 'location': 'SC 378', 'start': '10:45'};{'day': 'We', 'end': '11:40', 'location': 'SC 378', 'start': '10:45'};{'day': 'Fr', 'end': '11:40', 'location': 'SC 378', 'start': '10:45'}","False","C","3","C","20003","Research","2000"
"0000001083","1.0","0000000194","CHEM","41","28","1","9","3","NSC;NSL","Hanson, Robert","{'fsnum': '3090', 'name': 'Hanson, Robert'}","100","42","","","","","Chemical Reactions","126","{'day': 'Mo', 'end': '12:45', 'location': 'SC 378', 'start': '23:50'};{'day': 'We', 'end': '12:45', 'location': 'SC 378', 'start': '23:50'};{'day': 'Fr', 'end': '12:45', 'location': 'SC 378', 'start': '23:50'}","False","D","3","C","20003","Research","2000"
"0000001078","","0000000195","CHEM","0","0","0","0","0","","Staff","{'fsnum': '', 'name': 'Staff'}","100","20","","","","","Chem Reactions/Lab","126","{'day': 'Mo', 'end': '17:00', 'location': 'SC 374/363', 'start': '14:00'}","False","A","3","C","20003","Lab","2000"
"0000001080","","0000000195","CHEM","0","0","0","0","0","","Staff","{'fsnum': '', 'name': 'Staff'}","100","20","","","","","Chem Reactions/Lab","126","{'day': 'Tu', 'end': '11:00', 'location': 'SC 374/363', 'start': '08:00'}","False","B","3","C","20003","Lab","2000"
"0000001082","","0000000195","CHEM","0","0","0","0","0","","Staff","{'fsnum': '', 'name': 'Staff'}","100","20","","","","","Chem Reactions/Lab","126","{'day': 'Tu', 'end': '14:45', 'location': 'SC 374/363', 'start': '23:45'}","False","C","3","C","20003","Lab","2000"
"0000001084","","0000000195","CHEM","0","0","0","0","0","","Staff","{'fsnum': '', 'name': 'Staff'}","100","20","","","","","Chem Reactions/Lab","126","{'day': 'Tu', 'end': '18:00', 'location': 'SC 374/363', 'start': '15:00'}","False","D","3","C","20003","Lab","2000"
"0000001085","","0000000195","CHEM","0","0","0","0","0","","Staff","{'fsnum': '', 'name': 'Staff'}","100","20","","","","","Chem Reactions/Lab","126","{'day': 'We', 'end': '17:00', 'location': 'SC 374/363', 'start': '14:00'}","False","E","3","C","20003","Lab","2000"
"0000001086","","0000000195","CHEM","0","0","0","0","0","","Staff","{'fsnum': '', 'name': 'Staff'}","100","20","","","","","Chem Reactions/Lab","126","{'day': 'Th', 'end': '11:00', 'location': 'SC 374/363', 'start': '08:00'}","False","F","3","C","20003","Lab","2000"
"0000001087","","0000000195","CHEM","0","0","0","0","0","","Staff","{'fsnum': '', 'name': 'Staff'}","100","20","","","","","Chem Reactions/Lab","126","{'day': 'Th', 'end': '14:45', 'location': 'SC 374/363', 'start': '23:45'}","False","G","3","C","20003","Lab","2000"
"0000001088","","0000000195","CHEM","0","0","0","0","0","","Staff","{'fsnum': '', 'name': 'Staff'}","100","20","","","","","Chem Reactions/Lab","126","{'day': 'Th', 'end': '18:00', 'location': 'SC 374/363', 'start': '15:00'}","False","H","3","C","20003","Lab","2000"
"0000001089","1.0","0000000197","CHEM","51","0","10","39","2","","Pearson, Wesley","{'fsnum': '6161', 'name': 'Pearson, Wesley'}","200","","","","","","Organic Chemistry","248","{'day': 'Mo', 'end': '08:55', 'location': 'SC 282', 'start': '08:00'};{'day': 'We', 'end': '08:55', 'location': 'SC 282', 'start': '08:00'};{'day': 'Fr', 'end': '08:55', 'location': 'SC 282', 'start': '08:00'}","False","A","3","O","20003","Research","2000"
"0000001090","1.0","0000000197","CHEM","37","1","7","28","1","","Spessard, Gary O.","{'fsnum': '7851', 'name': 'Spessard, Gary O.'}","200","","","","","","Organic Chemistry","248","{'day': 'Mo', 'end': '10:00', 'location': 'SC 282', 'start': '09:05'};{'day': 'We', 'end': '10:00', 'location': 'SC 282', 'start': '09:05'};{'day': 'Fr', 'end': '10:00', 'location': 'SC 282', 'start': '09:05'}","False","B","3","O","20003","Research","2000"
"0000001091","0.25","0000000200","CHEM","20","0","1","18","1","","Spessard, Gary O.","{'fsnum': '7851', 'name': 'Spessard, Gary O.'}","200","24","","","","","Synthesis Lab","254","{'day': 'Mo', 'end': '17:00', 'location': 'SC 378/311', 'start': '14:00'}","True","A","3","O","20003","Lab","2000"
"0000001092","0.25","0000000200","CHEM","22","1","3","17","1","","Pearson, Wesley","{'fsnum': '6161', 'name': 'Pearson, Wesley'}","200","24","","","","","Synthesis Lab","254","{'day': 'Tu', 'end': '11:00', 'location': 'SC 378/311', 'start': '08:00'}","True","B","3","C","20003","Lab","2000"
"0000001093","0.25","0000000200","CHEM","23","0","6","16","1","","Spessard, Gary O.","{'fsnum': '7851', 'name': 'Spessard, Gary O.'}","200","24","","","","","Synthesis Lab","254","{'day': 'Tu', 'end': '16:20', 'location': 'SC 378/311', 'start': '13:20'}","True","C","3","C","20003","Lab","2000"
"0000001094","0.25","0000000200","CHEM","9","0","3","5","1","","Spessard, Gary O.","{'fsnum': '7851', 'name': 'Spessard, Gary O.'}","200","24","","","","","Synthesis Lab","254","{'day': 'We', 'end': '17:00', 'location': 'SC 378/311', 'start': '14:00'}","True","D","3","O","20003","Lab","2000"
"0000001095","0.25","0000000200","CHEM","16","0","4","12","0","","Pearson, Wesley","{'fsnum': '6161', 'name': 'Pearson, Wesley'}","200","24","","","","","Synthesis Lab","254","{'day': 'Th', 'end': '11:00', 'location': 'SC 378/311', 'start': '08:00'}","True","E","3","O","20003","Lab","2000"
"0000001096","1.0","0000000201","CHEM","17","0","8","1","8","","Jackson, Paul T.","{'fsnum': '3644', 'name': 'Jackson, Paul T.'}","200","32","","","","","Analytical Chem","255","{'day': 'Tu', 'end': '11:00', 'location': 'SC 282', 'start': '09:35'};{'day': 'Th', 'end': '11:00', 'location': 'SC 282', 'start': '09:35'}","False","","3","O","20003","Research","2000"
"0000001097","0.25","0000000202","CHEM","16","0","8","1","7","","Jackson, Paul T.","{'fsnum': '3644', 'name': 'Jackson, Paul T.'}","200","16","","","","","Analytical Lab","256","{'day': 'Tu', 'end': '17:20', 'location': 'SC 321', 'start': '13:20'}","True","A","3","C","20003","Lab","2000"
"0000001098","0.25","0000001554","CHEM","10","0","3","0","7","","Jackson, Paul T.","{'fsnum': '3644', 'name': 'Jackson, Paul T.'}","200","16","","","","","Physical Lab","257","{'day': 'Tu', 'end': '17:20', 'location': 'SC 329', 'start': '13:20'}","True","A","3","O","20003","Lab","2000"
"0000001099","0.25","0000001554","CHEM","5","0","3","0","2","","Jackson, Paul T.","{'fsnum': '3644', 'name': 'Jackson, Paul T.'}","200","16","","","","","Physical Lab","257","{'day': 'We', 'end': '17:00', 'location': 'SC 329', 'start': '12:55'}","True","B","3","O","20003","Lab","2000"
"0000001100","1.0","0000000205","CHEM","1","0","0","0","1","","Hanson, Robert","{'fsnum': '3090', 'name': 'Hanson, Robert'}","200","","","","","","IS/Synthesis/Web Des","298","","False","","3","O","20003","Research","2000"
"0000001101","1.0","0000000207","CHEM","15","0","6","0","9","","Walczak, Mary","{'fsnum': '8868', 'name': 'Walczak, Mary'}","300","","","","","","Physical Chemistry","371","{'day': 'Mo', 'end': '11:40', 'location': 'SC 374', 'start': '10:45'};{'day': 'We', 'end': '11:40', 'location': 'SC 374', 'start': '10:45'};{'day': 'Fr', 'end': '11:40', 'location': 'SC 374', 'start': '10:45'}","False","","3","O","20003","Research","2000"
"0000001102","0.25","0000000209","CHEM","9","0","6","2","1","","Dahlseid, Jeffrey","{'fsnum': '1390', 'name': 'Dahlseid, Jeffrey'}","300","12","","","","","Experimental Biochem","373","{'day': 'Tu', 'end': '17:20', 'location': 'SC 344', 'start': '13:20'}","True","A","3","O","20003","Lab","2000"
"0000001103","0.25","0000000209","CHEM","3","0","1","0","2","","Dahlseid, Jeffrey","{'fsnum': '1390', 'name': 'Dahlseid, Jeffrey'}","300","12","","","","","Experimental Biochem","373","{'day': 'We', 'end': '17:00', 'location': 'SC 344', 'start': '12:55'}","True","B","3","O","20003","Lab","2000"
"0000001104","0.25","0000000210","CHEM","10","0","5","0","5","","Fischer, Paul","{'fsnum': '2121', 'name': 'Fischer, Paul'}","300","","","","","","Adv Synthesis Lab","374","{'day': 'Th', 'end': '17:20', 'location': 'SC 340', 'start': '13:20'}","True","","3","O","20003","Lab","2000"
"0000001105","0.25","0000000211","CHEM","2","0","1","0","1","","Miessler, Gary;Fischer, Paul","{'fsnum': '5287', 'name': 'Miessler, Gary'};{'fsnum': '2121', 'name': 'Fischer, Paul'}","300","","","","","","Advanced Lab","375","","True","","3","O","20003","Lab","2000"
"0000001106","1.0","0000000214","CHEM","36","0","15","3","18","","Dahlseid, Jeffrey","{'fsnum': '1390', 'name': 'Dahlseid, Jeffrey'}","300","35","","","","","Biochemistry I","379","{'day': 'Mo', 'end': '12:45', 'location': 'SC 274', 'start': '23:50'};{'day': 'We', 'end': '12:45', 'location': 'SC 274', 'start': '23:50'};{'day': 'Fr', 'end': '12:45', 'location': 'SC 274', 'start': '23:50'}","False","","3","C","20003","Research","2000"
"0000001107","1.0","0000000218","CHEM","7","0","3","0","4","","Abdella, Beth","{'fsnum': '25', 'name': 'Abdella, Beth'}","300","","","","","","Biochemistry II","385","{'day': 'Mo', 'end': '10:00', 'location': 'SC 374', 'start': '09:05'};{'day': 'We', 'end': '10:00', 'location': 'SC 374', 'start': '09:05'};{'day': 'Fr', 'end': '10:00', 'location': 'SC 374', 'start': '09:05'}","False","","3","O","20003","Research","2000"
"0000001108","1.0","0000000219","CHEM","9","0","4","0","5","","Miessler, Gary","{'fsnum': '5287', 'name': 'Miessler, Gary'}","300","","","","","","Adv Inorganic Chem","386","{'day': 'Mo', 'end': '12:45', 'location': 'SC 374', 'start': '23:50'};{'day': 'We', 'end': '12:45', 'location': 'SC 374', 'start': '23:50'};{'day': 'Fr', 'end': '12:45', 'location': 'SC 374', 'start': '23:50'}","False","","3","O","20003","Research","2000"
"0000001109","1.0","0000000220","CHEM","5","0","3","0","2","","Spessard, Gary O.","{'fsnum': '7851', 'name': 'Spessard, Gary O.'}","300","","","","","","Adv Organic Chemistry","388","{'day': 'Tu', 'end': '09:25', 'location': 'SC 310', 'start': '08:00'};{'day': 'Th', 'end': '09:25', 'location': 'SC 310', 'start': '08:00'}","False","","3","O","20003","Research","2000"
"0000001110","1.0","0000000223","CHEM","1","0","0","0","1","","Green, Susan","{'fsnum': '2722', 'name': 'Green, Susan'}","300","","","","","","IR/Franck-Condon Thry","398","","False","","3","O","20003","Research","2000"
"0000001114","1.0","0000000239","CHIN","1","1","0","0","0","","Bodman, Richard","{'fsnum': '656', 'name': 'Bodman, Richard'}","100","","","","","","Beginning Chinese II","112","{'day': 'Mo', 'end': '10:00', 'location': 'M 1', 'start': '09:05'};{'day': 'We', 'end': '10:00', 'location': 'M 1', 'start': '09:05'};{'day': 'Fr', 'end': '10:00', 'location': 'M 1', 'start': '09:05'};{'day': 'Tu', 'end': '09:25', 'location': 'M 1', 'start': '08:00'}","False","A","3","O","20003","Research","2000"
"0000001115","1.0","0000000239","CHIN","9","8","0","0","1","","Bodman, Richard","{'fsnum': '656', 'name': 'Bodman, Richard'}","100","","","","","","Beginning Chinese II","112","{'day': 'Mo', 'end': '12:45', 'location': 'M 2', 'start': '23:50'};{'day': 'We', 'end': '12:45', 'location': 'M 2', 'start': '23:50'};{'day': 'Fr', 'end': '12:45', 'location': 'M 2', 'start': '23:50'};{'day': 'Tu', 'end': '11:00', 'location': 'M 1', 'start': '09:35'}","False","B","3","O","20003","Research","2000"
"0000001116","1.0","0000000239","CHIN","8","8","0","0","0","","Bodman, Richard","{'fsnum': '656', 'name': 'Bodman, Richard'}","100","","","","","","Beginning Chinese II","112","{'day': 'Mo', 'end': '10:00', 'location': 'M 1', 'start': '09:05'};{'day': 'We', 'end': '10:00', 'location': 'M 1', 'start': '09:05'};{'day': 'Fr', 'end': '10:00', 'location': 'M 1', 'start': '09:05'};{'day': 'Tu', 'end': '11:00', 'location': 'M 1', 'start': '09:35'}","False","C","3","O","20003","Research","2000"
"0000001117","1.0","0000000239","CHIN","2","1","0","1","0","","Bodman, Richard","{'fsnum': '656', 'name': 'Bodman, Richard'}","100","","","","","","Beginning Chinese II","112","{'day': 'Mo', 'end': '12:45', 'location': 'M 2', 'start': '23:50'};{'day': 'We', 'end': '12:45', 'location': 'M 2', 'start': '23:50'};{'day': 'Fr', 'end': '12:45', 'location': 'M 2', 'start': '23:50'};{'day': 'Tu', 'end': '09:25', 'location': 'M 1', 'start': '08:00'}","False","D","3","O","20003","Research","2000"
"0000001118","1.0","0000000243","CHIN","10","0","0","9","1","FOL-C","Wan, Pin Pin","{'fsnum': '8890', 'name': 'Wan, Pin Pin'}","200","","","","","","Intermed Chinese II","232","{'day': 'Mo', 'end': '11:40', 'location': 'M 2', 'start': '10:45'};{'day': 'We', 'end': '11:40', 'location': 'M 2', 'start': '10:45'};{'day': 'Fr', 'end': '11:40', 'location': 'M 2', 'start': '10:45'};{'day': 'Tu', 'end': '11:00', 'location': 'M 3', 'start': '10:05'};{'day': 'Th', 'end': '11:00', 'location': 'M 3', 'start': '10:05'}","False","","3","O","20003","Research","2000"
"0000001119","1.0","0000000247","CHIN","5","0","4","0","1","FOL-C","Wan, Pin Pin","{'fsnum': '8890', 'name': 'Wan, Pin Pin'}","200","","","","","","Chinese Drama & Film","256","{'day': 'Mo', 'end': '10:00', 'location': 'M 36', 'start': '09:05'};{'day': 'We', 'end': '10:00', 'location': 'M 36', 'start': '09:05'};{'day': 'Fr', 'end': '10:00', 'location': 'M 36', 'start': '09:05'}","False","","3","O","20003","Research","2000"
"0000001111","1.0","0000000231","CLASS","31","6","11","6","8","ALS-L;HWC","Gregory, Jon","{'fsnum': '13150', 'name': 'Gregory, Jon'}","200","40","","","","","Golden Age of Rome-Tr","244","{'day': 'Tu', 'end': '13:10', 'location': 'M 31', 'start': '23:45'};{'day': 'Th', 'end': '13:10', 'location': 'M 31', 'start': '23:45'}","False","","3","C","20003","Research","2000"
"0000001112","1.0","0000000236","CLASS","1","0","0","0","1","","Gregory, Jon","{'fsnum': '13150', 'name': 'Gregory, Jon'}","300","","","","","","IR/Ancient Libraries","398","","False","","3","O","20003","Research","2000"
"0000001113","1.0","0000000236","CLASS","1","0","0","0","1","","Compton-Engle, Gwendolyn","{'fsnum': '1216', 'name': 'Compton-Engle, Gwendolyn'}","300","","","","","","IR/Advanced Mythology","398","","False","A","3","O","20003","Research","2000"
"0000001142","1.0","0000001612","CSCI","16","6","4","4","2","","Gloor, Philip","{'fsnum': '2653', 'name': 'Gloor, Philip'}","100","","","","","","Principles Comp Sci","172","{'day': 'Mo', 'end': '08:55', 'location': 'SC 184', 'start': '08:00'};{'day': 'We', 'end': '08:55', 'location': 'SC 184', 'start': '08:00'};{'day': 'Fr', 'end': '08:55', 'location': 'SC 184', 'start': '08:00'}","False","A","3","O","20003","Research","2000"
"0000001143","1.0","0000001612","CSCI","16","11","1","3","1","","Allen, Richard","{'fsnum': '97', 'name': 'Allen, Richard'}","100","","","","","","Principles Comp Sci","172","{'day': 'Mo', 'end': '10:00', 'location': 'SC 188', 'start': '09:05'};{'day': 'We', 'end': '10:00', 'location': 'SC 188', 'start': '09:05'};{'day': 'Fr', 'end': '10:00', 'location': 'SC 188', 'start': '09:05'}","False","B","3","O","20003","Research","2000"
"0000001144","1.0","0000001615","CSCI","7","2","1","3","1","","Brown, Richard","{'fsnum': '806', 'name': 'Brown, Richard'}","200","18","","","","","Software Design & Impl","272","{'day': 'Mo', 'end': '12:45', 'location': 'SC 184', 'start': '23:50'};{'day': 'We', 'end': '12:45', 'location': 'SC 184', 'start': '23:50'};{'day': 'Fr', 'end': '12:45', 'location': 'SC 184', 'start': '23:50'};{'day': 'We', 'end': '16:00', 'location': 'OMH 300', 'start': '14:00'}","False","A","3","O","20003","Research","2000"
"0000001145","1.0","0000001615","CSCI","4","0","2","1","1","","Brown, Richard","{'fsnum': '806', 'name': 'Brown, Richard'}","200","18","","","","","Software Design & Impl","272","{'day': 'Mo', 'end': '12:45', 'location': 'SC 184', 'start': '23:50'};{'day': 'We', 'end': '12:45', 'location': 'SC 184', 'start': '23:50'};{'day': 'Fr', 'end': '12:45', 'location': 'SC 184', 'start': '23:50'};{'day': 'Tu', 'end': '11:00', 'location': 'OHM 300', 'start': '09:00'}","False","B","3","O","20003","Research","2000"
"0000001146","1.0","0000001615","CSCI","10","0","0","6","4","","Brown, Richard","{'fsnum': '806', 'name': 'Brown, Richard'}","200","18","","","","","Software Design & Impl","272","{'day': 'Mo', 'end': '12:45', 'location': 'SC 184', 'start': '23:50'};{'day': 'We', 'end': '12:45', 'location': 'SC 184', 'start': '23:50'};{'day': 'Fr', 'end': '12:45', 'location': 'SC 184', 'start': '23:50'};{'day': 'Th', 'end': '15:30', 'location': 'OMH 300', 'start': '13:30'}","False","C","3","O","20003","Research","2000"
"0000001147","1.0","0000000297","CSCI","15","0","7","0","8","","Allen, Richard","{'fsnum': '97', 'name': 'Allen, Richard'}","300","","","","","","Programming Languages","376","{'day': 'Tu', 'end': '09:25', 'location': 'SC 188', 'start': '08:00'};{'day': 'Th', 'end': '09:25', 'location': 'SC 188', 'start': '08:00'}","False","","3","O","20003","Research","2000"
"0000001148","1.0","0000000307","CSCI","4","0","1","0","3","","Brown, Richard","{'fsnum': '806', 'name': 'Brown, Richard'}","300","","","","","","IR/Interface Design","398","","False","","3","O","20003","Research","2000"
"0000001149","1.0","0000000307","CSCI","2","0","0","0","2","","McKelvey, Steven","{'fsnum': '5214', 'name': 'McKelvey, Steven'}","300","","","","","","IR/Application Design","398","","False","A","3","O","20003","Research","2000"
"0000001150","1.0","0000000307","CSCI","2","0","0","0","2","","McKelvey, Steven","{'fsnum': '5214', 'name': 'McKelvey, Steven'}","300","","","","","","IR/Network Security","398","","False","B","3","O","20003","Research","2000"
"0000001151","1.0","0000000307","CSCI","0","0","0","0","0","","Brown, Richard","{'fsnum': '806', 'name': 'Brown, Richard'}","300","","","","","","IR/Human Factors/C.S.","398","","False","C","3","O","20003","Research","2000"
"0000001152","1.0","0000000307","CSCI","1","0","0","0","1","","Brown, Richard","{'fsnum': '806', 'name': 'Brown, Richard'}","300","","","","","","IR/Proj: Web Mgmt Sys","398","","False","D","3","O","20003","Research","2000"
"0000001182","0.5","0000001639","DNCTE","22","0","4","4","14","PHA","Saterstrom, Sheryl","{'fsnum': '7059', 'name': 'Saterstrom, Sheryl'}","100","12","","","","","The Body Movable","101","{'day': 'Mo', 'end': '10:00', 'location': 'YTT Conf Rm', 'start': '09:05'};{'day': 'We', 'end': '10:00', 'location': 'YTT Conf Rm', 'start': '09:05'};{'day': 'Fr', 'end': '10:00', 'location': 'YTT Conf Rm', 'start': '09:05'}","False","","3","C","20003","Research","2000"
"0000001183","0.25","0000000347","DNCTE","20","5","5","2","8","ALS-A;PHA","von Bibra, Anne","{'fsnum': '8817', 'name': 'von Bibra, Anne'}","100","20","","","","","Ballroom I (Men)","106","{'day': 'Mo', 'end': '13:50', 'location': 'SAC', 'start': '12:55'};{'day': 'We', 'end': '13:50', 'location': 'SAC', 'start': '12:55'}","True","A","3","C","20003","Research","2000"
"0000001184","0.25","0000000347","DNCTE","24","1","6","3","14","ALS-A;PHA","von Bibra, Anne","{'fsnum': '8817', 'name': 'von Bibra, Anne'}","100","12","","","","","Ballroom I (Women)","106","{'day': 'Mo', 'end': '13:50', 'location': 'SAC', 'start': '12:55'};{'day': 'We', 'end': '13:50', 'location': 'SAC', 'start': '12:55'}","True","B","3","C","20003","Research","2000"
"0000001185","0.25","0000000347","DNCTE","21","5","7","3","6","ALS-A;PHA","von Bibra, Anne","{'fsnum': '8817', 'name': 'von Bibra, Anne'}","100","20","","","","","Ballroom I (Men)","106","{'day': 'Tu', 'end': '14:55', 'location': 'SAC', 'start': '14:00'};{'day': 'Th', 'end': '14:55', 'location': 'SAC', 'start': '14:00'}","True","C","3","C","20003","Research","2000"
"0000001186","0.25","0000000347","DNCTE","22","3","6","3","10","ALS-A;PHA","von Bibra, Anne","{'fsnum': '8817', 'name': 'von Bibra, Anne'}","100","12","","","","","Ballroom I (Women)","106","{'day': 'Tu', 'end': '14:55', 'location': 'SAC', 'start': '14:00'};{'day': 'Th', 'end': '14:55', 'location': 'SAC', 'start': '14:00'}","True","D","3","C","20003","Research","2000"
"0000001187","0.25","0000000349","DNCTE","15","5","4","3","3","ALS-A;PHA","von Bibra, Anne","{'fsnum': '8817', 'name': 'von Bibra, Anne'}","100","15","","","","","Int'l Dance I","109","{'day': 'Tu', 'end': '12:45', 'location': 'YTT Conf Rm', 'start': '23:50'};{'day': 'Th', 'end': '12:45', 'location': 'YTT Conf Rm', 'start': '23:50'}","True","","3","C","20003","Research","2000"
"0000001188","0.25","0000000351","DNCTE","14","2","5","3","4","ALS-A;PHA","Saterstrom, Sheryl","{'fsnum': '7059', 'name': 'Saterstrom, Sheryl'}","100","16","","","","","Modern Dance I (.25)","111","{'day': 'Mo', 'end': '12:45', 'location': 'YTT Conf Rm', 'start': '23:50'};{'day': 'We', 'end': '12:45', 'location': 'YTT Conf Rm', 'start': '23:50'}","True","A","3","C","20003","Research","2000"
"0000001189","0.25","0000000351","DNCTE","20","5","2","7","6","ALS-A;PHA","Roberts, Anthony","{'fsnum': '6691', 'name': 'Roberts, Anthony'}","100","16","","","","","Modern Dance I (.25)","111","{'day': 'Mo', 'end': '13:50', 'location': 'CHM 140', 'start': '12:55'};{'day': 'We', 'end': '13:50', 'location': 'CHM 140', 'start': '12:55'}","True","B","3","C","20003","Research","2000"
"0000001190","0.25","0000000351","DNCTE","17","1","7","2","7","ALS-A;PHA","Saterstrom, Sheryl","{'fsnum': '7059', 'name': 'Saterstrom, Sheryl'}","100","16","","","","","Modern Dance I (.25)","111","{'day': 'Tu', 'end': '11:00', 'location': 'YTT Conf Rm', 'start': '10:05'};{'day': 'Th', 'end': '11:00', 'location': 'YTT Conf Rm', 'start': '10:05'}","True","C","3","C","20003","Research","2000"
"0000001191","0.5","0000000352","DNCTE","15","1","5","5","4","ALS-A;PHA","Nelson, Judith","{'fsnum': '10534', 'name': 'Nelson, Judith'}","100","18","","","","","Movement/Perf Artist","115","{'day': 'Mo', 'end': '10:00', 'location': 'CHM 140', 'start': '09:05'};{'day': 'We', 'end': '10:00', 'location': 'CHM 140', 'start': '09:05'};{'day': 'Fr', 'end': '10:00', 'location': 'CHM 140', 'start': '09:05'}","False","","3","O","20003","Research","2000"
"0000001192","0.25","0000000353","DNCTE","21","3","8","4","6","ALS-A;PHA","Klopchin, Heather J.","{'fsnum': '10044', 'name': 'Klopchin, Heather J.'}","100","16","","","","","Ballet I","121","{'day': 'Mo', 'end': '14:55', 'location': 'CT RHT', 'start': '14:00'};{'day': 'We', 'end': '14:55', 'location': 'CT RHT', 'start': '14:00'}","True","A","3","C","20003","Research","2000"
"0000001193","0.25","0000000353","DNCTE","25","4","6","6","9","ALS-A;PHA","Klopchin, Heather J.","{'fsnum': '10044', 'name': 'Klopchin, Heather J.'}","100","16","","","","","Ballet I","121","{'day': 'Tu', 'end': '11:00', 'location': 'CT RHT', 'start': '10:05'};{'day': 'Th', 'end': '11:00', 'location': 'CT RHT', 'start': '10:05'}","True","B","3","C","20003","Research","2000"
"0000001194","0.25","0000000355","DNCTE","13","1","6","1","5","ALS-A;PHA","Wagner, Ann (wagner)","{'fsnum': '860', 'name': 'Wagner, Ann (wagner)'}","200","20","","","","","Ballroom II (Men)","206","{'day': 'Mo', 'end': '14:55', 'location': 'SAC', 'start': '14:00'};{'day': 'We', 'end': '14:55', 'location': 'SAC', 'start': '14:00'}","True","A","3","O","20003","Research","2000"
"0000001195","0.25","0000000355","DNCTE","16","0","2","0","14","ALS-A;PHA","Wagner, Ann (wagner)","{'fsnum': '860', 'name': 'Wagner, Ann (wagner)'}","200","12","","","","","Ballroom II (Women)","206","{'day': 'Mo', 'end': '14:55', 'location': 'SAC', 'start': '14:00'};{'day': 'We', 'end': '14:55', 'location': 'SAC', 'start': '14:00'}","True","B","3","C","20003","Research","2000"
"0000001196","0.5","0000000357","DNCTE","2","1","0","1","0","ALS-A;PHA","Saterstrom, Sheryl","{'fsnum': '7059', 'name': 'Saterstrom, Sheryl'}","200","4","","","","","Modern Dance II","210","{'day': 'Mo', 'end': '15:30', 'location': 'YTT Conf Rm', 'start': '14:00'};{'day': 'We', 'end': '15:30', 'location': 'YTT Conf Rm', 'start': '14:00'}","False","A","3","O","20003","Research","2000"
"0000001197","0.5","0000000357","DNCTE","2","1","0","0","1","ALS-A;PHA","Roberts, Anthony","{'fsnum': '6691', 'name': 'Roberts, Anthony'}","200","4","","","","","Modern Dance II","210","{'day': 'Tu', 'end': '13:10', 'location': 'CHM 140', 'start': '23:45'};{'day': 'Th', 'end': '13:10', 'location': 'CHM 140', 'start': '23:45'}","False","B","3","C","20003","Research","2000"
"0000001198","0.25","0000000358","DNCTE","11","4","3","2","2","ALS-A;PHA","Saterstrom, Sheryl","{'fsnum': '7059', 'name': 'Saterstrom, Sheryl'}","200","12","","","","","Modern Dance II","211","{'day': 'Mo', 'end': '15:30', 'location': 'YTT Conf Rm', 'start': '14:00'};{'day': 'We', 'end': '15:30', 'location': 'YTT Conf Rm', 'start': '14:00'}","False","A","3","O","20003","Research","2000"
"0000001199","0.25","0000000358","DNCTE","16","4","3","6","3","ALS-A;PHA","Roberts, Anthony","{'fsnum': '6691', 'name': 'Roberts, Anthony'}","200","12","","","","","Modern Dance II","211","{'day': 'Tu', 'end': '13:10', 'location': 'CHM 140', 'start': '23:45'};{'day': 'Th', 'end': '13:10', 'location': 'CHM 140', 'start': '23:45'}","False","B","3","C","20003","Research","2000"
"0000001200","0.5","0000000359","DNCTE","4","4","0","0","0","ALS-A;PHA","Klopchin, Heather J.","{'fsnum': '10044', 'name': 'Klopchin, Heather J.'}","200","4","","","","","Ballet II","220","{'day': 'Tu', 'end': '14:45', 'location': 'CT RHT', 'start': '13:20'};{'day': 'Th', 'end': '14:45', 'location': 'CT RHT', 'start': '13:20'}","False","","3","C","20003","Research","2000"
"0000001201","0.25","0000000360","DNCTE","18","12","1","3","2","ALS-A;PHA","Klopchin, Heather J.","{'fsnum': '10044', 'name': 'Klopchin, Heather J.'}","200","12","","","","","Ballet II","221","{'day': 'Tu', 'end': '14:45', 'location': 'CT RHT', 'start': '13:20'};{'day': 'Th', 'end': '14:45', 'location': 'CT RHT', 'start': '13:20'}","False","","3","C","20003","Research","2000"
"0000001202","0.25","0000000363","DNCTE","7","0","1","1","5","ALS-A;PHA","Roberts, Janice","{'fsnum': '3206', 'name': 'Roberts, Janice'}","300","10","","","","","Modern III","311","{'day': 'Mo', 'end': '17:00', 'location': 'CT RHT', 'start': '15:30'};{'day': 'We', 'end': '17:00', 'location': 'CT RHT', 'start': '15:30'};{'day': 'Fr', 'end': '17:00', 'location': 'CT RHT', 'start': '15:30'}","False","","3","O","20003","Research","2000"
"0000001203","0.25","0000000365","DNCTE","12","4","3","1","4","ALS-A;PHA","Bader, Jennifer","{'fsnum': '311', 'name': 'Bader, Jennifer'}","300","10","","","","","Ballet III","321","{'day': 'Tu', 'end': '17:00', 'location': 'CT RHT', 'start': '15:30'};{'day': 'Th', 'end': '17:00', 'location': 'CT RHT', 'start': '15:30'}","False","","3","C","20003","Research","2000"
"0000001204","1.0","0000000370","DNCTH","18","3","5","5","5","ALS-A;WRI","Bauer, Susan","{'fsnum': '338', 'name': 'Bauer, Susan'}","200","14","","","","","Movement Analysis","232","{'day': 'Mo', 'end': '11:40', 'location': 'YTT Conf Rm', 'start': '10:45'};{'day': 'We', 'end': '11:40', 'location': 'YTT Conf Rm', 'start': '10:45'};{'day': 'Fr', 'end': '11:40', 'location': 'YTT Conf Rm', 'start': '10:45'}","False","","3","C","20003","Research","2000"
"0000001205","1.0","0000001650","DNCTH","22","8","2","11","1","ALS-A;HWC;WRI","Klopchin, Heather J.","{'fsnum': '10044', 'name': 'Klopchin, Heather J.'}","200","20","","","","","Rise of Ballet","245","{'day': 'Mo', 'end': '12:45', 'location': 'CT 227', 'start': '23:50'};{'day': 'We', 'end': '12:45', 'location': 'CT 227', 'start': '23:50'};{'day': 'Fr', 'end': '12:45', 'location': 'CT 227', 'start': '23:50'}","False","","3","C","20003","Research","2000"
"0000001206","1.0","0000000375","DNCTH","2","0","0","1","1","","von Bibra, Anne","{'fsnum': '8817', 'name': 'von Bibra, Anne'}","200","","","","","","IS/World/Dance","298","","False","","3","O","20003","Research","2000"
"0000001207","1.0","0000000375","DNCTH","1","0","0","1","0","","Klopchin, Heather J.","{'fsnum': '10044', 'name': 'Klopchin, Heather J.'}","200","","","","","","IS/Dance/Skating Tech","298","","False","A","3","O","20003","Research","2000"
"0000001208","1.0","0000000378","DNCTH","1","0","0","0","1","","Saterstrom, Sheryl","{'fsnum': '7059', 'name': 'Saterstrom, Sheryl'}","300","","","","","","IR/Embodying Teaching","398","","False","","3","O","20003","Research","2000"
"0000001120","1.0","0000000259","ECON","22","15","0","6","1","HBS","Pomponio, Xun","{'fsnum': '6399', 'name': 'Pomponio, Xun'}","100","25","","","","","Principles of Econ","121","{'day': 'Mo', 'end': '11:40', 'location': 'M 30', 'start': '10:45'};{'day': 'We', 'end': '11:40', 'location': 'M 30', 'start': '10:45'};{'day': 'Fr', 'end': '11:40', 'location': 'M 30', 'start': '10:45'}","False","A","3","O","20003","Research","2000"
"0000001121","1.0","0000000259","ECON","19","11","2","5","1","HBS","Pomponio, Xun","{'fsnum': '6399', 'name': 'Pomponio, Xun'}","100","25","","","","","Principles of Econ","121","{'day': 'Mo', 'end': '10:00', 'location': 'H 301', 'start': '09:05'};{'day': 'We', 'end': '10:00', 'location': 'H 301', 'start': '09:05'};{'day': 'Fr', 'end': '10:00', 'location': 'H 301', 'start': '09:05'}","False","B","3","C","20003","Research","2000"
"0000001122","1.0","0000000259","ECON","22","13","3","5","1","HBS","","","100","25","","","","","Principles of Econ","121","{'day': 'Mo', 'end': '11:40', 'location': 'H 501', 'start': '10:45'};{'day': 'We', 'end': '11:40', 'location': 'H 501', 'start': '10:45'};{'day': 'Fr', 'end': '11:40', 'location': 'H 501', 'start': '10:45'}","False","C","3","C","20003","Research","2000"
"0000001123","1.0","0000000259","ECON","23","15","0","6","2","HBS","","","100","25","","","","","Principles of Econ","121","{'day': 'Mo', 'end': '13:50', 'location': 'SC 274', 'start': '12:55'};{'day': 'We', 'end': '13:50', 'location': 'SC 274', 'start': '12:55'};{'day': 'Fr', 'end': '13:50', 'location': 'SC 274', 'start': '12:55'}","False","D","3","C","20003","Research","2000"
"0000001124","1.0","0000000260","ECON","9","7","1","1","0","HBS","Soderlind, Steve","{'fsnum': '7636', 'name': 'Soderlind, Steve'}","100","30","","","","","Analytical Principles","122","{'day': 'Mo', 'end': '14:55', 'location': 'M 1', 'start': '14:00'};{'day': 'We', 'end': '14:55', 'location': 'M 1', 'start': '14:00'};{'day': 'Fr', 'end': '14:55', 'location': 'M 1', 'start': '14:00'}","False","","3","O","20003","Research","2000"
"0000001125","1.0","0000000264","ECON","21","10","1","8","2","","Soderlind, Steve","{'fsnum': '7636', 'name': 'Soderlind, Steve'}","200","25","","","","","Economic Methods","233","{'day': 'Mo', 'end': '12:45', 'location': 'M 15', 'start': '23:50'};{'day': 'We', 'end': '12:45', 'location': 'M 15', 'start': '23:50'};{'day': 'Fr', 'end': '12:45', 'location': 'M 15', 'start': '23:50'}","False","","3","O","20003","Research","2000"
"0000001126","1.0","0000000266","ECON","17","4","7","3","3","","Dalgaard, Bruce","{'fsnum': '1333', 'name': 'Dalgaard, Bruce'}","200","25","","","","","Econ Develop in Japan","238","{'day': 'Tu', 'end': '11:00', 'location': 'M 15', 'start': '09:35'};{'day': 'Th', 'end': '11:00', 'location': 'M 15', 'start': '09:35'}","False","","3","O","20003","Research","2000"
"0000001127","1.0","0000000267","ECON","10","4","2","1","3","WRI","Judge, Rebecca","{'fsnum': '4137', 'name': 'Judge, Rebecca'}","200","25","","","","","Environmental Econ","242","{'day': 'Tu', 'end': '13:10', 'location': 'H 501', 'start': '23:45'};{'day': 'Th', 'end': '13:10', 'location': 'H 501', 'start': '23:45'}","False","","3","O","20003","Research","2000"
"0000001128","1.0","0000000268","ECON","18","1","5","7","5","MCS-G;WRI","Schodt, David","{'fsnum': '7176', 'name': 'Schodt, David'}","200","25","","","","","Economic Development","243","{'day': 'Tu', 'end': '11:00', 'location': 'M 11', 'start': '09:35'};{'day': 'Th', 'end': '11:00', 'location': 'M 11', 'start': '09:35'}","False","","3","C","20003","Research","2000"
"0000001129","1.0","0000000269","ECON","21","2","9","3","7","","Becker, Anthony","{'fsnum': '348', 'name': 'Becker, Anthony'}","200","25","","","","","Bus, Govt & Marketpl","244","{'day': 'Mo', 'end': '13:50', 'location': 'H 302', 'start': '12:55'};{'day': 'We', 'end': '13:50', 'location': 'H 302', 'start': '12:55'};{'day': 'Fr', 'end': '13:50', 'location': 'H 302', 'start': '12:55'}","False","","3","O","20003","Research","2000"
"0000001130","1.0","0000000271","ECON","22","2","7","10","3","HWC","Wojick, Paul","{'fsnum': '9114', 'name': 'Wojick, Paul'}","200","25","","","","","History Econ Thought","247","{'day': 'Tu', 'end': '09:25', 'location': 'H 516', 'start': '08:00'};{'day': 'Th', 'end': '09:25', 'location': 'H 516', 'start': '08:00'}","False","","3","O","20003","Research","2000"
"0000001131","1.0","0000000274","ECON","14","4","4","6","0","","Pernecky, Mark","{'fsnum': '6199', 'name': 'Pernecky, Mark'}","200","25","","","","","Macroeconomic Theory","261","{'day': 'Tu', 'end': '09:25', 'location': 'H 403', 'start': '08:00'};{'day': 'Th', 'end': '09:25', 'location': 'H 403', 'start': '08:00'}","False","A","3","O","20003","Research","2000"
"0000001132","1.0","0000000274","ECON","20","2","3","14","1","","Pernecky, Mark","{'fsnum': '6199', 'name': 'Pernecky, Mark'}","200","25","","","","","Macroeconomic Theory","261","{'day': 'Tu', 'end': '11:00', 'location': 'H 403', 'start': '09:35'};{'day': 'Th', 'end': '11:00', 'location': 'H 403', 'start': '09:35'}","False","B","3","O","20003","Research","2000"
"0000001133","1.0","0000000275","ECON","18","0","9","6","3","","Becker, Anthony","{'fsnum': '348', 'name': 'Becker, Anthony'}","200","25","","","","","Microeconomic Theory","262","{'day': 'Mo', 'end': '14:55', 'location': 'H 302', 'start': '14:00'};{'day': 'We', 'end': '14:55', 'location': 'H 302', 'start': '14:00'};{'day': 'Fr', 'end': '14:55', 'location': 'H 302', 'start': '14:00'}","False","A","3","C","20003","Research","2000"
"0000001134","1.0","0000000275","ECON","25","1","8","15","1","","Becker, Anthony","{'fsnum': '348', 'name': 'Becker, Anthony'}","200","25","","","","","Microeconomic Theory","262","{'day': 'Mo', 'end': '10:00', 'location': 'H 302', 'start': '09:05'};{'day': 'We', 'end': '10:00', 'location': 'H 302', 'start': '09:05'};{'day': 'Fr', 'end': '10:00', 'location': 'H 302', 'start': '09:05'}","False","B","3","C","20003","Research","2000"
"0000001135","1.0","0000000277","ECON","2","0","0","0","2","","Carlson, William L.","{'fsnum': '951', 'name': 'Carlson, William L.'}","200","","","","","","IS/Innovation","298","","False","","3","O","20003","Research","2000"
"0000001136","1.0","0000000277","ECON","1","0","0","0","1","","Soderlind, Steve","{'fsnum': '7636', 'name': 'Soderlind, Steve'}","200","","","","","","IS/Race Economics","298","","False","A","3","O","20003","Research","2000"
"0000001137","1.0","0000000277","ECON","1","0","0","0","1","","Klimesh, Michael","{'fsnum': '13157', 'name': 'Klimesh, Michael'}","200","","","","","","IS/Acct Systems","298","","False","B","3","O","20003","Research","2000"
"0000001138","1.0","0000000278","ECON","15","0","8","2","5","WRI","Judge, Rebecca","{'fsnum': '4137', 'name': 'Judge, Rebecca'}","300","20","","","","","Econ of Public Policy","371","{'day': 'Tu', 'end': '11:00', 'location': 'SC 182', 'start': '09:35'};{'day': 'Th', 'end': '11:00', 'location': 'SC 182', 'start': '09:35'}","False","","3","O","20003","Research","2000"
"0000001139","1.0","0000000279","ECON","25","0","12","1","12","","","","300","20","","","","","Money and Banking","374","{'day': 'Mo', 'end': '08:55', 'location': 'H 301', 'start': '08:00'};{'day': 'We', 'end': '08:55', 'location': 'H 301', 'start': '08:00'};{'day': 'Fr', 'end': '08:55', 'location': 'H 301', 'start': '08:00'}","False","","3","C","20003","Research","2000"
"0000001140","1.0","0000000280","ECON","15","0","4","0","11","","Pernecky, Mark","{'fsnum': '6199', 'name': 'Pernecky, Mark'}","300","20","","","","","Labor Econ/Employ Rel","376","{'day': 'Tu', 'end': '14:45', 'location': 'H 301', 'start': '13:20'};{'day': 'Th', 'end': '14:45', 'location': 'H 301', 'start': '13:20'}","False","","3","C","20003","Lab","2000"
"0000001141","1.0","0000000281","ECON","24","0","10","0","14","","Pomponio, Xun","{'fsnum': '6399', 'name': 'Pomponio, Xun'}","300","20","","","","","International Econ","382","{'day': 'Mo', 'end': '13:50', 'location': 'M 2', 'start': '12:55'};{'day': 'We', 'end': '13:50', 'location': 'M 2', 'start': '12:55'};{'day': 'Fr', 'end': '13:50', 'location': 'M 2', 'start': '12:55'}","False","","3","C","20003","Research","2000"
"0000001153","","0000000309","EDUC","47","0","19","5","23","","Storry, Mark","{'fsnum': '8074', 'name': 'Storry, Mark'}","200","50","","","","","Drugs & Alcohol","231","{'day': 'We', 'end': '21:00', 'location': 'CH 101', 'start': '19:00'}","True","","3","C","20003","Research","2000"
"0000001154","1.0","0000000311","EDUC","16","1","0","13","2","HBS","Campbell, Heather","{'fsnum': '903', 'name': 'Campbell, Heather'}","200","25","","","","","Educ Psychology","290","{'day': 'Mo', 'end': '10:00', 'location': 'FH 10', 'start': '09:05'};{'day': 'We', 'end': '10:00', 'location': 'FH 10', 'start': '09:05'};{'day': 'Fr', 'end': '10:00', 'location': 'FH 10', 'start': '09:05'}","False","A","3","O","20003","Research","2000"
"0000001155","1.0","0000000311","EDUC","25","1","1","13","10","HBS","Schelske, Mark","{'fsnum': '7148', 'name': 'Schelske, Mark'}","200","25","","","","","Educ Psychology","290","{'day': 'Mo', 'end': '11:40', 'location': 'FH 10', 'start': '10:45'};{'day': 'We', 'end': '11:40', 'location': 'FH 10', 'start': '10:45'};{'day': 'Fr', 'end': '11:40', 'location': 'FH 10', 'start': '10:45'}","False","B","3","C","20003","Research","2000"
"0000001156","1.0","0000000311","EDUC","22","0","0","15","7","HBS","Welckle, John","{'fsnum': '8971', 'name': 'Welckle, John'}","200","25","","","","","Educ Psychology","290","{'day': 'Tu', 'end': '11:00', 'location': 'FH 10', 'start': '09:35'};{'day': 'Th', 'end': '11:00', 'location': 'FH 10', 'start': '09:35'}","False","C","3","O","20003","Research","2000"
"0000001157","1.0","0000000311","EDUC","17","0","2","6","9","HBS","Welckle, John","{'fsnum': '8971', 'name': 'Welckle, John'}","200","25","","","","","Educ Psychology","290","{'day': 'Tu', 'end': '13:10', 'location': 'FH 10', 'start': '23:45'};{'day': 'Th', 'end': '13:10', 'location': 'FH 10', 'start': '23:45'}","False","D","3","O","20003","Research","2000"
"0000001158","1.0","0000000314","EDUC","1","0","0","0","1","","Schelske, Mark","{'fsnum': '7148', 'name': 'Schelske, Mark'}","200","","","","","","IS/Mthd: Mth Sci Tech","298","","False","","3","O","20003","Research","2000"
"0000001159","1.0","0000000321","EDUC","17","0","10","0","7","ORC","Kelly, Maria L.","{'fsnum': '10032', 'name': 'Kelly, Maria L.'}","300","18","","","","","Prin Secondary Educ","330","{'day': 'Mo', 'end': '10:00', 'location': 'FH 10', 'start': '09:05'};{'day': 'We', 'end': '10:00', 'location': 'FH 10', 'start': '09:05'};{'day': 'Fr', 'end': '10:00', 'location': 'FH 10', 'start': '09:05'}","False","A","3","C","20003","Research","2000"
"0000001160","1.0","0000000321","EDUC","8","0","3","0","5","ORC","Harris, Martha","{'fsnum': '10033', 'name': 'Harris, Martha'}","300","20","","","","","Prin Secondary Educ","330","{'day': 'Tu', 'end': '13:10', 'location': 'FH 10L', 'start': '23:45'};{'day': 'Th', 'end': '13:10', 'location': 'FH 10L', 'start': '23:45'}","False","B","3","C","20003","Research","2000"
"0000001161","1.0","0000000322","EDUC","10","0","5","0","5","","Welckle, John","{'fsnum': '8971', 'name': 'Welckle, John'}","300","","","","","","Social Studies Persp","334","{'day': 'Tu', 'end': '14:45', 'location': 'FH 10L', 'start': '13:20'};{'day': 'Th', 'end': '14:45', 'location': 'FH 10L', 'start': '13:20'}","False","","3","C","20003","Research","2000"
"0000001162","0.5","0000000323","EDUC","2","0","0","0","2","","Hauck, Karna E.","{'fsnum': '13286', 'name': 'Hauck, Karna E.'}","300","","","","","","Tchg Art Elem Schools","341","{'day': 'Tu', 'end': '21:00', 'location': 'FH 10', 'start': '18:00'}","False","","3","C","20003","Research","2000"
"0000001163","0.5","0000001623","EDUC","2","0","0","0","2","","Hauck, Karna E.","{'fsnum': '13286', 'name': 'Hauck, Karna E.'}","300","","","","","","Tchg Art Second Schls","342","{'day': 'Tu', 'end': '21:00', 'location': 'FH 10', 'start': '18:00'}","False","","3","C","20003","Research","2000"
"0000001164","1.0","0000000325","EDUC","21","0","7","0","14","","Harris, Martha","{'fsnum': '10033', 'name': 'Harris, Martha'}","300","","","","","","Teaching of English","345","{'day': 'Tu', 'end': '14:45', 'location': 'FH 10', 'start': '13:20'};{'day': 'Th', 'end': '14:45', 'location': 'FH 10', 'start': '13:20'}","False","","3","C","20003","Research","2000"
"0000001165","0.5","0000001624","EDUC","7","0","1","0","6","","Frey, Olivia","{'fsnum': '2455', 'name': 'Frey, Olivia'}","300","","","","","","Teaching of Reading","346","{'day': 'Tu', 'end': '21:00', 'location': '', 'start': '19:00'}","False","","3","O","20003","Research","2000"
"0000001166","1.0","0000000327","EDUC","4","0","3","0","1","","Wallace, Martha","{'fsnum': '8879', 'name': 'Wallace, Martha'}","300","","","","","","Tchg of Mathematics","350","{'day': 'Tu', 'end': '09:25', 'location': 'SC 184', 'start': '08:00'};{'day': 'Th', 'end': '09:25', 'location': 'SC 184', 'start': '08:00'}","False","","3","C","20003","Research","2000"
"0000001167","1.0","0000000329","EDUC","19","0","11","0","8","","Berger, Linda","{'fsnum': '417', 'name': 'Berger, Linda'}","300","","","","","","Tchg Music-Elem Schls","355","{'day': 'Tu', 'end': '14:45', 'location': 'CHM 233', 'start': '13:20'};{'day': 'Th', 'end': '14:45', 'location': 'CHM 233', 'start': '13:20'}","False","","3","C","20003","Research","2000"
"0000001168","0.5","0000000333","EDUC","5","0","2","0","3","","Bezanson, Char Anne","{'fsnum': '557', 'name': 'Bezanson, Char Anne'}","300","","","","","","Tchg of Science","364","{'day': 'Tu', 'end': '21:00', 'location': 'FH 10', 'start': '18:00'}","False","","3","C","20003","Research","2000"
"0000001169","1.0","0000000333","EDUC","2","0","0","0","2","","Bezanson, Char Anne","{'fsnum': '557', 'name': 'Bezanson, Char Anne'}","300","","","","","","Tchg of Science","364","{'day': 'Tu', 'end': '21:00', 'location': 'FH 10', 'start': '18:00'}","False","A","3","O","20003","Research","2000"
"0000001170","0.5","0000000334","EDUC","8","0","6","0","2","","Fowler, Larry;Kelly, Maria L.","{'fsnum': '2320', 'name': 'Fowler, Larry'};{'fsnum': '10032', 'name': 'Kelly, Maria L.'}","300","","","","","","Tchg of Soc Studies","365","{'day': 'Mo', 'end': '19:30', 'location': 'FH 10', 'start': '18:00'};{'day': 'We', 'end': '19:30', 'location': 'FH 10', 'start': '18:00'}","False","","3","C","20003","Research","2000"
"0000001171","1.0","0000000334","EDUC","4","0","1","0","3","","Fowler, Larry;Kelly, Maria L.","{'fsnum': '2320', 'name': 'Fowler, Larry'};{'fsnum': '10032', 'name': 'Kelly, Maria L.'}","300","","","","","","Tchg of Soc Studies","365","{'day': 'Mo', 'end': '19:30', 'location': 'FH 10', 'start': '18:00'};{'day': 'We', 'end': '19:30', 'location': 'FH 10', 'start': '18:00'}","False","A","3","O","20003","Research","2000"
"0000001172","0.5","0000000335","EDUC","27","0","14","0","13","","Pfarr-Baker, Rosemary A.","{'fsnum': '10410', 'name': 'Pfarr-Baker, Rosemary A.'}","300","25","","","","","Counsel/Comm in Schls","372","{'day': 'Mo', 'end': '13:50', 'location': 'FH 10', 'start': '12:55'};{'day': 'We', 'end': '13:50', 'location': 'FH 10', 'start': '12:55'};{'day': 'Fr', 'end': '13:50', 'location': 'FH 10', 'start': '12:55'}","False","A","3","C","20003","Research","2000"
"0000001173","0.5","0000000335","EDUC","22","0","11","0","11","","Pfarr-Baker, Rosemary A.","{'fsnum': '10410', 'name': 'Pfarr-Baker, Rosemary A.'}","300","25","","","","","Counsel/Comm in Schls","372","{'day': 'Mo', 'end': '14:55', 'location': 'FH 10', 'start': '14:00'};{'day': 'We', 'end': '14:55', 'location': 'FH 10', 'start': '14:00'};{'day': 'Fr', 'end': '14:55', 'location': 'FH 10', 'start': '14:00'}","False","B","3","C","20003","Research","2000"
"0000001174","0.5","0000000336","EDUC","24","0","12","0","12","","Leming, Ann A.","{'fsnum': '4755', 'name': 'Leming, Ann A.'}","300","25","","","","","The Exceptional Child","375","{'day': 'Mo', 'end': '13:50', 'location': 'FH 10', 'start': '12:55'};{'day': 'We', 'end': '13:50', 'location': 'FH 10', 'start': '12:55'};{'day': 'Fr', 'end': '13:50', 'location': 'FH 10', 'start': '12:55'}","False","A","3","C","20003","Research","2000"
"0000001175","0.5","0000000336","EDUC","24","0","8","0","16","","Leming, Ann A.","{'fsnum': '4755', 'name': 'Leming, Ann A.'}","300","25","","","","","The Exceptional Child","375","{'day': 'Mo', 'end': '14:55', 'location': 'FH 10', 'start': '14:00'};{'day': 'We', 'end': '14:55', 'location': 'FH 10', 'start': '14:00'};{'day': 'Fr', 'end': '14:55', 'location': 'FH 10', 'start': '14:00'}","False","B","3","C","20003","Research","2000"
"0000001176","1.0","0000000337","EDUC","1","0","0","0","1","","Leming, Ann A.","{'fsnum': '4755', 'name': 'Leming, Ann A.'}","300","0","0","0","0","0","The Exceptional Child","376","{'day': 'Mo', 'end': '13:50', 'location': 'FH 10', 'start': '12:55'};{'day': 'We', 'end': '13:50', 'location': 'FH 10', 'start': '12:55'};{'day': 'Fr', 'end': '13:50', 'location': 'FH 10', 'start': '12:55'}","False","A","3","C","20003","Research","2000"
"0000001177","0.5","0000000340","EDUC","22","0","0","0","22","","Welckle, John","{'fsnum': '8971', 'name': 'Welckle, John'}","300","","","","","","Senior Seminar Educ","381","{'day': 'Mo', 'end': '16:00', 'location': 'TBA', 'start': '20:00'};{'day': 'Tu', 'end': '16:00', 'location': 'TBA', 'start': '20:00'};{'day': 'We', 'end': '16:00', 'location': 'TBA', 'start': '20:00'};{'day': 'Th', 'end': '16:00', 'location': 'TBA', 'start': '20:00'};{'day': 'Fr', 'end': '16:00', 'location': 'TBA', 'start': '20:00'}","False","","3","C","20003","Research","2000"
"0000001178","","0000000341","EDUC","22","0","0","0","22","","Solid, Myron L.","{'fsnum': '7667', 'name': 'Solid, Myron L.'}","300","","","","","","Human Relations","382","","True","","3","C","20003","Research","2000"
"0000001179","0.5","0000000342","EDUC","22","0","0","0","22","","Solid, Myron L.","{'fsnum': '7667', 'name': 'Solid, Myron L.'}","300","","","","","","Human Issues in Educ","385","{'day': 'Mo', 'end': '16:00', 'location': 'TBA', 'start': '20:00'};{'day': 'Tu', 'end': '16:00', 'location': 'TBA', 'start': '20:00'};{'day': 'We', 'end': '16:00', 'location': 'TBA', 'start': '20:00'};{'day': 'Th', 'end': '16:00', 'location': 'TBA', 'start': '20:00'};{'day': 'Fr', 'end': '16:00', 'location': 'TBA', 'start': '20:00'}","False","","3","C","20003","Research","2000"
"0000001180","3.0","0000000343","EDUC","22","0","0","0","22","","Solid, Myron L.","{'fsnum': '7667', 'name': 'Solid, Myron L.'}","300","","","","","","Student Teaching","389","","False","","3","C","20003","Research","2000"
"0000001181","1.0","0000000344","EDUC","1","0","0","0","1","","Schelske, Mark","{'fsnum': '7148', 'name': 'Schelske, Mark'}","300","","","","","","Academic Internship","394","","True","","3","O","20003","Research","2000"
"0000001209","1.0","0000000382","ENGL","24","20","0","0","4","ALS-L;MCS-G;WRI","Mbele, Joseph L.","{'fsnum': '5144', 'name': 'Mbele, Joseph L.'}","100","25","","","","","Trickstr/Post-Col Lit","108","{'day': 'Mo', 'end': '13:50', 'location': 'L 525', 'start': '12:55'};{'day': 'We', 'end': '13:50', 'location': 'L 525', 'start': '12:55'};{'day': 'Fr', 'end': '13:50', 'location': 'L 525', 'start': '12:55'}","False","","3","C","20003","Research","2000"
"0000001210","1.0","0000000392","ENGL","25","2","0","21","2","ALS-L;ORC;WRI","Marsalek, Karen E.","{'fsnum': '10015', 'name': 'Marsalek, Karen E.'}","100","25","","","","","Literary Studies","185","{'day': 'Mo', 'end': '12:45', 'location': 'L 421', 'start': '23:50'};{'day': 'We', 'end': '12:45', 'location': 'L 421', 'start': '23:50'};{'day': 'Fr', 'end': '12:45', 'location': 'L 421', 'start': '23:50'}","False","A","3","C","20003","Research","2000"
"0000001211","1.0","0000000392","ENGL","26","4","0","21","1","ALS-L;ORC;WRI","Mbele, Joseph L.","{'fsnum': '5144', 'name': 'Mbele, Joseph L.'}","100","24","","","","","Literary Studies","185","{'day': 'Mo', 'end': '14:55', 'location': 'L 421', 'start': '14:00'};{'day': 'We', 'end': '14:55', 'location': 'L 421', 'start': '14:00'};{'day': 'Fr', 'end': '14:55', 'location': 'L 421', 'start': '14:00'}","False","B","3","C","20003","Research","2000"
"0000001212","1.0","0000000392","ENGL","25","2","0","21","2","ALS-L;ORC;WRI","Hill, Jonathan","{'fsnum': '3341', 'name': 'Hill, Jonathan'}","100","25","","","","","Literary Studies","185","{'day': 'Tu', 'end': '11:00', 'location': 'L 525', 'start': '09:35'};{'day': 'Th', 'end': '11:00', 'location': 'L 525', 'start': '09:35'}","False","C","3","C","20003","Research","2000"
"0000001213","1.0","0000000392","ENGL","25","20","1","1","3","ALS-L;ORC;WRI","Wells, Colin","{'fsnum': '8973', 'name': 'Wells, Colin'}","100","25","","","","","Literary Studies","185","{'day': 'Tu', 'end': '14:45', 'location': 'L 525', 'start': '13:20'};{'day': 'Th', 'end': '14:45', 'location': 'L 525', 'start': '13:20'}","False","D","3","C","20003","Research","2000"
"0000001214","1.0","0000000397","ENGL","32","0","1","30","1","WRI","Marsalek, Karen E.;Cherewatuk, Karen","{'fsnum': '10015', 'name': 'Marsalek, Karen E.'};{'fsnum': '1076', 'name': 'Cherewatuk, Karen'}","200","","","","","","Lit in Engl to 1650","221","{'day': 'Mo', 'end': '10:00', 'location': 'L 525', 'start': '09:05'};{'day': 'We', 'end': '10:00', 'location': 'L 525', 'start': '09:05'};{'day': 'Fr', 'end': '10:00', 'location': 'L 525', 'start': '09:05'}","False","A","3","C","20003","Research","2000"
"0000001215","1.0","0000000397","ENGL","5","1","0","4","0","WRI","Marsalek, Karen E.;Cherewatuk, Karen","{'fsnum': '10015', 'name': 'Marsalek, Karen E.'};{'fsnum': '1076', 'name': 'Cherewatuk, Karen'}","200","","","","","","Lit in Engl to 1650","221","{'day': 'Fr', 'end': '10:00', 'location': 'L 177', 'start': '09:05'};{'day': 'Mo', 'end': '10:00', 'location': 'L 525', 'start': '09:05'};{'day': 'We', 'end': '10:00', 'location': 'L 525', 'start': '09:05'}","False","B","3","C","20003","Research","2000"
"0000001216","1.0","0000000397","ENGL","2","1","0","1","0","WRI","Marsalek, Karen E.;Cherewatuk, Karen","{'fsnum': '10015', 'name': 'Marsalek, Karen E.'};{'fsnum': '1076', 'name': 'Cherewatuk, Karen'}","200","","","","","","Lit in Engl to 1650","221","{'day': 'Fr', 'end': '08:55', 'location': 'L 525', 'start': '08:00'};{'day': 'Mo', 'end': '10:00', 'location': 'L 525', 'start': '09:05'};{'day': 'We', 'end': '10:00', 'location': 'L 525', 'start': '09:05'}","False","C","3","C","20003","Research","2000"
"0000001217","1.0","0000000399","ENGL","41","4","7","28","2","WRI","Holly, Carol;DuRocher, Richard","{'fsnum': '3424', 'name': 'Holly, Carol'};{'fsnum': '1548', 'name': 'DuRocher, Richard'}","200","","","","","","Lit in Engl 1650-1850","222","{'day': 'Mo', 'end': '12:45', 'location': 'L 525', 'start': '23:50'};{'day': 'We', 'end': '12:45', 'location': 'L 525', 'start': '23:50'};{'day': 'Fr', 'end': '12:45', 'location': 'L 525', 'start': '23:50'}","False","A","3","C","20003","Research","2000"
"0000001218","1.0","0000000399","ENGL","2","0","2","0","0","WRI","Holly, Carol;DuRocher, Richard","{'fsnum': '3424', 'name': 'Holly, Carol'};{'fsnum': '1548', 'name': 'DuRocher, Richard'}","200","","","","","","Lit in Engl 1650-1850","222","{'day': 'Fr', 'end': '12:45', 'location': 'L 520', 'start': '23:50'};{'day': 'Mo', 'end': '12:45', 'location': 'L 525', 'start': '23:50'};{'day': 'We', 'end': '12:45', 'location': 'L 525', 'start': '23:50'}","False","B","3","C","20003","Research","2000"
"0000001219","1.0","0000000399","ENGL","1","0","0","1","0","WRI","Holly, Carol;DuRocher, Richard","{'fsnum': '3424', 'name': 'Holly, Carol'};{'fsnum': '1548', 'name': 'DuRocher, Richard'}","200","","","","","","Lit in Engl 1650-1850","222","{'day': 'Fr', 'end': '11:40', 'location': '', 'start': '10:45'};{'day': 'Mo', 'end': '12:45', 'location': 'L 525', 'start': '23:50'};{'day': 'We', 'end': '12:45', 'location': 'L 525', 'start': '23:50'}","False","C","3","C","20003","Research","2000"
"0000001220","1.0","0000000401","ENGL","22","0","19","1","2","WRI","Wells, Colin;Buckstead, Richard","{'fsnum': '8973', 'name': 'Wells, Colin'};{'fsnum': '821', 'name': 'Buckstead, Richard'}","200","","","","","","Lit in Engl 1850-Pres","223","{'day': 'Mo', 'end': '14:55', 'location': 'L 525', 'start': '14:00'};{'day': 'We', 'end': '14:55', 'location': 'L 525', 'start': '14:00'};{'day': 'Fr', 'end': '14:55', 'location': 'L 525', 'start': '14:00'}","False","A","3","C","20003","Research","2000"
"0000001221","1.0","0000000401","ENGL","2","0","2","0","0","WRI","Wells, Colin;Buckstead, Richard","{'fsnum': '8973', 'name': 'Wells, Colin'};{'fsnum': '821', 'name': 'Buckstead, Richard'}","200","","","","","","Lit in Engl 1850-Pres","223","{'day': 'Mo', 'end': '14:55', 'location': 'L 525', 'start': '14:00'};{'day': 'Fr', 'end': '14:55', 'location': 'L 525', 'start': '14:00'};{'day': 'We', 'end': '14:55', 'location': 'L 520', 'start': '14:00'}","False","B","3","C","20003","Research","2000"
"0000001222","1.0","0000000401","ENGL","2","0","1","0","1","WRI","Wells, Colin;Buckstead, Richard","{'fsnum': '8973', 'name': 'Wells, Colin'};{'fsnum': '821', 'name': 'Buckstead, Richard'}","200","","","","","","Lit in Engl 1850-Pres","223","{'day': 'Mo', 'end': '14:55', 'location': 'L 525', 'start': '14:00'};{'day': 'Fr', 'end': '14:55', 'location': 'L 525', 'start': '14:00'};{'day': 'We', 'end': '08:55', 'location': 'L 515', 'start': '08:00'}","False","C","3","C","20003","Research","2000"
"0000001223","1.0","0000001688","ENGL","35","0","21","0","14","EIN","Nelson, Jon Eric","{'fsnum': '5506', 'name': 'Nelson, Jon Eric'}","200","35","","","","","Ethics in Narrative","233","{'day': 'Mo', 'end': '11:40', 'location': 'L 515', 'start': '10:45'};{'day': 'We', 'end': '11:40', 'location': 'L 515', 'start': '10:45'};{'day': 'Fr', 'end': '11:40', 'location': 'L 515', 'start': '10:45'}","False","","3","C","20003","Research","2000"
"0000001224","1.0","0000000407","ENGL","26","1","10","12","3","ALS-L;HWC;WRI","Wells, Colin","{'fsnum': '8973', 'name': 'Wells, Colin'}","200","35","","","","","Satire","238","{'day': 'Tu', 'end': '11:00', 'location': 'L 515', 'start': '09:35'};{'day': 'Th', 'end': '11:00', 'location': 'L 515', 'start': '09:35'}","False","","3","C","20003","Topic","2000"
"0000001225","1.0","0000000409","ENGL","41","7","7","6","21","ALS-L;WRI","Buckstead, Richard","{'fsnum': '821', 'name': 'Buckstead, Richard'}","200","35","","","","","Amer Lit 1915-1945","240","{'day': 'Mo', 'end': '13:50', 'location': 'L 515', 'start': '12:55'};{'day': 'We', 'end': '13:50', 'location': 'L 515', 'start': '12:55'};{'day': 'Fr', 'end': '13:50', 'location': 'L 515', 'start': '12:55'}","False","","3","C","20003","Research","2000"
"0000001226","1.0","0000000410","ENGL","32","0","14","7","11","ALS-L;MCS-D;WRI","Allister, Mark","{'fsnum': '110', 'name': 'Allister, Mark'}","200","35","","","","","Amer Racial/Multi Lit","245","{'day': 'Mo', 'end': '12:45', 'location': 'L 515', 'start': '23:50'};{'day': 'We', 'end': '12:45', 'location': 'L 515', 'start': '23:50'};{'day': 'Fr', 'end': '12:45', 'location': 'L 515', 'start': '23:50'}","False","","3","C","20003","Research","2000"
"0000001227","1.0","0000000413","ENGL","14","0","7","5","2","WRI","Heynen, James","{'fsnum': '3333', 'name': 'Heynen, James'}","200","16","6","5","7","","Creative Nonfiction","251","{'day': 'Tu', 'end': '13:10', 'location': 'L 420', 'start': '23:45'};{'day': 'Th', 'end': '13:10', 'location': 'L 420', 'start': '23:45'}","False","","3","C","20003","Research","2000"
"0000001228","1.0","0000000417","ENGL","18","0","7","1","10","WRI","Hill, Jan C.","{'fsnum': '109', 'name': 'Hill, Jan C.'}","200","18","","","","","Journalistic Writing","255","{'day': 'Tu', 'end': '13:10', 'location': 'L 515', 'start': '23:45'};{'day': 'Th', 'end': '13:10', 'location': 'L 515', 'start': '23:45'}","False","","3","C","20003","Research","2000"
"0000001229","1.0","0000000418","ENGL","16","0","5","3","8","WRI","Wee, David","{'fsnum': '8901', 'name': 'Wee, David'}","200","18","8","5","5","","Creative Writing I","257","{'day': 'Mo', 'end': '10:00', 'location': 'L 520', 'start': '09:05'};{'day': 'We', 'end': '10:00', 'location': 'L 520', 'start': '09:05'};{'day': 'Fr', 'end': '10:00', 'location': 'L 520', 'start': '09:05'}","False","A","3","C","20003","Research","2000"
"0000001230","1.0","0000000418","ENGL","19","1","4","9","5","WRI","Buckstead, Richard","{'fsnum': '821', 'name': 'Buckstead, Richard'}","200","18","8","5","5","","Creative Writing I","257","{'day': 'Mo', 'end': '11:40', 'location': 'L 420', 'start': '10:45'};{'day': 'We', 'end': '11:40', 'location': 'L 420', 'start': '10:45'};{'day': 'Fr', 'end': '11:40', 'location': 'L 420', 'start': '10:45'}","False","B","3","C","20003","Research","2000"
"0000001231","1.0","0000000423","ENGL","25","2","8","5","10","","Marsalek, Karen E.","{'fsnum': '10015', 'name': 'Marsalek, Karen E.'}","200","35","","","","","Eng Lang/Linguistics","274","{'day': 'Mo', 'end': '14:55', 'location': 'L 177', 'start': '14:00'};{'day': 'We', 'end': '14:55', 'location': 'L 177', 'start': '14:00'};{'day': 'Fr', 'end': '14:55', 'location': 'L 177', 'start': '14:00'}","False","","3","C","20003","Research","2000"
"0000001232","1.0","0000000426","ENGL","34","0","3","21","10","ALS-L;WRI","Day, John T.","{'fsnum': '1354', 'name': 'Day, John T.'}","200","40","","","","","Shakespeare & Contemp","280","{'day': 'Mo', 'end': '11:40', 'location': 'L 525', 'start': '10:45'};{'day': 'We', 'end': '11:40', 'location': 'L 525', 'start': '10:45'};{'day': 'Fr', 'end': '11:40', 'location': 'L 525', 'start': '10:45'}","False","","3","C","20003","Research","2000"
"0000001233","1.0","0000000431","ENGL","33","0","6","15","12","ALS-L;MCS-D;WRI","Holly, Carol","{'fsnum': '3424', 'name': 'Holly, Carol'}","200","35","","","","","Women & Literature","286","{'day': 'Mo', 'end': '10:00', 'location': 'L 421', 'start': '09:05'};{'day': 'We', 'end': '10:00', 'location': 'L 421', 'start': '09:05'};{'day': 'Fr', 'end': '10:00', 'location': 'L 421', 'start': '09:05'}","False","","3","C","20003","Research","2000"
"0000001234","1.0","0000000434","ENGL","1","0","1","0","0","","Richards, Melanie","{'fsnum': '10436', 'name': 'Richards, Melanie'}","200","","","","","","IS/Memory & Travel","298","","False","","3","O","20003","Research","2000"
"0000001235","1.0","0000000434","ENGL","1","0","0","0","1","","Hill, Jan C.","{'fsnum': '109', 'name': 'Hill, Jan C.'}","200","","","","","","IS/Children's Lit: Fan","298","","False","A","3","O","20003","Research","2000"
"0000001236","1.0","0000000434","ENGL","1","0","0","1","0","","LeBlanc, Diane C.","{'fsnum': '13324', 'name': 'LeBlanc, Diane C.'}","200","","","","","","IS/Lang Augmentation","298","","False","B","3","O","20003","Research","2000"
"0000001237","1.0","0000000441","ENGL","13","0","3","0","10","","Heynen, James","{'fsnum': '3333', 'name': 'Heynen, James'}","300","15","","","","","Adv Creative Writing","372","{'day': 'Th', 'end': '21:00', 'location': 'L 520', 'start': '18:00'}","False","","3","C","20003","Research","2000"
"0000001238","1.0","0000000446","ENGL","8","1","2","1","4","","DuRocher, Richard","{'fsnum': '1548', 'name': 'DuRocher, Richard'}","300","15","","","","","Brit Auth: Milton","391","{'day': 'Mo', 'end': '10:00', 'location': 'L 420', 'start': '09:05'};{'day': 'We', 'end': '10:00', 'location': 'L 420', 'start': '09:05'};{'day': 'Fr', 'end': '10:00', 'location': 'L 420', 'start': '09:05'}","False","A","3","C","20003","Seminar","2000"
"0000001239","1.0","0000000446","ENGL","15","0","8","0","7","","Postlethwaite, Diana","{'fsnum': '6403', 'name': 'Postlethwaite, Diana'}","300","15","","","","","Austen/Eliot/Woolf","391","{'day': 'Tu', 'end': '13:10', 'location': 'L 520', 'start': '23:45'};{'day': 'Th', 'end': '13:10', 'location': 'L 520', 'start': '23:45'}","False","B","3","C","20003","Seminar","2000"
"0000001240","1.0","0000000451","ENGL","1","0","0","0","1","","Holly, Carol","{'fsnum': '3424', 'name': 'Holly, Carol'}","300","","","","","","IR/Ta: Women's Lit","398","","False","","3","O","20003","Research","2000"
"0000001241","1.0","0000000451","ENGL","1","0","0","0","1","","Hutchins, Elizabeth","{'fsnum': '3607', 'name': 'Hutchins, Elizabeth'}","300","","","","","","IR/Children's Books","398","","False","A","3","O","20003","Research","2000"
"0000001242","1.0","0000000451","ENGL","1","0","0","0","1","","Wee, David","{'fsnum': '8901', 'name': 'Wee, David'}","300","","","","","","IR/Poetry & Fiction","398","","False","B","3","O","20003","Research","2000"
"0000001243","1.0","0000000451","ENGL","1","0","1","0","0","","Heynen, James","{'fsnum': '3333', 'name': 'Heynen, James'}","300","","","","","","IR/Adv Creative Wrtng","398","","False","C","3","O","20003","Research","2000"
"0000001244","1.0","0000000451","ENGL","1","0","0","0","1","","Bruce, Robert","{'fsnum': '808', 'name': 'Bruce, Robert'}","300","","","","","","IR/Research Chlds Lit","398","","False","D","3","O","20003","Research","2000"
"0000001245","1.0","0000000451","ENGL","1","0","0","0","1","","Wells, Colin","{'fsnum': '8973', 'name': 'Wells, Colin'}","300","","","","","","IR/Poets of the Delta","398","","False","E","3","O","20003","Research","2000"
"0000001246","1.0","0000000451","ENGL","1","0","0","0","1","","Nelson, Jon Eric","{'fsnum': '5506', 'name': 'Nelson, Jon Eric'}","300","","","","","","IR/Writing Narratives","398","","False","F","3","O","20003","Research","2000"
"0000001247","1.0","0000000452","ENGL","15","0","0","0","15","","Wee, David","{'fsnum': '8901', 'name': 'Wee, David'}","300","15","","","","","Major Seminar","399","{'day': 'Mo', 'end': '11:40', 'location': 'L 520', 'start': '10:45'};{'day': 'We', 'end': '11:40', 'location': 'L 520', 'start': '10:45'};{'day': 'Fr', 'end': '11:40', 'location': 'L 520', 'start': '10:45'}","False","A","3","C","20003","Seminar","2000"
"0000001248","1.0","0000000452","ENGL","15","0","0","0","15","","Heynen, James","{'fsnum': '3333', 'name': 'Heynen, James'}","300","15","","","","","Major Seminar","399","{'day': 'Tu', 'end': '11:00', 'location': 'L 520', 'start': '09:35'};{'day': 'Th', 'end': '11:00', 'location': 'L 520', 'start': '09:35'}","False","B","3","C","20003","Seminar","2000"
"0000001249","1.0","0000000453","ENVST","22","7","2","5","8","HWC","Farrell, James","{'fsnum': '2030', 'name': 'Farrell, James'}","100","25","","","","","Culture of Nature","101","{'day': 'Mo', 'end': '10:00', 'location': 'H 514', 'start': '09:05'};{'day': 'We', 'end': '10:00', 'location': 'H 514', 'start': '09:05'};{'day': 'Fr', 'end': '10:00', 'location': 'H 514', 'start': '09:05'}","False","","3","C","20003","Research","2000"
"0000001250","1.0","0000000454","ENVST","27","4","9","6","8","NST","Angell, Diane K.","{'fsnum': '256', 'name': 'Angell, Diane K.'}","100","24","6","6","7","4","Conservation Biology","125","{'day': 'Mo', 'end': '08:55', 'location': 'SC 129', 'start': '08:00'};{'day': 'We', 'end': '08:55', 'location': 'SC 129', 'start': '08:00'};{'day': 'Fr', 'end': '08:55', 'location': 'SC 129', 'start': '08:00'}","False","","3","C","20003","Research","2000"
"0000001251","1.0","0000000455","ENVST","23","7","6","5","5","NST","Welch, Brian C.","{'fsnum': '13277', 'name': 'Welch, Brian C.'}","100","24","6","6","6","6","Intro: Enviro Studies","137","{'day': 'Tu', 'end': '09:25', 'location': 'SC 129', 'start': '08:00'};{'day': 'Th', 'end': '09:25', 'location': 'SC 129', 'start': '08:00'}","False","A","3","C","20003","Research","2000"
"0000001252","1.0","0000000455","ENVST","25","3","5","7","10","NST","Welch, Brian C.","{'fsnum': '13277', 'name': 'Welch, Brian C.'}","100","24","6","6","6","4","Intro: Enviro Studies","137","{'day': 'Tu', 'end': '11:00', 'location': 'SC 129', 'start': '09:35'};{'day': 'Th', 'end': '11:00', 'location': 'SC 129', 'start': '09:35'}","False","B","3","C","20003","Research","2000"
"0000001253","1.0","0000000459","ENVST","21","3","2","11","5","HBS","Bashor, Christen","{'fsnum': '13937', 'name': 'Bashor, Christen'}","200","24","","","","","Enviro Policy/Regulat","232","{'day': 'Tu', 'end': '09:25', 'location': 'H 301', 'start': '08:00'};{'day': 'Th', 'end': '09:25', 'location': 'H 301', 'start': '08:00'}","False","","3","O","20003","Research","2000"
"0000001254","1.0","0000000460","ENVST","18","3","5","5","5","NST","Jacobel, Robert","{'fsnum': '3646', 'name': 'Jacobel, Robert'}","200","24","10","6","9","","Global Climate Change","245","{'day': 'Tu', 'end': '13:10', 'location': 'SC 129', 'start': '23:45'};{'day': 'Th', 'end': '13:10', 'location': 'SC 129', 'start': '23:45'}","False","","3","O","20003","Research","2000"
"0000001255","1.0","0000000463","ENVST","20","0","9","5","6","EIN;WRI","Rohn, Matthew","{'fsnum': '6758', 'name': 'Rohn, Matthew'}","200","20","","","","","Ethics & Am Landscape","270","{'day': 'Tu', 'end': '11:00', 'location': 'FH SEM', 'start': '09:35'};{'day': 'Th', 'end': '11:00', 'location': 'FH SEM', 'start': '09:35'}","False","","3","C","20003","Research","2000"
"0000001256","1.0","0000000468","ENVST","12","0","0","0","12","","Bakko, Eugene","{'fsnum': '325', 'name': 'Bakko, Eugene'}","300","12","","","","","Sem: Environ Studies","399","{'day': 'Mo', 'end': '16:00', 'location': 'SC 129', 'start': '14:00'};{'day': 'We', 'end': '16:00', 'location': 'SC 129', 'start': '14:00'}","False","A","3","C","20003","Seminar","2000"
"0000001257","1.0","0000000468","ENVST","12","0","1","0","11","","Breen, Sheryl D.","{'fsnum': '13316', 'name': 'Breen, Sheryl D.'}","300","12","","","","","Sem: Environ Studies","399","{'day': 'Mo', 'end': '16:00', 'location': 'SC 129', 'start': '14:00'};{'day': 'We', 'end': '16:00', 'location': 'SC 129', 'start': '14:00'}","False","B","3","C","20003","Seminar","2000"
"0000001350","1.0","0000000649","FAMST","29","0","12","6","11","","Holt, C. George","{'fsnum': '3431', 'name': 'Holt, C. George'}","200","25","5","10","10","","Family Relationships","242","{'day': 'Mo', 'end': '11:40', 'location': 'H 317', 'start': '10:45'};{'day': 'We', 'end': '11:40', 'location': 'H 317', 'start': '10:45'};{'day': 'Fr', 'end': '11:40', 'location': 'H 317', 'start': '10:45'}","False","A","3","C","20003","Research","2000"
"0000001351","1.0","0000000649","FAMST","27","0","11","5","11","","Holt, C. George","{'fsnum': '3431', 'name': 'Holt, C. George'}","200","25","5","10","9","","Family Relationships","242","{'day': 'Mo', 'end': '12:45', 'location': 'H 317', 'start': '23:50'};{'day': 'We', 'end': '12:45', 'location': 'H 317', 'start': '23:50'};{'day': 'Fr', 'end': '12:45', 'location': 'H 317', 'start': '23:50'}","False","B","3","C","20003","Research","2000"
"0000001352","1.0","0000000651","FAMST","55","0","16","2","37","","Holt, C. George","{'fsnum': '3431', 'name': 'Holt, C. George'}","200","50","0","10","34","0","Human Sexuality","253","{'day': 'Tu', 'end': '14:45', 'location': 'H 501', 'start': '13:20'};{'day': 'Th', 'end': '14:45', 'location': 'H 501', 'start': '13:20'}","False","","3","C","20003","Research","2000"
"0000001353","1.0","0000000654","FAMST","1","0","0","0","1","","Holt, C. George","{'fsnum': '3431', 'name': 'Holt, C. George'}","200","","","","","","IS/Diverse Relations","298","","False","","3","O","20003","Research","2000"
"0000001260","1.0","0000000476","FREN","14","6","0","1","7","","Mather, M. Clare","{'fsnum': '5116', 'name': 'Mather, M. Clare'}","100","30","","","","","Beginning French I","111","{'day': 'Mo', 'end': '13:50', 'location': 'M 26', 'start': '12:55'};{'day': 'We', 'end': '13:50', 'location': 'M 26', 'start': '12:55'};{'day': 'Fr', 'end': '13:50', 'location': 'M 26', 'start': '12:55'}","False","","3","O","20003","Research","2000"
"0000001261","1.0","0000000477","FREN","25","16","4","2","3","","Latimer, Debra","{'fsnum': '13169', 'name': 'Latimer, Debra'}","100","30","","","","","Beginning French II","112","{'day': 'Mo', 'end': '14:55', 'location': 'M 26', 'start': '14:00'};{'day': 'We', 'end': '14:55', 'location': 'M 26', 'start': '14:00'};{'day': 'Fr', 'end': '14:55', 'location': 'M 26', 'start': '14:00'}","False","","3","O","20003","Research","2000"
"0000001262","1.0","0000000479","FREN","9","4","2","3","0","","Barjasteh, Jolene","{'fsnum': '337', 'name': 'Barjasteh, Jolene'}","200","30","","","","","Intermed French I","231","{'day': 'Mo', 'end': '08:55', 'location': 'M 26', 'start': '08:00'};{'day': 'We', 'end': '08:55', 'location': 'M 26', 'start': '08:00'};{'day': 'Fr', 'end': '08:55', 'location': 'M 26', 'start': '08:00'}","False","","3","O","20003","Research","2000"
"0000001263","1.0","0000000480","FREN","26","18","0","4","4","FOL-F;MCS-G","Allen, Wendy","{'fsnum': '102', 'name': 'Allen, Wendy'}","200","30","","","","","Intermed French II","232","{'day': 'Mo', 'end': '10:00', 'location': 'M 26', 'start': '09:05'};{'day': 'We', 'end': '10:00', 'location': 'M 26', 'start': '09:05'};{'day': 'Fr', 'end': '10:00', 'location': 'M 26', 'start': '09:05'}","False","A","3","O","20003","Research","2000"
"0000001264","1.0","0000000480","FREN","14","9","1","4","0","FOL-F;MCS-G","Allen, Wendy","{'fsnum': '102', 'name': 'Allen, Wendy'}","200","30","","","","","Intermed French II","232","{'day': 'Mo', 'end': '11:40', 'location': 'M 26', 'start': '10:45'};{'day': 'We', 'end': '11:40', 'location': 'M 26', 'start': '10:45'};{'day': 'Fr', 'end': '11:40', 'location': 'M 26', 'start': '10:45'}","False","B","3","O","20003","Research","2000"
"0000001265","1.0","0000000480","FREN","25","20","0","2","3","FOL-F;MCS-G","Homler, Scott","{'fsnum': '3438', 'name': 'Homler, Scott'}","200","30","","","","","Intermed French II","232","{'day': 'Mo', 'end': '12:45', 'location': 'M 26', 'start': '23:50'};{'day': 'We', 'end': '12:45', 'location': 'M 26', 'start': '23:50'};{'day': 'Fr', 'end': '12:45', 'location': 'M 26', 'start': '23:50'}","False","C","3","O","20003","Research","2000"
"0000001266","1.0","0000000485","FREN","12","4","1","4","3","ALS-L;FOL-F;WRI","Homler, Scott","{'fsnum': '3438', 'name': 'Homler, Scott'}","200","30","","","","","Intro Literary Analy","253","{'day': 'Tu', 'end': '11:00', 'location': 'M 26', 'start': '09:35'};{'day': 'Th', 'end': '11:00', 'location': 'M 26', 'start': '09:35'}","False","","3","O","20003","Research","2000"
"0000001267","1.0","0000000488","FREN","10","1","2","2","5","FOL-F","Barjasteh, Jolene","{'fsnum': '337', 'name': 'Barjasteh, Jolene'}","200","30","","","","","Per Stud: Belle Epoque","273","{'day': 'Tu', 'end': '14:45', 'location': 'M 26', 'start': '13:20'};{'day': 'Th', 'end': '14:45', 'location': 'M 26', 'start': '13:20'}","False","","3","O","20003","Research","2000"
"0000001268","1.0","0000000495","FREN","10","0","2","1","7","EIN","Cisar, Mary","{'fsnum': '1191', 'name': 'Cisar, Mary'}","300","","","","","","Moral Universe/G Roy","397","{'day': 'Tu', 'end': '13:10', 'location': 'M 26', 'start': '23:45'};{'day': 'Th', 'end': '13:10', 'location': 'M 26', 'start': '23:45'}","False","","3","O","20003","Research","2000"
"0000001299","1.0","0000000533","GCON","24","23","0","0","1","FYW;HWC","Carullo, Sylvia","{'fsnum': '977', 'name': 'Carullo, Sylvia'}","100","","","","","","Medieval Synthesis","116","{'day': 'Mo', 'end': '11:40', 'location': 'H 514', 'start': '10:45'};{'day': 'We', 'end': '11:40', 'location': 'H 514', 'start': '10:45'};{'day': 'Fr', 'end': '11:40', 'location': 'H 514', 'start': '10:45'};{'day': 'Mo', 'end': '11:40', 'location': 'BC Viking', 'start': '10:45'};{'day': 'We', 'end': '11:40', 'location': 'BC Viking', 'start': '10:45'};{'day': 'Fr', 'end': '11:40', 'location': 'BC Viking', 'start': '10:45'}","False","A","3","C","20003","Research","2000"
"0000001300","1.0","0000000533","GCON","23","20","0","1","2","FYW;HWC","Fairbanks, Rick A.","{'fsnum': '2022', 'name': 'Fairbanks, Rick A.'}","100","","","","","","Medieval Synthesis","116","{'day': 'Mo', 'end': '11:40', 'location': 'H 515', 'start': '10:45'};{'day': 'We', 'end': '11:40', 'location': 'H 515', 'start': '10:45'};{'day': 'Fr', 'end': '11:40', 'location': 'H 515', 'start': '10:45'};{'day': 'Mo', 'end': '11:40', 'location': 'BC Viking', 'start': '10:45'};{'day': 'We', 'end': '11:40', 'location': 'BC Viking', 'start': '10:45'};{'day': 'Fr', 'end': '11:40', 'location': 'BC Viking', 'start': '10:45'}","False","B","3","C","20003","Research","2000"
"0000001301","1.0","0000000533","GCON","23","22","0","0","1","FYW;HWC","May, James","{'fsnum': '5130', 'name': 'May, James'}","100","","","","","","Medieval Synthesis","116","{'day': 'Mo', 'end': '11:40', 'location': 'H 516', 'start': '10:45'};{'day': 'We', 'end': '11:40', 'location': 'H 516', 'start': '10:45'};{'day': 'Fr', 'end': '11:40', 'location': 'H 516', 'start': '10:45'};{'day': 'Mo', 'end': '11:40', 'location': 'BC Viking', 'start': '10:45'};{'day': 'We', 'end': '11:40', 'location': 'BC Viking', 'start': '10:45'};{'day': 'Fr', 'end': '11:40', 'location': 'BC Viking', 'start': '10:45'}","False","C","3","C","20003","Research","2000"
"0000001302","1.0","0000000535","GCON","23","0","0","22","1","ALS-A;HWC;ORC;WRI","Benson, W. Bruce","{'fsnum': '368', 'name': 'Benson, W. Bruce'}","200","","","","","","Dissenters/Defenders","218","{'day': 'Mo', 'end': '14:55', 'location': 'H 514', 'start': '14:00'};{'day': 'We', 'end': '14:55', 'location': 'H 514', 'start': '14:00'};{'day': 'Fr', 'end': '14:55', 'location': 'H 514', 'start': '14:00'};{'day': 'Mo', 'end': '14:55', 'location': 'H 501 PLENARY', 'start': '14:00'};{'day': 'We', 'end': '14:55', 'location': 'H 501 PLENARY', 'start': '14:00'};{'day': 'Fr', 'end': '14:55', 'location': 'H 501 PLENARY', 'start': '14:00'}","False","A","3","O","20003","Research","2000"
"0000001303","1.0","0000000535","GCON","21","0","0","20","1","ALS-A;HWC;ORC;WRI","Nelson, Jon Eric","{'fsnum': '5506', 'name': 'Nelson, Jon Eric'}","200","","","","","","Dissenters/Defenders","218","{'day': 'Mo', 'end': '14:55', 'location': 'H 515', 'start': '14:00'};{'day': 'We', 'end': '14:55', 'location': 'H 515', 'start': '14:00'};{'day': 'Fr', 'end': '14:55', 'location': 'H 515', 'start': '14:00'};{'day': 'Mo', 'end': '14:55', 'location': 'H 501 PLENARY', 'start': '14:00'};{'day': 'We', 'end': '14:55', 'location': 'H 501 PLENARY', 'start': '14:00'};{'day': 'Fr', 'end': '14:55', 'location': 'H 501 PLENARY', 'start': '14:00'}","False","B","3","O","20003","Research","2000"
"0000001304","1.0","0000000535","GCON","19","0","0","18","1","ALS-A;HWC;ORC;WRI","Zempel, Solveig","{'fsnum': '9184', 'name': 'Zempel, Solveig'}","200","","","","","","Dissenters/Defenders","218","{'day': 'Mo', 'end': '14:55', 'location': 'H 516', 'start': '14:00'};{'day': 'We', 'end': '14:55', 'location': 'H 516', 'start': '14:00'};{'day': 'Fr', 'end': '14:55', 'location': 'H 516', 'start': '14:00'};{'day': 'Mo', 'end': '14:55', 'location': 'H 501 PLENARY', 'start': '14:00'};{'day': 'We', 'end': '14:55', 'location': 'H 501 PLENARY', 'start': '14:00'};{'day': 'Fr', 'end': '14:55', 'location': 'H 501 PLENARY', 'start': '14:00'}","False","C","3","O","20003","Research","2000"
"0000001305","1.0","0000000538","GCON","23","0","8","1","14","EIN;WRI","Santurri, Edmund","{'fsnum': '7020', 'name': 'Santurri, Edmund'}","300","","","","","","Ethical ISSues/Gr Con","310","{'day': 'Mo', 'end': '11:40', 'location': 'CH 109', 'start': '10:45'};{'day': 'We', 'end': '11:40', 'location': 'CH 109', 'start': '10:45'};{'day': 'Fr', 'end': '11:40', 'location': 'CH 109', 'start': '10:45'}","False","","3","O","20003","Research","2000"
"0000001269","1.0","0000000498","GE","18","18","0","0","0","FYW","Wilson, Charles","{'fsnum': '9090', 'name': 'Wilson, Charles'}","100","19","","","","","First Year Writing","111","{'day': 'Mo', 'end': '11:40', 'location': 'CH 101', 'start': '10:45'};{'day': 'We', 'end': '11:40', 'location': 'CH 101', 'start': '10:45'};{'day': 'Fr', 'end': '11:40', 'location': 'CH 101', 'start': '10:45'}","False","A","3","C","20003","Research","2000"
"0000001270","1.0","0000000498","GE","20","19","0","0","1","FYW","Nelson, Jon Eric","{'fsnum': '5506', 'name': 'Nelson, Jon Eric'}","100","19","","","","","First Year Writing","111","{'day': 'Mo', 'end': '12:45', 'location': 'L 420', 'start': '23:50'};{'day': 'We', 'end': '12:45', 'location': 'L 420', 'start': '23:50'};{'day': 'Fr', 'end': '12:45', 'location': 'L 420', 'start': '23:50'}","False","B","3","C","20003","Research","2000"
"0000001271","1.0","0000000498","GE","20","18","0","0","2","FYW","Holly, Carol","{'fsnum': '3424', 'name': 'Holly, Carol'}","100","19","","","","","First Year Writing","111","{'day': 'Mo', 'end': '14:55', 'location': 'L 420', 'start': '14:00'};{'day': 'We', 'end': '14:55', 'location': 'L 420', 'start': '14:00'};{'day': 'Fr', 'end': '14:55', 'location': 'L 420', 'start': '14:00'}","False","C","3","C","20003","Research","2000"
"0000001272","1.0","0000000498","GE","20","17","0","1","2","FYW","Steen, Mary","{'fsnum': '7961', 'name': 'Steen, Mary'}","100","19","","","","","First Year Writing","111","{'day': 'Tu', 'end': '09:25', 'location': 'L 525', 'start': '08:00'};{'day': 'Th', 'end': '09:25', 'location': 'L 525', 'start': '08:00'}","False","D","3","C","20003","Research","2000"
"0000001273","1.0","0000000498","GE","19","15","0","1","3","FYW","Wicks, Gary","{'fsnum': '9030', 'name': 'Wicks, Gary'}","100","19","","","","","First Year Writing","111","{'day': 'Tu', 'end': '09:25', 'location': 'L 515', 'start': '08:00'};{'day': 'Th', 'end': '09:25', 'location': 'L 515', 'start': '08:00'}","False","E","3","C","20003","Research","2000"
"0000001274","1.0","0000000498","GE","19","17","0","0","2","FYW","Postlethwaite, Diana","{'fsnum': '6403', 'name': 'Postlethwaite, Diana'}","100","19","","","","","First Year Writing","111","{'day': 'Tu', 'end': '11:00', 'location': 'L 420', 'start': '09:35'};{'day': 'Th', 'end': '11:00', 'location': 'L 420', 'start': '09:35'}","False","F","3","C","20003","Research","2000"
"0000001275","1.0","0000000498","GE","19","18","0","0","1","FYW","Cherewatuk, Karen","{'fsnum': '1076', 'name': 'Cherewatuk, Karen'}","100","19","","","","","First Year Writing","111","{'day': 'Tu', 'end': '11:00', 'location': 'L 421', 'start': '09:35'};{'day': 'Th', 'end': '11:00', 'location': 'L 421', 'start': '09:35'}","False","G","3","C","20003","Research","2000"
"0000001276","1.0","0000000498","GE","21","18","0","0","3","FYW","Mbele, Joseph L.","{'fsnum': '5144', 'name': 'Mbele, Joseph L.'}","100","19","","","","","First Year Writing","111","{'day': 'Tu', 'end': '11:00', 'location': 'L 177', 'start': '09:35'};{'day': 'Th', 'end': '11:00', 'location': 'L 177', 'start': '09:35'}","False","H","3","C","20003","Research","2000"
"0000001277","1.0","0000000498","GE","17","16","0","0","1","FYW","Larson, Phyllis Hyland","{'fsnum': '4624', 'name': 'Larson, Phyllis Hyland'}","100","19","","","","","First Year Writing","111","{'day': 'Tu', 'end': '11:00', 'location': 'L 577', 'start': '09:35'};{'day': 'Th', 'end': '11:00', 'location': 'L 577', 'start': '09:35'}","False","I","3","C","20003","Research","2000"
"0000001278","1.0","0000000498","GE","17","16","0","0","1","FYW","Steen, Mary","{'fsnum': '7961', 'name': 'Steen, Mary'}","100","19","","","","","First Year Writing","111","{'day': 'Tu', 'end': '13:10', 'location': 'L 525', 'start': '23:45'};{'day': 'Th', 'end': '13:10', 'location': 'L 525', 'start': '23:45'}","False","J","3","C","20003","Research","2000"
"0000001279","1.0","0000000498","GE","19","16","0","0","3","FYW","Richards, Melanie","{'fsnum': '10436', 'name': 'Richards, Melanie'}","100","19","","","","","First Year Writing","111","{'day': 'Tu', 'end': '13:10', 'location': 'L 421', 'start': '23:45'};{'day': 'Th', 'end': '13:10', 'location': 'L 421', 'start': '23:45'}","False","K","3","C","20003","Research","2000"
"0000001280","1.0","0000000498","GE","20","19","0","0","1","FYW","Lesniaski, David","{'fsnum': '4763', 'name': 'Lesniaski, David'}","100","19","","","","","First Year Writing","111","{'day': 'Tu', 'end': '13:10', 'location': 'L 177', 'start': '23:45'};{'day': 'Th', 'end': '13:10', 'location': 'L 177', 'start': '23:45'}","False","L","3","C","20003","Research","2000"
"0000001281","1.0","0000000498","GE","20","18","0","0","2","FYW","Hill, Jan C.","{'fsnum': '109', 'name': 'Hill, Jan C.'}","100","19","","","","","First Year Writing","111","{'day': 'Tu', 'end': '14:45', 'location': 'L 515', 'start': '13:20'};{'day': 'Th', 'end': '14:45', 'location': 'L 515', 'start': '13:20'}","False","M","3","C","20003","Research","2000"
"0000001282","1.0","0000000498","GE","14","13","0","0","1","FYW","Hill, Jan C.","{'fsnum': '109', 'name': 'Hill, Jan C.'}","100","19","","","","","First Year Writing","111","{'day': 'Tu', 'end': '14:45', 'location': 'L 520', 'start': '13:20'};{'day': 'Th', 'end': '14:45', 'location': 'L 520', 'start': '13:20'}","False","N","3","C","20003","Research","2000"
"0000001283","1.0","0000000498","GE","19","19","0","0","0","FYW","Levine, Signe","{'fsnum': '12295', 'name': 'Levine, Signe'}","100","19","","","","","First Year Writing","111","{'day': 'Tu', 'end': '14:45', 'location': 'L 420', 'start': '13:20'};{'day': 'Th', 'end': '14:45', 'location': 'L 420', 'start': '13:20'}","False","O","3","C","20003","Research","2000"
"0000001284","1.0","0000000498","GE","20","18","0","1","1","FYW","Richards, Melanie","{'fsnum': '10436', 'name': 'Richards, Melanie'}","100","19","","","","","First Year Writing","111","{'day': 'Tu', 'end': '14:45', 'location': 'L 421', 'start': '13:20'};{'day': 'Th', 'end': '14:45', 'location': 'L 421', 'start': '13:20'}","False","P","3","C","20003","Research","2000"
"0000001285","1.0","0000000499","GEOG","28","1","6","12","9","","Dunning, Richard","{'fsnum': '1543', 'name': 'Dunning, Richard'}","200","35","","","","","Human Geography","232","{'day': 'Tu', 'end': '09:25', 'location': 'M 35', 'start': '08:00'};{'day': 'Th', 'end': '09:25', 'location': 'M 35', 'start': '08:00'}","False","","3","O","20003","Research","2000"
"0000001286","1.0","0000000504","GERM","6","4","0","1","1","","Von Schwerin-High, Frederike","{'fsnum': '8820', 'name': 'Von Schwerin-High, Frederike'}","100","","","","","","Beginning German I","111","{'day': 'Mo', 'end': '12:45', 'location': 'M 30', 'start': '23:50'};{'day': 'We', 'end': '12:45', 'location': 'M 30', 'start': '23:50'};{'day': 'Fr', 'end': '12:45', 'location': 'M 30', 'start': '23:50'}","False","","3","O","20003","Research","2000"
"0000001287","1.0","0000000505","GERM","19","12","0","1","6","","Rippley, Lavern","{'fsnum': '6671', 'name': 'Rippley, Lavern'}","100","","","","","","Beginning German II","112","{'day': 'Mo', 'end': '08:55', 'location': 'M 35', 'start': '08:00'};{'day': 'We', 'end': '08:55', 'location': 'M 35', 'start': '08:00'};{'day': 'Fr', 'end': '08:55', 'location': 'M 35', 'start': '08:00'}","False","A","3","O","20003","Research","2000"
"0000001288","1.0","0000000505","GERM","16","9","4","1","2","","Rippley, Lavern","{'fsnum': '6671', 'name': 'Rippley, Lavern'}","100","20","","","","","Beginning German II","112","{'day': 'Mo', 'end': '10:00', 'location': 'M 35', 'start': '09:05'};{'day': 'We', 'end': '10:00', 'location': 'M 35', 'start': '09:05'};{'day': 'Fr', 'end': '10:00', 'location': 'M 35', 'start': '09:05'}","False","B","3","C","20003","Research","2000"
"0000001289","1.0","0000000508","GERM","15","13","1","0","1","","Fink, Karl","{'fsnum': '2103', 'name': 'Fink, Karl'}","200","","","","","","Intermed German I","231","{'day': 'Mo', 'end': '10:00', 'location': 'M 4', 'start': '09:05'};{'day': 'We', 'end': '10:00', 'location': 'M 4', 'start': '09:05'};{'day': 'Fr', 'end': '10:00', 'location': 'M 4', 'start': '09:05'}","False","","3","O","20003","Research","2000"
"0000001290","1.0","0000000509","GERM","29","19","1","8","1","FOL-G","Wala, Michael","{'fsnum': '13106', 'name': 'Wala, Michael'}","200","","","","","","Intermed German II","232","{'day': 'Mo', 'end': '12:45', 'location': 'M 35', 'start': '23:50'};{'day': 'We', 'end': '12:45', 'location': 'M 35', 'start': '23:50'};{'day': 'Fr', 'end': '12:45', 'location': 'M 35', 'start': '23:50'}","False","","3","O","20003","Research","2000"
"0000001291","1.0","0000001757","GERM","10","5","2","1","2","FOL-G;WRI","Von Schwerin-High, Frederike","{'fsnum': '8820', 'name': 'Von Schwerin-High, Frederike'}","200","","","","","","Writing German","251","{'day': 'Mo', 'end': '14:55', 'location': 'M 35', 'start': '14:00'};{'day': 'We', 'end': '14:55', 'location': 'M 35', 'start': '14:00'};{'day': 'Fr', 'end': '14:55', 'location': 'M 35', 'start': '14:00'}","False","","3","O","20003","Research","2000"
"0000001292","1.0","0000001760","GERM","15","8","2","3","2","FOL-G","Wala, Michael","{'fsnum': '13106', 'name': 'Wala, Michael'}","200","","","","","","Business German","266","{'day': 'Mo', 'end': '22:00', 'location': 'M 35', 'start': '19:00'}","False","","3","O","20003","Research","2000"
"0000001293","1.0","0000000523","GERM","1","0","0","0","1","","Fink, Karl","{'fsnum': '2103', 'name': 'Fink, Karl'}","200","","","","","","IS/German Stories","298","","False","","3","O","20003","Research","2000"
"0000001294","1.0","0000000523","GERM","1","0","0","0","1","","Von Schwerin-High, Frederike","{'fsnum': '8820', 'name': 'Von Schwerin-High, Frederike'}","200","","","","","","IS/Glass Bead Game","298","","False","A","3","O","20003","Research","2000"
"0000001295","1.0","0000000523","GERM","1","0","0","0","1","","Broner, Maggie","{'fsnum': '792', 'name': 'Broner, Maggie'}","200","","","","","","IS/German Dialects","298","","False","B","3","O","20003","Research","2000"
"0000001296","1.0","0000000524","GERM","6","0","3","1","2","FOL-G","Wala, Michael","{'fsnum': '13106', 'name': 'Wala, Michael'}","300","","","","","","Sem: German Studies","340","{'day': 'Tu', 'end': '13:10', 'location': 'M 35', 'start': '23:45'};{'day': 'Th', 'end': '13:10', 'location': 'M 35', 'start': '23:45'}","False","","3","O","20003","Seminar","2000"
"0000001297","1.0","0000000528","GERM","11","1","4","3","3","ALS-L;FOL-G;ORC","Fink, Karl","{'fsnum': '2103', 'name': 'Fink, Karl'}","300","","","","","","Goethes Faust","380","{'day': 'Mo', 'end': '11:50', 'location': 'CT 216', 'start': '10:45'};{'day': 'We', 'end': '11:50', 'location': 'CT 216', 'start': '10:45'};{'day': 'Fr', 'end': '11:50', 'location': 'CT 216', 'start': '10:45'}","False","","3","O","20003","Research","2000"
"0000001298","1.0","0000000530","GERM","1","0","1","0","0","","Wala, Michael","{'fsnum': '13106', 'name': 'Wala, Michael'}","300","","","","","","IR/Nurenberg Trials","398","","False","","3","O","20003","Research","2000"
"0000001306","1.0","0000000540","GREEK","20","10","1","6","3","","Compton-Engle, Gwendolyn","{'fsnum': '1216', 'name': 'Compton-Engle, Gwendolyn'}","100","","","","","","Beginning Greek II","112","{'day': 'Mo', 'end': '08:55', 'location': 'M 30', 'start': '08:00'};{'day': 'We', 'end': '08:55', 'location': 'M 30', 'start': '08:00'};{'day': 'Fr', 'end': '08:55', 'location': 'M 30', 'start': '08:00'}","False","","3","O","20003","Research","2000"
"0000001307","1.0","0000000542","GREEK","13","0","4","4","5","FOL-K","Compton-Engle, Gwendolyn","{'fsnum': '1216', 'name': 'Compton-Engle, Gwendolyn'}","200","","","","","","New Testament Greek","253","{'day': 'Mo', 'end': '11:40', 'location': 'M 3', 'start': '10:45'};{'day': 'We', 'end': '11:40', 'location': 'M 3', 'start': '10:45'};{'day': 'Fr', 'end': '11:40', 'location': 'M 3', 'start': '10:45'}","False","","3","O","20003","Research","2000"
"0000001308","1.0","0000000546","GREEK","4","0","2","1","1","FOL-K","Groton, Anne","{'fsnum': '2771', 'name': 'Groton, Anne'}","300","","","","","","Greek Philosophy","372","{'day': 'Tu', 'end': '11:00', 'location': 'M 36', 'start': '09:35'};{'day': 'Th', 'end': '11:00', 'location': 'M 36', 'start': '09:35'}","False","","3","O","20003","Research","2000"
"0000001309","1.0","0000000551","GREEK","1","0","0","0","1","","May, James","{'fsnum': '5130', 'name': 'May, James'}","300","","","","","","IR/Septuagint Study","398","","False","","3","O","20003","Research","2000"
"0000001310","1.0","0000001769","HIST","35","31","0","1","3","HWC;WRI","Olson, Richard A.","{'fsnum': '5932', 'name': 'Olson, Richard A.'}","100","25","","","","","Athens & Rome","101","{'day': 'Mo', 'end': '08:55', 'location': 'H 501', 'start': '08:00'};{'day': 'We', 'end': '08:55', 'location': 'H 501', 'start': '08:00'};{'day': 'Fr', 'end': '08:55', 'location': 'H 501', 'start': '08:00'}","False","","3","C","20003","Research","2000"
"0000001311","1.0","0000000553","HIST","17","15","0","0","2","HWC;WRI","","","100","23","","","","","Vikings","105","{'day': 'Tu', 'end': '11:00', 'location': 'M 4', 'start': '09:35'};{'day': 'Th', 'end': '11:00', 'location': 'M 4', 'start': '09:35'}","False","","3","C","20003","Research","2000"
"0000001312","1.0","0000000557","HIST","21","18","0","0","3","HWC;WRI","Peters, Dolores","{'fsnum': '6245', 'name': 'Peters, Dolores'}","100","23","","","","","Europe/Great War","116","{'day': 'Tu', 'end': '13:10', 'location': 'M 1', 'start': '23:45'};{'day': 'Th', 'end': '13:10', 'location': 'M 1', 'start': '23:45'}","False","","3","C","20003","Research","2000"
"0000001313","1.0","0000001778","HIST","19","17","0","0","2","HWC;WRI","Michaelson, Aaron","{'fsnum': '13999', 'name': 'Michaelson, Aaron'}","100","23","","","","","Europe in Cold War","118","{'day': 'Mo', 'end': '14:55', 'location': 'H 413', 'start': '14:00'};{'day': 'We', 'end': '14:55', 'location': 'H 413', 'start': '14:00'};{'day': 'Fr', 'end': '14:55', 'location': 'H 413', 'start': '14:00'}","False","","3","C","20003","Research","2000"
"0000001314","1.0","0000001779","HIST","24","18","1","0","5","HWC;WRI","Farrell, James","{'fsnum': '2030', 'name': 'Farrell, James'}","100","23","","","","","Us Consumr Culture","121","{'day': 'Mo', 'end': '14:55', 'location': 'M 4', 'start': '14:00'};{'day': 'We', 'end': '14:55', 'location': 'M 4', 'start': '14:00'};{'day': 'Fr', 'end': '14:55', 'location': 'M 4', 'start': '14:00'}","False","","3","C","20003","Research","2000"
"0000001315","1.0","0000000558","HIST","16","14","0","0","2","MCS-G","DeLaney, Jeane","{'fsnum': '1368', 'name': 'DeLaney, Jeane'}","100","23","","","","","Maya Colonial-Present","125","{'day': 'Tu', 'end': '14:45', 'location': 'M 31', 'start': '13:20'};{'day': 'Th', 'end': '14:45', 'location': 'M 31', 'start': '13:20'}","False","","3","C","20003","Research","2000"
"0000001316","1.0","0000001789","HIST","20","19","0","0","1","HWC;WRI","Hahn, Steve C.","{'fsnum': '13148', 'name': 'Hahn, Steve C.'}","100","23","","","","","American Revolution","130","{'day': 'Mo', 'end': '12:45', 'location': 'H 403', 'start': '23:50'};{'day': 'We', 'end': '12:45', 'location': 'H 403', 'start': '23:50'};{'day': 'Fr', 'end': '12:45', 'location': 'H 403', 'start': '23:50'}","False","","3","C","20003","Research","2000"
"0000001317","1.0","0000000570","HIST","23","19","0","0","4","HWC;MCS-D;WRI","Kutulas, Judy","{'fsnum': '4583', 'name': 'Kutulas, Judy'}","100","20","","","","","America Since 1945","140","{'day': 'Mo', 'end': '11:40', 'location': 'L 577', 'start': '10:45'};{'day': 'We', 'end': '11:40', 'location': 'L 577', 'start': '10:45'};{'day': 'Fr', 'end': '11:40', 'location': 'L 577', 'start': '10:45'}","False","","3","C","20003","Research","2000"
"0000001318","1.0","0000000574","HIST","28","9","7","6","6","HWC;WRI","Peters, Dolores","{'fsnum': '6245', 'name': 'Peters, Dolores'}","100","33","","","","","Europe,1500-Present","191","{'day': 'Mo', 'end': '11:40', 'location': 'M 35', 'start': '10:45'};{'day': 'We', 'end': '11:40', 'location': 'M 35', 'start': '10:45'};{'day': 'Fr', 'end': '11:40', 'location': 'M 35', 'start': '10:45'}","False","","3","C","20003","Research","2000"
"0000001319","1.0","0000000576","HIST","30","13","7","7","3","MCS-G;WRI","Michaelson, Aaron","{'fsnum': '13999', 'name': 'Michaelson, Aaron'}","100","35","","","","","Global,1500-Present","196","{'day': 'Mo', 'end': '12:45', 'location': 'L 577', 'start': '23:50'};{'day': 'We', 'end': '12:45', 'location': 'L 577', 'start': '23:50'};{'day': 'Fr', 'end': '12:45', 'location': 'L 577', 'start': '23:50'}","False","","3","C","20003","Research","2000"
"0000001320","1.0","0000001820","HIST","34","1","12","9","12","HWC;MCS-D;WRI","Kutulas, Judy","{'fsnum': '4583', 'name': 'Kutulas, Judy'}","200","33","","","","","U.S. Since 1865","206","{'day': 'Mo', 'end': '10:00', 'location': 'H 501', 'start': '09:05'};{'day': 'We', 'end': '10:00', 'location': 'H 501', 'start': '09:05'};{'day': 'Fr', 'end': '10:00', 'location': 'H 501', 'start': '09:05'}","False","A","3","C","20003","Research","2000"
"0000001321","1.0","0000001820","HIST","24","1","5","5","13","HWC;MCS-D;WRI","Fitzgerald, Michael","{'fsnum': '2113', 'name': 'Fitzgerald, Michael'}","200","28","","","","","U.S. Since 1865","206","{'day': 'Mo', 'end': '13:50', 'location': 'H 501', 'start': '12:55'};{'day': 'We', 'end': '13:50', 'location': 'H 501', 'start': '12:55'};{'day': 'Fr', 'end': '13:50', 'location': 'H 501', 'start': '12:55'}","False","B","3","C","20003","Research","2000"
"0000001322","1.0","0000000582","HIST","53","4","15","28","6","HWC","Olson, Richard A.","{'fsnum': '5932', 'name': 'Olson, Richard A.'}","200","35","","","","","Ancient Rome","211","{'day': 'Tu', 'end': '09:25', 'location': 'H 501', 'start': '08:00'};{'day': 'Th', 'end': '09:25', 'location': 'H 501', 'start': '08:00'}","False","","3","C","20003","Research","2000"
"0000001323","1.0","0000001814","HIST","35","3","10","13","9","HWC","Carrington, J. L.","{'fsnum': '971', 'name': 'Carrington, J. L.'}","200","35","","","","","Medieval Europe","212","{'day': 'Mo', 'end': '14:55', 'location': 'L 577', 'start': '14:00'};{'day': 'We', 'end': '14:55', 'location': 'L 577', 'start': '14:00'};{'day': 'Fr', 'end': '14:55', 'location': 'L 577', 'start': '14:00'}","False","","3","C","20003","Research","2000"
"0000001324","1.0","0000000597","HIST","18","3","2","6","7","HWC;WRI","Nichols, Robert","{'fsnum': '5608', 'name': 'Nichols, Robert'}","200","35","","","","","20th Century Russia","223","{'day': 'Mo', 'end': '14:55', 'location': 'M 2', 'start': '14:00'};{'day': 'We', 'end': '14:55', 'location': 'M 2', 'start': '14:00'};{'day': 'Fr', 'end': '14:55', 'location': 'M 2', 'start': '14:00'}","False","","3","O","20003","Research","2000"
"0000001325","1.0","0000000591","HIST","20","4","3","9","4","HWC;WRI","","","200","35","","","","","Modern Scandinavia","224","{'day': 'Tu', 'end': '14:45', 'location': 'M 35', 'start': '13:20'};{'day': 'Th', 'end': '14:45', 'location': 'M 35', 'start': '13:20'}","False","","3","O","20003","Research","2000"
"0000001326","0.25","0000000591","HIST","4","3","0","0","1","","","","200","","","","","","FLC-Norwegian","224","","False","L","3","O","20003","Research","2000"
"0000001327","1.0","0000000602","HIST","27","3","5","15","4","HWC;WRI","Peters, Dolores","{'fsnum': '6245', 'name': 'Peters, Dolores'}","200","30","","","","","Women/Gender/Europe","232","{'day': 'Mo', 'end': '13:50', 'location': 'M 4', 'start': '12:55'};{'day': 'We', 'end': '13:50', 'location': 'M 4', 'start': '12:55'};{'day': 'Fr', 'end': '13:50', 'location': 'M 4', 'start': '12:55'}","False","","3","C","20003","Research","2000"
"0000001328","1.0","0000000618","HIST","30","6","7","11","6","HWC;MCS-D","Fitzgerald, Michael","{'fsnum': '2113', 'name': 'Fitzgerald, Michael'}","200","30","","","","","African--Amer Hist","242","{'day': 'Tu', 'end': '11:00', 'location': 'H 302', 'start': '09:35'};{'day': 'Th', 'end': '11:00', 'location': 'H 302', 'start': '09:35'}","False","","3","C","20003","Research","2000"
"0000001329","1.0","0000000617","HIST","36","2","11","20","3","HWC;WRI","Farrell, James","{'fsnum': '2030', 'name': 'Farrell, James'}","200","35","","","","","Amer Environmental","246","{'day': 'Mo', 'end': '11:40', 'location': 'L 177', 'start': '10:45'};{'day': 'We', 'end': '11:40', 'location': 'L 177', 'start': '10:45'};{'day': 'Fr', 'end': '11:40', 'location': 'L 177', 'start': '10:45'}","False","","3","C","20003","Research","2000"
"0000001330","1.0","0000001836","HIST","22","0","7","11","4","MCS-D;WRI","Hahn, Steve C.","{'fsnum': '13148', 'name': 'Hahn, Steve C.'}","200","35","","","","","Us Top: Native Amercn","250","{'day': 'Tu', 'end': '13:10', 'location': 'M 2', 'start': '23:45'};{'day': 'Th', 'end': '13:10', 'location': 'M 2', 'start': '23:45'}","False","","3","O","20003","Topic","2000"
"0000001331","1.0","0000000609","HIST","17","4","3","4","6","MCS-G;WRI","Nordmann, David","{'fsnum': '14058', 'name': 'Nordmann, David'}","200","30","","","","","Modern China","261","{'day': 'Mo', 'end': '10:00', 'location': 'H 516', 'start': '09:05'};{'day': 'We', 'end': '10:00', 'location': 'H 516', 'start': '09:05'};{'day': 'Fr', 'end': '10:00', 'location': 'H 516', 'start': '09:05'}","False","","3","O","20003","Research","2000"
"0000001332","1.0","0000000610","HIST","36","2","11","10","13","ALS-L;MCS-G","Entenmann, Robert","{'fsnum': '1821', 'name': 'Entenmann, Robert'}","200","30","","","","","Japanese Civilization","262","{'day': 'Tu', 'end': '11:00', 'location': 'M 31', 'start': '09:35'};{'day': 'Th', 'end': '11:00', 'location': 'M 31', 'start': '09:35'}","False","","3","C","20003","Research","2000"
"0000001333","1.0","0000000625","HIST","1","0","0","0","1","","Larson, Phyllis Hyland","{'fsnum': '4624', 'name': 'Larson, Phyllis Hyland'}","200","","","","","","IS/20th Century Japan","298","","False","","3","O","20003","Research","2000"
"0000001334","1.0","0000000625","HIST","1","0","1","0","0","","Hahn, Steve C.","{'fsnum': '13148', 'name': 'Hahn, Steve C.'}","200","","","","","","IS/Urban Life/Early A","298","","False","A","3","O","20003","Research","2000"
"0000001335","1.0","0000000625","HIST","1","1","0","0","0","","Peters, Dolores","{'fsnum': '6245', 'name': 'Peters, Dolores'}","200","","","","","","IS/WW I and Society","298","","False","B","3","O","20003","Research","2000"
"0000001336","1.0","0000000628","HIST","26","0","10","5","11","","Olson, Richard A.","{'fsnum': '5932', 'name': 'Olson, Richard A.'}","300","14","","","","","Greek Civilization","302","{'day': 'Mo', 'end': '13:50', 'location': 'H 413', 'start': '12:55'};{'day': 'We', 'end': '13:50', 'location': 'H 413', 'start': '12:55'};{'day': 'Fr', 'end': '13:50', 'location': 'H 413', 'start': '12:55'}","False","","3","C","20003","Seminar","2000"
"0000001337","1.0","0000001860","HIST","17","0","9","1","7","","Carrington, J. L.","{'fsnum': '971', 'name': 'Carrington, J. L.'}","300","14","","","","","Early Modern Europe","309","{'day': 'Tu', 'end': '13:10', 'location': 'H 514', 'start': '23:45'};{'day': 'Th', 'end': '13:10', 'location': 'H 514', 'start': '23:45'}","False","","3","C","20003","Seminar","2000"
"0000001338","1.0","0000001869","HIST","17","0","10","3","4","WRI","Fitzgerald, Michael","{'fsnum': '2113', 'name': 'Fitzgerald, Michael'}","300","14","","","","","Us Sem: 19th Cent Soc","345","{'day': 'Tu', 'end': '14:45', 'location': 'L 577', 'start': '13:20'};{'day': 'Th', 'end': '14:45', 'location': 'L 577', 'start': '13:20'}","False","","3","C","20003","Seminar","2000"
"0000001339","1.0","0000000642","HIST","1","0","0","0","1","","Fitzgerald, Michael","{'fsnum': '2113', 'name': 'Fitzgerald, Michael'}","300","","","","","","IR/Civil Rights in Us","398","","False","","3","O","20003","Research","2000"
"0000001340","1.0","0000000642","HIST","1","0","0","0","1","","Farrell, James","{'fsnum': '2030', 'name': 'Farrell, James'}","300","","","","","","IR/Sncc & the 1960's","398","","False","A","3","O","20003","Research","2000"
"0000001341","1.0","0000000642","HIST","1","0","0","0","1","","Kutulas, Judy","{'fsnum': '4583', 'name': 'Kutulas, Judy'}","300","","","","","","IR/U.S. Space Program","398","","False","B","3","O","20003","Research","2000"
"0000001342","1.0","0000000642","HIST","1","0","0","0","1","","Farrell, James","{'fsnum': '2030', 'name': 'Farrell, James'}","300","","","","","","IR/The Simple Life","398","","False","C","3","O","20003","Research","2000"
"0000001343","1.0","0000000642","HIST","1","0","0","0","1","","Peters, Dolores","{'fsnum': '6245', 'name': 'Peters, Dolores'}","300","","","","","","IR/Prostitution 19 C","398","","False","D","3","O","20003","Research","2000"
"0000001344","1.0","0000000642","HIST","1","0","0","0","1","","Fitzgerald, Michael","{'fsnum': '2113', 'name': 'Fitzgerald, Michael'}","300","","","","","","IR/Civil Rights & Us","398","","False","E","3","O","20003","Research","2000"
"0000001345","1.0","0000000642","HIST","1","0","0","0","1","","Hahn, Steve C.","{'fsnum': '13148', 'name': 'Hahn, Steve C.'}","300","","","","","","IR/Rel Chg/Native Am","398","","False","F","3","O","20003","Research","2000"
"0000001346","1.0","0000000644","HSPST","1","0","1","0","0","WRI","Schodt, David","{'fsnum': '7176', 'name': 'Schodt, David'}","200","","","","","","IS/Pol Econ of L.A.","298","","False","","3","O","20003","Research","2000"
"0000001347","1.0","0000000645","HSPST","14","0","4","1","9","HBS;MCS-G;WRI","Schodt, David","{'fsnum': '7176', 'name': 'Schodt, David'}","300","20","","","","","Contemp Lat Amer ISS","333","{'day': 'Tu', 'end': '14:45', 'location': 'M 4', 'start': '13:20'};{'day': 'Th', 'end': '14:45', 'location': 'M 4', 'start': '13:20'}","False","","3","O","20003","Research","2000"
"0000001348","0.25","0000000645","HSPST","9","0","2","1","6","","Schodt, David","{'fsnum': '7176', 'name': 'Schodt, David'}","300","20","","","","","FLC-Spanish","333","","True","L","3","O","20003","Research","2000"
"0000001349","1.0","0000000647","HSPST","1","0","0","0","1","","Chiappari, Chris L.","{'fsnum': '10036', 'name': 'Chiappari, Chris L.'}","300","","","","","","IR/Migration & Refugees","398","","False","","3","O","20003","Research","2000"
"0000001367","1.0","0000000702","ID","51","4","10","29","8","BTS-T;HWC;WRI","","","200","50","","","","","W Christ/Orthodox E","250","{'day': 'Mo', 'end': '10:00', 'location': 'CH 101', 'start': '09:05'};{'day': 'We', 'end': '10:00', 'location': 'CH 101', 'start': '09:05'};{'day': 'Fr', 'end': '10:00', 'location': 'CH 101', 'start': '09:05'}","False","","3","C","20003","Research","2000"
"0000001258","1.0","0000000473","IDFA","4","0","0","0","4","WRI","Bauer, Susan","{'fsnum': '338', 'name': 'Bauer, Susan'}","300","","","","","","Senior Studies","374","{'day': 'Tu', 'end': '11:00', 'location': 'CHM 233', 'start': '09:35'};{'day': 'Th', 'end': '11:00', 'location': 'CHM 233', 'start': '09:35'}","False","","3","O","20003","Research","2000"
"0000001259","1.0","0000000475","IDFA","1","0","1","0","0","ORC","Bauer, Susan","{'fsnum': '338', 'name': 'Bauer, Susan'}","300","","","","","","IR/Dance/Poli/Culture","398","","False","","3","O","20003","Research","2000"
"0000001361","1.0","0000000674","IS","21","3","5","8","5","MCS-D;WRI","Sonnega, Bill","{'fsnum': '7676', 'name': 'Sonnega, Bill'}","200","22","","","","","Topic: Performance Stu","203","{'day': 'Tu', 'end': '14:45', 'location': 'CT 216', 'start': '13:20'};{'day': 'Th', 'end': '14:45', 'location': 'CT 216', 'start': '13:20'}","False","","3","O","20003","Topic","2000"
"0000001362","1.0","0000000676","IS","15","4","1","9","1","NSL;NST","Walter, Anne;Dickson Jr., James","{'fsnum': '8876', 'name': 'Walter, Anne'};{'fsnum': '1366', 'name': 'Dickson Jr., James'}","200","24","","","","","Topic: Intro/Neurosci","205","{'day': 'Th', 'end': '14:45', 'location': 'SC 248', 'start': '23:45'};{'day': 'Tu', 'end': '09:25', 'location': 'SC 210', 'start': '08:00'};{'day': 'Th', 'end': '09:25', 'location': 'SC 210', 'start': '08:00'}","False","","3","O","20003","Topic","2000"
"0000001363","0.5","0000000685","IS","6","0","3","0","3","","Booth, David","{'fsnum': '712', 'name': 'Booth, David'}","200","12","","","","","Coll: Globaliz & Diffrnc","250","{'day': 'We', 'end': '15:30', 'location': 'CH 109', 'start': '14:00'}","False","","3","C","20003","Research","2000"
"0000001364","0.5","0000000688","IS","2","0","1","0","1","","Booth, David","{'fsnum': '712', 'name': 'Booth, David'}","300","12","","","","","Coll: Globaliz & Diffrnc","350","{'day': 'We', 'end': '15:30', 'location': 'CH 109', 'start': '14:00'}","False","","3","C","20003","Research","2000"
"0000001365","1.0","0000000690","IS","4","0","1","0","3","","Staff","{'fsnum': '', 'name': 'Staff'}","300","","","","","","Senior Project II","392","","False","","3","O","20003","Research","2000"
"0000001366","1.0","0000000692","IS","1","0","1","0","0","","Mbele, Joseph L.","{'fsnum': '5144', 'name': 'Mbele, Joseph L.'}","300","","","","","","IR/African Relations","398","","False","","3","O","20003","Research","2000"
"0000001354","1.0","0000000660","JAPAN","5","3","0","1","1","","Hoogenboom, Tomoko","{'fsnum': '14072', 'name': 'Hoogenboom, Tomoko'}","100","","","","","","Beginning Japanese II","112","{'day': 'Mo', 'end': '11:40', 'location': 'M 1', 'start': '10:45'};{'day': 'We', 'end': '11:40', 'location': 'M 1', 'start': '10:45'};{'day': 'Fr', 'end': '11:40', 'location': 'M 1', 'start': '10:45'};{'day': 'Tu', 'end': '14:55', 'location': 'M 1', 'start': '14:00'}","False","A","3","O","20003","Research","2000"
"0000001355","1.0","0000000660","JAPAN","9","7","0","1","1","","Hoogenboom, Tomoko","{'fsnum': '14072', 'name': 'Hoogenboom, Tomoko'}","100","","","","","","Beginning Japanese II","112","{'day': 'Mo', 'end': '12:45', 'location': 'M 1', 'start': '23:50'};{'day': 'We', 'end': '12:45', 'location': 'M 1', 'start': '23:50'};{'day': 'Fr', 'end': '12:45', 'location': 'M 1', 'start': '23:50'};{'day': 'Tu', 'end': '16:00', 'location': 'M 1', 'start': '15:05'}","False","B","3","O","20003","Research","2000"
"0000001356","1.0","0000000660","JAPAN","5","3","0","0","2","","Hoogenboom, Tomoko","{'fsnum': '14072', 'name': 'Hoogenboom, Tomoko'}","100","","","","","","Beginning Japanese II","112","{'day': 'Mo', 'end': '11:40', 'location': 'M 1', 'start': '10:45'};{'day': 'We', 'end': '11:40', 'location': 'M 1', 'start': '10:45'};{'day': 'Fr', 'end': '11:40', 'location': 'M 1', 'start': '10:45'};{'day': 'Tu', 'end': '16:00', 'location': 'M 1', 'start': '15:05'}","False","C","3","O","20003","Research","2000"
"0000001357","1.0","0000000660","JAPAN","2","2","0","0","0","","Hoogenboom, Tomoko","{'fsnum': '14072', 'name': 'Hoogenboom, Tomoko'}","100","","","","","","Beginning Japanese II","112","{'day': 'Mo', 'end': '12:45', 'location': 'M 1', 'start': '23:50'};{'day': 'We', 'end': '12:45', 'location': 'M 1', 'start': '23:50'};{'day': 'Fr', 'end': '12:45', 'location': 'M 1', 'start': '23:50'};{'day': 'Tu', 'end': '14:55', 'location': 'M 1', 'start': '14:00'}","False","D","3","O","20003","Research","2000"
"0000001358","1.0","0000000664","JAPAN","12","3","2","5","2","FOL-J","Larson, Phyllis Hyland","{'fsnum': '4624', 'name': 'Larson, Phyllis Hyland'}","200","","","","","","Intermed Japanese II","232","{'day': 'Mo', 'end': '13:50', 'location': 'M 1', 'start': '12:55'};{'day': 'We', 'end': '13:50', 'location': 'M 1', 'start': '12:55'};{'day': 'Fr', 'end': '13:50', 'location': 'M 1', 'start': '12:55'}","False","","3","O","20003","Research","2000"
"0000001359","1.0","0000000667","JAPAN","5","2","1","2","0","FOL-J","Hoogenboom, Tomoko","{'fsnum': '14072', 'name': 'Hoogenboom, Tomoko'}","200","","","","","","Advanced Japanese II","252","{'day': 'Mo', 'end': '13:50', 'location': 'M 20', 'start': '12:55'};{'day': 'We', 'end': '13:50', 'location': 'M 20', 'start': '12:55'};{'day': 'Fr', 'end': '13:50', 'location': 'M 20', 'start': '12:55'}","False","","3","O","20003","Research","2000"
"0000001360","1.0","0000000669","JAPAN","1","0","0","0","1","","Larson, Phyllis Hyland","{'fsnum': '4624', 'name': 'Larson, Phyllis Hyland'}","200","1","","","","","IS/Adv Japanese II","298","","False","","3","C","20003","Research","2000"
"0000001368","1.0","0000000712","LATIN","17","10","4","1","2","","Groton, Anne","{'fsnum': '2771', 'name': 'Groton, Anne'}","100","","","","","","Beginning Latin II","112","{'day': 'Mo', 'end': '08:55', 'location': 'M 31', 'start': '08:00'};{'day': 'We', 'end': '08:55', 'location': 'M 31', 'start': '08:00'};{'day': 'Fr', 'end': '08:55', 'location': 'M 31', 'start': '08:00'}","False","A","3","O","20003","Research","2000"
"0000001369","1.0","0000000712","LATIN","24","18","1","3","2","","Gregory, Jon","{'fsnum': '13150', 'name': 'Gregory, Jon'}","100","","","","","","Beginning Latin II","112","{'day': 'Mo', 'end': '13:50', 'location': 'M 31', 'start': '12:55'};{'day': 'We', 'end': '13:50', 'location': 'M 31', 'start': '12:55'};{'day': 'Fr', 'end': '13:50', 'location': 'M 31', 'start': '12:55'}","False","B","3","O","20003","Research","2000"
"0000001370","1.0","0000000715","LATIN","7","1","1","4","1","FOL-L","Groton, Anne","{'fsnum': '2771', 'name': 'Groton, Anne'}","200","","","","","","Vergil & Latin Epic","252","{'day': 'Mo', 'end': '10:00', 'location': 'M 3', 'start': '09:05'};{'day': 'We', 'end': '10:00', 'location': 'M 3', 'start': '09:05'};{'day': 'Fr', 'end': '10:00', 'location': 'M 3', 'start': '09:05'}","False","","3","O","20003","Research","2000"
"0000001371","1.0","0000000717","LATIN","2","0","1","1","0","","Groton, Anne","{'fsnum': '2771', 'name': 'Groton, Anne'}","200","","","","","","IS/Latin-Medieval Eur","298","","False","","3","O","20003","Research","2000"
"0000001372","1.0","0000000720","LATIN","5","2","0","1","2","FOL-L","Compton-Engle, Gwendolyn","{'fsnum': '1216', 'name': 'Compton-Engle, Gwendolyn'}","300","","","","","","Roman Historians","372","{'day': 'Tu', 'end': '14:45', 'location': 'M 36', 'start': '13:20'};{'day': 'Th', 'end': '14:45', 'location': 'M 36', 'start': '13:20'}","False","","3","O","20003","Research","2000"
"0000001373","1.0","0000000728","MATH","22","1","7","9","5","MAR","Bolstad, Peder","{'fsnum': '661', 'name': 'Bolstad, Peder'}","100","25","","","","","Gateways/Mathematics","117","{'day': 'Mo', 'end': '13:50', 'location': 'SC 188', 'start': '12:55'};{'day': 'We', 'end': '13:50', 'location': 'SC 188', 'start': '12:55'};{'day': 'Fr', 'end': '13:50', 'location': 'SC 188', 'start': '12:55'}","False","","3","C","20003","Research","2000"
"0000001374","1.0","0000000728","MATH","25","12","4","5","4","MAR","Molnar, David","{'fsnum': '13170', 'name': 'Molnar, David'}","100","25","","","","","Gateways/Mathematics","117","{'day': 'Mo', 'end': '10:00', 'location': 'SC 130', 'start': '09:05'};{'day': 'We', 'end': '10:00', 'location': 'SC 130', 'start': '09:05'};{'day': 'Fr', 'end': '10:00', 'location': 'SC 130', 'start': '09:05'}","False","A","3","C","20003","Research","2000"
"0000001375","1.0","0000000730","MATH","12","11","0","1","0","MAR","Brethorst, Pamela","{'fsnum': '10043', 'name': 'Brethorst, Pamela'}","100","25","","","","","Calculus/Algebra II","119","{'day': 'Mo', 'end': '08:55', 'location': 'SC 130', 'start': '08:00'};{'day': 'We', 'end': '08:55', 'location': 'SC 130', 'start': '08:00'};{'day': 'Fr', 'end': '08:55', 'location': 'SC 130', 'start': '08:00'}","False","","3","O","20003","Research","2000"
"0000001376","1.0","0000000731","MATH","22","20","0","2","0","MAR","Smith, Kay E.","{'fsnum': '7593', 'name': 'Smith, Kay E.'}","100","25","","","","","Calculus I","120","{'day': 'Mo', 'end': '11:40', 'location': 'SC 186', 'start': '10:45'};{'day': 'We', 'end': '11:40', 'location': 'SC 186', 'start': '10:45'};{'day': 'Fr', 'end': '11:40', 'location': 'SC 186', 'start': '10:45'}","False","A","3","O","20003","Research","2000"
"0000001377","1.0","0000000731","MATH","14","10","0","2","2","MAR","Brethorst, Pamela","{'fsnum': '10043', 'name': 'Brethorst, Pamela'}","100","25","","","","","Calculus I","120","{'day': 'Mo', 'end': '10:00', 'location': 'SC 186', 'start': '09:05'};{'day': 'We', 'end': '10:00', 'location': 'SC 186', 'start': '09:05'};{'day': 'Fr', 'end': '10:00', 'location': 'SC 186', 'start': '09:05'}","False","B","3","O","20003","Research","2000"
"0000001378","1.0","0000000733","MATH","15","15","0","0","0","MAR","Molnar, David","{'fsnum': '13170', 'name': 'Molnar, David'}","100","25","","","","","Calculus II","126","{'day': 'Mo', 'end': '08:55', 'location': 'SC 182', 'start': '08:00'};{'day': 'We', 'end': '08:55', 'location': 'SC 182', 'start': '08:00'};{'day': 'Fr', 'end': '08:55', 'location': 'SC 182', 'start': '08:00'}","False","A","3","O","20003","Research","2000"
"0000001379","1.0","0000000733","MATH","21","18","0","1","2","MAR","Dietz, Jill","{'fsnum': '1380', 'name': 'Dietz, Jill'}","100","25","","","","","Calculus II","126","{'day': 'Mo', 'end': '10:00', 'location': 'SC 184', 'start': '09:05'};{'day': 'We', 'end': '10:00', 'location': 'SC 184', 'start': '09:05'};{'day': 'Fr', 'end': '10:00', 'location': 'SC 184', 'start': '09:05'}","False","B","3","C","20003","Research","2000"
"0000001380","1.0","0000000733","MATH","29","23","2","1","3","MAR","Brethorst, Pamela","{'fsnum': '10043', 'name': 'Brethorst, Pamela'}","100","25","","","","","Calculus II","126","{'day': 'Mo', 'end': '12:45', 'location': 'SC 182', 'start': '23:50'};{'day': 'We', 'end': '12:45', 'location': 'SC 182', 'start': '23:50'};{'day': 'Fr', 'end': '12:45', 'location': 'SC 182', 'start': '23:50'}","False","C","3","C","20003","Research","2000"
"0000001381","1.0","0000000734","MATH","11","11","0","0","0","MAR","Corzatt, Clifton","{'fsnum': '1237', 'name': 'Corzatt, Clifton'}","100","25","","","","","Math Analysis II","128","{'day': 'Mo', 'end': '08:55', 'location': 'SC 186', 'start': '08:00'};{'day': 'We', 'end': '08:55', 'location': 'SC 186', 'start': '08:00'};{'day': 'Fr', 'end': '08:55', 'location': 'SC 186', 'start': '08:00'}","False","A","3","O","20003","Research","2000"
"0000001382","1.0","0000000734","MATH","19","18","0","0","1","MAR","Cederberg, Judith","{'fsnum': '1026', 'name': 'Cederberg, Judith'}","100","16","","","","","Math Analysis II","128","{'day': 'Mo', 'end': '12:45', 'location': 'SC 188', 'start': '23:50'};{'day': 'We', 'end': '12:45', 'location': 'SC 188', 'start': '23:50'};{'day': 'Fr', 'end': '12:45', 'location': 'SC 188', 'start': '23:50'}","False","B","3","C","20003","Research","2000"
"0000001383","1.0","0000000734","MATH","22","20","0","0","2","MAR","Humke, Paul","{'fsnum': '3558', 'name': 'Humke, Paul'}","100","25","","","","","Math Analysis II","128","{'day': 'Mo', 'end': '13:50', 'location': 'SC 184', 'start': '12:55'};{'day': 'We', 'end': '13:50', 'location': 'SC 184', 'start': '12:55'};{'day': 'Fr', 'end': '13:50', 'location': 'SC 184', 'start': '12:55'}","False","C","3","C","20003","Research","2000"
"0000001384","1.0","0000000736","MATH","21","14","0","2","5","MAR","Cederberg, Judith","{'fsnum': '1026', 'name': 'Cederberg, Judith'}","200","22","","","","","Elem Linear Algebra","220","{'day': 'Mo', 'end': '08:55', 'location': 'SC 188', 'start': '08:00'};{'day': 'We', 'end': '08:55', 'location': 'SC 188', 'start': '08:00'};{'day': 'Fr', 'end': '08:55', 'location': 'SC 188', 'start': '08:00'}","False","A","3","O","20003","Research","2000"
"0000001385","1.0","0000000736","MATH","13","6","1","4","2","MAR","Hanson, Bruce","{'fsnum': '3033', 'name': 'Hanson, Bruce'}","200","22","","","","","Elem Linear Algebra","220","{'day': 'Mo', 'end': '11:40', 'location': 'SC 130', 'start': '10:45'};{'day': 'We', 'end': '11:40', 'location': 'SC 130', 'start': '10:45'};{'day': 'Fr', 'end': '11:40', 'location': 'SC 130', 'start': '10:45'}","False","C","3","O","20003","Research","2000"
"0000001386","1.0","0000000738","MATH","24","5","6","7","6","","McKelvey, Steven","{'fsnum': '5214', 'name': 'McKelvey, Steven'}","200","30","","","","","Multivariable Calc","226","{'day': 'Mo', 'end': '14:55', 'location': 'SC 184', 'start': '14:00'};{'day': 'We', 'end': '14:55', 'location': 'SC 184', 'start': '14:00'};{'day': 'Fr', 'end': '14:55', 'location': 'SC 184', 'start': '14:00'}","False","","3","O","20003","Research","2000"
"0000001387","1.0","0000000740","MATH","20","1","3","9","7","","Gloor, Philip","{'fsnum': '2653', 'name': 'Gloor, Philip'}","200","30","","","","","Int Differ Equations","230","{'day': 'Mo', 'end': '11:40', 'location': 'SC 182', 'start': '10:45'};{'day': 'We', 'end': '11:40', 'location': 'SC 182', 'start': '10:45'};{'day': 'Fr', 'end': '11:40', 'location': 'SC 182', 'start': '10:45'}","False","","3","O","20003","Research","2000"
"0000001388","1.0","0000000741","MATH","32","1","8","7","16","","Molnar, David","{'fsnum': '13170', 'name': 'Molnar, David'}","200","30","","","","","Discrete Mathematics","232","{'day': 'Mo', 'end': '13:50', 'location': 'SC 182', 'start': '12:55'};{'day': 'We', 'end': '13:50', 'location': 'SC 182', 'start': '12:55'};{'day': 'Fr', 'end': '13:50', 'location': 'SC 182', 'start': '12:55'}","False","","3","C","20003","Research","2000"
"0000001389","1.0","0000000745","MATH","21","4","1","14","2","WRI","Humke, Paul","{'fsnum': '3558', 'name': 'Humke, Paul'}","200","25","","","","","Elem Real Analysis","244","{'day': 'Mo', 'end': '11:40', 'location': 'SC 188', 'start': '10:45'};{'day': 'We', 'end': '11:40', 'location': 'SC 188', 'start': '10:45'};{'day': 'Fr', 'end': '11:40', 'location': 'SC 188', 'start': '10:45'}","False","A","3","C","20003","Research","2000"
"0000001390","1.0","0000000745","MATH","17","4","0","11","2","WRI","Hanson, Bruce","{'fsnum': '3033', 'name': 'Hanson, Bruce'}","200","30","","","","","Elem Real Analysis","244","{'day': 'Mo', 'end': '12:45', 'location': 'SC 130', 'start': '23:50'};{'day': 'We', 'end': '12:45', 'location': 'SC 130', 'start': '23:50'};{'day': 'Fr', 'end': '12:45', 'location': 'SC 130', 'start': '23:50'}","False","B","3","O","20003","Research","2000"
"0000001391","1.0","0000000747","MATH","14","1","4","9","0","WRI","Corzatt, Clifton","{'fsnum': '1237', 'name': 'Corzatt, Clifton'}","200","30","","","","","Abstract Algebra I","252","{'day': 'Mo', 'end': '10:00', 'location': 'SC 182', 'start': '09:05'};{'day': 'We', 'end': '10:00', 'location': 'SC 182', 'start': '09:05'};{'day': 'Fr', 'end': '10:00', 'location': 'SC 182', 'start': '09:05'}","False","A","3","O","20003","Research","2000"
"0000001392","1.0","0000000747","MATH","22","0","13","7","2","WRI","Dietz, Jill","{'fsnum': '1380', 'name': 'Dietz, Jill'}","200","30","","","","","Abstract Algebra I","252","{'day': 'Mo', 'end': '11:40', 'location': 'SC 184', 'start': '10:45'};{'day': 'We', 'end': '11:40', 'location': 'SC 184', 'start': '10:45'};{'day': 'Fr', 'end': '11:40', 'location': 'SC 184', 'start': '10:45'}","False","B","3","C","20003","Research","2000"
"0000001393","1.0","0000000748","MATH","20","0","6","11","3","","Kahn, Michael","{'fsnum': '4165', 'name': 'Kahn, Michael'}","200","30","","","","","Probability Theory","262","{'day': 'Mo', 'end': '12:45', 'location': 'SC 186', 'start': '23:50'};{'day': 'We', 'end': '12:45', 'location': 'SC 186', 'start': '23:50'};{'day': 'Fr', 'end': '12:45', 'location': 'SC 186', 'start': '23:50'}","False","","3","O","20003","Research","2000"
"0000001394","1.0","0000000749","MATH","28","0","8","3","17","","McKelvey, Steven","{'fsnum': '5214', 'name': 'McKelvey, Steven'}","200","30","","","","","Operations Research","266","{'day': 'Tu', 'end': '13:10', 'location': 'SC 186', 'start': '23:45'};{'day': 'Th', 'end': '13:10', 'location': 'SC 186', 'start': '23:45'}","False","","3","O","20003","Research","2000"
"0000001395","1.0","0000001952","MATH","25","0","12","4","9","","Kahn, Michael","{'fsnum': '4165', 'name': 'Kahn, Michael'}","300","30","","","","","Math Statistics","312","{'day': 'Mo', 'end': '13:50', 'location': 'SC 186', 'start': '12:55'};{'day': 'We', 'end': '13:50', 'location': 'SC 186', 'start': '12:55'};{'day': 'Fr', 'end': '13:50', 'location': 'SC 186', 'start': '12:55'}","False","","3","C","20003","Research","2000"
"0000001396","1.0","0000000753","MATH","11","0","3","2","6","","Gloor, Philip","{'fsnum': '2653', 'name': 'Gloor, Philip'}","300","20","","","","","Differential Equation","330","{'day': 'Mo', 'end': '14:55', 'location': 'SC 188', 'start': '14:00'};{'day': 'We', 'end': '14:55', 'location': 'SC 188', 'start': '14:00'};{'day': 'Fr', 'end': '14:55', 'location': 'SC 188', 'start': '14:00'}","False","","3","O","20003","Research","2000"
"0000001397","1.0","0000000757","MATH","16","0","1","0","15","","Dietz, Jill","{'fsnum': '1380', 'name': 'Dietz, Jill'}","300","20","","","","","Abstract Algebra II","352","{'day': 'Tu', 'end': '13:10', 'location': 'SC 188', 'start': '23:45'};{'day': 'Th', 'end': '13:10', 'location': 'SC 188', 'start': '23:45'}","False","","3","O","20003","Research","2000"
"0000001398","1.0","0000000760","MATH","13","0","8","1","4","","Smith, Kay E.","{'fsnum': '7593', 'name': 'Smith, Kay E.'}","300","20","","","","","Mathematical Logic","370","{'day': 'Tu', 'end': '11:00', 'location': 'SC 186', 'start': '09:35'};{'day': 'Th', 'end': '11:00', 'location': 'SC 186', 'start': '09:35'}","False","","3","O","20003","Research","2000"
"0000001399","1.0","0000000767","MATH","2","0","0","0","2","","Dietz, Jill","{'fsnum': '1380', 'name': 'Dietz, Jill'}","300","","","","","","IR/Java & Algebra","398","","False","","3","O","20003","Research","2000"
"0000001400","1.0","0000000767","MATH","2","0","0","0","2","","Hanson, Bruce","{'fsnum': '3033', 'name': 'Hanson, Bruce'}","300","","","","","","IR/Integration Theory","398","","False","A","3","O","20003","Research","2000"
"0000001401","1.0","0000000768","MGMT","33","4","7","17","5","","Klimesh, Michael","{'fsnum': '13157', 'name': 'Klimesh, Michael'}","200","30","","","","","Principles of Acct","225","{'day': 'Mo', 'end': '11:40', 'location': 'H 413', 'start': '10:45'};{'day': 'We', 'end': '11:40', 'location': 'H 413', 'start': '10:45'};{'day': 'Fr', 'end': '11:40', 'location': 'H 413', 'start': '10:45'}","False","A","3","C","20003","Research","2000"
"0000001402","1.0","0000000768","MGMT","29","3","7","16","3","","Klimesh, Michael","{'fsnum': '13157', 'name': 'Klimesh, Michael'}","200","30","","","","","Principles of Acct","225","{'day': 'Mo', 'end': '12:45', 'location': 'H 413', 'start': '23:50'};{'day': 'We', 'end': '12:45', 'location': 'H 413', 'start': '23:50'};{'day': 'Fr', 'end': '12:45', 'location': 'H 413', 'start': '23:50'}","False","B","3","O","20003","Research","2000"
"0000001403","1.0","0000000773","MGMT","24","0","9","2","13","","Ford, Jim","{'fsnum': '13172', 'name': 'Ford, Jim'}","200","25","","","","","Mgmt Information Sys","236","{'day': 'Tu', 'end': '13:10', 'location': 'M 15', 'start': '23:45'};{'day': 'Th', 'end': '13:10', 'location': 'M 15', 'start': '23:45'}","False","","3","C","20003","Research","2000"
"0000001404","1.0","0000000774","MGMT","23","0","14","1","8","","Klimesh, Michael","{'fsnum': '13157', 'name': 'Klimesh, Michael'}","200","25","","","","","Managerial/Cost Acct","237","{'day': 'Mo', 'end': '10:00', 'location': 'M 31', 'start': '09:05'};{'day': 'We', 'end': '10:00', 'location': 'M 31', 'start': '09:05'};{'day': 'Fr', 'end': '10:00', 'location': 'M 31', 'start': '09:05'}","False","","3","C","20003","Research","2000"
"0000001405","1.0","0000000777","MGMT","27","0","12","2","13","HBS","Wolf, Murray","{'fsnum': '13294', 'name': 'Wolf, Murray'}","200","25","","","","","Marketing","250","{'day': 'Th', 'end': '22:00', 'location': 'H 403', 'start': '19:00'}","False","","3","C","20003","Research","2000"
"0000001406","1.0","0000000778","MGMT","24","0","11","2","11","HBS","Goedde, Richard","{'fsnum': '2661', 'name': 'Goedde, Richard'}","200","25","","","","","Management","251","{'day': 'Mo', 'end': '13:50', 'location': 'H 301', 'start': '12:55'};{'day': 'We', 'end': '13:50', 'location': 'H 301', 'start': '12:55'};{'day': 'Fr', 'end': '13:50', 'location': 'H 301', 'start': '12:55'}","False","A","3","C","20003","Research","2000"
"0000001407","1.0","0000000778","MGMT","26","1","14","9","2","HBS","Goedde, Richard","{'fsnum': '2661', 'name': 'Goedde, Richard'}","200","25","","","","","Management","251","{'day': 'Mo', 'end': '14:55', 'location': 'H 307', 'start': '14:00'};{'day': 'We', 'end': '14:55', 'location': 'H 307', 'start': '14:00'};{'day': 'Fr', 'end': '14:55', 'location': 'H 307', 'start': '14:00'}","False","B","3","C","20003","Research","2000"
"0000001408","1.0","0000000780","MGMT","20","0","4","7","9","","Hanson, Bruce","{'fsnum': '3033', 'name': 'Hanson, Bruce'}","200","25","","","","","Entrepreneurship","256","{'day': 'Tu', 'end': '14:45', 'location': 'L 177', 'start': '13:20'};{'day': 'Th', 'end': '14:45', 'location': 'L 177', 'start': '13:20'}","False","","3","O","20003","Research","2000"
"0000001409","1.0","0000000783","MGMT","30","0","17","0","13","","Goedde, Richard","{'fsnum': '2661', 'name': 'Goedde, Richard'}","200","25","","","","","Corporate Finance","281","{'day': 'Tu', 'end': '14:45', 'location': 'SC 182', 'start': '13:20'};{'day': 'Th', 'end': '14:45', 'location': 'SC 182', 'start': '13:20'}","False","","3","C","20003","Research","2000"
"0000001410","1.0","0000000784","MGMT","1","0","0","0","1","","Gisselman, Gary C.","{'fsnum': '10426', 'name': 'Gisselman, Gary C.'}","200","","","","","","Academic Internship","294","","True","","3","O","20003","Research","2000"
"0000001411","1.0","0000000784","MGMT","1","0","0","0","1","","Goedde, Richard","{'fsnum': '2661', 'name': 'Goedde, Richard'}","200","","","","","","Academic Internship","294","","True","A","3","O","20003","Research","2000"
"0000001412","1.0","0000000784","MGMT","1","0","0","0","1","","Hanson, John O.","{'fsnum': '3066', 'name': 'Hanson, John O.'}","200","","","","","","Academic Internship","294","","True","B","3","O","20003","Research","2000"
"0000001413","0.25","0000000800","MUSIC","21","18","0","0","3","","Rodland, Catherine R.","{'fsnum': '13173', 'name': 'Rodland, Catherine R.'}","100","23","","","","","Ear/Keyboard II","112","{'day': 'Mo', 'end': '10:00', 'location': 'CHM 232', 'start': '09:05'};{'day': 'We', 'end': '10:00', 'location': 'CHM 232', 'start': '09:05'};{'day': 'Fr', 'end': '10:00', 'location': 'CHM 232', 'start': '09:05'}","False","A","3","C","20003","Research","2000"
"0000001414","0.25","0000000800","MUSIC","18","14","0","0","4","","Gable, Christopher","{'fsnum': '13331', 'name': 'Gable, Christopher'}","100","23","","","","","Ear/Keyboard II","112","{'day': 'Mo', 'end': '11:40', 'location': 'CHM 232', 'start': '10:45'};{'day': 'We', 'end': '11:40', 'location': 'CHM 232', 'start': '10:45'};{'day': 'Fr', 'end': '11:40', 'location': 'CHM 232', 'start': '10:45'}","False","B","3","O","20003","Research","2000"
"0000001415","0.25","0000000800","MUSIC","17","15","0","0","2","","Gable, Christopher","{'fsnum': '13331', 'name': 'Gable, Christopher'}","100","23","","","","","Ear/Keyboard II","112","{'day': 'Mo', 'end': '12:45', 'location': 'CHM 232', 'start': '23:50'};{'day': 'We', 'end': '12:45', 'location': 'CHM 232', 'start': '23:50'};{'day': 'Fr', 'end': '12:45', 'location': 'CHM 232', 'start': '23:50'}","False","C","3","O","20003","Research","2000"
"0000001416","0.25","0000000800","MUSIC","18","14","1","0","3","","Rodland, Catherine R.","{'fsnum': '13173', 'name': 'Rodland, Catherine R.'}","100","23","","","","","Ear/Keyboard II","112","{'day': 'Mo', 'end': '13:50', 'location': 'CHM 232', 'start': '12:55'};{'day': 'We', 'end': '13:50', 'location': 'CHM 232', 'start': '12:55'};{'day': 'Fr', 'end': '13:50', 'location': 'CHM 232', 'start': '12:55'}","False","D","3","O","20003","Research","2000"
"0000001417","0.25","0000000800","MUSIC","19","13","0","0","6","","Rodland, Catherine R.","{'fsnum': '13173', 'name': 'Rodland, Catherine R.'}","100","23","","","","","Ear/Keyboard II","112","{'day': 'Mo', 'end': '14:55', 'location': 'CHM 232', 'start': '14:00'};{'day': 'We', 'end': '14:55', 'location': 'CHM 232', 'start': '14:00'};{'day': 'Fr', 'end': '14:55', 'location': 'CHM 232', 'start': '14:00'}","False","E","3","O","20003","Research","2000"
"0000001418","0.75","0000000802","MUSIC","7","6","0","0","1","","Hodel, Marty","{'fsnum': '3404', 'name': 'Hodel, Marty'}","100","23","","","","","Theory II","114","{'day': 'Tu', 'end': '09:25', 'location': 'CHM 232', 'start': '08:00'};{'day': 'Th', 'end': '09:25', 'location': 'CHM 232', 'start': '08:00'}","False","A","3","O","20003","Research","2000"
"0000001419","0.75","0000000802","MUSIC","23","19","0","1","3","","Gable, Christopher","{'fsnum': '13331', 'name': 'Gable, Christopher'}","100","23","","","","","Theory II","114","{'day': 'Tu', 'end': '11:00', 'location': 'CHM 232', 'start': '09:35'};{'day': 'Th', 'end': '11:00', 'location': 'CHM 232', 'start': '09:35'}","False","B","3","C","20003","Research","2000"
"0000001420","0.75","0000000802","MUSIC","23","13","1","2","7","","Amundson, Steven","{'fsnum': '140', 'name': 'Amundson, Steven'}","100","23","","","","","Theory II","114","{'day': 'Tu', 'end': '13:10', 'location': 'CHM 232', 'start': '23:45'};{'day': 'Th', 'end': '13:10', 'location': 'CHM 232', 'start': '23:45'}","False","C","3","C","20003","Research","2000"
"0000001421","0.75","0000000802","MUSIC","25","20","0","0","5","","Forsberg, Charles","{'fsnum': '2241', 'name': 'Forsberg, Charles'}","100","23","","","","","Theory II","114","{'day': 'Tu', 'end': '13:10', 'location': 'CHM 239', 'start': '23:45'};{'day': 'Th', 'end': '13:10', 'location': 'CHM 239', 'start': '23:45'}","False","D","3","C","20003","Research","2000"
"0000001422","0.75","0000000802","MUSIC","22","16","0","0","6","","Hamlin, Peter S.","{'fsnum': '2958', 'name': 'Hamlin, Peter S.'}","100","23","","","","","Theory II","114","{'day': 'Tu', 'end': '14:45', 'location': 'CHM 239', 'start': '13:20'};{'day': 'Th', 'end': '14:45', 'location': 'CHM 239', 'start': '13:20'}","False","E","3","C","20003","Research","2000"
"0000001423","0.25","0000000808","MUSIC","11","3","0","3","5","","Wee, Theo","{'fsnum': '8916', 'name': 'Wee, Theo'}","100","12","","","","","Piano Class II","162","{'day': 'Tu', 'end': '12:45', 'location': 'CHM 222', 'start': '23:50'};{'day': 'Th', 'end': '12:45', 'location': 'CHM 222', 'start': '23:50'}","False","","3","C","20003","Research","2000"
"0000001424","0.25","0000000810","MUSIC","11","0","3","4","4","","Johnson, Sigrid","{'fsnum': '4103', 'name': 'Johnson, Sigrid'}","100","12","","","","","Voice Class","164","{'day': 'Mo', 'end': '10:00', 'location': 'CHM 233', 'start': '09:05'};{'day': 'We', 'end': '10:00', 'location': 'CHM 233', 'start': '09:05'}","False","A","3","C","20003","Research","2000"
"0000001425","0.25","0000000810","MUSIC","8","2","3","2","1","","Johnson, Sigrid","{'fsnum': '4103', 'name': 'Johnson, Sigrid'}","100","12","","","","","Voice Class","164","{'day': 'Mo', 'end': '11:40', 'location': 'CHM 233', 'start': '10:45'};{'day': 'We', 'end': '11:40', 'location': 'CHM 233', 'start': '10:45'}","False","B","3","C","20003","Research","2000"
"0000001426","0.25","0000000810","MUSIC","12","5","1","3","3","","Johnson, Sigrid","{'fsnum': '4103', 'name': 'Johnson, Sigrid'}","100","12","","","","","Voice Class","164","{'day': 'Mo', 'end': '12:45', 'location': 'CHM 233', 'start': '23:50'};{'day': 'We', 'end': '12:45', 'location': 'CHM 233', 'start': '23:50'}","False","C","3","C","20003","Research","2000"
"0000001427","0.25","0000000811","MUSIC","14","3","1","2","8","","Niemisto, Paul","{'fsnum': '5614', 'name': 'Niemisto, Paul'}","100","15","","","","","Brass Class","166","{'day': 'Mo', 'end': '10:00', 'location': 'CHM 138', 'start': '09:05'};{'day': 'We', 'end': '10:00', 'location': 'CHM 138', 'start': '09:05'};{'day': 'Fr', 'end': '10:00', 'location': 'CHM 138', 'start': '09:05'}","False","","3","C","20003","Research","2000"
"0000001428","0.25","0000000812","MUSIC","18","0","2","6","10","","Hagedorn, David","{'fsnum': '2878', 'name': 'Hagedorn, David'}","100","15","","","","","Percussion Class","167","{'day': 'Mo', 'end': '13:50', 'location': 'CHM 138', 'start': '12:55'};{'day': 'We', 'end': '13:50', 'location': 'CHM 138', 'start': '12:55'};{'day': 'Fr', 'end': '13:50', 'location': 'CHM 138', 'start': '12:55'}","False","","3","C","20003","Research","2000"
"0000001429","0.25","0000000816","MUSIC","13","1","1","8","3","","Forsberg, Charles","{'fsnum': '2241', 'name': 'Forsberg, Charles'}","200","28","","","","","Ear/Keyboard IV","212","{'day': 'Mo', 'end': '08:55', 'location': 'CHM 239', 'start': '08:00'};{'day': 'We', 'end': '08:55', 'location': 'CHM 239', 'start': '08:00'};{'day': 'Fr', 'end': '08:55', 'location': 'CHM 239', 'start': '08:00'}","False","A","3","O","20003","Research","2000"
"0000001430","0.25","0000000816","MUSIC","25","1","3","14","7","","Hagedorn, David","{'fsnum': '2878', 'name': 'Hagedorn, David'}","200","28","","","","","Ear/Keyboard IV","212","{'day': 'Mo', 'end': '10:00', 'location': 'CHM 239', 'start': '09:05'};{'day': 'We', 'end': '10:00', 'location': 'CHM 239', 'start': '09:05'};{'day': 'Fr', 'end': '10:00', 'location': 'CHM 239', 'start': '09:05'}","False","B","3","C","20003","Research","2000"
"0000001431","0.25","0000000816","MUSIC","27","1","0","21","5","","Hagedorn, David","{'fsnum': '2878', 'name': 'Hagedorn, David'}","200","28","","","","","Ear/Keyboard IV","212","{'day': 'Mo', 'end': '11:40', 'location': 'CHM 239', 'start': '10:45'};{'day': 'We', 'end': '11:40', 'location': 'CHM 239', 'start': '10:45'};{'day': 'Fr', 'end': '11:40', 'location': 'CHM 239', 'start': '10:45'}","False","C","3","C","20003","Research","2000"
"0000001432","0.75","0000000818","MUSIC","39","2","3","22","12","","Forsberg, Charles","{'fsnum': '2241', 'name': 'Forsberg, Charles'}","200","42","","","","","Theory IV","214","{'day': 'Tu', 'end': '09:25', 'location': 'CHM 239', 'start': '08:00'};{'day': 'Th', 'end': '09:25', 'location': 'CHM 239', 'start': '08:00'}","False","A","3","O","20003","Research","2000"
"0000001433","0.75","0000000818","MUSIC","26","1","2","18","5","","Forsberg, Charles","{'fsnum': '2241', 'name': 'Forsberg, Charles'}","200","42","","","","","Theory IV","214","{'day': 'Tu', 'end': '11:00', 'location': 'CHM 239', 'start': '09:35'};{'day': 'Th', 'end': '11:00', 'location': 'CHM 239', 'start': '09:35'}","False","B","3","O","20003","Research","2000"
"0000001434","1.0","0000000822","MUSIC","10","0","3","3","4","ALS-A","Childs, Mary","{'fsnum': '10497', 'name': 'Childs, Mary'}","200","16","","","","","Composition I","223","{'day': 'Tu', 'end': '14:45', 'location': 'CHM 232', 'start': '13:20'};{'day': 'Th', 'end': '14:45', 'location': 'CHM 232', 'start': '13:20'}","False","","3","C","20003","Research","2000"
"0000001435","1.0","0000001974","MUSIC","19","1","4","5","9","ALS-A","Carter, David","{'fsnum': '973', 'name': 'Carter, David'}","200","30","","","","","The Art of Music","230","{'day': 'Mo', 'end': '13:50', 'location': 'CHM 233', 'start': '12:55'};{'day': 'We', 'end': '13:50', 'location': 'CHM 233', 'start': '12:55'};{'day': 'Fr', 'end': '13:50', 'location': 'CHM 233', 'start': '12:55'}","False","","3","O","20003","Research","2000"
"0000001436","1.0","0000000832","MUSIC","34","2","3","23","6","","Hanson, Alice","{'fsnum': '3030', 'name': 'Hanson, Alice'}","200","42","","","","","Hist & Lit Music II","242","{'day': 'Mo', 'end': '13:50', 'location': 'CHM 239', 'start': '12:55'};{'day': 'We', 'end': '13:50', 'location': 'CHM 239', 'start': '12:55'};{'day': 'Fr', 'end': '13:50', 'location': 'CHM 239', 'start': '12:55'}","False","A","3","O","20003","Research","2000"
"0000001437","1.0","0000000832","MUSIC","32","1","3","20","8","","Hanson, Alice","{'fsnum': '3030', 'name': 'Hanson, Alice'}","200","42","","","","","Hist & Lit Music II","242","{'day': 'Mo', 'end': '14:55', 'location': 'CHM 239', 'start': '14:00'};{'day': 'We', 'end': '14:55', 'location': 'CHM 239', 'start': '14:00'};{'day': 'Fr', 'end': '14:55', 'location': 'CHM 239', 'start': '14:00'}","False","B","3","O","20003","Research","2000"
"0000001438","0.5","0000000833","MUSIC","26","2","5","10","9","","Armstrong, Anton","{'fsnum': '263', 'name': 'Armstrong, Anton'}","200","30","","","","","Conducting","251","{'day': 'Tu', 'end': '11:00', 'location': 'URNESS', 'start': '09:35'};{'day': 'Th', 'end': '11:00', 'location': 'URNESS', 'start': '09:35'}","False","A","3","O","20003","Research","2000"
"0000001439","0.5","0000000833","MUSIC","27","0","3","13","11","","Amundson, Steven","{'fsnum': '140', 'name': 'Amundson, Steven'}","200","30","","","","","Conducting","251","{'day': 'Tu', 'end': '14:45', 'location': 'CHM 140', 'start': '13:20'};{'day': 'Th', 'end': '14:45', 'location': 'CHM 140', 'start': '13:20'}","False","B","3","C","20003","Research","2000"
"0000001440","0.5","0000000835","MUSIC","21","0","11","0","10","","Staff","{'fsnum': '', 'name': 'Staff'}","200","25","","","","","Instru Conducting","253","{'day': 'Tu', 'end': '11:00', 'location': 'CHM 138', 'start': '09:35'};{'day': 'Th', 'end': '11:00', 'location': 'CHM 138', 'start': '09:35'}","False","","3","O","20003","Research","2000"
"0000001441","0.25","0000000838","MUSIC","9","0","4","2","3","","Dressen, Dan","{'fsnum': '1488', 'name': 'Dressen, Dan'}","200","15","","","","","Lyric Diction II","264","{'day': 'Mo', 'end': '12:45', 'location': 'CHM 224', 'start': '23:50'};{'day': 'Fr', 'end': '12:45', 'location': 'CHM 224', 'start': '23:50'}","False","","3","O","20003","Research","2000"
"0000001442","0.25","0000000841","MUSIC","13","4","2","2","5","","Een, Andrea","{'fsnum': '1565', 'name': 'Een, Andrea'}","200","","","","","","Instr Chamber Music","275","{'day': 'Tu', 'end': '14:45', 'location': 'CHM 138', 'start': '13:20'};{'day': 'Th', 'end': '14:45', 'location': 'CHM 138', 'start': '13:20'}","False","","3","O","20003","Research","2000"
"0000001443","0.5","0000000844","MUSIC","22","0","13","1","8","","","","200","","","","","","Choral Lit I","287","{'day': 'Mo', 'end': '21:00', 'location': 'CHM 239', 'start': '19:00'}","False","","3","C","20003","Research","2000"
"0000001444","1.0","0000000847","MUSIC","1","0","0","0","1","","Polley, Jo Ann","{'fsnum': '6395', 'name': 'Polley, Jo Ann'}","200","","","","","","IS/Clarinet Hist/Lit","298","","False","","3","O","20003","Research","2000"
"0000001445","0.5","0000000848","MUSIC","3","0","0","0","3","","Armstrong, Anton","{'fsnum': '263', 'name': 'Armstrong, Anton'}","200","","","","","","Msm IS/Top: Priv Cond","299","","False","A","3","O","20003","Topic","2000"
"0000001446","0.5","0000000848","MUSIC","3","0","0","0","3","","Armstrong, Anton","{'fsnum': '263', 'name': 'Armstrong, Anton'}","200","","","","","","Msm IS/Topics: Worshi","299","","False","B","3","C","20003","Topic","2000"
"0000001447","1.0","0000000849","MUSIC","20","0","8","1","11","","Hamlin, Peter S.","{'fsnum': '2958', 'name': 'Hamlin, Peter S.'}","300","","","","","","Analysis/Tonal Music","313","{'day': 'Mo', 'end': '10:00', 'location': 'CHM 224', 'start': '09:05'};{'day': 'We', 'end': '10:00', 'location': 'CHM 224', 'start': '09:05'};{'day': 'Fr', 'end': '10:00', 'location': 'CHM 224', 'start': '09:05'}","False","","3","C","20003","Research","2000"
"0000001448","1.0","0000000851","MUSIC","11","0","4","1","6","","Hamlin, Peter S.","{'fsnum': '2958', 'name': 'Hamlin, Peter S.'}","300","12","","","","","Composition II","324","{'day': 'Tu', 'end': '13:10', 'location': 'CHM 224', 'start': '23:45'};{'day': 'Th', 'end': '13:10', 'location': 'CHM 224', 'start': '23:45'}","False","","3","O","20003","Research","2000"
"0000001449","1.0","0000000854","MUSIC","8","0","3","0","5","WRI","Gustafson, Donnamae","{'fsnum': '14003', 'name': 'Gustafson, Donnamae'}","300","30","","","","","Music of Baroque Era","342","{'day': 'Tu', 'end': '11:00', 'location': 'CHM 224', 'start': '09:35'};{'day': 'Th', 'end': '11:00', 'location': 'CHM 224', 'start': '09:35'}","False","","3","O","20003","Research","2000"
"0000001450","1.0","0000000857","MUSIC","27","0","12","0","15","WRI","Hanson, Alice","{'fsnum': '3030', 'name': 'Hanson, Alice'}","300","30","","","","","19th Century Studies","345","{'day': 'Mo', 'end': '11:40', 'location': 'CHM 224', 'start': '10:45'};{'day': 'We', 'end': '11:40', 'location': 'CHM 224', 'start': '10:45'};{'day': 'Fr', 'end': '11:40', 'location': 'CHM 224', 'start': '10:45'}","False","","3","O","20003","Topic","2000"
"0000001451","0.25","0000000861","MUSIC","13","0","7","0","6","","Scholz, Cora","{'fsnum': '7184', 'name': 'Scholz, Cora'}","300","15","","","","","Child & Adolesc Voice","365","{'day': 'Mo', 'end': '11:40', 'location': 'CHM 140', 'start': '10:45'};{'day': 'We', 'end': '11:40', 'location': 'CHM 140', 'start': '10:45'}","False","","3","C","20003","Research","2000"
"0000001452","0.25","0000000864","MUSIC","11","0","3","0","8","","Ferguson, John","{'fsnum': '2065', 'name': 'Ferguson, John'}","300","","","","","","Church Music Pract II","392","{'day': 'Tu', 'end': '14:45', 'location': 'CHM 224', 'start': '13:20'};{'day': 'Th', 'end': '14:45', 'location': 'CHM 224', 'start': '13:20'}","False","","3","C","20003","Research","2000"
"0000001453","1.0","0000000866","MUSIC","1","0","0","0","1","","Hagedorn, David","{'fsnum': '2878', 'name': 'Hagedorn, David'}","300","","","","","","IR/Jazz Bebop/Beyond","398","","False","","3","O","20003","Research","2000"
"0000001454","1.0","0000000866","MUSIC","1","0","1","0","0","","Ferguson, John","{'fsnum': '2065', 'name': 'Ferguson, John'}","300","","","","","","IR/20thc Organ Design","398","","False","A","3","O","20003","Research","2000"
"0000001455","1.0","0000000921","NORW","18","14","2","0","2","","Aarsvold, Nancy","{'fsnum': '19', 'name': 'Aarsvold, Nancy'}","100","25","","","","","Beginning Norwegian I","111","{'day': 'Mo', 'end': '08:55', 'location': 'M 15', 'start': '08:00'};{'day': 'We', 'end': '08:55', 'location': 'M 15', 'start': '08:00'};{'day': 'Fr', 'end': '08:55', 'location': 'M 15', 'start': '08:00'}","False","","3","O","20003","Research","2000"
"0000001456","1.0","0000000922","NORW","18","13","2","2","1","","Sabo, Anne G.","{'fsnum': '10029', 'name': 'Sabo, Anne G.'}","100","25","","","","","Begin Norwegian II","112","{'day': 'Mo', 'end': '08:55', 'location': 'M 11', 'start': '08:00'};{'day': 'We', 'end': '08:55', 'location': 'M 11', 'start': '08:00'};{'day': 'Fr', 'end': '08:55', 'location': 'M 11', 'start': '08:00'}","False","A","3","O","20003","Research","2000"
"0000001457","1.0","0000000922","NORW","22","15","0","6","1","","Aarsvold, Nancy","{'fsnum': '19', 'name': 'Aarsvold, Nancy'}","100","25","","","","","Begin Norwegian II","112","{'day': 'Mo', 'end': '10:00', 'location': 'M 15', 'start': '09:05'};{'day': 'We', 'end': '10:00', 'location': 'M 15', 'start': '09:05'};{'day': 'Fr', 'end': '10:00', 'location': 'M 15', 'start': '09:05'}","False","B","3","C","20003","Research","2000"
"0000001458","1.0","0000000922","NORW","23","11","0","9","3","","Aarsvold, Nancy","{'fsnum': '19', 'name': 'Aarsvold, Nancy'}","100","25","","","","","Begin Norwegian II","112","{'day': 'Mo', 'end': '11:40', 'location': 'M 11', 'start': '10:45'};{'day': 'We', 'end': '11:40', 'location': 'M 11', 'start': '10:45'};{'day': 'Fr', 'end': '11:40', 'location': 'M 11', 'start': '10:45'}","False","C","3","C","20003","Research","2000"
"0000001459","1.0","0000000922","NORW","23","15","0","7","1","","Hult, Marte H.","{'fsnum': '10040', 'name': 'Hult, Marte H.'}","100","25","","","","","Begin Norwegian II","112","{'day': 'Mo', 'end': '13:50', 'location': 'M 15', 'start': '12:55'};{'day': 'We', 'end': '13:50', 'location': 'M 15', 'start': '12:55'};{'day': 'Fr', 'end': '13:50', 'location': 'M 15', 'start': '12:55'}","False","D","3","C","20003","Research","2000"
"0000001460","1.0","0000000926","NORW","16","1","5","6","4","FOL-N","Zempel, Solveig","{'fsnum': '9184', 'name': 'Zempel, Solveig'}","200","25","","","","","Intermed Norwegian I","231","{'day': 'Mo', 'end': '10:00', 'location': 'M 11', 'start': '09:05'};{'day': 'We', 'end': '10:00', 'location': 'M 11', 'start': '09:05'};{'day': 'Fr', 'end': '10:00', 'location': 'M 11', 'start': '09:05'}","False","","3","O","20003","Research","2000"
"0000001461","1.0","0000000927","NORW","3","0","0","2","1","FOL-N","Homstad, Torild","{'fsnum': '9714', 'name': 'Homstad, Torild'}","200","25","","","","","Intermed Norwegian II","232","{'day': 'Mo', 'end': '14:55', 'location': 'M 15', 'start': '14:00'};{'day': 'We', 'end': '14:55', 'location': 'M 15', 'start': '14:00'};{'day': 'Fr', 'end': '14:55', 'location': 'M 15', 'start': '14:00'}","False","","3","O","20003","Research","2000"
"0000001462","1.0","0000000934","NORW","8","0","4","0","4","ALS-L;FOL-N;WRI","Sabo, Anne G.","{'fsnum': '10029', 'name': 'Sabo, Anne G.'}","300","25","","","","","Norsk Lit Etter 1890","372","{'day': 'Mo', 'end': '14:55', 'location': 'M 11', 'start': '14:00'};{'day': 'We', 'end': '14:55', 'location': 'M 11', 'start': '14:00'};{'day': 'Fr', 'end': '14:55', 'location': 'M 11', 'start': '14:00'}","False","","3","O","20003","Research","2000"
"0000001463","1.0","0000000935","NORW","24","0","11","2","11","EIN","Zempel, Solveig","{'fsnum': '9184', 'name': 'Zempel, Solveig'}","300","30","","","","","Ibsen-Tr","382","{'day': 'Tu', 'end': '14:45', 'location': 'M 15', 'start': '13:20'};{'day': 'Th', 'end': '14:45', 'location': 'M 15', 'start': '13:20'}","False","","3","O","20003","Research","2000"
"0000001464","1.0","0000000937","NORW","1","0","0","0","1","","Zempel, Solveig","{'fsnum': '9184', 'name': 'Zempel, Solveig'}","300","","","","","","IR/Book Translation","398","","False","","3","O","20003","Research","2000"
"0000001465","1.0","0000000943","NURS","1","0","0","0","1","","Glazebrook, Rita","{'fsnum': '2650', 'name': 'Glazebrook, Rita'}","200","","","","","","IS/Transcultural Nsg","298","","False","","3","O","20003","Research","2000"
"0000001466","1.0","0000000943","NURS","1","0","0","0","1","","Kuehn, Mary Beth","{'fsnum': '4577', 'name': 'Kuehn, Mary Beth'}","200","","","","","","IS/Planning Research","298","","False","A","3","O","20003","Research","2000"
"0000001467","1.0","0000000943","NURS","1","0","0","0","1","","Glazebrook, Rita","{'fsnum': '2650', 'name': 'Glazebrook, Rita'}","200","","","","","","IS/Midwifery","298","","False","B","3","O","20003","Research","2000"
"0000001468","2.0","0000000950","NURS","18","0","16","0","2","WRI","Johnson, Mary","{'fsnum': '4068', 'name': 'Johnson, Mary'}","300","20","","","","","Altr Hlth: Adult & Child","330","{'day': 'Mo', 'end': '14:55', 'location': 'H 215', 'start': '12:55'};{'day': 'We', 'end': '14:55', 'location': 'H 215', 'start': '12:55'};{'day': 'Fr', 'end': '14:55', 'location': 'H 215', 'start': '12:55'};{'day': 'Tu', 'end': '14:30', 'location': 'H 215', 'start': '19:00'};{'day': 'Th', 'end': '14:30', 'location': 'H 215', 'start': '19:00'}","False","","3","O","20003","Research","2000"
"0000001469","1.0","0000000954","NURS","18","0","0","0","18","","Sateren, Judith","{'fsnum': '7051', 'name': 'Sateren, Judith'}","300","20","","","","","Alter Mental Health","360","{'day': 'Mo', 'end': '11:40', 'location': 'SC 18', 'start': '10:45'};{'day': 'We', 'end': '11:40', 'location': 'SC 18', 'start': '10:45'};{'day': 'Fr', 'end': '11:40', 'location': 'SC 18', 'start': '10:45'};{'day': 'Tu', 'end': '14:30', 'location': 'SC 18', 'start': '19:30'};{'day': 'Th', 'end': '14:30', 'location': 'SC 18', 'start': '19:30'}","False","","3","O","20003","Research","2000"
"0000001470","2.0","0000000957","NURS","18","0","0","0","18","WRI","Glazebrook, Rita","{'fsnum': '2650', 'name': 'Glazebrook, Rita'}","300","20","","","","","Nurs/Complex Systems","384","{'day': 'Mo', 'end': '10:00', 'location': 'SC 18', 'start': '08:00'};{'day': 'We', 'end': '10:00', 'location': 'SC 18', 'start': '08:00'};{'day': 'Fr', 'end': '10:00', 'location': 'SC 18', 'start': '08:00'};{'day': 'Tu', 'end': '15:30', 'location': 'SC 18', 'start': '19:00'};{'day': 'Th', 'end': '15:30', 'location': 'SC 18', 'start': '19:00'}","False","","3","O","20003","Research","2000"
"0000000986","","0000000001","PARAF","8","0","6","1","0","","","","100","","","","","","Paracollege Full-Time","100","","False","A","3","O","20003","Research","2000"
"0000001660","0.5","0000002388","PARAR","1","0","0","0","0","","","","200","","","","","","Para Half Tut (Lv 2)","202","","True","A","3","O","20003","Research","2000"
"0000001661","1.0","0000002399","PARAR","2","0","0","0","0","","","","300","","","","","","Para Full Tut (Lv 3)","301","","True","A","3","O","20003","Research","2000"
"0000001662","1.0","0000002405","PARAR","5","0","1","0","0","","","","300","","","","","","Comprehensive Exam","391","","False","","3","O","20003","Research","2000"
"0000001663","1.0","0000002406","PARAR","5","0","1","0","0","","","","300","","","","","","Senior Project","392","","False","","3","O","20003","Research","2000"
"0000001491","0.25","0000001000","PEAC","13","2","4","3","4","PHA","Tegtmeyer, Judy","{'fsnum': '8272', 'name': 'Tegtmeyer, Judy'}","100","24","","","","","Orienteering","109","{'day': 'Tu', 'end': '14:55', 'location': 'SAC 140', 'start': '12:55'};{'day': 'Th', 'end': '14:55', 'location': 'SAC 140', 'start': '12:55'}","False","","3","O","20003","Research","2000"
"0000001492","0.25","0000001001","PEAC","25","0","12","2","11","PHA","Kosmoski, Daniel","{'fsnum': '4502', 'name': 'Kosmoski, Daniel'}","100","24","","","","","Basketball","111","{'day': 'Mo', 'end': '10:00', 'location': 'SAC CTR GYM', 'start': '09:05'};{'day': 'We', 'end': '10:00', 'location': 'SAC CTR GYM', 'start': '09:05'}","False","","3","C","20003","Research","2000"
"0000001493","0.25","0000001004","PEAC","6","0","1","1","4","PHA","Thornton, William","{'fsnum': '8371', 'name': 'Thornton, William'}","100","24","","","","","Swimming","121","{'day': 'Mo', 'end': '13:50', 'location': 'SAC POOL', 'start': '12:55'};{'day': 'We', 'end': '13:50', 'location': 'SAC POOL', 'start': '12:55'}","False","","3","O","20003","Research","2000"
"0000001494","0.25","0000001005","PEAC","12","2","1","6","3","PHA","Thornton, William","{'fsnum': '8371', 'name': 'Thornton, William'}","100","12","","","","","Lifeguard Training","122","{'day': 'Tu', 'end': '11:00', 'location': 'SAC POOL', 'start': '09:35'};{'day': 'Th', 'end': '11:00', 'location': 'SAC POOL', 'start': '09:35'}","False","A","3","C","20003","Research","2000"
"0000001495","0.25","0000001005","PEAC","10","4","1","1","4","PHA","Hauck, Bob","{'fsnum': '3165', 'name': 'Hauck, Bob'}","100","12","","","","","Lifeguard Training","122","{'day': 'Tu', 'end': '14:50', 'location': 'SAC POOL', 'start': '13:20'};{'day': 'Th', 'end': '14:50', 'location': 'SAC POOL', 'start': '13:20'}","False","B","3","C","20003","Research","2000"
"0000001496","0.25","0000001006","PEAC","6","3","0","2","1","PHA","Hauck, Bob","{'fsnum': '3165', 'name': 'Hauck, Bob'}","100","24","","","","","Water Safety Instruct","123","{'day': 'Mo', 'end': '13:50', 'location': 'SAC POOL', 'start': '12:55'};{'day': 'We', 'end': '13:50', 'location': 'SAC POOL', 'start': '12:55'};{'day': 'Fr', 'end': '13:50', 'location': 'SAC POOL', 'start': '12:55'}","False","","3","O","20003","Research","2000"
"0000001497","0.25","0000001008","PEAC","29","8","10","1","10","PHA","Campion, John","{'fsnum': '920', 'name': 'Campion, John'}","100","24","","","","","Scuba Diving","126","{'day': 'Fr', 'end': '21:00', 'location': 'SAC POOL', 'start': '18:00'}","False","","3","C","20003","Research","2000"
"0000001498","0.25","0000001010","PEAC","26","0","6","11","9","PHA","Anderson, Randy","{'fsnum': '237', 'name': 'Anderson, Randy'}","100","24","","","","","Swim Fitness","130","{'day': 'Mo', 'end': '08:55', 'location': 'SAC POOL', 'start': '08:00'};{'day': 'We', 'end': '08:55', 'location': 'SAC POOL', 'start': '08:00'}","False","","3","C","20003","Research","2000"
"0000001499","0.5","0000001012","PEAC","25","0","3","0","22","PHA","Cooling, Lori","{'fsnum': '4816', 'name': 'Cooling, Lori'}","100","24","","","","","Individual Fitness.50","133","{'day': 'Mo', 'end': '11:40', 'location': 'SAC S GYM', 'start': '10:45'};{'day': 'We', 'end': '11:40', 'location': 'SAC S GYM', 'start': '10:45'};{'day': 'Fr', 'end': '11:40', 'location': 'SAC S GYM', 'start': '10:45'}","False","A","3","C","20003","Research","2000"
"0000001500","0.5","0000001012","PEAC","28","0","1","0","27","PHA","Nesbit, Scott","{'fsnum': '5580', 'name': 'Nesbit, Scott'}","100","24","","","","","Individual Fitness.50","133","{'day': 'Mo', 'end': '10:00', 'location': 'SAC S GYM', 'start': '09:05'};{'day': 'We', 'end': '10:00', 'location': 'SAC S GYM', 'start': '09:05'};{'day': 'Fr', 'end': '10:00', 'location': 'SAC S GYM', 'start': '09:05'}","False","B","3","C","20003","Research","2000"
"0000001501","0.5","0000001013","PEAC","13","2","2","4","5","PHA","Tegtmeyer, Judy","{'fsnum': '8272', 'name': 'Tegtmeyer, Judy'}","100","24","","","","","Nordic Ski/Biking .50","134","{'day': 'Mo', 'end': '14:55', 'location': 'SAC 140', 'start': '14:00'};{'day': 'We', 'end': '14:55', 'location': 'SAC 140', 'start': '14:00'};{'day': 'Fr', 'end': '14:55', 'location': 'SAC 140', 'start': '14:00'}","False","","3","O","20003","Research","2000"
"0000001502","0.25","0000001015","PEAC","21","0","7","2","12","PHA","Kosmoski, Daniel","{'fsnum': '4502', 'name': 'Kosmoski, Daniel'}","100","24","","","","","Fitness Walking","136","{'day': 'Tu', 'end': '12:45', 'location': 'SAC FH', 'start': '23:50'};{'day': 'Th', 'end': '12:45', 'location': 'SAC FH', 'start': '23:50'}","False","","3","C","20003","Research","2000"
"0000001503","0.25","0000001017","PEAC","25","1","7","5","12","PHA","Miller, Paul","{'fsnum': '5319', 'name': 'Miller, Paul'}","100","24","","","","","Wt Training-Men","141","{'day': 'Tu', 'end': '08:55', 'location': 'MFH WT RM', 'start': '08:00'};{'day': 'Th', 'end': '08:55', 'location': 'MFH WT RM', 'start': '08:00'}","False","","3","C","20003","Research","2000"
"0000001504","0.25","0000001018","PEAC","29","1","3","2","23","PHA","Anderson, Randy","{'fsnum': '237', 'name': 'Anderson, Randy'}","100","24","","","","","Wt Training-Women","142","{'day': 'Tu', 'end': '11:00', 'location': 'MFH WT RM', 'start': '10:05'};{'day': 'Th', 'end': '11:00', 'location': 'MFH WT RM', 'start': '10:05'}","False","","3","C","20003","Research","2000"
"0000001505","0.5","0000001019","PEAC","14","0","1","0","13","PHA","Nesbit, Scott","{'fsnum': '5580', 'name': 'Nesbit, Scott'}","100","15","","","","","Racquet Sports .50","150","{'day': 'Mo', 'end': '11:40', 'location': 'SAC FH', 'start': '10:45'};{'day': 'We', 'end': '11:40', 'location': 'SAC FH', 'start': '10:45'};{'day': 'Fr', 'end': '11:40', 'location': 'SAC FH', 'start': '10:45'}","False","","3","C","20003","Research","2000"
"0000001506","0.25","0000001020","PEAC","21","2","7","6","6","PHA","Kosmoski, Daniel","{'fsnum': '4502', 'name': 'Kosmoski, Daniel'}","100","24","","","","","Badminton","151","{'day': 'Tu', 'end': '13:50', 'location': 'SAC N GYM', 'start': '12:55'};{'day': 'Th', 'end': '13:50', 'location': 'SAC N GYM', 'start': '12:55'}","False","","3","C","20003","Research","2000"
"0000001507","0.25","0000001021","PEAC","8","0","0","0","8","PHA","Kosmoski, Daniel","{'fsnum': '4502', 'name': 'Kosmoski, Daniel'}","100","8","","","","","Racquetball (Men)","153","{'day': 'Mo', 'end': '13:50', 'location': 'SAC RACQ CT', 'start': '12:55'};{'day': 'We', 'end': '13:50', 'location': 'SAC RACQ CT', 'start': '12:55'}","False","A","3","C","20003","Research","2000"
"0000001508","0.25","0000001021","PEAC","6","0","2","0","4","PHA","Cooling, Lori","{'fsnum': '4816', 'name': 'Cooling, Lori'}","100","8","","","","","Racquetball (Wmn)","153","{'day': 'Tu', 'end': '11:00', 'location': 'SAC RACQ CT', 'start': '10:05'};{'day': 'Th', 'end': '11:00', 'location': 'SAC RACQ CT', 'start': '10:05'}","False","B","3","C","20003","Research","2000"
"0000001509","0.25","0000001022","PEAC","20","1","4","0","15","PHA","Tegtmeyer, Judy","{'fsnum': '8272', 'name': 'Tegtmeyer, Judy'}","100","20","","","","","Tennis","157","{'day': 'Tu', 'end': '11:00', 'location': 'SAC FH', 'start': '10:05'};{'day': 'Th', 'end': '11:00', 'location': 'SAC FH', 'start': '10:05'}","False","A","3","C","20003","Research","2000"
"0000001510","0.25","0000001022","PEAC","21","0","5","9","7","PHA","Nesbit, Scott","{'fsnum': '5580', 'name': 'Nesbit, Scott'}","100","20","","","","","Tennis","157","{'day': 'Tu', 'end': '13:50', 'location': 'SAC FH', 'start': '12:55'};{'day': 'Th', 'end': '13:50', 'location': 'SAC FH', 'start': '12:55'}","False","B","3","C","20003","Research","2000"
"0000001511","0.25","0000001023","PEAC","22","4","5","5","8","PHA","Nesbit, Scott","{'fsnum': '5580', 'name': 'Nesbit, Scott'}","100","20","","","","","Intermediate Tennis","158","{'day': 'Mo', 'end': '14:55', 'location': 'SAC FH', 'start': '14:00'};{'day': 'We', 'end': '14:55', 'location': 'SAC FH', 'start': '14:00'}","False","","3","C","20003","Research","2000"
"0000001512","0.25","0000001024","PEAC","20","7","4","7","2","PHA","Pratt, Kenneth","{'fsnum': '6408', 'name': 'Pratt, Kenneth'}","100","24","","","","","Self Defense","161","{'day': 'Tu', 'end': '13:50', 'location': 'SAC WR RM', 'start': '12:55'};{'day': 'Th', 'end': '13:50', 'location': 'SAC WR RM', 'start': '12:55'}","False","A","3","C","20003","Research","2000"
"0000001513","0.25","0000001024","PEAC","21","0","7","4","10","PHA","Pratt, Kenneth","{'fsnum': '6408', 'name': 'Pratt, Kenneth'}","100","24","","","","","Self Defense","161","{'day': 'Tu', 'end': '14:55', 'location': 'SAC WR RM', 'start': '14:00'};{'day': 'Th', 'end': '14:55', 'location': 'SAC WR RM', 'start': '14:00'}","False","B","3","C","20003","Research","2000"
"0000001514","0.25","0000001025","PEAC","11","4","2","4","1","PHA","Osiecki, Thomas","{'fsnum': '13350', 'name': 'Osiecki, Thomas'}","100","","","","","","Intercol Hockey Women","170","","False","","3","O","20003","Research","2000"
"0000001515","0.25","0000001026","PEAC","3","3","0","0","0","PHA","Wojick, Paul","{'fsnum': '9114', 'name': 'Wojick, Paul'}","100","","","","","","Intercol Skiing Men","171","","False","","3","O","20003","Research","2000"
"0000001516","0.25","0000001028","PEAC","7","2","2","2","1","PHA","McDonald, Matt","{'fsnum': '5195', 'name': 'McDonald, Matt'}","100","","","","","","Intercol Baseball","173","","False","","3","O","20003","Research","2000"
"0000001517","0.25","0000001029","PEAC","5","3","0","2","0","PHA","Kosmoski, Daniel","{'fsnum': '4502', 'name': 'Kosmoski, Daniel'}","100","","","","","","Intercol Basketball M","174","","False","","3","O","20003","Research","2000"
"0000001518","0.25","0000001030","PEAC","11","3","2","5","1","PHA","Buresh, Patrice","{'fsnum': '865', 'name': 'Buresh, Patrice'}","100","","","","","","Intercol Basketball W","175","","False","","3","O","20003","Research","2000"
"0000001519","0.25","0000001036","PEAC","3","2","0","1","0","PHA","Goldsworthy, William Sean","{'fsnum': '2652', 'name': 'Goldsworthy, William Sean'}","100","","","","","","Intercol Hockey Men","181","","False","","3","O","20003","Research","2000"
"0000001520","0.25","0000001037","PEAC","1","0","0","1","0","PHA","Nightingale, Michael","{'fsnum': '10591', 'name': 'Nightingale, Michael'}","100","","","","","","Intercol CC Skiing M","182","","False","","3","O","20003","Research","2000"
"0000001521","0.25","0000001038","PEAC","1","1","0","0","0","PHA","Nightingale, Michael","{'fsnum': '10591', 'name': 'Nightingale, Michael'}","100","","","","","","Intercol CC Skiing W","183","","False","","3","O","20003","Research","2000"
"0000001522","0.25","0000001041","PEAC","8","3","0","5","0","PHA","Cooling, Lori","{'fsnum': '4816', 'name': 'Cooling, Lori'}","100","","","","","","Intercol Softball","186","","False","","3","O","20003","Research","2000"
"0000001523","0.25","0000001042","PEAC","7","3","3","0","1","PHA","Hauck, David","{'fsnum': '3166', 'name': 'Hauck, David'}","100","","","","","","Intercol Swimming M","187","","False","","3","O","20003","Research","2000"
"0000001524","0.25","0000001043","PEAC","5","3","0","0","2","PHA","Hauck, Bob","{'fsnum': '3165', 'name': 'Hauck, Bob'}","100","","","","","","Intercol Swimming W","188","","False","","3","O","20003","Research","2000"
"0000001525","0.25","0000001044","PEAC","3","1","0","0","2","PHA","Nesbit, Scott","{'fsnum': '5580', 'name': 'Nesbit, Scott'}","100","","","","","","Intercol Tennis Men","189","","False","","3","O","20003","Research","2000"
"0000001526","0.25","0000001045","PEAC","1","1","0","0","0","PHA","Nesbit, Scott","{'fsnum': '5580', 'name': 'Nesbit, Scott'}","100","","","","","","Intercol Tennis Women","190","","False","","3","O","20003","Research","2000"
"0000001527","0.25","0000001046","PEAC","3","1","0","2","0","PHA","Thornton, William","{'fsnum': '8371', 'name': 'Thornton, William'}","100","","","","","","Intercol Track Men","191","","False","","3","O","20003","Research","2000"
"0000001528","0.25","0000001047","PEAC","4","2","0","2","0","PHA","Daymont, Christine","{'fsnum': '1358', 'name': 'Daymont, Christine'}","100","","","","","","Intercol Track Women","192","","False","","3","O","20003","Research","2000"
"0000001529","0.25","0000001049","PEAC","1","0","0","0","1","PHA","Pratt, Kenneth","{'fsnum': '6408', 'name': 'Pratt, Kenneth'}","100","","","","","","Intercol Wrestling","194","","False","","3","O","20003","Research","2000"
"0000001530","0.5","0000001050","PETH","25","4","7","2","12","","McDonald, Matt","{'fsnum': '5195', 'name': 'McDonald, Matt'}","200","25","","","","","Intro to Coaching","238","{'day': 'Mo', 'end': '12:45', 'location': 'SAC 140', 'start': '23:50'};{'day': 'We', 'end': '12:45', 'location': 'SAC 140', 'start': '23:50'};{'day': 'Fr', 'end': '12:45', 'location': 'SAC 140', 'start': '23:50'}","False","","3","C","20003","Research","2000"
"0000001531","1.0","0000001051","PETH","16","0","3","9","4","","Hagen, Daniel","{'fsnum': '2890', 'name': 'Hagen, Daniel'}","200","25","","","","","Prev/Care Sport Injur","255","{'day': 'Mo', 'end': '15:00', 'location': 'SAC TR RM', 'start': '14:00'};{'day': 'Tu', 'end': '09:35', 'location': 'SAC 140', 'start': '08:00'};{'day': 'Th', 'end': '09:35', 'location': 'SAC 140', 'start': '08:00'}","False","A","3","O","20003","Research","2000"
"0000001532","1.0","0000001051","PETH","10","2","1","2","5","","Hagen, Daniel","{'fsnum': '2890', 'name': 'Hagen, Daniel'}","200","25","","","","","Prev/Care Sport Injur","255","{'day': 'Tu', 'end': '09:35', 'location': 'SAC 140', 'start': '08:00'};{'day': 'Th', 'end': '09:35', 'location': 'SAC 140', 'start': '08:00'};{'day': 'We', 'end': '15:00', 'location': 'SAC TR RM', 'start': '14:00'}","False","B","3","O","20003","Research","2000"
"0000001533","1.0","0000001056","PETH","24","0","7","0","17","EIN;WRI","Wicks, Gary","{'fsnum': '9030', 'name': 'Wicks, Gary'}","200","23","","","","0","Sport Ethic-Society","290","{'day': 'Mo', 'end': '10:00', 'location': 'SAC 140', 'start': '09:05'};{'day': 'We', 'end': '10:00', 'location': 'SAC 140', 'start': '09:05'};{'day': 'Fr', 'end': '10:00', 'location': 'SAC 140', 'start': '09:05'}","False","","3","C","20003","Research","2000"
"0000001534","0.25","0000001059","PETH","1","1","0","0","0","","Anderson, Kurt","{'fsnum': '228', 'name': 'Anderson, Kurt'}","300","25","","","","","Coaching Practicum","335","","False","","3","O","20003","Research","2000"
"0000001535","1.0","0000001062","PETH","6","0","4","0","2","","Goldsworthy, William Sean","{'fsnum': '2652', 'name': 'Goldsworthy, William Sean'}","300","25","","","","","Biomechanics","374","{'day': 'Mo', 'end': '10:00', 'location': 'SAC 142', 'start': '09:05'};{'day': 'We', 'end': '10:00', 'location': 'SAC 142', 'start': '09:05'};{'day': 'Fr', 'end': '10:00', 'location': 'SAC 142', 'start': '09:05'};{'day': 'Th', 'end': '14:45', 'location': 'SAC 142', 'start': '23:45'}","False","A","3","O","20003","Research","2000"
"0000001536","1.0","0000001062","PETH","4","0","1","2","1","","Goldsworthy, William Sean","{'fsnum': '2652', 'name': 'Goldsworthy, William Sean'}","300","25","","","","","Biomechanics","374","{'day': 'Mo', 'end': '10:00', 'location': 'SAC 142', 'start': '09:05'};{'day': 'We', 'end': '10:00', 'location': 'SAC 142', 'start': '09:05'};{'day': 'Fr', 'end': '10:00', 'location': 'SAC 142', 'start': '09:05'};{'day': 'Th', 'end': '11:00', 'location': 'SAC 142', 'start': '08:00'}","False","B","3","O","20003","Research","2000"
"0000001537","1.0","0000001064","PETH","7","0","3","1","3","","Daymont, Christine","{'fsnum': '1358', 'name': 'Daymont, Christine'}","300","25","","","","","Physiology/Exercise","375","{'day': 'Mo', 'end': '11:40', 'location': 'SAC 142', 'start': '10:45'};{'day': 'We', 'end': '11:40', 'location': 'SAC 142', 'start': '10:45'};{'day': 'Fr', 'end': '11:40', 'location': 'SAC 142', 'start': '10:45'};{'day': 'Tu', 'end': '11:00', 'location': 'SAC 142', 'start': '08:00'}","False","","3","O","20003","Research","2000"
"0000001471","1.0","0000000964","PHIL","28","13","2","9","4","HWC;WRI","Marino, Gordon D.","{'fsnum': '5051', 'name': 'Marino, Gordon D.'}","100","25","","","","","Making of Modern Mind","118","{'day': 'Mo', 'end': '11:40', 'location': 'L 421', 'start': '10:45'};{'day': 'We', 'end': '11:40', 'location': 'L 421', 'start': '10:45'};{'day': 'Fr', 'end': '11:40', 'location': 'L 421', 'start': '10:45'}","False","A","3","C","20003","Research","2000"
"0000001472","1.0","0000000964","PHIL","24","19","0","3","2","HWC;WRI","Marino, Gordon D.","{'fsnum': '5051', 'name': 'Marino, Gordon D.'}","100","25","","","","","Making of Modern Mind","118","{'day': 'Mo', 'end': '14:55', 'location': 'CT 227', 'start': '14:00'};{'day': 'We', 'end': '14:55', 'location': 'CT 227', 'start': '14:00'};{'day': 'Fr', 'end': '14:55', 'location': 'CT 227', 'start': '14:00'}","False","B","3","C","20003","Research","2000"
"0000001473","1.0","0000000969","PHIL","19","7","4","6","2","HWC","Marino, Gordon D.","{'fsnum': '5051', 'name': 'Marino, Gordon D.'}","200","25","","","","","Kierkegaard","233","{'day': 'Tu', 'end': '11:00', 'location': 'H 516', 'start': '09:35'};{'day': 'Th', 'end': '11:00', 'location': 'H 516', 'start': '09:35'}","False","","3","C","20003","Research","2000"
"0000001474","1.0","0000000971","PHIL","18","2","5","7","4","HWC;WRI","Swain, Corliss","{'fsnum': '8165', 'name': 'Swain, Corliss'}","200","20","","","","","Modern Philosophy","236","{'day': 'Mo', 'end': '14:55', 'location': 'M 30', 'start': '14:00'};{'day': 'We', 'end': '14:55', 'location': 'M 30', 'start': '14:00'};{'day': 'Fr', 'end': '14:55', 'location': 'M 30', 'start': '14:00'}","False","","3","C","20003","Research","2000"
"0000001475","1.0","0000000972","PHIL","19","0","9","5","5","WRI","Harper, Vicki L.","{'fsnum': '3121', 'name': 'Harper, Vicki L.'}","200","20","","","","","Formal Logic & Phil","240","{'day': 'Mo', 'end': '12:45', 'location': 'H 515', 'start': '23:50'};{'day': 'We', 'end': '12:45', 'location': 'H 515', 'start': '23:50'};{'day': 'Fr', 'end': '12:45', 'location': 'H 515', 'start': '23:50'}","False","","3","C","20003","Research","2000"
"0000001476","1.0","0000000974","PHIL","26","10","4","9","3","ALS-A;WRI","Santurri, Edmund","{'fsnum': '7020', 'name': 'Santurri, Edmund'}","200","25","","","","","Aesthetics","243","{'day': 'Tu', 'end': '13:10', 'location': 'CH 111', 'start': '23:45'};{'day': 'Th', 'end': '13:10', 'location': 'CH 111', 'start': '23:45'}","False","","3","C","20003","Research","2000"
"0000001477","1.0","0000000975","PHIL","27","2","8","8","9","NST;WRI","Gorham, Geoffrey","{'fsnum': '13199', 'name': 'Gorham, Geoffrey'}","200","25","","","","","Philosophy & Science","244","{'day': 'Mo', 'end': '14:55', 'location': 'CT 216', 'start': '14:00'};{'day': 'We', 'end': '14:55', 'location': 'CT 216', 'start': '14:00'};{'day': 'Fr', 'end': '14:55', 'location': 'CT 216', 'start': '14:00'}","False","","3","C","20003","Research","2000"
"0000001478","1.0","0000000977","PHIL","25","0","0","0","25","EIN;WRI","Gervais, Karen","{'fsnum': '2519', 'name': 'Gervais, Karen'}","200","25","","","","","Biomedical Ethics","250","{'day': 'Mo', 'end': '22:00', 'location': 'H 413', 'start': '19:00'}","False","","3","C","20003","Research","2000"
"0000001479","1.0","0000000978","PHIL","19","6","3","8","2","MCS-G;WRI","Rambachan, Anantanand","{'fsnum': '6535', 'name': 'Rambachan, Anantanand'}","200","25","","","","","Asian Philosophy","251","{'day': 'Tu', 'end': '14:45', 'location': 'CH 110', 'start': '13:20'};{'day': 'Th', 'end': '14:45', 'location': 'CH 110', 'start': '13:20'}","False","","3","C","20003","Research","2000"
"0000001480","1.0","0000000979","PHIL","25","0","16","0","9","EIN;WRI","Langerak, Edward","{'fsnum': '4599', 'name': 'Langerak, Edward'}","200","22","","","","","Ethics/The Good Life","252","{'day': 'Mo', 'end': '10:00', 'location': 'H 515', 'start': '09:05'};{'day': 'We', 'end': '10:00', 'location': 'H 515', 'start': '09:05'};{'day': 'Fr', 'end': '10:00', 'location': 'H 515', 'start': '09:05'}","False","A","3","C","20003","Research","2000"
"0000001481","1.0","0000000979","PHIL","30","1","16","5","8","EIN;WRI","Harper, Vicki L.","{'fsnum': '3121', 'name': 'Harper, Vicki L.'}","200","22","","","","","Ethics/The Good Life","252","{'day': 'Mo', 'end': '14:55', 'location': 'H 317', 'start': '14:00'};{'day': 'We', 'end': '14:55', 'location': 'H 317', 'start': '14:00'};{'day': 'Fr', 'end': '14:55', 'location': 'H 317', 'start': '14:00'}","False","B","3","C","20003","Research","2000"
"0000001482","1.0","0000000981","PHIL","23","1","8","2","12","EIN","Swain, Corliss","{'fsnum': '8165', 'name': 'Swain, Corliss'}","200","22","","","","","Friendship Love/Gd Lf","256","{'day': 'Mo', 'end': '11:40', 'location': 'H 302', 'start': '10:45'};{'day': 'We', 'end': '11:40', 'location': 'H 302', 'start': '10:45'};{'day': 'Fr', 'end': '11:40', 'location': 'H 302', 'start': '10:45'}","False","A","3","C","20003","Research","2000"
"0000001483","1.0","0000000981","PHIL","22","0","10","2","10","EIN","Swain, Corliss","{'fsnum': '8165', 'name': 'Swain, Corliss'}","200","22","","","","","Friendship Love/Gd Lf","256","{'day': 'Mo', 'end': '12:45', 'location': 'H 302', 'start': '23:50'};{'day': 'We', 'end': '12:45', 'location': 'H 302', 'start': '23:50'};{'day': 'Fr', 'end': '12:45', 'location': 'H 302', 'start': '23:50'}","False","B","3","C","20003","Research","2000"
"0000001484","1.0","0000000982","PHIL","35","0","13","3","19","EIN;WRI","Taliaferro, Charles","{'fsnum': '8230', 'name': 'Taliaferro, Charles'}","200","22","","","","","Top: Environ Ethics","257","{'day': 'Tu', 'end': '11:00', 'location': 'SC 188', 'start': '09:35'};{'day': 'Th', 'end': '11:00', 'location': 'SC 188', 'start': '09:35'}","False","A","3","C","20003","Research","2000"
"0000001485","1.0","0000000982","PHIL","32","1","9","3","19","EIN;WRI","Taliaferro, Charles","{'fsnum': '8230', 'name': 'Taliaferro, Charles'}","200","22","","","","","Top: Environ Ethics","257","{'day': 'Tu', 'end': '13:10', 'location': 'H 307', 'start': '23:45'};{'day': 'Th', 'end': '13:10', 'location': 'H 307', 'start': '23:45'}","False","B","3","C","20003","Research","2000"
"0000001486","1.0","0000000986","PHIL","1","0","0","0","1","","Taliaferro, Charles","{'fsnum': '8230', 'name': 'Taliaferro, Charles'}","200","","","","","","IS/Texts and Meaning","298","","False","","3","O","20003","Research","2000"
"0000001487","1.0","0000000991","PHIL","19","0","11","5","3","","Gorham, Geoffrey","{'fsnum': '13199', 'name': 'Gorham, Geoffrey'}","300","15","","","","","Top: Advanced Top Stds","375","{'day': 'Mo', 'end': '22:00', 'location': 'H 516', 'start': '19:00'}","False","","3","C","20003","Topic","2000"
"0000001488","1.0","0000000993","PHIL","1","0","0","0","1","","Taliaferro, Charles","{'fsnum': '8230', 'name': 'Taliaferro, Charles'}","300","","","","","","IR/Phil Book Reviews","398","","False","","3","O","20003","Research","2000"
"0000001489","1.0","0000000993","PHIL","1","0","0","0","1","","Swain, Corliss","{'fsnum': '8165', 'name': 'Swain, Corliss'}","300","","","","","","IR/Epistemology","398","","False","A","3","O","20003","Research","2000"
"0000001490","1.0","0000000994","PHIL","15","0","6","2","7","WRI","Taliaferro, Charles","{'fsnum': '8230', 'name': 'Taliaferro, Charles'}","300","15","","","","","Seminar","399","{'day': 'Tu', 'end': '14:45', 'location': 'H 515', 'start': '13:20'};{'day': 'Th', 'end': '14:45', 'location': 'H 515', 'start': '13:20'}","False","","3","C","20003","Seminar","2000"
"0000001538","1.0","0000001069","PHYS","57","0","3","0","54","NSC","Thomas, Richard","{'fsnum': '13198', 'name': 'Thomas, Richard'}","100","55","","","","","Intro Astronomy","112","{'day': 'Mo', 'end': '12:45', 'location': 'SC 170', 'start': '23:50'};{'day': 'We', 'end': '12:45', 'location': 'SC 170', 'start': '23:50'};{'day': 'Fr', 'end': '12:45', 'location': 'SC 170', 'start': '23:50'}","False","","3","C","20003","Research","2000"
"0000001539","1.0","0000001074","PHYS","51","0","34","10","7","NSC;NSL","Dahl, David A.","{'fsnum': '1345', 'name': 'Dahl, David A.'}","100","50","","","","","Principles Physics II","125","{'day': 'Mo', 'end': '08:55', 'location': 'SC 170', 'start': '08:00'};{'day': 'We', 'end': '08:55', 'location': 'SC 170', 'start': '08:00'};{'day': 'Fr', 'end': '08:55', 'location': 'SC 170', 'start': '08:00'}","False","A","3","C","20003","Research","2000"
"0000001541","1.0","0000001074","PHYS","45","0","27","4","14","NSC;NSL","Nitz, David","{'fsnum': '5620', 'name': 'Nitz, David'}","100","50","","","","","Principles Physics II","125","{'day': 'Mo', 'end': '10:00', 'location': 'SC 170', 'start': '09:05'};{'day': 'We', 'end': '10:00', 'location': 'SC 170', 'start': '09:05'};{'day': 'Fr', 'end': '10:00', 'location': 'SC 170', 'start': '09:05'}","False","B","3","C","20003","Research","2000"
"0000001540","","0000001075","PHYS","0","0","0","0","0","","Dahl, David A.","{'fsnum': '1345', 'name': 'Dahl, David A.'}","100","18","","","","","Prin Physics II/Lab","125","{'day': 'Th', 'end': '11:00', 'location': 'SC 159', 'start': '08:30'}","False","A","3","C","20003","Lab","2000"
"0000001542","","0000001075","PHYS","0","0","0","0","0","","Nitz, David","{'fsnum': '5620', 'name': 'Nitz, David'}","100","18","","","","","Prin Physics II/Lab","125","{'day': 'Th', 'end': '14:15', 'location': 'SC 159', 'start': '23:45'}","False","B","3","C","20003","Lab","2000"
"0000001543","","0000001075","PHYS","0","0","0","0","0","","Dahl, David A.","{'fsnum': '1345', 'name': 'Dahl, David A.'}","100","18","","","","","Prin Physics II/Lab","125","{'day': 'Th', 'end': '17:30', 'location': 'SC 159', 'start': '15:00'}","False","C","3","C","20003","Lab","2000"
"0000001544","","0000001075","PHYS","0","0","0","0","0","","Nitz, David","{'fsnum': '5620', 'name': 'Nitz, David'}","100","19","","","","","Prin Physics II/Lab","125","{'day': 'Fr', 'end': '15:25', 'location': 'SC 159', 'start': '12:55'}","False","D","3","C","20003","Lab","2000"
"0000001545","","0000001075","PHYS","0","0","0","0","0","","Dahl, David A.","{'fsnum': '1345', 'name': 'Dahl, David A.'}","100","19","","","","","Prin Physics II/Lab","125","{'day': 'We', 'end': '15:25', 'location': 'SC 159', 'start': '12:55'}","False","E","3","C","20003","Lab","2000"
"0000001546","1.0","0000001078","PHYS","25","22","0","0","3","NSC;NSL","Cederberg, James","{'fsnum': '1021', 'name': 'Cederberg, James'}","100","28","","","","","Analytical II","127","{'day': 'Mo', 'end': '11:40', 'location': 'SC 170', 'start': '10:45'};{'day': 'We', 'end': '11:40', 'location': 'SC 170', 'start': '10:45'};{'day': 'Fr', 'end': '11:40', 'location': 'SC 170', 'start': '10:45'}","False","","3","O","20003","Research","2000"
"0000001547","","0000001079","PHYS","0","0","0","0","0","","Cederberg, James","{'fsnum': '1021', 'name': 'Cederberg, James'}","100","14","","","","","Analytical II/Lab","127","{'day': 'Mo', 'end': '15:25', 'location': 'SC 159', 'start': '12:55'}","False","A","3","O","20003","Lab","2000"
"0000001548","","0000001079","PHYS","0","0","0","0","0","","Cederberg, James","{'fsnum': '1021', 'name': 'Cederberg, James'}","100","14","","","","","Analytical II/Lab","127","{'day': 'Tu', 'end': '15:50', 'location': 'SC 159', 'start': '13:20'}","False","B","3","C","20003","Lab","2000"
"0000001549","1.0","0000001082","PHYS","14","1","0","11","2","","Jacobel, Robert","{'fsnum': '3646', 'name': 'Jacobel, Robert'}","200","20","","","","","Modern Physics","244","{'day': 'Mo', 'end': '10:00', 'location': 'SC 129', 'start': '09:05'};{'day': 'We', 'end': '10:00', 'location': 'SC 129', 'start': '09:05'};{'day': 'Fr', 'end': '10:00', 'location': 'SC 129', 'start': '09:05'}","False","","3","O","20003","Research","2000"
"0000001550","0.25","0000001083","PHYS","5","1","0","2","2","","Jacobel, Robert","{'fsnum': '3646', 'name': 'Jacobel, Robert'}","200","8","","","","","Modern Phys Lab (244)","245","{'day': 'Mo', 'end': '17:00', 'location': 'SC 151', 'start': '14:00'}","False","A","3","O","20003","Lab","2000"
"0000001551","0.25","0000001083","PHYS","9","0","0","9","0","","Jacobel, Robert","{'fsnum': '3646', 'name': 'Jacobel, Robert'}","200","8","","","","","Modern Phys Lab (244)","245","{'day': 'Tu', 'end': '16:20', 'location': 'SC 151', 'start': '13:20'}","False","B","3","C","20003","Lab","2000"
"0000001552","1.0","0000001093","PHYS","11","0","10","0","1","","Kolan, Amy","{'fsnum': '4480', 'name': 'Kolan, Amy'}","300","","","","","","Maxwell's Equations","375","{'day': 'Mo', 'end': '11:35', 'location': 'SC 110', 'start': '10:45'};{'day': 'We', 'end': '11:35', 'location': 'SC 110', 'start': '10:45'};{'day': 'Fr', 'end': '11:35', 'location': 'SC 110', 'start': '10:45'}","False","","3","O","20003","Research","2000"
"0000001553","0.25","0000001097","PHYS","6","0","5","0","1","","Cederberg, James","{'fsnum': '1021', 'name': 'Cederberg, James'}","300","8","","","","","Adv Physics Lab (375)","385","{'day': 'Th', 'end': '16:20', 'location': 'SC 151', 'start': '13:20'}","False","A","3","O","20003","Lab","2000"
"0000001554","0.25","0000001097","PHYS","5","0","5","0","0","","Cederberg, James","{'fsnum': '1021', 'name': 'Cederberg, James'}","300","8","","","","","Adv Physics Lab (375)","385","{'day': 'Fr', 'end': '17:00', 'location': 'SC 151', 'start': '14:00'}","False","B","3","O","20003","Lab","2000"
"0000001555","1.0","0000001101","PHYS","1","0","0","1","0","","Walter, Anne","{'fsnum': '8876', 'name': 'Walter, Anne'}","300","","","","","","IR/Afm Research","398","","False","","3","O","20003","Research","2000"
"0000001556","1.0","0000001103","PSCI","29","0","7","10","12","HBS;MCS-D","Breen, Sheryl D.","{'fsnum': '13316', 'name': 'Breen, Sheryl D.'}","100","30","","","","","American Politics","111","{'day': 'Mo', 'end': '11:40', 'location': 'CT 227', 'start': '10:45'};{'day': 'We', 'end': '11:40', 'location': 'CT 227', 'start': '10:45'};{'day': 'Fr', 'end': '11:40', 'location': 'CT 227', 'start': '10:45'}","False","","3","C","20003","Research","2000"
"0000001557","1.0","0000001104","PSCI","31","10","4","15","2","HBS;MCS-G","Thalhammer, Kris","{'fsnum': '8281', 'name': 'Thalhammer, Kris'}","100","30","","","","","Comparative Politics","112","{'day': 'Mo', 'end': '11:40', 'location': 'M 31', 'start': '10:45'};{'day': 'We', 'end': '11:40', 'location': 'M 31', 'start': '10:45'};{'day': 'Fr', 'end': '11:40', 'location': 'M 31', 'start': '10:45'}","False","A","3","C","20003","Research","2000"
"0000001558","1.0","0000001104","PSCI","27","17","0","6","4","HBS;MCS-G","Thalhammer, Kris","{'fsnum': '8281', 'name': 'Thalhammer, Kris'}","100","30","","","","","Comparative Politics","112","{'day': 'Mo', 'end': '12:45', 'location': 'M 31', 'start': '23:50'};{'day': 'We', 'end': '12:45', 'location': 'M 31', 'start': '23:50'};{'day': 'Fr', 'end': '12:45', 'location': 'M 31', 'start': '23:50'}","False","B","3","C","20003","Research","2000"
"0000001559","1.0","0000001105","PSCI","28","13","1","10","4","HWC;MCS-D","Seligsohn, Andrew","{'fsnum': '10025', 'name': 'Seligsohn, Andrew'}","100","30","","","","","Political Thought","113","{'day': 'Mo', 'end': '13:50', 'location': 'H 403', 'start': '12:55'};{'day': 'We', 'end': '13:50', 'location': 'H 403', 'start': '12:55'};{'day': 'Fr', 'end': '13:50', 'location': 'H 403', 'start': '12:55'}","False","A","3","C","20003","Research","2000"
"0000001560","1.0","0000001105","PSCI","30","20","0","5","5","HWC;MCS-D","Seligsohn, Andrew","{'fsnum': '10025', 'name': 'Seligsohn, Andrew'}","100","30","","","","","Political Thought","113","{'day': 'Mo', 'end': '14:55', 'location': 'H 403', 'start': '14:00'};{'day': 'We', 'end': '14:55', 'location': 'H 403', 'start': '14:00'};{'day': 'Fr', 'end': '14:55', 'location': 'H 403', 'start': '14:00'}","False","B","3","C","20003","Research","2000"
"0000001561","1.0","0000001110","PSCI","37","14","0","12","11","HBS","Bloom, Susan","{'fsnum': '13178', 'name': 'Bloom, Susan'}","100","30","","","","","Int'l Relations","121","{'day': 'Tu', 'end': '11:00', 'location': 'M 35', 'start': '09:35'};{'day': 'Th', 'end': '11:00', 'location': 'M 35', 'start': '09:35'}","False","","3","C","20003","Research","2000"
"0000001562","1.0","0000001112","PSCI","25","1","11","10","3","","Dale, J. Patrick","{'fsnum': '1343', 'name': 'Dale, J. Patrick'}","200","25","","","","","Pol Race/Class/Gender","215","{'day': 'Tu', 'end': '09:25', 'location': 'H 317', 'start': '08:00'};{'day': 'Th', 'end': '09:25', 'location': 'H 317', 'start': '08:00'}","False","","3","C","20003","Research","2000"
"0000001563","1.0","0000001116","PSCI","26","2","5","11","8","","Umbanhowar Sr, Charles E.","{'fsnum': '8656', 'name': 'Umbanhowar Sr, Charles E.'}","200","25","","","","","Jurisprud/Judicial Pr","235","{'day': 'Tu', 'end': '11:00', 'location': 'SC 170', 'start': '09:35'};{'day': 'Th', 'end': '11:00', 'location': 'SC 170', 'start': '09:35'}","False","","3","C","20003","Research","2000"
"0000001564","1.0","0000001121","PSCI","17","1","4","10","2","","Bloom, Susan","{'fsnum': '13178', 'name': 'Bloom, Susan'}","200","20","","","","","Pol Econ: Eur,Jpn,Us","251","{'day': 'Tu', 'end': '14:45', 'location': 'H 307', 'start': '13:20'};{'day': 'Th', 'end': '14:45', 'location': 'H 307', 'start': '13:20'}","False","","3","C","20003","Research","2000"
"0000001565","1.0","0000001126","PSCI","20","2","5","9","4","","Dale, J. Patrick","{'fsnum': '1343', 'name': 'Dale, J. Patrick'}","200","20","","","","","Central European Pol","256","{'day': 'Tu', 'end': '13:10', 'location': 'M 30', 'start': '23:45'};{'day': 'Th', 'end': '13:10', 'location': 'M 30', 'start': '23:45'}","False","","3","C","20003","Research","2000"
"0000001566","1.0","0000001127","PSCI","23","3","9","6","5","","Thalhammer, Kris","{'fsnum': '8281', 'name': 'Thalhammer, Kris'}","200","20","","","","","U.S./Latin Amer Relat","257","{'day': 'Mo', 'end': '14:55', 'location': 'SC 182', 'start': '14:00'};{'day': 'We', 'end': '14:55', 'location': 'SC 182', 'start': '14:00'};{'day': 'Fr', 'end': '14:55', 'location': 'SC 182', 'start': '14:00'}","False","","3","C","20003","Research","2000"
"0000001567","1.0","0000001130","PSCI","24","0","9","8","7","HWC","Seligsohn, Andrew","{'fsnum': '10025', 'name': 'Seligsohn, Andrew'}","200","25","","","","","Hist Mod Pol Thought","260","{'day': 'Mo', 'end': '10:00', 'location': 'H 317', 'start': '09:05'};{'day': 'We', 'end': '10:00', 'location': 'H 317', 'start': '09:05'};{'day': 'Fr', 'end': '10:00', 'location': 'H 317', 'start': '09:05'}","False","","3","C","20003","Research","2000"
"0000001568","1.0","0000001139","PSCI","3","0","1","0","2","","Hofrenning, Dan","{'fsnum': '3418', 'name': 'Hofrenning, Dan'}","200","","","","","","Academic Internship","294","","True","","3","O","20003","Research","2000"
"0000001569","1.0","0000001139","PSCI","1","0","1","0","0","","Umbanhowar Sr, Charles E.","{'fsnum': '8656', 'name': 'Umbanhowar Sr, Charles E.'}","200","","","","","","Academic Internship","294","","True","A","3","O","20003","Research","2000"
"0000001570","1.0","0000001141","PSCI","1","0","0","0","1","","Thalhammer, Kris","{'fsnum': '8281', 'name': 'Thalhammer, Kris'}","200","","","","","","IS/African Politics","298","","False","","3","O","20003","Research","2000"
"0000001571","1.0","0000001141","PSCI","1","0","0","1","0","","Hofrenning, Dan","{'fsnum': '3418', 'name': 'Hofrenning, Dan'}","200","","","","","","IS/Survey Research","298","","False","A","3","O","20003","Research","2000"
"0000001572","1.0","0000001118","PSCI","21","0","4","1","16","EIN","Breen, Sheryl D.","{'fsnum': '13316', 'name': 'Breen, Sheryl D.'}","300","15","","","","","Ethics/Public Policy","346","{'day': 'Mo', 'end': '22:00', 'location': 'H 514', 'start': '19:00'}","False","","3","C","20003","Research","2000"
"0000001573","1.0","0000001147","PSCI","15","0","6","1","8","","Umbanhowar Sr, Charles E.","{'fsnum': '8656', 'name': 'Umbanhowar Sr, Charles E.'}","300","15","","","","","Am Const Law: Limitat","373","{'day': 'Tu', 'end': '14:45', 'location': 'M 11', 'start': '13:20'};{'day': 'Th', 'end': '14:45', 'location': 'M 11', 'start': '13:20'}","False","","3","C","20003","Research","2000"
"0000001574","1.0","0000001149","PSCI","16","0","11","2","3","","Dale, J. Patrick","{'fsnum': '1343', 'name': 'Dale, J. Patrick'}","300","15","","","","","Russian Pol Econ","385","{'day': 'Mo', 'end': '22:00', 'location': 'H 515', 'start': '19:00'}","False","","3","C","20003","Research","2000"
"0000001575","0.25","0000001149","PSCI","4","0","1","1","2","","Walter, Irina","{'fsnum': '8888', 'name': 'Walter, Irina'}","300","","","","","","FLC-Russian","385","","False","L","3","O","20003","Research","2000"
"0000001576","1.0","0000001152","PSCI","1","0","1","0","0","","Bloom, Susan","{'fsnum': '13178', 'name': 'Bloom, Susan'}","300","","","","","","IR/Terrorism","398","","False","","3","O","20003","Research","2000"
"0000001577","1.0","0000001153","PSCI","19","0","7","1","11","","Umbanhowar Sr, Charles E.","{'fsnum': '8656', 'name': 'Umbanhowar Sr, Charles E.'}","300","15","","","","","Sem: International Law","399","{'day': 'Mo', 'end': '13:50', 'location': 'H 514', 'start': '12:55'};{'day': 'We', 'end': '13:50', 'location': 'H 514', 'start': '12:55'};{'day': 'Fr', 'end': '13:50', 'location': 'H 514', 'start': '12:55'}","False","","3","C","20003","Seminar","2000"
"0000001578","1.0","0000001154","PSYCH","61","42","4","9","6","HBS;MCS-D","Huff, Charles","{'fsnum': '3556', 'name': 'Huff, Charles'}","100","60","","","","","Principles: Psych","121","{'day': 'Mo', 'end': '11:40', 'location': 'H 307', 'start': '10:45'};{'day': 'We', 'end': '11:40', 'location': 'H 307', 'start': '10:45'};{'day': 'Fr', 'end': '11:40', 'location': 'H 307', 'start': '10:45'}","False","A","3","C","20003","Research","2000"
"0000001579","1.0","0000001154","PSYCH","49","38","3","3","5","HBS;MCS-D","Huff, Charles","{'fsnum': '3556', 'name': 'Huff, Charles'}","100","60","","","","","Principles: Psych","121","{'day': 'Mo', 'end': '13:50', 'location': 'H 307', 'start': '12:55'};{'day': 'We', 'end': '13:50', 'location': 'H 307', 'start': '12:55'};{'day': 'Fr', 'end': '13:50', 'location': 'H 307', 'start': '12:55'}","False","B","3","C","20003","Research","2000"
"0000001580","1.0","0000001154","PSYCH","42","28","2","8","4","HBS;MCS-D","Otteson, James","{'fsnum': '14018', 'name': 'Otteson, James'}","100","60","","","","","Principles: Psych","121","{'day': 'Tu', 'end': '09:25', 'location': 'H 307', 'start': '08:00'};{'day': 'Th', 'end': '09:25', 'location': 'H 307', 'start': '08:00'}","False","C","3","O","20003","Research","2000"
"0000001581","1.0","0000001154","PSYCH","58","32","7","12","7","HBS;MCS-D","Otteson, James","{'fsnum': '14018', 'name': 'Otteson, James'}","100","60","","","","","Principles: Psych","121","{'day': 'Tu', 'end': '11:00', 'location': 'H 307', 'start': '09:35'};{'day': 'Th', 'end': '11:00', 'location': 'H 307', 'start': '09:35'}","False","D","3","C","20003","Research","2000"
"0000001582","1.0","0000002274","PSYCH","58","43","5","7","3","HBS;NSL;NST","Sherman, Bonnie","{'fsnum': '7475', 'name': 'Sherman, Bonnie'}","100","60","","","","","Principles: Exp Psych","122","{'day': 'Mo', 'end': '10:00', 'location': 'H 307', 'start': '09:05'};{'day': 'We', 'end': '10:00', 'location': 'H 307', 'start': '09:05'};{'day': 'Fr', 'end': '10:00', 'location': 'H 307', 'start': '09:05'}","False","","3","O","20003","Research","2000"
"0000001583","","0000002275","PSYCH","0","0","0","0","0","","Sherman, Bonnie","{'fsnum': '7475', 'name': 'Sherman, Bonnie'}","100","30","","","","","Prin: Exper Psy/Lab","122","{'day': 'Tu', 'end': '14:45', 'location': 'SC 282', 'start': '23:45'}","False","A","3","C","20003","Lab","2000"
"0000001584","","0000002275","PSYCH","0","0","0","0","0","","Thorsheim, Howard","{'fsnum': '8376', 'name': 'Thorsheim, Howard'}","100","30","","","","","Prin: Exper Psy/Lab","122","{'day': 'We', 'end': '17:00', 'location': 'SC 280', 'start': '14:00'}","False","B","3","O","20003","Lab","2000"
"0000001585","1.0","0000001158","PSYCH","18","0","6","11","1","","Gross, Dana","{'fsnum': '2768', 'name': 'Gross, Dana'}","200","20","","","","","Research Methods","231","{'day': 'Mo', 'end': '12:45', 'location': 'H 307', 'start': '23:50'};{'day': 'We', 'end': '12:45', 'location': 'H 307', 'start': '23:50'};{'day': 'Fr', 'end': '12:45', 'location': 'H 307', 'start': '23:50'}","False","A","3","C","20003","Research","2000"
"0000001586","1.0","0000001158","PSYCH","21","1","8","12","0","","Dickson Jr., James","{'fsnum': '1366', 'name': 'Dickson Jr., James'}","200","20","","","","","Research Methods","231","{'day': 'Mo', 'end': '12:45', 'location': 'H 322', 'start': '23:50'};{'day': 'We', 'end': '12:45', 'location': 'H 322', 'start': '23:50'};{'day': 'Fr', 'end': '12:45', 'location': 'H 322', 'start': '23:50'}","False","B","3","C","20003","Research","2000"
"0000001587","1.0","0000001163","PSYCH","14","0","2","10","2","NSL;NST","Thorsheim, Howard","{'fsnum': '8376', 'name': 'Thorsheim, Howard'}","200","15","","","","","Cognit,Learn & Memory","237","{'day': 'Th', 'end': '14:45', 'location': '', 'start': '23:45'};{'day': 'Tu', 'end': '09:25', 'location': 'H 319/322', 'start': '08:00'};{'day': 'Th', 'end': '09:25', 'location': 'H 319/322', 'start': '08:00'}","False","","3","C","20003","Research","2000"
"0000001588","1.0","0000001165","PSYCH","38","1","16","9","12","NST","Marino, Susan","{'fsnum': '10059', 'name': 'Marino, Susan'}","200","30","","","","","Biopsychology","238","{'day': 'Tu', 'end': '13:10', 'location': 'H 317', 'start': '23:45'};{'day': 'Th', 'end': '13:10', 'location': 'H 317', 'start': '23:45'}","False","","3","C","20003","Research","2000"
"0000001589","1.0","0000001168","PSYCH","41","12","4","20","5","","Strunk, Pia","{'fsnum': '14011', 'name': 'Strunk, Pia'}","200","35","","","","","Developmental Psych","241","{'day': 'Mo', 'end': '08:55', 'location': 'H 307', 'start': '08:00'};{'day': 'We', 'end': '08:55', 'location': 'H 307', 'start': '08:00'};{'day': 'Fr', 'end': '08:55', 'location': 'H 307', 'start': '08:00'}","False","A","3","C","20003","Research","2000"
"0000001590","1.0","0000001168","PSYCH","36","1","6","25","4","","Gross, Dana","{'fsnum': '2768', 'name': 'Gross, Dana'}","200","40","","","","","Developmental Psych","241","{'day': 'Mo', 'end': '13:50', 'location': 'H 317', 'start': '12:55'};{'day': 'We', 'end': '13:50', 'location': 'H 317', 'start': '12:55'};{'day': 'Fr', 'end': '13:50', 'location': 'H 317', 'start': '12:55'}","False","B","3","C","20003","Research","2000"
"0000001591","1.0","0000001172","PSYCH","26","0","9","9","8","","Brull, Harold;Gregory, William Scott","{'fsnum': '809', 'name': 'Brull, Harold'};{'fsnum': '2740', 'name': 'Gregory, William Scott'}","200","25","","","","","Indust/Organizations","250","{'day': 'Th', 'end': '22:00', 'location': 'H 301', 'start': '19:00'}","False","","3","C","20003","Research","2000"
"0000001592","1.0","0000001176","PSYCH","31","0","5","20","6","","Anderson, Deborah","{'fsnum': '186', 'name': 'Anderson, Deborah'}","200","35","","","","","Abnormal Psych","264","{'day': 'Tu', 'end': '11:00', 'location': 'H 317', 'start': '09:35'};{'day': 'Th', 'end': '11:00', 'location': 'H 317', 'start': '09:35'}","False","","3","C","20003","Research","2000"
"0000001593","1.0","0000001177","PSYCH","33","9","8","13","3","","Altermatt, T. William","{'fsnum': '13197', 'name': 'Altermatt, T. William'}","200","35","","","","","Psych of Personality","271","{'day': 'Mo', 'end': '11:40', 'location': 'H 301', 'start': '10:45'};{'day': 'We', 'end': '11:40', 'location': 'H 301', 'start': '10:45'};{'day': 'Fr', 'end': '11:40', 'location': 'H 301', 'start': '10:45'}","False","A","3","C","20003","Research","2000"
"0000001594","1.0","0000001177","PSYCH","31","1","6","12","12","","Altermatt, T. William","{'fsnum': '13197', 'name': 'Altermatt, T. William'}","200","35","","","","","Psych of Personality","271","{'day': 'Mo', 'end': '12:45', 'location': 'H 301', 'start': '23:50'};{'day': 'We', 'end': '12:45', 'location': 'H 301', 'start': '23:50'};{'day': 'Fr', 'end': '12:45', 'location': 'H 301', 'start': '23:50'}","False","B","3","C","20003","Research","2000"
"0000001595","1.0","0000001178","PSYCH","1","0","0","0","1","","Dickson Jr., James","{'fsnum': '1366', 'name': 'Dickson Jr., James'}","200","","","","","","Academic Internship","294","","True","","3","O","20003","Research","2000"
"0000001596","1.0","0000001179","PSYCH","1","0","0","0","1","","Sherman, Bonnie","{'fsnum': '7475', 'name': 'Sherman, Bonnie'}","200","","","","","","IS/Huntingtons Chorea","298","","False","","3","O","20003","Research","2000"
"0000001597","1.0","0000001179","PSYCH","1","0","0","0","1","","Gross, Dana","{'fsnum': '2768', 'name': 'Gross, Dana'}","200","","","","","","IS/Sibling Narratives","298","","False","A","3","O","20003","Research","2000"
"0000001598","1.0","0000001179","PSYCH","1","0","0","0","1","","Huff, Charles","{'fsnum': '3556', 'name': 'Huff, Charles'}","200","","","","","","IS/Human-Computer Int","298","","False","B","3","O","20003","Research","2000"
"0000001599","1.0","0000001182","PSYCH","16","0","7","3","6","","Dickson Jr., James","{'fsnum': '1366', 'name': 'Dickson Jr., James'}","300","18","","","","","Comparative Psych","382","{'day': 'Mo', 'end': '10:00', 'location': 'H 204', 'start': '09:05'};{'day': 'We', 'end': '10:00', 'location': 'H 204', 'start': '09:05'};{'day': 'Fr', 'end': '10:00', 'location': 'H 204', 'start': '09:05'}","False","","3","O","20003","Research","2000"
"0000001600","1.0","0000001184","PSYCH","11","0","7","1","3","","Sherman, Bonnie","{'fsnum': '7475', 'name': 'Sherman, Bonnie'}","300","15","","","","","Human Neuropsychology","385","{'day': 'Mo', 'end': '12:45', 'location': 'H 204', 'start': '23:50'};{'day': 'We', 'end': '12:45', 'location': 'H 204', 'start': '23:50'};{'day': 'Fr', 'end': '12:45', 'location': 'H 204', 'start': '23:50'};{'day': 'Tu', 'end': '11:00', 'location': 'H 204', 'start': '09:35'}","False","","3","O","20003","Research","2000"
"0000001601","1.0","0000001186","PSYCH","5","0","2","2","1","WRI","Dickson Jr., James","{'fsnum': '1366', 'name': 'Dickson Jr., James'}","300","4","","","","","Sem: Preceptors","390","{'day': 'Fr', 'end': '14:55', 'location': 'H 206', 'start': '14:00'}","False","A","3","C","20003","Seminar","2000"
"0000001602","1.0","0000001186","PSYCH","28","0","13","2","13","","Gross, Dana","{'fsnum': '2768', 'name': 'Gross, Dana'}","300","18","","","","","Sem: Infancy","390","{'day': 'Tu', 'end': '13:10', 'location': 'H 302', 'start': '23:45'};{'day': 'Th', 'end': '13:10', 'location': 'H 302', 'start': '23:45'}","False","B","3","C","20003","Seminar","2000"
"0000001603","1.0","0000001186","PSYCH","8","2","5","0","1","","Altermatt, T. William","{'fsnum': '13197', 'name': 'Altermatt, T. William'}","300","18","","","","","Sem: Jr Research","390","{'day': 'Tu', 'end': '13:10', 'location': 'H 301', 'start': '23:45'};{'day': 'Th', 'end': '13:10', 'location': 'H 301', 'start': '23:45'}","False","C","3","O","20003","Seminar","2000"
"0000001604","1.0","0000001186","PSYCH","15","1","9","1","4","","Anderson, Deborah","{'fsnum': '186', 'name': 'Anderson, Deborah'}","300","18","","","","","Sem: Health Psych","390","{'day': 'Tu', 'end': '14:45', 'location': 'H 317', 'start': '13:20'};{'day': 'Th', 'end': '14:45', 'location': 'H 317', 'start': '13:20'}","False","D","3","O","20003","Seminar","2000"
"0000001605","1.0","0000001186","PSYCH","17","0","8","0","9","","Strunk, Pia","{'fsnum': '14011', 'name': 'Strunk, Pia'}","300","18","","","","","Sem: Dev/Behavior/Chld","390","{'day': 'Tu', 'end': '11:00', 'location': 'H 301/320', 'start': '09:35'};{'day': 'Th', 'end': '11:00', 'location': 'H 301/320', 'start': '09:35'}","False","E","3","C","20003","Seminar","2000"
"0000001606","1.0","0000001188","PSYCH","1","0","0","0","1","","Gross, Dana","{'fsnum': '2768', 'name': 'Gross, Dana'}","300","","","","","","Academic Internship","394","","True","","3","O","20003","Research","2000"
"0000001607","1.0","0000001190","PSYCH","1","0","0","0","1","","Altermatt, T. William","{'fsnum': '13197', 'name': 'Altermatt, T. William'}","300","","","","","","IR/Relationships","398","","False","","3","O","20003","Research","2000"
"0000001608","1.0","0000001190","PSYCH","1","0","0","0","1","","Gross, Dana","{'fsnum': '2768', 'name': 'Gross, Dana'}","300","","","","","","IR/School Research","398","","False","A","3","O","20003","Research","2000"
"0000001609","1.0","0000001190","PSYCH","1","0","0","0","1","","Anderson, Deborah","{'fsnum': '186', 'name': 'Anderson, Deborah'}","300","","","","","","IR/College Drug Use","398","","False","B","3","O","20003","Research","2000"
"0000001610","1.0","0000001190","PSYCH","1","0","0","0","1","","Altermatt, T. William","{'fsnum': '13197', 'name': 'Altermatt, T. William'}","300","","","","","","IR/Rem Sleep Deprivat","398","","False","C","3","O","20003","Research","2000"
"0000001611","1.0","0000001190","PSYCH","1","0","0","0","1","","Gross, Dana","{'fsnum': '2768', 'name': 'Gross, Dana'}","300","","","","","","IR/Educ Transition","398","","False","D","3","O","20003","Research","2000"
"0000001612","1.0","0000001190","PSYCH","1","0","0","0","1","","Gross, Dana","{'fsnum': '2768', 'name': 'Gross, Dana'}","300","","","","","","IR/Effects of Abuse","398","","False","E","3","O","20003","Research","2000"
"0000001613","1.0","0000001190","PSYCH","1","0","0","0","1","","Dickson Jr., James","{'fsnum': '1366', 'name': 'Dickson Jr., James'}","300","","","","","","IR/Music Cognition","398","","False","F","3","O","20003","Research","2000"
"0000001614","1.0","0000001190","PSYCH","1","0","0","0","1","","Gross, Dana","{'fsnum': '2768', 'name': 'Gross, Dana'}","300","","","","","","IR/School Research","398","","False","G","3","O","20003","Research","2000"
"0000001615","1.0","0000001191","REL","23","21","0","0","2","BTS-B","Barbour, John","{'fsnum': '329', 'name': 'Barbour, John'}","100","25","","","","","Bible/Culture/Commun","121","{'day': 'Mo', 'end': '14:55', 'location': 'CH 102', 'start': '14:00'};{'day': 'We', 'end': '14:55', 'location': 'CH 102', 'start': '14:00'};{'day': 'Fr', 'end': '14:55', 'location': 'CH 102', 'start': '14:00'}","False","A","3","C","20003","Research","2000"
"0000001616","1.0","0000001191","REL","27","26","0","0","1","BTS-B","Booth, David","{'fsnum': '712', 'name': 'Booth, David'}","100","25","","","","","Bible/Culture/Commun","121","{'day': 'Tu', 'end': '14:45', 'location': 'CH 111', 'start': '13:20'};{'day': 'Th', 'end': '14:45', 'location': 'CH 111', 'start': '13:20'}","False","B","3","C","20003","Research","2000"
"0000001617","1.0","0000001191","REL","29","26","0","0","3","BTS-B","Hanson, James","{'fsnum': '3061', 'name': 'Hanson, James'}","100","25","","","","","Bible/Culture/Commun","121","{'day': 'Mo', 'end': '12:45', 'location': 'CH 102', 'start': '23:50'};{'day': 'We', 'end': '12:45', 'location': 'CH 102', 'start': '23:50'};{'day': 'Fr', 'end': '12:45', 'location': 'CH 102', 'start': '23:50'}","False","C","3","C","20003","Research","2000"
"0000001618","1.0","0000001191","REL","24","23","0","0","1","BTS-B","Lindley, Susan","{'fsnum': '4813', 'name': 'Lindley, Susan'}","100","25","","","","","Bible/Culture/Commun","121","{'day': 'Tu', 'end': '09:25', 'location': 'CH 101', 'start': '08:00'};{'day': 'Th', 'end': '09:25', 'location': 'CH 101', 'start': '08:00'}","False","D","3","C","20003","Research","2000"
"0000001619","1.0","0000001191","REL","25","22","0","0","3","BTS-B","Lindley, Susan","{'fsnum': '4813', 'name': 'Lindley, Susan'}","100","25","","","","","Bible/Culture/Commun","121","{'day': 'Tu', 'end': '11:00', 'location': 'CH 101', 'start': '09:35'};{'day': 'Th', 'end': '11:00', 'location': 'CH 101', 'start': '09:35'}","False","E","3","C","20003","Research","2000"
"0000001620","1.0","0000001191","REL","25","23","0","0","2","BTS-B","Marshall, Bruce","{'fsnum': '545', 'name': 'Marshall, Bruce'}","100","25","","","","","Bible/Culture/Commun","121","{'day': 'Tu', 'end': '09:25', 'location': 'CH 102', 'start': '08:00'};{'day': 'Th', 'end': '09:25', 'location': 'CH 102', 'start': '08:00'}","False","F","3","C","20003","Research","2000"
"0000001621","1.0","0000001191","REL","25","22","0","0","3","BTS-B","Marshall, Bruce","{'fsnum': '545', 'name': 'Marshall, Bruce'}","100","25","","","","","Bible/Culture/Commun","121","{'day': 'Tu', 'end': '11:00', 'location': 'CH 102', 'start': '09:35'};{'day': 'Th', 'end': '11:00', 'location': 'CH 102', 'start': '09:35'}","False","G","3","C","20003","Research","2000"
"0000001622","1.0","0000001191","REL","24","22","0","1","1","BTS-B","Poehlmann, William","{'fsnum': '6381', 'name': 'Poehlmann, William'}","100","25","","","","","Bible/Culture/Commun","121","{'day': 'Mo', 'end': '11:40', 'location': 'CH 111', 'start': '10:45'};{'day': 'We', 'end': '11:40', 'location': 'CH 111', 'start': '10:45'};{'day': 'Fr', 'end': '11:40', 'location': 'CH 111', 'start': '10:45'}","False","H","3","C","20003","Research","2000"
"0000001623","1.0","0000001191","REL","27","24","0","1","2","BTS-B","Stansell, Gary","{'fsnum': '7921', 'name': 'Stansell, Gary'}","100","25","","","","","Bible/Culture/Commun","121","{'day': 'Tu', 'end': '13:10', 'location': 'CH 101', 'start': '23:45'};{'day': 'Th', 'end': '13:10', 'location': 'CH 101', 'start': '23:45'}","False","I","3","C","20003","Research","2000"
"0000001624","1.0","0000001191","REL","24","24","0","0","0","BTS-B","Stansell, Gary","{'fsnum': '7921', 'name': 'Stansell, Gary'}","100","25","","","","","Bible/Culture/Commun","121","{'day': 'Tu', 'end': '14:45', 'location': 'CH 101', 'start': '13:20'};{'day': 'Th', 'end': '14:45', 'location': 'CH 101', 'start': '13:20'}","False","J","3","C","20003","Research","2000"
"0000001625","1.0","0000001191","REL","23","23","0","0","0","BTS-B","Malotky, Daniel","{'fsnum': '5032', 'name': 'Malotky, Daniel'}","100","25","","","","","Bible/Culture/Commun","121","{'day': 'Tu', 'end': '09:25', 'location': 'CH 110', 'start': '08:00'};{'day': 'Th', 'end': '09:25', 'location': 'CH 110', 'start': '08:00'}","False","K","3","C","20003","Research","2000"
"0000001626","1.0","0000001191","REL","26","21","1","0","4","BTS-B","Stoltzfus, Philip E.","{'fsnum': '13278', 'name': 'Stoltzfus, Philip E.'}","100","25","","","","","Bible/Culture/Commun","121","{'day': 'Tu', 'end': '13:10', 'location': 'CH 102', 'start': '23:45'};{'day': 'Th', 'end': '13:10', 'location': 'CH 102', 'start': '23:45'}","False","L","3","C","20003","Research","2000"
"0000001627","1.0","0000001191","REL","24","23","0","0","1","BTS-B","Malotky, Daniel","{'fsnum': '5032', 'name': 'Malotky, Daniel'}","100","25","","","","","Bible/Culture/Commun","121","{'day': 'Tu', 'end': '11:00', 'location': 'CH 110', 'start': '09:35'};{'day': 'Th', 'end': '11:00', 'location': 'CH 110', 'start': '09:35'}","False","M","3","C","20003","Research","2000"
"0000001628","1.0","0000001191","REL","18","16","0","0","2","BTS-B","Stoltzfus, Philip E.","{'fsnum': '13278', 'name': 'Stoltzfus, Philip E.'}","100","25","","","","","Bible/Culture/Commun","121","{'day': 'Tu', 'end': '09:25', 'location': 'CH 111', 'start': '08:00'};{'day': 'Th', 'end': '09:25', 'location': 'CH 111', 'start': '08:00'}","False","N","3","C","20003","Research","2000"
"0000001629","1.0","0000001196","REL","27","1","10","15","1","BTS-T;WRI","Booth, David","{'fsnum': '712', 'name': 'Booth, David'}","200","27","","","","","Chr Theol/Human Exist","208","{'day': 'Tu', 'end': '11:00', 'location': 'CH 111', 'start': '09:35'};{'day': 'Th', 'end': '11:00', 'location': 'CH 111', 'start': '09:35'}","False","","3","C","20003","Research","2000"
"0000001630","1.0","0000001197","REL","29","0","9","18","2","BTS-T;WRI","Lagerquist, L. DeAne","{'fsnum': '4592', 'name': 'Lagerquist, L. DeAne'}","200","27","","","","","Intro Feminist Theol","209","{'day': 'Tu', 'end': '13:10', 'location': 'CH 110', 'start': '23:45'};{'day': 'Th', 'end': '13:10', 'location': 'CH 110', 'start': '23:45'}","False","","3","C","20003","Research","2000"
"0000001631","1.0","0000001198","REL","26","2","2","18","4","BTS-T;WRI","Lund, Eric","{'fsnum': '4838', 'name': 'Lund, Eric'}","200","27","","","","","Chr Theol in History","212","{'day': 'Mo', 'end': '14:55', 'location': 'CH 110', 'start': '14:00'};{'day': 'We', 'end': '14:55', 'location': 'CH 110', 'start': '14:00'};{'day': 'Fr', 'end': '14:55', 'location': 'CH 110', 'start': '14:00'}","False","A","3","C","20003","Research","2000"
"0000001632","1.0","0000001198","REL","24","1","7","14","2","BTS-T","Stoltzfus, Philip E.","{'fsnum': '13278', 'name': 'Stoltzfus, Philip E.'}","200","27","","","","","Chr Theol in History","212","{'day': 'Mo', 'end': '13:50', 'location': 'CH 111', 'start': '12:55'};{'day': 'We', 'end': '13:50', 'location': 'CH 111', 'start': '12:55'};{'day': 'Fr', 'end': '13:50', 'location': 'CH 111', 'start': '12:55'}","False","B","3","C","20003","Research","2000"
"0000001633","0.25","0000001198","REL","5","1","0","3","1","","Allen, Wendy","{'fsnum': '102', 'name': 'Allen, Wendy'}","200","","","","","","FLC-French","212","{'day': 'Mo', 'end': '08:55', 'location': 'M 36', 'start': '08:00'};{'day': 'We', 'end': '08:55', 'location': 'M 36', 'start': '08:00'};{'day': 'Fr', 'end': '08:55', 'location': 'M 36', 'start': '08:00'}","False","L","3","C","20003","Research","2000"
"0000001634","1.0","0000001199","REL","23","1","3","14","5","BTS-T;WRI","Lund, Eric","{'fsnum': '4838', 'name': 'Lund, Eric'}","200","27","","","","","Lutheran Heritage","213","{'day': 'Mo', 'end': '10:00', 'location': 'CH 111', 'start': '09:05'};{'day': 'We', 'end': '10:00', 'location': 'CH 111', 'start': '09:05'};{'day': 'Fr', 'end': '10:00', 'location': 'CH 111', 'start': '09:05'}","False","","3","O","20003","Research","2000"
"0000001635","1.0","0000001205","REL","29","2","8","13","6","BTS-T;WRI","Hanson, James","{'fsnum': '3061', 'name': 'Hanson, James'}","200","27","","","","","Jesus in Script/Trad","221","{'day': 'Mo', 'end': '14:55', 'location': 'CH 111', 'start': '14:00'};{'day': 'We', 'end': '14:55', 'location': 'CH 111', 'start': '14:00'};{'day': 'Fr', 'end': '14:55', 'location': 'CH 111', 'start': '14:00'}","False","A","3","C","20003","Research","2000"
"0000001636","1.0","0000001205","REL","29","0","17","1","11","BTS-T;WRI","Hanson, James","{'fsnum': '3061', 'name': 'Hanson, James'}","200","27","","","","","Jesus in Script/Trad","221","{'day': 'Mo', 'end': '11:40', 'location': 'CH 102', 'start': '10:45'};{'day': 'We', 'end': '11:40', 'location': 'CH 102', 'start': '10:45'};{'day': 'Fr', 'end': '11:40', 'location': 'CH 102', 'start': '10:45'}","False","B","3","C","20003","Research","2000"
"0000001637","1.0","0000001206","REL","26","1","5","17","3","BTS-T;WRI","Poehlmann, William","{'fsnum': '6381', 'name': 'Poehlmann, William'}","200","27","","","","","The Biblical God","222","{'day': 'Tu', 'end': '09:25', 'location': 'L 421', 'start': '08:00'};{'day': 'Th', 'end': '09:25', 'location': 'L 421', 'start': '08:00'}","False","","3","C","20003","Research","2000"
"0000001638","1.0","0000001207","REL","27","0","8","16","3","BTS-T;WRI","Poehlmann, William","{'fsnum': '6381', 'name': 'Poehlmann, William'}","200","27","","","","","St.Paul/Letter/Gospel","223","{'day': 'Mo', 'end': '08:55', 'location': 'CH 111', 'start': '08:00'};{'day': 'We', 'end': '08:55', 'location': 'CH 111', 'start': '08:00'};{'day': 'Fr', 'end': '08:55', 'location': 'CH 111', 'start': '08:00'}","False","","3","C","20003","Research","2000"
"0000001639","1.0","0000001220","REL","18","0","5","4","9","MCS-G;WRI","Rambachan, Anantanand","{'fsnum': '6535', 'name': 'Rambachan, Anantanand'}","200","27","","","","","Hinduism","253","{'day': 'Tu', 'end': '11:00', 'location': 'CH 109', 'start': '09:35'};{'day': 'Th', 'end': '11:00', 'location': 'CH 109', 'start': '09:35'}","False","","3","C","20003","Research","2000"
"0000001640","1.0","0000001221","REL","27","4","9","8","6","MCS-G;WRI","Reed, Barbara","{'fsnum': '6625', 'name': 'Reed, Barbara'}","200","27","","","","","Religions China/Japan","256","{'day': 'Mo', 'end': '13:50', 'location': 'CH 101', 'start': '12:55'};{'day': 'We', 'end': '13:50', 'location': 'CH 101', 'start': '12:55'};{'day': 'Fr', 'end': '13:50', 'location': 'CH 101', 'start': '12:55'}","False","","3","C","20003","Research","2000"
"0000001641","1.0","0000001234","REL","25","0","5","0","20","EIN;WRI","Reed, Barbara","{'fsnum': '6625', 'name': 'Reed, Barbara'}","200","20","","","","","Buddhism,Peace,Justic","289","{'day': 'Mo', 'end': '14:55', 'location': 'CH 101', 'start': '14:00'};{'day': 'We', 'end': '14:55', 'location': 'CH 101', 'start': '14:00'};{'day': 'Fr', 'end': '14:55', 'location': 'CH 101', 'start': '14:00'}","False","","3","C","20003","Research","2000"
"0000001642","1.0","0000001237","REL","19","0","4","3","12","EIN;WRI","Rambachan, Anantanand","{'fsnum': '6535', 'name': 'Rambachan, Anantanand'}","200","20","","","","","Rel Pluralsm/Communit","295","{'day': 'Tu', 'end': '09:25', 'location': 'CH 109', 'start': '08:00'};{'day': 'Th', 'end': '09:25', 'location': 'CH 109', 'start': '08:00'}","False","","3","C","20003","Research","2000"
"0000001643","1.0","0000001239","REL","1","0","1","0","0","","Stansell, Gary","{'fsnum': '7921', 'name': 'Stansell, Gary'}","200","","","","","","IS/Biblical Hebrew II","298","","False","","3","O","20003","Research","2000"
"0000001644","1.0","0000001239","REL","1","0","1","0","0","","Stansell, Gary","{'fsnum': '7921', 'name': 'Stansell, Gary'}","200","","","","","","IS/Biblical Hebrew","298","","False","A","3","O","20003","Research","2000"
"0000001645","1.0","0000001239","REL","1","0","0","1","0","","Rambachan, Anantanand","{'fsnum': '6535', 'name': 'Rambachan, Anantanand'}","200","","","","","","IS/Hindu Scripture","298","","False","B","3","O","20003","Research","2000"
"0000001646","1.0","0000001250","REL","12","1","7","2","2","WRI","Stansell, Gary","{'fsnum': '7921', 'name': 'Stansell, Gary'}","300","15","","","","","Bib Sem: Biblical Theo","391","{'day': 'Mo', 'end': '12:45', 'location': 'CH 111', 'start': '23:50'};{'day': 'We', 'end': '12:45', 'location': 'CH 111', 'start': '23:50'};{'day': 'Fr', 'end': '12:45', 'location': 'CH 111', 'start': '23:50'}","False","","3","O","20003","Seminar","2000"
"0000001647","1.0","0000001257","REL","1","0","0","0","1","","Lund, Eric","{'fsnum': '4838', 'name': 'Lund, Eric'}","300","","","","","","IR/Early Christ Pers","398","","False","","3","O","20003","Research","2000"
"0000001648","1.0","0000001257","REL","1","0","0","0","1","","Stansell, Gary","{'fsnum': '7921', 'name': 'Stansell, Gary'}","300","","","","","","IR/Hebrew II","398","","False","A","3","O","20003","Research","2000"
"0000001649","1.0","0000001257","REL","1","0","0","0","1","","Hanson, James","{'fsnum': '3061', 'name': 'Hanson, James'}","300","","","","","","IR/Theol/Chaim Potok","398","","False","B","3","O","20003","Research","2000"
"0000001650","1.0","0000001257","REL","1","0","0","0","1","","Wilson, Charles","{'fsnum': '9090', 'name': 'Wilson, Charles'}","300","","","","","","IR/Mary in Salvation","398","","False","C","3","O","20003","Research","2000"
"0000001651","1.0","0000001258","REL","9","0","8","0","1","WRI","Lindley, Susan","{'fsnum': '4813', 'name': 'Lindley, Susan'}","300","15","","","","","Them Sem: Wom Ldrship","399","{'day': 'Mo', 'end': '10:00', 'location': 'CH 109', 'start': '09:05'};{'day': 'We', 'end': '10:00', 'location': 'CH 109', 'start': '09:05'};{'day': 'Fr', 'end': '10:00', 'location': 'CH 109', 'start': '09:05'}","False","A","3","O","20003","Seminar","2000"
"0000001652","1.0","0000001261","RUSSN","4","2","1","1","0","","Robinson, Marc","{'fsnum': '6710', 'name': 'Robinson, Marc'}","100","","","","","","Beginning Russian II","112","{'day': 'Mo', 'end': '12:45', 'location': 'M 11', 'start': '23:50'};{'day': 'We', 'end': '12:45', 'location': 'M 11', 'start': '23:50'};{'day': 'Fr', 'end': '12:45', 'location': 'M 11', 'start': '23:50'};{'day': 'Tu', 'end': '12:45', 'location': 'M 3', 'start': '23:50'}","False","A","3","O","20003","Research","2000"
"0000001653","1.0","0000001261","RUSSN","2","1","0","1","0","","Robinson, Marc","{'fsnum': '6710', 'name': 'Robinson, Marc'}","100","","","","","","Beginning Russian II","112","{'day': 'Mo', 'end': '14:55', 'location': 'M 31', 'start': '14:00'};{'day': 'We', 'end': '14:55', 'location': 'M 31', 'start': '14:00'};{'day': 'Fr', 'end': '14:55', 'location': 'M 31', 'start': '14:00'};{'day': 'Tu', 'end': '12:45', 'location': 'M 3', 'start': '23:50'}","False","B","3","O","20003","Research","2000"
"0000001654","1.0","0000001261","RUSSN","8","4","1","3","0","","Robinson, Marc","{'fsnum': '6710', 'name': 'Robinson, Marc'}","100","","","","","","Beginning Russian II","112","{'day': 'Mo', 'end': '12:45', 'location': 'M 11', 'start': '23:50'};{'day': 'We', 'end': '12:45', 'location': 'M 11', 'start': '23:50'};{'day': 'Fr', 'end': '12:45', 'location': 'M 11', 'start': '23:50'};{'day': 'Tu', 'end': '14:55', 'location': 'M 2', 'start': '14:00'}","False","C","3","O","20003","Research","2000"
"0000001655","1.0","0000001261","RUSSN","6","2","0","2","2","","Robinson, Marc","{'fsnum': '6710', 'name': 'Robinson, Marc'}","100","","","","","","Beginning Russian II","112","{'day': 'Mo', 'end': '14:55', 'location': 'M 31', 'start': '14:00'};{'day': 'We', 'end': '14:55', 'location': 'M 31', 'start': '14:00'};{'day': 'Fr', 'end': '14:55', 'location': 'M 31', 'start': '14:00'};{'day': 'Tu', 'end': '14:55', 'location': 'M 2', 'start': '14:00'}","False","D","3","O","20003","Research","2000"
"0000001656","1.0","0000001263","RUSSN","32","1","13","10","8","HWC;ORC","Robinson, Marc","{'fsnum': '6710', 'name': 'Robinson, Marc'}","100","","","","","","The Russian World","124","{'day': 'Mo', 'end': '11:40', 'location': 'M 15', 'start': '10:45'};{'day': 'We', 'end': '11:40', 'location': 'M 15', 'start': '10:45'};{'day': 'Fr', 'end': '11:40', 'location': 'M 15', 'start': '10:45'}","False","","3","C","20003","Research","2000"
"0000001657","1.0","0000001266","RUSSN","9","0","0","8","1","FOL-R","Walter, Irina","{'fsnum': '8888', 'name': 'Walter, Irina'}","200","","","","","","Intermed Russian II","232","{'day': 'Mo', 'end': '12:45', 'location': 'M 3', 'start': '23:50'};{'day': 'We', 'end': '12:45', 'location': 'M 3', 'start': '23:50'};{'day': 'Fr', 'end': '12:45', 'location': 'M 3', 'start': '23:50'};{'day': 'Tu', 'end': '12:45', 'location': 'M 4', 'start': '23:50'}","False","","3","O","20003","Research","2000"
"0000001658","1.0","0000001270","RUSSN","7","0","5","0","2","FOL-R","Walter, Irina","{'fsnum': '8888', 'name': 'Walter, Irina'}","200","","","","","","Russ Culture & Civ","254","{'day': 'Mo', 'end': '13:50', 'location': 'M 3', 'start': '12:55'};{'day': 'We', 'end': '13:50', 'location': 'M 3', 'start': '12:55'};{'day': 'Fr', 'end': '13:50', 'location': 'M 3', 'start': '12:55'}","False","","3","O","20003","Research","2000"
"0000001659","1.0","0000001278","RUSSN","6","0","0","0","6","FOL-R;ORC","Walter, Irina","{'fsnum': '8888', 'name': 'Walter, Irina'}","300","","","","","","The Russian Press","372","{'day': 'Mo', 'end': '14:55', 'location': 'M 3', 'start': '14:00'};{'day': 'We', 'end': '14:55', 'location': 'M 3', 'start': '14:00'};{'day': 'Fr', 'end': '14:55', 'location': 'M 3', 'start': '14:00'}","False","","3","O","20003","Research","2000"
"0000001664","1.0","0000001289","SOAN","26","13","1","8","4","HBS;MCS-D","Gibbons, Michael","{'fsnum': '13214', 'name': 'Gibbons, Michael'}","100","25","","","","","Intro to Sociology","121","{'day': 'Mo', 'end': '08:55', 'location': 'H 302', 'start': '08:00'};{'day': 'We', 'end': '08:55', 'location': 'H 302', 'start': '08:00'};{'day': 'Fr', 'end': '08:55', 'location': 'H 302', 'start': '08:00'}","False","A","3","C","20003","Research","2000"
"0000001665","1.0","0000001289","SOAN","38","11","4","15","8","HBS;MCS-D","Myers, Phyllis G.","{'fsnum': '5438', 'name': 'Myers, Phyllis G.'}","100","30","","","","","Intro to Sociology","121","{'day': 'Tu', 'end': '11:00', 'location': 'H 413', 'start': '09:35'};{'day': 'Th', 'end': '11:00', 'location': 'H 413', 'start': '09:35'}","False","B","3","C","20003","Research","2000"
"0000001666","1.0","0000001289","SOAN","35","7","5","12","11","HBS;MCS-D","Myers, Phyllis G.","{'fsnum': '5438', 'name': 'Myers, Phyllis G.'}","100","30","","","","","Intro to Sociology","121","{'day': 'Tu', 'end': '13:10', 'location': 'H 403', 'start': '23:45'};{'day': 'Th', 'end': '13:10', 'location': 'H 403', 'start': '23:45'}","False","C","3","C","20003","Research","2000"
"0000001667","1.0","0000001294","SOAN","33","7","10","4","12","HBS;MCS-G","Goodale, Mark","{'fsnum': '13196', 'name': 'Goodale, Mark'}","100","30","","","","","Int/Cult Anthropology","128","{'day': 'Mo', 'end': '11:40', 'location': 'CH 110', 'start': '10:45'};{'day': 'We', 'end': '11:40', 'location': 'CH 110', 'start': '10:45'};{'day': 'Fr', 'end': '11:40', 'location': 'CH 110', 'start': '10:45'}","False","A","3","C","20003","Research","2000"
"0000001668","1.0","0000001294","SOAN","27","3","11","6","7","HBS;MCS-G","Goodale, Mark","{'fsnum': '13196', 'name': 'Goodale, Mark'}","100","30","","","","","Int/Cult Anthropology","128","{'day': 'Mo', 'end': '12:45', 'location': 'CH 110', 'start': '23:50'};{'day': 'We', 'end': '12:45', 'location': 'CH 110', 'start': '23:50'};{'day': 'Fr', 'end': '12:45', 'location': 'CH 110', 'start': '23:50'}","False","B","3","C","20003","Research","2000"
"0000001669","1.0","0000001300","SOAN","24","1","12","1","10","HBS;MCS-D;ORC","Anderson, Carolyn","{'fsnum': '179', 'name': 'Anderson, Carolyn'}","200","20","","","","","Contemp Native Amer","235","{'day': 'Mo', 'end': '10:00', 'location': 'H 403', 'start': '09:05'};{'day': 'We', 'end': '10:00', 'location': 'H 403', 'start': '09:05'};{'day': 'Fr', 'end': '10:00', 'location': 'H 403', 'start': '09:05'}","False","A","3","C","20003","Research","2000"
"0000001670","1.0","0000001300","SOAN","22","0","10","1","11","HBS;MCS-D;ORC","Anderson, Carolyn","{'fsnum': '179', 'name': 'Anderson, Carolyn'}","200","20","","","","","Contemp Native Amer","235","{'day': 'Mo', 'end': '11:40', 'location': 'H 403', 'start': '10:45'};{'day': 'We', 'end': '11:40', 'location': 'H 403', 'start': '10:45'};{'day': 'Fr', 'end': '11:40', 'location': 'H 403', 'start': '10:45'}","False","B","3","C","20003","Research","2000"
"0000001671","1.0","0000001301","SOAN","25","5","6","10","4","HBS;MCS-G","Peterson, Samiha","{'fsnum': '6309', 'name': 'Peterson, Samiha'}","200","25","","","","","The Arab World","236","{'day': 'Tu', 'end': '14:45', 'location': 'H 403', 'start': '13:20'};{'day': 'Th', 'end': '14:45', 'location': 'H 403', 'start': '13:20'}","False","","3","C","20003","Research","2000"
"0000001672","1.0","0000001302","SOAN","28","0","4","18","6","HBS;MCS-G","Chiappari, Chris L.","{'fsnum': '10036', 'name': 'Chiappari, Chris L.'}","200","25","","","","","Latin Amer Culture","237","{'day': 'Tu', 'end': '13:10', 'location': 'H 413', 'start': '23:45'};{'day': 'Th', 'end': '13:10', 'location': 'H 413', 'start': '23:45'}","False","","3","C","20003","Research","2000"
"0000001673","1.0","0000001307","SOAN","24","3","5","2","14","HBS","Gibbons, Michael","{'fsnum': '13214', 'name': 'Gibbons, Michael'}","200","25","","","","","Social Deviance","245","{'day': 'Mo', 'end': '12:45', 'location': 'H 501', 'start': '23:50'};{'day': 'We', 'end': '12:45', 'location': 'H 501', 'start': '23:50'};{'day': 'Fr', 'end': '12:45', 'location': 'H 501', 'start': '23:50'}","False","","3","C","20003","Research","2000"
"0000001674","1.0","0000001312","SOAN","20","10","1","4","5","HBS","Chiappari, Chris L.","{'fsnum': '10036', 'name': 'Chiappari, Chris L.'}","200","25","","","","","Rel, Culture, Society","265","{'day': 'Tu', 'end': '09:25', 'location': 'H 302', 'start': '08:00'};{'day': 'Th', 'end': '09:25', 'location': 'H 302', 'start': '08:00'}","False","","3","O","20003","Research","2000"
"0000001675","1.0","0000002430","SOAN","21","4","3","8","6","HBS;MCS-D","Goodale, Mark","{'fsnum': '13196', 'name': 'Goodale, Mark'}","200","25","","","","","Law and Society","266","{'day': 'Mo', 'end': '14:55', 'location': 'SC 130', 'start': '14:00'};{'day': 'We', 'end': '14:55', 'location': 'SC 130', 'start': '14:00'};{'day': 'Fr', 'end': '14:55', 'location': 'SC 130', 'start': '14:00'}","False","","3","O","20003","Research","2000"
"0000001676","1.0","0000001313","SOAN","23","0","12","6","5","HWC;WRI","Peterson, Samiha","{'fsnum': '6309', 'name': 'Peterson, Samiha'}","200","25","","","","","Sociological Theory","291","{'day': 'Tu', 'end': '11:00', 'location': 'H 515', 'start': '09:35'};{'day': 'Th', 'end': '11:00', 'location': 'H 515', 'start': '09:35'}","False","","3","O","20003","Research","2000"
"0000001677","1.0","0000001316","SOAN","1","0","0","0","1","","Chiappari, Chris L.","{'fsnum': '10036', 'name': 'Chiappari, Chris L.'}","200","","","","","","IS/Police in Society","298","","False","","3","O","20003","Research","2000"
"0000001678","1.0","0000001318","SOAN","23","0","12","0","11","WRI","Anderson, Carolyn","{'fsnum': '179', 'name': 'Anderson, Carolyn'}","300","25","","","","","Ethnograph Rsch Meth","373","{'day': 'Mo', 'end': '13:50', 'location': 'H 516', 'start': '12:55'};{'day': 'We', 'end': '13:50', 'location': 'H 516', 'start': '12:55'};{'day': 'Fr', 'end': '13:50', 'location': 'H 516', 'start': '12:55'}","False","","3","O","20003","Research","2000"
"0000001679","1.0","0000001319","SOAN","1","0","0","0","1","","Anderson, Carolyn","{'fsnum': '179', 'name': 'Anderson, Carolyn'}","300","","","","","","Academic Internship","394","","True","","3","O","20003","Research","2000"
"0000001680","1.0","0000001320","SOAN","1","0","0","0","1","","Gibbons, Michael","{'fsnum': '13214', 'name': 'Gibbons, Michael'}","300","","","","","","IR/Art Wmn & Society","398","","False","","3","O","20003","Research","2000"
"0000001681","1.0","0000001321","SOAN","21","0","2","0","19","EIN","Nordstrom-Loeb, Bruce","{'fsnum': '5728', 'name': 'Nordstrom-Loeb, Bruce'}","300","25","","","","","Soc/Anthro and Ethics","399","{'day': 'Tu', 'end': '13:10', 'location': 'M 11', 'start': '23:45'};{'day': 'Th', 'end': '13:10', 'location': 'M 11', 'start': '23:45'}","False","","3","O","20003","Research","2000"
"0000001682","1.0","0000001325","SPAN","24","15","0","5","4","","Lynd, Juliet A.","{'fsnum': '13139', 'name': 'Lynd, Juliet A.'}","100","25","","","","","Beginning Spanish II","112","{'day': 'Mo', 'end': '08:55', 'location': 'M 2', 'start': '08:00'};{'day': 'We', 'end': '08:55', 'location': 'M 2', 'start': '08:00'};{'day': 'Fr', 'end': '08:55', 'location': 'M 2', 'start': '08:00'}","False","A","3","C","20003","Research","2000"
"0000001683","1.0","0000001325","SPAN","27","18","1","5","3","","Greenslade, Terri","{'fsnum': '13138', 'name': 'Greenslade, Terri'}","100","25","","","","","Beginning Spanish II","112","{'day': 'Mo', 'end': '12:45', 'location': 'M 20', 'start': '23:50'};{'day': 'We', 'end': '12:45', 'location': 'M 20', 'start': '23:50'};{'day': 'Fr', 'end': '12:45', 'location': 'M 20', 'start': '23:50'}","False","B","3","C","20003","Research","2000"
"0000001684","1.0","0000001325","SPAN","17","14","0","2","1","","Greenslade, Terri","{'fsnum': '13138', 'name': 'Greenslade, Terri'}","100","25","","","","","Beginning Spanish II","112","{'day': 'Mo', 'end': '14:55', 'location': 'M 20', 'start': '14:00'};{'day': 'We', 'end': '14:55', 'location': 'M 20', 'start': '14:00'};{'day': 'Fr', 'end': '14:55', 'location': 'M 20', 'start': '14:00'}","False","C","3","O","20003","Research","2000"
"0000001685","1.0","0000001326","SPAN","15","13","0","0","2","","Odd, Frank L.","{'fsnum': '5797', 'name': 'Odd, Frank L.'}","200","25","","","","","Intermed Spanish I","231","{'day': 'Mo', 'end': '10:00', 'location': 'M 21', 'start': '09:05'};{'day': 'We', 'end': '10:00', 'location': 'M 21', 'start': '09:05'};{'day': 'Fr', 'end': '10:00', 'location': 'M 21', 'start': '09:05'}","False","A","3","O","20003","Research","2000"
"0000001686","1.0","0000001326","SPAN","23","17","0","3","3","","Odd, Joan","{'fsnum': '5798', 'name': 'Odd, Joan'}","200","25","","","","","Intermed Spanish I","231","{'day': 'Mo', 'end': '11:40', 'location': 'M 20', 'start': '10:45'};{'day': 'We', 'end': '11:40', 'location': 'M 20', 'start': '10:45'};{'day': 'Fr', 'end': '11:40', 'location': 'M 20', 'start': '10:45'}","False","B","3","C","20003","Research","2000"
"0000001687","1.0","0000001326","SPAN","21","15","3","1","2","","Barnes-Karol, Gwen","{'fsnum': '332', 'name': 'Barnes-Karol, Gwen'}","200","25","","","","","Intermed Spanish I","231","{'day': 'Mo', 'end': '12:45', 'location': 'M 4', 'start': '23:50'};{'day': 'We', 'end': '12:45', 'location': 'M 4', 'start': '23:50'};{'day': 'Fr', 'end': '12:45', 'location': 'M 4', 'start': '23:50'}","False","C","3","O","20003","Research","2000"
"0000001688","1.0","0000001326","SPAN","17","11","1","2","3","","Odd, Joan","{'fsnum': '5798', 'name': 'Odd, Joan'}","200","25","","","","","Intermed Spanish I","231","{'day': 'Mo', 'end': '13:50', 'location': 'M 21', 'start': '12:55'};{'day': 'We', 'end': '13:50', 'location': 'M 21', 'start': '12:55'};{'day': 'Fr', 'end': '13:50', 'location': 'M 21', 'start': '12:55'}","False","D","3","C","20003","Research","2000"
"0000001689","1.0","0000001326","SPAN","20","20","0","0","0","","Odd, Joan","{'fsnum': '5798', 'name': 'Odd, Joan'}","200","25","","","","","Intermed Spanish I","231","{'day': 'Mo', 'end': '14:55', 'location': 'M 21', 'start': '14:00'};{'day': 'We', 'end': '14:55', 'location': 'M 21', 'start': '14:00'};{'day': 'Fr', 'end': '14:55', 'location': 'M 21', 'start': '14:00'}","False","E","3","C","20003","Research","2000"
"0000001690","1.0","0000001327","SPAN","23","16","0","5","2","FOL-S;MCS-D","Greenslade, Terri","{'fsnum': '13138', 'name': 'Greenslade, Terri'}","200","25","","","","","Intermed Spanish II","232","{'day': 'Mo', 'end': '08:55', 'location': 'M 21', 'start': '08:00'};{'day': 'We', 'end': '08:55', 'location': 'M 21', 'start': '08:00'};{'day': 'Fr', 'end': '08:55', 'location': 'M 21', 'start': '08:00'}","False","A","3","C","20003","Research","2000"
"0000001691","1.0","0000001327","SPAN","23","18","0","4","1","FOL-S;MCS-D","Lynd, Juliet A.","{'fsnum': '13139', 'name': 'Lynd, Juliet A.'}","200","25","","","","","Intermed Spanish II","232","{'day': 'Mo', 'end': '11:40', 'location': 'M 21', 'start': '10:45'};{'day': 'We', 'end': '11:40', 'location': 'M 21', 'start': '10:45'};{'day': 'Fr', 'end': '11:40', 'location': 'M 21', 'start': '10:45'}","False","B","3","C","20003","Research","2000"
"0000001692","1.0","0000001327","SPAN","26","7","2","14","3","FOL-S;MCS-D","Lynd, Juliet A.","{'fsnum': '13139', 'name': 'Lynd, Juliet A.'}","200","25","","","","","Intermed Spanish II","232","{'day': 'Mo', 'end': '12:45', 'location': 'M 21', 'start': '23:50'};{'day': 'We', 'end': '12:45', 'location': 'M 21', 'start': '23:50'};{'day': 'Fr', 'end': '12:45', 'location': 'M 21', 'start': '23:50'}","False","C","3","C","20003","Research","2000"
"0000001693","1.0","0000001327","SPAN","19","15","0","3","1","FOL-S;MCS-D","Odd, Frank L.","{'fsnum': '5797', 'name': 'Odd, Frank L.'}","200","25","","","","","Intermed Spanish II","232","{'day': 'Tu', 'end': '11:00', 'location': 'M 20', 'start': '09:35'};{'day': 'Th', 'end': '11:00', 'location': 'M 20', 'start': '09:35'}","False","D","3","O","20003","Research","2000"
"0000001694","1.0","0000001327","SPAN","23","10","3","8","2","FOL-S;MCS-D","Carullo, Sylvia","{'fsnum': '977', 'name': 'Carullo, Sylvia'}","200","25","","","","","Intermed Spanish II","232","{'day': 'Tu', 'end': '13:10', 'location': 'M 21', 'start': '23:45'};{'day': 'Th', 'end': '13:10', 'location': 'M 21', 'start': '23:45'}","False","E","3","O","20003","Research","2000"
"0000001695","1.0","0000001327","SPAN","12","9","0","3","0","FOL-S;MCS-D","Odd, Frank L.","{'fsnum': '5797', 'name': 'Odd, Frank L.'}","200","25","","","","","Intermed Spanish II","232","{'day': 'Tu', 'end': '14:45', 'location': 'M 21', 'start': '13:20'};{'day': 'Th', 'end': '14:45', 'location': 'M 21', 'start': '13:20'}","False","F","3","O","20003","Research","2000"
"0000001696","1.0","0000001331","SPAN","10","6","0","2","2","FOL-S","Dunlop, James A.","{'fsnum': '1541', 'name': 'Dunlop, James A.'}","200","25","","","","","Cult & Civ of Spain","251","{'day': 'Tu', 'end': '13:10', 'location': 'M 20', 'start': '23:45'};{'day': 'Th', 'end': '13:10', 'location': 'M 20', 'start': '23:45'}","False","A","3","O","20003","Research","2000"
"0000001697","1.0","0000001331","SPAN","16","7","0","8","1","FOL-S","Barnes-Karol, Gwen","{'fsnum': '332', 'name': 'Barnes-Karol, Gwen'}","200","25","","","","","Cult & Civ of Spain","251","{'day': 'Tu', 'end': '14:45', 'location': 'M 20', 'start': '13:20'};{'day': 'Th', 'end': '14:45', 'location': 'M 20', 'start': '13:20'}","False","B","3","C","20003","Research","2000"
"0000001698","1.0","0000001332","SPAN","22","4","1","15","2","FOL-S","Broner, Maggie","{'fsnum': '792', 'name': 'Broner, Maggie'}","200","25","","","","","Cult & Civ of Lat Am","254","{'day': 'Mo', 'end': '11:40', 'location': 'M 4', 'start': '10:45'};{'day': 'We', 'end': '11:40', 'location': 'M 4', 'start': '10:45'};{'day': 'Fr', 'end': '11:40', 'location': 'M 4', 'start': '10:45'}","False","","3","O","20003","Research","2000"
"0000001699","1.0","0000001333","SPAN","17","0","5","9","3","FOL-S","Broner, Maggie","{'fsnum': '792', 'name': 'Broner, Maggie'}","200","25","","","","","Hispanic Linguistics","261","{'day': 'Mo', 'end': '13:50', 'location': 'M 30', 'start': '12:55'};{'day': 'We', 'end': '13:50', 'location': 'M 30', 'start': '12:55'};{'day': 'Fr', 'end': '13:50', 'location': 'M 30', 'start': '12:55'}","False","","3","O","20003","Research","2000"
"0000001700","1.0","0000001356","SPAN","15","0","7","0","8","","Barnes-Karol, Gwen","{'fsnum': '332', 'name': 'Barnes-Karol, Gwen'}","300","25","","","","","Seminar in Literature","399","{'day': 'Tu', 'end': '11:00', 'location': 'M 21', 'start': '09:35'};{'day': 'Th', 'end': '11:00', 'location': 'M 21', 'start': '09:35'}","False","","3","O","20003","Research","2000"
"0000001735","1.0","0000001402","STAT","24","2","7","11","4","MAR","Newton, Miriam","{'fsnum': '13156', 'name': 'Newton, Miriam'}","100","25","","","","","Prin of Statistics","110","{'day': 'Mo', 'end': '10:00', 'location': 'L 477', 'start': '09:05'};{'day': 'We', 'end': '10:00', 'location': 'L 477', 'start': '09:05'};{'day': 'Fr', 'end': '10:00', 'location': 'L 477', 'start': '09:05'}","False","A","3","C","20003","Research","2000"
"0000001736","1.0","0000001402","STAT","25","5","10","5","5","MAR","Newton, Miriam","{'fsnum': '13156', 'name': 'Newton, Miriam'}","100","25","","","","","Prin of Statistics","110","{'day': 'Mo', 'end': '11:40', 'location': 'L 477', 'start': '10:45'};{'day': 'We', 'end': '11:40', 'location': 'L 477', 'start': '10:45'};{'day': 'Fr', 'end': '11:40', 'location': 'L 477', 'start': '10:45'}","False","B","3","C","20003","Research","2000"
"0000001737","1.0","0000001402","STAT","19","3","3","8","5","MAR","Wallace, Martha","{'fsnum': '8879', 'name': 'Wallace, Martha'}","100","25","","","","","Prin of Statistics","110","{'day': 'Mo', 'end': '14:55', 'location': 'SC 186', 'start': '14:00'};{'day': 'We', 'end': '14:55', 'location': 'SC 186', 'start': '14:00'};{'day': 'Fr', 'end': '14:55', 'location': 'SC 186', 'start': '14:00'}","False","C","3","C","20003","Research","2000"
"0000001738","1.0","0000001403","STAT","23","0","7","5","11","","Newton, Miriam","{'fsnum': '13156', 'name': 'Newton, Miriam'}","200","25","","","","","Statistics for Science","212","{'day': 'Mo', 'end': '13:50', 'location': 'L 477', 'start': '12:55'};{'day': 'We', 'end': '13:50', 'location': 'L 477', 'start': '12:55'};{'day': 'Fr', 'end': '13:50', 'location': 'L 477', 'start': '12:55'}","False","","3","C","20003","Research","2000"
"0000001739","1.0","0000001404","STAT","11","1","8","2","0","WRI","Carlson, William L.","{'fsnum': '951', 'name': 'Carlson, William L.'}","200","15","","","","","Stat Problem Solving","263","{'day': 'Mo', 'end': '08:55', 'location': 'H 413', 'start': '08:00'};{'day': 'We', 'end': '08:55', 'location': 'H 413', 'start': '08:00'};{'day': 'Fr', 'end': '08:55', 'location': 'H 413', 'start': '08:00'}","False","A","3","O","20003","Research","2000"
"0000001740","1.0","0000001404","STAT","15","0","12","1","2","WRI","Carlson, William L.","{'fsnum': '951', 'name': 'Carlson, William L.'}","200","15","","","","","Stat Problem Solving","263","{'day': 'Mo', 'end': '10:00', 'location': 'H 413', 'start': '09:05'};{'day': 'We', 'end': '10:00', 'location': 'H 413', 'start': '09:05'};{'day': 'Fr', 'end': '10:00', 'location': 'H 413', 'start': '09:05'}","False","B","3","C","20003","Research","2000"
"0000001741","1.0","0000001406","STAT","10","0","3","0","7","","Ericksen, Gerald","{'fsnum': '1861', 'name': 'Ericksen, Gerald'}","200","","","","","","Design of Experiments","266","{'day': 'Tu', 'end': '11:00', 'location': 'SC 184', 'start': '09:35'};{'day': 'Th', 'end': '11:00', 'location': 'SC 184', 'start': '09:35'}","False","","3","O","20003","Research","2000"
"0000001742","1.0","0000001410","STAT","1","0","0","0","1","","Kahn, Michael","{'fsnum': '4165', 'name': 'Kahn, Michael'}","200","","","","","","IS/Bayesian Stats","298","","False","","3","O","20003","Research","2000"
"0000001701","1.0","0000001363","SWRK","30","1","11","15","3","HBS","Carlsen, Mary","{'fsnum': '938', 'name': 'Carlsen, Mary'}","200","30","","","","","Social Policy","258","{'day': 'Mo', 'end': '12:45', 'location': 'L 177', 'start': '23:50'};{'day': 'We', 'end': '12:45', 'location': 'L 177', 'start': '23:50'};{'day': 'Fr', 'end': '12:45', 'location': 'L 177', 'start': '23:50'}","False","","3","C","20003","Research","2000"
"0000001702","1.0","0000001364","SWRK","12","0","11","0","1","","Lennox, Naurine","{'fsnum': '4761', 'name': 'Lennox, Naurine'}","200","20","","","","","Social Work Methds II","261","{'day': 'Tu', 'end': '14:45', 'location': 'H 516', 'start': '13:20'};{'day': 'Th', 'end': '14:45', 'location': 'H 516', 'start': '13:20'}","False","","3","O","20003","Research","2000"
"0000001703","1.0","0000001365","SWRK","12","0","11","0","1","","Lennox, Naurine","{'fsnum': '4761', 'name': 'Lennox, Naurine'}","200","20","","","","","Eval/SW Practice/Prog","274","{'day': 'Tu', 'end': '13:10', 'location': 'H 516', 'start': '23:45'};{'day': 'Th', 'end': '13:10', 'location': 'H 516', 'start': '23:45'}","False","","3","O","20003","Research","2000"
"0000001704","1.0","0000001371","SWRK","14","0","1","0","13","","Carlsen, Mary","{'fsnum': '938', 'name': 'Carlsen, Mary'}","300","20","","","","","Social Worker as Prof","381","{'day': 'Tu', 'end': '13:10', 'location': 'CH 109', 'start': '23:45'};{'day': 'Th', 'end': '13:10', 'location': 'CH 109', 'start': '23:45'}","False","","3","O","20003","Research","2000"
"0000001705","1.0","0000001373","SWRK","1","0","0","0","1","","Carlsen, Mary","{'fsnum': '938', 'name': 'Carlsen, Mary'}","300","","","","","","IR/At Risk Yth & Sex","398","","False","","3","O","20003","Research","2000"
"0000001706","1.0","0000001375","THEAT","29","5","4","11","9","ALS-A","Wilson, Karen","{'fsnum': '9093', 'name': 'Wilson, Karen'}","100","32","","","","","Intro to Theater","110","{'day': 'Mo', 'end': '10:00', 'location': 'CT 216', 'start': '09:05'};{'day': 'We', 'end': '10:00', 'location': 'CT 216', 'start': '09:05'};{'day': 'Fr', 'end': '10:00', 'location': 'CT 216', 'start': '09:05'}","False","","3","C","20003","Research","2000"
"0000001707","1.0","0000001377","THEAT","28","1","9","8","10","HBS;ORC;WRI","Isaacson, Carl","{'fsnum': '10507', 'name': 'Isaacson, Carl'}","100","22","","","","","Public Speaking","120","{'day': 'Tu', 'end': '13:10', 'location': 'CT 216', 'start': '23:45'};{'day': 'Th', 'end': '13:10', 'location': 'CT 216', 'start': '23:45'}","False","A","3","C","20003","Research","2000"
"0000001708","1.0","0000001377","THEAT","22","4","4","12","2","HBS;ORC;WRI","Isaacson, Carl","{'fsnum': '10507', 'name': 'Isaacson, Carl'}","100","22","","","","","Public Speaking","120","{'day': 'Mo', 'end': '13:50', 'location': 'CT 227', 'start': '12:55'};{'day': 'We', 'end': '13:50', 'location': 'CT 227', 'start': '12:55'};{'day': 'Fr', 'end': '13:50', 'location': 'CT 227', 'start': '12:55'}","False","B","3","C","20003","Research","2000"
"0000001709","1.0","0000001377","THEAT","23","2","14","1","6","HBS;ORC;WRI","Isaacson, Carl","{'fsnum': '10507', 'name': 'Isaacson, Carl'}","100","22","","","","","Public Speaking","120","{'day': 'Tu', 'end': '11:00', 'location': 'CT 216', 'start': '09:35'};{'day': 'Th', 'end': '11:00', 'location': 'CT 216', 'start': '09:35'}","False","C","3","C","20003","Research","2000"
"0000001710","1.0","0000001378","THEAT","21","2","8","6","5","ALS-A;PHA","Gisselman, Gary C.","{'fsnum': '10426', 'name': 'Gisselman, Gary C.'}","100","16","","","","","Beginning Acting","130","{'day': 'Tu', 'end': '13:10', 'location': 'CT HAUGEN', 'start': '23:45'};{'day': 'Th', 'end': '13:10', 'location': 'CT HAUGEN', 'start': '23:45'}","False","","3","C","20003","Research","2000"
"0000001711","1.0","0000001379","THEAT","18","3","4","6","5","ALS-A","Freeman, Dona W.;McKeel, James","{'fsnum': '8982', 'name': 'Freeman, Dona W.'};{'fsnum': '5210', 'name': 'McKeel, James'}","100","16","","","","","Acting--Lyric Stage","131","{'day': 'Tu', 'end': '11:00', 'location': 'CT KELSEY', 'start': '09:35'};{'day': 'Th', 'end': '11:00', 'location': 'CT KELSEY', 'start': '09:35'}","False","","3","C","20003","Research","2000"
"0000001712","1.0","0000000792","THEAT","32","3","11","8","10","","Sonnega, Bill","{'fsnum': '7676', 'name': 'Sonnega, Bill'}","100","32","","","","","Mass Media","160","{'day': 'Tu', 'end': '09:25', 'location': 'CT 227', 'start': '08:00'};{'day': 'Th', 'end': '09:25', 'location': 'CT 227', 'start': '08:00'}","False","","3","C","20003","Research","2000"
"0000001713","0.25","0000001386","THEAT","12","3","0","5","4","ALS-A","Gisselman, Gary C.","{'fsnum': '10426', 'name': 'Gisselman, Gary C.'}","200","","","","","","Thtr Prac: Act/Direct","233","","True","","3","O","20003","Research","2000"
"0000001714","0.25","0000001390","THEAT","3","1","2","0","0","ALS-A","","","200","","","","","","Th Prac: Scenery/Prop","253","{'day': 'Mo', 'end': '14:55', 'location': 'CT GREEN RM', 'start': '14:00'}","True","","3","O","20003","Research","2000"
"0000001715","1.0","0000000794","THEAT","17","1","4","5","7","","Sonnega, Bill","{'fsnum': '7676', 'name': 'Sonnega, Bill'}","200","","","","","","Comm/Contemp Culture","260","{'day': 'Tu', 'end': '13:10', 'location': 'CT 227', 'start': '23:45'};{'day': 'Th', 'end': '13:10', 'location': 'CT 227', 'start': '23:45'}","False","","3","O","20003","Research","2000"
"0000001716","1.0","0000001391","THEAT","36","1","11","10","14","ALS-L;HWC","Wilson, Karen","{'fsnum': '9093', 'name': 'Wilson, Karen'}","200","32","","","","","Hist/Theat-Up to 1700","270","{'day': 'Mo', 'end': '13:50', 'location': 'CT 216', 'start': '12:55'};{'day': 'We', 'end': '13:50', 'location': 'CT 216', 'start': '12:55'};{'day': 'Fr', 'end': '13:50', 'location': 'CT 216', 'start': '12:55'}","False","","3","C","20003","Research","2000"
"0000001717","1.0","0000001395","THEAT","1","0","0","1","0","","Freeman, Dona W.","{'fsnum': '8982', 'name': 'Freeman, Dona W.'}","200","","","","","","IS/Scene Study","298","","False","","3","O","20003","Research","2000"
"0000001718","1.0","0000001395","THEAT","1","0","0","1","0","","Gisselman, Gary C.","{'fsnum': '10426', 'name': 'Gisselman, Gary C.'}","200","","","","","","IS/Scene Study","298","","False","A","3","O","20003","Research","2000"
"0000001719","1.0","0000001395","THEAT","1","0","0","0","1","","Wilson, Karen","{'fsnum': '9093', 'name': 'Wilson, Karen'}","200","","","","","","IS/Th History to 1642","298","","False","B","3","O","20003","Research","2000"
"0000001720","1.0","0000001395","THEAT","1","0","1","0","0","","Gisselman, Gary C.","{'fsnum': '10426', 'name': 'Gisselman, Gary C.'}","200","","","","","","IS/Playwriting","298","","False","C","3","O","20003","Research","2000"
"0000001721","1.0","0000001395","THEAT","1","0","0","0","1","","Wilson, Karen","{'fsnum': '9093', 'name': 'Wilson, Karen'}","200","","","","","","IS/Hist/Theat-To 1700","298","","False","D","3","O","20003","Research","2000"
"0000001722","1.0","0000001395","THEAT","1","0","0","0","1","","Isaacson, Carl","{'fsnum': '10507', 'name': 'Isaacson, Carl'}","200","","","","","","IS/Using Oral Interp","298","","False","E","3","O","20003","Research","2000"
"0000001723","1.0","0000001395","THEAT","1","0","0","0","1","","Freeman, Dona W.","{'fsnum': '8982', 'name': 'Freeman, Dona W.'}","200","","","","","","IS/Act in Shakespeare","298","","False","F","3","O","20003","Research","2000"
"0000001724","1.0","0000001395","THEAT","1","0","0","0","1","","Wilson, Karen","{'fsnum': '9093', 'name': 'Wilson, Karen'}","200","","","","","","IS/Chld Communication","298","","False","G","3","O","20003","Research","2000"
"0000001725","1.0","0000001395","THEAT","1","0","0","1","0","","Gisselman, Gary C.","{'fsnum': '10426', 'name': 'Gisselman, Gary C.'}","200","","","","","","IS/Scene Study","298","","False","H","3","O","20003","Research","2000"
"0000001726","1.0","0000001395","THEAT","1","0","1","0","0","","Gisselman, Gary C.","{'fsnum': '10426', 'name': 'Gisselman, Gary C.'}","200","","","","","","IS/Adv Scene Study","298","","False","I","3","O","20003","Research","2000"
"0000001727","1.0","0000001396","THEAT","15","1","9","0","5","","Gisselman, Gary C.","{'fsnum': '10426', 'name': 'Gisselman, Gary C.'}","300","16","","","","","Stage Direction","338","{'day': 'Mo', 'end': '11:40', 'location': 'CT HAUGEN', 'start': '10:45'};{'day': 'We', 'end': '11:40', 'location': 'CT HAUGEN', 'start': '10:45'};{'day': 'Fr', 'end': '11:40', 'location': 'CT HAUGEN', 'start': '10:45'}","False","","3","C","20003","Research","2000"
"0000001728","1.0","0000001397","THEAT","11","0","4","2","5","","Bjorklund, Brian","{'fsnum': '611', 'name': 'Bjorklund, Brian'}","300","18","","","","","Scenery/Costume Desgn","352","{'day': 'Tu', 'end': '13:10', 'location': 'CT GREEN RM', 'start': '23:45'};{'day': 'Th', 'end': '13:10', 'location': 'CT GREEN RM', 'start': '23:45'}","False","","3","O","20003","Research","2000"
"0000001729","1.0","0000002484","THEAT","15","0","6","8","1","","Devenish, Linda","{'fsnum': '10495', 'name': 'Devenish, Linda'}","300","20","","","","","Persuasion","384","{'day': 'Tu', 'end': '11:00', 'location': 'CT 227', 'start': '09:35'};{'day': 'Th', 'end': '11:00', 'location': 'CT 227', 'start': '09:35'}","False","","3","O","20003","Research","2000"
"0000001730","1.0","0000002487","THEAT","4","0","0","2","2","ORC;WRI","Devenish, Linda","{'fsnum': '10495', 'name': 'Devenish, Linda'}","300","20","","","","","Topics: Intercult Comm","389","{'day': 'Tu', 'end': '09:25', 'location': 'CT 216', 'start': '08:00'};{'day': 'Th', 'end': '09:25', 'location': 'CT 216', 'start': '08:00'}","False","","3","O","20003","Topic","2000"
"0000001731","1.0","0000001400","THEAT","1","0","0","0","1","","Gisselman, Gary C.","{'fsnum': '10426', 'name': 'Gisselman, Gary C.'}","300","","","","","","Academic Internship","394","","True","","3","O","20003","Research","2000"
"0000001732","1.0","0000001401","THEAT","1","0","0","0","1","","Wilson, Karen","{'fsnum': '9093', 'name': 'Wilson, Karen'}","300","","","","","","IR/Gender & Public Sp","398","","False","","3","O","20003","Research","2000"
"0000001733","1.0","0000001401","THEAT","1","0","0","0","1","","Gisselman, Gary C.","{'fsnum': '10426', 'name': 'Gisselman, Gary C.'}","300","","","","","","IR/Government & Arts","398","","False","A","3","O","20003","Research","2000"
"0000001734","1.0","0000001401","THEAT","1","0","1","0","0","","Gisselman, Gary C.","{'fsnum': '10426', 'name': 'Gisselman, Gary C.'}","300","","","","","","IR/Playwriting","398","","False","B","3","O","20003","Research","2000"
"0000001776","1.0","0000001476","WMNST","33","1","10","7","15","MCS-D;WRI","Frey, Olivia","{'fsnum': '2455', 'name': 'Frey, Olivia'}","100","23","","","","","Intro Women's Studies","121","{'day': 'Th', 'end': '22:00', 'location': 'L 515', 'start': '19:00'}","False","","3","C","20003","Research","2000"
"0000001777","1.0","0000002502","WMNST","11","3","2","4","2","ALS-A","Thompson, Nancy M.","{'fsnum': '13137', 'name': 'Thompson, Nancy M.'}","200","20","","","","","Top: Wmn & Arts 11-1700","201","{'day': 'Tu', 'end': '11:00', 'location': 'M 2', 'start': '09:35'};{'day': 'Th', 'end': '11:00', 'location': 'M 2', 'start': '09:35'}","False","","3","C","20003","Topic","2000"
"0000001778","1.0","0000001480","WMNST","1","0","0","0","1","","Nordstrom-Loeb, Bruce","{'fsnum': '5728', 'name': 'Nordstrom-Loeb, Bruce'}","300","","","","","","IR/Today's Wmn of Us","398","","False","","3","O","20003","Research","2000"
"0000001779","1.0","0000001481","WMNST","16","0","2","0","14","","Nordstrom-Loeb, Bruce","{'fsnum': '5728', 'name': 'Nordstrom-Loeb, Bruce'}","300","15","","","","","Sem: Women Cross-Cult","399","{'day': 'Tu', 'end': '14:45', 'location': 'H 514', 'start': '13:20'};{'day': 'Th', 'end': '14:45', 'location': 'H 514', 'start': '13:20'}","False","","3","C","20003","Seminar","2000"

