"clbid","credits","crsid","department","enrolled","enrollment_fy","enrollment_jr","enrollment_so","enrollment_sr","gereqs","instructors","instructors_full","level","max","max_fy","max_jr","max_so","max_sr","name","number","offerings","pn","section","semester","status","term","type","year"
"0000001871","1.0","0000000016","AFAM","21","0","5","11","5","ALS-L;MCS-G","Henry, Joanne","{'fsnum': '14043', 'name': 'Henry, Joanne'}","200","30","","","","","Africa & the Americas","231","{'day': 'Tu', 'end': '13:10', 'location': 'L 577', 'start': '23:45'};{'day': 'Th', 'end': '13:10', 'location': 'L 577', 'start': '23:45'}","False","","1","O","20011","Seminar","2001"
"0000001951","1.0","0000000176","AMCON","15","15","0","0","0","","Holly, Carol","{'fsnum': '3424', 'name': 'Holly, Carol'}","100","","","","","","Freedoms: 1620-1865","101","{'day': 'Mo', 'end': '10:00', 'location': 'L 515', 'start': '09:05'};{'day': 'We', 'end': '10:00', 'location': 'L 515', 'start': '09:05'};{'day': 'Fr', 'end': '10:00', 'location': 'L 515', 'start': '09:05'}","False","A","1","C","20011","Research","2001"
"0000001952","1.0","0000000176","AMCON","15","14","0","0","1","","Holly, Carol","{'fsnum': '3424', 'name': 'Holly, Carol'}","100","","","","","","Freedoms: 1620-1865","101","{'day': 'Mo', 'end': '10:00', 'location': 'L 421', 'start': '09:05'};{'day': 'We', 'end': '10:00', 'location': 'L 421', 'start': '09:05'};{'day': 'Fr', 'end': '10:00', 'location': 'L 421', 'start': '09:05'}","False","B","1","C","20011","Research","2001"
"0000001953","1.0","0000000178","AMCON","18","0","0","14","4","ALS-L;MCS-D;WRI","Titus, Mary","{'fsnum': '8415', 'name': 'Titus, Mary'}","200","","","","","","Remaking Am: 1845-1945","201","{'day': 'Mo', 'end': '13:50', 'location': 'H 514', 'start': '12:55'};{'day': 'We', 'end': '13:50', 'location': 'H 514', 'start': '12:55'};{'day': 'Fr', 'end': '13:50', 'location': 'H 514', 'start': '12:55'}","False","A","1","O","20011","Research","2001"
"0000001954","1.0","0000000178","AMCON","18","1","0","16","1","ALS-L;MCS-D;WRI","Nordstrom-Loeb, Bruce","{'fsnum': '5728', 'name': 'Nordstrom-Loeb, Bruce'}","200","","","","","","Remaking Am: 1845-1945","201","{'day': 'Mo', 'end': '13:50', 'location': 'H 317', 'start': '12:55'};{'day': 'We', 'end': '13:50', 'location': 'H 317', 'start': '12:55'};{'day': 'Fr', 'end': '13:50', 'location': 'H 317', 'start': '12:55'}","False","B","1","O","20011","Research","2001"
"0000001869","1.0","0000000004","AMST","20","0","6","6","8","HBS;MCS-D","Kutulas, Judy","{'fsnum': '4583', 'name': 'Kutulas, Judy'}","100","20","","","","","Perspec Amer Culture","100","{'day': 'Mo', 'end': '11:40', 'location': 'L 420', 'start': '10:45'};{'day': 'We', 'end': '11:40', 'location': 'L 420', 'start': '10:45'};{'day': 'Fr', 'end': '11:40', 'location': 'L 420', 'start': '10:45'}","False","","1","C","20011","Research","2001"
"0000001870","1.0","0000000012","AMST","1","0","0","0","1","","Allister, Mark","{'fsnum': '110', 'name': 'Allister, Mark'}","200","","","","","","IS/Being Male in Ame","298","","False","","1","O","20011","Research","2001"
"0000002606","1.0","0000001482","ARMS","27","0","4","1","22","ALS-L;MCS-D;WRI","Henry, Joanne","{'fsnum': '14043', 'name': 'Henry, Joanne'}","100","25","","","","","Intro to Arms","121","{'day': 'Mo', 'end': '22:00', 'location': 'H 501', 'start': '19:00'}","False","","1","C","20011","Research","2001"
"0000002607","1.0","0000001484","ARMS","15","1","3","5","6","","Henry, Joanne","{'fsnum': '14043', 'name': 'Henry, Joanne'}","200","25","","","","","Top: Af-Am Women","250","{'day': 'Tu', 'end': '14:45', 'location': 'L 577', 'start': '13:20'};{'day': 'Th', 'end': '14:45', 'location': 'L 577', 'start': '13:20'}","False","","1","O","20011","Seminar","2001"
"0000001872","0.5","0000000019","ART","18","7","2","4","5","ALS-A","Saurer, John","{'fsnum': '7064', 'name': 'Saurer, John'}","100","20","","","","","Found Perceptual Draw","111","{'day': 'Tu', 'end': '09:25', 'location': 'CAD 216', 'start': '08:00'};{'day': 'Th', 'end': '09:25', 'location': 'CAD 216', 'start': '08:00'}","False","A","1","O","20011","Research","2001"
"0000001873","0.5","0000000019","ART","18","10","1","3","4","ALS-A","Saurer, John","{'fsnum': '7064', 'name': 'Saurer, John'}","100","20","","","","","Found Perceptual Draw","111","{'day': 'Tu', 'end': '16:30', 'location': 'CAD 216', 'start': '15:05'};{'day': 'Th', 'end': '16:30', 'location': 'CAD 216', 'start': '15:05'}","False","B","1","O","20011","Research","2001"
"0000001874","0.5","0000000020","ART","23","7","4","4","8","ALS-A","Arneson, Wendell","{'fsnum': '276', 'name': 'Arneson, Wendell'}","100","20","","","","","Found Conceptual Draw","112","{'day': 'Mo', 'end': '11:40', 'location': 'CAD 216', 'start': '10:45'};{'day': 'We', 'end': '11:40', 'location': 'CAD 216', 'start': '10:45'};{'day': 'Fr', 'end': '11:40', 'location': 'CAD 216', 'start': '10:45'}","False","","1","C","20011","Research","2001"
"0000001875","0.5","0000000021","ART","22","3","5","4","10","ALS-A","Arneson, Wendell","{'fsnum': '276', 'name': 'Arneson, Wendell'}","100","20","","","","","Found Color Design","113","{'day': 'Mo', 'end': '10:00', 'location': 'CAD 116', 'start': '09:05'};{'day': 'We', 'end': '10:00', 'location': 'CAD 116', 'start': '09:05'};{'day': 'Fr', 'end': '10:00', 'location': 'CAD 116', 'start': '09:05'}","False","","1","C","20011","Research","2001"
"0000001876","0.5","0000000022","ART","13","4","5","1","3","ALS-A","Dell, Irve","{'fsnum': '1369', 'name': 'Dell, Irve'}","100","15","","","","","Foundation Sculpture","114","{'day': 'Tu', 'end': '09:25', 'location': 'CAD 106', 'start': '08:00'};{'day': 'Th', 'end': '09:25', 'location': 'CAD 106', 'start': '08:00'}","False","A","1","O","20011","Research","2001"
"0000001877","0.5","0000000022","ART","15","6","1","5","3","ALS-A","Dell, Irve","{'fsnum': '1369', 'name': 'Dell, Irve'}","100","15","","","","","Foundation Sculpture","114","{'day': 'Tu', 'end': '11:00', 'location': 'CAD 106', 'start': '09:35'};{'day': 'Th', 'end': '11:00', 'location': 'CAD 106', 'start': '09:35'}","False","B","1","C","20011","Research","2001"
"0000001878","0.5","0000000023","ART","16","5","0","2","9","ALS-A","Gammell, Linda","{'fsnum': '14097', 'name': 'Gammell, Linda'}","100","20","","","","","Found Photography","115","{'day': 'Tu', 'end': '11:00', 'location': 'CAD 102', 'start': '09:35'};{'day': 'Th', 'end': '11:00', 'location': 'CAD 102', 'start': '09:35'}","False","A","1","O","20011","Research","2001"
"0000001879","0.5","0000000023","ART","18","5","3","3","7","ALS-A","Gammell, Linda","{'fsnum': '14097', 'name': 'Gammell, Linda'}","100","20","","","","","Found Photography","115","{'day': 'Tu', 'end': '13:10', 'location': 'CAD 102', 'start': '23:45'};{'day': 'Th', 'end': '13:10', 'location': 'CAD 102', 'start': '23:45'}","False","B","1","O","20011","Research","2001"
"0000001880","0.5","0000000024","ART","14","2","3","3","6","ALS-A","Gallas, Ron","{'fsnum': '2492', 'name': 'Gallas, Ron'}","100","15","","","","","Found Ceramics: Hand","116","{'day': 'Tu', 'end': '11:00', 'location': 'CAD 115C', 'start': '09:35'};{'day': 'Th', 'end': '11:00', 'location': 'CAD 115C', 'start': '09:35'}","False","","1","O","20011","Research","2001"
"0000001881","0.5","0000000026","ART","15","2","5","5","3","ALS-A","Gallas, Ron","{'fsnum': '2492', 'name': 'Gallas, Ron'}","100","15","","","","","Found Ceramics: Wheel","119","{'day': 'Tu', 'end': '13:10', 'location': 'CAD 115E', 'start': '23:45'};{'day': 'Th', 'end': '13:10', 'location': 'CAD 115E', 'start': '23:45'}","False","A","1","C","20011","Research","2001"
"0000001882","0.5","0000000026","ART","20","2","3","5","10","ALS-A","Gallas, Ron","{'fsnum': '2492', 'name': 'Gallas, Ron'}","100","15","","","","","Found Ceramics: Wheel","119","{'day': 'Tu', 'end': '14:45', 'location': 'CAD 115E', 'start': '13:20'};{'day': 'Th', 'end': '14:45', 'location': 'CAD 115E', 'start': '13:20'}","False","B","1","C","20011","Research","2001"
"0000001883","1.0","0000000027","ART","15","12","1","1","1","ALS-A","Shoger, Jan","{'fsnum': '7486', 'name': 'Shoger, Jan'}","100","16","","","","","Honors Found Drawing","120","{'day': 'Mo', 'end': '10:00', 'location': 'CAD 216', 'start': '08:00'};{'day': 'We', 'end': '10:00', 'location': 'CAD 216', 'start': '08:00'};{'day': 'Fr', 'end': '10:00', 'location': 'CAD 216', 'start': '08:00'}","False","","1","C","20011","Research","2001"
"0000001884","1.0","0000000031","ART","33","12","6","4","11","ALS-A;HWC","Thompson, Nancy M.","{'fsnum': '13137', 'name': 'Thompson, Nancy M.'}","100","30","","","","","Ancient--Medieval","150","{'day': 'Tu', 'end': '11:00', 'location': 'CAD 305', 'start': '09:35'};{'day': 'Th', 'end': '11:00', 'location': 'CAD 305', 'start': '09:35'}","False","","1","C","20011","Research","2001"
"0000001885","1.0","0000000032","ART","32","8","5","6","13","ALS-A;HWC","Thompson, Nancy M.","{'fsnum': '13137', 'name': 'Thompson, Nancy M.'}","100","30","","","","","Renaissance--Present","151","{'day': 'Mo', 'end': '10:00', 'location': 'CAD 305', 'start': '09:05'};{'day': 'We', 'end': '10:00', 'location': 'CAD 305', 'start': '09:05'};{'day': 'Fr', 'end': '10:00', 'location': 'CAD 305', 'start': '09:05'}","False","","1","C","20011","Research","2001"
"0000001886","1.0","0000000033","ART","29","0","13","6","10","","Arneson, Wendell","{'fsnum': '276', 'name': 'Arneson, Wendell'}","200","20","","","","","Oil/Acrylic Painting","221","{'day': 'Mo', 'end': '14:55', 'location': 'CAD 214', 'start': '12:55'};{'day': 'We', 'end': '14:55', 'location': 'CAD 214', 'start': '12:55'};{'day': 'Fr', 'end': '14:55', 'location': 'CAD 214', 'start': '12:55'}","False","","1","C","20011","Research","2001"
"0000001887","1.0","0000000035","ART","7","0","3","1","3","","Dell, Irve","{'fsnum': '1369', 'name': 'Dell, Irve'}","200","15","","","","","Sculpt: Metal Casting","223","{'day': 'Tu', 'end': '14:45', 'location': 'CAD 105', 'start': '23:45'};{'day': 'Th', 'end': '14:45', 'location': 'CAD 105', 'start': '23:45'}","False","","1","O","20011","Research","2001"
"0000001888","1.0","0000000038","ART","16","0","5","1","10","","Shoger, Jan","{'fsnum': '7486', 'name': 'Shoger, Jan'}","200","15","","","","","Printmkg: Relief/Litho","226","{'day': 'Mo', 'end': '12:45', 'location': 'CAD 212', 'start': '22:45'};{'day': 'We', 'end': '12:45', 'location': 'CAD 212', 'start': '22:45'};{'day': 'Fr', 'end': '12:45', 'location': 'CAD 212', 'start': '22:45'}","False","","1","C","20011","Research","2001"
"0000001889","1.0","0000000042","ART","8","0","2","2","4","","Kelley, Patrick T.","{'fsnum': '14002', 'name': 'Kelley, Patrick T.'}","200","15","","","","","Motion Graphics","230","{'day': 'Tu', 'end': '14:45', 'location': 'CAD 100', 'start': '23:45'};{'day': 'Th', 'end': '14:45', 'location': 'CAD 100', 'start': '23:45'}","False","","1","O","20011","Research","2001"
"0000001890","1.0","0000000050","ART","23","1","2","9","11","ALS-A;HWC","Holden, Kristi","{'fsnum': '12373', 'name': 'Holden, Kristi'}","200","30","","","","","Art 1776-1880","251","{'day': 'Mo', 'end': '11:40', 'location': 'CAD 305', 'start': '10:45'};{'day': 'We', 'end': '11:40', 'location': 'CAD 305', 'start': '10:45'};{'day': 'Fr', 'end': '11:40', 'location': 'CAD 305', 'start': '10:45'}","False","","1","O","20011","Research","2001"
"0000001891","1.0","0000000060","ART","23","0","4","14","5","ALS-A;HWC","Thompson, Nancy M.","{'fsnum': '13137', 'name': 'Thompson, Nancy M.'}","200","30","","","","","Medieval Art","263","{'day': 'Tu', 'end': '13:10', 'location': 'CAD 305', 'start': '23:45'};{'day': 'Th', 'end': '13:10', 'location': 'CAD 305', 'start': '23:45'}","False","","1","O","20011","Research","2001"
"0000001892","1.0","0000000069","ART","2","0","0","0","2","","Arneson, Wendell","{'fsnum': '276', 'name': 'Arneson, Wendell'}","200","","","","","","IS/Advanced Painting","298","","False","","1","O","20011","Research","2001"
"0000001893","1.0","0000000069","ART","1","0","1","0","0","","Shoger, Jan","{'fsnum': '7486', 'name': 'Shoger, Jan'}","200","","","","","","IS/Prints in Decarts","298","","False","B","1","O","20011","Research","2001"
"0000001894","1.0","0000000070","ART","16","0","0","0","16","","Saurer, John","{'fsnum': '7064', 'name': 'Saurer, John'}","300","15","","","","","Topics Sem/Studio Art","340","{'day': 'Tu', 'end': '14:45', 'location': 'CAD 204', 'start': '23:45'};{'day': 'Th', 'end': '14:45', 'location': 'CAD 204', 'start': '23:45'}","False","","1","C","20011","Topic","2001"
"0000001895","1.0","0000000075","ART","1","0","0","0","1","","Dell, Irve","{'fsnum': '1369', 'name': 'Dell, Irve'}","300","","","","","","IR/Multi-Medium Casts","398","","False","","1","O","20011","Research","2001"
"0000001896","1.0","0000000075","ART","1","0","0","0","1","","Thompson, Nancy M.","{'fsnum': '13137', 'name': 'Thompson, Nancy M.'}","300","","","","","","IR/Bernini: Early Work","398","","False","A","1","O","20011","Research","2001"
"0000001897","1.0","0000000076","ASIAN","19","19","0","0","0","FYW","Larson, Phyllis Hyland","{'fsnum': '4624', 'name': 'Larson, Phyllis Hyland'}","100","20","","","","","Family & Self/E Asia","111","{'day': 'Tu', 'end': '13:10', 'location': 'M 35', 'start': '23:45'};{'day': 'Th', 'end': '13:10', 'location': 'M 35', 'start': '23:45'}","False","","1","C","20011","Research","2001"
"0000001898","1.0","0000000078","ASIAN","35","11","4","13","7","MCS-G","Reed, Barbara","{'fsnum': '6625', 'name': 'Reed, Barbara'}","100","35","","","","","Asian Cultures","121","{'day': 'Tu', 'end': '14:45', 'location': 'CH 101', 'start': '13:20'};{'day': 'Th', 'end': '14:45', 'location': 'CH 101', 'start': '13:20'}","False","","1","C","20011","Research","2001"
"0000001899","1.0","0000000084","ASIAN","14","0","0","13","1","HBS","Dalgaard, Bruce","{'fsnum': '1333', 'name': 'Dalgaard, Bruce'}","200","20","","","","","Rice & Society/E Asia","211","{'day': 'Tu', 'end': '14:45', 'location': 'M 30', 'start': '13:20'};{'day': 'Th', 'end': '14:45', 'location': 'M 30', 'start': '13:20'}","False","","1","C","20011","Research","2001"
"0000001900","1.0","0000000097","ASIAN","1","0","0","0","1","WRI","Entenmann, Robert","{'fsnum': '1821', 'name': 'Entenmann, Robert'}","300","","","","","","IR/Animism & Health","398","","False","","1","O","20011","Research","2001"
"0000001901","1.0","0000000098","ASIAN","9","0","1","0","8","EIN;WRI","Entenmann, Robert","{'fsnum': '1821', 'name': 'Entenmann, Robert'}","300","25","","","","","Asia Seminar","399","{'day': 'Tu', 'end': '11:00', 'location': 'H 514', 'start': '09:35'};{'day': 'Th', 'end': '11:00', 'location': 'H 514', 'start': '09:35'}","False","","1","O","20011","Seminar","2001"
"0000001902","1.0","0000000102","BIO","23","0","5","7","11","NSC;NSL","Thiede, Denise","{'fsnum': '14185', 'name': 'Thiede, Denise'}","100","24","","","","","Human Biology","123","{'day': 'Mo', 'end': '10:00', 'location': 'SC 280', 'start': '09:05'};{'day': 'We', 'end': '10:00', 'location': 'SC 280', 'start': '09:05'};{'day': 'Fr', 'end': '10:00', 'location': 'SC 280', 'start': '09:05'};{'day': 'We', 'end': '16:00', 'location': 'SC 253', 'start': '14:00'}","False","A","1","C","20011","Research","2001"
"0000001903","1.0","0000000102","BIO","22","0","11","4","7","NSC;NSL","Thiede, Denise","{'fsnum': '14185', 'name': 'Thiede, Denise'}","100","24","","","","","Human Biology","123","{'day': 'Mo', 'end': '10:00', 'location': 'SC 280', 'start': '09:05'};{'day': 'We', 'end': '10:00', 'location': 'SC 280', 'start': '09:05'};{'day': 'Fr', 'end': '10:00', 'location': 'SC 280', 'start': '09:05'};{'day': 'Th', 'end': '10:00', 'location': 'SC 253', 'start': '08:00'}","False","B","1","C","20011","Research","2001"
"0000001904","1.0","0000000102","BIO","25","0","15","4","6","NSC;NSL","Thiede, Denise","{'fsnum': '14185', 'name': 'Thiede, Denise'}","100","24","","","","","Human Biology","123","{'day': 'Mo', 'end': '10:00', 'location': 'SC 280', 'start': '09:05'};{'day': 'We', 'end': '10:00', 'location': 'SC 280', 'start': '09:05'};{'day': 'Fr', 'end': '10:00', 'location': 'SC 280', 'start': '09:05'};{'day': 'Th', 'end': '14:00', 'location': 'SC 253', 'start': '12:00'}","False","C","1","C","20011","Research","2001"
"0000001905","1.0","0000000106","BIO","22","9","1","10","2","NSC;NSL","Olfelt, Joel","{'fsnum': '5838', 'name': 'Olfelt, Joel'}","100","24","","","","","Cellular Bio & Genetics","125","{'day': 'Mo', 'end': '08:55', 'location': 'SC 278', 'start': '08:00'};{'day': 'We', 'end': '08:55', 'location': 'SC 278', 'start': '08:00'};{'day': 'Fr', 'end': '08:55', 'location': 'SC 278', 'start': '08:00'};{'day': 'Tu', 'end': '14:15', 'location': 'SC 273', 'start': '23:45'}","False","A","1","O","20011","Research","2001"
"0000001906","1.0","0000000106","BIO","20","7","0","10","3","NSC;NSL","Olfelt, Joel","{'fsnum': '5838', 'name': 'Olfelt, Joel'}","100","24","","","","","Cellular Bio & Genetics","125","{'day': 'Mo', 'end': '08:55', 'location': 'SC 278', 'start': '08:00'};{'day': 'We', 'end': '08:55', 'location': 'SC 278', 'start': '08:00'};{'day': 'Fr', 'end': '08:55', 'location': 'SC 278', 'start': '08:00'};{'day': 'Tu', 'end': '17:30', 'location': 'SC 273', 'start': '15:00'}","False","B","1","O","20011","Research","2001"
"0000001907","1.0","0000000106","BIO","22","10","1","9","2","NSC;NSL","Cole, Eric","{'fsnum': '1206', 'name': 'Cole, Eric'}","100","24","","","","","Cellular Bio & Genetics","125","{'day': 'Mo', 'end': '10:00', 'location': 'SC 278', 'start': '09:05'};{'day': 'We', 'end': '10:00', 'location': 'SC 278', 'start': '09:05'};{'day': 'Fr', 'end': '10:00', 'location': 'SC 278', 'start': '09:05'};{'day': 'Tu', 'end': '10:30', 'location': 'SC 273', 'start': '08:00'}","False","C","1","O","20011","Research","2001"
"0000001908","1.0","0000000106","BIO","20","10","2","6","2","NSC;NSL","Cole, Eric","{'fsnum': '1206', 'name': 'Cole, Eric'}","100","24","","","","","Cellular Bio & Genetics","125","{'day': 'Mo', 'end': '10:00', 'location': 'SC 278', 'start': '09:05'};{'day': 'We', 'end': '10:00', 'location': 'SC 278', 'start': '09:05'};{'day': 'Fr', 'end': '10:00', 'location': 'SC 278', 'start': '09:05'};{'day': 'We', 'end': '16:30', 'location': 'SC 273', 'start': '14:00'}","False","D","1","O","20011","Research","2001"
"0000001909","1.0","0000000106","BIO","20","3","0","16","1","NSC;NSL","Giannini, John","{'fsnum': '2593', 'name': 'Giannini, John'}","100","24","","","","","Cellular Bio & Genetics","125","{'day': 'Mo', 'end': '14:30', 'location': 'SC 273', 'start': '12:00'};{'day': 'Mo', 'end': '11:40', 'location': 'SC 278', 'start': '10:45'};{'day': 'We', 'end': '11:40', 'location': 'SC 278', 'start': '10:45'};{'day': 'Fr', 'end': '11:40', 'location': 'SC 278', 'start': '10:45'}","False","E","1","O","20011","Research","2001"
"0000001910","1.0","0000000106","BIO","26","6","2","12","6","NSC;NSL","Giannini, John","{'fsnum': '2593', 'name': 'Giannini, John'}","100","24","","","","","Cellular Bio & Genetics","125","{'day': 'Mo', 'end': '17:30', 'location': 'SC 273', 'start': '15:00'};{'day': 'Mo', 'end': '11:40', 'location': 'SC 278', 'start': '10:45'};{'day': 'We', 'end': '11:40', 'location': 'SC 278', 'start': '10:45'};{'day': 'Fr', 'end': '11:40', 'location': 'SC 278', 'start': '10:45'}","False","F","1","C","20011","Research","2001"
"0000001911","1.0","0000000106","BIO","17","10","1","6","0","NSC;NSL","Hellyer, Nathan","{'fsnum': '14177', 'name': 'Hellyer, Nathan'}","100","24","","","","","Cellular Bio & Genetics","125","{'day': 'Mo', 'end': '12:45', 'location': 'SC 278', 'start': '23:50'};{'day': 'We', 'end': '12:45', 'location': 'SC 278', 'start': '23:50'};{'day': 'Fr', 'end': '12:45', 'location': 'SC 278', 'start': '23:50'};{'day': 'Th', 'end': '10:30', 'location': 'SC 273', 'start': '08:00'}","False","G","1","O","20011","Research","2001"
"0000001912","1.0","0000000106","BIO","24","8","3","13","0","NSC;NSL","Hellyer, Nathan","{'fsnum': '14177', 'name': 'Hellyer, Nathan'}","100","24","","","","","Cellular Bio & Genetics","125","{'day': 'Mo', 'end': '12:45', 'location': 'SC 278', 'start': '23:50'};{'day': 'We', 'end': '12:45', 'location': 'SC 278', 'start': '23:50'};{'day': 'Fr', 'end': '12:45', 'location': 'SC 278', 'start': '23:50'};{'day': 'Th', 'end': '14:15', 'location': 'SC 273', 'start': '23:45'}","False","H","1","C","20011","Research","2001"
"0000001913","1.0","0000000106","BIO","11","10","0","1","0","NSC;NSL","Kandl, Kim A.","{'fsnum': '13100', 'name': 'Kandl, Kim A.'}","100","24","","","","","Cellular Bio & Genetics","125","{'day': 'Tu', 'end': '11:00', 'location': 'SC 278', 'start': '09:35'};{'day': 'Th', 'end': '11:00', 'location': 'SC 278', 'start': '09:35'};{'day': 'We', 'end': '13:15', 'location': 'SC 273', 'start': '22:45'}","False","I","1","O","20011","Research","2001"
"0000001914","1.0","0000000106","BIO","22","10","3","7","2","NSC;NSL","Kandl, Kim A.","{'fsnum': '13100', 'name': 'Kandl, Kim A.'}","100","24","","","","","Cellular Bio & Genetics","125","{'day': 'Th', 'end': '17:30', 'location': 'SC 273', 'start': '15:00'};{'day': 'Tu', 'end': '11:00', 'location': 'SC 278', 'start': '09:35'};{'day': 'Th', 'end': '11:00', 'location': 'SC 278', 'start': '09:35'}","False","J","1","O","20011","Research","2001"
"0000001915","1.0","0000000122","BIO","22","1","19","1","1","","Sammartano, Lauri","{'fsnum': '6993', 'name': 'Sammartano, Lauri'}","200","22","","","","","Intermediate Genetics","233","{'day': 'Mo', 'end': '11:40', 'location': 'SC 280', 'start': '10:45'};{'day': 'We', 'end': '11:40', 'location': 'SC 280', 'start': '10:45'};{'day': 'Fr', 'end': '11:40', 'location': 'SC 280', 'start': '10:45'};{'day': 'Tu', 'end': '14:45', 'location': 'SC 263', 'start': '23:45'}","False","A","1","C","20011","Research","2001"
"0000001916","1.0","0000000122","BIO","21","0","16","0","5","","Sammartano, Lauri","{'fsnum': '6993', 'name': 'Sammartano, Lauri'}","200","22","","","","","Intermediate Genetics","233","{'day': 'Mo', 'end': '11:40', 'location': 'SC 280', 'start': '10:45'};{'day': 'We', 'end': '11:40', 'location': 'SC 280', 'start': '10:45'};{'day': 'Fr', 'end': '11:40', 'location': 'SC 280', 'start': '10:45'};{'day': 'We', 'end': '17:00', 'location': 'SC 263', 'start': '14:00'}","False","B","1","C","20011","Research","2001"
"0000001917","1.0","0000000122","BIO","22","0","17","2","3","","Porterfield, Jean C.","{'fsnum': '14015', 'name': 'Porterfield, Jean C.'}","200","22","","","","","Intermediate Genetics","233","{'day': 'Th', 'end': '16:20', 'location': 'SC 263', 'start': '13:20'};{'day': 'Tu', 'end': '11:00', 'location': 'SC 280', 'start': '09:35'};{'day': 'Th', 'end': '11:00', 'location': 'SC 280', 'start': '09:35'}","False","C","1","C","20011","Research","2001"
"0000001918","1.0","0000000122","BIO","18","1","3","14","0","","Porterfield, Jean C.","{'fsnum': '14015', 'name': 'Porterfield, Jean C.'}","200","22","","","","","Intermediate Genetics","233","{'day': 'Fr', 'end': '17:00', 'location': 'SC 263', 'start': '14:00'};{'day': 'Tu', 'end': '11:00', 'location': 'SC 280', 'start': '09:35'};{'day': 'Th', 'end': '11:00', 'location': 'SC 280', 'start': '09:35'}","False","D","1","C","20011","Research","2001"
"0000001919","1.0","0000000126","BIO","28","0","11","4","13","","Van Wylen, David","{'fsnum': '8768', 'name': 'Van Wylen, David'}","200","22","","","","","Human Anatomy & Physiol","243","{'day': 'Mo', 'end': '15:55', 'location': 'SC 253', 'start': '12:55'};{'day': 'Mo', 'end': '08:55', 'location': 'SC 280', 'start': '08:00'};{'day': 'We', 'end': '08:55', 'location': 'SC 280', 'start': '08:00'};{'day': 'Fr', 'end': '08:55', 'location': 'SC 280', 'start': '08:00'}","False","A","1","C","20011","Research","2001"
"0000001920","1.0","0000000126","BIO","25","0","10","5","10","","Van Wylen, David","{'fsnum': '8768', 'name': 'Van Wylen, David'}","200","22","","","","","Human Anatomy & Physiol","243","{'day': 'Mo', 'end': '08:55', 'location': 'SC 280', 'start': '08:00'};{'day': 'We', 'end': '08:55', 'location': 'SC 280', 'start': '08:00'};{'day': 'Fr', 'end': '08:55', 'location': 'SC 280', 'start': '08:00'};{'day': 'Tu', 'end': '11:00', 'location': 'SC 253', 'start': '08:00'}","False","B","1","C","20011","Research","2001"
"0000001921","1.0","0000000126","BIO","27","0","10","7","10","","Van Wylen, David","{'fsnum': '8768', 'name': 'Van Wylen, David'}","200","22","","","","","Human Anatomy & Physiol","243","{'day': 'Mo', 'end': '08:55', 'location': 'SC 280', 'start': '08:00'};{'day': 'We', 'end': '08:55', 'location': 'SC 280', 'start': '08:00'};{'day': 'Fr', 'end': '08:55', 'location': 'SC 280', 'start': '08:00'};{'day': 'Tu', 'end': '16:20', 'location': 'SC 253', 'start': '13:20'}","False","C","1","C","20011","Research","2001"
"0000001922","1.0","0000000128","BIO","16","0","5","6","5","","Larson, Kjersten","{'fsnum': '14192', 'name': 'Larson, Kjersten'}","200","12","","","","","Animal Physiology","247","{'day': 'Tu', 'end': '16:20', 'location': 'SC 269', 'start': '13:20'};{'day': 'Tu', 'end': '09:25', 'location': 'SC 278', 'start': '08:00'};{'day': 'Th', 'end': '09:25', 'location': 'SC 278', 'start': '08:00'}","False","A","1","C","20011","Research","2001"
"0000001923","1.0","0000000128","BIO","9","0","2","0","7","","Larson, Kjersten","{'fsnum': '14192', 'name': 'Larson, Kjersten'}","200","12","","","","","Animal Physiology","247","{'day': 'Tu', 'end': '09:25', 'location': 'SC 278', 'start': '08:00'};{'day': 'Th', 'end': '09:25', 'location': 'SC 278', 'start': '08:00'};{'day': 'We', 'end': '15:55', 'location': 'SC 269', 'start': '12:55'}","False","B","1","C","20011","Research","2001"
"0000001924","1.0","0000000128","BIO","12","0","4","0","8","","Larson, Kjersten","{'fsnum': '14192', 'name': 'Larson, Kjersten'}","200","12","","","","","Animal Physiology","247","{'day': 'Th', 'end': '16:20', 'location': 'SC 269', 'start': '13:20'};{'day': 'Tu', 'end': '09:25', 'location': 'SC 278', 'start': '08:00'};{'day': 'Th', 'end': '09:25', 'location': 'SC 278', 'start': '08:00'}","False","C","1","C","20011","Research","2001"
"0000001925","1.0","0000000130","BIO","8","0","1","3","4","","Henry, Mary C.","{'fsnum': '13155', 'name': 'Henry, Mary C.'}","200","16","","","","","Invertebrate Zoology","248","{'day': 'Tu', 'end': '11:00', 'location': 'SC 274', 'start': '09:35'};{'day': 'Th', 'end': '11:00', 'location': 'SC 274', 'start': '09:35'};{'day': 'We', 'end': '15:55', 'location': 'SC 211', 'start': '12:55'}","False","A","1","O","20011","Research","2001"
"0000001926","1.0","0000000130","BIO","8","0","1","4","3","","Henry, Mary C.","{'fsnum': '13155', 'name': 'Henry, Mary C.'}","200","16","","","","","Invertebrate Zoology","248","{'day': 'Th', 'end': '17:00', 'location': 'SC 211', 'start': '14:00'};{'day': 'Tu', 'end': '11:00', 'location': 'SC 274', 'start': '09:35'};{'day': 'Th', 'end': '11:00', 'location': 'SC 274', 'start': '09:35'}","False","B","1","O","20011","Research","2001"
"0000001927","1.0","0000000136","BIO","7","0","3","2","2","WRI","Umbanhowar, Charles Jr.","{'fsnum': '8616', 'name': 'Umbanhowar, Charles Jr.'}","200","12","","","","","Plant Morphology","252","{'day': 'Tu', 'end': '16:20', 'location': 'SC 227', 'start': '13:20'};{'day': 'Tu', 'end': '09:25', 'location': 'SC 274', 'start': '08:00'};{'day': 'Th', 'end': '09:25', 'location': 'SC 274', 'start': '08:00'}","False","A","1","O","20011","Research","2001"
"0000001928","1.0","0000000136","BIO","2","0","1","0","1","WRI","Umbanhowar, Charles Jr.","{'fsnum': '8616', 'name': 'Umbanhowar, Charles Jr.'}","200","12","","","","","Plant Morphology","252","{'day': 'Tu', 'end': '09:25', 'location': 'SC 274', 'start': '08:00'};{'day': 'Th', 'end': '09:25', 'location': 'SC 274', 'start': '08:00'};{'day': 'We', 'end': '15:55', 'location': 'SC 227', 'start': '12:55'}","False","B","1","O","20011","Research","2001"
"0000001929","1.0","0000000139","BIO","16","0","6","4","6","","Kermott, Louis Henry","{'fsnum': '4284', 'name': 'Kermott, Louis Henry'}","200","18","","","","","Ecological Principles","261","{'day': 'Mo', 'end': '15:55', 'location': 'SC 248', 'start': '12:55'};{'day': 'Mo', 'end': '08:55', 'location': 'H 307', 'start': '08:00'};{'day': 'We', 'end': '08:55', 'location': 'H 307', 'start': '08:00'};{'day': 'Fr', 'end': '08:55', 'location': 'H 307', 'start': '08:00'}","False","A","1","O","20011","Research","2001"
"0000001930","1.0","0000000139","BIO","15","1","4","5","5","","Kermott, Louis Henry","{'fsnum': '4284', 'name': 'Kermott, Louis Henry'}","200","18","","","","","Ecological Principles","261","{'day': 'Mo', 'end': '08:55', 'location': 'H 307', 'start': '08:00'};{'day': 'We', 'end': '08:55', 'location': 'H 307', 'start': '08:00'};{'day': 'Fr', 'end': '08:55', 'location': 'H 307', 'start': '08:00'};{'day': 'We', 'end': '15:55', 'location': 'SC 248', 'start': '12:55'}","False","B","1","O","20011","Research","2001"
"0000001931","1.0","0000000139","BIO","22","0","8","7","7","","Kermott, Louis Henry","{'fsnum': '4284', 'name': 'Kermott, Louis Henry'}","200","18","","","","","Ecological Principles","261","{'day': 'Mo', 'end': '08:55', 'location': 'H 307', 'start': '08:00'};{'day': 'We', 'end': '08:55', 'location': 'H 307', 'start': '08:00'};{'day': 'Fr', 'end': '08:55', 'location': 'H 307', 'start': '08:00'};{'day': 'Th', 'end': '11:00', 'location': 'SC 248', 'start': '08:00'}","False","C","1","C","20011","Research","2001"
"0000001932","1.0","0000000144","BIO","8","0","3","0","5","","Staff","{'fsnum': '', 'name': 'Staff'}","200","8","","","","","IS in India","271","","False","","1","O","20011","Research","2001"
"0000001933","1.0","0000000145","BIO","10","0","4","0","6","","Staff","{'fsnum': '', 'name': 'Staff'}","200","10","","","","","IS in India","272","","False","","1","O","20011","Research","2001"
"0000001934","1.0","0000000154","BIO","8","0","0","1","7","","Van Wylen, David","{'fsnum': '8768', 'name': 'Van Wylen, David'}","200","","","","","","IS/Human Gross Anatom","298","","False","","1","O","20011","Research","2001"
"0000001935","1.0","0000000156","BIO","2","0","1","0","1","","Staff","{'fsnum': '', 'name': 'Staff'}","300","2","","","","","IR in India","321","","False","","1","O","20011","Research","2001"
"0000001936","1.0","0000000158","BIO","3","0","0","0","3","WRI","Hellyer, Nathan","{'fsnum': '14177', 'name': 'Hellyer, Nathan'}","300","15","","","","","Cell Physiology","341","{'day': 'Mo', 'end': '10:00', 'location': 'SC 274', 'start': '09:05'};{'day': 'We', 'end': '10:00', 'location': 'SC 274', 'start': '09:05'};{'day': 'Fr', 'end': '10:00', 'location': 'SC 274', 'start': '09:05'};{'day': 'Tu', 'end': '11:00', 'location': 'SC 229', 'start': '08:00'}","False","A","1","O","20011","Research","2001"
"0000001937","1.0","0000000158","BIO","5","0","1","0","4","WRI","Hellyer, Nathan","{'fsnum': '14177', 'name': 'Hellyer, Nathan'}","300","15","","","","","Cell Physiology","341","{'day': 'Mo', 'end': '10:00', 'location': 'SC 274', 'start': '09:05'};{'day': 'We', 'end': '10:00', 'location': 'SC 274', 'start': '09:05'};{'day': 'Fr', 'end': '10:00', 'location': 'SC 274', 'start': '09:05'};{'day': 'Tu', 'end': '16:20', 'location': 'SC 229', 'start': '13:20'}","False","B","1","O","20011","Research","2001"
"0000001938","1.0","0000000161","BIO","13","0","0","0","13","ORC;WRI","Angell, Diane K.","{'fsnum': '256', 'name': 'Angell, Diane K.'}","300","12","","","","","Field Ecology","371","{'day': 'Tu', 'end': '17:30', 'location': 'SC 248', 'start': '14:30'};{'day': 'Th', 'end': '15:30', 'location': 'SC 210', 'start': '14:30'};{'day': 'Tu', 'end': '14:20', 'location': 'SC 110', 'start': '13:20'};{'day': 'Th', 'end': '14:20', 'location': 'SC 110', 'start': '13:20'}","False","","1","C","20011","Research","2001"
"0000001939","1.0","0000000166","BIO","17","0","0","0","17","WRI","Johnson, Theodore","{'fsnum': '4110', 'name': 'Johnson, Theodore'}","300","12","","","","","Immunology","382","{'day': 'Mo', 'end': '11:40', 'location': 'SC 274', 'start': '10:45'};{'day': 'We', 'end': '11:40', 'location': 'SC 274', 'start': '10:45'};{'day': 'Fr', 'end': '11:40', 'location': 'SC 274', 'start': '10:45'};{'day': 'Tu', 'end': '14:45', 'location': 'SC 210', 'start': '13:20'}","False","A","1","C","20011","Research","2001"
"0000001940","1.0","0000000166","BIO","17","0","0","0","17","WRI","Johnson, Theodore","{'fsnum': '4110', 'name': 'Johnson, Theodore'}","300","12","","","","","Immunology","382","{'day': 'Mo', 'end': '11:40', 'location': 'SC 274', 'start': '10:45'};{'day': 'We', 'end': '11:40', 'location': 'SC 274', 'start': '10:45'};{'day': 'Fr', 'end': '11:40', 'location': 'SC 274', 'start': '10:45'};{'day': 'We', 'end': '15:25', 'location': 'SC 210', 'start': '14:00'}","False","B","1","C","20011","Research","2001"
"0000001941","1.0","0000000175","BIO","1","0","0","0","1","","Kermott, Louis Henry","{'fsnum': '4284', 'name': 'Kermott, Louis Henry'}","300","","","","","","IR/House Wren Study","398","","False","","1","O","20011","Research","2001"
"0000001942","1.0","0000000175","BIO","2","0","0","0","2","","Kermott, Louis Henry","{'fsnum': '4284', 'name': 'Kermott, Louis Henry'}","300","","","","","","IR/Animal Behav Resea","398","","False","A","1","O","20011","Research","2001"
"0000001943","1.0","0000000175","BIO","2","0","0","0","2","","Cole, Eric","{'fsnum': '1206', 'name': 'Cole, Eric'}","300","","","","","","IR/Cytogenetics","398","","False","B","1","O","20011","Research","2001"
"0000001944","1.0","0000000175","BIO","1","0","1","0","0","","Umbanhowar, Charles Jr.","{'fsnum': '8616', 'name': 'Umbanhowar, Charles Jr.'}","300","","","","","","IR/Charcoal Analysis","398","","False","C","1","O","20011","Research","2001"
"0000001945","1.0","0000000175","BIO","1","0","1","0","0","","Olfelt, Joel","{'fsnum': '5838', 'name': 'Olfelt, Joel'}","300","","","","","","IR/Dnr Reveg Research","398","","False","D","1","O","20011","Research","2001"
"0000001946","1.0","0000000175","BIO","1","0","1","0","0","","Olfelt, Joel","{'fsnum': '5838', 'name': 'Olfelt, Joel'}","300","","","","","","IR/Pop Con Research","398","","False","E","1","O","20011","Research","2001"
"0000001947","1.0","0000000175","BIO","1","0","0","0","1","WRI","Kandl, Kim A.","{'fsnum': '13100', 'name': 'Kandl, Kim A.'}","300","","","","","","IR/Actin & Translatio","398","","False","F","1","O","20011","Research","2001"
"0000001948","1.0","0000000175","BIO","1","0","0","0","1","WRI","Cole, Eric","{'fsnum': '1206', 'name': 'Cole, Eric'}","300","","","","","","IR/Protein Enrichment","398","","False","G","1","O","20011","Research","2001"
"0000001949","1.0","0000000175","BIO","1","0","0","0","1","","Kermott, Louis Henry","{'fsnum': '4284', 'name': 'Kermott, Louis Henry'}","300","","","","","","IR/Large Animal Resea","398","","False","H","1","O","20011","Research","2001"
"0000001950","1.0","0000000175","BIO","1","0","0","0","1","WRI","Kermott, Louis Henry","{'fsnum': '4284', 'name': 'Kermott, Louis Henry'}","300","","","","","","IR/Wren Research","398","","False","I","1","O","20011","Research","2001"
"0000001955","1.0","0000000187","CHEM","55","35","1","13","6","NSC;NSL","Jackson, Paul T.","{'fsnum': '3644', 'name': 'Jackson, Paul T.'}","100","78","","","","","General Chemistry","121","{'day': 'Mo', 'end': '11:40', 'location': 'SC 282', 'start': '10:45'};{'day': 'We', 'end': '11:40', 'location': 'SC 282', 'start': '10:45'};{'day': 'Fr', 'end': '11:40', 'location': 'SC 282', 'start': '10:45'}","False","A","1","O","20011","Research","2001"
"0000001956","","0000000188","CHEM","0","0","0","0","0","","Jackson, Paul T.","{'fsnum': '3644', 'name': 'Jackson, Paul T.'}","100","26","","","","","Gen Chemistry/Lab","121","{'day': 'We', 'end': '17:00', 'location': 'SC 371', 'start': '14:00'}","False","A","1","O","20011","Lab","2001"
"0000001957","","0000000188","CHEM","0","0","0","0","0","","Jackson, Paul T.","{'fsnum': '3644', 'name': 'Jackson, Paul T.'}","100","26","","","","","Gen Chemistry/Lab","121","{'day': 'Th', 'end': '14:45', 'location': 'SC 371', 'start': '23:45'}","False","C","1","O","20011","Lab","2001"
"0000001958","","0000000188","CHEM","0","0","0","0","0","","Jackson, Paul T.","{'fsnum': '3644', 'name': 'Jackson, Paul T.'}","100","26","","","","","Gen Chemistry/Lab","121","{'day': 'Th', 'end': '18:00', 'location': 'SC 371', 'start': '15:00'}","False","D","1","O","20011","Lab","2001"
"0000001959","1.0","0000000192","CHEM","46","38","1","4","3","NSC;NSL","Riley, Patrick N.","{'fsnum': '14194', 'name': 'Riley, Patrick N.'}","100","","","","","","Struct Chem & Equilib","125","{'day': 'Mo', 'end': '08:55', 'location': 'SC 378', 'start': '08:00'};{'day': 'We', 'end': '08:55', 'location': 'SC 378', 'start': '08:00'};{'day': 'Fr', 'end': '08:55', 'location': 'SC 378', 'start': '08:00'}","False","A","1","C","20011","Research","2001"
"0000001960","1.0","0000000192","CHEM","49","29","4","11","5","NSC;NSL","Miessler, Gary","{'fsnum': '5287', 'name': 'Miessler, Gary'}","100","50","","","","","Struct Chem & Equilib","125","{'day': 'Mo', 'end': '10:00', 'location': 'SC 378', 'start': '09:05'};{'day': 'We', 'end': '10:00', 'location': 'SC 378', 'start': '09:05'};{'day': 'Fr', 'end': '10:00', 'location': 'SC 378', 'start': '09:05'}","False","B","1","O","20011","Research","2001"
"0000001962","1.0","0000000192","CHEM","46","28","3","13","2","NSC;NSL","Miessler, Gary","{'fsnum': '5287', 'name': 'Miessler, Gary'}","100","50","","","","","Struct Chem & Equilib","125","{'day': 'Mo', 'end': '11:40', 'location': 'SC 378', 'start': '10:45'};{'day': 'We', 'end': '11:40', 'location': 'SC 378', 'start': '10:45'};{'day': 'Fr', 'end': '11:40', 'location': 'SC 378', 'start': '10:45'}","False","C","1","O","20011","Research","2001"
"0000001964","1.0","0000000192","CHEM","30","13","2","13","2","NSC;NSL","Pearson, Wesley","{'fsnum': '6161', 'name': 'Pearson, Wesley'}","100","35","","","","","Struct Chem & Equilib","125","{'day': 'Mo', 'end': '12:45', 'location': 'SC 378', 'start': '23:50'};{'day': 'We', 'end': '12:45', 'location': 'SC 378', 'start': '23:50'};{'day': 'Fr', 'end': '12:45', 'location': 'SC 378', 'start': '23:50'}","False","D","1","C","20011","Research","2001"
"0000001961","","0000000193","CHEM","0","0","0","0","0","","Pearson, Wesley","{'fsnum': '6161', 'name': 'Pearson, Wesley'}","100","26","","","","","Struct Chem/Lab","125","{'day': 'Tu', 'end': '11:00', 'location': 'SC 374/363', 'start': '08:00'}","False","B","1","C","20011","Lab","2001"
"0000001963","","0000000193","CHEM","0","0","0","0","0","","Riley, Patrick N.","{'fsnum': '14194', 'name': 'Riley, Patrick N.'}","100","26","","","","","Struct Chem/Lab","125","{'day': 'Tu', 'end': '14:45', 'location': 'SC 374/363', 'start': '23:45'}","False","C","1","C","20011","Lab","2001"
"0000001965","","0000000193","CHEM","0","0","0","0","0","","Riley, Patrick N.","{'fsnum': '14194', 'name': 'Riley, Patrick N.'}","100","26","","","","","Struct Chem/Lab","125","{'day': 'Tu', 'end': '18:00', 'location': 'SC 374/363', 'start': '15:00'}","False","D","1","C","20011","Lab","2001"
"0000001966","","0000000193","CHEM","0","0","0","0","0","","Miessler, Gary","{'fsnum': '5287', 'name': 'Miessler, Gary'}","100","26","","","","","Struct Chem/Lab","125","{'day': 'We', 'end': '17:00', 'location': 'SC 374/363', 'start': '14:00'}","False","E","1","O","20011","Lab","2001"
"0000001967","","0000000193","CHEM","0","0","0","0","0","","Pearson, Wesley","{'fsnum': '6161', 'name': 'Pearson, Wesley'}","100","26","","","","","Struct Chem/Lab","125","{'day': 'Th', 'end': '11:00', 'location': 'SC 374/363', 'start': '08:00'}","False","F","1","O","20011","Lab","2001"
"0000001968","","0000000193","CHEM","0","0","0","0","0","","Miessler, Gary","{'fsnum': '5287', 'name': 'Miessler, Gary'}","100","26","","","","","Struct Chem/Lab","125","{'day': 'Th', 'end': '14:45', 'location': 'SC 374/363', 'start': '23:45'}","False","G","1","C","20011","Lab","2001"
"0000001969","","0000000193","CHEM","0","0","0","0","0","","Walczak, Mary","{'fsnum': '8868', 'name': 'Walczak, Mary'}","100","26","","","","","Struct Chem/Lab","125","{'day': 'Th', 'end': '18:00', 'location': 'SC 374/363', 'start': '15:00'}","False","H","1","O","20011","Lab","2001"
"0000001970","1.0","0000000196","CHEM","39","0","5","31","3","","Spessard, Gary O.","{'fsnum': '7851', 'name': 'Spessard, Gary O.'}","200","","","","","","Organic Chemistry","247","{'day': 'Mo', 'end': '08:55', 'location': 'SC 282', 'start': '08:00'};{'day': 'We', 'end': '08:55', 'location': 'SC 282', 'start': '08:00'};{'day': 'Fr', 'end': '08:55', 'location': 'SC 282', 'start': '08:00'}","False","A","1","O","20011","Research","2001"
"0000001971","1.0","0000000196","CHEM","54","0","12","36","6","","Hanson, Robert","{'fsnum': '3090', 'name': 'Hanson, Robert'}","200","50","","","","","Organic Chemistry","247","{'day': 'Mo', 'end': '10:00', 'location': 'SC 282', 'start': '09:05'};{'day': 'We', 'end': '10:00', 'location': 'SC 282', 'start': '09:05'};{'day': 'Fr', 'end': '10:00', 'location': 'SC 282', 'start': '09:05'}","False","B","1","C","20011","Research","2001"
"0000001972","0.25","0000000199","CHEM","16","0","4","10","2","","Spessard, Gary O.","{'fsnum': '7851', 'name': 'Spessard, Gary O.'}","200","10","","","","","Synthesis Lab","253","{'day': 'Mo', 'end': '17:00', 'location': 'SC 378/311', 'start': '14:00'}","True","A","1","C","20011","Lab","2001"
"0000001973","0.25","0000000199","CHEM","15","0","1","10","4","","Spessard, Gary O.","{'fsnum': '7851', 'name': 'Spessard, Gary O.'}","200","10","","","","","Synthesis Lab","253","{'day': 'Tu', 'end': '11:00', 'location': 'SC 378/311', 'start': '08:00'}","True","B","1","C","20011","Lab","2001"
"0000001974","0.25","0000000199","CHEM","20","0","6","14","0","","Spessard, Gary O.","{'fsnum': '7851', 'name': 'Spessard, Gary O.'}","200","10","","","","","Synthesis Lab","253","{'day': 'Tu', 'end': '16:20', 'location': 'SC 378/311', 'start': '13:20'}","True","C","1","C","20011","Lab","2001"
"0000001975","0.25","0000000199","CHEM","14","0","2","12","0","","Hanson, Robert","{'fsnum': '3090', 'name': 'Hanson, Robert'}","200","10","","","","","Synthesis Lab","253","{'day': 'We', 'end': '17:00', 'location': 'SC 378/311', 'start': '14:00'}","True","D","1","C","20011","Lab","2001"
"0000001976","0.25","0000000199","CHEM","10","0","1","7","2","","Hanson, Robert","{'fsnum': '3090', 'name': 'Hanson, Robert'}","200","10","","","","","Synthesis Lab","253","{'day': 'Th', 'end': '11:00', 'location': 'SC 378/311', 'start': '08:00'}","True","E","1","C","20011","Lab","2001"
"0000001977","0.25","0000000199","CHEM","20","0","4","15","1","","Hanson, Robert","{'fsnum': '3090', 'name': 'Hanson, Robert'}","200","10","","","","","Synthesis Lab","253","{'day': 'Th', 'end': '14:45', 'location': 'SC 378/311', 'start': '23:45'}","True","F","1","C","20011","Lab","2001"
"0000001978","1.0","0000000201","CHEM","14","0","5","1","8","","Walczak, Mary","{'fsnum': '8868', 'name': 'Walczak, Mary'}","200","32","","","","","Analytical Chem","255","{'day': 'Tu', 'end': '11:00', 'location': 'SC 374', 'start': '09:35'};{'day': 'Th', 'end': '11:00', 'location': 'SC 374', 'start': '09:35'}","False","","1","C","20011","Research","2001"
"0000001979","0.25","0000000202","CHEM","14","0","5","1","8","","Walczak, Mary","{'fsnum': '8868', 'name': 'Walczak, Mary'}","200","12","","","","","Analytical Lab","256","{'day': 'We', 'end': '17:00', 'location': 'SC 321', 'start': '12:55'}","True","B","1","C","20011","Lab","2001"
"0000001980","0.25","0000000206","CHEM","13","0","6","0","7","","Green, Susan","{'fsnum': '2722', 'name': 'Green, Susan'}","300","","","","","","Physical Lab","357","{'day': 'Tu', 'end': '17:20', 'location': 'SC 329', 'start': '13:20'}","True","A","1","C","20011","Lab","2001"
"0000001981","0.25","0000000206","CHEM","13","0","6","1","6","","Green, Susan","{'fsnum': '2722', 'name': 'Green, Susan'}","300","","","","","","Physical Lab","357","{'day': 'We', 'end': '17:00', 'location': 'SC 329', 'start': '12:55'}","True","B","1","C","20011","Lab","2001"
"0000001982","1.0","0000000207","CHEM","26","0","13","1","12","","Green, Susan","{'fsnum': '2722', 'name': 'Green, Susan'}","300","","","","","","Physical Chemistry","371","{'day': 'Mo', 'end': '08:55', 'location': 'SC 374', 'start': '08:00'};{'day': 'We', 'end': '08:55', 'location': 'SC 374', 'start': '08:00'};{'day': 'Fr', 'end': '08:55', 'location': 'SC 374', 'start': '08:00'}","False","","1","O","20011","Research","2001"
"0000001983","0.25","0000000209","CHEM","7","0","4","0","3","","Detwiler, Tom","{'fsnum': '14134', 'name': 'Detwiler, Tom'}","300","12","","","","","Experimental Biochem","373","{'day': 'Tu', 'end': '17:30', 'location': 'SC 344', 'start': '13:30'}","True","A","1","O","20011","Lab","2001"
"0000001984","0.25","0000000211","CHEM","3","0","0","0","3","","Finholt, Jim","{'fsnum': '14260', 'name': 'Finholt, Jim'}","300","","","","","","Advanced Lab","375","","True","","1","O","20011","Lab","2001"
"0000001985","0.25","0000000213","CHEM","4","0","0","0","4","","Walters, John","{'fsnum': '8885', 'name': 'Walters, John'}","300","4","","","","","Instrum Analysis Lab","378","{'day': 'Mo', 'end': '16:00', 'location': 'SC 310', 'start': '15:05'};{'day': 'Tu', 'end': '17:20', 'location': 'SC 321/326', 'start': '13:20'}","True","A","1","C","20011","Lab","2001"
"0000001986","0.25","0000000213","CHEM","4","0","0","0","4","","Walters, John","{'fsnum': '8885', 'name': 'Walters, John'}","300","4","","","","","Instrum Analysis Lab","378","{'day': 'Mo', 'end': '16:00', 'location': 'SC 310', 'start': '15:05'};{'day': 'We', 'end': '17:00', 'location': 'SC 321/326', 'start': '12:55'}","True","B","1","C","20011","Lab","2001"
"0000001987","0.25","0000000213","CHEM","4","0","0","0","4","","Walters, John","{'fsnum': '8885', 'name': 'Walters, John'}","300","4","","","","","Instrum Analysis Lab","378","{'day': 'Mo', 'end': '16:00', 'location': 'SC 310', 'start': '15:05'};{'day': 'Th', 'end': '17:20', 'location': 'SC 321/326', 'start': '13:20'}","True","C","1","C","20011","Lab","2001"
"0000001988","1.0","0000000214","CHEM","52","0","22","1","29","","Detwiler, Tom","{'fsnum': '14134', 'name': 'Detwiler, Tom'}","300","","","","","","Biochemistry I","379","{'day': 'Mo', 'end': '12:45', 'location': 'SC 280', 'start': '23:50'};{'day': 'We', 'end': '12:45', 'location': 'SC 280', 'start': '23:50'};{'day': 'Fr', 'end': '12:45', 'location': 'SC 280', 'start': '23:50'}","False","","1","O","20011","Research","2001"
"0000001989","1.0","0000000217","CHEM","12","0","0","0","12","","Walters, John","{'fsnum': '8885', 'name': 'Walters, John'}","300","12","","","","","Instrumental Analysis","382","{'day': 'Mo', 'end': '11:40', 'location': 'SC 310', 'start': '10:45'};{'day': 'We', 'end': '11:40', 'location': 'SC 310', 'start': '10:45'};{'day': 'Fr', 'end': '11:40', 'location': 'SC 310', 'start': '10:45'}","False","","1","C","20011","Research","2001"
"0000001990","1.0","0000000223","CHEM","1","0","0","0","1","","Dahlseid, Jeffrey","{'fsnum': '1390', 'name': 'Dahlseid, Jeffrey'}","300","","","","","","IR/Rna Decay in Yeast","398","","False","","1","O","20011","Research","2001"
"0000001992","1.0","0000000237","CHIN","12","8","1","2","1","","Bodman, Richard","{'fsnum': '656', 'name': 'Bodman, Richard'}","100","15","","","","","Beginning Chinese I","111","{'day': 'Mo', 'end': '10:00', 'location': 'M 1', 'start': '09:05'};{'day': 'We', 'end': '10:00', 'location': 'M 1', 'start': '09:05'};{'day': 'Fr', 'end': '10:00', 'location': 'M 1', 'start': '09:05'};{'day': 'Tu', 'end': '09:25', 'location': 'M 2', 'start': '08:00'}","False","A","1","O","20011","Research","2001"
"0000001993","1.0","0000000237","CHIN","5","5","0","0","0","","Bodman, Richard","{'fsnum': '656', 'name': 'Bodman, Richard'}","100","15","","","","","Beginning Chinese I","111","{'day': 'Mo', 'end': '12:45', 'location': 'M 1', 'start': '23:50'};{'day': 'We', 'end': '12:45', 'location': 'M 1', 'start': '23:50'};{'day': 'Fr', 'end': '12:45', 'location': 'M 1', 'start': '23:50'};{'day': 'Tu', 'end': '11:00', 'location': 'M 1', 'start': '09:35'}","False","B","1","O","20011","Research","2001"
"0000001994","1.0","0000000237","CHIN","7","1","1","2","3","","Bodman, Richard","{'fsnum': '656', 'name': 'Bodman, Richard'}","100","15","","","","","Beginning Chinese I","111","{'day': 'Mo', 'end': '10:00', 'location': 'M 1', 'start': '09:05'};{'day': 'We', 'end': '10:00', 'location': 'M 1', 'start': '09:05'};{'day': 'Fr', 'end': '10:00', 'location': 'M 1', 'start': '09:05'};{'day': 'Tu', 'end': '11:00', 'location': 'M 1', 'start': '09:35'}","False","C","1","O","20011","Research","2001"
"0000001995","1.0","0000000237","CHIN","3","2","0","0","1","","Bodman, Richard","{'fsnum': '656', 'name': 'Bodman, Richard'}","100","15","","","","","Beginning Chinese I","111","{'day': 'Mo', 'end': '12:45', 'location': 'M 1', 'start': '23:50'};{'day': 'We', 'end': '12:45', 'location': 'M 1', 'start': '23:50'};{'day': 'Fr', 'end': '12:45', 'location': 'M 1', 'start': '23:50'};{'day': 'Tu', 'end': '09:25', 'location': 'M 2', 'start': '08:00'}","False","D","1","O","20011","Research","2001"
"0000001996","1.0","0000000241","CHIN","6","0","0","6","0","FOL-C","Shi, Anbin","{'fsnum': '14140', 'name': 'Shi, Anbin'}","200","30","","","","","Intermed Chinese I","231","{'day': 'Mo', 'end': '11:40', 'location': 'M 3', 'start': '10:45'};{'day': 'We', 'end': '11:40', 'location': 'M 3', 'start': '10:45'};{'day': 'Fr', 'end': '11:40', 'location': 'M 3', 'start': '10:45'};{'day': 'Tu', 'end': '11:00', 'location': 'M 11', 'start': '10:05'};{'day': 'Th', 'end': '11:00', 'location': 'M 11', 'start': '10:05'}","False","A","1","O","20011","Research","2001"
"0000001997","1.0","0000000241","CHIN","10","0","0","10","0","FOL-C","Shi, Anbin","{'fsnum': '14140', 'name': 'Shi, Anbin'}","200","30","","","","","Intermed Chinese I","231","{'day': 'Mo', 'end': '12:45', 'location': 'M 3', 'start': '23:50'};{'day': 'We', 'end': '12:45', 'location': 'M 3', 'start': '23:50'};{'day': 'Fr', 'end': '12:45', 'location': 'M 3', 'start': '23:50'};{'day': 'Tu', 'end': '11:00', 'location': 'M 11', 'start': '10:05'};{'day': 'Th', 'end': '11:00', 'location': 'M 11', 'start': '10:05'}","False","B","1","O","20011","Research","2001"
"0000001998","1.0","0000000245","CHIN","1","0","1","0","0","FOL-C","Shi, Anbin","{'fsnum': '14140', 'name': 'Shi, Anbin'}","200","30","","","","","Modern Chinese","251","{'day': 'Mo', 'end': '14:55', 'location': 'M 36', 'start': '14:00'};{'day': 'We', 'end': '14:55', 'location': 'M 36', 'start': '14:00'};{'day': 'Fr', 'end': '14:55', 'location': 'M 36', 'start': '14:00'}","False","","1","O","20011","Research","2001"
"0000001999","1.0","0000000249","CHIN","1","0","0","0","1","","Bodman, Richard","{'fsnum': '656', 'name': 'Bodman, Richard'}","200","","","","","","IS/Classical Chinese","298","","False","","1","O","20011","Research","2001"
"0000001991","1.0","0000000229","CLASS","28","2","4","12","10","ALS-L","Compton-Engle, Gwendolyn","{'fsnum': '1216', 'name': 'Compton-Engle, Gwendolyn'}","200","25","","","","","Greek & Roman Myth-Tr","241","{'day': 'Tu', 'end': '13:10', 'location': 'M 11', 'start': '23:45'};{'day': 'Th', 'end': '13:10', 'location': 'M 11', 'start': '23:45'}","False","","1","C","20011","Research","2001"
"0000002021","1.0","0000001612","CSCI","8","4","3","1","0","","McKelvey, Steven","{'fsnum': '5214', 'name': 'McKelvey, Steven'}","100","","","","","","Principles Comp Sci","172","{'day': 'Mo', 'end': '08:55', 'location': 'SC 186', 'start': '08:00'};{'day': 'We', 'end': '08:55', 'location': 'SC 186', 'start': '08:00'};{'day': 'Fr', 'end': '08:55', 'location': 'SC 186', 'start': '08:00'}","False","A","1","O","20011","Research","2001"
"0000002022","1.0","0000001612","CSCI","13","3","4","3","3","","Brown, Richard","{'fsnum': '806', 'name': 'Brown, Richard'}","100","","","","","","Principles Comp Sci","172","{'day': 'Mo', 'end': '14:55', 'location': 'SC 184', 'start': '14:00'};{'day': 'We', 'end': '14:55', 'location': 'SC 184', 'start': '14:00'};{'day': 'Fr', 'end': '14:55', 'location': 'SC 184', 'start': '14:00'}","False","B","1","O","20011","Research","2001"
"0000002023","1.0","0000001617","CSCI","15","0","5","9","1","","Brown, Richard","{'fsnum': '806', 'name': 'Brown, Richard'}","200","","","","","","Computer Organization","274","{'day': 'Tu', 'end': '11:00', 'location': 'SC 186', 'start': '09:35'};{'day': 'Th', 'end': '11:00', 'location': 'SC 186', 'start': '09:35'}","False","","1","O","20011","Research","2001"
"0000002024","1.0","0000001614","CSCI","11","0","4","1","6","","Richey, Matthew","{'fsnum': '6658', 'name': 'Richey, Matthew'}","300","","","","","","Data Structures","372","{'day': 'Mo', 'end': '12:45', 'location': 'SC 186', 'start': '23:50'};{'day': 'We', 'end': '12:45', 'location': 'SC 186', 'start': '23:50'};{'day': 'Fr', 'end': '12:45', 'location': 'SC 186', 'start': '23:50'}","False","","1","O","20011","Research","2001"
"0000002025","1.0","0000000307","CSCI","1","0","1","0","0","","Brown, Richard","{'fsnum': '806', 'name': 'Brown, Richard'}","300","","","","","","IR/Sem Info Security","398","","False","","1","O","20011","Research","2001"
"0000002047","0.25","0000000347","DANCE","18","0","8","7","3","ALS-A;PHA","von Bibra, Anne","{'fsnum': '8817', 'name': 'von Bibra, Anne'}","100","18","","","","","Ballroom","106","{'day': 'Tu', 'end': '14:55', 'location': 'DANCE  ST 1', 'start': '14:00'};{'day': 'Th', 'end': '14:55', 'location': 'DANCE  ST 1', 'start': '14:00'}","True","A","1","C","20011","Research","2001"
"0000002046","0.5","0000001639","DNCTE","23","0","11","7","5","PHA","Saterstrom, Sheryl","{'fsnum': '7059', 'name': 'Saterstrom, Sheryl'}","100","15","","","","8","The Body Movable","101","{'day': 'Mo', 'end': '10:00', 'location': 'DANCE  ST 3', 'start': '09:05'};{'day': 'We', 'end': '10:00', 'location': 'DANCE  ST 3', 'start': '09:05'};{'day': 'Fr', 'end': '10:00', 'location': 'DANCE  ST 3', 'start': '09:05'}","False","","1","C","20011","Research","2001"
"0000002048","0.25","0000000347","DNCTE","20","0","7","7","6","ALS-A;PHA","von Bibra, Anne","{'fsnum': '8817', 'name': 'von Bibra, Anne'}","100","12","","","","","Ballroom I (Women)","106","{'day': 'Tu', 'end': '14:55', 'location': 'DANCE  ST 1', 'start': '14:00'};{'day': 'Th', 'end': '14:55', 'location': 'DANCE  ST 1', 'start': '14:00'}","True","B","1","C","20011","Research","2001"
"0000002049","0.25","0000000349","DNCTE","32","4","6","10","12","ALS-A;PHA","von Bibra, Anne","{'fsnum': '8817', 'name': 'von Bibra, Anne'}","100","20","","","","","Int'l Dance I","109","{'day': 'Tu', 'end': '12:45', 'location': 'DANCE  ST 1', 'start': '23:50'};{'day': 'Th', 'end': '12:45', 'location': 'DANCE  ST 1', 'start': '23:50'}","True","","1","C","20011","Research","2001"
"0000002050","0.25","0000000351","DNCTE","15","7","1","3","4","ALS-A;PHA","Thatcher, Barbara","{'fsnum': '14135', 'name': 'Thatcher, Barbara'}","100","19","","","","","Modern Dance I","111","{'day': 'Mo', 'end': '12:45', 'location': 'DANCE  ST 1', 'start': '23:50'};{'day': 'We', 'end': '12:45', 'location': 'DANCE  ST 1', 'start': '23:50'}","True","A","1","O","20011","Research","2001"
"0000002051","0.25","0000000351","DNCTE","19","3","6","6","4","ALS-A;PHA","Saterstrom, Sheryl","{'fsnum': '7059', 'name': 'Saterstrom, Sheryl'}","100","12","","","","","Modern Dance I","111","{'day': 'Mo', 'end': '13:50', 'location': 'DANCE  ST 3', 'start': '12:55'};{'day': 'We', 'end': '13:50', 'location': 'DANCE  ST 3', 'start': '12:55'}","True","B","1","C","20011","Research","2001"
"0000002052","0.25","0000000351","DNCTE","17","0","7","4","6","ALS-A;PHA","Saterstrom, Sheryl","{'fsnum': '7059', 'name': 'Saterstrom, Sheryl'}","100","12","","","","","Modern Dance I","111","{'day': 'Tu', 'end': '11:00', 'location': 'DANCE  ST 3', 'start': '10:05'};{'day': 'Th', 'end': '11:00', 'location': 'DANCE  ST 3', 'start': '10:05'}","True","C","1","C","20011","Research","2001"
"0000002053","0.25","0000000353","DNCTE","17","4","2","10","1","ALS-A;PHA","Bader, Jennifer","{'fsnum': '311', 'name': 'Bader, Jennifer'}","100","17","","","","","Ballet I","121","{'day': 'Tu', 'end': '13:50', 'location': 'DANCE  ST 2', 'start': '12:55'};{'day': 'Th', 'end': '13:50', 'location': 'DANCE  ST 2', 'start': '12:55'}","True","","1","C","20011","Research","2001"
"0000002054","0.5","0000000357","DNCTE","6","2","1","1","2","ALS-A;PHA","Thatcher, Barbara","{'fsnum': '14135', 'name': 'Thatcher, Barbara'}","200","4","","","","","Modern Dance II","210","{'day': 'Mo', 'end': '15:30', 'location': 'DANCE  ST 2', 'start': '14:00'};{'day': 'We', 'end': '15:30', 'location': 'DANCE  ST 2', 'start': '14:00'}","False","A","1","C","20011","Research","2001"
"0000002055","0.5","0000000357","DNCTE","3","3","0","0","0","ALS-A;PHA","Saterstrom, Sheryl","{'fsnum': '7059', 'name': 'Saterstrom, Sheryl'}","200","4","","","","","Modern Dance II","210","{'day': 'Tu', 'end': '13:10', 'location': 'DANCE  ST 3', 'start': '23:45'};{'day': 'Th', 'end': '13:10', 'location': 'DANCE  ST 3', 'start': '23:45'}","False","B","1","O","20011","Research","2001"
"0000002056","0.25","0000000358","DNCTE","13","2","4","6","1","ALS-A;PHA","Thatcher, Barbara","{'fsnum': '14135', 'name': 'Thatcher, Barbara'}","200","12","","","","","Modern Dance II","211","{'day': 'Mo', 'end': '15:30', 'location': 'DANCE  ST 2', 'start': '14:00'};{'day': 'We', 'end': '15:30', 'location': 'DANCE  ST 2', 'start': '14:00'}","False","A","1","C","20011","Research","2001"
"0000002057","0.25","0000000358","DNCTE","14","1","3","7","3","ALS-A;PHA","Saterstrom, Sheryl","{'fsnum': '7059', 'name': 'Saterstrom, Sheryl'}","200","12","","","","","Modern Dance II","211","{'day': 'Tu', 'end': '13:10', 'location': 'DANCE  ST 3', 'start': '23:45'};{'day': 'Th', 'end': '13:10', 'location': 'DANCE  ST 3', 'start': '23:45'}","False","B","1","C","20011","Research","2001"
"0000002058","0.5","0000000359","DNCTE","9","3","2","2","2","ALS-A;PHA","Klopchin, Heather J.","{'fsnum': '10044', 'name': 'Klopchin, Heather J.'}","200","4","","","","","Ballet II","220","{'day': 'Tu', 'end': '09:25', 'location': 'DANCE  ST 2', 'start': '08:00'};{'day': 'Th', 'end': '09:25', 'location': 'DANCE  ST 2', 'start': '08:00'}","False","","1","C","20011","Research","2001"
"0000002059","0.25","0000000360","DNCTE","20","3","0","13","4","ALS-A;PHA","Klopchin, Heather J.","{'fsnum': '10044', 'name': 'Klopchin, Heather J.'}","200","12","","","","","Ballet II","221","{'day': 'Tu', 'end': '09:25', 'location': 'DANCE  ST 2', 'start': '08:00'};{'day': 'Th', 'end': '09:25', 'location': 'DANCE  ST 2', 'start': '08:00'}","False","","1","C","20011","Research","2001"
"0000002060","0.5","0000000362","DNCTE","1","0","1","0","0","ALS-A;PHA","Thatcher, Barbara","{'fsnum': '14135', 'name': 'Thatcher, Barbara'}","300","4","","","","","Modern III","310","{'day': 'Mo', 'end': '17:00', 'location': 'DANCE  ST 1', 'start': '15:30'};{'day': 'We', 'end': '17:00', 'location': 'DANCE  ST 1', 'start': '15:30'};{'day': 'Fr', 'end': '17:00', 'location': 'DANCE  ST 1', 'start': '15:30'}","False","","1","O","20011","Research","2001"
"0000002061","0.25","0000000363","DNCTE","8","0","2","1","5","ALS-A;PHA","Thatcher, Barbara","{'fsnum': '14135', 'name': 'Thatcher, Barbara'}","300","10","","","","","Modern III","311","{'day': 'Mo', 'end': '17:00', 'location': 'DANCE  ST 1', 'start': '15:30'};{'day': 'We', 'end': '17:00', 'location': 'DANCE  ST 1', 'start': '15:30'};{'day': 'Fr', 'end': '17:00', 'location': 'DANCE  ST 1', 'start': '15:30'}","False","","1","O","20011","Research","2001"
"0000002062","0.5","0000000364","DNCTE","2","1","0","1","0","ALS-A;PHA","Bader, Jennifer","{'fsnum': '311', 'name': 'Bader, Jennifer'}","300","4","","","","","Ballet III","320","{'day': 'Tu', 'end': '17:00', 'location': 'DANCE  ST 2', 'start': '15:30'};{'day': 'Th', 'end': '17:00', 'location': 'DANCE  ST 2', 'start': '15:30'}","False","","1","O","20011","Research","2001"
"0000002063","0.25","0000000365","DNCTE","12","0","3","3","6","ALS-A;PHA","Bader, Jennifer","{'fsnum': '311', 'name': 'Bader, Jennifer'}","300","12","","","","","Ballet III","321","{'day': 'Tu', 'end': '17:00', 'location': 'DANCE  ST 2', 'start': '15:30'};{'day': 'Th', 'end': '17:00', 'location': 'DANCE  ST 2', 'start': '15:30'}","False","","1","C","20011","Research","2001"
"0000002064","1.0","0000000369","DNCTH","15","0","3","11","1","ALS-A","Thatcher, Barbara","{'fsnum': '14135', 'name': 'Thatcher, Barbara'}","200","15","","","","","Choreog & Improvisat","231","{'day': 'Tu', 'end': '14:45', 'location': 'DANCE  ST 3', 'start': '13:20'};{'day': 'Th', 'end': '14:45', 'location': 'DANCE  ST 3', 'start': '13:20'}","False","","1","C","20011","Research","2001"
"0000002065","1.0","0000000371","DNCTH","18","0","9","5","4","ALS-A;MCS-D;WRI","Klopchin, Heather J.","{'fsnum': '10044', 'name': 'Klopchin, Heather J.'}","200","15","","","","","Dance in America","246","{'day': 'Mo', 'end': '12:45', 'location': 'CAD  CLASSRM', 'start': '23:50'};{'day': 'We', 'end': '12:45', 'location': 'CAD  CLASSRM', 'start': '23:50'};{'day': 'Fr', 'end': '12:45', 'location': 'CAD  CLASSRM', 'start': '23:50'}","False","","1","C","20011","Research","2001"
"0000002066","1.0","0000000379","DNCTH","6","0","0","0","6","","Klopchin, Heather J.","{'fsnum': '10044', 'name': 'Klopchin, Heather J.'}","300","7","","","","","Senior Dance Seminar","399","{'day': 'Tu', 'end': '11:00', 'location': 'CAD  SEM RM', 'start': '09:35'};{'day': 'Th', 'end': '11:00', 'location': 'CAD  SEM RM', 'start': '09:35'}","False","","1","O","20011","Seminar","2001"
"0000002000","1.0","0000000259","ECON","27","14","3","4","6","HBS","Soderlind, Steve","{'fsnum': '7636', 'name': 'Soderlind, Steve'}","100","30","","","","","Principles of Econ","121","{'day': 'Mo', 'end': '08:55', 'location': 'L 577', 'start': '08:00'};{'day': 'We', 'end': '08:55', 'location': 'L 577', 'start': '08:00'};{'day': 'Fr', 'end': '08:55', 'location': 'L 577', 'start': '08:00'}","False","A","1","O","20011","Research","2001"
"0000002001","1.0","0000000259","ECON","27","2","3","18","4","HBS","Westra, John","{'fsnum': '14016', 'name': 'Westra, John'}","100","30","","","","","Principles of Econ","121","{'day': 'Mo', 'end': '10:00', 'location': 'M 2', 'start': '09:05'};{'day': 'We', 'end': '10:00', 'location': 'M 2', 'start': '09:05'};{'day': 'Fr', 'end': '10:00', 'location': 'M 2', 'start': '09:05'}","False","B","1","O","20011","Research","2001"
"0000002002","1.0","0000000259","ECON","26","10","5","9","2","HBS","Westra, John","{'fsnum': '14016', 'name': 'Westra, John'}","100","30","","","","","Principles of Econ","121","{'day': 'Mo', 'end': '11:40', 'location': 'M 4', 'start': '10:45'};{'day': 'We', 'end': '11:40', 'location': 'M 4', 'start': '10:45'};{'day': 'Fr', 'end': '11:40', 'location': 'M 4', 'start': '10:45'}","False","C","1","O","20011","Research","2001"
"0000002003","1.0","0000000259","ECON","29","7","5","12","5","HBS","Soderlind, Steve","{'fsnum': '7636', 'name': 'Soderlind, Steve'}","100","30","","","","","Principles of Econ","121","{'day': 'Mo', 'end': '12:45', 'location': 'SC 374', 'start': '23:50'};{'day': 'We', 'end': '12:45', 'location': 'SC 374', 'start': '23:50'};{'day': 'Fr', 'end': '12:45', 'location': 'SC 374', 'start': '23:50'}","False","D","1","O","20011","Research","2001"
"0000002004","1.0","0000000259","ECON","27","15","0","8","4","HBS","Pomponio, Xun","{'fsnum': '6399', 'name': 'Pomponio, Xun'}","100","30","","","","","Principles of Econ","121","{'day': 'Tu', 'end': '11:00', 'location': 'L 177', 'start': '09:35'};{'day': 'Th', 'end': '11:00', 'location': 'L 177', 'start': '09:35'}","False","E","1","O","20011","Research","2001"
"0000002005","1.0","0000000259","ECON","26","20","2","3","1","HBS","Pomponio, Xun","{'fsnum': '6399', 'name': 'Pomponio, Xun'}","100","30","","","","","Principles of Econ","121","{'day': 'Tu', 'end': '14:45', 'location': 'H 317', 'start': '13:20'};{'day': 'Th', 'end': '14:45', 'location': 'H 317', 'start': '13:20'}","False","F","1","O","20011","Research","2001"
"0000002014","1.0","0000000262","ECON","19","0","1","0","18","EIN","Pernecky, Mark","{'fsnum': '6199', 'name': 'Pernecky, Mark'}","200","20","","","","","Economic Justice","220","{'day': 'Tu', 'end': '13:10', 'location': 'H 317', 'start': '23:45'};{'day': 'Th', 'end': '13:10', 'location': 'H 317', 'start': '23:45'}","False","","1","C","20011","Research","2001"
"0000002006","1.0","0000000264","ECON","18","0","3","14","1","","Emery, Edward David","{'fsnum': '1741', 'name': 'Emery, Edward David'}","200","25","","","","","Economic Methods","233","{'day': 'Tu', 'end': '09:25', 'location': 'H 317', 'start': '08:00'};{'day': 'Th', 'end': '09:25', 'location': 'H 317', 'start': '08:00'}","False","","1","O","20011","Research","2001"
"0000002007","1.0","0000000265","ECON","12","0","1","6","5","HBS","Dalgaard, Bruce","{'fsnum': '1333', 'name': 'Dalgaard, Bruce'}","200","25","","","","","Econ & Business Hist","234","{'day': 'Tu', 'end': '11:00', 'location': 'M 4', 'start': '09:35'};{'day': 'Th', 'end': '11:00', 'location': 'M 4', 'start': '09:35'}","False","","1","O","20011","Research","2001"
"0000002008","1.0","0000000270","ECON","21","1","8","4","8","HBS","Emery, Edward David","{'fsnum': '1741', 'name': 'Emery, Edward David'}","200","25","","","","","Health Care Econ","245","{'day': 'Tu', 'end': '13:10', 'location': 'M 4', 'start': '23:45'};{'day': 'Th', 'end': '13:10', 'location': 'M 4', 'start': '23:45'}","False","","1","O","20011","Research","2001"
"0000002009","1.0","0000000272","ECON","25","0","5","16","4","","Soderlind, Steve","{'fsnum': '7636', 'name': 'Soderlind, Steve'}","200","25","","","","","Urban Economics","249","{'day': 'Mo', 'end': '10:00', 'location': 'L 577', 'start': '09:05'};{'day': 'We', 'end': '10:00', 'location': 'L 577', 'start': '09:05'};{'day': 'Fr', 'end': '10:00', 'location': 'L 577', 'start': '09:05'}","False","","1","C","20011","Research","2001"
"0000002010","1.0","0000000274","ECON","16","1","3","10","2","","Pernecky, Mark","{'fsnum': '6199', 'name': 'Pernecky, Mark'}","200","20","","","","","Macroeconomic Theory","261","{'day': 'Tu', 'end': '09:25', 'location': 'H 413', 'start': '08:00'};{'day': 'Th', 'end': '09:25', 'location': 'H 413', 'start': '08:00'}","False","A","1","O","20011","Research","2001"
"0000002011","1.0","0000000274","ECON","20","0","8","12","0","","Pernecky, Mark","{'fsnum': '6199', 'name': 'Pernecky, Mark'}","200","20","","","","","Macroeconomic Theory","261","{'day': 'Tu', 'end': '11:00', 'location': 'H 413', 'start': '09:35'};{'day': 'Th', 'end': '11:00', 'location': 'H 413', 'start': '09:35'}","False","B","1","C","20011","Research","2001"
"0000002012","1.0","0000000275","ECON","19","0","5","11","3","","Schodt, David","{'fsnum': '7176', 'name': 'Schodt, David'}","200","25","","","","","Microeconomic Theory","262","{'day': 'Tu', 'end': '13:10', 'location': 'SC 188', 'start': '23:45'};{'day': 'Th', 'end': '13:10', 'location': 'SC 188', 'start': '23:45'}","False","A","1","O","20011","Research","2001"
"0000002013","1.0","0000000275","ECON","22","0","5","14","3","","Schodt, David","{'fsnum': '7176', 'name': 'Schodt, David'}","200","25","","","","","Microeconomic Theory","262","{'day': 'Tu', 'end': '14:45', 'location': 'SC 188', 'start': '13:20'};{'day': 'Th', 'end': '14:45', 'location': 'SC 188', 'start': '13:20'}","False","B","1","O","20011","Research","2001"
"0000002015","1.0","0000000279","ECON","20","0","0","0","20","","Fitzgerald, Terry J.","{'fsnum': '14049', 'name': 'Fitzgerald, Terry J.'}","300","20","","","","","Money and Banking","374","{'day': 'Mo', 'end': '08:55', 'location': 'H 403', 'start': '08:00'};{'day': 'We', 'end': '08:55', 'location': 'H 403', 'start': '08:00'};{'day': 'Fr', 'end': '08:55', 'location': 'H 403', 'start': '08:00'}","False","A","1","C","20011","Research","2001"
"0000002016","1.0","0000000279","ECON","21","0","0","0","21","","Fitzgerald, Terry J.","{'fsnum': '14049', 'name': 'Fitzgerald, Terry J.'}","300","20","","","","","Money and Banking","374","{'day': 'Mo', 'end': '10:00', 'location': 'H 403', 'start': '09:05'};{'day': 'We', 'end': '10:00', 'location': 'H 403', 'start': '09:05'};{'day': 'Fr', 'end': '10:00', 'location': 'H 403', 'start': '09:05'}","False","B","1","C","20011","Research","2001"
"0000002017","1.0","0000000281","ECON","16","0","3","0","13","","Pomponio, Xun","{'fsnum': '6399', 'name': 'Pomponio, Xun'}","300","20","","","","","International Econ","382","{'day': 'Tu', 'end': '13:10', 'location': 'H 301', 'start': '23:45'};{'day': 'Th', 'end': '13:10', 'location': 'H 301', 'start': '23:45'}","False","","1","O","20011","Research","2001"
"0000002018","1.0","0000000282","ECON","10","0","1","0","9","","Carlson, William L.","{'fsnum': '951', 'name': 'Carlson, William L.'}","300","20","","","","","Intro to Econometrics","385","{'day': 'Mo', 'end': '11:40', 'location': 'H 302', 'start': '10:45'};{'day': 'We', 'end': '11:40', 'location': 'H 302', 'start': '10:45'};{'day': 'Fr', 'end': '11:40', 'location': 'H 302', 'start': '10:45'}","False","","1","O","20011","Research","2001"
"0000002019","1.0","0000000283","ECON","1","0","0","0","1","","Staff","{'fsnum': '', 'name': 'Staff'}","300","20","","","","","Senior Project","389","","False","","1","O","20011","Research","2001"
"0000002020","1.0","0000000284","ECON","1","0","1","0","0","","Schodt, David","{'fsnum': '7176', 'name': 'Schodt, David'}","300","","","","","","Academic Internship","394","","True","","1","O","20011","Research","2001"
"0000002026","","0000000309","EDUC","48","0","21","0","27","","Storry, Mark","{'fsnum': '8074', 'name': 'Storry, Mark'}","200","50","","","","","Drugs & Alcohol","231","{'day': 'Mo', 'end': '21:00', 'location': 'CH 101', 'start': '19:00'}","True","","1","C","20011","Research","2001"
"0000002027","1.0","0000000311","EDUC","26","0","7","4","15","HBS","Welckle, John","{'fsnum': '8971', 'name': 'Welckle, John'}","200","35","","","","","Educ Psychology","290","{'day': 'Mo', 'end': '11:40', 'location': 'FH 10', 'start': '10:45'};{'day': 'We', 'end': '11:40', 'location': 'FH 10', 'start': '10:45'};{'day': 'Fr', 'end': '11:40', 'location': 'FH 10', 'start': '10:45'}","False","A","1","C","20011","Research","2001"
"0000002028","1.0","0000000311","EDUC","12","0","5","1","6","HBS","Leer, Elizabeth A.","{'fsnum': '14224', 'name': 'Leer, Elizabeth A.'}","200","25","","","","","Educ Psychology","290","{'day': 'Tu', 'end': '13:10', 'location': 'FH 10L', 'start': '23:45'};{'day': 'Th', 'end': '13:10', 'location': 'FH 10L', 'start': '23:45'}","False","B","1","C","20011","Research","2001"
"0000002029","1.0","0000000321","EDUC","17","0","11","0","6","ORC","Kelly, Maria L.","{'fsnum': '10032', 'name': 'Kelly, Maria L.'}","300","20","","","","","Principles of Educ","330","{'day': 'Mo', 'end': '08:55', 'location': 'FH 10', 'start': '08:00'};{'day': 'We', 'end': '08:55', 'location': 'FH 10', 'start': '08:00'};{'day': 'Fr', 'end': '08:55', 'location': 'FH 10', 'start': '08:00'}","False","A","1","C","20011","Research","2001"
"0000002030","1.0","0000000321","EDUC","18","0","11","0","7","ORC","Kelly, Maria L.","{'fsnum': '10032', 'name': 'Kelly, Maria L.'}","300","20","","","","","Principles of Educ","330","{'day': 'Mo', 'end': '10:00', 'location': 'FH 10', 'start': '09:05'};{'day': 'We', 'end': '10:00', 'location': 'FH 10', 'start': '09:05'};{'day': 'Fr', 'end': '10:00', 'location': 'FH 10', 'start': '09:05'}","False","B","1","C","20011","Research","2001"
"0000002031","1.0","0000000321","EDUC","8","0","1","0","7","ORC","Harris, Martha","{'fsnum': '10033', 'name': 'Harris, Martha'}","300","25","","","","","Principles of Educ","330","{'day': 'Tu', 'end': '09:25', 'location': 'FH 10', 'start': '08:00'};{'day': 'Th', 'end': '09:25', 'location': 'FH 10', 'start': '08:00'}","False","C","1","C","20011","Research","2001"
"0000002032","1.0","0000000321","EDUC","16","0","9","0","7","ORC","Harris, Martha","{'fsnum': '10033', 'name': 'Harris, Martha'}","300","25","","","","18","Principles of Educ","330","{'day': 'Tu', 'end': '11:00', 'location': 'FH 10', 'start': '09:35'};{'day': 'Th', 'end': '11:00', 'location': 'FH 10', 'start': '09:35'}","False","D","1","C","20011","Research","2001"
"0000002033","0.5","0000001625","EDUC","1","0","0","0","1","","Wicks, Gary","{'fsnum': '9030', 'name': 'Wicks, Gary'}","300","","","","","","Teaching Health Educ","348","","False","","1","O","20011","Research","2001"
"0000002034","0.5","0000000330","EDUC","21","0","1","0","20","","Berger, Linda","{'fsnum': '417', 'name': 'Berger, Linda'}","300","","","","","","Tchg Music-Mid/High S","356","{'day': 'Tu', 'end': '14:45', 'location': 'CHM 233', 'start': '13:20'};{'day': 'Th', 'end': '14:45', 'location': 'CHM 233', 'start': '13:20'}","False","","1","C","20011","Research","2001"
"0000002035","0.5","0000000331","EDUC","14","0","0","0","14","","","","300","","","","","","Tchg Music-Sec Schls","358","{'day': 'Mo', 'end': '21:00', 'location': 'CHM 239', 'start': '19:00'}","False","","1","C","20011","Research","2001"
"0000002036","0.5","0000000332","EDUC","6","0","0","0","6","","Mahr, Timothy","{'fsnum': '5013', 'name': 'Mahr, Timothy'}","300","","","","","","Tchg of Instru Music","359","{'day': 'Tu', 'end': '13:10', 'location': 'CHM 138', 'start': '23:45'};{'day': 'Th', 'end': '13:10', 'location': 'CHM 138', 'start': '23:45'}","False","","1","C","20011","Research","2001"
"0000002037","0.5","0000000335","EDUC","35","0","11","0","24","","Schelske, Mark","{'fsnum': '7148', 'name': 'Schelske, Mark'}","300","30","","","","","Counsel/Comm in Schls","372","{'day': 'Tu', 'end': '13:10', 'location': 'FH 10', 'start': '23:45'};{'day': 'Th', 'end': '13:10', 'location': 'FH 10', 'start': '23:45'}","False","A","1","C","20011","Research","2001"
"0000002038","0.5","0000000335","EDUC","19","0","6","0","13","","Schelske, Mark","{'fsnum': '7148', 'name': 'Schelske, Mark'}","300","30","","","","","Counsel/Comm in Schls","372","{'day': 'Tu', 'end': '14:45', 'location': 'FH 10', 'start': '13:20'};{'day': 'Th', 'end': '14:45', 'location': 'FH 10', 'start': '13:20'}","False","B","1","C","20011","Research","2001"
"0000002039","0.5","0000000336","EDUC","24","0","8","0","16","","Leming, Ann A.","{'fsnum': '4755', 'name': 'Leming, Ann A.'}","300","30","","","","","The Exceptional Child","375","{'day': 'Tu', 'end': '13:10', 'location': 'FH 10', 'start': '23:45'};{'day': 'Th', 'end': '13:10', 'location': 'FH 10', 'start': '23:45'}","False","A","1","C","20011","Research","2001"
"0000002040","0.5","0000000336","EDUC","14","0","2","0","12","","Leming, Ann A.","{'fsnum': '4755', 'name': 'Leming, Ann A.'}","300","30","","","","","The Exceptional Child","375","{'day': 'Tu', 'end': '14:45', 'location': 'FH 10', 'start': '13:20'};{'day': 'Th', 'end': '14:45', 'location': 'FH 10', 'start': '13:20'}","False","B","1","C","20011","Research","2001"
"0000002041","1.0","0000000337","EDUC","1","0","1","0","0","","Leming, Ann A.","{'fsnum': '4755', 'name': 'Leming, Ann A.'}","300","","","","","","The Exceptional Child","376","{'day': 'Tu', 'end': '13:10', 'location': 'FH 10', 'start': '23:45'};{'day': 'Th', 'end': '13:10', 'location': 'FH 10', 'start': '23:45'}","False","A","1","C","20011","Research","2001"
"0000002042","0.5","0000000340","EDUC","38","0","0","0","38","","Welckle, John","{'fsnum': '8971', 'name': 'Welckle, John'}","300","","","","","","Senior Seminar Educ","381","{'day': 'Mo', 'end': '16:00', 'location': 'TBA', 'start': '20:00'};{'day': 'Tu', 'end': '16:00', 'location': 'TBA', 'start': '20:00'};{'day': 'We', 'end': '16:00', 'location': 'TBA', 'start': '20:00'};{'day': 'Th', 'end': '16:00', 'location': 'TBA', 'start': '20:00'};{'day': 'Fr', 'end': '16:00', 'location': 'TBA', 'start': '20:00'}","False","A","1","C","20011","Research","2001"
"0000002043","","0000000341","EDUC","38","0","0","0","38","","Solid, Myron L.","{'fsnum': '7667', 'name': 'Solid, Myron L.'}","300","","","","","","Human Relations","382","","True","","1","C","20011","Research","2001"
"0000002044","0.5","0000000342","EDUC","38","0","0","0","38","","Solid, Myron L.","{'fsnum': '7667', 'name': 'Solid, Myron L.'}","300","","","","","","Human Issues in Educ","385","{'day': 'Mo', 'end': '16:00', 'location': 'FH 10L', 'start': '20:00'};{'day': 'Tu', 'end': '16:00', 'location': 'FH 10L', 'start': '20:00'};{'day': 'We', 'end': '16:00', 'location': 'FH 10L', 'start': '20:00'};{'day': 'Th', 'end': '16:00', 'location': 'FH 10L', 'start': '20:00'};{'day': 'Fr', 'end': '16:00', 'location': 'FH 10L', 'start': '20:00'}","False","A","1","C","20011","Research","2001"
"0000002045","3.0","0000000343","EDUC","38","0","0","0","38","","Pfarr-Baker, Rosemary A.","{'fsnum': '10410', 'name': 'Pfarr-Baker, Rosemary A.'}","300","","","","","","Student Teaching","389","","False","A","1","C","20011","Research","2001"
"0000002067","1.0","0000000381","ENGL","9","2","1","0","6","","Bauer, Gene","{'fsnum': '345', 'name': 'Bauer, Gene'}","100","","","","","","Intro/Academic Wri","107","{'day': 'Tu', 'end': '11:00', 'location': 'H 302', 'start': '09:35'};{'day': 'Th', 'end': '11:00', 'location': 'H 302', 'start': '09:35'}","False","","1","O","20011","Research","2001"
"0000002068","1.0","0000000383","ENGL","10","10","0","0","0","","Allister, Mark","{'fsnum': '110', 'name': 'Allister, Mark'}","100","","","","","","Skills in Composition","110","{'day': 'Mo', 'end': '11:40', 'location': 'L 520', 'start': '10:45'};{'day': 'We', 'end': '11:40', 'location': 'L 520', 'start': '10:45'};{'day': 'Fr', 'end': '11:40', 'location': 'L 520', 'start': '10:45'}","False","","1","O","20011","Research","2001"
"0000002069","1.0","0000001672","ENGL","30","0","7","15","8","ALS-L;WRI","Hill, Jan C.","{'fsnum': '109', 'name': 'Hill, Jan C.'}","100","15","","","","","Childrn/Yng Adult Lit","133","{'day': 'Tu', 'end': '11:00', 'location': 'L 515', 'start': '09:35'};{'day': 'Th', 'end': '11:00', 'location': 'L 515', 'start': '09:35'}","False","","1","C","20011","Research","2001"
"0000002070","1.0","0000000392","ENGL","23","0","0","23","0","ALS-L;ORC;WRI","Hepburn, Joan","{'fsnum': '3322', 'name': 'Hepburn, Joan'}","100","25","","","","","Literary Studies","185","{'day': 'Tu', 'end': '09:25', 'location': 'L 515', 'start': '08:00'};{'day': 'Th', 'end': '09:25', 'location': 'L 515', 'start': '08:00'}","False","A","1","C","20011","Research","2001"
"0000002071","1.0","0000000392","ENGL","25","0","2","20","3","ALS-L;ORC;WRI","Postlethwaite, Diana","{'fsnum': '6403', 'name': 'Postlethwaite, Diana'}","100","25","","","","","Literary Studies","185","{'day': 'Tu', 'end': '11:00', 'location': 'L 525', 'start': '09:35'};{'day': 'Th', 'end': '11:00', 'location': 'L 525', 'start': '09:35'}","False","B","1","C","20011","Research","2001"
"0000002072","1.0","0000000392","ENGL","25","1","0","20","4","ALS-L;ORC","Cherewatuk, Karen","{'fsnum': '1076', 'name': 'Cherewatuk, Karen'}","100","","","","","","Literary Studies","185","{'day': 'Tu', 'end': '13:10', 'location': 'L 421', 'start': '23:45'};{'day': 'Th', 'end': '13:10', 'location': 'L 421', 'start': '23:45'}","False","C","1","C","20011","Research","2001"
"0000002073","1.0","0000001680","ENGL","13","0","9","1","3","ALS-L","Staff","{'fsnum': '', 'name': 'Staff'}","200","13","","","","","East Rel IDeas: Am Wri","202","","False","","1","C","20011","Research","2001"
"0000002074","1.0","0000000397","ENGL","45","0","13","28","4","WRI","Marsalek, Karen E.;Cherewatuk, Karen","{'fsnum': '10015', 'name': 'Marsalek, Karen E.'};{'fsnum': '1076', 'name': 'Cherewatuk, Karen'}","200","","","","","","Lit in Engl to 1650","221","{'day': 'Mo', 'end': '10:00', 'location': 'L 525', 'start': '09:05'};{'day': 'We', 'end': '10:00', 'location': 'L 525', 'start': '09:05'};{'day': 'Fr', 'end': '10:00', 'location': 'L 525', 'start': '09:05'}","False","A","1","C","20011","Research","2001"
"0000002075","1.0","0000000397","ENGL","5","0","1","4","0","WRI","Marsalek, Karen E.;Cherewatuk, Karen","{'fsnum': '10015', 'name': 'Marsalek, Karen E.'};{'fsnum': '1076', 'name': 'Cherewatuk, Karen'}","200","","","","","","Lit in Engl to 1650","221","{'day': 'Fr', 'end': '10:00', 'location': 'L 520', 'start': '09:05'};{'day': 'Mo', 'end': '10:00', 'location': 'L 525', 'start': '09:05'};{'day': 'We', 'end': '10:00', 'location': 'L 525', 'start': '09:05'}","False","B","1","C","20011","Research","2001"
"0000002076","1.0","0000000399","ENGL","26","0","21","1","4","WRI","Holly, Carol;DuRocher, Richard","{'fsnum': '3424', 'name': 'Holly, Carol'};{'fsnum': '1548', 'name': 'DuRocher, Richard'}","200","","","","","","Lit in Engl 1650-1850","222","{'day': 'Mo', 'end': '12:45', 'location': 'L 525', 'start': '23:50'};{'day': 'We', 'end': '12:45', 'location': 'L 525', 'start': '23:50'};{'day': 'Fr', 'end': '12:45', 'location': 'L 525', 'start': '23:50'}","False","A","1","C","20011","Research","2001"
"0000002077","1.0","0000000399","ENGL","6","0","5","1","0","WRI","Holly, Carol;DuRocher, Richard","{'fsnum': '3424', 'name': 'Holly, Carol'};{'fsnum': '1548', 'name': 'DuRocher, Richard'}","200","","","","","","Lit in Engl 1650-1850","222","{'day': 'Fr', 'end': '12:45', 'location': 'L 520', 'start': '23:50'};{'day': 'Mo', 'end': '12:45', 'location': 'L 525', 'start': '23:50'};{'day': 'We', 'end': '12:45', 'location': 'L 525', 'start': '23:50'}","False","B","1","C","20011","Research","2001"
"0000002078","1.0","0000000399","ENGL","2","0","2","0","0","WRI","Holly, Carol;DuRocher, Richard","{'fsnum': '3424', 'name': 'Holly, Carol'};{'fsnum': '1548', 'name': 'DuRocher, Richard'}","200","","","","","","Lit in Engl 1650-1850","222","{'day': 'Fr', 'end': '11:40', 'location': 'BC', 'start': '10:45'};{'day': 'Mo', 'end': '12:45', 'location': 'L 525', 'start': '23:50'};{'day': 'We', 'end': '12:45', 'location': 'L 525', 'start': '23:50'}","False","C","1","C","20011","Research","2001"
"0000002079","1.0","0000000401","ENGL","31","0","14","2","15","WRI","Werlock, Abby;Buckstead, Richard","{'fsnum': '8979', 'name': 'Werlock, Abby'};{'fsnum': '821', 'name': 'Buckstead, Richard'}","200","","","","","","Lit in Engl 1850-Pres","223","{'day': 'Mo', 'end': '14:55', 'location': 'L 525', 'start': '14:00'};{'day': 'We', 'end': '14:55', 'location': 'L 525', 'start': '14:00'};{'day': 'Fr', 'end': '14:55', 'location': 'L 525', 'start': '14:00'}","False","A","1","C","20011","Research","2001"
"0000002080","1.0","0000000401","ENGL","2","0","0","0","2","WRI","Werlock, Abby;Buckstead, Richard","{'fsnum': '8979', 'name': 'Werlock, Abby'};{'fsnum': '821', 'name': 'Buckstead, Richard'}","200","","","","","","Lit in Engl 1850-Pres","223","{'day': 'Fr', 'end': '14:55', 'location': 'L 520', 'start': '14:00'};{'day': 'Mo', 'end': '14:55', 'location': 'L 525', 'start': '14:00'};{'day': 'We', 'end': '14:55', 'location': 'L 525', 'start': '14:00'}","False","B","1","C","20011","Research","2001"
"0000002081","1.0","0000000401","ENGL","5","0","3","0","2","WRI","Werlock, Abby;Buckstead, Richard","{'fsnum': '8979', 'name': 'Werlock, Abby'};{'fsnum': '821', 'name': 'Buckstead, Richard'}","200","","","","","","Lit in Engl 1850-Pres","223","{'day': 'Fr', 'end': '08:55', 'location': 'L 515', 'start': '08:00'};{'day': 'Mo', 'end': '14:55', 'location': 'L 525', 'start': '14:00'};{'day': 'We', 'end': '14:55', 'location': 'L 525', 'start': '14:00'}","False","C","1","C","20011","Research","2001"
"0000002082","1.0","0000000407","ENGL","33","0","16","12","5","ALS-L;HWC;WRI","Postlethwaite, Diana","{'fsnum': '6403', 'name': 'Postlethwaite, Diana'}","200","32","","","","","Victorian Literature","238","{'day': 'Tu', 'end': '13:10', 'location': 'L 525', 'start': '23:45'};{'day': 'Th', 'end': '13:10', 'location': 'L 525', 'start': '23:45'}","False","A","1","C","20011","Topic","2001"
"0000002083","1.0","0000000407","ENGL","33","1","18","0","14","ALS-L;HWC;WRI","Richards, Melanie","{'fsnum': '10436', 'name': 'Richards, Melanie'}","200","32","","","","","50s Beat Literature","238","{'day': 'Tu', 'end': '14:45', 'location': 'L 525', 'start': '13:20'};{'day': 'Th', 'end': '14:45', 'location': 'L 525', 'start': '13:20'}","False","B","1","C","20011","Topic","2001"
"0000002084","1.0","0000000409","ENGL","29","1","7","11","10","ALS-L;WRI","Buckstead, Richard","{'fsnum': '821', 'name': 'Buckstead, Richard'}","200","32","","","","","American Lit 1915-45","240","{'day': 'Mo', 'end': '13:50', 'location': 'L 525', 'start': '12:55'};{'day': 'We', 'end': '13:50', 'location': 'L 525', 'start': '12:55'};{'day': 'Fr', 'end': '13:50', 'location': 'L 525', 'start': '12:55'}","False","","1","C","20011","Research","2001"
"0000002085","1.0","0000000411","ENGL","35","0","6","3","26","ALS-L;MCS-G","Mbele, Joseph L.","{'fsnum': '5144', 'name': 'Mbele, Joseph L.'}","200","32","","","","","Post-Colonial Lit","247","{'day': 'Tu', 'end': '13:10', 'location': 'L 515', 'start': '23:45'};{'day': 'Th', 'end': '13:10', 'location': 'L 515', 'start': '23:45'}","False","","1","C","20011","Research","2001"
"0000002086","1.0","0000000413","ENGL","16","0","2","8","6","WRI","Steen, Mary","{'fsnum': '7961', 'name': 'Steen, Mary'}","200","18","","","","","Creative Nonfiction","251","{'day': 'Tu', 'end': '13:10', 'location': 'L 520', 'start': '23:45'};{'day': 'Th', 'end': '13:10', 'location': 'L 520', 'start': '23:45'}","False","","1","C","20011","Research","2001"
"0000002087","1.0","0000000417","ENGL","19","0","11","2","6","WRI","Hill, Jan C.","{'fsnum': '109', 'name': 'Hill, Jan C.'}","200","18","","","","","Journalistic Writing","255","{'day': 'Tu', 'end': '13:10', 'location': 'L 420', 'start': '23:45'};{'day': 'Th', 'end': '13:10', 'location': 'L 420', 'start': '23:45'}","False","","1","C","20011","Research","2001"
"0000002088","1.0","0000000418","ENGL","16","0","5","2","9","WRI","Wee, David","{'fsnum': '8901', 'name': 'Wee, David'}","200","18","","","","","Creative Writing I","257","{'day': 'Mo', 'end': '11:40', 'location': 'L 525', 'start': '10:45'};{'day': 'We', 'end': '11:40', 'location': 'L 525', 'start': '10:45'};{'day': 'Fr', 'end': '11:40', 'location': 'L 525', 'start': '10:45'}","False","A","1","C","20011","Research","2001"
"0000002089","1.0","0000000418","ENGL","16","0","9","1","6","WRI","Heynen, James","{'fsnum': '3333', 'name': 'Heynen, James'}","200","18","","","","","Creative Writing I","257","{'day': 'Tu', 'end': '14:45', 'location': 'L 420', 'start': '13:20'};{'day': 'Th', 'end': '14:45', 'location': 'L 420', 'start': '13:20'}","False","B","1","C","20011","Research","2001"
"0000002090","1.0","0000000432","ENGL","24","2","6","8","8","ALS-L;WRI","Allister, Mark","{'fsnum': '110', 'name': 'Allister, Mark'}","200","32","","","","","Wrdswth/El't/Sprsteen","290","{'day': 'Mo', 'end': '13:50', 'location': 'L 515', 'start': '12:55'};{'day': 'We', 'end': '13:50', 'location': 'L 515', 'start': '12:55'};{'day': 'Fr', 'end': '13:50', 'location': 'L 515', 'start': '12:55'}","False","","1","O","20011","Research","2001"
"0000002091","1.0","0000000439","ENGL","15","0","2","0","13","","DuRocher, Richard","{'fsnum': '1548', 'name': 'DuRocher, Richard'}","300","15","","","","","Literary Crit/Theory","360","{'day': 'Tu', 'end': '11:00', 'location': 'L 520', 'start': '09:35'};{'day': 'Th', 'end': '11:00', 'location': 'L 520', 'start': '09:35'}","False","","1","C","20011","Research","2001"
"0000002092","1.0","0000000441","ENGL","16","0","2","0","14","","Heynen, James","{'fsnum': '3333', 'name': 'Heynen, James'}","300","15","","","","","Creative Writing II","372","{'day': 'Th', 'end': '22:00', 'location': 'L 520', 'start': '19:00'}","False","","1","C","20011","Research","2001"
"0000002093","1.0","0000000451","ENGL","1","0","0","0","1","WRI","Titus, Mary","{'fsnum': '8415', 'name': 'Titus, Mary'}","300","","","","","","IR/Sylivia Path","398","","False","","1","O","20011","Research","2001"
"0000002094","1.0","0000000451","ENGL","1","0","0","0","1","","Richards, Melanie","{'fsnum': '10436', 'name': 'Richards, Melanie'}","300","","","","","","IR/Writing the Truth","398","","False","A","1","O","20011","Research","2001"
"0000002095","1.0","0000000451","ENGL","1","0","0","0","1","","Heynen, James","{'fsnum': '3333', 'name': 'Heynen, James'}","300","","","","","","IR/Creative Writing","398","","False","B","1","O","20011","Research","2001"
"0000002096","1.0","0000000451","ENGL","1","0","0","0","1","","Hutchins, Elizabeth","{'fsnum': '3607', 'name': 'Hutchins, Elizabeth'}","300","","","","","","IR/Contemp Child Lit","398","","False","C","1","O","20011","Research","2001"
"0000002097","1.0","0000000452","ENGL","16","0","0","0","16","","Marsalek, Karen E.","{'fsnum': '10015', 'name': 'Marsalek, Karen E.'}","300","15","","","","","Major Seminar","399","{'day': 'Mo', 'end': '12:45', 'location': 'L 515', 'start': '23:50'};{'day': 'We', 'end': '12:45', 'location': 'L 515', 'start': '23:50'};{'day': 'Fr', 'end': '12:45', 'location': 'L 515', 'start': '23:50'}","False","A","1","C","20011","Seminar","2001"
"0000002098","1.0","0000000452","ENGL","8","0","0","0","8","","Hepburn, Joan","{'fsnum': '3322', 'name': 'Hepburn, Joan'}","300","15","","","","","Major Seminar","399","{'day': 'Tu', 'end': '14:45', 'location': 'L 520', 'start': '13:20'};{'day': 'Th', 'end': '14:45', 'location': 'L 520', 'start': '13:20'}","False","B","1","C","20011","Seminar","2001"
"0000002099","1.0","0000000453","ENVST","22","3","6","9","4","HWC","Shaw, Rachel","{'fsnum': '14133', 'name': 'Shaw, Rachel'}","100","24","","8","","8","Culture of Nature","101","{'day': 'Tu', 'end': '13:10', 'location': 'M 30', 'start': '23:45'};{'day': 'Th', 'end': '13:10', 'location': 'M 30', 'start': '23:45'}","False","","1","O","20011","Research","2001"
"0000002100","1.0","0000000454","ENVST","27","0","12","10","5","NST","Bakko, Eugene","{'fsnum': '325', 'name': 'Bakko, Eugene'}","100","24","","6","","6","Conservation Biology","125","{'day': 'Tu', 'end': '11:00', 'location': 'SC 130', 'start': '09:35'};{'day': 'Th', 'end': '11:00', 'location': 'SC 130', 'start': '09:35'}","False","","1","C","20011","Research","2001"
"0000002101","1.0","0000000455","ENVST","21","2","4","10","5","NST","Jacobel, Robert","{'fsnum': '3646', 'name': 'Jacobel, Robert'}","100","24","","6","","6","Intro: Enviro Studies","137","{'day': 'Tu', 'end': '11:00', 'location': 'SC 129', 'start': '09:35'};{'day': 'Th', 'end': '11:00', 'location': 'SC 129', 'start': '09:35'}","False","A","1","C","20011","Research","2001"
"0000002102","1.0","0000000455","ENVST","25","1","7","11","6","NST","Angell, Diane K.","{'fsnum': '256', 'name': 'Angell, Diane K.'}","100","24","","6","","6","Intro: Enviro Studies","137","{'day': 'Mo', 'end': '12:45', 'location': 'SC 129', 'start': '23:50'};{'day': 'We', 'end': '12:45', 'location': 'SC 129', 'start': '23:50'};{'day': 'Fr', 'end': '12:45', 'location': 'SC 129', 'start': '23:50'}","False","B","1","C","20011","Research","2001"
"0000002103","1.0","0000000455","ENVST","23","1","5","9","8","NST","Olfelt, Joel","{'fsnum': '5838', 'name': 'Olfelt, Joel'}","100","24","","6","","6","Intro: Enviro Studies","137","{'day': 'Tu', 'end': '09:25', 'location': 'SC 129', 'start': '08:00'};{'day': 'Th', 'end': '09:25', 'location': 'SC 129', 'start': '08:00'}","False","C","1","C","20011","Research","2001"
"0000002104","1.0","0000000456","ENVST","18","2","6","5","5","HBS","Burch, Kurt","{'fsnum': '14022', 'name': 'Burch, Kurt'}","200","24","","","","","Global Env Politics","201","{'day': 'Mo', 'end': '14:55', 'location': 'M 1', 'start': '14:00'};{'day': 'We', 'end': '14:55', 'location': 'M 1', 'start': '14:00'};{'day': 'Fr', 'end': '14:55', 'location': 'M 1', 'start': '14:00'}","False","","1","C","20011","Research","2001"
"0000002105","1.0","0000000459","ENVST","18","1","6","3","8","HBS","Westra, John","{'fsnum': '14016', 'name': 'Westra, John'}","200","24","","","","","Enviro Policy/Regulat","232","{'day': 'Mo', 'end': '13:50', 'location': 'M 4', 'start': '12:55'};{'day': 'We', 'end': '13:50', 'location': 'M 4', 'start': '12:55'};{'day': 'Fr', 'end': '13:50', 'location': 'M 4', 'start': '12:55'}","False","","1","O","20011","Research","2001"
"0000002106","1.0","0000000461","ENVST","6","0","1","1","4","","Umbanhowar, Charles Jr.","{'fsnum': '8616', 'name': 'Umbanhowar, Charles Jr.'}","200","20","","","","","Remote Sensing & Gis","255","{'day': 'Tu', 'end': '11:00', 'location': 'L 477', 'start': '09:35'};{'day': 'Th', 'end': '11:00', 'location': 'L 477', 'start': '09:35'}","False","","1","O","20011","Research","2001"
"0000002107","1.0","0000000465","ENVST","1","0","0","0","1","","Frey, Olivia","{'fsnum': '2455', 'name': 'Frey, Olivia'}","200","","","","","","IS/Lit & Agriculture","298","","False","","1","O","20011","Research","2001"
"0000002108","1.0","0000000467","ENVST","1","0","0","0","1","","Umbanhowar, Charles Jr.","{'fsnum': '8616', 'name': 'Umbanhowar, Charles Jr.'}","300","","","","","","IR/Sprawl","398","","False","","1","O","20011","Research","2001"
"0000002191","1.0","0000000648","FAMST","36","0","20","5","11","","Holt, C. George","{'fsnum': '3431', 'name': 'Holt, C. George'}","200","30","","","","","Intro: Family Studies","232","{'day': 'Tu', 'end': '11:00', 'location': 'H 317', 'start': '09:35'};{'day': 'Th', 'end': '11:00', 'location': 'H 317', 'start': '09:35'}","False","","1","C","20011","Research","2001"
"0000002192","1.0","0000000651","FAMST","53","0","17","2","34","","Holt, C. George","{'fsnum': '3431', 'name': 'Holt, C. George'}","200","50","","","","","Human Sexuality","253","{'day': 'Tu', 'end': '14:45', 'location': 'H 501', 'start': '13:20'};{'day': 'Th', 'end': '14:45', 'location': 'H 501', 'start': '13:20'}","False","","1","C","20011","Research","2001"
"0000002193","1.0","0000000653","FAMST","1","0","1","0","0","","Holt, C. George","{'fsnum': '3431', 'name': 'Holt, C. George'}","200","","","","","","Academic Internship","294","","True","","1","O","20011","Research","2001"
"0000002110","1.0","0000000476","FREN","21","9","2","4","6","","Watt, Norman M.","{'fsnum': '8896', 'name': 'Watt, Norman M.'}","100","25","","","","","Beginning French I","111","{'day': 'Mo', 'end': '13:50', 'location': 'M 2', 'start': '12:55'};{'day': 'We', 'end': '13:50', 'location': 'M 2', 'start': '12:55'};{'day': 'Fr', 'end': '13:50', 'location': 'M 2', 'start': '12:55'}","False","","1","O","20011","Research","2001"
"0000002111","1.0","0000000477","FREN","14","11","0","2","1","","Mather, M. Clare","{'fsnum': '5116', 'name': 'Mather, M. Clare'}","100","25","","","","","Beginning French II","112","{'day': 'Mo', 'end': '12:45', 'location': 'M 2', 'start': '23:50'};{'day': 'We', 'end': '12:45', 'location': 'M 2', 'start': '23:50'};{'day': 'Fr', 'end': '12:45', 'location': 'M 2', 'start': '23:50'}","False","A","1","O","20011","Research","2001"
"0000002112","1.0","0000000477","FREN","12","10","0","1","1","","Mather, M. Clare","{'fsnum': '5116', 'name': 'Mather, M. Clare'}","100","25","","","","","Beginning French II","112","{'day': 'Mo', 'end': '14:55', 'location': 'M 26', 'start': '14:00'};{'day': 'We', 'end': '14:55', 'location': 'M 26', 'start': '14:00'};{'day': 'Fr', 'end': '14:55', 'location': 'M 26', 'start': '14:00'}","False","B","1","O","20011","Research","2001"
"0000002113","1.0","0000000479","FREN","28","16","1","6","5","","Barjasteh, Jolene","{'fsnum': '337', 'name': 'Barjasteh, Jolene'}","200","25","","","","","Intermed French I","231","{'day': 'Mo', 'end': '08:55', 'location': 'M 26', 'start': '08:00'};{'day': 'We', 'end': '08:55', 'location': 'M 26', 'start': '08:00'};{'day': 'Fr', 'end': '08:55', 'location': 'M 26', 'start': '08:00'}","False","A","1","C","20011","Research","2001"
"0000002114","1.0","0000000479","FREN","23","13","1","4","5","","Pensec, Herve","{'fsnum': '6184', 'name': 'Pensec, Herve'}","200","25","","","","","Intermed French I","231","{'day': 'Mo', 'end': '11:40', 'location': 'M 26', 'start': '10:45'};{'day': 'We', 'end': '11:40', 'location': 'M 26', 'start': '10:45'};{'day': 'Fr', 'end': '11:40', 'location': 'M 26', 'start': '10:45'}","False","B","1","O","20011","Research","2001"
"0000002115","1.0","0000000479","FREN","16","12","0","3","1","","Pensec, Herve","{'fsnum': '6184', 'name': 'Pensec, Herve'}","200","25","","","","","Intermed French I","231","{'day': 'Mo', 'end': '12:45', 'location': 'M 26', 'start': '23:50'};{'day': 'We', 'end': '12:45', 'location': 'M 26', 'start': '23:50'};{'day': 'Fr', 'end': '12:45', 'location': 'M 26', 'start': '23:50'}","False","C","1","O","20011","Research","2001"
"0000002116","1.0","0000000480","FREN","25","16","2","4","3","FOL-F;MCS-G","Homler, Scott","{'fsnum': '3438', 'name': 'Homler, Scott'}","200","25","","","","","Intermed French II","232","{'day': 'Mo', 'end': '10:00', 'location': 'M 26', 'start': '09:05'};{'day': 'We', 'end': '10:00', 'location': 'M 26', 'start': '09:05'};{'day': 'Fr', 'end': '10:00', 'location': 'M 26', 'start': '09:05'}","False","A","1","C","20011","Research","2001"
"0000002117","1.0","0000000480","FREN","23","13","1","5","4","FOL-F;MCS-G","Homler, Scott","{'fsnum': '3438', 'name': 'Homler, Scott'}","200","25","","","","","Intermed French II","232","{'day': 'Mo', 'end': '13:50', 'location': 'M 26', 'start': '12:55'};{'day': 'We', 'end': '13:50', 'location': 'M 26', 'start': '12:55'};{'day': 'Fr', 'end': '13:50', 'location': 'M 26', 'start': '12:55'}","False","B","1","O","20011","Research","2001"
"0000002118","1.0","0000000483","FREN","14","0","3","10","1","FOL-F;WRI","Mather, M. Clare","{'fsnum': '5116', 'name': 'Mather, M. Clare'}","200","18","","","","","Writing French","251","{'day': 'Tu', 'end': '14:45', 'location': 'M 26', 'start': '13:20'};{'day': 'Th', 'end': '14:45', 'location': 'M 26', 'start': '13:20'}","False","","1","C","20011","Research","2001"
"0000002119","1.0","0000000484","FREN","15","8","1","6","0","FOL-F;HWC;WRI","Homler, Scott","{'fsnum': '3438', 'name': 'Homler, Scott'}","200","20","","","","","Top: French Civilizatn","252","{'day': 'Tu', 'end': '09:25', 'location': 'M 26', 'start': '08:00'};{'day': 'Th', 'end': '09:25', 'location': 'M 26', 'start': '08:00'}","False","","1","O","20011","Topic","2001"
"0000002120","1.0","0000000488","FREN","10","0","2","2","6","FOL-F;WRI","Barjasteh, Jolene","{'fsnum': '337', 'name': 'Barjasteh, Jolene'}","200","18","","","","","Per Stud: 19th Cent","273","{'day': 'Tu', 'end': '11:00', 'location': 'M 26', 'start': '09:35'};{'day': 'Th', 'end': '11:00', 'location': 'M 26', 'start': '09:35'}","False","","1","O","20011","Research","2001"
"0000002121","1.0","0000000492","FREN","13","0","2","0","11","FOL-F","Pensec, Herve","{'fsnum': '6184', 'name': 'Pensec, Herve'}","300","18","","","","","Top: Caribbean Cul/Lit","372","{'day': 'Tu', 'end': '13:10', 'location': 'M 26', 'start': '23:45'};{'day': 'Th', 'end': '13:10', 'location': 'M 26', 'start': '23:45'}","False","","1","O","20011","Topic","2001"
"0000002122","1.0","0000000496","FREN","1","0","0","0","1","","Pensec, Herve","{'fsnum': '6184', 'name': 'Pensec, Herve'}","300","","","","","","IR/Troubadour/Lit","398","","False","","1","O","20011","Research","2001"
"0000002151","1.0","0000000531","GCON","25","25","0","0","0","","Groton, Anne","{'fsnum': '2771', 'name': 'Groton, Anne'}","100","","","","","","Greeks and Hebrews","113","{'day': 'Mo', 'end': '14:55', 'location': 'H 514', 'start': '14:00'};{'day': 'We', 'end': '14:55', 'location': 'H 514', 'start': '14:00'};{'day': 'Fr', 'end': '14:55', 'location': 'H 514', 'start': '14:00'}","False","A","1","O","20011","Research","2001"
"0000002152","1.0","0000000531","GCON","24","21","0","1","2","","Hill, Jonathan","{'fsnum': '3341', 'name': 'Hill, Jonathan'}","100","","","","","","Greeks and Hebrews","113","{'day': 'Mo', 'end': '14:55', 'location': 'H 515', 'start': '14:00'};{'day': 'We', 'end': '14:55', 'location': 'H 515', 'start': '14:00'};{'day': 'Fr', 'end': '14:55', 'location': 'H 515', 'start': '14:00'}","False","B","1","O","20011","Research","2001"
"0000002153","1.0","0000000531","GCON","25","21","0","0","4","","Langerak, Edward","{'fsnum': '4599', 'name': 'Langerak, Edward'}","100","","","","","","Greeks and Hebrews","113","{'day': 'Mo', 'end': '14:55', 'location': 'H 516', 'start': '14:00'};{'day': 'We', 'end': '14:55', 'location': 'H 516', 'start': '14:00'};{'day': 'Fr', 'end': '14:55', 'location': 'H 516', 'start': '14:00'}","False","C","1","O","20011","Research","2001"
"0000002154","1.0","0000000534","GCON","21","0","0","17","4","ALS-L;WRI","Carullo, Sylvia","{'fsnum': '977', 'name': 'Carullo, Sylvia'}","200","","","","","","New Forces of Secular","217","{'day': 'Mo', 'end': '11:40', 'location': 'H 514', 'start': '10:45'};{'day': 'We', 'end': '11:40', 'location': 'H 514', 'start': '10:45'};{'day': 'Fr', 'end': '11:40', 'location': 'H 514', 'start': '10:45'}","False","A","1","O","20011","Research","2001"
"0000002155","1.0","0000000534","GCON","22","1","0","20","1","ALS-L;WRI","Fairbanks, Rick A.","{'fsnum': '2022', 'name': 'Fairbanks, Rick A.'}","200","","","","","","New Forces of Secular","217","{'day': 'Mo', 'end': '11:40', 'location': 'H 515', 'start': '10:45'};{'day': 'We', 'end': '11:40', 'location': 'H 515', 'start': '10:45'};{'day': 'Fr', 'end': '11:40', 'location': 'H 515', 'start': '10:45'}","False","B","1","O","20011","Research","2001"
"0000002156","1.0","0000000534","GCON","22","0","0","22","0","ALS-L;WRI","May, James","{'fsnum': '5130', 'name': 'May, James'}","200","","","","","","New Forces of Secular","217","{'day': 'Mo', 'end': '11:40', 'location': 'H 516', 'start': '10:45'};{'day': 'We', 'end': '11:40', 'location': 'H 516', 'start': '10:45'};{'day': 'Fr', 'end': '11:40', 'location': 'H 516', 'start': '10:45'}","False","C","1","O","20011","Research","2001"
"0000002157","1.0","0000000538","GCON","12","0","2","0","10","EIN;WRI","Santurri, Edmund","{'fsnum': '7020', 'name': 'Santurri, Edmund'}","300","","","","","","Ethical ISSues/Gr Con","310","{'day': 'Mo', 'end': '10:00', 'location': 'CH 109', 'start': '09:05'};{'day': 'We', 'end': '10:00', 'location': 'CH 109', 'start': '09:05'};{'day': 'Fr', 'end': '10:00', 'location': 'CH 109', 'start': '09:05'}","False","","1","O","20011","Research","2001"
"0000002123","1.0","0000000498","GE","19","17","0","1","1","FYW","Wee, David","{'fsnum': '8901', 'name': 'Wee, David'}","100","19","","","","","First Year Writing","111","{'day': 'Mo', 'end': '10:00', 'location': 'L 420', 'start': '09:05'};{'day': 'We', 'end': '10:00', 'location': 'L 420', 'start': '09:05'};{'day': 'Fr', 'end': '10:00', 'location': 'L 420', 'start': '09:05'}","False","A","1","C","20011","Research","2001"
"0000002124","1.0","0000000498","GE","20","16","0","0","4","FYW","Buckstead, Richard","{'fsnum': '821', 'name': 'Buckstead, Richard'}","100","19","","","","","First Year Writing","111","{'day': 'Mo', 'end': '11:40', 'location': 'L 515', 'start': '10:45'};{'day': 'We', 'end': '11:40', 'location': 'L 515', 'start': '10:45'};{'day': 'Fr', 'end': '11:40', 'location': 'L 515', 'start': '10:45'}","False","B","1","C","20011","Research","2001"
"0000002125","1.0","0000000498","GE","20","18","0","0","2","FYW","LeBlanc, Diane C.","{'fsnum': '13324', 'name': 'LeBlanc, Diane C.'}","100","19","","","","","First Year Writing","111","{'day': 'Mo', 'end': '12:45', 'location': 'L 421', 'start': '23:50'};{'day': 'We', 'end': '12:45', 'location': 'L 421', 'start': '23:50'};{'day': 'Fr', 'end': '12:45', 'location': 'L 421', 'start': '23:50'}","False","C","1","C","20011","Research","2001"
"0000002126","1.0","0000000498","GE","18","14","0","1","3","FYW","Holly, Carol","{'fsnum': '3424', 'name': 'Holly, Carol'}","100","19","","","","","First Year Writing","111","{'day': 'Mo', 'end': '14:55', 'location': 'L 515', 'start': '14:00'};{'day': 'We', 'end': '14:55', 'location': 'L 515', 'start': '14:00'};{'day': 'Fr', 'end': '14:55', 'location': 'L 515', 'start': '14:00'}","False","D","1","O","20011","Research","2001"
"0000002127","1.0","0000000498","GE","19","17","0","1","1","FYW","Steen, Mary","{'fsnum': '7961', 'name': 'Steen, Mary'}","100","19","","","","","First Year Writing","111","{'day': 'Tu', 'end': '09:25', 'location': 'L 525', 'start': '08:00'};{'day': 'Th', 'end': '09:25', 'location': 'L 525', 'start': '08:00'}","False","E","1","C","20011","Research","2001"
"0000002128","1.0","0000000498","GE","14","13","0","0","1","FYW","Rippley, Lavern","{'fsnum': '6671', 'name': 'Rippley, Lavern'}","100","19","","","","","First Year Writing","111","{'day': 'Tu', 'end': '09:25', 'location': 'M 35', 'start': '08:00'};{'day': 'Th', 'end': '09:25', 'location': 'M 35', 'start': '08:00'}","False","F","1","O","20011","Research","2001"
"0000002129","1.0","0000000498","GE","18","17","0","1","0","FYW","Wicks, Gary","{'fsnum': '9030', 'name': 'Wicks, Gary'}","100","19","","","","","First Year Writing","111","{'day': 'Tu', 'end': '09:25', 'location': 'L 421', 'start': '08:00'};{'day': 'Th', 'end': '09:25', 'location': 'L 421', 'start': '08:00'}","False","G","1","O","20011","Research","2001"
"0000002130","1.0","0000000498","GE","20","19","0","1","0","FYW","Heynen, James","{'fsnum': '3333', 'name': 'Heynen, James'}","100","19","","","","","First Year Writing","111","{'day': 'Tu', 'end': '11:00', 'location': 'L 420', 'start': '09:35'};{'day': 'Th', 'end': '11:00', 'location': 'L 420', 'start': '09:35'}","False","H","1","C","20011","Research","2001"
"0000002131","1.0","0000000498","GE","21","20","0","0","1","FYW","Levine, Signe","{'fsnum': '12295', 'name': 'Levine, Signe'}","100","19","","","","","First Year Writing","111","{'day': 'Tu', 'end': '11:00', 'location': 'TB 227', 'start': '09:35'};{'day': 'Th', 'end': '11:00', 'location': 'TB 227', 'start': '09:35'}","False","I","1","C","20011","Research","2001"
"0000002132","1.0","0000000498","GE","20","17","1","0","2","FYW","Richards, Melanie","{'fsnum': '10436', 'name': 'Richards, Melanie'}","100","19","","","","","First Year Writing","111","{'day': 'Tu', 'end': '11:00', 'location': 'L 421', 'start': '09:35'};{'day': 'Th', 'end': '11:00', 'location': 'L 421', 'start': '09:35'}","False","J","1","C","20011","Research","2001"
"0000002133","1.0","0000000498","GE","19","17","0","0","2","FYW","Frey, Olivia","{'fsnum': '2455', 'name': 'Frey, Olivia'}","100","19","","","","","First Year Writing","111","{'day': 'Th', 'end': '22:00', 'location': 'L 515', 'start': '19:00'}","False","K","1","C","20011","Research","2001"
"0000002134","1.0","0000000498","GE","19","19","0","0","0","FYW","Richards, Melanie","{'fsnum': '10436', 'name': 'Richards, Melanie'}","100","19","","","","","First Year Writing","111","{'day': 'Tu', 'end': '13:10', 'location': 'L 177', 'start': '23:45'};{'day': 'Th', 'end': '13:10', 'location': 'L 177', 'start': '23:45'}","False","L","1","C","20011","Research","2001"
"0000002135","1.0","0000000498","GE","19","16","0","0","3","FYW","Rambachan, Anantanand","{'fsnum': '6535', 'name': 'Rambachan, Anantanand'}","100","19","","","","","First Year Writing","111","{'day': 'Tu', 'end': '13:10', 'location': 'CH 111', 'start': '23:45'};{'day': 'Th', 'end': '13:10', 'location': 'CH 111', 'start': '23:45'}","False","M","1","C","20011","Research","2001"
"0000002136","1.0","0000000498","GE","19","17","0","0","2","FYW","DuRocher, Richard","{'fsnum': '1548', 'name': 'DuRocher, Richard'}","100","19","","","","","First Year Writing","111","{'day': 'Tu', 'end': '14:45', 'location': 'L 421', 'start': '13:20'};{'day': 'Th', 'end': '14:45', 'location': 'L 421', 'start': '13:20'}","False","N","1","C","20011","Research","2001"
"0000002137","1.0","0000000498","GE","19","15","0","0","4","FYW","Mbele, Joseph L.","{'fsnum': '5144', 'name': 'Mbele, Joseph L.'}","100","19","","","","","First Year Writing","111","{'day': 'Tu', 'end': '14:45', 'location': 'L 177', 'start': '13:20'};{'day': 'Th', 'end': '14:45', 'location': 'L 177', 'start': '13:20'}","False","O","1","C","20011","Research","2001"
"0000002138","1.0","0000000498","GE","19","17","0","2","0","FYW","Bauer, Susan","{'fsnum': '338', 'name': 'Bauer, Susan'}","100","19","","","","","First Year Seminar","111","{'day': 'Tu', 'end': '14:45', 'location': 'TB 216', 'start': '13:20'};{'day': 'Th', 'end': '14:45', 'location': 'TB 216', 'start': '13:20'}","False","P","1","C","20011","Research","2001"
"0000002139","1.0","0000000504","GERM","12","7","3","1","1","","Achberger, Karen R.","{'fsnum': '50', 'name': 'Achberger, Karen R.'}","100","","","","","","Beginning German I","111","{'day': 'Mo', 'end': '08:55', 'location': 'M 35', 'start': '08:00'};{'day': 'We', 'end': '08:55', 'location': 'M 35', 'start': '08:00'};{'day': 'Fr', 'end': '08:55', 'location': 'M 35', 'start': '08:00'}","False","A","1","O","20011","Research","2001"
"0000002140","1.0","0000000504","GERM","21","14","0","3","4","","Von Schwerin-High, Frederike","{'fsnum': '8820', 'name': 'Von Schwerin-High, Frederike'}","100","","","","","","Beginning German I","111","{'day': 'Mo', 'end': '12:45', 'location': 'M 35', 'start': '23:50'};{'day': 'We', 'end': '12:45', 'location': 'M 35', 'start': '23:50'};{'day': 'Fr', 'end': '12:45', 'location': 'M 35', 'start': '23:50'}","False","B","1","O","20011","Research","2001"
"0000002141","1.0","0000000505","GERM","25","20","1","3","1","","Fink, Karl","{'fsnum': '2103', 'name': 'Fink, Karl'}","100","30","","","","","Beginning German II","112","{'day': 'Mo', 'end': '10:00', 'location': 'M 4', 'start': '09:05'};{'day': 'We', 'end': '10:00', 'location': 'M 4', 'start': '09:05'};{'day': 'Fr', 'end': '10:00', 'location': 'M 4', 'start': '09:05'}","False","","1","O","20011","Research","2001"
"0000002142","1.0","0000000508","GERM","18","12","0","4","2","","Von Schwerin-High, Frederike","{'fsnum': '8820', 'name': 'Von Schwerin-High, Frederike'}","200","20","","","","","Intermed German I","231","{'day': 'Mo', 'end': '08:55', 'location': 'M 4', 'start': '08:00'};{'day': 'We', 'end': '08:55', 'location': 'M 4', 'start': '08:00'};{'day': 'Fr', 'end': '08:55', 'location': 'M 4', 'start': '08:00'}","False","A","1","O","20011","Research","2001"
"0000002143","1.0","0000000508","GERM","19","10","0","3","6","","Achberger, Karen R.","{'fsnum': '50', 'name': 'Achberger, Karen R.'}","200","20","","","","","Intermed German I","231","{'day': 'Mo', 'end': '11:40', 'location': 'M 35', 'start': '10:45'};{'day': 'We', 'end': '11:40', 'location': 'M 35', 'start': '10:45'};{'day': 'Fr', 'end': '11:40', 'location': 'M 35', 'start': '10:45'}","False","B","1","O","20011","Research","2001"
"0000002144","1.0","0000000508","GERM","17","2","2","10","3","","Fink, Karl","{'fsnum': '2103', 'name': 'Fink, Karl'}","200","20","","","","","Intermed German I","231","{'day': 'Mo', 'end': '14:55', 'location': 'M 4', 'start': '14:00'};{'day': 'We', 'end': '14:55', 'location': 'M 4', 'start': '14:00'};{'day': 'Fr', 'end': '14:55', 'location': 'M 4', 'start': '14:00'}","False","C","1","C","20011","Research","2001"
"0000002145","1.0","0000000509","GERM","15","13","0","0","2","FOL-G","Rippley, Lavern","{'fsnum': '6671', 'name': 'Rippley, Lavern'}","200","20","","","","","Intermed German II","232","{'day': 'Mo', 'end': '10:00', 'location': 'M 35', 'start': '09:05'};{'day': 'We', 'end': '10:00', 'location': 'M 35', 'start': '09:05'};{'day': 'Fr', 'end': '10:00', 'location': 'M 35', 'start': '09:05'}","False","A","1","O","20011","Research","2001"
"0000002146","1.0","0000000509","GERM","21","3","2","13","3","FOL-G","Fink, Karl","{'fsnum': '2103', 'name': 'Fink, Karl'}","200","20","","","","","Intermed German II","232","{'day': 'Mo', 'end': '13:50', 'location': 'L 177', 'start': '12:55'};{'day': 'We', 'end': '13:50', 'location': 'L 177', 'start': '12:55'};{'day': 'Fr', 'end': '13:50', 'location': 'L 177', 'start': '12:55'}","False","B","1","C","20011","Research","2001"
"0000002147","1.0","0000001757","GERM","7","1","1","5","0","FOL-G;WRI","Von Schwerin-High, Frederike","{'fsnum': '8820', 'name': 'Von Schwerin-High, Frederike'}","200","","","","","","Writing German","251","{'day': 'Mo', 'end': '13:50', 'location': 'M 3', 'start': '12:55'};{'day': 'We', 'end': '13:50', 'location': 'M 3', 'start': '12:55'};{'day': 'Fr', 'end': '13:50', 'location': 'M 3', 'start': '12:55'}","False","","1","O","20011","Research","2001"
"0000002148","1.0","0000001759","GERM","16","2","1","8","5","FOL-G;HWC;ORC","Rippley, Lavern","{'fsnum': '6671', 'name': 'Rippley, Lavern'}","200","","","","","","German History","265","{'day': 'Tu', 'end': '11:00', 'location': 'M 35', 'start': '09:35'};{'day': 'Th', 'end': '11:00', 'location': 'M 35', 'start': '09:35'}","False","","1","O","20011","Research","2001"
"0000002149","1.0","0000001762","GERM","4","0","1","0","3","ALS-L;FOL-G;ORC","Achberger, Karen R.","{'fsnum': '50', 'name': 'Achberger, Karen R.'}","300","","","","","","Sem: Austrian Lit","350","{'day': 'Tu', 'end': '14:45', 'location': 'M 35', 'start': '13:20'};{'day': 'Th', 'end': '14:45', 'location': 'M 35', 'start': '13:20'}","False","","1","O","20011","Seminar","2001"
"0000002150","1.0","0000000529","GERM","1","0","0","0","1","","Fink, Karl","{'fsnum': '2103', 'name': 'Fink, Karl'}","300","","","","","","Academic Internship","394","","True","","1","O","20011","Research","2001"
"0000002158","1.0","0000000539","GREEK","8","5","0","3","0","","Reece, Steve T.","{'fsnum': '6626', 'name': 'Reece, Steve T.'}","100","30","","","","","Beginning Greek I","111","{'day': 'Mo', 'end': '08:55', 'location': 'M 30', 'start': '08:00'};{'day': 'We', 'end': '08:55', 'location': 'M 30', 'start': '08:00'};{'day': 'Fr', 'end': '08:55', 'location': 'M 30', 'start': '08:00'}","False","A","1","O","20011","Research","2001"
"0000002159","1.0","0000000539","GREEK","19","7","4","7","1","","Reece, Steve T.","{'fsnum': '6626', 'name': 'Reece, Steve T.'}","100","30","","","","","Beginning Greek I","111","{'day': 'Mo', 'end': '10:00', 'location': 'M 30', 'start': '09:05'};{'day': 'We', 'end': '10:00', 'location': 'M 30', 'start': '09:05'};{'day': 'Fr', 'end': '10:00', 'location': 'M 30', 'start': '09:05'}","False","B","1","C","20011","Research","2001"
"0000002160","1.0","0000000541","GREEK","16","0","5","8","3","FOL-K","May, James","{'fsnum': '5130', 'name': 'May, James'}","200","","","","","","Intermediate Greek","231","{'day': 'Mo', 'end': '14:55', 'location': 'M 30', 'start': '14:00'};{'day': 'We', 'end': '14:55', 'location': 'M 30', 'start': '14:00'};{'day': 'Fr', 'end': '14:55', 'location': 'M 30', 'start': '14:00'}","False","","1","O","20011","Research","2001"
"0000002161","1.0","0000000549","GREEK","4","0","2","0","2","FOL-K","Reece, Steve T.","{'fsnum': '6626', 'name': 'Reece, Steve T.'}","300","","","","","","Homer & Greek Epic","375","{'day': 'Tu', 'end': '11:00', 'location': 'M 36', 'start': '09:35'};{'day': 'Th', 'end': '11:00', 'location': 'M 36', 'start': '09:35'}","False","","1","O","20011","Research","2001"
"0000002162","1.0","0000001769","HIST","28","23","0","0","5","HWC;WRI","Olson, Richard A.","{'fsnum': '5932', 'name': 'Olson, Richard A.'}","100","25","","","","","Athens & Rome","101","{'day': 'Mo', 'end': '08:55', 'location': 'H 501', 'start': '08:00'};{'day': 'We', 'end': '08:55', 'location': 'H 501', 'start': '08:00'};{'day': 'Fr', 'end': '08:55', 'location': 'H 501', 'start': '08:00'}","False","","1","C","20011","Research","2001"
"0000002163","1.0","0000000556","HIST","21","19","0","0","2","HWC;WRI","Nichols, Robert","{'fsnum': '5608', 'name': 'Nichols, Robert'}","100","23","","","","","Fall Russian Monarchy","108","{'day': 'Tu', 'end': '14:45', 'location': 'SC 184', 'start': '13:20'};{'day': 'Th', 'end': '14:45', 'location': 'SC 184', 'start': '13:20'}","False","","1","O","20011","Research","2001"
"0000002164","1.0","0000000557","HIST","22","19","0","0","3","HWC;WRI","Peters, Dolores","{'fsnum': '6245', 'name': 'Peters, Dolores'}","100","23","","","","","Europe/Great War","116","{'day': 'Tu', 'end': '11:00', 'location': 'M 15', 'start': '09:35'};{'day': 'Th', 'end': '11:00', 'location': 'M 15', 'start': '09:35'}","False","","1","O","20011","Research","2001"
"0000002165","1.0","0000001780","HIST","24","21","0","0","3","MCS-G;WRI","Blake, Stephen","{'fsnum': '609', 'name': 'Blake, Stephen'}","100","23","","","","","Mahatma Gandhi","122","{'day': 'Tu', 'end': '13:10', 'location': 'M 31', 'start': '23:45'};{'day': 'Th', 'end': '13:10', 'location': 'M 31', 'start': '23:45'}","False","","1","C","20011","Research","2001"
"0000002166","1.0","0000001794","HIST","22","21","0","0","1","HWC;MCS-D;WRI","Shaw, Rachel","{'fsnum': '14133', 'name': 'Shaw, Rachel'}","100","23","","","","","The American West","133","{'day': 'Mo', 'end': '14:55', 'location': 'H 403', 'start': '14:00'};{'day': 'We', 'end': '14:55', 'location': 'H 403', 'start': '14:00'};{'day': 'Fr', 'end': '14:55', 'location': 'H 403', 'start': '14:00'}","False","","1","O","20011","Research","2001"
"0000002167","1.0","0000000569","HIST","24","19","0","2","3","HWC;MCS-D;WRI","Fitzgerald, Michael","{'fsnum': '2113', 'name': 'Fitzgerald, Michael'}","100","23","","","","","Civil Rights Revolutn","145","{'day': 'Mo', 'end': '13:50', 'location': 'H 516', 'start': '12:55'};{'day': 'We', 'end': '13:50', 'location': 'H 516', 'start': '12:55'};{'day': 'Fr', 'end': '13:50', 'location': 'H 516', 'start': '12:55'}","False","","1","C","20011","Research","2001"
"0000002168","1.0","0000000573","HIST","32","7","6","12","7","HWC","Carrington, J. L.","{'fsnum': '971', 'name': 'Carrington, J. L.'}","100","30","","","","","Ancient/Med Europe","190","{'day': 'Mo', 'end': '14:55', 'location': 'H 501', 'start': '14:00'};{'day': 'We', 'end': '14:55', 'location': 'H 501', 'start': '14:00'};{'day': 'Fr', 'end': '14:55', 'location': 'H 501', 'start': '14:00'}","False","","1","C","20011","Research","2001"
"0000002169","1.0","0000001816","HIST","26","1","6","10","9","HWC;MCS-D","Hahn, Steve C.","{'fsnum': '13148', 'name': 'Hahn, Steve C.'}","200","28","","","","","America 1490-1865","205","{'day': 'Mo', 'end': '10:00', 'location': 'L 177', 'start': '09:05'};{'day': 'We', 'end': '10:00', 'location': 'L 177', 'start': '09:05'};{'day': 'Fr', 'end': '10:00', 'location': 'L 177', 'start': '09:05'}","False","A","1","C","20011","Research","2001"
"0000002170","1.0","0000001816","HIST","30","2","15","5","8","HWC;MCS-D","Hahn, Steve C.","{'fsnum': '13148', 'name': 'Hahn, Steve C.'}","200","28","","","","","America 1490-1865","205","{'day': 'Mo', 'end': '11:40', 'location': 'H 301', 'start': '10:45'};{'day': 'We', 'end': '11:40', 'location': 'H 301', 'start': '10:45'};{'day': 'Fr', 'end': '11:40', 'location': 'H 301', 'start': '10:45'}","False","B","1","C","20011","Research","2001"
"0000002171","1.0","0000001813","HIST","52","0","22","15","15","HWC","Olson, Richard A.","{'fsnum': '5932', 'name': 'Olson, Richard A.'}","200","35","","","","","Ancient: Mid E/Greece","210","{'day': 'Tu', 'end': '09:25', 'location': 'H 501', 'start': '08:00'};{'day': 'Th', 'end': '09:25', 'location': 'H 501', 'start': '08:00'}","False","","1","C","20011","Research","2001"
"0000002172","1.0","0000000595","HIST","37","3","10","18","6","HWC;WRI","Nichols, Robert","{'fsnum': '5608', 'name': 'Nichols, Robert'}","200","35","","","","","Imperial Russia","222","{'day': 'Mo', 'end': '14:55', 'location': 'H 413', 'start': '14:00'};{'day': 'We', 'end': '14:55', 'location': 'H 413', 'start': '14:00'};{'day': 'Fr', 'end': '14:55', 'location': 'H 413', 'start': '14:00'}","False","","1","C","20011","Research","2001"
"0000002173","0.25","0000016224","HIST","2","0","2","0","0","","Walter, Irina","{'fsnum': '8888', 'name': 'Walter, Irina'}","200","","","","","","FLC - Russian","222","","False","L","1","O","20011","FLAC","2001"
"0000002174","1.0","0000000593","HIST","25","2","4","11","8","HWC;WRI","Peters, Dolores","{'fsnum': '6245', 'name': 'Peters, Dolores'}","200","35","","","","","Modern France","226","{'day': 'Mo', 'end': '12:45', 'location': 'H 301', 'start': '23:50'};{'day': 'We', 'end': '12:45', 'location': 'H 301', 'start': '23:50'};{'day': 'Fr', 'end': '12:45', 'location': 'H 301', 'start': '23:50'}","False","","1","O","20011","Research","2001"
"0000002175","0.25","0000000593","HIST","11","0","2","6","3","","Peters, Dolores","{'fsnum': '6245', 'name': 'Peters, Dolores'}","200","","","","","","FLC-French","226","{'day': 'We', 'end': '14:55', 'location': 'M 15', 'start': '14:00'}","False","L","1","O","20011","Research","2001"
"0000002176","1.0","0000000616","HIST","35","0","13","5","17","HWC;MCS-D;WRI","Kutulas, Judy","{'fsnum': '4583', 'name': 'Kutulas, Judy'}","200","35","","","","","Women in America","240","{'day': 'Mo', 'end': '10:00', 'location': 'H 413', 'start': '09:05'};{'day': 'We', 'end': '10:00', 'location': 'H 413', 'start': '09:05'};{'day': 'Fr', 'end': '10:00', 'location': 'H 413', 'start': '09:05'}","False","","1","C","20011","Research","2001"
"0000002177","1.0","0000000621","HIST","34","2","6","17","9","HWC;MCS-D","Fitzgerald, Michael","{'fsnum': '2113', 'name': 'Fitzgerald, Michael'}","200","35","","","","","America in Civil War","244","{'day': 'Tu', 'end': '14:45', 'location': 'H 413', 'start': '13:20'};{'day': 'Th', 'end': '14:45', 'location': 'H 413', 'start': '13:20'}","False","","1","O","20011","Research","2001"
"0000002178","1.0","0000000617","HIST","30","0","10","8","12","HWC;WRI","Shaw, Rachel","{'fsnum': '14133', 'name': 'Shaw, Rachel'}","200","35","","","","","Amer Environmental","246","{'day': 'Mo', 'end': '11:40', 'location': 'M 1', 'start': '10:45'};{'day': 'We', 'end': '11:40', 'location': 'M 1', 'start': '10:45'};{'day': 'Fr', 'end': '11:40', 'location': 'M 1', 'start': '10:45'}","False","","1","C","20011","Research","2001"
"0000002179","1.0","0000000608","HIST","36","0","8","15","13","ALS-L;MCS-G","Entenmann, Robert","{'fsnum': '1821', 'name': 'Entenmann, Robert'}","200","30","","","","","Chinese Civilization","260","{'day': 'Mo', 'end': '10:00', 'location': 'M 31', 'start': '09:05'};{'day': 'We', 'end': '10:00', 'location': 'M 31', 'start': '09:05'};{'day': 'Fr', 'end': '10:00', 'location': 'M 31', 'start': '09:05'}","False","","1","C","20011","Research","2001"
"0000002180","0.25","0000000608","HIST","1","0","1","0","0","","Entenmann, Robert","{'fsnum': '1821', 'name': 'Entenmann, Robert'}","200","","","","","","FLC-Chinese","260","","False","L","1","O","20011","Research","2001"
"0000002181","1.0","0000000611","HIST","20","1","2","11","6","MCS-G","Davison, Gary","{'fsnum': '14189', 'name': 'Davison, Gary'}","200","30","","","","","Modern Japan","263","{'day': 'Tu', 'end': '14:45', 'location': 'M 15', 'start': '13:20'};{'day': 'Th', 'end': '14:45', 'location': 'M 15', 'start': '13:20'}","False","","1","O","20011","Research","2001"
"0000002182","1.0","0000000614","HIST","33","0","12","14","7","MCS-G;WRI","Blake, Stephen","{'fsnum': '609', 'name': 'Blake, Stephen'}","200","35","","","","","Modern Middle East","270","{'day': 'Tu', 'end': '11:00', 'location': 'M 31', 'start': '09:35'};{'day': 'Th', 'end': '11:00', 'location': 'M 31', 'start': '09:35'}","False","","1","O","20011","Research","2001"
"0000002183","1.0","0000000612","HIST","24","1","10","6","7","MCS-G","Monson, Jamie","{'fsnum': '10012', 'name': 'Monson, Jamie'}","200","35","","","","","South Africa","277","{'day': 'Mo', 'end': '13:50', 'location': 'H 301', 'start': '12:55'};{'day': 'We', 'end': '13:50', 'location': 'H 301', 'start': '12:55'};{'day': 'Fr', 'end': '13:50', 'location': 'H 301', 'start': '12:55'}","False","","1","O","20011","Research","2001"
"0000002184","1.0","0000001862","HIST","17","0","5","0","12","","Peters, Dolores","{'fsnum': '6245', 'name': 'Peters, Dolores'}","300","16","","","","","Eur Sem: Holocaust","314","{'day': 'Tu', 'end': '14:45', 'location': 'M 21', 'start': '13:20'};{'day': 'Th', 'end': '14:45', 'location': 'M 21', 'start': '13:20'}","False","","1","C","20011","Seminar","2001"
"0000002185","1.0","0000001869","HIST","22","0","7","1","14","","Hahn, Steve C.","{'fsnum': '13148', 'name': 'Hahn, Steve C.'}","300","17","","","","","Us Sem: Revolution","345","{'day': 'Tu', 'end': '13:10', 'location': 'H 514', 'start': '23:45'};{'day': 'Th', 'end': '13:10', 'location': 'H 514', 'start': '23:45'}","False","","1","C","20011","Seminar","2001"
"0000002186","1.0","0000000641","HIST","15","1","0","0","14","WRI","Fitzgerald, Michael","{'fsnum': '2113', 'name': 'Fitzgerald, Michael'}","300","14","","","","","Senior Thesis Seminar","396","{'day': 'Tu', 'end': '11:00', 'location': 'L 577', 'start': '09:35'};{'day': 'Th', 'end': '11:00', 'location': 'L 577', 'start': '09:35'}","False","","1","C","20011","Seminar","2001"
"0000002187","1.0","0000000642","HIST","1","0","0","0","1","","Olson, Richard A.","{'fsnum': '5932', 'name': 'Olson, Richard A.'}","300","","","","","","IR/Arhnaton","398","","False","","1","O","20011","Research","2001"
"0000002188","1.0","0000000642","HIST","1","0","0","0","1","","Carrington, J. L.","{'fsnum': '971', 'name': 'Carrington, J. L.'}","300","","","","","","IR/Wm in Med Britain","398","","False","A","1","O","20011","Research","2001"
"0000002189","1.0","0000000642","HIST","1","0","0","0","1","","Monson, Jamie","{'fsnum': '10012', 'name': 'Monson, Jamie'}","300","","","","","","IR/Africans in WWi","398","","False","B","1","O","20011","Research","2001"
"0000002190","1.0","0000000642","HIST","1","0","1","0","0","WRI","Olson, Richard A.","{'fsnum': '5932', 'name': 'Olson, Richard A.'}","300","","","","","","IR/Knights Templar","398","","False","C","1","O","20011","Research","2001"
"0000002208","1.0","0000001908","ID","15","1","2","1","11","MAR;ORC","Allen, Richard","{'fsnum': '97', 'name': 'Allen, Richard'}","200","15","","","","","Geo Frms/Images ISlam","224","","False","","1","O","20011","Research","2001"
"0000002209","1.0","0000000697","ID","40","1","7","2","30","EIN;WRI","Taliaferro, Charles;Carrington, J. L.","{'fsnum': '8230', 'name': 'Taliaferro, Charles'};{'fsnum': '971', 'name': 'Carrington, J. L.'}","200","40","","","","","War and Peace","238","{'day': 'Tu', 'end': '14:45', 'location': 'H 307', 'start': '13:20'};{'day': 'Th', 'end': '14:45', 'location': 'H 307', 'start': '13:20'}","False","","1","C","20011","Research","2001"
"0000002109","1.0","0000000469","IDFA","46","14","3","19","10","ALS-A;ORC","Bauer, Susan","{'fsnum': '338', 'name': 'Bauer, Susan'}","100","45","","5","10","5","Exploring the Arts","174","{'day': 'Tu', 'end': '11:00', 'location': 'CHM 233', 'start': '09:35'};{'day': 'Th', 'end': '11:00', 'location': 'CHM 233', 'start': '09:35'}","False","","1","C","20011","Research","2001"
"0000002203","1.0","0000000677","IS","12","0","4","0","8","HWC","Carrington, J. L.","{'fsnum': '971', 'name': 'Carrington, J. L.'}","200","20","","","","","Top: Media Revs/Hist","206","{'day': 'Tu', 'end': '13:10', 'location': 'TB 216', 'start': '23:45'};{'day': 'Th', 'end': '13:10', 'location': 'TB 216', 'start': '23:45'}","False","","1","O","20011","Topic","2001"
"0000002204","0.5","0000000685","IS","5","0","3","1","1","","Booth, David","{'fsnum': '712', 'name': 'Booth, David'}","200","6","","","","","Coll: Educ & Soc Respons","250","{'day': 'Th', 'end': '14:45', 'location': 'CH 111', 'start': '13:20'}","False","","1","C","20011","Research","2001"
"0000002205","1.0","0000000689","IS","9","0","0","0","9","","Staff","{'fsnum': '', 'name': 'Staff'}","300","","","","","","Senior Project I","391","","True","","1","O","20011","Research","2001"
"0000002206","1.0","0000000692","IS","1","0","0","0","1","","Marsalek, Karen E.","{'fsnum': '10015', 'name': 'Marsalek, Karen E.'}","300","","","","","","IR/Phonetics and L2","398","","False","","1","O","20011","Research","2001"
"0000002207","1.0","0000000692","IS","1","0","0","0","1","","Robinson, Marc","{'fsnum': '6710', 'name': 'Robinson, Marc'}","300","","","","","","IR/Film Criticism","398","","False","A","1","O","20011","Research","2001"
"0000002194","1.0","0000000658","JAPAN","6","4","0","2","0","","Jorenby, Marnie","{'fsnum': '14800', 'name': 'Jorenby, Marnie'}","100","15","","","","","Beginning Japanese I","111","{'day': 'Mo', 'end': '11:40', 'location': 'M 2', 'start': '10:45'};{'day': 'We', 'end': '11:40', 'location': 'M 2', 'start': '10:45'};{'day': 'Fr', 'end': '11:40', 'location': 'M 2', 'start': '10:45'};{'day': 'Tu', 'end': '14:55', 'location': 'M 2', 'start': '14:00'}","False","A","1","O","20011","Research","2001"
"0000002195","1.0","0000000658","JAPAN","8","5","0","2","1","","Jorenby, Marnie","{'fsnum': '14800', 'name': 'Jorenby, Marnie'}","100","15","","","","","Beginning Japanese I","111","{'day': 'Mo', 'end': '12:45', 'location': 'M 4', 'start': '23:50'};{'day': 'We', 'end': '12:45', 'location': 'M 4', 'start': '23:50'};{'day': 'Fr', 'end': '12:45', 'location': 'M 4', 'start': '23:50'};{'day': 'Tu', 'end': '16:00', 'location': 'M 2', 'start': '15:05'}","False","B","1","O","20011","Research","2001"
"0000002196","1.0","0000000658","JAPAN","9","3","2","2","2","","Jorenby, Marnie","{'fsnum': '14800', 'name': 'Jorenby, Marnie'}","100","15","","","","","Beginning Japanese I","111","{'day': 'Mo', 'end': '11:40', 'location': 'M 2', 'start': '10:45'};{'day': 'We', 'end': '11:40', 'location': 'M 2', 'start': '10:45'};{'day': 'Fr', 'end': '11:40', 'location': 'M 2', 'start': '10:45'};{'day': 'Tu', 'end': '16:00', 'location': 'M 2', 'start': '15:05'}","False","C","1","O","20011","Research","2001"
"0000002197","1.0","0000000658","JAPAN","1","1","0","0","0","","Jorenby, Marnie","{'fsnum': '14800', 'name': 'Jorenby, Marnie'}","100","15","","","","","Beginning Japanese I","111","{'day': 'Mo', 'end': '12:45', 'location': 'M 4', 'start': '23:50'};{'day': 'We', 'end': '12:45', 'location': 'M 4', 'start': '23:50'};{'day': 'Fr', 'end': '12:45', 'location': 'M 4', 'start': '23:50'};{'day': 'Tu', 'end': '14:55', 'location': 'M 2', 'start': '14:00'}","False","D","1","O","20011","Research","2001"
"0000002198","1.0","0000000662","JAPAN","19","4","2","11","2","FOL-J","Larson, Phyllis Hyland","{'fsnum': '4624', 'name': 'Larson, Phyllis Hyland'}","200","30","","","","","Intermed Japanese I","231","{'day': 'Mo', 'end': '13:50', 'location': 'M 1', 'start': '12:55'};{'day': 'We', 'end': '13:50', 'location': 'M 1', 'start': '12:55'};{'day': 'Fr', 'end': '13:50', 'location': 'M 1', 'start': '12:55'}","False","","1","O","20011","Research","2001"
"0000002199","1.0","0000000666","JAPAN","5","1","2","2","0","FOL-J","Jorenby, Marnie","{'fsnum': '14800', 'name': 'Jorenby, Marnie'}","200","30","","","","","Advanced Japanese I","251","{'day': 'Mo', 'end': '14:55', 'location': 'M 3', 'start': '14:00'};{'day': 'We', 'end': '14:55', 'location': 'M 3', 'start': '14:00'};{'day': 'Fr', 'end': '14:55', 'location': 'M 3', 'start': '14:00'}","False","","1","O","20011","Research","2001"
"0000002200","1.0","0000000669","JAPAN","2","0","1","1","0","","Larson, Phyllis Hyland","{'fsnum': '4624', 'name': 'Larson, Phyllis Hyland'}","200","","","","","","IS/4th Year Japanese","298","","False","","1","O","20011","Research","2001"
"0000002201","1.0","0000000669","JAPAN","1","0","0","1","0","","Larson, Kjersten","{'fsnum': '14192', 'name': 'Larson, Kjersten'}","200","","","","","","IS/Japanese Study","298","","False","A","1","O","20011","Research","2001"
"0000002202","1.0","0000000669","JAPAN","1","0","0","0","1","","Larson, Phyllis Hyland","{'fsnum': '4624', 'name': 'Larson, Phyllis Hyland'}","200","1","","","","","IS/Japanese","298","","False","B","1","O","20011","Research","2001"
"0000002211","1.0","0000000711","LATIN","27","17","1","8","1","","May, James","{'fsnum': '5130', 'name': 'May, James'}","100","30","","","","","Beginning Latin I","111","{'day': 'Mo', 'end': '08:55', 'location': 'M 31', 'start': '08:00'};{'day': 'We', 'end': '08:55', 'location': 'M 31', 'start': '08:00'};{'day': 'Fr', 'end': '08:55', 'location': 'M 31', 'start': '08:00'}","False","A","1","O","20011","Research","2001"
"0000002212","1.0","0000000711","LATIN","25","18","4","1","2","","Reece, Steve T.","{'fsnum': '6626', 'name': 'Reece, Steve T.'}","100","30","","","","","Beginning Latin I","111","{'day': 'Mo', 'end': '11:40', 'location': 'M 15', 'start': '10:45'};{'day': 'We', 'end': '11:40', 'location': 'M 15', 'start': '10:45'};{'day': 'Fr', 'end': '11:40', 'location': 'M 15', 'start': '10:45'}","False","B","1","O","20011","Research","2001"
"0000002213","1.0","0000000713","LATIN","21","0","2","13","6","FOL-L","Compton-Engle, Gwendolyn","{'fsnum': '1216', 'name': 'Compton-Engle, Gwendolyn'}","200","25","","","","","Intermediate Latin","231","{'day': 'Mo', 'end': '12:45', 'location': 'M 31', 'start': '23:50'};{'day': 'We', 'end': '12:45', 'location': 'M 31', 'start': '23:50'};{'day': 'Fr', 'end': '12:45', 'location': 'M 31', 'start': '23:50'}","False","A","1","O","20011","Research","2001"
"0000002214","1.0","0000000713","LATIN","17","4","1","10","2","FOL-L","Compton-Engle, Gwendolyn","{'fsnum': '1216', 'name': 'Compton-Engle, Gwendolyn'}","200","25","","","","","Intermediate Latin","231","{'day': 'Mo', 'end': '13:50', 'location': 'M 31', 'start': '12:55'};{'day': 'We', 'end': '13:50', 'location': 'M 31', 'start': '12:55'};{'day': 'Fr', 'end': '13:50', 'location': 'M 31', 'start': '12:55'}","False","B","1","O","20011","Research","2001"
"0000002215","1.0","0000000723","LATIN","7","0","3","2","2","FOL-L","Groton, Anne","{'fsnum': '2771', 'name': 'Groton, Anne'}","300","","","","","","Roman Drama","375","{'day': 'Tu', 'end': '14:45', 'location': 'M 36', 'start': '13:20'};{'day': 'Th', 'end': '14:45', 'location': 'M 36', 'start': '13:20'}","False","","1","O","20011","Research","2001"
"0000002216","1.0","0000000727","MATH","11","10","0","1","0","","Bolstad, Peder","{'fsnum': '661', 'name': 'Bolstad, Peder'}","100","20","","","","","Calculus/Algebra I","109","{'day': 'Mo', 'end': '08:55', 'location': 'M 1', 'start': '08:00'};{'day': 'Tu', 'end': '08:55', 'location': 'M 1', 'start': '08:00'};{'day': 'We', 'end': '08:55', 'location': 'M 1', 'start': '08:00'};{'day': 'Th', 'end': '08:55', 'location': 'M 1', 'start': '08:00'};{'day': 'Fr', 'end': '08:55', 'location': 'M 1', 'start': '08:00'}","False","","1","O","20011","Research","2001"
"0000002217","1.0","0000000728","MATH","33","4","8","14","7","MAR","Molnar, David","{'fsnum': '13170', 'name': 'Molnar, David'}","100","35","","","","","Gateways/Mathematics","117","{'day': 'Tu', 'end': '13:10', 'location': 'SC 182', 'start': '23:45'};{'day': 'Th', 'end': '13:10', 'location': 'SC 182', 'start': '23:45'}","False","","1","O","20011","Research","2001"
"0000002218","1.0","0000000731","MATH","26","23","0","0","3","MAR","Corzatt, Clifton","{'fsnum': '1237', 'name': 'Corzatt, Clifton'}","100","32","","","","","Calculus I","120","{'day': 'Mo', 'end': '08:55', 'location': 'SC 130', 'start': '08:00'};{'day': 'We', 'end': '08:55', 'location': 'SC 130', 'start': '08:00'};{'day': 'Fr', 'end': '08:55', 'location': 'SC 130', 'start': '08:00'}","False","A","1","O","20011","Research","2001"
"0000002219","1.0","0000000731","MATH","30","24","1","4","1","MAR","Humke, Paul","{'fsnum': '3558', 'name': 'Humke, Paul'}","100","32","","","","","Calculus I","120","{'day': 'Mo', 'end': '08:55', 'location': 'SC 182', 'start': '08:00'};{'day': 'We', 'end': '08:55', 'location': 'SC 182', 'start': '08:00'};{'day': 'Fr', 'end': '08:55', 'location': 'SC 182', 'start': '08:00'}","False","B","1","O","20011","Research","2001"
"0000002220","1.0","0000000731","MATH","30","27","0","0","3","MAR","Smith, Kay E.","{'fsnum': '7593', 'name': 'Smith, Kay E.'}","100","32","","","","","Calculus I","120","{'day': 'Mo', 'end': '10:00', 'location': 'SC 188', 'start': '09:05'};{'day': 'We', 'end': '10:00', 'location': 'SC 188', 'start': '09:05'};{'day': 'Fr', 'end': '10:00', 'location': 'SC 188', 'start': '09:05'}","False","C","1","O","20011","Research","2001"
"0000002221","1.0","0000000731","MATH","28","19","0","5","4","MAR","Zorn, Paul","{'fsnum': '9206', 'name': 'Zorn, Paul'}","100","32","","","","","Calculus I","120","{'day': 'Mo', 'end': '11:40', 'location': 'SC 186', 'start': '10:45'};{'day': 'We', 'end': '11:40', 'location': 'SC 186', 'start': '10:45'};{'day': 'Fr', 'end': '11:40', 'location': 'SC 186', 'start': '10:45'}","False","D","1","O","20011","Research","2001"
"0000002222","1.0","0000000731","MATH","30","24","0","2","4","MAR","Hamilton, Doreen","{'fsnum': '14136', 'name': 'Hamilton, Doreen'}","100","32","","","","","Calculus I","120","{'day': 'Mo', 'end': '11:40', 'location': 'SC 374', 'start': '10:45'};{'day': 'We', 'end': '11:40', 'location': 'SC 374', 'start': '10:45'};{'day': 'Fr', 'end': '11:40', 'location': 'SC 374', 'start': '10:45'}","False","E","1","O","20011","Research","2001"
"0000002223","1.0","0000000731","MATH","32","28","1","2","1","MAR","Smith, Kay E.","{'fsnum': '7593', 'name': 'Smith, Kay E.'}","100","32","","","","","Calculus I","120","{'day': 'Mo', 'end': '12:45', 'location': 'SC 182', 'start': '23:50'};{'day': 'We', 'end': '12:45', 'location': 'SC 182', 'start': '23:50'};{'day': 'Fr', 'end': '12:45', 'location': 'SC 182', 'start': '23:50'}","False","F","1","C","20011","Research","2001"
"0000002224","1.0","0000000731","MATH","24","22","0","1","1","MAR","Brown, Richard","{'fsnum': '806', 'name': 'Brown, Richard'}","100","32","","","","","Calculus I","120","{'day': 'Mo', 'end': '13:50', 'location': 'SC 184', 'start': '12:55'};{'day': 'We', 'end': '13:50', 'location': 'SC 184', 'start': '12:55'};{'day': 'Fr', 'end': '13:50', 'location': 'SC 184', 'start': '12:55'}","False","G","1","O","20011","Research","2001"
"0000002225","1.0","0000000731","MATH","22","20","0","2","0","MAR","Molnar, David","{'fsnum': '13170', 'name': 'Molnar, David'}","100","32","","","","","Calculus I","120","{'day': 'Mo', 'end': '14:55', 'location': 'SC 186', 'start': '14:00'};{'day': 'We', 'end': '14:55', 'location': 'SC 186', 'start': '14:00'};{'day': 'Fr', 'end': '14:55', 'location': 'SC 186', 'start': '14:00'}","False","H","1","O","20011","Research","2001"
"0000002226","1.0","0000000731","MATH","18","16","0","2","0","MAR","Hamilton, Doreen","{'fsnum': '14136', 'name': 'Hamilton, Doreen'}","100","32","","","","","Calculus I","120","{'day': 'Mo', 'end': '14:55', 'location': 'SC 130', 'start': '14:00'};{'day': 'We', 'end': '14:55', 'location': 'SC 130', 'start': '14:00'};{'day': 'Fr', 'end': '14:55', 'location': 'SC 130', 'start': '14:00'}","False","I","1","O","20011","Research","2001"
"0000002227","1.0","0000000732","MATH","26","25","1","0","0","MAR","Hanson, Bruce","{'fsnum': '3033', 'name': 'Hanson, Bruce'}","100","30","","","","","Math Analysis I","122","{'day': 'Mo', 'end': '11:40', 'location': 'SC 182', 'start': '10:45'};{'day': 'We', 'end': '11:40', 'location': 'SC 182', 'start': '10:45'};{'day': 'Fr', 'end': '11:40', 'location': 'SC 182', 'start': '10:45'}","False","A","1","C","20011","Research","2001"
"0000002228","1.0","0000000732","MATH","19","13","0","2","4","MAR","Dietz, Jill","{'fsnum': '1380', 'name': 'Dietz, Jill'}","100","30","","","","","Math Analysis I","122","{'day': 'Mo', 'end': '12:45', 'location': 'SC 188', 'start': '23:50'};{'day': 'We', 'end': '12:45', 'location': 'SC 188', 'start': '23:50'};{'day': 'Fr', 'end': '12:45', 'location': 'SC 188', 'start': '23:50'}","False","B","1","O","20011","Research","2001"
"0000002229","1.0","0000000732","MATH","24","22","0","0","2","MAR","Molnar, David","{'fsnum': '13170', 'name': 'Molnar, David'}","100","30","","","","","Math Analysis I","122","{'day': 'Mo', 'end': '13:50', 'location': 'SC 129', 'start': '12:55'};{'day': 'We', 'end': '13:50', 'location': 'SC 129', 'start': '12:55'};{'day': 'Fr', 'end': '13:50', 'location': 'SC 129', 'start': '12:55'}","False","C","1","O","20011","Research","2001"
"0000002230","1.0","0000000732","MATH","8","6","0","0","2","MAR","Zorn, Paul","{'fsnum': '9206', 'name': 'Zorn, Paul'}","100","30","","","","","Math Analysis I","122","{'day': 'Mo', 'end': '14:55', 'location': 'SC 188', 'start': '14:00'};{'day': 'We', 'end': '14:55', 'location': 'SC 188', 'start': '14:00'};{'day': 'Fr', 'end': '14:55', 'location': 'SC 188', 'start': '14:00'}","False","D","1","O","20011","Research","2001"
"0000002231","1.0","0000000733","MATH","27","14","2","7","4","MAR","Hamilton, Doreen","{'fsnum': '14136', 'name': 'Hamilton, Doreen'}","100","35","","","","","Calculus II","126","{'day': 'Mo', 'end': '10:00', 'location': 'SC 130', 'start': '09:05'};{'day': 'We', 'end': '10:00', 'location': 'SC 130', 'start': '09:05'};{'day': 'Fr', 'end': '10:00', 'location': 'SC 130', 'start': '09:05'}","False","","1","O","20011","Research","2001"
"0000002232","1.0","0000000734","MATH","22","21","0","1","0","MAR","Wallace, Martha","{'fsnum': '8879', 'name': 'Wallace, Martha'}","100","30","","","","","Math Analysis II","128","{'day': 'Mo', 'end': '08:55', 'location': 'SC 188', 'start': '08:00'};{'day': 'We', 'end': '08:55', 'location': 'SC 188', 'start': '08:00'};{'day': 'Fr', 'end': '08:55', 'location': 'SC 188', 'start': '08:00'}","False","A","1","O","20011","Research","2001"
"0000002233","1.0","0000000734","MATH","28","27","0","1","0","MAR","Corzatt, Clifton","{'fsnum': '1237', 'name': 'Corzatt, Clifton'}","100","30","","","","","Math Analysis II","128","{'day': 'Mo', 'end': '10:00', 'location': 'SC 184', 'start': '09:05'};{'day': 'We', 'end': '10:00', 'location': 'SC 184', 'start': '09:05'};{'day': 'Fr', 'end': '10:00', 'location': 'SC 184', 'start': '09:05'}","False","B","1","O","20011","Research","2001"
"0000002234","1.0","0000000734","MATH","24","17","1","3","3","MAR","Humke, Paul","{'fsnum': '3558', 'name': 'Humke, Paul'}","100","30","","","","","Math Analysis II","128","{'day': 'Mo', 'end': '11:40', 'location': 'SC 130', 'start': '10:45'};{'day': 'We', 'end': '11:40', 'location': 'SC 130', 'start': '10:45'};{'day': 'Fr', 'end': '11:40', 'location': 'SC 130', 'start': '10:45'}","False","C","1","O","20011","Research","2001"
"0000002235","1.0","0000000734","MATH","26","21","1","1","3","MAR","Cederberg, Judith","{'fsnum': '1026', 'name': 'Cederberg, Judith'}","100","30","","","","","Math Analysis II","128","{'day': 'Mo', 'end': '13:50', 'location': 'SC 188', 'start': '12:55'};{'day': 'We', 'end': '13:50', 'location': 'SC 188', 'start': '12:55'};{'day': 'Fr', 'end': '13:50', 'location': 'SC 188', 'start': '12:55'}","False","D","1","O","20011","Research","2001"
"0000002236","1.0","0000000736","MATH","28","3","0","18","7","MAR","Cederberg, Judith","{'fsnum': '1026', 'name': 'Cederberg, Judith'}","200","28","","","","","Elem Linear Algebra","220","{'day': 'Mo', 'end': '08:55', 'location': 'SC 184', 'start': '08:00'};{'day': 'We', 'end': '08:55', 'location': 'SC 184', 'start': '08:00'};{'day': 'Fr', 'end': '08:55', 'location': 'SC 184', 'start': '08:00'}","False","A","1","C","20011","Research","2001"
"0000002237","1.0","0000000736","MATH","23","7","4","10","2","MAR","Wallace, Martha","{'fsnum': '8879', 'name': 'Wallace, Martha'}","200","28","","","","","Elem Linear Algebra","220","{'day': 'Mo', 'end': '11:40', 'location': 'SC 188', 'start': '10:45'};{'day': 'We', 'end': '11:40', 'location': 'SC 188', 'start': '10:45'};{'day': 'Fr', 'end': '11:40', 'location': 'SC 188', 'start': '10:45'}","False","B","1","O","20011","Research","2001"
"0000002238","1.0","0000000736","MATH","19","8","1","7","3","MAR","Wallace, Martha","{'fsnum': '8879', 'name': 'Wallace, Martha'}","200","28","","","","","Elem Linear Algebra","220","{'day': 'Mo', 'end': '12:45', 'location': 'SC 184', 'start': '23:50'};{'day': 'We', 'end': '12:45', 'location': 'SC 184', 'start': '23:50'};{'day': 'Fr', 'end': '12:45', 'location': 'SC 184', 'start': '23:50'}","False","C","1","O","20011","Research","2001"
"0000002239","1.0","0000000738","MATH","26","0","12","8","6","","Dietz, Jill","{'fsnum': '1380', 'name': 'Dietz, Jill'}","200","30","","","","","Multivariable Calc","226","{'day': 'Tu', 'end': '13:10', 'location': 'SC 184', 'start': '23:45'};{'day': 'Th', 'end': '13:10', 'location': 'SC 184', 'start': '23:45'}","False","","1","O","20011","Research","2001"
"0000002240","1.0","0000000740","MATH","16","0","5","5","6","","Richey, Matthew","{'fsnum': '6658', 'name': 'Richey, Matthew'}","200","25","","","","","Int Differ Equations","230","{'day': 'Tu', 'end': '11:00', 'location': 'SC 184', 'start': '09:35'};{'day': 'Th', 'end': '11:00', 'location': 'SC 184', 'start': '09:35'}","False","","1","O","20011","Research","2001"
"0000002241","1.0","0000000745","MATH","19","0","6","7","6","WRI","Humke, Paul","{'fsnum': '3558', 'name': 'Humke, Paul'}","200","15","","","","","Elem Real Analysis","244","{'day': 'Mo', 'end': '10:00', 'location': 'SC 182', 'start': '09:05'};{'day': 'We', 'end': '10:00', 'location': 'SC 182', 'start': '09:05'};{'day': 'Fr', 'end': '10:00', 'location': 'SC 182', 'start': '09:05'}","False","A","1","C","20011","Research","2001"
"0000002242","1.0","0000000745","MATH","9","0","0","7","2","WRI","Zorn, Paul","{'fsnum': '9206', 'name': 'Zorn, Paul'}","200","25","","","","","Elem Real Analysis","244","{'day': 'Mo', 'end': '12:45', 'location': 'SC 170', 'start': '23:50'};{'day': 'We', 'end': '12:45', 'location': 'SC 170', 'start': '23:50'};{'day': 'Fr', 'end': '12:45', 'location': 'SC 170', 'start': '23:50'}","False","B","1","O","20011","Research","2001"
"0000002243","1.0","0000000747","MATH","12","0","3","5","4","WRI","Corzatt, Clifton","{'fsnum': '1237', 'name': 'Corzatt, Clifton'}","200","25","","","","","Abstract Algebra I","252","{'day': 'Mo', 'end': '12:45', 'location': 'SC 130', 'start': '23:50'};{'day': 'We', 'end': '12:45', 'location': 'SC 130', 'start': '23:50'};{'day': 'Fr', 'end': '12:45', 'location': 'SC 130', 'start': '23:50'}","False","A","1","O","20011","Research","2001"
"0000002244","1.0","0000000747","MATH","20","1","16","0","3","WRI","Dietz, Jill","{'fsnum': '1380', 'name': 'Dietz, Jill'}","200","25","","","","","Abstract Algebra I","252","{'day': 'Mo', 'end': '13:50', 'location': 'SC 130', 'start': '12:55'};{'day': 'We', 'end': '13:50', 'location': 'SC 130', 'start': '12:55'};{'day': 'Fr', 'end': '13:50', 'location': 'SC 130', 'start': '12:55'}","False","B","1","C","20011","Research","2001"
"0000002245","1.0","0000000748","MATH","13","0","8","0","5","","Legler, Julie M.","{'fsnum': '14114', 'name': 'Legler, Julie M.'}","200","25","","","","","Probability Theory","262","{'day': 'Mo', 'end': '10:00', 'location': 'SC 186', 'start': '09:05'};{'day': 'We', 'end': '10:00', 'location': 'SC 186', 'start': '09:05'};{'day': 'Fr', 'end': '10:00', 'location': 'SC 186', 'start': '09:05'}","False","A","1","O","20011","Research","2001"
"0000002246","1.0","0000000748","MATH","7","0","3","1","3","","Hanson, Bruce","{'fsnum': '3033', 'name': 'Hanson, Bruce'}","200","25","","","","","Probability Theory","262","{'day': 'Mo', 'end': '13:50', 'location': 'SC 186', 'start': '12:55'};{'day': 'We', 'end': '13:50', 'location': 'SC 186', 'start': '12:55'};{'day': 'Fr', 'end': '13:50', 'location': 'SC 186', 'start': '12:55'}","False","B","1","O","20011","Research","2001"
"0000002247","1.0","0000001952","MATH","20","0","7","0","13","","Kahn, Michael","{'fsnum': '4165', 'name': 'Kahn, Michael'}","300","30","","","","","Math Statistics","312","{'day': 'Mo', 'end': '11:40', 'location': 'SC 184', 'start': '10:45'};{'day': 'We', 'end': '11:40', 'location': 'SC 184', 'start': '10:45'};{'day': 'Fr', 'end': '11:40', 'location': 'SC 184', 'start': '10:45'}","False","","1","O","20011","Research","2001"
"0000002248","1.0","0000001953","MATH","11","0","2","0","9","","Kahn, Michael","{'fsnum': '4165', 'name': 'Kahn, Michael'}","300","25","","","","","Linear Models","316","{'day': 'Mo', 'end': '13:50', 'location': 'SC 182', 'start': '12:55'};{'day': 'We', 'end': '13:50', 'location': 'SC 182', 'start': '12:55'};{'day': 'Fr', 'end': '13:50', 'location': 'SC 182', 'start': '12:55'}","False","","1","O","20011","Research","2001"
"0000002249","1.0","0000000754","MATH","14","0","2","0","12","","Hanson, Bruce","{'fsnum': '3033', 'name': 'Hanson, Bruce'}","300","25","","","","","Complex Analysis","340","{'day': 'Tu', 'end': '11:00', 'location': 'SC 182', 'start': '09:35'};{'day': 'Th', 'end': '11:00', 'location': 'SC 182', 'start': '09:35'}","False","","1","O","20011","Research","2001"
"0000002250","1.0","0000000767","MATH","1","0","0","0","1","","Dietz, Jill","{'fsnum': '1380', 'name': 'Dietz, Jill'}","300","","","","","","IR/Galois Theory","398","","False","","1","O","20011","Research","2001"
"0000002251","1.0","0000000767","MATH","1","0","0","0","1","","Hanson, Bruce","{'fsnum': '3033', 'name': 'Hanson, Bruce'}","300","","","","","","IR/Topology/Analysis","398","","False","A","1","O","20011","Research","2001"
"0000002261","1.0","0000000792","MEDIA","32","4","6","11","11","ORC","Sonnega, Bill","{'fsnum': '7676', 'name': 'Sonnega, Bill'}","100","32","","","","","Mass Media","160","{'day': 'Tu', 'end': '11:00', 'location': 'TB 216', 'start': '09:35'};{'day': 'Th', 'end': '11:00', 'location': 'TB 216', 'start': '09:35'}","False","","1","C","20011","Research","2001"
"0000002252","1.0","0000000768","MGMT","28","1","11","13","3","","Emery, Mary Ann","{'fsnum': '1746', 'name': 'Emery, Mary Ann'}","200","35","","","","","Principles of Acct","225","{'day': 'Mo', 'end': '12:45', 'location': 'H 302', 'start': '23:50'};{'day': 'We', 'end': '12:45', 'location': 'H 302', 'start': '23:50'};{'day': 'Fr', 'end': '12:45', 'location': 'H 302', 'start': '23:50'}","False","A","1","O","20011","Research","2001"
"0000002253","1.0","0000000768","MGMT","31","0","11","10","10","","Emery, Mary Ann","{'fsnum': '1746', 'name': 'Emery, Mary Ann'}","200","35","","","","","Principles of Acct","225","{'day': 'Mo', 'end': '11:40', 'location': 'H 413', 'start': '10:45'};{'day': 'We', 'end': '11:40', 'location': 'H 413', 'start': '10:45'};{'day': 'Fr', 'end': '11:40', 'location': 'H 413', 'start': '10:45'}","False","B","1","O","20011","Research","2001"
"0000002254","1.0","0000000774","MGMT","19","0","8","0","11","","Emery, Mary Ann","{'fsnum': '1746', 'name': 'Emery, Mary Ann'}","200","30","","","","","Managerial/Cost Acct","237","{'day': 'Mo', 'end': '10:00', 'location': 'H 317', 'start': '09:05'};{'day': 'We', 'end': '10:00', 'location': 'H 317', 'start': '09:05'};{'day': 'Fr', 'end': '10:00', 'location': 'H 317', 'start': '09:05'}","False","","1","O","20011","Research","2001"
"0000002255","1.0","0000000777","MGMT","30","0","7","8","15","HBS","Wolf, Murray","{'fsnum': '13294', 'name': 'Wolf, Murray'}","200","30","","","","","Marketing","250","{'day': 'Mo', 'end': '22:00', 'location': 'H 403', 'start': '19:00'}","False","","1","C","20011","Research","2001"
"0000002256","1.0","0000000778","MGMT","28","1","9","6","12","HBS","Lindley, Lisa","{'fsnum': '14115', 'name': 'Lindley, Lisa'}","200","30","","","","","Management","251","{'day': 'Tu', 'end': '11:00', 'location': 'M 30', 'start': '09:35'};{'day': 'Th', 'end': '11:00', 'location': 'M 30', 'start': '09:35'}","False","A","1","O","20011","Research","2001"
"0000002257","1.0","0000000778","MGMT","20","0","10","3","7","HBS","Lindley, Lisa","{'fsnum': '14115', 'name': 'Lindley, Lisa'}","200","30","","","","","Management","251","{'day': 'Tu', 'end': '13:10', 'location': 'H 413', 'start': '23:45'};{'day': 'Th', 'end': '13:10', 'location': 'H 413', 'start': '23:45'}","False","B","1","O","20011","Research","2001"
"0000002258","1.0","0000000779","MGMT","10","0","3","0","7","","Ophaug, John M.","{'fsnum': '14142', 'name': 'Ophaug, John M.'}","200","30","","","","","Legal Aspects of Bus","252","{'day': 'Tu', 'end': '11:00', 'location': 'CH 109', 'start': '09:35'};{'day': 'Th', 'end': '11:00', 'location': 'CH 109', 'start': '09:35'}","False","","1","O","20011","Research","2001"
"0000002259","1.0","0000000783","MGMT","26","0","5","0","21","","Goedde, Richard","{'fsnum': '2661', 'name': 'Goedde, Richard'}","200","30","","","","","Corporate Finance","281","{'day': 'Mo', 'end': '13:50', 'location': 'SC 278', 'start': '12:55'};{'day': 'We', 'end': '13:50', 'location': 'SC 278', 'start': '12:55'};{'day': 'Fr', 'end': '13:50', 'location': 'SC 278', 'start': '12:55'}","False","","1","C","20011","Research","2001"
"0000002260","1.0","0000000786","MGMT","30","0","0","0","30","","Goedde, Richard","{'fsnum': '2661', 'name': 'Goedde, Richard'}","300","30","","","","","Investments","380","{'day': 'Tu', 'end': '14:45', 'location': 'SC 182', 'start': '13:20'};{'day': 'Th', 'end': '14:45', 'location': 'SC 182', 'start': '13:20'}","False","","1","C","20011","Research","2001"
"0000002262","0.25","0000000799","MUSIC","21","16","0","0","5","","Schnauber, Thomas C.","{'fsnum': '14180', 'name': 'Schnauber, Thomas C.'}","100","25","","","","","Ear/Keyboard I","111","{'day': 'Mo', 'end': '08:55', 'location': 'CHM 224', 'start': '08:00'};{'day': 'We', 'end': '08:55', 'location': 'CHM 224', 'start': '08:00'};{'day': 'Fr', 'end': '08:55', 'location': 'CHM 224', 'start': '08:00'}","False","A","1","O","20011","Research","2001"
"0000002263","0.25","0000000799","MUSIC","24","21","1","1","1","","Schnauber, Thomas C.","{'fsnum': '14180', 'name': 'Schnauber, Thomas C.'}","100","25","","","","","Ear/Keyboard I","111","{'day': 'Mo', 'end': '10:00', 'location': 'CHM 224', 'start': '09:05'};{'day': 'We', 'end': '10:00', 'location': 'CHM 224', 'start': '09:05'};{'day': 'Fr', 'end': '10:00', 'location': 'CHM 224', 'start': '09:05'}","False","B","1","O","20011","Research","2001"
"0000002264","0.25","0000000799","MUSIC","25","18","0","2","5","","Amundson, Steven","{'fsnum': '140', 'name': 'Amundson, Steven'}","100","25","","","","","Ear/Keyboard I","111","{'day': 'Mo', 'end': '11:40', 'location': 'CHM 224', 'start': '10:45'};{'day': 'We', 'end': '11:40', 'location': 'CHM 224', 'start': '10:45'};{'day': 'Fr', 'end': '11:40', 'location': 'CHM 224', 'start': '10:45'}","False","C","1","C","20011","Research","2001"
"0000002265","0.25","0000000799","MUSIC","20","15","0","0","5","","Amundson, Steven","{'fsnum': '140', 'name': 'Amundson, Steven'}","100","25","","","","","Ear/Keyboard I","111","{'day': 'Mo', 'end': '13:50', 'location': 'CHM 224', 'start': '12:55'};{'day': 'We', 'end': '13:50', 'location': 'CHM 224', 'start': '12:55'};{'day': 'Fr', 'end': '13:50', 'location': 'CHM 224', 'start': '12:55'}","False","D","1","O","20011","Research","2001"
"0000002266","0.25","0000000799","MUSIC","26","18","0","4","4","","Amundson, Steven","{'fsnum': '140', 'name': 'Amundson, Steven'}","100","25","","","","","Ear/Keyboard I","111","{'day': 'Mo', 'end': '14:55', 'location': 'CHM 224', 'start': '14:00'};{'day': 'We', 'end': '14:55', 'location': 'CHM 224', 'start': '14:00'};{'day': 'Fr', 'end': '14:55', 'location': 'CHM 224', 'start': '14:00'}","False","E","1","C","20011","Research","2001"
"0000002267","0.75","0000000801","MUSIC","28","23","0","3","2","","Schnauber, Thomas C.","{'fsnum': '14180', 'name': 'Schnauber, Thomas C.'}","100","25","","","","","Theory I","113","{'day': 'Tu', 'end': '09:25', 'location': 'CHM 224', 'start': '08:00'};{'day': 'Th', 'end': '09:25', 'location': 'CHM 224', 'start': '08:00'}","False","A","1","C","20011","Research","2001"
"0000002268","0.75","0000000801","MUSIC","25","21","0","2","2","","Hamlin, Peter S.","{'fsnum': '2958', 'name': 'Hamlin, Peter S.'}","100","25","","","","","Theory I","113","{'day': 'Tu', 'end': '11:00', 'location': 'CHM 224', 'start': '09:35'};{'day': 'Th', 'end': '11:00', 'location': 'CHM 224', 'start': '09:35'}","False","B","1","C","20011","Research","2001"
"0000002269","0.75","0000000801","MUSIC","25","19","0","0","6","","Gable, Christopher","{'fsnum': '13331', 'name': 'Gable, Christopher'}","100","25","","","","","Theory I","113","{'day': 'Tu', 'end': '13:10', 'location': 'CHM 232', 'start': '23:45'};{'day': 'Th', 'end': '13:10', 'location': 'CHM 232', 'start': '23:45'}","False","C","1","C","20011","Research","2001"
"0000002270","0.75","0000000801","MUSIC","24","15","0","1","8","","Forsberg, Charles","{'fsnum': '2241', 'name': 'Forsberg, Charles'}","100","25","","","","","Theory I","113","{'day': 'Tu', 'end': '13:10', 'location': 'CHM 224', 'start': '23:45'};{'day': 'Th', 'end': '13:10', 'location': 'CHM 224', 'start': '23:45'}","False","D","1","O","20011","Research","2001"
"0000002271","0.75","0000000801","MUSIC","23","17","1","3","2","","Gable, Christopher","{'fsnum': '13331', 'name': 'Gable, Christopher'}","100","25","","","","","Theory I","113","{'day': 'Tu', 'end': '14:45', 'location': 'CHM 224', 'start': '13:20'};{'day': 'Th', 'end': '14:45', 'location': 'CHM 224', 'start': '13:20'}","False","E","1","O","20011","Research","2001"
"0000002272","0.25","0000000807","MUSIC","11","5","3","3","0","","Wee, Theo","{'fsnum': '8916', 'name': 'Wee, Theo'}","100","12","","","","","Piano Class I","161","{'day': 'Tu', 'end': '12:45', 'location': 'CHM 222', 'start': '23:50'};{'day': 'Th', 'end': '12:45', 'location': 'CHM 222', 'start': '23:50'}","False","A","1","O","20011","Research","2001"
"0000002273","0.25","0000000807","MUSIC","9","7","0","0","2","","Wee, Theo","{'fsnum': '8916', 'name': 'Wee, Theo'}","100","12","","","","","Piano Class I","161","{'day': 'Tu', 'end': '14:55', 'location': 'CHM 222', 'start': '14:00'};{'day': 'Th', 'end': '14:55', 'location': 'CHM 222', 'start': '14:00'}","False","B","1","O","20011","Research","2001"
"0000002274","0.25","0000000810","MUSIC","12","5","3","0","4","","Johnson, Sigrid","{'fsnum': '4103', 'name': 'Johnson, Sigrid'}","100","12","","","","","Voice Class","164","{'day': 'Mo', 'end': '10:00', 'location': 'CHM 140', 'start': '09:05'};{'day': 'We', 'end': '10:00', 'location': 'CHM 140', 'start': '09:05'}","False","A","1","C","20011","Research","2001"
"0000002275","0.25","0000000810","MUSIC","9","5","1","2","1","","Johnson, Sigrid","{'fsnum': '4103', 'name': 'Johnson, Sigrid'}","100","12","","","","","Voice Class","164","{'day': 'Mo', 'end': '11:40', 'location': 'CHM 140', 'start': '10:45'};{'day': 'We', 'end': '11:40', 'location': 'CHM 140', 'start': '10:45'}","False","B","1","O","20011","Research","2001"
"0000002276","0.25","0000000810","MUSIC","9","5","1","0","3","","Johnson, Sigrid","{'fsnum': '4103', 'name': 'Johnson, Sigrid'}","100","12","","","","","Voice Class","164","{'day': 'Mo', 'end': '13:50', 'location': 'CHM 233', 'start': '12:55'};{'day': 'We', 'end': '13:50', 'location': 'CHM 233', 'start': '12:55'}","False","C","1","O","20011","Research","2001"
"0000002277","0.25","0000000813","MUSIC","18","0","8","1","9","","Carter, David","{'fsnum': '973', 'name': 'Carter, David'}","100","15","","","","","String Class","168","{'day': 'Mo', 'end': '13:50', 'location': 'CHM 140', 'start': '12:55'};{'day': 'We', 'end': '13:50', 'location': 'CHM 140', 'start': '12:55'};{'day': 'Fr', 'end': '13:50', 'location': 'CHM 140', 'start': '12:55'}","False","","1","C","20011","Research","2001"
"0000002278","0.25","0000000814","MUSIC","21","0","5","2","14","","Kallestad, Scott","{'fsnum': '4167', 'name': 'Kallestad, Scott'}","100","20","","","","","Woodwind Class","169","{'day': 'Mo', 'end': '11:40', 'location': 'CHM 138', 'start': '10:45'};{'day': 'We', 'end': '11:40', 'location': 'CHM 138', 'start': '10:45'};{'day': 'Fr', 'end': '11:40', 'location': 'CHM 138', 'start': '10:45'}","False","","1","C","20011","Research","2001"
"0000002279","0.25","0000000815","MUSIC","25","1","2","17","5","","Rodland, Catherine R.","{'fsnum': '13173', 'name': 'Rodland, Catherine R.'}","200","28","","","","","Ear/Keyboard III","211","{'day': 'Mo', 'end': '08:55', 'location': 'CHM 232', 'start': '08:00'};{'day': 'We', 'end': '08:55', 'location': 'CHM 232', 'start': '08:00'};{'day': 'Fr', 'end': '08:55', 'location': 'CHM 232', 'start': '08:00'}","False","A","1","O","20011","Research","2001"
"0000002280","0.25","0000000815","MUSIC","25","0","0","13","12","","Rodland, Catherine R.","{'fsnum': '13173', 'name': 'Rodland, Catherine R.'}","200","28","","","","","Ear/Keyboard III","211","{'day': 'Mo', 'end': '10:00', 'location': 'CHM 232', 'start': '09:05'};{'day': 'We', 'end': '10:00', 'location': 'CHM 232', 'start': '09:05'};{'day': 'Fr', 'end': '10:00', 'location': 'CHM 232', 'start': '09:05'}","False","B","1","O","20011","Research","2001"
"0000002281","0.25","0000000815","MUSIC","19","2","0","16","1","","Rodland, Catherine R.","{'fsnum': '13173', 'name': 'Rodland, Catherine R.'}","200","28","","","","","Ear/Keyboard III","211","{'day': 'Mo', 'end': '11:40', 'location': 'CHM 232', 'start': '10:45'};{'day': 'We', 'end': '11:40', 'location': 'CHM 232', 'start': '10:45'};{'day': 'Fr', 'end': '11:40', 'location': 'CHM 232', 'start': '10:45'}","False","C","1","O","20011","Research","2001"
"0000002282","0.75","0000000817","MUSIC","37","2","3","25","7","","Hodel, Marty","{'fsnum': '3404', 'name': 'Hodel, Marty'}","200","42","","","","","Theory III","213","{'day': 'Tu', 'end': '09:25', 'location': 'CHM 239', 'start': '08:00'};{'day': 'Th', 'end': '09:25', 'location': 'CHM 239', 'start': '08:00'}","False","A","1","O","20011","Research","2001"
"0000002283","0.75","0000000817","MUSIC","34","1","1","22","10","","Forsberg, Charles","{'fsnum': '2241', 'name': 'Forsberg, Charles'}","200","42","","","","","Theory III","213","{'day': 'Tu', 'end': '11:00', 'location': 'CHM 239', 'start': '09:35'};{'day': 'Th', 'end': '11:00', 'location': 'CHM 239', 'start': '09:35'}","False","B","1","O","20011","Research","2001"
"0000002284","0.25","0000000819","MUSIC","13","0","1","0","12","","Gable, Christopher","{'fsnum': '13331', 'name': 'Gable, Christopher'}","200","15","","","","","Instrumentation","220","{'day': 'Tu', 'end': '09:25', 'location': 'CHM 232', 'start': '08:00'};{'day': 'Th', 'end': '09:25', 'location': 'CHM 232', 'start': '08:00'}","False","","1","O","20011","Research","2001"
"0000002285","0.5","0000000820","MUSIC","18","0","9","0","9","","Gable, Christopher","{'fsnum': '13331', 'name': 'Gable, Christopher'}","200","20","","","","","Instrumentation","221","{'day': 'Tu', 'end': '09:25', 'location': 'CHM 232', 'start': '08:00'};{'day': 'Th', 'end': '09:25', 'location': 'CHM 232', 'start': '08:00'}","False","","1","O","20011","Research","2001"
"0000002286","1.0","0000000821","MUSIC","6","0","3","0","3","","Hamlin, Peter S.","{'fsnum': '2958', 'name': 'Hamlin, Peter S.'}","200","20","","","","","Counterpoint","222","{'day': 'Tu', 'end': '14:45', 'location': 'CHM 239', 'start': '13:20'};{'day': 'Th', 'end': '14:45', 'location': 'CHM 239', 'start': '13:20'}","False","","1","O","20011","Research","2001"
"0000002287","1.0","0000000822","MUSIC","19","1","5","4","9","ALS-A","Hamlin, Peter S.","{'fsnum': '2958', 'name': 'Hamlin, Peter S.'}","200","16","","","","","Composition I","223","{'day': 'Mo', 'end': '10:00', 'location': 'CHM 239', 'start': '09:05'};{'day': 'We', 'end': '10:00', 'location': 'CHM 239', 'start': '09:05'};{'day': 'Fr', 'end': '10:00', 'location': 'CHM 239', 'start': '09:05'}","False","","1","C","20011","Research","2001"
"0000002288","1.0","0000001974","MUSIC","6","2","3","0","1","ALS-A","Carter, David","{'fsnum': '973', 'name': 'Carter, David'}","200","30","","","","","The Art of Music","230","{'day': 'Mo', 'end': '14:55', 'location': 'CHM 233', 'start': '14:00'};{'day': 'We', 'end': '14:55', 'location': 'CHM 233', 'start': '14:00'};{'day': 'Fr', 'end': '14:55', 'location': 'CHM 233', 'start': '14:00'}","False","","1","O","20011","Research","2001"
"0000002289","1.0","0000000829","MUSIC","41","0","3","0","38","ALS-A;MCS-G","Hagedorn, David","{'fsnum': '2878', 'name': 'Hagedorn, David'}","200","55","","","","","World Music","237","{'day': 'Mo', 'end': '10:00', 'location': 'CHM 233', 'start': '09:05'};{'day': 'We', 'end': '10:00', 'location': 'CHM 233', 'start': '09:05'};{'day': 'Fr', 'end': '10:00', 'location': 'CHM 233', 'start': '09:05'}","False","","1","O","20011","Research","2001"
"0000002290","1.0","0000000831","MUSIC","33","2","0","25","6","","Hoekstra, Gerald","{'fsnum': '3413', 'name': 'Hoekstra, Gerald'}","200","42","","","","","Hist & Lit of Music I","241","{'day': 'Mo', 'end': '13:50', 'location': 'CHM 239', 'start': '12:55'};{'day': 'We', 'end': '13:50', 'location': 'CHM 239', 'start': '12:55'};{'day': 'Fr', 'end': '13:50', 'location': 'CHM 239', 'start': '12:55'}","False","A","1","O","20011","Research","2001"
"0000002291","1.0","0000000831","MUSIC","31","1","1","18","11","","Hoekstra, Gerald","{'fsnum': '3413', 'name': 'Hoekstra, Gerald'}","200","42","","","","","Hist & Lit of Music I","241","{'day': 'Mo', 'end': '14:55', 'location': 'CHM 239', 'start': '14:00'};{'day': 'We', 'end': '14:55', 'location': 'CHM 239', 'start': '14:00'};{'day': 'Fr', 'end': '14:55', 'location': 'CHM 239', 'start': '14:00'}","False","B","1","O","20011","Research","2001"
"0000002292","0.5","0000000834","MUSIC","25","0","10","2","13","","Scholz, Robert V.","{'fsnum': '7183', 'name': 'Scholz, Robert V.'}","200","25","","","","","Choral Conducting","252","{'day': 'Tu', 'end': '11:00', 'location': 'CHM 140', 'start': '09:35'};{'day': 'Th', 'end': '11:00', 'location': 'CHM 140', 'start': '09:35'}","False","","1","C","20011","Research","2001"
"0000002293","0.25","0000000836","MUSIC","6","2","0","2","2","","Ananda-Owens, Kathryn","{'fsnum': '154', 'name': 'Ananda-Owens, Kathryn'}","200","12","","","","","Piano Class III","261","{'day': 'Tu', 'end': '11:00', 'location': 'CHM 222', 'start': '10:05'};{'day': 'Th', 'end': '11:00', 'location': 'CHM 222', 'start': '10:05'}","False","","1","O","20011","Research","2001"
"0000002294","0.5","0000000839","MUSIC","8","0","2","1","5","","Hardy, Janis","{'fsnum': '3105', 'name': 'Hardy, Janis'}","200","20","","","","","Adv Act Lyric Stage","267","{'day': 'Tu', 'end': '14:45', 'location': 'CHM URNESS', 'start': '13:20'};{'day': 'Th', 'end': '14:45', 'location': 'CHM URNESS', 'start': '13:20'}","False","","1","O","20011","Research","2001"
"0000002295","0.25","0000000841","MUSIC","16","3","6","4","3","","Een, Andrea","{'fsnum': '1565', 'name': 'Een, Andrea'}","200","","","","","","Instr Chamber Music","275","{'day': 'Tu', 'end': '14:55', 'location': 'CHM 138', 'start': '14:00'};{'day': 'Th', 'end': '14:55', 'location': 'CHM 138', 'start': '14:00'}","False","","1","O","20011","Research","2001"
"0000002296","0.25","0000000842","MUSIC","13","0","4","2","7","","Smith, Robert C.","{'fsnum': '7604', 'name': 'Smith, Robert C.'}","200","15","","","","","Vocal Solo Lit I","281","{'day': 'Mo', 'end': '12:45', 'location': 'CHM 224', 'start': '23:50'};{'day': 'Fr', 'end': '12:45', 'location': 'CHM 224', 'start': '23:50'}","False","","1","O","20011","Research","2001"
"0000002297","1.0","0000000851","MUSIC","4","0","3","0","1","","Mahr, Timothy","{'fsnum': '5013', 'name': 'Mahr, Timothy'}","300","12","","","","","Composition II","324","{'day': 'Mo', 'end': '11:40', 'location': 'CHM 239', 'start': '10:45'};{'day': 'We', 'end': '11:40', 'location': 'CHM 239', 'start': '10:45'};{'day': 'Fr', 'end': '11:40', 'location': 'CHM 239', 'start': '10:45'}","False","","1","O","20011","Research","2001"
"0000002298","1.0","0000000852","MUSIC","1","0","0","0","1","","Mahr, Timothy","{'fsnum': '5013', 'name': 'Mahr, Timothy'}","300","0","0","","","","Composition III","325","{'day': 'Mo', 'end': '11:40', 'location': 'CHM 239', 'start': '10:45'};{'day': 'We', 'end': '11:40', 'location': 'CHM 239', 'start': '10:45'};{'day': 'Fr', 'end': '11:40', 'location': 'CHM 239', 'start': '10:45'}","False","","1","C","20011","Research","2001"
"0000002299","1.0","0000000855","MUSIC","31","0","15","2","14","WRI","Hanson, Alice","{'fsnum': '3030', 'name': 'Hanson, Alice'}","300","30","","","","","Class & Romantic Eras","343","{'day': 'Mo', 'end': '13:50', 'location': 'CHM 232', 'start': '12:55'};{'day': 'We', 'end': '13:50', 'location': 'CHM 232', 'start': '12:55'};{'day': 'Fr', 'end': '13:50', 'location': 'CHM 232', 'start': '12:55'}","False","","1","C","20011","Research","2001"
"0000002300","1.0","0000000857","MUSIC","27","0","12","0","15","WRI","Hanson, Alice","{'fsnum': '3030', 'name': 'Hanson, Alice'}","300","30","","","","","American Music","345","{'day': 'Mo', 'end': '08:55', 'location': 'CHM 239', 'start': '08:00'};{'day': 'We', 'end': '08:55', 'location': 'CHM 239', 'start': '08:00'};{'day': 'Fr', 'end': '08:55', 'location': 'CHM 239', 'start': '08:00'}","False","","1","O","20011","Topic","2001"
"0000002301","0.5","0000000858","MUSIC","6","0","0","0","6","","Amundson, Steven","{'fsnum': '140', 'name': 'Amundson, Steven'}","300","20","","","","","Advanced Conducting","354","{'day': 'Tu', 'end': '11:00', 'location': 'CHM 138', 'start': '09:35'};{'day': 'Th', 'end': '11:00', 'location': 'CHM 138', 'start': '09:35'}","False","A","1","O","20011","Research","2001"
"0000002302","0.5","0000000858","MUSIC","21","0","0","0","21","","Armstrong, Anton","{'fsnum': '263', 'name': 'Armstrong, Anton'}","300","20","","","","","Advanced Conducting","354","{'day': 'Tu', 'end': '11:00', 'location': 'CHM URNESS', 'start': '09:35'};{'day': 'Th', 'end': '11:00', 'location': 'CHM URNESS', 'start': '09:35'}","False","B","1","C","20011","Research","2001"
"0000002303","0.25","0000000859","MUSIC","7","0","2","1","4","","Bryan, Marianne F.","{'fsnum': '10209', 'name': 'Bryan, Marianne F.'}","300","15","","","","","Piano Pedagogy","361","{'day': 'Tu', 'end': '11:00', 'location': 'CHM 232', 'start': '09:35'}","False","","1","O","20011","Research","2001"
"0000002304","0.25","0000000860","MUSIC","18","0","5","0","13","","Feldt, Alison J.","{'fsnum': '2059', 'name': 'Feldt, Alison J.'}","300","25","","","","","Vocal Pedagogy","364","{'day': 'Mo', 'end': '14:55', 'location': 'CHM 232', 'start': '14:00'};{'day': 'We', 'end': '14:55', 'location': 'CHM 232', 'start': '14:00'}","False","","1","O","20011","Research","2001"
"0000002305","0.25","0000000861","MUSIC","10","0","4","1","5","","Scholz, Cora","{'fsnum': '7184', 'name': 'Scholz, Cora'}","300","15","","","","","Child & Adolesc Voice","365","{'day': 'Mo', 'end': '11:40', 'location': 'CHM 233', 'start': '10:45'};{'day': 'We', 'end': '11:40', 'location': 'CHM 233', 'start': '10:45'}","False","","1","O","20011","Research","2001"
"0000002306","1.0","0000000866","MUSIC","1","0","0","0","1","","Polley, Jo Ann","{'fsnum': '6395', 'name': 'Polley, Jo Ann'}","300","","","","","","IR/Clarinet Ped & Lit","398","","False","","1","O","20011","Research","2001"
"0000002307","1.0","0000000921","NORW","15","11","0","1","3","","Sabo, Anne G.","{'fsnum': '10029', 'name': 'Sabo, Anne G.'}","100","20","","","","","Beginning Norwegian I","111","{'day': 'Mo', 'end': '08:55', 'location': 'M 11', 'start': '08:00'};{'day': 'We', 'end': '08:55', 'location': 'M 11', 'start': '08:00'};{'day': 'Fr', 'end': '08:55', 'location': 'M 11', 'start': '08:00'}","False","A","1","O","20011","Research","2001"
"0000002308","1.0","0000000921","NORW","20","9","1","5","5","","Dorer, Kari L.","{'fsnum': '14082', 'name': 'Dorer, Kari L.'}","100","20","","","","","Beginning Norwegian I","111","{'day': 'Mo', 'end': '10:00', 'location': 'M 11', 'start': '09:05'};{'day': 'We', 'end': '10:00', 'location': 'M 11', 'start': '09:05'};{'day': 'Fr', 'end': '10:00', 'location': 'M 11', 'start': '09:05'}","False","B","1","C","20011","Research","2001"
"0000002309","1.0","0000000921","NORW","19","15","0","4","0","","Dorer, Kari L.","{'fsnum': '14082', 'name': 'Dorer, Kari L.'}","100","20","","","","","Beginning Norwegian I","111","{'day': 'Mo', 'end': '11:40', 'location': 'M 11', 'start': '10:45'};{'day': 'We', 'end': '11:40', 'location': 'M 11', 'start': '10:45'};{'day': 'Fr', 'end': '11:40', 'location': 'M 11', 'start': '10:45'}","False","C","1","O","20011","Research","2001"
"0000002310","1.0","0000000921","NORW","18","12","1","3","2","","Dorer, Kari L.","{'fsnum': '14082', 'name': 'Dorer, Kari L.'}","100","20","","","","","Beginning Norwegian I","111","{'day': 'Mo', 'end': '12:45', 'location': 'M 11', 'start': '23:50'};{'day': 'We', 'end': '12:45', 'location': 'M 11', 'start': '23:50'};{'day': 'Fr', 'end': '12:45', 'location': 'M 11', 'start': '23:50'}","False","D","1","O","20011","Research","2001"
"0000002311","1.0","0000000922","NORW","15","0","0","11","4","","Aarsvold, Nancy","{'fsnum': '19', 'name': 'Aarsvold, Nancy'}","100","25","","","","","Begin Norwegian II","112","{'day': 'Mo', 'end': '10:00', 'location': 'M 15', 'start': '09:05'};{'day': 'We', 'end': '10:00', 'location': 'M 15', 'start': '09:05'};{'day': 'Fr', 'end': '10:00', 'location': 'M 15', 'start': '09:05'}","False","","1","O","20011","Research","2001"
"0000002312","1.0","0000000926","NORW","22","2","2","17","1","FOL-N","Homstad, Torild","{'fsnum': '9714', 'name': 'Homstad, Torild'}","200","25","","","","","Intermed Norwegian I","231","{'day': 'Mo', 'end': '08:55', 'location': 'M 15', 'start': '08:00'};{'day': 'We', 'end': '08:55', 'location': 'M 15', 'start': '08:00'};{'day': 'Fr', 'end': '08:55', 'location': 'M 15', 'start': '08:00'}","False","A","1","O","20011","Research","2001"
"0000002313","1.0","0000000926","NORW","26","0","10","15","1","FOL-N","Aarsvold, Nancy","{'fsnum': '19', 'name': 'Aarsvold, Nancy'}","200","25","","","","","Intermed Norwegian I","231","{'day': 'Mo', 'end': '12:45', 'location': 'M 15', 'start': '23:50'};{'day': 'We', 'end': '12:45', 'location': 'M 15', 'start': '23:50'};{'day': 'Fr', 'end': '12:45', 'location': 'M 15', 'start': '23:50'}","False","B","1","C","20011","Research","2001"
"0000002314","1.0","0000000926","NORW","27","1","8","14","4","FOL-N","Aarsvold, Nancy","{'fsnum': '19', 'name': 'Aarsvold, Nancy'}","200","25","","","","","Intermed Norwegian I","231","{'day': 'Mo', 'end': '13:50', 'location': 'M 15', 'start': '12:55'};{'day': 'We', 'end': '13:50', 'location': 'M 15', 'start': '12:55'};{'day': 'Fr', 'end': '13:50', 'location': 'M 15', 'start': '12:55'}","False","C","1","C","20011","Research","2001"
"0000002315","1.0","0000000930","NORW","7","2","1","1","3","FOL-N;ORC","Sabo, Anne G.","{'fsnum': '10029', 'name': 'Sabo, Anne G.'}","200","25","","","","","Advanced Conv & Comp","253","{'day': 'Tu', 'end': '14:45', 'location': 'M 11', 'start': '13:20'};{'day': 'Th', 'end': '14:45', 'location': 'M 11', 'start': '13:20'}","False","","1","O","20011","Research","2001"
"0000002316","1.0","0000000933","NORW","6","0","0","2","4","ALS-L;FOL-N;WRI","Sabo, Anne G.","{'fsnum': '10029', 'name': 'Sabo, Anne G.'}","300","25","","","","","Norsk Lit Til 1890","371","{'day': 'Mo', 'end': '14:55', 'location': 'M 11', 'start': '14:00'};{'day': 'We', 'end': '14:55', 'location': 'M 11', 'start': '14:00'};{'day': 'Fr', 'end': '14:55', 'location': 'M 11', 'start': '14:00'}","False","","1","O","20011","Research","2001"
"0000002317","2.0","0000000948","NURS","16","0","15","0","1","ORC","Johnson, Mary","{'fsnum': '4068', 'name': 'Johnson, Mary'}","300","20","","","","","Hlth Assess/Nurs Conc","310","{'day': 'Mo', 'end': '10:00', 'location': 'H 215', 'start': '09:05'};{'day': 'We', 'end': '10:00', 'location': 'H 215', 'start': '09:05'};{'day': 'Fr', 'end': '10:00', 'location': 'H 215', 'start': '09:05'};{'day': 'Mo', 'end': '11:40', 'location': 'H 215', 'start': '10:45'};{'day': 'We', 'end': '11:40', 'location': 'H 215', 'start': '10:45'};{'day': 'Fr', 'end': '11:40', 'location': 'H 215', 'start': '10:45'}","False","","1","O","20011","Research","2001"
"0000002318","1.0","0000000949","NURS","16","0","15","0","1","","Neal, Diana","{'fsnum': '5499', 'name': 'Neal, Diana'}","300","20","","","","","Application/Nurs Conc","320","{'day': 'Mo', 'end': '08:55', 'location': 'H 215', 'start': '08:00'};{'day': 'We', 'end': '08:55', 'location': 'H 215', 'start': '08:00'};{'day': 'Fr', 'end': '08:55', 'location': 'H 215', 'start': '08:00'};{'day': 'Tu', 'end': '13:00', 'location': 'H 215', 'start': '19:30'};{'day': 'Th', 'end': '13:00', 'location': 'H 215', 'start': '19:30'}","False","","1","O","20011","Research","2001"
"0000002319","2.0","0000000953","NURS","18","0","0","0","18","","Glazebrook, Rita","{'fsnum': '2650', 'name': 'Glazebrook, Rita'}","300","20","","","","","Family Health","350","{'day': 'Mo', 'end': '14:55', 'location': 'SC 18', 'start': '23:50'};{'day': 'We', 'end': '14:55', 'location': 'SC 18', 'start': '23:50'};{'day': 'Fr', 'end': '14:55', 'location': 'SC 18', 'start': '23:50'};{'day': 'Tu', 'end': '15:30', 'location': 'SC 18', 'start': '19:00'};{'day': 'Th', 'end': '15:30', 'location': 'SC 18', 'start': '19:00'}","False","","1","O","20011","Research","2001"
"0000002342","0.25","0000000996","PEAC","21","0","6","0","15","PHA","Thornton, William","{'fsnum': '8371', 'name': 'Thornton, William'}","100","24","","","","","Archery","101","{'day': 'Tu', 'end': '08:55', 'location': 'SAC FH', 'start': '08:00'};{'day': 'Th', 'end': '08:55', 'location': 'SAC FH', 'start': '08:00'}","False","","1","C","20011","Research","2001"
"0000002343","0.25","0000000997","PEAC","14","0","1","0","13","PHA","Pratt, Kenneth","{'fsnum': '6408', 'name': 'Pratt, Kenneth'}","100","14","","","","","Golf","103","{'day': 'Mo', 'end': '14:55', 'location': 'SAC FH', 'start': '12:55'};{'day': 'We', 'end': '14:55', 'location': 'SAC FH', 'start': '12:55'}","False","A","1","C","20011","Research","2001"
"0000002344","0.25","0000000997","PEAC","13","0","6","3","4","PHA","Kosmoski, Daniel","{'fsnum': '4502', 'name': 'Kosmoski, Daniel'}","100","14","","","","","Golf","103","{'day': 'Tu', 'end': '13:50', 'location': 'SAC FH', 'start': '23:50'};{'day': 'Th', 'end': '13:50', 'location': 'SAC FH', 'start': '23:50'}","False","B","1","C","20011","Research","2001"
"0000002345","0.25","0000000999","PEAC","23","0","11","4","8","PHA","Goldsworthy, William Sean","{'fsnum': '2652', 'name': 'Goldsworthy, William Sean'}","100","24","","","","","In-Line Skating","108","{'day': 'Mo', 'end': '14:55', 'location': 'SAC S GYM', 'start': '14:00'};{'day': 'We', 'end': '14:55', 'location': 'SAC S GYM', 'start': '14:00'};{'day': 'Fr', 'end': '14:55', 'location': 'SAC S GYM', 'start': '14:00'}","False","","1","C","20011","Research","2001"
"0000002346","0.25","0000001002","PEAC","21","2","2","5","12","PHA","Cooling, Lori","{'fsnum': '4816', 'name': 'Cooling, Lori'}","100","24","","","","","Volleyball","115","{'day': 'Mo', 'end': '14:55', 'location': 'SAC CTR GYM', 'start': '14:00'};{'day': 'We', 'end': '14:55', 'location': 'SAC CTR GYM', 'start': '14:00'}","False","","1","C","20011","Research","2001"
"0000002347","0.25","0000001003","PEAC","17","0","6","1","10","PHA","Nesbit, Scott","{'fsnum': '5580', 'name': 'Nesbit, Scott'}","100","24","","","","","Ultimate Frisbee","117","{'day': 'Tu', 'end': '11:00', 'location': 'SAC FH', 'start': '10:05'};{'day': 'Th', 'end': '11:00', 'location': 'SAC FH', 'start': '10:05'}","False","","1","C","20011","Research","2001"
"0000002348","0.25","0000001005","PEAC","13","6","2","2","3","PHA","Hauck, Bob","{'fsnum': '3165', 'name': 'Hauck, Bob'}","100","12","","","","","Lifeguard Training","122","{'day': 'Tu', 'end': '14:45', 'location': 'SAC POOL', 'start': '13:20'};{'day': 'Th', 'end': '14:45', 'location': 'SAC POOL', 'start': '13:20'}","False","","1","C","20011","Research","2001"
"0000002349","0.25","0000001007","PEAC","13","2","2","4","5","PHA","Tegtmeyer, Judy","{'fsnum': '8272', 'name': 'Tegtmeyer, Judy'}","100","24","","","","","Canoeing","125","{'day': 'Mo', 'end': '14:55', 'location': 'SAC POOL', 'start': '12:55'};{'day': 'We', 'end': '14:55', 'location': 'SAC POOL', 'start': '12:55'}","False","","1","O","20011","Research","2001"
"0000002350","0.25","0000001008","PEAC","18","0","6","0","12","PHA","Campion, John","{'fsnum': '920', 'name': 'Campion, John'}","100","24","","","","","Scuba Diving","126","{'day': 'Fr', 'end': '21:00', 'location': 'SAC POOL', 'start': '18:00'}","False","","1","C","20011","Research","2001"
"0000002351","0.25","0000001010","PEAC","17","0","3","3","11","PHA","Anderson, Kurt","{'fsnum': '228', 'name': 'Anderson, Kurt'}","100","24","","","","","Swim Fitness","130","{'day': 'Mo', 'end': '08:55', 'location': 'SAC POOL', 'start': '08:00'};{'day': 'We', 'end': '08:55', 'location': 'SAC POOL', 'start': '08:00'}","False","","1","O","20011","Research","2001"
"0000002352","0.25","0000001011","PEAC","20","1","8","5","6","PHA","Cooling, Lori","{'fsnum': '4816', 'name': 'Cooling, Lori'}","100","24","","","","","Aerobics","131","{'day': 'Tu', 'end': '12:45', 'location': 'SAC S GYM', 'start': '23:50'};{'day': 'Th', 'end': '12:45', 'location': 'SAC S GYM', 'start': '23:50'}","False","","1","C","20011","Research","2001"
"0000002353","0.5","0000001012","PEAC","20","1","7","3","9","PHA","Tegtmeyer, Judy","{'fsnum': '8272', 'name': 'Tegtmeyer, Judy'}","100","24","","","","","Individual Fitness.50","133","{'day': 'Mo', 'end': '11:40', 'location': 'SAC FH', 'start': '10:45'};{'day': 'We', 'end': '11:40', 'location': 'SAC FH', 'start': '10:45'};{'day': 'Fr', 'end': '11:40', 'location': 'SAC FH', 'start': '10:45'}","False","A","1","O","20011","Research","2001"
"0000002354","0.5","0000001012","PEAC","19","2","4","7","6","PHA","Cooling, Lori","{'fsnum': '4816', 'name': 'Cooling, Lori'}","100","24","","","","","Individual Fitness.50","133","{'day': 'Mo', 'end': '13:50', 'location': 'SAC FH', 'start': '12:55'};{'day': 'We', 'end': '13:50', 'location': 'SAC FH', 'start': '12:55'};{'day': 'Fr', 'end': '13:50', 'location': 'SAC FH', 'start': '12:55'}","False","B","1","O","20011","Research","2001"
"0000002355","0.5","0000001012","PEAC","27","0","6","1","20","PHA","Nesbit, Scott","{'fsnum': '5580', 'name': 'Nesbit, Scott'}","100","24","","","","","Individual Fitness.50","133","{'day': 'Mo', 'end': '10:00', 'location': 'SAC FH', 'start': '09:05'};{'day': 'We', 'end': '10:00', 'location': 'SAC FH', 'start': '09:05'};{'day': 'Fr', 'end': '10:00', 'location': 'SAC FH', 'start': '09:05'}","False","C","1","C","20011","Research","2001"
"0000002356","0.25","0000001015","PEAC","28","0","9","10","9","PHA","Miller, Paul","{'fsnum': '5319', 'name': 'Miller, Paul'}","100","24","","","","","Fitness Walking","136","{'day': 'Tu', 'end': '08:55', 'location': 'SAC FH', 'start': '08:00'};{'day': 'Th', 'end': '08:55', 'location': 'SAC FH', 'start': '08:00'}","False","A","1","C","20011","Research","2001"
"0000002357","0.25","0000001015","PEAC","24","1","12","7","4","PHA","Kosmoski, Daniel","{'fsnum': '4502', 'name': 'Kosmoski, Daniel'}","100","24","","","","","Fitness Walking","136","{'day': 'Tu', 'end': '10:00', 'location': 'SAC FH', 'start': '09:05'};{'day': 'Th', 'end': '10:00', 'location': 'SAC FH', 'start': '09:05'}","False","B","1","C","20011","Research","2001"
"0000002358","0.25","0000001017","PEAC","23","1","3","6","13","PHA","Miller, Paul","{'fsnum': '5319', 'name': 'Miller, Paul'}","100","24","","","","","Wt Training-Men","141","{'day': 'Mo', 'end': '08:55', 'location': 'MFH WT RM', 'start': '08:00'};{'day': 'We', 'end': '08:55', 'location': 'MFH WT RM', 'start': '08:00'}","False","","1","O","20011","Research","2001"
"0000002359","0.25","0000001018","PEAC","23","0","5","8","10","PHA","Daymont, Christine","{'fsnum': '1358', 'name': 'Daymont, Christine'}","100","24","","","","","Wt Training-Women","142","{'day': 'Tu', 'end': '08:55', 'location': 'MFH WT RM', 'start': '08:00'};{'day': 'Th', 'end': '08:55', 'location': 'MFH WT RM', 'start': '08:00'}","False","","1","C","20011","Research","2001"
"0000002360","0.5","0000001019","PEAC","14","0","0","0","14","PHA","Nesbit, Scott","{'fsnum': '5580', 'name': 'Nesbit, Scott'}","100","15","","","","","Racquet Sports .50","150","{'day': 'Mo', 'end': '14:55', 'location': 'SAC N GYM', 'start': '14:00'};{'day': 'We', 'end': '14:55', 'location': 'SAC N GYM', 'start': '14:00'};{'day': 'Fr', 'end': '14:55', 'location': 'SAC N GYM', 'start': '14:00'}","False","","1","C","20011","Research","2001"
"0000002361","0.25","0000001020","PEAC","20","0","7","0","13","PHA","Tegtmeyer, Judy","{'fsnum': '8272', 'name': 'Tegtmeyer, Judy'}","100","24","","","","","Badminton","151","{'day': 'Tu', 'end': '11:00', 'location': 'SAC N GYM', 'start': '10:05'};{'day': 'Th', 'end': '11:00', 'location': 'SAC N GYM', 'start': '10:05'}","False","","1","C","20011","Research","2001"
"0000002362","0.25","0000001021","PEAC","8","0","4","1","3","PHA","Kosmoski, Daniel","{'fsnum': '4502', 'name': 'Kosmoski, Daniel'}","100","8","","","","","Racquetball (Men)","153","{'day': 'Tu', 'end': '11:00', 'location': 'SAC RACQ CT', 'start': '10:05'};{'day': 'Th', 'end': '11:00', 'location': 'SAC RACQ CT', 'start': '10:05'}","False","A","1","C","20011","Research","2001"
"0000002363","0.25","0000001021","PEAC","6","0","2","3","1","PHA","Cooling, Lori","{'fsnum': '4816', 'name': 'Cooling, Lori'}","100","8","","","","","Racquetball (Women)","153","{'day': 'Tu', 'end': '14:55', 'location': 'SAC RACQ CT', 'start': '14:00'};{'day': 'Th', 'end': '14:55', 'location': 'SAC RACQ CT', 'start': '14:00'}","False","B","1","O","20011","Research","2001"
"0000002364","0.25","0000001022","PEAC","16","1","2","6","7","PHA","Nesbit, Scott","{'fsnum': '5580', 'name': 'Nesbit, Scott'}","100","20","","","","","Tennis","157","{'day': 'Tu', 'end': '13:50', 'location': 'SAC FH', 'start': '12:55'};{'day': 'Th', 'end': '13:50', 'location': 'SAC FH', 'start': '12:55'}","False","","1","O","20011","Research","2001"
"0000002365","0.25","0000001023","PEAC","18","1","4","8","5","PHA","Nesbit, Scott","{'fsnum': '5580', 'name': 'Nesbit, Scott'}","100","20","","","","","Intermediate Tennis","158","{'day': 'Tu', 'end': '14:55', 'location': 'SAC FH', 'start': '14:00'};{'day': 'Th', 'end': '14:55', 'location': 'SAC FH', 'start': '14:00'}","False","","1","O","20011","Research","2001"
"0000002366","0.25","0000001024","PEAC","21","8","1","11","1","PHA","Pratt, Kenneth","{'fsnum': '6408', 'name': 'Pratt, Kenneth'}","100","24","","","","","Self-Defense","161","{'day': 'Tu', 'end': '13:50', 'location': 'SAC WRES RM', 'start': '12:55'};{'day': 'Th', 'end': '13:50', 'location': 'SAC WRES RM', 'start': '12:55'}","False","A","1","O","20011","Research","2001"
"0000002367","0.25","0000001024","PEAC","24","0","9","9","6","PHA","Pratt, Kenneth","{'fsnum': '6408', 'name': 'Pratt, Kenneth'}","100","24","","","","","Self-Defense","161","{'day': 'Tu', 'end': '14:55', 'location': 'SAC WRES RM', 'start': '14:00'};{'day': 'Th', 'end': '14:55', 'location': 'SAC WRES RM', 'start': '14:00'}","False","B","1","C","20011","Research","2001"
"0000002368","0.25","0000001031","PEAC","4","1","0","0","3","PHA","Thornton, William","{'fsnum': '8371', 'name': 'Thornton, William'}","100","","","","","","Intercol C-Country M","176","","False","","1","O","20011","Research","2001"
"0000002369","0.25","0000001032","PEAC","9","3","1","2","3","PHA","Daymont, Christine","{'fsnum': '1358', 'name': 'Daymont, Christine'}","100","","","","","","Intercol C-Country W","177","","False","","1","O","20011","Research","2001"
"0000002370","0.25","0000001033","PEAC","13","4","0","6","3","PHA","Miller, Paul","{'fsnum': '5319', 'name': 'Miller, Paul'}","100","","","","","","Intercol Football","178","","False","","1","O","20011","Research","2001"
"0000002371","0.25","0000001034","PEAC","2","1","0","1","0","PHA","Pratt, Kenneth","{'fsnum': '6408', 'name': 'Pratt, Kenneth'}","100","","","","","","Intercol Golf Men","179","","False","","1","O","20011","Research","2001"
"0000002372","0.25","0000001035","PEAC","4","2","0","1","1","PHA","Finger, Le Ann K H.","{'fsnum': '13351', 'name': 'Finger, Le Ann K H.'}","100","","","","","","Intercol Golf Women","180","","False","","1","O","20011","Research","2001"
"0000002373","0.25","0000001039","PEAC","5","0","0","3","2","PHA","Anderson, Kurt","{'fsnum': '228', 'name': 'Anderson, Kurt'}","100","","","","","","Intercol Soccer Men","184","","False","","1","O","20011","Research","2001"
"0000002374","0.25","0000001040","PEAC","4","1","1","0","2","PHA","Tegtmeyer, Judy","{'fsnum': '8272', 'name': 'Tegtmeyer, Judy'}","100","","","","","","Intercol Soccer Women","185","","False","","1","O","20011","Research","2001"
"0000002375","0.25","0000001048","PEAC","6","4","1","1","0","PHA","Book, Cindy","{'fsnum': '694', 'name': 'Book, Cindy'}","100","","","","","","Intercol Volleyball","193","","False","","1","O","20011","Research","2001"
"0000002376","0.5","0000001050","PETH","20","2","6","4","8","","Anderson, Kurt","{'fsnum': '228', 'name': 'Anderson, Kurt'}","200","25","","","","","Intro to Coaching","238","{'day': 'Mo', 'end': '12:45', 'location': 'SAC 140', 'start': '23:50'};{'day': 'We', 'end': '12:45', 'location': 'SAC 140', 'start': '23:50'};{'day': 'Fr', 'end': '12:45', 'location': 'SAC 140', 'start': '23:50'}","False","","1","O","20011","Research","2001"
"0000002377","0.5","0000001053","PETH","12","0","3","3","6","","Goldsworthy, William Sean","{'fsnum': '2652', 'name': 'Goldsworthy, William Sean'}","200","25","","","","","Biomechanics in Coach","274","{'day': 'Tu', 'end': '11:00', 'location': 'SAC 140', 'start': '09:35'};{'day': 'Th', 'end': '11:00', 'location': 'SAC 140', 'start': '09:35'}","False","","1","O","20011","Research","2001"
"0000002378","0.5","0000001055","PETH","9","0","2","1","6","","Thornton, William","{'fsnum': '8371', 'name': 'Thornton, William'}","200","25","","","","","Exercise Physiology","275","{'day': 'Tu', 'end': '11:00', 'location': 'SAC 140', 'start': '09:35'};{'day': 'Th', 'end': '11:00', 'location': 'SAC 140', 'start': '09:35'}","False","","1","O","20011","Research","2001"
"0000002379","1.0","0000001060","PETH","8","0","4","1","3","","Wicks, Gary","{'fsnum': '9030', 'name': 'Wicks, Gary'}","300","25","","","","","Motor Learning","373","{'day': 'Mo', 'end': '13:50', 'location': 'SAC 142', 'start': '12:55'};{'day': 'We', 'end': '13:50', 'location': 'SAC 142', 'start': '12:55'};{'day': 'Fr', 'end': '13:50', 'location': 'SAC 142', 'start': '12:55'};{'day': 'Th', 'end': '14:55', 'location': 'SAC 142', 'start': '12:55'}","False","","1","O","20011","Research","2001"
"0000002320","1.0","0000000964","PHIL","27","15","0","6","6","HWC","Rudd, Anthony J.","{'fsnum': '14139', 'name': 'Rudd, Anthony J.'}","100","30","","","","","Making of Modern Mind","118","{'day': 'Mo', 'end': '11:40', 'location': 'M 30', 'start': '10:45'};{'day': 'We', 'end': '11:40', 'location': 'M 30', 'start': '10:45'};{'day': 'Fr', 'end': '11:40', 'location': 'M 30', 'start': '10:45'}","False","","1","O","20011","Research","2001"
"0000002321","1.0","0000000970","PHIL","28","1","6","13","8","HWC;WRI","Harper, Vicki L.","{'fsnum': '3121', 'name': 'Harper, Vicki L.'}","200","20","","","","","Ancient & Medieval","235","{'day': 'Mo', 'end': '12:45', 'location': 'H 516', 'start': '23:50'};{'day': 'We', 'end': '12:45', 'location': 'H 516', 'start': '23:50'};{'day': 'Fr', 'end': '12:45', 'location': 'H 516', 'start': '23:50'}","False","","1","C","20011","Research","2001"
"0000002322","1.0","0000000973","PHIL","37","4","13","11","9","BTS-T;WRI","Taliaferro, Charles","{'fsnum': '8230', 'name': 'Taliaferro, Charles'}","200","25","","","","","Phil of Theology","241","{'day': 'Tu', 'end': '11:00', 'location': 'SC 110', 'start': '09:35'};{'day': 'Th', 'end': '11:00', 'location': 'SC 110', 'start': '09:35'}","False","A","1","C","20011","Research","2001"
"0000002323","1.0","0000000973","PHIL","34","1","13","10","10","BTS-T;WRI","Taliaferro, Charles","{'fsnum': '8230', 'name': 'Taliaferro, Charles'}","200","25","","","","","Phil of Theology","241","{'day': 'Tu', 'end': '13:10', 'location': 'H 516', 'start': '23:45'};{'day': 'Th', 'end': '13:10', 'location': 'H 516', 'start': '23:45'}","False","B","1","C","20011","Research","2001"
"0000002324","1.0","0000000975","PHIL","21","0","6","8","7","NST;WRI","Swain, Corliss","{'fsnum': '8165', 'name': 'Swain, Corliss'}","200","25","","","","","Philosophy & Science","244","{'day': 'Mo', 'end': '13:50', 'location': 'H 302', 'start': '12:55'};{'day': 'We', 'end': '13:50', 'location': 'H 302', 'start': '12:55'};{'day': 'Fr', 'end': '13:50', 'location': 'H 302', 'start': '12:55'}","False","A","1","C","20011","Research","2001"
"0000002325","1.0","0000000975","PHIL","22","0","6","8","8","NST;WRI","Swain, Corliss","{'fsnum': '8165', 'name': 'Swain, Corliss'}","200","25","","","","","Philosophy & Science","244","{'day': 'Mo', 'end': '14:55', 'location': 'H 302', 'start': '14:00'};{'day': 'We', 'end': '14:55', 'location': 'H 302', 'start': '14:00'};{'day': 'Fr', 'end': '14:55', 'location': 'H 302', 'start': '14:00'}","False","B","1","C","20011","Research","2001"
"0000002326","1.0","0000000977","PHIL","22","0","1","0","21","EIN","Gervais, Karen","{'fsnum': '2519', 'name': 'Gervais, Karen'}","200","22","","","","","Biomedical Ethics","250","{'day': 'Mo', 'end': '22:00', 'location': 'H 413', 'start': '19:00'}","False","","1","C","20011","Research","2001"
"0000002327","1.0","0000000979","PHIL","28","0","6","0","22","EIN;WRI","Harper, Vicki L.","{'fsnum': '3121', 'name': 'Harper, Vicki L.'}","200","22","","","","","Ethics/The Good Life","252","{'day': 'Tu', 'end': '13:10', 'location': 'H 302', 'start': '23:45'};{'day': 'Th', 'end': '13:10', 'location': 'H 302', 'start': '23:45'}","False","A","1","C","20011","Research","2001"
"0000002328","1.0","0000000979","PHIL","28","0","3","0","25","EIN;WRI","Harper, Vicki L.","{'fsnum': '3121', 'name': 'Harper, Vicki L.'}","200","22","","","","","Ethics/The Good Life","252","{'day': 'Mo', 'end': '14:55', 'location': 'L 420', 'start': '14:00'};{'day': 'We', 'end': '14:55', 'location': 'L 420', 'start': '14:00'};{'day': 'Fr', 'end': '14:55', 'location': 'L 420', 'start': '14:00'}","False","B","1","C","20011","Research","2001"
"0000002329","1.0","0000000980","PHIL","23","0","3","0","20","EIN;WRI","Rudd, Anthony J.","{'fsnum': '14139', 'name': 'Rudd, Anthony J.'}","200","22","","","","","Law,Politics,Morality","254","{'day': 'Mo', 'end': '13:50', 'location': 'H 515', 'start': '12:55'};{'day': 'We', 'end': '13:50', 'location': 'H 515', 'start': '12:55'};{'day': 'Fr', 'end': '13:50', 'location': 'H 515', 'start': '12:55'}","False","","1","C","20011","Research","2001"
"0000002330","1.0","0000000986","PHIL","1","0","1","0","0","","Taliaferro, Charles","{'fsnum': '8230', 'name': 'Taliaferro, Charles'}","200","","","","","","IS/Oppress & Liberati","298","","False","","1","O","20011","Research","2001"
"0000002331","1.0","0000000988","PHIL","15","0","5","1","9","WRI","Swain, Corliss","{'fsnum': '8165', 'name': 'Swain, Corliss'}","300","15","","","","","Studies: Metaphysics","372","{'day': 'Tu', 'end': '14:45', 'location': 'H 515', 'start': '13:20'};{'day': 'Th', 'end': '14:45', 'location': 'H 515', 'start': '13:20'}","False","","1","C","20011","Research","2001"
"0000002332","1.0","0000000993","PHIL","1","0","0","0","1","","Fairbanks, Rick A.","{'fsnum': '2022', 'name': 'Fairbanks, Rick A.'}","300","","","","","","IR/Machiavelli","398","","False","","1","O","20011","Research","2001"
"0000002333","1.0","0000000993","PHIL","1","0","0","0","1","","Marino, Gordon D.","{'fsnum': '5051', 'name': 'Marino, Gordon D.'}","300","","","","","","IR/Kierkegaard","398","","False","A","1","O","20011","Research","2001"
"0000002334","1.0","0000000993","PHIL","1","0","0","0","1","","Taliaferro, Charles","{'fsnum': '8230', 'name': 'Taliaferro, Charles'}","300","","","","","","IR/Modern Thought","398","","False","B","1","O","20011","Research","2001"
"0000002335","1.0","0000000993","PHIL","1","0","0","0","1","","Harper, Vicki L.","{'fsnum': '3121', 'name': 'Harper, Vicki L.'}","300","","","","","","IR/Modal Logic","398","","False","C","1","O","20011","Research","2001"
"0000002336","1.0","0000000993","PHIL","1","0","1","0","0","","Fairbanks, Rick A.","{'fsnum': '2022', 'name': 'Fairbanks, Rick A.'}","300","","","","","","IR/Nature in L Superi","398","","False","D","1","O","20011","Research","2001"
"0000002337","1.0","0000000993","PHIL","1","0","0","0","1","WRI","Taliaferro, Charles","{'fsnum': '8230', 'name': 'Taliaferro, Charles'}","300","","","","","","IR/Phil and Theology","398","","False","E","1","O","20011","Research","2001"
"0000002338","1.0","0000000993","PHIL","1","0","0","0","1","","Grenberg, Jeanine","{'fsnum': '2752', 'name': 'Grenberg, Jeanine'}","300","","","","","","IR/Philosophical Lit","398","","False","F","1","O","20011","Research","2001"
"0000002339","1.0","0000000993","PHIL","1","0","0","0","1","","Fairbanks, Rick A.","{'fsnum': '2022', 'name': 'Fairbanks, Rick A.'}","300","","","","","","IR/Freedom & the Self","398","","False","G","1","O","20011","Research","2001"
"0000002340","1.0","0000000993","PHIL","1","0","0","0","1","","Taliaferro, Charles","{'fsnum': '8230', 'name': 'Taliaferro, Charles'}","300","","","","","","IR/Art Theory","398","","False","H","1","O","20011","Research","2001"
"0000002341","1.0","0000000993","PHIL","1","0","0","0","1","","Taliaferro, Charles","{'fsnum': '8230', 'name': 'Taliaferro, Charles'}","300","","","","","","IR/Modern Thought","398","","False","I","1","O","20011","Research","2001"
"0000002380","1.0","0000001069","PHYS","64","0","29","1","34","NSC","Kolan, Amy","{'fsnum': '4480', 'name': 'Kolan, Amy'}","100","65","","","","25","Intro Astronomy","112","{'day': 'Mo', 'end': '13:50', 'location': 'SC 170', 'start': '12:55'};{'day': 'We', 'end': '13:50', 'location': 'SC 170', 'start': '12:55'};{'day': 'Fr', 'end': '13:50', 'location': 'SC 170', 'start': '12:55'}","False","","1","C","20011","Research","2001"
"0000002381","1.0","0000001071","PHYS","32","0","8","9","15","NSC","Jacobel, Robert","{'fsnum': '3646', 'name': 'Jacobel, Robert'}","100","35","","12","","10","Geophysics","123","{'day': 'Mo', 'end': '11:40', 'location': 'SC 129', 'start': '10:45'};{'day': 'We', 'end': '11:40', 'location': 'SC 129', 'start': '10:45'};{'day': 'Fr', 'end': '11:40', 'location': 'SC 129', 'start': '10:45'}","False","","1","O","20011","Research","2001"
"0000002382","1.0","0000001072","PHYS","47","0","20","16","11","NSC;NSL","Thomas, Richard","{'fsnum': '13198', 'name': 'Thomas, Richard'}","100","45","","","","","Principles Physics I","124","{'day': 'Mo', 'end': '08:55', 'location': 'SC 170', 'start': '08:00'};{'day': 'We', 'end': '08:55', 'location': 'SC 170', 'start': '08:00'};{'day': 'Fr', 'end': '08:55', 'location': 'SC 170', 'start': '08:00'}","False","A","1","C","20011","Research","2001"
"0000002384","1.0","0000001072","PHYS","61","0","42","0","19","NSC;NSL","Cederberg, James","{'fsnum': '1021', 'name': 'Cederberg, James'}","100","50","","","","","Principles Physics I","124","{'day': 'Mo', 'end': '10:00', 'location': 'SC 170', 'start': '09:05'};{'day': 'We', 'end': '10:00', 'location': 'SC 170', 'start': '09:05'};{'day': 'Fr', 'end': '10:00', 'location': 'SC 170', 'start': '09:05'}","False","B","1","C","20011","Research","2001"
"0000002383","","0000001073","PHYS","0","0","0","0","0","","Cederberg, James","{'fsnum': '1021', 'name': 'Cederberg, James'}","100","20","","","","","Prin Physics I/Lab","124","{'day': 'Th', 'end': '11:00', 'location': 'SC 111', 'start': '08:30'}","False","A","1","C","20011","Lab","2001"
"0000002385","","0000001073","PHYS","0","0","0","0","0","","Thomas, Richard","{'fsnum': '13198', 'name': 'Thomas, Richard'}","100","20","","","","","Prin Physics I/Lab","124","{'day': 'Th', 'end': '14:15', 'location': 'SC 111', 'start': '23:45'}","False","B","1","C","20011","Lab","2001"
"0000002386","","0000001073","PHYS","0","0","0","0","0","","Cederberg, James","{'fsnum': '1021', 'name': 'Cederberg, James'}","100","20","","","","","Prin Physics I/Lab","124","{'day': 'Th', 'end': '17:30', 'location': 'SC 111', 'start': '15:00'}","False","C","1","C","20011","Lab","2001"
"0000002387","","0000001073","PHYS","0","0","0","0","0","","Thomas, Richard","{'fsnum': '13198', 'name': 'Thomas, Richard'}","100","20","","","","","Prin Physics I/Lab","124","{'day': 'Fr', 'end': '15:25', 'location': 'SC 111', 'start': '12:55'}","False","D","1","O","20011","Lab","2001"
"0000002388","","0000001073","PHYS","0","0","0","0","0","","Cederberg, James","{'fsnum': '1021', 'name': 'Cederberg, James'}","100","20","","","","","Prin Physics I/Lab","124","{'day': 'Mo', 'end': '15:25', 'location': 'SC 111', 'start': '12:55'}","False","E","1","C","20011","Lab","2001"
"0000002389","1.0","0000001076","PHYS","28","22","0","4","2","NSC;NSL","Nitz, David","{'fsnum': '5620', 'name': 'Nitz, David'}","100","","","","","","Analytical I","126","{'day': 'Mo', 'end': '11:40', 'location': 'SC 170', 'start': '10:45'};{'day': 'We', 'end': '11:40', 'location': 'SC 170', 'start': '10:45'};{'day': 'Fr', 'end': '11:40', 'location': 'SC 170', 'start': '10:45'};{'day': 'Tu', 'end': '11:00', 'location': 'SC 170', 'start': '10:10'};{'day': 'Th', 'end': '11:00', 'location': 'SC 170', 'start': '10:10'}","False","","1","O","20011","Research","2001"
"0000002390","","0000001077","PHYS","0","0","0","0","0","","Nitz, David","{'fsnum': '5620', 'name': 'Nitz, David'}","100","16","","","","","Analytical I/Lab","126","{'day': 'Mo', 'end': '15:25', 'location': 'SC 159', 'start': '12:55'}","False","A","1","O","20011","Lab","2001"
"0000002391","","0000001077","PHYS","0","0","0","0","0","","Kolan, Amy","{'fsnum': '4480', 'name': 'Kolan, Amy'}","100","16","","","","","Analytical I/Lab","126","{'day': 'Tu', 'end': '15:55', 'location': 'SC 159', 'start': '13:20'}","False","B","1","O","20011","Lab","2001"
"0000002392","1.0","0000001080","PHYS","20","0","0","18","2","","Dahl, David A.","{'fsnum': '1345', 'name': 'Dahl, David A.'}","200","","","","","","Analytical III","228","{'day': 'Mo', 'end': '10:00', 'location': 'SC 129', 'start': '09:05'};{'day': 'We', 'end': '10:00', 'location': 'SC 129', 'start': '09:05'};{'day': 'Fr', 'end': '10:00', 'location': 'SC 129', 'start': '09:05'}","False","","1","O","20011","Research","2001"
"0000002393","0.25","0000001081","PHYS","14","0","0","12","2","","Dahl, David A.","{'fsnum': '1345', 'name': 'Dahl, David A.'}","200","16","","","","","Analytical Phy Lab","229","{'day': 'Th', 'end': '15:55', 'location': 'SC 159', 'start': '13:20'}","False","A","1","O","20011","Lab","2001"
"0000002394","0.25","0000001081","PHYS","6","0","0","6","0","","Dahl, David A.","{'fsnum': '1345', 'name': 'Dahl, David A.'}","200","16","","","","","Analytical Phy Lab","229","{'day': 'Fr', 'end': '16:30', 'location': 'SC 159', 'start': '14:00'}","False","B","1","O","20011","Lab","2001"
"0000002395","1.0","0000001092","PHYS","11","0","7","1","3","","Dahl, David A.","{'fsnum': '1345', 'name': 'Dahl, David A.'}","300","","","","","","Classical Mechanics","374","{'day': 'Mo', 'end': '12:45', 'location': 'SC 110', 'start': '23:50'};{'day': 'We', 'end': '12:45', 'location': 'SC 110', 'start': '23:50'};{'day': 'Fr', 'end': '12:45', 'location': 'SC 110', 'start': '23:50'}","False","","1","O","20011","Research","2001"
"0000002396","1.0","0000001094","PHYS","12","0","0","0","12","","Cederberg, James","{'fsnum': '1021', 'name': 'Cederberg, James'}","300","","","","","","Quantum Mechanics","376","{'day': 'Mo', 'end': '11:40', 'location': 'SC 110', 'start': '10:45'};{'day': 'We', 'end': '11:40', 'location': 'SC 110', 'start': '10:45'};{'day': 'Fr', 'end': '11:40', 'location': 'SC 110', 'start': '10:45'}","False","","1","O","20011","Research","2001"
"0000002397","0.25","0000001096","PHYS","3","0","2","0","1","","Thomas, Richard","{'fsnum': '13198', 'name': 'Thomas, Richard'}","300","10","","","","","Adv Physics Lab (374)","384","{'day': 'Mo', 'end': '17:00', 'location': 'SC 151', 'start': '14:00'}","False","A","1","O","20011","Lab","2001"
"0000002398","0.25","0000001096","PHYS","8","0","5","1","2","","Thomas, Richard","{'fsnum': '13198', 'name': 'Thomas, Richard'}","300","10","","","","","Adv Physics Lab (374)","384","{'day': 'Tu', 'end': '16:20', 'location': 'SC 151', 'start': '13:20'}","False","B","1","O","20011","Lab","2001"
"0000002399","0.25","0000001098","PHYS","3","0","0","0","3","","Nitz, David","{'fsnum': '5620', 'name': 'Nitz, David'}","300","10","","","","","Adv Physics Lab (376)","386","{'day': 'Th', 'end': '16:20', 'location': 'SC 151', 'start': '13:20'}","False","A","1","O","20011","Lab","2001"
"0000002400","0.25","0000001098","PHYS","9","0","0","0","9","","Nitz, David","{'fsnum': '5620', 'name': 'Nitz, David'}","300","10","","","","","Adv Physics Lab (376)","386","{'day': 'Fr', 'end': '17:00', 'location': 'SC 151', 'start': '14:00'}","False","B","1","O","20011","Lab","2001"
"0000002401","1.0","0000001103","PSCI","22","6","2","9","5","HBS;MCS-D","Hofrenning, Dan","{'fsnum': '3418', 'name': 'Hofrenning, Dan'}","100","25","","5","8","5","American Politics","111","{'day': 'Mo', 'end': '08:55', 'location': 'H 301', 'start': '08:00'};{'day': 'We', 'end': '08:55', 'location': 'H 301', 'start': '08:00'};{'day': 'Fr', 'end': '08:55', 'location': 'H 301', 'start': '08:00'}","False","A","1","O","20011","Research","2001"
"0000002402","1.0","0000001103","PSCI","23","2","8","7","6","HBS;MCS-D","Hofrenning, Dan","{'fsnum': '3418', 'name': 'Hofrenning, Dan'}","100","25","","5","8","5","American Politics","111","{'day': 'Mo', 'end': '10:00', 'location': 'H 301', 'start': '09:05'};{'day': 'We', 'end': '10:00', 'location': 'H 301', 'start': '09:05'};{'day': 'Fr', 'end': '10:00', 'location': 'H 301', 'start': '09:05'}","False","B","1","O","20011","Research","2001"
"0000002403","1.0","0000001104","PSCI","28","18","0","6","4","HBS;MCS-G","Brooks, D Christopher","{'fsnum': '14170', 'name': 'Brooks, D Christopher'}","100","25","","5","8","5","Comparative Politics","112","{'day': 'Tu', 'end': '13:10', 'location': 'SC 129', 'start': '23:45'};{'day': 'Th', 'end': '13:10', 'location': 'SC 129', 'start': '23:45'}","False","A","1","C","20011","Research","2001"
"0000002404","1.0","0000001104","PSCI","25","23","0","1","1","HBS;MCS-G","Brooks, D Christopher","{'fsnum': '14170', 'name': 'Brooks, D Christopher'}","100","25","","5","8","5","Comparative Politics","112","{'day': 'Tu', 'end': '14:45', 'location': 'SC 129', 'start': '13:20'};{'day': 'Th', 'end': '14:45', 'location': 'SC 129', 'start': '13:20'}","False","B","1","C","20011","Research","2001"
"0000002405","1.0","0000001110","PSCI","25","6","3","12","4","HBS","Burch, Kurt","{'fsnum': '14022', 'name': 'Burch, Kurt'}","100","25","","5","8","5","Int'l Relations","121","{'day': 'Mo', 'end': '11:40', 'location': 'L 577', 'start': '10:45'};{'day': 'We', 'end': '11:40', 'location': 'L 577', 'start': '10:45'};{'day': 'Fr', 'end': '11:40', 'location': 'L 577', 'start': '10:45'}","False","A","1","C","20011","Research","2001"
"0000002406","1.0","0000001110","PSCI","24","5","2","6","11","HBS","Burch, Kurt","{'fsnum': '14022', 'name': 'Burch, Kurt'}","100","25","","5","8","5","Int'l Relations","121","{'day': 'Mo', 'end': '12:45', 'location': 'L 577', 'start': '23:50'};{'day': 'We', 'end': '12:45', 'location': 'L 577', 'start': '23:50'};{'day': 'Fr', 'end': '12:45', 'location': 'L 577', 'start': '23:50'}","False","B","1","O","20011","Research","2001"
"0000002407","1.0","0000001113","PSCI","23","0","11","6","6","WRI","Breen, Sheryl D.","{'fsnum': '13316', 'name': 'Breen, Sheryl D.'}","200","25","","","","","Analyzing Politics","220","{'day': 'Mo', 'end': '12:45', 'location': 'L 177', 'start': '23:50'};{'day': 'We', 'end': '12:45', 'location': 'L 177', 'start': '23:50'};{'day': 'Fr', 'end': '12:45', 'location': 'L 177', 'start': '23:50'}","False","A","1","C","20011","Research","2001"
"0000002408","1.0","0000001113","PSCI","22","0","8","8","6","WRI","Breen, Sheryl D.","{'fsnum': '13316', 'name': 'Breen, Sheryl D.'}","200","25","","","","","Analyzing Politics","220","{'day': 'Mo', 'end': '14:55', 'location': 'L 577', 'start': '14:00'};{'day': 'We', 'end': '14:55', 'location': 'L 577', 'start': '14:00'};{'day': 'Fr', 'end': '14:55', 'location': 'L 577', 'start': '14:00'}","False","B","1","O","20011","Research","2001"
"0000002409","1.0","0000001117","PSCI","17","0","7","0","10","","Hofrenning, Dan","{'fsnum': '3418', 'name': 'Hofrenning, Dan'}","200","15","","","","","Intro to Publ Policy","246","{'day': 'Mo', 'end': '22:00', 'location': 'BC 144', 'start': '19:00'}","False","","1","C","20011","Research","2001"
"0000002410","1.0","0000001122","PSCI","24","0","12","5","7","HBS;MCS-G","Thalhammer, Kris","{'fsnum': '8281', 'name': 'Thalhammer, Kris'}","200","25","","","","","Politics & Developmnt","252","{'day': 'Tu', 'end': '11:00', 'location': 'H 516', 'start': '09:35'};{'day': 'Th', 'end': '11:00', 'location': 'H 516', 'start': '09:35'}","False","","1","C","20011","Research","2001"
"0000002411","1.0","0000001129","PSCI","14","0","4","4","6","HWC","Brooks, D Christopher","{'fsnum': '14170', 'name': 'Brooks, D Christopher'}","200","25","","","","","Hist Class Pol Thght","259","{'day': 'Mo', 'end': '14:55', 'location': 'H 307', 'start': '14:00'};{'day': 'We', 'end': '14:55', 'location': 'H 307', 'start': '14:00'};{'day': 'Fr', 'end': '14:55', 'location': 'H 307', 'start': '14:00'}","False","","1","C","20011","Research","2001"
"0000002412","1.0","0000001134","PSCI","24","0","13","6","5","","Umbanhowar Sr, Charles E.","{'fsnum': '8656', 'name': 'Umbanhowar Sr, Charles E.'}","200","25","","","","","Amer Const: Law","272","{'day': 'Tu', 'end': '11:00', 'location': 'H 515', 'start': '09:35'};{'day': 'Th', 'end': '11:00', 'location': 'H 515', 'start': '09:35'}","False","","1","O","20011","Research","2001"
"0000002413","1.0","0000001139","PSCI","1","0","1","0","0","","Breen, Sheryl D.","{'fsnum': '13316', 'name': 'Breen, Sheryl D.'}","200","","","","","","Academic Internship","294","","True","","1","O","20011","Research","2001"
"0000002414","1.0","0000001118","PSCI","17","0","1","0","16","EIN","Breen, Sheryl D.","{'fsnum': '13316', 'name': 'Breen, Sheryl D.'}","300","15","","","","","Ethics/Public Policy","346","{'day': 'Mo', 'end': '10:00', 'location': 'H 516', 'start': '09:05'};{'day': 'We', 'end': '10:00', 'location': 'H 516', 'start': '09:05'};{'day': 'Fr', 'end': '10:00', 'location': 'H 516', 'start': '09:05'}","False","","1","C","20011","Research","2001"
"0000002415","1.0","0000001145","PSCI","13","0","4","1","8","WRI","Thalhammer, Kris","{'fsnum': '8281', 'name': 'Thalhammer, Kris'}","300","15","","","","","Sem: Latin Am Politics","367","{'day': 'Mo', 'end': '22:00', 'location': 'H 516', 'start': '19:00'}","False","","1","O","20011","Seminar","2001"
"0000002416","1.0","0000001152","PSCI","1","0","0","0","1","","Thalhammer, Kris","{'fsnum': '8281', 'name': 'Thalhammer, Kris'}","300","","","","","","IR/Fundamentalist Sta","398","","False","","1","O","20011","Research","2001"
"0000002417","1.0","0000001153","PSCI","18","0","4","0","14","","Umbanhowar Sr, Charles E.","{'fsnum': '8656', 'name': 'Umbanhowar Sr, Charles E.'}","300","15","","","","","Sem: International Law","399","{'day': 'Tu', 'end': '14:45', 'location': 'H 516', 'start': '13:20'};{'day': 'Th', 'end': '14:45', 'location': 'H 516', 'start': '13:20'}","False","","1","C","20011","Seminar","2001"
"0000002418","1.0","0000001154","PSYCH","109","52","8","33","16","HBS;MCS-D","Huff, Charles","{'fsnum': '3556', 'name': 'Huff, Charles'}","100","120","","","","","Principles: Psych","121","{'day': 'Mo', 'end': '10:00', 'location': 'H 501', 'start': '09:05'};{'day': 'We', 'end': '10:00', 'location': 'H 501', 'start': '09:05'};{'day': 'Fr', 'end': '10:00', 'location': 'H 501', 'start': '09:05'}","False","A","1","O","20011","Research","2001"
"0000002419","1.0","0000001154","PSYCH","64","31","6","15","12","HBS;MCS-D","Anderson, Deborah","{'fsnum': '186', 'name': 'Anderson, Deborah'}","100","60","","","","","Principles: Psych","121","{'day': 'Tu', 'end': '11:00', 'location': 'H 307', 'start': '09:35'};{'day': 'Th', 'end': '11:00', 'location': 'H 307', 'start': '09:35'}","False","B","1","C","20011","Research","2001"
"0000002420","1.0","0000001154","PSYCH","68","33","3","20","12","HBS;MCS-D","Bacon, Pamela","{'fsnum': '14169', 'name': 'Bacon, Pamela'}","100","60","","","","","Principles: Psych","121","{'day': 'Tu', 'end': '13:10', 'location': 'H 307', 'start': '23:45'};{'day': 'Th', 'end': '13:10', 'location': 'H 307', 'start': '23:45'}","False","C","1","C","20011","Research","2001"
"0000002421","1.0","0000002274","PSYCH","53","27","5","14","7","HBS;NSL;NST","Thorsheim, Howard","{'fsnum': '8376', 'name': 'Thorsheim, Howard'}","100","60","","","","","Principles: Exp Psych","122","{'day': 'Mo', 'end': '10:00', 'location': 'H 307', 'start': '09:05'};{'day': 'We', 'end': '10:00', 'location': 'H 307', 'start': '09:05'};{'day': 'Fr', 'end': '10:00', 'location': 'H 307', 'start': '09:05'}","False","","1","O","20011","Research","2001"
"0000002422","","0000002275","PSYCH","0","0","0","0","0","","Dickson Jr., James","{'fsnum': '1366', 'name': 'Dickson Jr., James'}","100","30","","","","","Prin: Exper Psy/Lab","122","{'day': 'Tu', 'end': '14:45', 'location': 'SC 280', 'start': '23:45'}","False","A","1","C","20011","Lab","2001"
"0000002423","","0000002275","PSYCH","0","0","0","0","0","","Thorsheim, Howard","{'fsnum': '8376', 'name': 'Thorsheim, Howard'}","100","30","","","","","Prin: Exper Psy/Lab","122","{'day': 'We', 'end': '17:00', 'location': 'SC 280', 'start': '14:00'}","False","B","1","O","20011","Lab","2001"
"0000002424","1.0","0000001158","PSYCH","19","0","15","2","2","","Dickson Jr., James","{'fsnum': '1366', 'name': 'Dickson Jr., James'}","200","20","","","","","Research Methods","231","{'day': 'Mo', 'end': '11:40', 'location': 'H 307', 'start': '10:45'};{'day': 'We', 'end': '11:40', 'location': 'H 307', 'start': '10:45'};{'day': 'Fr', 'end': '11:40', 'location': 'H 307', 'start': '10:45'}","False","A","1","C","20011","Research","2001"
"0000002425","1.0","0000001158","PSYCH","18","0","15","1","2","","Huff, Charles","{'fsnum': '3556', 'name': 'Huff, Charles'}","200","20","","","","","Research Methods","231","{'day': 'Mo', 'end': '11:40', 'location': 'H 322', 'start': '10:45'};{'day': 'We', 'end': '11:40', 'location': 'H 322', 'start': '10:45'};{'day': 'Fr', 'end': '11:40', 'location': 'H 322', 'start': '10:45'}","False","B","1","O","20011","Research","2001"
"0000002426","1.0","0000001159","PSYCH","12","0","5","3","4","NSL;NST","Wolfe, Uta","{'fsnum': '14184', 'name': 'Wolfe, Uta'}","200","15","","","","","Sensation/Perception","235","{'day': 'Mo', 'end': '10:00', 'location': 'H 515', 'start': '09:05'};{'day': 'We', 'end': '10:00', 'location': 'H 515', 'start': '09:05'};{'day': 'Fr', 'end': '10:00', 'location': 'H 515', 'start': '09:05'};{'day': 'Th', 'end': '14:45', 'location': 'H 204', 'start': '23:45'}","False","","1","O","20011","Research","2001"
"0000002427","1.0","0000001161","PSYCH","20","1","9","1","9","NSL;NST","Dickson Jr., James","{'fsnum': '1366', 'name': 'Dickson Jr., James'}","200","20","","","","","Conditioning & Learning","236","{'day': 'Mo', 'end': '13:50', 'location': 'H 204', 'start': '12:55'};{'day': 'We', 'end': '13:50', 'location': 'H 204', 'start': '12:55'};{'day': 'Fr', 'end': '13:50', 'location': 'H 204', 'start': '12:55'};{'day': 'Th', 'end': '12:45', 'location': 'H 206', 'start': '23:45'}","False","","1","C","20011","Research","2001"
"0000002428","1.0","0000001165","PSYCH","28","1","11","1","15","NST","Wolfe, Uta","{'fsnum': '14184', 'name': 'Wolfe, Uta'}","200","30","","","","","Biopsychology","238","{'day': 'Mo', 'end': '12:45', 'location': 'SC 274', 'start': '23:50'};{'day': 'We', 'end': '12:45', 'location': 'SC 274', 'start': '23:50'};{'day': 'Fr', 'end': '12:45', 'location': 'SC 274', 'start': '23:50'}","False","","1","C","20011","Research","2001"
"0000002429","1.0","0000001168","PSYCH","34","0","15","11","8","","Woitaszewski, Scott","{'fsnum': '14209', 'name': 'Woitaszewski, Scott'}","200","35","","","","","Developmental Psych","241","{'day': 'Mo', 'end': '11:40', 'location': 'H 317', 'start': '10:45'};{'day': 'We', 'end': '11:40', 'location': 'H 317', 'start': '10:45'};{'day': 'Fr', 'end': '11:40', 'location': 'H 317', 'start': '10:45'}","False","A","1","C","20011","Research","2001"
"0000002430","1.0","0000001168","PSYCH","32","1","8","15","8","","Woitaszewski, Scott","{'fsnum': '14209', 'name': 'Woitaszewski, Scott'}","200","35","","","","","Developmental Psych","241","{'day': 'Mo', 'end': '12:45', 'location': 'H 317', 'start': '23:50'};{'day': 'We', 'end': '12:45', 'location': 'H 317', 'start': '23:50'};{'day': 'Fr', 'end': '12:45', 'location': 'H 317', 'start': '23:50'}","False","B","1","C","20011","Research","2001"
"0000002431","1.0","0000001170","PSYCH","40","0","7","16","17","","Bacon, Pamela","{'fsnum': '14169', 'name': 'Bacon, Pamela'}","200","35","","","","","Social Psychology","249","{'day': 'Mo', 'end': '12:45', 'location': 'H 307', 'start': '23:50'};{'day': 'We', 'end': '12:45', 'location': 'H 307', 'start': '23:50'};{'day': 'Fr', 'end': '12:45', 'location': 'H 307', 'start': '23:50'}","False","A","1","C","20011","Research","2001"
"0000002432","1.0","0000001170","PSYCH","39","0","7","20","12","","Bacon, Pamela","{'fsnum': '14169', 'name': 'Bacon, Pamela'}","200","35","","","","","Social Psychology","249","{'day': 'Mo', 'end': '13:50', 'location': 'H 307', 'start': '12:55'};{'day': 'We', 'end': '13:50', 'location': 'H 307', 'start': '12:55'};{'day': 'Fr', 'end': '13:50', 'location': 'H 307', 'start': '12:55'}","False","B","1","C","20011","Research","2001"
"0000002433","1.0","0000001176","PSYCH","39","0","14","13","12","","McMillan, Donna K.","{'fsnum': '5220', 'name': 'McMillan, Donna K.'}","200","35","","","","","Abnormal Psych","264","{'day': 'Tu', 'end': '11:00', 'location': 'H 501', 'start': '09:35'};{'day': 'Th', 'end': '11:00', 'location': 'H 501', 'start': '09:35'}","False","","1","C","20011","Research","2001"
"0000002434","1.0","0000001178","PSYCH","1","0","1","0","0","","Anderson, Deborah","{'fsnum': '186', 'name': 'Anderson, Deborah'}","200","","","","","","Academic Internship","294","","True","","1","O","20011","Research","2001"
"0000002435","1.0","0000001179","PSYCH","1","0","0","0","1","","Huff, Charles","{'fsnum': '3556', 'name': 'Huff, Charles'}","200","","","","","","IS/Moral Exemplars","298","","False","","1","O","20011","Research","2001"
"0000002436","1.0","0000001179","PSYCH","1","0","0","0","1","","Huff, Charles","{'fsnum': '3556', 'name': 'Huff, Charles'}","200","","","","","","IS/Moral Reasoning","298","","False","A","1","O","20011","Research","2001"
"0000002437","1.0","0000001179","PSYCH","1","0","0","0","1","","Huff, Charles","{'fsnum': '3556', 'name': 'Huff, Charles'}","200","","","","","","IS/Morality Research","298","","False","B","1","O","20011","Research","2001"
"0000002438","1.0","0000001179","PSYCH","1","0","0","0","1","","Anderson, Deborah","{'fsnum': '186', 'name': 'Anderson, Deborah'}","200","","","","","","IS/Effects of Abuse","298","","False","C","1","O","20011","Research","2001"
"0000002439","1.0","0000001179","PSYCH","1","0","0","0","1","","McMillan, Donna K.","{'fsnum': '5220', 'name': 'McMillan, Donna K.'}","200","","","","","","IS/Psych of Nightmare","298","","False","D","1","O","20011","Research","2001"
"0000002440","1.0","0000001179","PSYCH","1","0","1","0","0","","Wolfe, Uta","{'fsnum': '14184', 'name': 'Wolfe, Uta'}","200","","","","","","IS/Rel & Neuroscience","298","","False","E","1","O","20011","Research","2001"
"0000002441","1.0","0000001181","PSYCH","18","0","1","0","17","","","","300","18","","","","","Psych of Counseling","375","{'day': 'Tu', 'end': '09:25', 'location': 'H 301/H320', 'start': '08:00'};{'day': 'Th', 'end': '09:25', 'location': 'H 301/H320', 'start': '08:00'}","False","A","1","C","20011","Research","2001"
"0000002442","1.0","0000001181","PSYCH","18","0","0","0","18","","","","300","18","","","","","Psych of Counseling","375","{'day': 'Tu', 'end': '11:00', 'location': 'H 301/H320', 'start': '09:35'};{'day': 'Th', 'end': '11:00', 'location': 'H 301/H320', 'start': '09:35'}","False","B","1","C","20011","Research","2001"
"0000002443","1.0","0000001186","PSYCH","21","0","9","2","10","WRI","McMillan, Donna K.","{'fsnum': '5220', 'name': 'McMillan, Donna K.'}","300","18","","","","","Sem: Women & Madness","390","{'day': 'Tu', 'end': '09:25', 'location': 'H 514', 'start': '08:00'};{'day': 'Th', 'end': '09:25', 'location': 'H 514', 'start': '08:00'}","False","A","1","C","20011","Seminar","2001"
"0000002444","1.0","0000001186","PSYCH","14","0","6","0","8","ORC","Anderson, Deborah","{'fsnum': '186', 'name': 'Anderson, Deborah'}","300","18","","","","","Sem: Health Psych","390","{'day': 'Tu', 'end': '14:45', 'location': 'H 301', 'start': '13:20'};{'day': 'Th', 'end': '14:45', 'location': 'H 301', 'start': '13:20'}","False","B","1","O","20011","Seminar","2001"
"0000002445","1.0","0000001186","PSYCH","13","1","4","1","7","","Thorsheim, Howard","{'fsnum': '8376', 'name': 'Thorsheim, Howard'}","300","15","","","","","Sem: Narrative Psych","390","{'day': 'Tu', 'end': '11:00', 'location': 'H 319', 'start': '09:35'};{'day': 'Th', 'end': '11:00', 'location': 'H 319', 'start': '09:35'}","False","C","1","O","20011","Seminar","2001"
"0000002446","1.0","0000001188","PSYCH","2","0","0","0","2","","Anderson, Deborah","{'fsnum': '186', 'name': 'Anderson, Deborah'}","300","","","","","","Academic Internship","394","","True","","1","O","20011","Research","2001"
"0000002447","1.0","0000001190","PSYCH","4","0","1","0","3","WRI","Thorsheim, Howard","{'fsnum': '8376', 'name': 'Thorsheim, Howard'}","300","","","","","","IR/Preceptorship","398","","False","","1","O","20011","Research","2001"
"0000002448","1.0","0000001190","PSYCH","1","0","0","0","1","","Thorsheim, Howard","{'fsnum': '8376', 'name': 'Thorsheim, Howard'}","300","","","","","","IR/Igniting the Mind","398","","False","A","1","O","20011","Research","2001"
"0000002449","1.0","0000001190","PSYCH","1","0","0","0","1","","Huff, Charles","{'fsnum': '3556', 'name': 'Huff, Charles'}","300","","","","","","IR/Measuring Emotion","398","","False","B","1","O","20011","Research","2001"
"0000002450","1.0","0000001191","REL","21","20","0","0","1","BTS-B","Booth, David","{'fsnum': '712', 'name': 'Booth, David'}","100","25","","","","","Bible/Culture/Commun","121","{'day': 'Mo', 'end': '14:55', 'location': 'CH 102', 'start': '14:00'};{'day': 'We', 'end': '14:55', 'location': 'CH 102', 'start': '14:00'};{'day': 'Fr', 'end': '14:55', 'location': 'CH 102', 'start': '14:00'}","False","A","1","O","20011","Research","2001"
"0000002451","1.0","0000001191","REL","27","24","0","2","1","BTS-B","Hanson, James","{'fsnum': '3061', 'name': 'Hanson, James'}","100","25","","","","","Bible/Culture/Commun","121","{'day': 'Mo', 'end': '11:40', 'location': 'L 177', 'start': '10:45'};{'day': 'We', 'end': '11:40', 'location': 'L 177', 'start': '10:45'};{'day': 'Fr', 'end': '11:40', 'location': 'L 177', 'start': '10:45'}","False","B","1","C","20011","Research","2001"
"0000002452","1.0","0000001191","REL","25","22","0","1","2","BTS-B","Hanson, James","{'fsnum': '3061', 'name': 'Hanson, James'}","100","25","","","","","Bible/Culture/Commun","121","{'day': 'Mo', 'end': '12:45', 'location': 'CH 110', 'start': '23:50'};{'day': 'We', 'end': '12:45', 'location': 'CH 110', 'start': '23:50'};{'day': 'Fr', 'end': '12:45', 'location': 'CH 110', 'start': '23:50'}","False","C","1","C","20011","Research","2001"
"0000002453","1.0","0000001191","REL","26","23","0","0","3","BTS-B","Stoltzfus, Philip E.","{'fsnum': '13278', 'name': 'Stoltzfus, Philip E.'}","100","25","","","","","Bible/Culture/Commun","121","{'day': 'Tu', 'end': '09:25', 'location': 'CH 101', 'start': '08:00'};{'day': 'Th', 'end': '09:25', 'location': 'CH 101', 'start': '08:00'}","False","D","1","C","20011","Research","2001"
"0000002454","1.0","0000001191","REL","30","24","0","0","6","BTS-B","Stoltzfus, Philip E.","{'fsnum': '13278', 'name': 'Stoltzfus, Philip E.'}","100","25","","","","","Bible/Culture/Commun","121","{'day': 'Tu', 'end': '13:10', 'location': 'CH 101', 'start': '23:45'};{'day': 'Th', 'end': '13:10', 'location': 'CH 101', 'start': '23:45'}","False","E","1","C","20011","Research","2001"
"0000002455","1.0","0000001191","REL","28","27","0","0","1","BTS-B","Odell, Margaret","{'fsnum': '5800', 'name': 'Odell, Margaret'}","100","25","","","","","Bible/Culture/Commun","121","{'day': 'Tu', 'end': '09:25', 'location': 'CH 110', 'start': '08:00'};{'day': 'Th', 'end': '09:25', 'location': 'CH 110', 'start': '08:00'}","False","F","1","C","20011","Research","2001"
"0000002456","1.0","0000001191","REL","26","21","0","1","4","BTS-B","Odell, Margaret","{'fsnum': '5800', 'name': 'Odell, Margaret'}","100","25","","","","","Bible/Culture/Commun","121","{'day': 'Tu', 'end': '11:00', 'location': 'CH 110', 'start': '09:35'};{'day': 'Th', 'end': '11:00', 'location': 'CH 110', 'start': '09:35'}","False","G","1","C","20011","Research","2001"
"0000002457","1.0","0000001191","REL","30","24","0","3","3","BTS-B","Poehlmann, William","{'fsnum': '6381', 'name': 'Poehlmann, William'}","100","25","","","","","Bible/Culture/Commun","121","{'day': 'Tu', 'end': '11:00', 'location': 'CH 101', 'start': '09:35'};{'day': 'Th', 'end': '11:00', 'location': 'CH 101', 'start': '09:35'}","False","H","1","C","20011","Research","2001"
"0000002458","1.0","0000001191","REL","27","25","0","2","0","BTS-B","Stansell, Gary","{'fsnum': '7921', 'name': 'Stansell, Gary'}","100","25","","","","","Bible/Culture/Commun","121","{'day': 'Tu', 'end': '13:10', 'location': 'CH 102', 'start': '23:45'};{'day': 'Th', 'end': '13:10', 'location': 'CH 102', 'start': '23:45'}","False","I","1","C","20011","Research","2001"
"0000002459","1.0","0000001191","REL","24","22","0","1","1","BTS-B","Stansell, Gary","{'fsnum': '7921', 'name': 'Stansell, Gary'}","100","25","","","","","Bible/Culture/Commun","121","{'day': 'Tu', 'end': '14:45', 'location': 'CH 102', 'start': '13:20'};{'day': 'Th', 'end': '14:45', 'location': 'CH 102', 'start': '13:20'}","False","J","1","O","20011","Research","2001"
"0000002460","1.0","0000001191","REL","21","16","0","3","2","BTS-B","Wilson, Charles","{'fsnum': '9090', 'name': 'Wilson, Charles'}","100","25","","","","","Bible/Culture/Commun","121","{'day': 'Mo', 'end': '10:00', 'location': 'CH 101', 'start': '09:05'};{'day': 'We', 'end': '10:00', 'location': 'CH 101', 'start': '09:05'};{'day': 'Fr', 'end': '10:00', 'location': 'CH 101', 'start': '09:05'}","False","K","1","O","20011","Research","2001"
"0000002461","1.0","0000001191","REL","22","19","0","3","0","BTS-B","Wilson, Charles","{'fsnum': '9090', 'name': 'Wilson, Charles'}","100","25","","","","","Bible/Culture/Commun","121","{'day': 'Mo', 'end': '11:40', 'location': 'CH 101', 'start': '10:45'};{'day': 'We', 'end': '11:40', 'location': 'CH 101', 'start': '10:45'};{'day': 'Fr', 'end': '11:40', 'location': 'CH 101', 'start': '10:45'}","False","L","1","O","20011","Research","2001"
"0000002462","1.0","0000001191","REL","28","24","0","1","3","BTS-B","Malotky, Daniel","{'fsnum': '5032', 'name': 'Malotky, Daniel'}","100","25","","","","","Bible/Culture/Commun","121","{'day': 'Tu', 'end': '11:00', 'location': 'CH 102', 'start': '09:35'};{'day': 'Th', 'end': '11:00', 'location': 'CH 102', 'start': '09:35'}","False","M","1","C","20011","Research","2001"
"0000002463","1.0","0000001191","REL","27","23","0","4","0","BTS-B","Malotky, Daniel","{'fsnum': '5032', 'name': 'Malotky, Daniel'}","100","25","","","","","Bible/Culture/Commun","121","{'day': 'Tu', 'end': '14:45', 'location': 'CH 110', 'start': '13:20'};{'day': 'Th', 'end': '14:45', 'location': 'CH 110', 'start': '13:20'}","False","N","1","C","20011","Research","2001"
"0000002464","1.0","0000001192","REL","25","0","7","15","3","BTS-T;WRI","Wiley, Tatha","{'fsnum': '14182', 'name': 'Wiley, Tatha'}","200","25","","","","","Essentials Chr Theol","201","{'day': 'Mo', 'end': '13:50', 'location': 'CH 111', 'start': '12:55'};{'day': 'We', 'end': '13:50', 'location': 'CH 111', 'start': '12:55'};{'day': 'Fr', 'end': '13:50', 'location': 'CH 111', 'start': '12:55'}","False","A","1","C","20011","Research","2001"
"0000002465","1.0","0000001192","REL","25","0","2","19","4","BTS-T;WRI","Wiley, Tatha","{'fsnum': '14182', 'name': 'Wiley, Tatha'}","200","25","","","","","Essentials Chr Theol","201","{'day': 'Mo', 'end': '14:55', 'location': 'CH 111', 'start': '14:00'};{'day': 'We', 'end': '14:55', 'location': 'CH 111', 'start': '14:00'};{'day': 'Fr', 'end': '14:55', 'location': 'CH 111', 'start': '14:00'}","False","B","1","C","20011","Research","2001"
"0000002466","1.0","0000001196","REL","38","0","22","11","5","BTS-T;WRI","Santurri, Edmund","{'fsnum': '7020', 'name': 'Santurri, Edmund'}","200","25","","","","","Chr Theol/Human Exist","208","{'day': 'Mo', 'end': '11:40', 'location': 'CH 111', 'start': '10:45'};{'day': 'We', 'end': '11:40', 'location': 'CH 111', 'start': '10:45'};{'day': 'Fr', 'end': '11:40', 'location': 'CH 111', 'start': '10:45'}","False","A","1","C","20011","Research","2001"
"0000002467","1.0","0000001196","REL","32","0","21","5","6","BTS-T;WRI","Santurri, Edmund","{'fsnum': '7020', 'name': 'Santurri, Edmund'}","200","25","","","","","Chr Theol/Human Exist","208","{'day': 'Mo', 'end': '12:45', 'location': 'CH 111', 'start': '23:50'};{'day': 'We', 'end': '12:45', 'location': 'CH 111', 'start': '23:50'};{'day': 'Fr', 'end': '12:45', 'location': 'CH 111', 'start': '23:50'}","False","B","1","C","20011","Research","2001"
"0000002468","1.0","0000001197","REL","35","0","16","9","10","BTS-T;WRI","Booth, David","{'fsnum': '712', 'name': 'Booth, David'}","200","25","","","","","Intro Feminist Theol","209","{'day': 'Mo', 'end': '12:45', 'location': 'CH 101', 'start': '23:50'};{'day': 'We', 'end': '12:45', 'location': 'CH 101', 'start': '23:50'};{'day': 'Fr', 'end': '12:45', 'location': 'CH 101', 'start': '23:50'}","False","A","1","C","20011","Research","2001"
"0000002469","1.0","0000001198","REL","26","0","12","8","6","BTS-T;WRI","Stoltzfus, Philip E.","{'fsnum': '13278', 'name': 'Stoltzfus, Philip E.'}","200","25","","","","","Chr Theol in History","212","{'day': 'Mo', 'end': '13:50', 'location': 'CH 101', 'start': '12:55'};{'day': 'We', 'end': '13:50', 'location': 'CH 101', 'start': '12:55'};{'day': 'Fr', 'end': '13:50', 'location': 'CH 101', 'start': '12:55'}","False","","1","C","20011","Research","2001"
"0000002470","1.0","0000001201","REL","24","0","4","16","4","BTS-T;WRI","Lindley, Susan","{'fsnum': '4813', 'name': 'Lindley, Susan'}","200","25","","","","","Types Protestantism","215","{'day': 'Mo', 'end': '10:00', 'location': 'CH 110', 'start': '09:05'};{'day': 'We', 'end': '10:00', 'location': 'CH 110', 'start': '09:05'};{'day': 'Fr', 'end': '10:00', 'location': 'CH 110', 'start': '09:05'}","False","A","1","C","20011","Research","2001"
"0000002471","1.0","0000001201","REL","27","1","7","14","5","BTS-T;WRI","Lindley, Susan","{'fsnum': '4813', 'name': 'Lindley, Susan'}","200","25","","","","","Types Protestantism","215","{'day': 'Mo', 'end': '11:40', 'location': 'CH 110', 'start': '10:45'};{'day': 'We', 'end': '11:40', 'location': 'CH 110', 'start': '10:45'};{'day': 'Fr', 'end': '11:40', 'location': 'CH 110', 'start': '10:45'}","False","B","1","C","20011","Research","2001"
"0000002472","1.0","0000001206","REL","22","0","10","7","5","BTS-T;WRI","Odell, Margaret","{'fsnum': '5800', 'name': 'Odell, Margaret'}","200","25","","","","","The Biblical God","222","{'day': 'Mo', 'end': '14:55', 'location': 'CH 110', 'start': '14:00'};{'day': 'We', 'end': '14:55', 'location': 'CH 110', 'start': '14:00'};{'day': 'Fr', 'end': '14:55', 'location': 'CH 110', 'start': '14:00'}","False","","1","C","20011","Research","2001"
"0000002473","1.0","0000001207","REL","31","0","7","15","9","BTS-T;WRI","Hanson, James","{'fsnum': '3061', 'name': 'Hanson, James'}","200","25","","","","","St.Paul/Letter/Gospel","223","{'day': 'Mo', 'end': '14:55', 'location': 'CH 101', 'start': '14:00'};{'day': 'We', 'end': '14:55', 'location': 'CH 101', 'start': '14:00'};{'day': 'Fr', 'end': '14:55', 'location': 'CH 101', 'start': '14:00'}","False","","1","C","20011","Research","2001"
"0000002474","1.0","0000001212","REL","33","0","14","12","7","BTS-T;WRI","Poehlmann, William","{'fsnum': '6381', 'name': 'Poehlmann, William'}","200","25","","","","","Worship and Theology","228","{'day': 'Mo', 'end': '11:40', 'location': 'CH 102', 'start': '10:45'};{'day': 'We', 'end': '11:40', 'location': 'CH 102', 'start': '10:45'};{'day': 'Fr', 'end': '11:40', 'location': 'CH 102', 'start': '10:45'}","False","","1","C","20011","Research","2001"
"0000002475","1.0","0000001215","REL","26","2","8","11","5","MCS-G;WRI","Rambachan, Anantanand","{'fsnum': '6535', 'name': 'Rambachan, Anantanand'}","200","25","","","","","Understand Rel Trad","240","{'day': 'Tu', 'end': '11:00', 'location': 'CH 111', 'start': '09:35'};{'day': 'Th', 'end': '11:00', 'location': 'CH 111', 'start': '09:35'}","False","","1","C","20011","Research","2001"
"0000002476","1.0","0000001222","REL","29","0","8","11","10","MCS-G;WRI","Reed, Barbara","{'fsnum': '6625', 'name': 'Reed, Barbara'}","200","25","","","","","Buddhism","257","{'day': 'Mo', 'end': '13:50', 'location': 'CH 102', 'start': '12:55'};{'day': 'We', 'end': '13:50', 'location': 'CH 102', 'start': '12:55'};{'day': 'Fr', 'end': '13:50', 'location': 'CH 102', 'start': '12:55'}","False","","1","C","20011","Research","2001"
"0000002477","1.0","0000001224","REL","23","1","11","5","6","HWC;ORC;WRI","Lindley, Susan","{'fsnum': '4813', 'name': 'Lindley, Susan'}","200","25","","","","","Religion in America","260","{'day': 'Mo', 'end': '13:50', 'location': 'CH 110', 'start': '12:55'};{'day': 'We', 'end': '13:50', 'location': 'CH 110', 'start': '12:55'};{'day': 'Fr', 'end': '13:50', 'location': 'CH 110', 'start': '12:55'}","False","","1","C","20011","Research","2001"
"0000002478","1.0","0000001227","REL","26","0","9","10","7","HWC;WRI","Stansell, Gary","{'fsnum': '7921', 'name': 'Stansell, Gary'}","200","25","","","","","Old Test/Hebrew Bible","270","{'day': 'Mo', 'end': '12:45', 'location': 'CH 102', 'start': '23:50'};{'day': 'We', 'end': '12:45', 'location': 'CH 102', 'start': '23:50'};{'day': 'Fr', 'end': '12:45', 'location': 'CH 102', 'start': '23:50'}","False","","1","C","20011","Research","2001"
"0000002479","0.25","0000001227","REL","4","0","1","2","1","","Stansell, Gary","{'fsnum': '7921', 'name': 'Stansell, Gary'}","200","","","","","","FLC--German","270","","False","L","1","O","20011","Research","2001"
"0000002480","1.0","0000001250","REL","5","0","1","1","3","WRI","Poehlmann, William","{'fsnum': '6381', 'name': 'Poehlmann, William'}","300","15","","","","","Bib Sem: Fourth Gospel","391","{'day': 'Tu', 'end': '14:45', 'location': 'CH 109', 'start': '13:20'};{'day': 'Th', 'end': '14:45', 'location': 'CH 109', 'start': '13:20'}","False","","1","O","20011","Seminar","2001"
"0000002481","1.0","0000001257","REL","1","0","0","0","1","","Odell, Margaret","{'fsnum': '5800', 'name': 'Odell, Margaret'}","300","","","","","","IR/The Prophetic Role","398","","False","","1","O","20011","Research","2001"
"0000002482","1.0","0000001257","REL","1","0","0","0","1","","Poehlmann, William","{'fsnum': '6381', 'name': 'Poehlmann, William'}","300","","","","","","IR/Jewish IDentity","398","","False","A","1","O","20011","Research","2001"
"0000002483","1.0","0000001257","REL","1","0","0","0","1","","Odell, Margaret","{'fsnum': '5800', 'name': 'Odell, Margaret'}","300","","","","","","IR/Nature of the Soul","398","","False","B","1","O","20011","Research","2001"
"0000002484","1.0","0000001257","REL","1","0","0","0","1","","Stansell, Gary","{'fsnum': '7921', 'name': 'Stansell, Gary'}","300","","","","","","IR/Paul & Hebrew Bibl","398","","False","C","1","O","20011","Research","2001"
"0000002485","1.0","0000001258","REL","8","0","5","0","3","WRI","Wilson, Charles","{'fsnum': '9090', 'name': 'Wilson, Charles'}","300","15","","","","","Them: New Jesus","399","{'day': 'Tu', 'end': '13:10', 'location': 'CH 109', 'start': '23:45'};{'day': 'Th', 'end': '13:10', 'location': 'CH 109', 'start': '23:45'}","False","A","1","O","20011","Seminar","2001"
"0000002486","1.0","0000001258","REL","13","0","3","0","10","","Malotky, Daniel","{'fsnum': '5032', 'name': 'Malotky, Daniel'}","300","15","","","","","Them: Rel Peace & Viol","399","{'day': 'Mo', 'end': '11:40', 'location': 'CH 109', 'start': '10:45'};{'day': 'We', 'end': '11:40', 'location': 'CH 109', 'start': '10:45'};{'day': 'Fr', 'end': '11:40', 'location': 'CH 109', 'start': '10:45'}","False","B","1","O","20011","Seminar","2001"
"0000002487","1.0","0000001259","RUSSN","10","8","0","0","2","","Walter, Irina","{'fsnum': '8888', 'name': 'Walter, Irina'}","100","","","","","","Beginning Russian I","111","{'day': 'Mo', 'end': '12:45', 'location': 'M 30', 'start': '23:50'};{'day': 'We', 'end': '12:45', 'location': 'M 30', 'start': '23:50'};{'day': 'Fr', 'end': '12:45', 'location': 'M 30', 'start': '23:50'};{'day': 'Tu', 'end': '12:45', 'location': 'M 1', 'start': '23:50'}","False","A","1","O","20011","Research","2001"
"0000002488","1.0","0000001259","RUSSN","2","1","0","1","0","","Walter, Irina","{'fsnum': '8888', 'name': 'Walter, Irina'}","100","","","","","","Beginning Russian I","111","{'day': 'Mo', 'end': '14:55', 'location': 'M 2', 'start': '14:00'};{'day': 'We', 'end': '14:55', 'location': 'M 2', 'start': '14:00'};{'day': 'Fr', 'end': '14:55', 'location': 'M 2', 'start': '14:00'};{'day': 'Tu', 'end': '12:45', 'location': 'M 1', 'start': '23:50'}","False","B","1","O","20011","Research","2001"
"0000002489","1.0","0000001259","RUSSN","3","0","2","1","0","","Walter, Irina","{'fsnum': '8888', 'name': 'Walter, Irina'}","100","","","","","","Beginning Russian I","111","{'day': 'Mo', 'end': '12:45', 'location': 'M 30', 'start': '23:50'};{'day': 'We', 'end': '12:45', 'location': 'M 30', 'start': '23:50'};{'day': 'Fr', 'end': '12:45', 'location': 'M 30', 'start': '23:50'};{'day': 'Tu', 'end': '14:55', 'location': 'M 1', 'start': '14:00'}","False","C","1","O","20011","Research","2001"
"0000002490","1.0","0000001259","RUSSN","6","5","0","1","0","","Walter, Irina","{'fsnum': '8888', 'name': 'Walter, Irina'}","100","","","","","","Beginning Russian I","111","{'day': 'Mo', 'end': '14:55', 'location': 'M 2', 'start': '14:00'};{'day': 'We', 'end': '14:55', 'location': 'M 2', 'start': '14:00'};{'day': 'Fr', 'end': '14:55', 'location': 'M 2', 'start': '14:00'};{'day': 'Tu', 'end': '14:55', 'location': 'M 1', 'start': '14:00'}","False","D","1","O","20011","Research","2001"
"0000002491","1.0","0000001264","RUSSN","17","1","6","8","2","FOL-R","Robinson, Marc","{'fsnum': '6710', 'name': 'Robinson, Marc'}","200","","","","","","Intermed Russian I","231","{'day': 'Mo', 'end': '08:55', 'location': 'M 2', 'start': '08:00'};{'day': 'We', 'end': '08:55', 'location': 'M 2', 'start': '08:00'};{'day': 'Fr', 'end': '08:55', 'location': 'M 2', 'start': '08:00'};{'day': 'Tu', 'end': '08:55', 'location': 'M 11', 'start': '08:00'}","False","","1","O","20011","Research","2001"
"0000002492","1.0","0000001269","RUSSN","7","0","7","0","0","FOL-R","Walter, Irina","{'fsnum': '8888', 'name': 'Walter, Irina'}","200","","","","","","Conversation & Comp","251","{'day': 'Mo', 'end': '13:50', 'location': 'M 30', 'start': '12:55'};{'day': 'We', 'end': '13:50', 'location': 'M 30', 'start': '12:55'};{'day': 'Fr', 'end': '13:50', 'location': 'M 30', 'start': '12:55'}","False","","1","O","20011","Research","2001"
"0000002493","1.0","0000001273","RUSSN","17","0","8","4","5","ALS-L","Robinson, Marc","{'fsnum': '6710', 'name': 'Robinson, Marc'}","200","","","","","","20th C Russian Lit-Tr","262","{'day': 'Mo', 'end': '11:40', 'location': 'M 31', 'start': '10:45'};{'day': 'We', 'end': '11:40', 'location': 'M 31', 'start': '10:45'};{'day': 'Fr', 'end': '11:40', 'location': 'M 31', 'start': '10:45'}","False","","1","O","20011","Research","2001"
"0000002494","1.0","0000001276","RUSSN","1","0","0","0","1","","Walter, Irina","{'fsnum': '8888', 'name': 'Walter, Irina'}","200","","","","","","IS/Wm in Russian Sho","298","","False","","1","O","20011","Research","2001"
"0000002495","1.0","0000001289","SOAN","33","9","3","13","8","HBS;MCS-D","Leming, Michael","{'fsnum': '4762', 'name': 'Leming, Michael'}","100","25","","8","9","5","Intro to Sociology","121","{'day': 'Tu', 'end': '09:25', 'location': 'H 403', 'start': '08:00'};{'day': 'Th', 'end': '09:25', 'location': 'H 403', 'start': '08:00'}","False","A","1","C","20011","Research","2001"
"0000002496","1.0","0000001289","SOAN","29","13","2","6","8","HBS;MCS-D","Leming, Michael","{'fsnum': '4762', 'name': 'Leming, Michael'}","100","25","","5","5","5","Intro to Sociology","121","{'day': 'Tu', 'end': '11:00', 'location': 'H 403', 'start': '09:35'};{'day': 'Th', 'end': '11:00', 'location': 'H 403', 'start': '09:35'}","False","B","1","C","20011","Research","2001"
"0000002497","1.0","0000001289","SOAN","21","7","3","7","4","HBS;MCS-D","Engelen-Eigles, Deborah","{'fsnum': '14222', 'name': 'Engelen-Eigles, Deborah'}","100","25","","5","8","5","Intro to Sociology","121","{'day': 'Mo', 'end': '13:50', 'location': 'L 577', 'start': '12:55'};{'day': 'We', 'end': '13:50', 'location': 'L 577', 'start': '12:55'};{'day': 'Fr', 'end': '13:50', 'location': 'L 577', 'start': '12:55'}","False","C","1","O","20011","Research","2001"
"0000002498","1.0","0000001294","SOAN","27","13","3","5","6","HBS;MCS-G","Chiappari, Chris L.","{'fsnum': '10036', 'name': 'Chiappari, Chris L.'}","100","25","","5","5","5","Int/Cult Anthropology","128","{'day': 'Tu', 'end': '11:00', 'location': 'SC 188', 'start': '09:35'};{'day': 'Th', 'end': '11:00', 'location': 'SC 188', 'start': '09:35'}","False","A","1","C","20011","Research","2001"
"0000002499","1.0","0000001294","SOAN","30","6","7","7","10","HBS;MCS-G","Williamson, Thomas A.","{'fsnum': '14223', 'name': 'Williamson, Thomas A.'}","100","25","","5","5","5","Int/Cult Anthropology","128","{'day': 'Mo', 'end': '10:00', 'location': 'CH 111', 'start': '09:05'};{'day': 'We', 'end': '10:00', 'location': 'CH 111', 'start': '09:05'};{'day': 'Fr', 'end': '10:00', 'location': 'CH 111', 'start': '09:05'}","False","B","1","C","20011","Research","2001"
"0000002500","1.0","0000001300","SOAN","21","0","7","1","13","HBS;MCS-D;ORC","Anderson, Carolyn","{'fsnum': '179', 'name': 'Anderson, Carolyn'}","200","20","","","","","Contemp Native Amer","235","{'day': 'Mo', 'end': '11:40', 'location': 'H 403', 'start': '10:45'};{'day': 'We', 'end': '11:40', 'location': 'H 403', 'start': '10:45'};{'day': 'Fr', 'end': '11:40', 'location': 'H 403', 'start': '10:45'}","False","A","1","C","20011","Research","2001"
"0000002501","1.0","0000001300","SOAN","21","0","12","0","9","HBS;MCS-D;ORC","Anderson, Carolyn","{'fsnum': '179', 'name': 'Anderson, Carolyn'}","200","20","","","","","Contemp Native Amer","235","{'day': 'Mo', 'end': '12:45', 'location': 'H 403', 'start': '23:50'};{'day': 'We', 'end': '12:45', 'location': 'H 403', 'start': '23:50'};{'day': 'Fr', 'end': '12:45', 'location': 'H 403', 'start': '23:50'}","False","B","1","C","20011","Research","2001"
"0000002502","1.0","0000001302","SOAN","21","1","5","9","6","HBS;MCS-G","Chiappari, Chris L.","{'fsnum': '10036', 'name': 'Chiappari, Chris L.'}","200","25","","","","","Latin Amer Culture","237","{'day': 'Tu', 'end': '14:45', 'location': 'M 4', 'start': '13:20'};{'day': 'Th', 'end': '14:45', 'location': 'M 4', 'start': '13:20'}","False","","1","O","20011","Research","2001"
"0000002503","1.0","0000001304","SOAN","24","2","6","11","5","HBS;MCS-G","Williamson, Thomas A.","{'fsnum': '14223', 'name': 'Williamson, Thomas A.'}","200","25","","","","","Global Interdepend","241","{'day': 'Tu', 'end': '13:10', 'location': 'CH 110', 'start': '23:45'};{'day': 'Th', 'end': '13:10', 'location': 'CH 110', 'start': '23:45'}","False","","1","O","20011","Research","2001"
"0000002504","1.0","0000001306","SOAN","22","1","13","4","4","HBS;MCS-D","Nordstrom-Loeb, Bruce","{'fsnum': '5728', 'name': 'Nordstrom-Loeb, Bruce'}","200","25","","","","","Race/Class-Amer Cult","244","{'day': 'Tu', 'end': '11:00', 'location': 'M 2', 'start': '09:35'};{'day': 'Th', 'end': '11:00', 'location': 'M 2', 'start': '09:35'}","False","A","1","C","20011","Research","2001"
"0000002505","1.0","0000001306","SOAN","26","0","7","13","6","HBS;MCS-D","Nordstrom-Loeb, Bruce","{'fsnum': '5728', 'name': 'Nordstrom-Loeb, Bruce'}","200","25","","","","","Race/Class-Amer Cult","244","{'day': 'Tu', 'end': '13:10', 'location': 'M 2', 'start': '23:45'};{'day': 'Th', 'end': '13:10', 'location': 'M 2', 'start': '23:45'}","False","B","1","C","20011","Research","2001"
"0000002506","1.0","0000001308","SOAN","24","0","6","9","9","HBS","Leming, Michael","{'fsnum': '4762', 'name': 'Leming, Michael'}","200","25","","","","","Dying,Death,Bereave","248","{'day': 'Tu', 'end': '14:45', 'location': 'H 403', 'start': '13:20'};{'day': 'Th', 'end': '14:45', 'location': 'H 403', 'start': '13:20'}","False","","1","C","20011","Research","2001"
"0000002507","1.0","0000001309","SOAN","25","0","5","10","10","HBS;MCS-G","Anderson, Carolyn","{'fsnum': '179', 'name': 'Anderson, Carolyn'}","200","25","","","","","Endangered Cultures","249","{'day': 'Mo', 'end': '14:55', 'location': 'H 301', 'start': '14:00'};{'day': 'We', 'end': '14:55', 'location': 'H 301', 'start': '14:00'};{'day': 'Fr', 'end': '14:55', 'location': 'H 301', 'start': '14:00'}","False","","1","C","20011","Research","2001"
"0000002508","1.0","0000001310","SOAN","36","1","12","6","17","HBS;MCS-D","Myers, Phyllis G.","{'fsnum': '5438', 'name': 'Myers, Phyllis G.'}","200","25","","","","","Marriage & the Family","260","{'day': 'Mo', 'end': '11:40', 'location': 'H 501', 'start': '10:45'};{'day': 'We', 'end': '11:40', 'location': 'H 501', 'start': '10:45'};{'day': 'Fr', 'end': '11:40', 'location': 'H 501', 'start': '10:45'}","False","A","1","C","20011","Research","2001"
"0000002509","1.0","0000001310","SOAN","34","0","7","4","23","HBS;MCS-D","Myers, Phyllis G.","{'fsnum': '5438', 'name': 'Myers, Phyllis G.'}","200","25","","","","","Marriage & the Family","260","{'day': 'Mo', 'end': '12:45', 'location': 'H 501', 'start': '23:50'};{'day': 'We', 'end': '12:45', 'location': 'H 501', 'start': '23:50'};{'day': 'Fr', 'end': '12:45', 'location': 'H 501', 'start': '23:50'}","False","B","1","C","20011","Research","2001"
"0000002510","1.0","0000001316","SOAN","1","0","1","0","0","","Peterson, Samiha","{'fsnum': '6309', 'name': 'Peterson, Samiha'}","200","","","","","","IS/Study of Moro Soci","298","","False","","1","O","20011","Research","2001"
"0000002511","1.0","0000001317","SOAN","16","0","6","0","10","","Engelen-Eigles, Deborah","{'fsnum': '14222', 'name': 'Engelen-Eigles, Deborah'}","300","25","","","","","Found Soc Sci Resrch","371","{'day': 'Mo', 'end': '12:45', 'location': 'H 514', 'start': '23:50'};{'day': 'We', 'end': '12:45', 'location': 'H 514', 'start': '23:50'};{'day': 'Fr', 'end': '12:45', 'location': 'H 514', 'start': '23:50'}","False","","1","O","20011","Research","2001"
"0000002512","1.0","0000001320","SOAN","1","0","1","0","0","","Leming, Michael","{'fsnum': '4762', 'name': 'Leming, Michael'}","300","","","","","","IR/Stats Analysis","398","","False","","1","O","20011","Research","2001"
"0000002513","1.0","0000001324","SPAN","26","19","1","3","3","","Galicia, Marisol","{'fsnum': '14193', 'name': 'Galicia, Marisol'}","100","25","","","","","Beginning Spanish I","111","{'day': 'Mo', 'end': '08:55', 'location': 'M 20', 'start': '08:00'};{'day': 'We', 'end': '08:55', 'location': 'M 20', 'start': '08:00'};{'day': 'Fr', 'end': '08:55', 'location': 'M 20', 'start': '08:00'}","False","A","1","C","20011","Research","2001"
"0000002514","1.0","0000001324","SPAN","28","16","3","7","2","","Galicia, Marisol","{'fsnum': '14193', 'name': 'Galicia, Marisol'}","100","25","","","","","Beginning Spanish I","111","{'day': 'Mo', 'end': '13:50', 'location': 'M 21', 'start': '12:55'};{'day': 'We', 'end': '13:50', 'location': 'M 21', 'start': '12:55'};{'day': 'Fr', 'end': '13:50', 'location': 'M 21', 'start': '12:55'}","False","B","1","C","20011","Research","2001"
"0000002515","1.0","0000001324","SPAN","27","9","6","8","4","","Cropsey, Kris A.","{'fsnum': '14153', 'name': 'Cropsey, Kris A.'}","100","25","","","","","Beginning Spanish I","111","{'day': 'Mo', 'end': '14:55', 'location': 'M 31', 'start': '14:00'};{'day': 'We', 'end': '14:55', 'location': 'M 31', 'start': '14:00'};{'day': 'Fr', 'end': '14:55', 'location': 'M 31', 'start': '14:00'}","False","C","1","C","20011","Research","2001"
"0000002516","1.0","0000001325","SPAN","21","16","1","2","2","","Odd, Joan","{'fsnum': '5798', 'name': 'Odd, Joan'}","100","25","","","","","Beginning Spanish II","112","{'day': 'Mo', 'end': '11:40', 'location': 'M 20', 'start': '10:45'};{'day': 'We', 'end': '11:40', 'location': 'M 20', 'start': '10:45'};{'day': 'Fr', 'end': '11:40', 'location': 'M 20', 'start': '10:45'}","False","A","1","C","20011","Research","2001"
"0000002517","1.0","0000001325","SPAN","23","19","0","3","1","","Greenslade, Terri","{'fsnum': '13138', 'name': 'Greenslade, Terri'}","100","25","","","","","Beginning Spanish II","112","{'day': 'Mo', 'end': '12:45', 'location': 'M 20', 'start': '23:50'};{'day': 'We', 'end': '12:45', 'location': 'M 20', 'start': '23:50'};{'day': 'Fr', 'end': '12:45', 'location': 'M 20', 'start': '23:50'}","False","B","1","O","20011","Research","2001"
"0000002518","1.0","0000001325","SPAN","24","22","1","0","1","","Greenslade, Terri","{'fsnum': '13138', 'name': 'Greenslade, Terri'}","100","25","","","","","Beginning Spanish II","112","{'day': 'Mo', 'end': '13:50', 'location': 'M 35', 'start': '12:55'};{'day': 'We', 'end': '13:50', 'location': 'M 35', 'start': '12:55'};{'day': 'Fr', 'end': '13:50', 'location': 'M 35', 'start': '12:55'}","False","C","1","O","20011","Research","2001"
"0000002519","1.0","0000001325","SPAN","22","21","1","0","0","","Galicia, Marisol","{'fsnum': '14193', 'name': 'Galicia, Marisol'}","100","25","","","","","Beginning Spanish II","112","{'day': 'Mo', 'end': '14:55', 'location': 'M 35', 'start': '14:00'};{'day': 'We', 'end': '14:55', 'location': 'M 35', 'start': '14:00'};{'day': 'Fr', 'end': '14:55', 'location': 'M 35', 'start': '14:00'}","False","D","1","O","20011","Research","2001"
"0000002520","1.0","0000001326","SPAN","27","23","0","2","2","","Odd, Joan","{'fsnum': '5798', 'name': 'Odd, Joan'}","200","25","","","","","Intermed Spanish I","231","{'day': 'Mo', 'end': '08:55', 'location': 'M 21', 'start': '08:00'};{'day': 'We', 'end': '08:55', 'location': 'M 21', 'start': '08:00'};{'day': 'Fr', 'end': '08:55', 'location': 'M 21', 'start': '08:00'}","False","A","1","C","20011","Research","2001"
"0000002521","1.0","0000001326","SPAN","24","8","3","10","3","","Greenslade, Terri","{'fsnum': '13138', 'name': 'Greenslade, Terri'}","200","25","","","","","Intermed Spanish I","231","{'day': 'Mo', 'end': '10:00', 'location': 'M 21', 'start': '09:05'};{'day': 'We', 'end': '10:00', 'location': 'M 21', 'start': '09:05'};{'day': 'Fr', 'end': '10:00', 'location': 'M 21', 'start': '09:05'}","False","B","1","O","20011","Research","2001"
"0000002522","1.0","0000001326","SPAN","25","9","2","8","6","","Broner, Maggie","{'fsnum': '792', 'name': 'Broner, Maggie'}","200","25","","","","","Intermed Spanish I","231","{'day': 'Mo', 'end': '11:40', 'location': 'M 21', 'start': '10:45'};{'day': 'We', 'end': '11:40', 'location': 'M 21', 'start': '10:45'};{'day': 'Fr', 'end': '11:40', 'location': 'M 21', 'start': '10:45'}","False","C","1","C","20011","Research","2001"
"0000002523","1.0","0000001326","SPAN","23","9","2","9","3","","Broner, Maggie","{'fsnum': '792', 'name': 'Broner, Maggie'}","200","25","","","","","Intermed Spanish I","231","{'day': 'Mo', 'end': '12:45', 'location': 'M 21', 'start': '23:50'};{'day': 'We', 'end': '12:45', 'location': 'M 21', 'start': '23:50'};{'day': 'Fr', 'end': '12:45', 'location': 'M 21', 'start': '23:50'}","False","D","1","O","20011","Research","2001"
"0000002524","1.0","0000001326","SPAN","24","12","1","8","3","","Odd, Joan","{'fsnum': '5798', 'name': 'Odd, Joan'}","200","25","","","","","Intermed Spanish I","231","{'day': 'Mo', 'end': '13:50', 'location': 'M 20', 'start': '12:55'};{'day': 'We', 'end': '13:50', 'location': 'M 20', 'start': '12:55'};{'day': 'Fr', 'end': '13:50', 'location': 'M 20', 'start': '12:55'}","False","E","1","O","20011","Research","2001"
"0000002525","1.0","0000001326","SPAN","23","16","1","4","2","","Odd, Frank L.","{'fsnum': '5797', 'name': 'Odd, Frank L.'}","200","25","","","","","Intermed Spanish I","231","{'day': 'Mo', 'end': '14:55', 'location': 'M 20', 'start': '14:00'};{'day': 'We', 'end': '14:55', 'location': 'M 20', 'start': '14:00'};{'day': 'Fr', 'end': '14:55', 'location': 'M 20', 'start': '14:00'}","False","F","1","O","20011","Research","2001"
"0000002526","1.0","0000001327","SPAN","27","13","2","6","6","FOL-S;MCS-D","Cropsey, Kris A.","{'fsnum': '14153', 'name': 'Cropsey, Kris A.'}","200","25","","","","","Intermed Spanish II","232","{'day': 'Tu', 'end': '09:25', 'location': 'M 20', 'start': '08:00'};{'day': 'Th', 'end': '09:25', 'location': 'M 20', 'start': '08:00'}","False","A","1","C","20011","Research","2001"
"0000002527","1.0","0000001327","SPAN","26","4","1","18","3","FOL-S;MCS-D","Cropsey, Kris A.","{'fsnum': '14153', 'name': 'Cropsey, Kris A.'}","200","25","","","","","Intermed Spanish II","232","{'day': 'Tu', 'end': '11:00', 'location': 'M 20', 'start': '09:35'};{'day': 'Th', 'end': '11:00', 'location': 'M 20', 'start': '09:35'}","False","B","1","C","20011","Research","2001"
"0000002528","1.0","0000001327","SPAN","21","1","3","13","4","FOL-S;MCS-D","Carullo, Sylvia","{'fsnum': '977', 'name': 'Carullo, Sylvia'}","200","25","","","","","Intermed Spanish II","232","{'day': 'Tu', 'end': '13:10', 'location': 'M 20', 'start': '23:45'};{'day': 'Th', 'end': '13:10', 'location': 'M 20', 'start': '23:45'}","False","C","1","O","20011","Research","2001"
"0000002529","1.0","0000001327","SPAN","24","10","1","12","1","FOL-S;MCS-D","Carullo, Sylvia","{'fsnum': '977', 'name': 'Carullo, Sylvia'}","200","25","","","","","Intermed Spanish II","232","{'day': 'Tu', 'end': '14:45', 'location': 'M 20', 'start': '13:20'};{'day': 'Th', 'end': '14:45', 'location': 'M 20', 'start': '13:20'}","False","D","1","O","20011","Research","2001"
"0000002530","1.0","0000001331","SPAN","10","2","0","8","0","FOL-S","Narváez, León","{'fsnum': '5471', 'name': 'Narváez, León'}","200","25","","","","","Cult & Civ of Spain","251","{'day': 'Tu', 'end': '09:25', 'location': 'M 21', 'start': '08:00'};{'day': 'Th', 'end': '09:25', 'location': 'M 21', 'start': '08:00'}","False","A","1","C","20011","Research","2001"
"0000002531","1.0","0000001331","SPAN","17","3","0","14","0","FOL-S","Narváez, León","{'fsnum': '5471', 'name': 'Narváez, León'}","200","25","","","","","Cult & Civ of Spain","251","{'day': 'Tu', 'end': '11:00', 'location': 'M 21', 'start': '09:35'};{'day': 'Th', 'end': '11:00', 'location': 'M 21', 'start': '09:35'}","False","B","1","O","20011","Research","2001"
"0000002532","1.0","0000001332","SPAN","17","0","7","9","1","FOL-S","Broner, Maggie","{'fsnum': '792', 'name': 'Broner, Maggie'}","200","25","","","","","Cult & Civ of Lat Am","254","{'day': 'Mo', 'end': '14:55', 'location': 'M 21', 'start': '14:00'};{'day': 'We', 'end': '14:55', 'location': 'M 21', 'start': '14:00'};{'day': 'Fr', 'end': '14:55', 'location': 'M 21', 'start': '14:00'}","False","","1","O","20011","Research","2001"
"0000002533","1.0","0000001348","SPAN","17","0","6","1","10","ALS-L;FOL-S","Narváez, León","{'fsnum': '5471', 'name': 'Narváez, León'}","300","25","","","","","Spanish Novel & Essay","373","{'day': 'Mo', 'end': '10:00', 'location': 'M 20', 'start': '09:05'};{'day': 'We', 'end': '10:00', 'location': 'M 20', 'start': '09:05'};{'day': 'Fr', 'end': '10:00', 'location': 'M 20', 'start': '09:05'}","False","","1","O","20011","Research","2001"
"0000002534","1.0","0000001349","SPAN","16","0","8","0","8","ALS-L;FOL-S","Dunlop, James A.","{'fsnum': '1541', 'name': 'Dunlop, James A.'}","300","25","","","","","Spanish Theater","374","{'day': 'Tu', 'end': '13:10', 'location': 'M 21', 'start': '23:45'};{'day': 'Th', 'end': '13:10', 'location': 'M 21', 'start': '23:45'}","False","","1","O","20011","Research","2001"
"0000002560","1.0","0000001402","STAT","24","0","7","9","8","MAR","Ericksen, Gerald","{'fsnum': '1861', 'name': 'Ericksen, Gerald'}","100","25","","","","","Prin of Statistics","110","{'day': 'Mo', 'end': '10:00', 'location': 'L 477', 'start': '09:05'};{'day': 'We', 'end': '10:00', 'location': 'L 477', 'start': '09:05'};{'day': 'Fr', 'end': '10:00', 'location': 'L 477', 'start': '09:05'}","False","A","1","C","20011","Research","2001"
"0000002561","1.0","0000001402","STAT","24","1","10","5","8","MAR","Legler, Julie M.","{'fsnum': '14114', 'name': 'Legler, Julie M.'}","100","25","","","","","Prin of Statistics","110","{'day': 'Mo', 'end': '11:40', 'location': 'L 477', 'start': '10:45'};{'day': 'We', 'end': '11:40', 'location': 'L 477', 'start': '10:45'};{'day': 'Fr', 'end': '11:40', 'location': 'L 477', 'start': '10:45'}","False","B","1","C","20011","Research","2001"
"0000002562","1.0","0000001402","STAT","22","0","7","12","3","MAR","Ericksen, Gerald","{'fsnum': '1861', 'name': 'Ericksen, Gerald'}","100","25","","","","","Prin of Statistics","110","{'day': 'Mo', 'end': '12:45', 'location': 'L 477', 'start': '23:50'};{'day': 'We', 'end': '12:45', 'location': 'L 477', 'start': '23:50'};{'day': 'Fr', 'end': '12:45', 'location': 'L 477', 'start': '23:50'}","False","C","1","C","20011","Research","2001"
"0000002563","1.0","0000001403","STAT","24","0","13","6","5","","Kahn, Michael","{'fsnum': '4165', 'name': 'Kahn, Michael'}","200","25","","","","","Statistics for Science","212","{'day': 'Mo', 'end': '14:55', 'location': 'SC 182', 'start': '14:00'};{'day': 'We', 'end': '14:55', 'location': 'SC 182', 'start': '14:00'};{'day': 'Fr', 'end': '14:55', 'location': 'SC 182', 'start': '14:00'}","False","","1","C","20011","Research","2001"
"0000002564","1.0","0000001404","STAT","18","0","11","4","3","WRI","Carlson, William L.","{'fsnum': '951', 'name': 'Carlson, William L.'}","200","20","","","","","Stat Problem Solving","263","{'day': 'Mo', 'end': '08:55', 'location': 'H 413', 'start': '08:00'};{'day': 'We', 'end': '08:55', 'location': 'H 413', 'start': '08:00'};{'day': 'Fr', 'end': '08:55', 'location': 'H 413', 'start': '08:00'}","False","A","1","O","20011","Research","2001"
"0000002565","1.0","0000001404","STAT","20","0","4","1","15","WRI","Fitzgerald, Terry J.","{'fsnum': '14049', 'name': 'Fitzgerald, Terry J.'}","200","20","","","","","Stat Problem Solving","263","{'day': 'Mo', 'end': '12:45', 'location': 'H 413', 'start': '23:50'};{'day': 'We', 'end': '12:45', 'location': 'H 413', 'start': '23:50'};{'day': 'Fr', 'end': '12:45', 'location': 'H 413', 'start': '23:50'}","False","B","1","C","20011","Research","2001"
"0000002566","1.0","0000001414","STAT","1","0","0","0","1","","Kahn, Michael","{'fsnum': '4165', 'name': 'Kahn, Michael'}","300","","","","","","IR/Gen Add Models","398","","False","","1","O","20011","Research","2001"
"0000002535","1.0","0000001359","SWRK","27","0","6","18","3","WRI","Carlsen, Mary","{'fsnum': '938', 'name': 'Carlsen, Mary'}","200","30","","","","","Soc Work/Soc Services","221","{'day': 'Mo', 'end': '13:50', 'location': 'H 403', 'start': '12:55'};{'day': 'We', 'end': '13:50', 'location': 'H 403', 'start': '12:55'};{'day': 'Fr', 'end': '13:50', 'location': 'H 403', 'start': '12:55'}","False","","1","O","20011","Research","2001"
"0000002536","1.0","0000001360","SWRK","20","0","17","1","2","","Carlsen, Mary","{'fsnum': '938', 'name': 'Carlsen, Mary'}","200","20","","","","","Hum Behav in Soc Env","246","{'day': 'Mo', 'end': '11:40', 'location': 'L 421', 'start': '10:45'};{'day': 'We', 'end': '11:40', 'location': 'L 421', 'start': '10:45'};{'day': 'Fr', 'end': '11:40', 'location': 'L 421', 'start': '10:45'}","False","","1","O","20011","Research","2001"
"0000002537","1.0","0000001361","SWRK","17","0","15","1","1","ORC","Carlsen, Mary","{'fsnum': '938', 'name': 'Carlsen, Mary'}","200","20","","","","","Social Work Methods I","254","{'day': 'Tu', 'end': '13:10', 'location': 'H 403', 'start': '23:45'};{'day': 'Th', 'end': '13:10', 'location': 'H 403', 'start': '23:45'}","False","","1","O","20011","Research","2001"
"0000002538","1.0","0000001367","SWRK","1","0","0","0","1","","Carlsen, Mary","{'fsnum': '938', 'name': 'Carlsen, Mary'}","200","","","","","","IS/Comparative Arrest","298","","False","","1","O","20011","Research","2001"
"0000002539","1.0","0000001368","SWRK","12","0","0","0","12","","Richardson, Patricia","{'fsnum': '6656', 'name': 'Richardson, Patricia'}","300","15","","","","","Social Wrk Methds III","373","{'day': 'Mo', 'end': '13:50', 'location': 'BC 220', 'start': '23:50'};{'day': 'We', 'end': '13:50', 'location': 'BC 220', 'start': '23:50'};{'day': 'Tu', 'end': '11:00', 'location': 'BC 220', 'start': '09:35'};{'day': 'Th', 'end': '11:00', 'location': 'BC 220', 'start': '09:35'};{'day': 'Tu', 'end': '14:45', 'location': 'BC 220', 'start': '23:45'};{'day': 'Th', 'end': '14:45', 'location': 'BC 220', 'start': '23:45'}","False","","1","O","20011","Research","2001"
"0000002540","2.5","0000001369","SWRK","12","0","0","0","12","","Lennox, Naurine","{'fsnum': '4761', 'name': 'Lennox, Naurine'}","300","15","","","","","Field Practicum","380","{'day': 'Mo', 'end': '22:00', 'location': 'L 421', 'start': '19:00'}","False","","1","O","20011","Research","2001"
"0000002541","1.0","0000001374","THEAT","25","0","6","1","18","ALS-A;ORC","Wilson, Karen","{'fsnum': '9093', 'name': 'Wilson, Karen'}","100","20","","","","","Oral Interpretation","100","{'day': 'Mo', 'end': '11:40', 'location': 'TB 216', 'start': '10:45'};{'day': 'We', 'end': '11:40', 'location': 'TB 216', 'start': '10:45'};{'day': 'Fr', 'end': '11:40', 'location': 'TB 216', 'start': '10:45'}","False","","1","C","20011","Research","2001"
"0000002542","1.0","0000001375","THEAT","29","3","2","14","10","ALS-A;WRI","Sonnega, Bill","{'fsnum': '7676', 'name': 'Sonnega, Bill'}","100","32","","","","","Intro to Theater","110","{'day': 'Mo', 'end': '12:45', 'location': 'TB 216', 'start': '23:50'};{'day': 'We', 'end': '12:45', 'location': 'TB 216', 'start': '23:50'};{'day': 'Fr', 'end': '12:45', 'location': 'TB 216', 'start': '23:50'}","False","","1","C","20011","Research","2001"
"0000002543","1.0","0000001376","THEAT","17","0","10","0","7","ALS-A;ORC","Freeman, Dona W.","{'fsnum': '8982', 'name': 'Freeman, Dona W.'}","100","15","","","","","Acting for Non-Majors","115","{'day': 'Tu', 'end': '14:45', 'location': 'TB Haugen', 'start': '13:20'};{'day': 'Th', 'end': '14:45', 'location': 'TB Haugen', 'start': '13:20'}","False","","1","C","20011","Research","2001"
"0000002544","1.0","0000001378","THEAT","18","1","8","3","6","ALS-A;ORC;PHA","Freeman, Dona W.","{'fsnum': '8982', 'name': 'Freeman, Dona W.'}","100","15","","","","","Beginning Acting","130","{'day': 'Tu', 'end': '11:00', 'location': 'TB Haugen', 'start': '09:35'};{'day': 'Th', 'end': '11:00', 'location': 'TB Haugen', 'start': '09:35'}","False","","1","C","20011","Research","2001"
"0000002545","1.0","0000001381","THEAT","14","4","2","5","3","ALS-A","Reiser, Steven E.","{'fsnum': '14261', 'name': 'Reiser, Steven E.'}","100","20","","","","","Scenery Costumes","150","{'day': 'Mo', 'end': '11:40', 'location': 'TB Green Rm', 'start': '10:45'};{'day': 'We', 'end': '11:40', 'location': 'TB Green Rm', 'start': '10:45'};{'day': 'Fr', 'end': '11:40', 'location': 'TB Green Rm', 'start': '10:45'}","False","","1","O","20011","Research","2001"
"0000002546","1.0","0000001382","THEAT","17","0","4","4","9","ORC","Wilson, Karen","{'fsnum': '9093', 'name': 'Wilson, Karen'}","200","20","","","","","Voice & Phonetics","200","{'day': 'Mo', 'end': '13:50', 'location': 'TB 227', 'start': '12:55'};{'day': 'We', 'end': '13:50', 'location': 'TB 227', 'start': '12:55'};{'day': 'Fr', 'end': '13:50', 'location': 'TB 227', 'start': '12:55'}","False","","1","O","20011","Research","2001"
"0000002547","1.0","0000001384","THEAT","11","0","3","5","3","","Freeman, Dona W.","{'fsnum': '8982', 'name': 'Freeman, Dona W.'}","200","15","","","","","Intermediate Acting","230","{'day': 'Tu', 'end': '13:10', 'location': 'TB Haugen', 'start': '23:45'};{'day': 'Th', 'end': '13:10', 'location': 'TB Haugen', 'start': '23:45'}","False","","1","O","20011","Research","2001"
"0000002548","1.0","0000001385","THEAT","17","0","8","2","7","","Gisselman, Gary C.","{'fsnum': '10426', 'name': 'Gisselman, Gary C.'}","200","15","","","","","Intro to Directing","232","{'day': 'Mo', 'end': '14:55', 'location': 'TB Haugen', 'start': '14:00'};{'day': 'We', 'end': '14:55', 'location': 'TB Haugen', 'start': '14:00'};{'day': 'Fr', 'end': '14:55', 'location': 'TB Haugen', 'start': '14:00'}","False","","1","C","20011","Research","2001"
"0000002549","0.25","0000001386","THEAT","6","2","1","1","2","ALS-A","Sonnega, Bill","{'fsnum': '7676', 'name': 'Sonnega, Bill'}","200","","","","","","Thtr Prac: Act/Direct","233","","True","A","1","O","20011","Research","2001"
"0000002550","0.25","0000001386","THEAT","1","1","0","0","0","ALS-A","Wilson, Karen","{'fsnum': '9093', 'name': 'Wilson, Karen'}","200","","","","","","Thtr Prac: Act/Produc","233","","True","B","1","O","20011","Research","2001"
"0000002551","1.0","0000001388","THEAT","15","0","5","2","8","ALS-A","Bjorklund, Brian","{'fsnum': '611', 'name': 'Bjorklund, Brian'}","200","14","","","","","Lighting & Sound","250","{'day': 'Tu', 'end': '11:00', 'location': 'TB Green Rm', 'start': '09:35'};{'day': 'Th', 'end': '11:00', 'location': 'TB Green Rm', 'start': '09:35'}","False","","1","C","20011","Research","2001"
"0000002552","0.25","0000001390","THEAT","3","0","0","2","1","ALS-A","Staff","{'fsnum': '', 'name': 'Staff'}","200","","","","","","Th Prac: Scenery/Light","253","{'day': 'Mo', 'end': '14:55', 'location': 'TB Green Rm', 'start': '14:00'}","True","A","1","O","20011","Research","2001"
"0000002553","0.25","0000001390","THEAT","4","0","1","1","2","ALS-A","Bjorklund, Brian","{'fsnum': '611', 'name': 'Bjorklund, Brian'}","200","16","","","","","Th Prac: Computer Dsn","253","{'day': 'Mo', 'end': '13:50', 'location': 'L 277', 'start': '12:55'}","True","B","1","O","20011","Research","2001"
"0000002554","1.0","0000001395","THEAT","1","0","0","0","1","","Wilson, Karen","{'fsnum': '9093', 'name': 'Wilson, Karen'}","200","","","","","","IS/Theatre History","298","","False","","1","O","20011","Research","2001"
"0000002555","1.0","0000001395","THEAT","1","0","0","0","1","","Wilson, Karen","{'fsnum': '9093', 'name': 'Wilson, Karen'}","200","","","","","","IS/Theatre Hist 1700--","298","","False","A","1","O","20011","Research","2001"
"0000002556","1.0","0000001397","THEAT","15","0","4","1","10","","Bjorklund, Brian","{'fsnum': '611', 'name': 'Bjorklund, Brian'}","300","18","","","","","Scenery/Costume Desgn","352","{'day': 'Tu', 'end': '14:45', 'location': 'TB Green Rm', 'start': '13:20'};{'day': 'Th', 'end': '14:45', 'location': 'TB Green Rm', 'start': '13:20'}","False","","1","O","20011","Research","2001"
"0000002557","1.0","0000001398","THEAT","18","0","4","5","9","MCS-D","Gisselman, Gary C.","{'fsnum': '10426', 'name': 'Gisselman, Gary C.'}","300","25","","","","","Top: Am Musical Theatr","379","{'day': 'Mo', 'end': '11:40', 'location': 'TB 227', 'start': '10:45'};{'day': 'We', 'end': '11:40', 'location': 'TB 227', 'start': '10:45'};{'day': 'Fr', 'end': '11:40', 'location': 'TB 227', 'start': '10:45'}","False","","1","O","20011","Topic","2001"
"0000002558","1.0","0000001401","THEAT","1","0","0","0","1","","Wilson, Karen","{'fsnum': '9093', 'name': 'Wilson, Karen'}","300","","","","","","IR/Speech Disorders","398","","False","","1","O","20011","Research","2001"
"0000002559","1.0","0000001401","THEAT","1","0","0","0","1","","Gisselman, Gary C.","{'fsnum': '10426', 'name': 'Gisselman, Gary C.'}","300","","","","","","IR/Dramaturgy","398","","False","A","1","O","20011","Research","2001"
"0000002604","1.0","0000001476","WMNST","20","0","7","4","9","MCS-D;WRI","LeBlanc, Diane C.","{'fsnum': '13324', 'name': 'LeBlanc, Diane C.'}","100","23","","","","","Intro Women's Studies","121","{'day': 'Mo', 'end': '13:50', 'location': 'L 421', 'start': '12:55'};{'day': 'We', 'end': '13:50', 'location': 'L 421', 'start': '12:55'};{'day': 'Fr', 'end': '13:50', 'location': 'L 421', 'start': '12:55'}","False","A","1","C","20011","Research","2001"
"0000002605","1.0","0000001476","WMNST","23","2","3","11","7","MCS-D","Kutulas, Judy","{'fsnum': '4583', 'name': 'Kutulas, Judy'}","100","23","","","","","Intro Women's Studies","121","{'day': 'Tu', 'end': '13:10', 'location': 'M 15', 'start': '23:45'};{'day': 'Th', 'end': '13:10', 'location': 'M 15', 'start': '23:45'}","False","B","1","C","20011","Research","2001"

