"clbid","credits","crsid","department","enrolled","enrollment_fy","enrollment_jr","enrollment_so","enrollment_sr","gereqs","instructors","instructors_full","level","max","max_fy","max_jr","max_so","max_sr","name","number","offerings","pn","section","semester","status","term","type","year"
"0000003690","1.0","0000000016","AFAM","28","2","3","14","9","ALS-L;MCS-G","Hepburn, Joan","{'fsnum': '3322', 'name': 'Hepburn, Joan'}","200","30","","","","","Africa & the Americas","231","{'day': 'Tu', 'end': '11:00', 'location': 'L 577', 'start': '09:35'};{'day': 'Th', 'end': '10:50', 'location': 'L 577', 'start': '09:30'}","False","","1","C","20021","Seminar","2002"
"0000003777","1.0","0000000176","AMCON","24","23","0","0","1","","Farrell, James","{'fsnum': '2030', 'name': 'Farrell, James'}","100","","","","","","Freedoms: 1620-1865","101","{'day': 'Mo', 'end': '11:40', 'location': 'L 515', 'start': '10:45'};{'day': 'We', 'end': '11:40', 'location': 'L 515', 'start': '10:45'};{'day': 'Fr', 'end': '11:40', 'location': 'L 515', 'start': '10:45'}","False","A","1","C","20021","Research","2002"
"0000003778","1.0","0000000176","AMCON","22","21","0","0","1","","Wells, Colin","{'fsnum': '8973', 'name': 'Wells, Colin'}","100","","","","","","Freedoms: 1620-1865","101","{'day': 'Mo', 'end': '11:40', 'location': 'L 421', 'start': '10:45'};{'day': 'We', 'end': '11:40', 'location': 'L 421', 'start': '10:45'};{'day': 'Fr', 'end': '11:40', 'location': 'L 421', 'start': '10:45'}","False","B","1","C","20021","Research","2002"
"0000003779","1.0","0000000178","AMCON","14","0","0","14","0","ALS-L;MCS-D;WRI","Holly, Carol","{'fsnum': '3424', 'name': 'Holly, Carol'}","200","","","","","","Remaking Am: 1845-1945","201","{'day': 'Mo', 'end': '14:55', 'location': 'L 515', 'start': '14:00'};{'day': 'We', 'end': '14:55', 'location': 'L 515', 'start': '14:00'};{'day': 'Fr', 'end': '14:55', 'location': 'L 515', 'start': '14:00'}","False","A","1","C","20021","Research","2002"
"0000003780","1.0","0000000178","AMCON","14","0","0","13","1","ALS-L;MCS-D;WRI","Nordstrom-Loeb, Bruce","{'fsnum': '5728', 'name': 'Nordstrom-Loeb, Bruce'}","200","","","","","","Remaking Am: 1845-1945","201","{'day': 'Mo', 'end': '14:55', 'location': 'L 420', 'start': '14:00'};{'day': 'We', 'end': '14:55', 'location': 'L 420', 'start': '14:00'};{'day': 'Fr', 'end': '14:55', 'location': 'L 420', 'start': '14:00'}","False","B","1","C","20021","Research","2002"
"0000003688","1.0","0000000004","AMST","31","0","15","8","8","HBS;MCS-D","Farrell, James","{'fsnum': '2030', 'name': 'Farrell, James'}","100","25","","14","5","10","Perspec Amer Culture","100","{'day': 'Mo', 'end': '13:50', 'location': 'ST', 'start': '12:55'};{'day': 'We', 'end': '13:50', 'location': 'ST', 'start': '12:55'};{'day': 'Fr', 'end': '13:50', 'location': 'ST', 'start': '12:55'}","False","","1","C","20021","Research","2002"
"0000003689","1.0","0000000012","AMST","1","0","0","0","1","","Arneson, Wendell","{'fsnum': '276', 'name': 'Arneson, Wendell'}","200","","","","","","IS/Asian Amer Studies","298","","False","","1","O","20021","Research","2002"
"0000003691","0.5","0000000019","ART","20","6","4","8","2","ALS-A","Evans, Jil","{'fsnum': '14958', 'name': 'Evans, Jil'}","100","22","6","3","2","2","Found Perceptual Draw","111","{'day': 'Mo', 'end': '11:40', 'location': 'CAD 216', 'start': '10:45'};{'day': 'We', 'end': '11:40', 'location': 'CAD 216', 'start': '10:45'};{'day': 'Fr', 'end': '11:40', 'location': 'CAD 216', 'start': '10:45'}","False","","1","C","20021","Research","2002"
"0000003692","0.5","0000000020","ART","22","8","3","7","4","ALS-A","Ewald, Jill","{'fsnum': '1987', 'name': 'Ewald, Jill'}","100","22","6","3","2","1","Found Conceptual Draw","112","{'day': 'Tu', 'end': '09:25', 'location': 'CAD 216', 'start': '08:00'};{'day': 'Th', 'end': '09:20', 'location': 'CAD 216', 'start': '08:00'}","False","","1","C","20021","Research","2002"
"0000003693","0.5","0000000021","ART","21","11","1","6","3","ALS-A","Arneson, Wendell","{'fsnum': '276', 'name': 'Arneson, Wendell'}","100","22","12","3","3","3","Found Color Design","113","{'day': 'Mo', 'end': '10:00', 'location': 'CAD 116', 'start': '09:05'};{'day': 'We', 'end': '10:00', 'location': 'CAD 116', 'start': '09:05'};{'day': 'Fr', 'end': '10:00', 'location': 'CAD 116', 'start': '09:05'}","False","A","1","C","20021","Research","2002"
"0000003694","0.5","0000000021","ART","20","8","3","6","3","ALS-A","Evans, Jil","{'fsnum': '14958', 'name': 'Evans, Jil'}","100","22","7","2","2","2","Found Color Design","113","{'day': 'Mo', 'end': '12:45', 'location': 'CAD 116', 'start': '23:50'};{'day': 'We', 'end': '12:45', 'location': 'CAD 116', 'start': '23:50'};{'day': 'Fr', 'end': '12:45', 'location': 'CAD 116', 'start': '23:50'}","False","B","1","C","20021","Research","2002"
"0000003695","0.5","0000000022","ART","16","7","3","3","3","ALS-A","Dell, Irve","{'fsnum': '1369', 'name': 'Dell, Irve'}","100","18","8","2","2","2","Foundation Sculpture","114","{'day': 'Tu', 'end': '11:00', 'location': 'CAD 106', 'start': '09:35'};{'day': 'Th', 'end': '10:50', 'location': 'CAD 106', 'start': '09:30'}","False","A","1","C","20021","Research","2002"
"0000003696","0.5","0000000022","ART","17","11","1","4","1","ALS-A","Dell, Irve","{'fsnum': '1369', 'name': 'Dell, Irve'}","100","18","11","2","2","2","Foundation Sculpture","114","{'day': 'Tu', 'end': '16:30', 'location': 'CAD 106', 'start': '15:05'};{'day': 'Th', 'end': '17:30', 'location': 'CAD 106', 'start': '16:05'}","False","B","1","C","20021","Research","2002"
"0000003697","0.5","0000000023","ART","20","3","8","4","5","ALS-A","Gammell, Linda","{'fsnum': '14097', 'name': 'Gammell, Linda'}","100","20","3","0","1","0","Found Photography","115","{'day': 'Tu', 'end': '11:00', 'location': 'CAD 102', 'start': '09:35'};{'day': 'Th', 'end': '10:50', 'location': 'CAD 102', 'start': '09:30'}","False","","1","C","20021","Research","2002"
"0000003698","0.5","0000000024","ART","17","6","2","5","4","ALS-A","Rudquist, Monica","{'fsnum': '14959', 'name': 'Rudquist, Monica'}","100","20","7","2","1","2","Found Ceramics: Hand","116","{'day': 'Tu', 'end': '11:00', 'location': 'CAD 115C', 'start': '09:35'};{'day': 'Th', 'end': '10:50', 'location': 'CAD 115C', 'start': '09:30'}","False","","1","C","20021","Research","2002"
"0000003699","0.5","0000000026","ART","19","5","6","5","3","ALS-A","Rudquist, Monica","{'fsnum': '14959', 'name': 'Rudquist, Monica'}","100","20","5","2","2","1","Found Ceramics: Wheel","119","{'day': 'Tu', 'end': '13:10', 'location': 'CAD 115E', 'start': '23:45'};{'day': 'Th', 'end': '14:05', 'location': 'CAD 115E', 'start': '12:45'}","False","","1","C","20021","Research","2002"
"0000003700","1.0","0000000027","ART","11","10","0","0","1","ALS-A","Evans, Jil","{'fsnum': '14958', 'name': 'Evans, Jil'}","100","18","17","0","0","0","Honors Found Drawing","120","{'day': 'Mo', 'end': '10:00', 'location': 'CAD 216', 'start': '08:00'};{'day': 'We', 'end': '10:00', 'location': 'CAD 216', 'start': '08:00'};{'day': 'Fr', 'end': '10:00', 'location': 'CAD 216', 'start': '08:00'}","False","","1","C","20021","Research","2002"
"0000003701","1.0","0000000029","ART","18","9","1","3","5","ALS-A","Gammell, Linda","{'fsnum': '14097', 'name': 'Gammell, Linda'}","100","18","","","","","Found Photography","124","{'day': 'Tu', 'end': '14:45', 'location': 'CAD 102', 'start': '23:45'};{'day': 'Th', 'end': '15:45', 'location': 'CAD 102', 'start': '12:45'}","False","","1","C","20021","Research","2002"
"0000003702","1.0","0000000031","ART","38","7","10","7","14","ALS-A;HWC","Thompson, Nancy M.","{'fsnum': '13137', 'name': 'Thompson, Nancy M.'}","100","40","5","7","7","6","Ancient--Medieval","150","{'day': 'Mo', 'end': '11:40', 'location': 'CAD 305', 'start': '10:45'};{'day': 'We', 'end': '11:40', 'location': 'CAD 305', 'start': '10:45'};{'day': 'Fr', 'end': '11:40', 'location': 'CAD 305', 'start': '10:45'}","False","","1","C","20021","Research","2002"
"0000003703","1.0","0000000033","ART","31","1","8","6","16","","Arneson, Wendell","{'fsnum': '276', 'name': 'Arneson, Wendell'}","200","22","","","","","Oil/Acrylic Painting","221","{'day': 'Mo', 'end': '14:55', 'location': 'CAD 214', 'start': '12:55'};{'day': 'We', 'end': '14:55', 'location': 'CAD 214', 'start': '12:55'};{'day': 'Fr', 'end': '14:55', 'location': 'CAD 214', 'start': '12:55'}","False","","1","C","20021","Research","2002"
"0000003704","1.0","0000000035","ART","8","0","2","3","3","","Dell, Irve","{'fsnum': '1369', 'name': 'Dell, Irve'}","200","15","6","4","7","3","Sculpt: Metal Casting","223","{'day': 'Tu', 'end': '14:45', 'location': 'CAD 105', 'start': '23:45'};{'day': 'Th', 'end': '15:45', 'location': 'CAD 105', 'start': '12:45'}","False","","1","O","20021","Research","2002"
"0000003705","1.0","0000000039","ART","12","0","6","4","2","","Saurer, John","{'fsnum': '7064', 'name': 'Saurer, John'}","200","16","0","4","4","3","Printmkg: Intaglio/Mono","227","{'day': 'Mo', 'end': '12:45', 'location': 'CAD 212', 'start': '22:45'};{'day': 'We', 'end': '12:45', 'location': 'CAD 212', 'start': '22:45'};{'day': 'Fr', 'end': '12:45', 'location': 'CAD 212', 'start': '22:45'}","False","","1","C","20021","Research","2002"
"0000003706","1.0","0000000042","ART","11","0","2","3","6","","Kelley, Patrick T.","{'fsnum': '14002', 'name': 'Kelley, Patrick T.'}","200","15","0","5","6","4","Motion Graphics","230","{'day': 'Tu', 'end': '14:45', 'location': 'CAD 100', 'start': '23:45'};{'day': 'Th', 'end': '15:45', 'location': 'CAD 100', 'start': '12:45'}","False","","1","C","20021","Research","2002"
"0000003707","1.0","0000000046","ART","2","0","0","1","1","","Gammell, Linda","{'fsnum': '14097', 'name': 'Gammell, Linda'}","200","15","0","8","13","4","Photography","238","{'day': 'Tu', 'end': '14:45', 'location': 'CAD 102', 'start': '23:45'};{'day': 'Th', 'end': '15:45', 'location': 'CAD 102', 'start': '12:45'}","False","","1","C","20021","Research","2002"
"0000003708","1.0","0000000047","ART","8","2","1","2","3","ALS-A","Ryan, David E.","{'fsnum': '13038', 'name': 'Ryan, David E.'}","200","14","0","7","9","4","Video Art Production","239","{'day': 'Tu', 'end': '11:00', 'location': 'CAD 101', 'start': '08:00'};{'day': 'Th', 'end': '10:50', 'location': 'CAD 101', 'start': '08:00'}","False","","1","O","20021","Research","2002"
"0000003709","1.0","0000000051","ART","38","5","14","10","9","ALS-A;HWC","Rohn, Matthew","{'fsnum': '6758', 'name': 'Rohn, Matthew'}","200","40","7","6","6","6","Art 1880-1950","252","{'day': 'Mo', 'end': '10:00', 'location': 'CAD 305', 'start': '09:05'};{'day': 'We', 'end': '10:00', 'location': 'CAD 305', 'start': '09:05'};{'day': 'Fr', 'end': '10:00', 'location': 'CAD 305', 'start': '09:05'}","False","","1","C","20021","Research","2002"
"0000003710","1.0","0000000052","ART","39","6","12","12","9","ALS-A;HWC","Van Schepen, Randall","{'fsnum': '14183', 'name': 'Van Schepen, Randall'}","200","40","7","8","6","6","Art Since 1950","253","{'day': 'Tu', 'end': '13:10', 'location': 'CAD 305', 'start': '23:45'};{'day': 'Th', 'end': '14:05', 'location': 'CAD 305', 'start': '12:45'}","False","","1","O","20021","Research","2002"
"0000003711","1.0","0000000053","ART","28","3","8","7","10","ALS-A;HWC","Thompson, Nancy M.","{'fsnum': '13137', 'name': 'Thompson, Nancy M.'}","200","30","6","8","9","7","Italian Renaissance","254","{'day': 'Tu', 'end': '11:00', 'location': 'CAD 305', 'start': '09:35'};{'day': 'Th', 'end': '10:50', 'location': 'CAD 305', 'start': '09:30'}","False","","1","C","20021","Research","2002"
"0000003712","1.0","0000000057","ART","29","10","6","5","8","ALS-A;MCS-G","Kucera, Karil J.","{'fsnum': '14964', 'name': 'Kucera, Karil J.'}","200","40","15","18","20","9","Art of China/Japan","259","{'day': 'Mo', 'end': '14:55', 'location': 'CAD 305', 'start': '14:00'};{'day': 'We', 'end': '14:55', 'location': 'CAD 305', 'start': '14:00'};{'day': 'Fr', 'end': '14:55', 'location': 'CAD 305', 'start': '14:00'}","False","","1","O","20021","Research","2002"
"0000003713","1.0","0000000061","ART","30","4","8","9","9","ALS-A;MCS-G","Kucera, Karil J.","{'fsnum': '14964', 'name': 'Kucera, Karil J.'}","200","40","10","16","22","8","Art of India/SE Asia","265","{'day': 'Mo', 'end': '12:45', 'location': 'CAD 305', 'start': '23:50'};{'day': 'We', 'end': '12:45', 'location': 'CAD 305', 'start': '23:50'};{'day': 'Fr', 'end': '12:45', 'location': 'CAD 305', 'start': '23:50'}","False","","1","O","20021","Research","2002"
"0000003714","1.0","0000000067","ART","15","0","3","5","7","ALS-A","Thompson, Nancy M.","{'fsnum': '13137', 'name': 'Thompson, Nancy M.'}","200","15","0","3","4","3","Women in Art","277","{'day': 'Tu', 'end': '14:45', 'location': 'CAD 204', 'start': '13:20'};{'day': 'Th', 'end': '15:35', 'location': 'CAD 204', 'start': '14:15'}","False","","1","C","20021","Research","2002"
"0000003715","1.0","0000000069","ART","1","0","0","0","1","","Arneson, Wendell","{'fsnum': '276', 'name': 'Arneson, Wendell'}","200","","","","","","IS/Advanced Painting","298","","False","","1","O","20021","Research","2002"
"0000003716","1.0","0000000069","ART","1","0","0","0","1","","Rudquist, Monica","{'fsnum': '14959', 'name': 'Rudquist, Monica'}","200","","","","","","IS/Advanced Ceramics","298","","False","A","1","O","20021","Research","2002"
"0000003717","1.0","0000000069","ART","1","0","1","0","0","","Rudquist, Monica","{'fsnum': '14959', 'name': 'Rudquist, Monica'}","200","","","","","","IS/Vessel Studies","298","","False","B","1","O","20021","Research","2002"
"0000003718","1.0","0000000069","ART","1","0","0","0","1","","Rudquist, Monica","{'fsnum': '14959', 'name': 'Rudquist, Monica'}","200","","","","","","IS/Exploring Ceramics","298","","False","C","1","O","20021","Research","2002"
"0000003719","1.0","0000000069","ART","1","0","1","0","0","","Rudquist, Monica","{'fsnum': '14959', 'name': 'Rudquist, Monica'}","200","","","","","","IS/Independ Ceramic","298","","False","D","1","O","20021","Research","2002"
"0000003720","1.0","0000000070","ART","19","0","1","0","18","","Saurer, John","{'fsnum': '7064', 'name': 'Saurer, John'}","300","18","","","","","Topics Sem/Studio Art","340","{'day': 'Mo', 'end': '10:00', 'location': 'CAD 204', 'start': '08:00'};{'day': 'We', 'end': '10:00', 'location': 'CAD 204', 'start': '08:00'};{'day': 'Fr', 'end': '10:00', 'location': 'CAD 204', 'start': '08:00'}","False","","1","C","20021","Topic","2002"
"0000003721","1.0","0000000075","ART","1","0","0","0","1","","Ryan, David E.","{'fsnum': '13038', 'name': 'Ryan, David E.'}","300","","","","","","IR/Intro to Video Art","398","","False","","1","O","20021","Research","2002"
"0000003722","1.0","0000000075","ART","1","0","1","0","0","","Rohn, Matthew","{'fsnum': '6758', 'name': 'Rohn, Matthew'}","300","","","","","","IR/Independent Thesis","398","","False","A","1","O","20021","Research","2002"
"0000003723","1.0","0000000075","ART","1","0","0","0","1","","Dell, Irve","{'fsnum': '1369', 'name': 'Dell, Irve'}","300","","","","","","IR/Public Installatn","398","","False","B","1","O","20021","Research","2002"
"0000003724","1.0","0000000075","ART","1","0","0","0","1","","Rohn, Matthew","{'fsnum': '6758', 'name': 'Rohn, Matthew'}","300","","","","","","IR/Corbusier: A Vision","398","","False","C","1","O","20021","Research","2002"
"0000003725","1.0","0000000076","ASIAN","20","19","0","0","1","FYW","Larson, Phyllis Hyland","{'fsnum': '4624', 'name': 'Larson, Phyllis Hyland'}","100","20","","","","","Family & Self/E Asia","111","{'day': 'Tu', 'end': '13:10', 'location': 'M 15', 'start': '23:45'};{'day': 'Th', 'end': '14:05', 'location': 'M 15', 'start': '12:45'}","False","","1","C","20021","Research","2002"
"0000003726","1.0","0000000083","ASIAN","28","0","10","8","10","ALS-A;MCS-G","Wan, Pin Pin","{'fsnum': '8890', 'name': 'Wan, Pin Pin'}","100","30","","","","","Cont China Thru Film","156","{'day': 'Mo', 'end': '11:40', 'location': 'M 1', 'start': '10:45'};{'day': 'We', 'end': '11:40', 'location': 'M 1', 'start': '10:45'};{'day': 'Fr', 'end': '11:40', 'location': 'M 1', 'start': '10:45'}","False","","1","C","20021","Research","2002"
"0000003727","1.0","0000000084","ASIAN","17","1","0","16","0","HBS","Dalgaard, Bruce","{'fsnum': '1333', 'name': 'Dalgaard, Bruce'}","200","20","","","","","Rice & Society/E Asia","211","{'day': 'Tu', 'end': '14:45', 'location': 'M 30', 'start': '13:20'};{'day': 'Th', 'end': '15:35', 'location': 'M 30', 'start': '14:15'}","False","","1","C","20021","Research","2002"
"0000003728","1.0","0000000097","ASIAN","1","0","0","0","1","","Entenmann, Robert","{'fsnum': '1821', 'name': 'Entenmann, Robert'}","300","","","","","","IR/Cambodian Refugees","398","","False","","1","O","20021","Research","2002"
"0000003729","1.0","0000000098","ASIAN","21","0","4","1","16","EIN;WRI","Entenmann, Robert","{'fsnum': '1821', 'name': 'Entenmann, Robert'}","300","20","","","","","Asia Seminar","399","{'day': 'Tu', 'end': '11:00', 'location': 'H 301', 'start': '09:35'};{'day': 'Th', 'end': '10:50', 'location': 'H 301', 'start': '09:30'}","False","","1","C","20021","Seminar","2002"
"0000003730","1.0","0000000102","BIO","28","1","15","4","8","NSC;NSL","Meinhardt, Daniel","{'fsnum': '10508', 'name': 'Meinhardt, Daniel'}","100","24","","","","","Human Biology","123","{'day': 'Mo', 'end': '10:00', 'location': 'SC 280', 'start': '09:05'};{'day': 'We', 'end': '10:00', 'location': 'SC 280', 'start': '09:05'};{'day': 'Fr', 'end': '10:00', 'location': 'SC 280', 'start': '09:05'};{'day': 'We', 'end': '16:00', 'location': 'SC 253', 'start': '14:00'}","False","A","1","C","20021","Research","2002"
"0000003731","1.0","0000000102","BIO","21","0","5","7","9","NSC;NSL","Meinhardt, Daniel","{'fsnum': '10508', 'name': 'Meinhardt, Daniel'}","100","24","","","","","Human Biology","123","{'day': 'Mo', 'end': '10:00', 'location': 'SC 280', 'start': '09:05'};{'day': 'We', 'end': '10:00', 'location': 'SC 280', 'start': '09:05'};{'day': 'Fr', 'end': '10:00', 'location': 'SC 280', 'start': '09:05'};{'day': 'Th', 'end': '10:00', 'location': 'SC 253', 'start': '08:00'}","False","B","1","C","20021","Research","2002"
"0000003732","1.0","0000000102","BIO","24","0","6","9","9","NSC;NSL","Meinhardt, Daniel","{'fsnum': '10508', 'name': 'Meinhardt, Daniel'}","100","24","","","","","Human Biology","123","{'day': 'Mo', 'end': '10:00', 'location': 'SC 280', 'start': '09:05'};{'day': 'We', 'end': '10:00', 'location': 'SC 280', 'start': '09:05'};{'day': 'Fr', 'end': '10:00', 'location': 'SC 280', 'start': '09:05'};{'day': 'Th', 'end': '15:00', 'location': 'SC 253', 'start': '13:00'}","False","C","1","C","20021","Research","2002"
"0000003733","1.0","0000000106","BIO","19","16","2","1","0","NSC;NSL","Hellyer, Nathan","{'fsnum': '14177', 'name': 'Hellyer, Nathan'}","100","24","","","","","Cellular Bio & Genetics","125","{'day': 'Mo', 'end': '08:55', 'location': 'SC 278', 'start': '08:00'};{'day': 'We', 'end': '08:55', 'location': 'SC 278', 'start': '08:00'};{'day': 'Fr', 'end': '08:55', 'location': 'SC 278', 'start': '08:00'};{'day': 'We', 'end': '13:15', 'location': 'SC 273', 'start': '22:45'}","False","A","1","C","20021","Research","2002"
"0000003734","1.0","0000000106","BIO","29","19","0","10","0","NSC;NSL","Hellyer, Nathan","{'fsnum': '14177', 'name': 'Hellyer, Nathan'}","100","24","","","","","Cellular Bio & Genetics","125","{'day': 'Mo', 'end': '08:55', 'location': 'SC 278', 'start': '08:00'};{'day': 'We', 'end': '08:55', 'location': 'SC 278', 'start': '08:00'};{'day': 'Fr', 'end': '08:55', 'location': 'SC 278', 'start': '08:00'};{'day': 'Th', 'end': '10:30', 'location': 'SC 273', 'start': '08:00'}","False","B","1","C","20021","Research","2002"
"0000003735","1.0","0000000106","BIO","13","9","0","4","0","NSC;NSL","Hellyer, Nathan","{'fsnum': '14177', 'name': 'Hellyer, Nathan'}","100","24","","","","","Cellular Bio & Genetics","125","{'day': 'Fr', 'end': '13:15', 'location': 'SC 273', 'start': '22:45'};{'day': 'Mo', 'end': '08:55', 'location': 'SC 278', 'start': '08:00'};{'day': 'We', 'end': '08:55', 'location': 'SC 278', 'start': '08:00'};{'day': 'Fr', 'end': '08:55', 'location': 'SC 278', 'start': '08:00'}","False","C","1","O","20021","Research","2002"
"0000003736","1.0","0000000106","BIO","23","6","0","15","2","NSC;NSL","Giannini, John","{'fsnum': '2593', 'name': 'Giannini, John'}","100","24","","","","","Cellular Bio & Genetics","125","{'day': 'Mo', 'end': '14:30', 'location': 'SC 273', 'start': '12:00'};{'day': 'Mo', 'end': '10:00', 'location': 'SC 278', 'start': '09:05'};{'day': 'We', 'end': '10:00', 'location': 'SC 278', 'start': '09:05'};{'day': 'Fr', 'end': '10:00', 'location': 'SC 278', 'start': '09:05'}","False","D","1","C","20021","Research","2002"
"0000003737","1.0","0000000106","BIO","25","7","2","11","5","NSC;NSL","Giannini, John","{'fsnum': '2593', 'name': 'Giannini, John'}","100","24","","","","","Cellular Bio & Genetics","125","{'day': 'Mo', 'end': '17:30', 'location': 'SC 273', 'start': '15:00'};{'day': 'Mo', 'end': '10:00', 'location': 'SC 278', 'start': '09:05'};{'day': 'We', 'end': '10:00', 'location': 'SC 278', 'start': '09:05'};{'day': 'Fr', 'end': '10:00', 'location': 'SC 278', 'start': '09:05'}","False","E","1","C","20021","Research","2002"
"0000003738","1.0","0000000106","BIO","24","9","1","14","0","NSC;NSL","Cole, Eric","{'fsnum': '1206', 'name': 'Cole, Eric'}","100","24","","","","","Cellular Bio & Genetics","125","{'day': 'Mo', 'end': '11:40', 'location': 'SC 278', 'start': '10:45'};{'day': 'We', 'end': '11:40', 'location': 'SC 278', 'start': '10:45'};{'day': 'Fr', 'end': '11:40', 'location': 'SC 278', 'start': '10:45'};{'day': 'Tu', 'end': '10:30', 'location': 'SC 273', 'start': '08:00'}","False","F","1","C","20021","Research","2002"
"0000003739","1.0","0000000106","BIO","26","7","0","17","2","NSC;NSL","Cole, Eric","{'fsnum': '1206', 'name': 'Cole, Eric'}","100","24","","","","","Cellular Bio & Genetics","125","{'day': 'Mo', 'end': '11:40', 'location': 'SC 278', 'start': '10:45'};{'day': 'We', 'end': '11:40', 'location': 'SC 278', 'start': '10:45'};{'day': 'Fr', 'end': '11:40', 'location': 'SC 278', 'start': '10:45'};{'day': 'Tu', 'end': '14:15', 'location': 'SC 273', 'start': '23:45'}","False","G","1","C","20021","Research","2002"
"0000003740","1.0","0000000106","BIO","26","6","3","14","3","NSC;NSL","May, Barbara","{'fsnum': '14191', 'name': 'May, Barbara'}","100","24","","","","","Cellular Bio & Genetics","125","{'day': 'Tu', 'end': '17:30', 'location': 'SC 273', 'start': '15:00'};{'day': 'Tu', 'end': '11:00', 'location': 'SC 278', 'start': '09:35'};{'day': 'Th', 'end': '10:50', 'location': 'SC 278', 'start': '09:30'}","False","H","1","C","20021","Research","2002"
"0000003741","1.0","0000000106","BIO","19","6","2","9","2","NSC;NSL","May, Barbara","{'fsnum': '14191', 'name': 'May, Barbara'}","100","24","","","","","Cellular Bio & Genetics","125","{'day': 'Tu', 'end': '11:00', 'location': 'SC 278', 'start': '09:35'};{'day': 'Th', 'end': '10:50', 'location': 'SC 278', 'start': '09:30'};{'day': 'We', 'end': '16:30', 'location': 'SC 273', 'start': '14:00'}","False","I","1","O","20021","Research","2002"
"0000003742","1.0","0000000106","BIO","24","10","0","12","2","NSC;NSL","May, Barbara","{'fsnum': '14191', 'name': 'May, Barbara'}","100","24","","","","","Cellular Bio & Genetics","125","{'day': 'Tu', 'end': '11:00', 'location': 'SC 278', 'start': '09:35'};{'day': 'Th', 'end': '15:40', 'location': 'SC 273', 'start': '13:10'};{'day': 'Th', 'end': '10:50', 'location': 'SC 278', 'start': '09:30'}","False","J","1","C","20021","Research","2002"
"0000003743","1.0","0000000122","BIO","24","0","9","11","4","","Kandl, Kim A.","{'fsnum': '13100', 'name': 'Kandl, Kim A.'}","200","22","","","","","Intermediate Genetics","233","{'day': 'Mo', 'end': '11:40', 'location': 'SC 280', 'start': '10:45'};{'day': 'We', 'end': '11:40', 'location': 'SC 280', 'start': '10:45'};{'day': 'Fr', 'end': '11:40', 'location': 'SC 280', 'start': '10:45'};{'day': 'Tu', 'end': '11:00', 'location': 'SC 263', 'start': '08:00'}","False","A","1","C","20021","Research","2002"
"0000003744","1.0","0000000122","BIO","20","0","12","4","4","","Kandl, Kim A.","{'fsnum': '13100', 'name': 'Kandl, Kim A.'}","200","22","","","","","Intermediate Genetics","233","{'day': 'Mo', 'end': '11:40', 'location': 'SC 280', 'start': '10:45'};{'day': 'We', 'end': '11:40', 'location': 'SC 280', 'start': '10:45'};{'day': 'Fr', 'end': '11:40', 'location': 'SC 280', 'start': '10:45'};{'day': 'Tu', 'end': '16:20', 'location': 'SC 263', 'start': '13:20'}","False","B","1","C","20021","Research","2002"
"0000003745","1.0","0000000122","BIO","19","0","10","4","5","","Porterfield, Jean C.","{'fsnum': '14015', 'name': 'Porterfield, Jean C.'}","200","22","","","","","Intermediate Genetics","233","{'day': 'Tu', 'end': '11:00', 'location': 'SC 280', 'start': '09:35'};{'day': 'Th', 'end': '10:50', 'location': 'SC 280', 'start': '09:30'};{'day': 'We', 'end': '17:00', 'location': 'SC 263', 'start': '14:00'}","False","C","1","O","20021","Research","2002"
"0000003746","1.0","0000000122","BIO","22","0","8","5","9","","Porterfield, Jean C.","{'fsnum': '14015', 'name': 'Porterfield, Jean C.'}","200","22","","","","","Intermediate Genetics","233","{'day': 'Tu', 'end': '11:00', 'location': 'SC 280', 'start': '09:35'};{'day': 'Th', 'end': '16:20', 'location': 'SC 263', 'start': '13:20'};{'day': 'Th', 'end': '10:50', 'location': 'SC 280', 'start': '09:30'}","False","D","1","C","20021","Research","2002"
"0000003747","1.0","0000000126","BIO","23","0","1","10","12","","Kermott, Louis Henry","{'fsnum': '4284', 'name': 'Kermott, Louis Henry'}","200","22","","","","","Human Anatomy & Physiol","243","{'day': 'Mo', 'end': '15:55', 'location': 'SC 253', 'start': '12:55'};{'day': 'Mo', 'end': '08:55', 'location': 'SC 280', 'start': '08:00'};{'day': 'We', 'end': '08:55', 'location': 'SC 280', 'start': '08:00'};{'day': 'Fr', 'end': '08:55', 'location': 'SC 280', 'start': '08:00'}","False","A","1","C","20021","Research","2002"
"0000003748","1.0","0000000126","BIO","28","0","14","8","6","","Kermott, Louis Henry","{'fsnum': '4284', 'name': 'Kermott, Louis Henry'}","200","22","","","","","Human Anatomy & Physiol","243","{'day': 'Mo', 'end': '08:55', 'location': 'SC 280', 'start': '08:00'};{'day': 'We', 'end': '08:55', 'location': 'SC 280', 'start': '08:00'};{'day': 'Fr', 'end': '08:55', 'location': 'SC 280', 'start': '08:00'};{'day': 'Tu', 'end': '11:00', 'location': 'SC 253', 'start': '08:00'}","False","B","1","C","20021","Research","2002"
"0000003749","1.0","0000000126","BIO","25","0","10","4","11","","Kermott, Louis Henry","{'fsnum': '4284', 'name': 'Kermott, Louis Henry'}","200","22","","","","","Human Anatomy & Physiol","243","{'day': 'Mo', 'end': '08:55', 'location': 'SC 280', 'start': '08:00'};{'day': 'We', 'end': '08:55', 'location': 'SC 280', 'start': '08:00'};{'day': 'Fr', 'end': '08:55', 'location': 'SC 280', 'start': '08:00'};{'day': 'Tu', 'end': '16:20', 'location': 'SC 253', 'start': '13:20'}","False","C","1","C","20021","Research","2002"
"0000003750","1.0","0000000128","BIO","9","0","2","0","7","","Henry, Mary C.","{'fsnum': '13155', 'name': 'Henry, Mary C.'}","200","12","","","","","Animal Physiology","247","{'day': 'Tu', 'end': '16:20', 'location': 'SC 269', 'start': '13:20'};{'day': 'Tu', 'end': '09:25', 'location': 'SC 278', 'start': '08:00'};{'day': 'Th', 'end': '09:20', 'location': 'SC 278', 'start': '08:00'}","False","A","1","C","20021","Research","2002"
"0000003751","1.0","0000000128","BIO","10","0","3","0","7","","Henry, Mary C.","{'fsnum': '13155', 'name': 'Henry, Mary C.'}","200","12","","","","","Animal Physiology","247","{'day': 'Tu', 'end': '09:25', 'location': 'SC 278', 'start': '08:00'};{'day': 'Th', 'end': '09:20', 'location': 'SC 278', 'start': '08:00'};{'day': 'We', 'end': '15:55', 'location': 'SC 269', 'start': '12:55'}","False","B","1","C","20021","Research","2002"
"0000003752","1.0","0000000128","BIO","11","0","1","0","10","","Henry, Mary C.","{'fsnum': '13155', 'name': 'Henry, Mary C.'}","200","12","","","","","Animal Physiology","247","{'day': 'Tu', 'end': '09:25', 'location': 'SC 278', 'start': '08:00'};{'day': 'Th', 'end': '16:20', 'location': 'SC 269', 'start': '13:20'};{'day': 'Th', 'end': '09:20', 'location': 'SC 278', 'start': '08:00'}","False","C","1","C","20021","Research","2002"
"0000003753","1.0","0000000130","BIO","6","0","1","2","3","","Swift, Michael","{'fsnum': '8210', 'name': 'Swift, Michael'}","200","16","","","","","Invertebrate Zoology","248","{'day': 'Tu', 'end': '11:00', 'location': 'SC 274', 'start': '09:35'};{'day': 'Th', 'end': '10:50', 'location': 'SC 274', 'start': '09:30'};{'day': 'We', 'end': '15:55', 'location': 'SC 211', 'start': '12:55'}","False","A","1","O","20021","Research","2002"
"0000003754","1.0","0000000130","BIO","5","0","1","0","4","","Swift, Michael","{'fsnum': '8210', 'name': 'Swift, Michael'}","200","16","","","","","Invertebrate Zoology","248","{'day': 'Tu', 'end': '11:00', 'location': 'SC 274', 'start': '09:35'};{'day': 'Th', 'end': '17:00', 'location': 'SC 211', 'start': '14:00'};{'day': 'Th', 'end': '10:50', 'location': 'SC 274', 'start': '09:30'}","False","B","1","O","20021","Research","2002"
"0000003755","1.0","0000000136","BIO","9","0","4","1","4","WRI","Umbanhowar, Charles Jr.","{'fsnum': '8616', 'name': 'Umbanhowar, Charles Jr.'}","200","20","","","","","Plant Morphology","252","{'day': 'Tu', 'end': '16:20', 'location': 'SC 227', 'start': '13:20'};{'day': 'Tu', 'end': '09:25', 'location': 'SC 274', 'start': '08:00'};{'day': 'Th', 'end': '09:20', 'location': 'SC 274', 'start': '08:00'}","False","","1","O","20021","Research","2002"
"0000003756","1.0","0000000139","BIO","16","0","5","0","11","NSC;NSL","Angell, Diane K.","{'fsnum': '256', 'name': 'Angell, Diane K.'}","200","18","","","","","Ecological Principles","261","{'day': 'Mo', 'end': '15:55', 'location': 'SC 248', 'start': '12:55'};{'day': 'Mo', 'end': '08:55', 'location': 'H 307', 'start': '08:00'};{'day': 'We', 'end': '08:55', 'location': 'H 307', 'start': '08:00'};{'day': 'Fr', 'end': '08:55', 'location': 'H 307', 'start': '08:00'}","False","A","1","C","20021","Research","2002"
"0000003757","1.0","0000000139","BIO","16","0","4","7","5","NSC;NSL","Angell, Diane K.","{'fsnum': '256', 'name': 'Angell, Diane K.'}","200","18","","","","","Ecological Principles","261","{'day': 'Mo', 'end': '08:55', 'location': 'H 307', 'start': '08:00'};{'day': 'We', 'end': '08:55', 'location': 'H 307', 'start': '08:00'};{'day': 'Fr', 'end': '08:55', 'location': 'H 307', 'start': '08:00'};{'day': 'We', 'end': '15:55', 'location': 'SC 248', 'start': '12:55'}","False","B","1","O","20021","Research","2002"
"0000003758","1.0","0000000139","BIO","13","0","4","7","2","NSC;NSL","Angell, Diane K.","{'fsnum': '256', 'name': 'Angell, Diane K.'}","200","18","","","","","Ecological Principles","261","{'day': 'Mo', 'end': '08:55', 'location': 'H 307', 'start': '08:00'};{'day': 'We', 'end': '08:55', 'location': 'H 307', 'start': '08:00'};{'day': 'Fr', 'end': '08:55', 'location': 'H 307', 'start': '08:00'};{'day': 'Th', 'end': '11:00', 'location': 'SC 248', 'start': '08:00'}","False","C","1","C","20021","Research","2002"
"0000003759","1.0","0000000144","BIO","8","0","2","0","6","","Staff","{'fsnum': '', 'name': 'Staff'}","200","8","","","","","IS in India","271","","False","","1","O","20021","Research","2002"
"0000003760","1.0","0000000145","BIO","4","0","1","0","3","","Staff","{'fsnum': '', 'name': 'Staff'}","200","4","","","","","IS in India","272","","False","","1","O","20021","Research","2002"
"0000003761","1.0","0000000153","BIO","1","0","0","0","1","","Kermott, Louis Henry","{'fsnum': '4284', 'name': 'Kermott, Louis Henry'}","200","","","","","","Academic Internship","294","","True","","1","O","20021","Research","2002"
"0000003762","1.0","0000000154","BIO","8","0","0","0","8","","Kermott, Louis Henry","{'fsnum': '4284', 'name': 'Kermott, Louis Henry'}","200","","","","","","IS/Human Gross Anat","298","","False","","1","O","20021","Research","2002"
"0000003763","1.0","0000000156","BIO","4","0","1","0","3","","Staff","{'fsnum': '', 'name': 'Staff'}","300","4","","","","","IR in India","321","","False","","1","O","20021","Research","2002"
"0000003764","1.0","0000000158","BIO","13","0","1","0","12","WRI","Walter, Anne","{'fsnum': '8876', 'name': 'Walter, Anne'}","300","15","","","","","Cell Physiology","341","{'day': 'Mo', 'end': '10:00', 'location': 'SC 274', 'start': '09:05'};{'day': 'We', 'end': '10:00', 'location': 'SC 274', 'start': '09:05'};{'day': 'Fr', 'end': '10:00', 'location': 'SC 274', 'start': '09:05'};{'day': 'Tu', 'end': '11:00', 'location': 'SC 229', 'start': '08:00'}","False","A","1","C","20021","Research","2002"
"0000003765","1.0","0000000161","BIO","11","0","2","0","9","ORC;WRI","Shea, Kathleen L.","{'fsnum': '7450', 'name': 'Shea, Kathleen L.'}","300","12","","","","","Field Ecology","371","{'day': 'Tu', 'end': '14:20', 'location': 'SC 110', 'start': '13:20'};{'day': 'Th', 'end': '15:10', 'location': 'SC 248', 'start': '14:15'};{'day': 'Th', 'end': '16:15', 'location': 'SC 210', 'start': '15:20'}","False","","1","O","20021","Research","2002"
"0000003766","1.0","0000000166","BIO","19","0","0","0","19","WRI","Johnson, Theodore","{'fsnum': '4110', 'name': 'Johnson, Theodore'}","300","12","","","","","Immunology","382","{'day': 'Mo', 'end': '11:40', 'location': 'SC 274', 'start': '10:45'};{'day': 'We', 'end': '11:40', 'location': 'SC 274', 'start': '10:45'};{'day': 'Fr', 'end': '11:40', 'location': 'SC 274', 'start': '10:45'};{'day': 'Tu', 'end': '14:45', 'location': 'SC 210', 'start': '13:20'}","False","A","1","C","20021","Research","2002"
"0000003767","1.0","0000000166","BIO","16","0","0","0","16","WRI","Johnson, Theodore","{'fsnum': '4110', 'name': 'Johnson, Theodore'}","300","12","","","","","Immunology","382","{'day': 'Mo', 'end': '11:40', 'location': 'SC 274', 'start': '10:45'};{'day': 'We', 'end': '11:40', 'location': 'SC 274', 'start': '10:45'};{'day': 'Fr', 'end': '11:40', 'location': 'SC 274', 'start': '10:45'};{'day': 'We', 'end': '15:25', 'location': 'SC 210', 'start': '14:00'}","False","B","1","C","20021","Research","2002"
"0000003768","1.0","0000000172","BIO","11","0","2","0","9","WRI","Hellyer, Nathan","{'fsnum': '14177', 'name': 'Hellyer, Nathan'}","300","12","","","","","Top: Pharmacology","391","{'day': 'Mo', 'end': '15:00', 'location': 'SC 129', 'start': '13:30'};{'day': 'We', 'end': '15:00', 'location': 'SC 129', 'start': '13:30'}","False","","1","O","20021","Topic","2002"
"0000003769","1.0","0000000175","BIO","1","0","0","0","1","","Umbanhowar, Charles Jr.","{'fsnum': '8616', 'name': 'Umbanhowar, Charles Jr.'}","300","","","","","","IR/Sediment Analysis","398","","False","","1","O","20021","Research","2002"
"0000003770","1.0","0000000175","BIO","1","0","0","0","1","","Shea, Kathleen L.","{'fsnum': '7450', 'name': 'Shea, Kathleen L.'}","300","","","","","","IR/Forest Ecology","398","","False","A","1","O","20021","Research","2002"
"0000003771","1.0","0000000175","BIO","1","0","0","0","1","","Walter, Anne","{'fsnum': '8876', 'name': 'Walter, Anne'}","300","","","","","","IR/Lipid Domain Study","398","","False","C","1","O","20021","Research","2002"
"0000003772","1.0","0000000175","BIO","1","0","0","0","1","","Shea, Kathleen L.","{'fsnum': '7450', 'name': 'Shea, Kathleen L.'}","300","","","","","","IR/Fir Forest Ecology","398","","False","D","1","O","20021","Research","2002"
"0000003773","1.0","0000000175","BIO","1","0","0","0","1","","Van Wylen, David","{'fsnum': '8768', 'name': 'Van Wylen, David'}","300","","","","","","IR/Cardiac Research","398","","False","E","1","O","20021","Research","2002"
"0000003774","1.0","0000000175","BIO","1","0","0","0","1","","Kandl, Kim A.","{'fsnum': '13100', 'name': 'Kandl, Kim A.'}","300","","","","","","IR/Actin-Ef1a Trnsltn","398","","False","F","1","O","20021","Research","2002"
"0000003775","1.0","0000000175","BIO","1","0","0","0","1","","Angell, Diane K.","{'fsnum': '256', 'name': 'Angell, Diane K.'}","300","","","","","","IR/Quality Cannon Riv","398","","False","G","1","O","20021","Research","2002"
"0000003776","1.0","0000000175","BIO","0","0","0","0","0","","Walter, Anne","{'fsnum': '8876', 'name': 'Walter, Anne'}","300","","","","","","IR/Phospholipase","398","","False","H","1","O","20021","Research","2002"
"0000003781","1.0","0000000187","CHEM","57","30","0","20","7","NSC;NSL","Riley, Patrick N.","{'fsnum': '14194', 'name': 'Riley, Patrick N.'}","100","78","","","","","General Chemistry","121","{'day': 'Mo', 'end': '11:40', 'location': 'SC 282', 'start': '10:45'};{'day': 'We', 'end': '11:40', 'location': 'SC 282', 'start': '10:45'};{'day': 'Fr', 'end': '11:40', 'location': 'SC 282', 'start': '10:45'}","False","A","1","O","20021","Research","2002"
"0000003782","","0000000188","CHEM","0","0","0","0","0","","Abdella, Beth","{'fsnum': '25', 'name': 'Abdella, Beth'}","100","26","","","","","Gen Chemistry/Lab","121","{'day': 'Mo', 'end': '17:00', 'location': 'SC 371', 'start': '14:00'}","False","A","1","O","20021","Lab","2002"
"0000003783","","0000000188","CHEM","0","0","0","0","0","","Riley, Patrick N.","{'fsnum': '14194', 'name': 'Riley, Patrick N.'}","100","20","","","","","Gen Chemistry/Lab","121","{'day': 'Tu', 'end': '14:45', 'location': 'SC 371', 'start': '23:45'}","False","C","1","C","20021","Lab","2002"
"0000003784","","0000000188","CHEM","0","0","0","0","0","","Riley, Patrick N.","{'fsnum': '14194', 'name': 'Riley, Patrick N.'}","100","20","","","","","Gen Chemistry/Lab","121","{'day': 'Tu', 'end': '18:00', 'location': 'SC 371', 'start': '15:00'}","False","D","1","C","20021","Lab","2002"
"0000003785","1.0","0000000192","CHEM","53","44","0","7","2","NSC;NSL","Pearson, Wesley","{'fsnum': '6161', 'name': 'Pearson, Wesley'}","100","55","","","","","Struct Chem & Equilib","125","{'day': 'Mo', 'end': '08:55', 'location': 'SC 378', 'start': '08:00'};{'day': 'We', 'end': '08:55', 'location': 'SC 378', 'start': '08:00'};{'day': 'Fr', 'end': '08:55', 'location': 'SC 378', 'start': '08:00'}","False","A","1","O","20021","Research","2002"
"0000003787","1.0","0000000192","CHEM","49","39","2","6","2","NSC;NSL","Muth, Greg W.","{'fsnum': '14961', 'name': 'Muth, Greg W.'}","100","55","","","","","Struct Chem & Equilib","125","{'day': 'Mo', 'end': '10:00', 'location': 'SC 378', 'start': '09:05'};{'day': 'We', 'end': '10:00', 'location': 'SC 378', 'start': '09:05'};{'day': 'Fr', 'end': '10:00', 'location': 'SC 378', 'start': '09:05'}","False","B","1","O","20021","Research","2002"
"0000003789","1.0","0000000192","CHEM","53","35","3","13","2","NSC;NSL","Abdella, Beth","{'fsnum': '25', 'name': 'Abdella, Beth'}","100","55","","","","","Struct Chem & Equilib","125","{'day': 'Mo', 'end': '11:40', 'location': 'SC 378', 'start': '10:45'};{'day': 'We', 'end': '11:40', 'location': 'SC 378', 'start': '10:45'};{'day': 'Fr', 'end': '11:40', 'location': 'SC 378', 'start': '10:45'}","False","C","1","O","20021","Research","2002"
"0000003791","1.0","0000000192","CHEM","53","20","5","26","2","NSC;NSL","Miessler, Gary","{'fsnum': '5287', 'name': 'Miessler, Gary'}","100","55","","","","","Struct Chem & Equilib","125","{'day': 'Mo', 'end': '12:45', 'location': 'SC 378', 'start': '23:50'};{'day': 'We', 'end': '12:45', 'location': 'SC 378', 'start': '23:50'};{'day': 'Fr', 'end': '12:45', 'location': 'SC 378', 'start': '23:50'}","False","D","1","C","20021","Research","2002"
"0000003786","","0000000193","CHEM","0","0","0","0","0","NSC;NSL","Miessler, Gary","{'fsnum': '5287', 'name': 'Miessler, Gary'}","100","26","","","","","Struct Chem/Lab","125","{'day': 'Mo', 'end': '17:00', 'location': 'SC 374/363', 'start': '14:00'}","False","A","1","C","20021","Lab","2002"
"0000003788","","0000000193","CHEM","0","0","0","0","0","","Abdella, Beth","{'fsnum': '25', 'name': 'Abdella, Beth'}","100","26","","","","","Struct Chem/Lab","125","{'day': 'Tu', 'end': '11:00', 'location': 'SC 374/363', 'start': '08:00'}","False","B","1","C","20021","Lab","2002"
"0000003790","","0000000193","CHEM","0","0","0","0","0","","Abdella, Beth","{'fsnum': '25', 'name': 'Abdella, Beth'}","100","18","","","","","Struct Chem/Lab","125","{'day': 'Tu', 'end': '14:45', 'location': 'SC 374/363', 'start': '23:45'}","False","C","1","C","20021","Lab","2002"
"0000003792","","0000000193","CHEM","0","0","0","0","0","","Miessler, Gary","{'fsnum': '5287', 'name': 'Miessler, Gary'}","100","26","","","","","Struct Chem/Lab","125","{'day': 'Tu', 'end': '18:00', 'location': 'SC 374/363', 'start': '15:00'}","False","D","1","C","20021","Lab","2002"
"0000003793","","0000000193","CHEM","0","0","0","0","0","","Muth, Greg W.","{'fsnum': '14961', 'name': 'Muth, Greg W.'}","100","26","","","","","Struct Chem/Lab","125","{'day': 'We', 'end': '17:00', 'location': 'SC 374/363', 'start': '14:00'}","False","E","1","C","20021","Lab","2002"
"0000003794","","0000000193","CHEM","0","0","0","0","0","","Muth, Greg W.","{'fsnum': '14961', 'name': 'Muth, Greg W.'}","100","18","","","","","Struct Chem/Lab","125","{'day': 'Th', 'end': '11:00', 'location': 'SC 374/363', 'start': '08:00'}","False","F","1","C","20021","Lab","2002"
"0000003795","","0000000193","CHEM","0","0","0","0","0","","Pearson, Wesley","{'fsnum': '6161', 'name': 'Pearson, Wesley'}","100","26","","","","","Struct Chem/Lab","125","{'day': 'Th', 'end': '15:50', 'location': 'SC 374/371', 'start': '12:50'}","False","G","1","C","20021","Lab","2002"
"0000003796","","0000000193","CHEM","0","0","0","0","0","","Muth, Greg W.","{'fsnum': '14961', 'name': 'Muth, Greg W.'}","100","26","","","","","Struct Chem/Lab","125","{'day': 'Th', 'end': '18:00', 'location': 'SC 374/363', 'start': '15:00'}","False","H","1","O","20021","Lab","2002"
"0000003797","1.0","0000000196","CHEM","59","2","6","43","8","","Spessard, Gary O.","{'fsnum': '7851', 'name': 'Spessard, Gary O.'}","200","","","","","","Organic Chemistry","247","{'day': 'Mo', 'end': '08:55', 'location': 'SC 282', 'start': '08:00'};{'day': 'We', 'end': '08:55', 'location': 'SC 282', 'start': '08:00'};{'day': 'Fr', 'end': '08:55', 'location': 'SC 282', 'start': '08:00'}","False","A","1","O","20021","Research","2002"
"0000003798","1.0","0000000196","CHEM","40","0","11","26","3","","Hanson, Robert","{'fsnum': '3090', 'name': 'Hanson, Robert'}","200","50","","","","","Organic Chemistry","247","{'day': 'Mo', 'end': '10:00', 'location': 'SC 282', 'start': '09:05'};{'day': 'We', 'end': '10:00', 'location': 'SC 282', 'start': '09:05'};{'day': 'Fr', 'end': '10:00', 'location': 'SC 282', 'start': '09:05'}","False","B","1","O","20021","Research","2002"
"0000003799","0.25","0000000199","CHEM","19","1","8","6","4","","Hanson, Robert","{'fsnum': '3090', 'name': 'Hanson, Robert'}","200","18","","","","","Synthesis Lab","253","{'day': 'Mo', 'end': '17:00', 'location': 'SC 378/311', 'start': '14:00'}","True","A","1","C","20021","Lab","2002"
"0000003800","0.25","0000000199","CHEM","8","0","2","6","0","","Spessard, Gary O.","{'fsnum': '7851', 'name': 'Spessard, Gary O.'}","200","18","","","","","Synthesis Lab","253","{'day': 'Tu', 'end': '11:00', 'location': 'SC 378/311', 'start': '08:00'}","True","B","1","O","20021","Lab","2002"
"0000003801","0.25","0000000199","CHEM","18","0","2","14","2","","Spessard, Gary O.","{'fsnum': '7851', 'name': 'Spessard, Gary O.'}","200","18","","","","","Synthesis Lab","253","{'day': 'Tu', 'end': '16:20', 'location': 'SC 378/311', 'start': '13:20'}","True","C","1","C","20021","Lab","2002"
"0000003802","0.25","0000000199","CHEM","20","1","2","15","2","","Spessard, Gary O.","{'fsnum': '7851', 'name': 'Spessard, Gary O.'}","200","20","","","","","Synthesis Lab","253","{'day': 'We', 'end': '17:00', 'location': 'SC 378/311', 'start': '14:00'}","True","D","1","C","20021","Lab","2002"
"0000003803","0.25","0000000199","CHEM","17","0","1","12","4","","Pearson, Wesley","{'fsnum': '6161', 'name': 'Pearson, Wesley'}","200","18","","","","","Synthesis Lab","253","{'day': 'Th', 'end': '11:00', 'location': 'SC 378/311', 'start': '08:00'}","True","E","1","O","20021","Lab","2002"
"0000003804","0.25","0000000199","CHEM","20","0","2","16","2","","Riley, Patrick N.","{'fsnum': '14194', 'name': 'Riley, Patrick N.'}","200","20","","","","","Synthesis Lab","253","{'day': 'Th', 'end': '15:50', 'location': 'SC 378/311', 'start': '12:50'}","True","F","1","C","20021","Lab","2002"
"0000003805","1.0","0000000201","CHEM","8","0","4","0","4","","Walczak, Mary","{'fsnum': '8868', 'name': 'Walczak, Mary'}","200","16","","","","","Analytical Chem","255","{'day': 'Tu', 'end': '11:00', 'location': 'SC 374', 'start': '09:35'};{'day': 'Th', 'end': '10:50', 'location': 'SC 374', 'start': '09:30'}","False","","1","O","20021","Research","2002"
"0000003806","0.25","0000000202","CHEM","8","0","4","0","4","","Walczak, Mary","{'fsnum': '8868', 'name': 'Walczak, Mary'}","200","16","","","","","Analytical Lab","256","{'day': 'We', 'end': '17:00', 'location': 'SC 321', 'start': '13:00'}","True","","1","O","20021","Lab","2002"
"0000003807","0.25","0000000206","CHEM","4","0","2","0","2","","Schwinefus, Jeff J.","{'fsnum': '14915', 'name': 'Schwinefus, Jeff J.'}","300","12","","","","","Physical Lab","357","{'day': 'Tu', 'end': '17:20', 'location': 'SC 329', 'start': '13:20'}","True","A","1","O","20021","Lab","2002"
"0000003808","0.25","0000000206","CHEM","10","0","5","0","5","","Schwinefus, Jeff J.","{'fsnum': '14915', 'name': 'Schwinefus, Jeff J.'}","300","12","","","","","Physical Lab","357","{'day': 'We', 'end': '17:00', 'location': 'SC 329', 'start': '13:00'}","True","B","1","O","20021","Lab","2002"
"0000003809","1.0","0000000207","CHEM","15","0","7","0","8","","Schwinefus, Jeff J.","{'fsnum': '14915', 'name': 'Schwinefus, Jeff J.'}","300","","","","","","Physical Chemistry","371","{'day': 'Mo', 'end': '08:55', 'location': 'SC 374', 'start': '08:00'};{'day': 'We', 'end': '08:55', 'location': 'SC 374', 'start': '08:00'};{'day': 'Fr', 'end': '08:55', 'location': 'SC 374', 'start': '08:00'}","False","","1","O","20021","Research","2002"
"0000003810","0.25","0000000209","CHEM","1","0","0","0","1","","Detwiler, Tom","{'fsnum': '14134', 'name': 'Detwiler, Tom'}","300","","","","","","Experimental Biochem","373","{'day': 'Tu', 'end': '17:30', 'location': 'SC 344', 'start': '13:30'}","True","","1","O","20021","Lab","2002"
"0000003811","0.25","0000000211","CHEM","1","0","0","0","1","","Walters, John","{'fsnum': '8885', 'name': 'Walters, John'}","300","","","","","","Advanced Lab","375","","True","","1","O","20021","Lab","2002"
"0000003812","0.25","0000000213","CHEM","4","0","0","0","4","","Walters, John","{'fsnum': '8885', 'name': 'Walters, John'}","300","4","","","","","Instrum Analysis Lab","378","{'day': 'Mo', 'end': '16:05', 'location': 'SC 310', 'start': '15:05'};{'day': 'Tu', 'end': '17:20', 'location': 'SC 321/326', 'start': '13:20'}","True","A","1","C","20021","Lab","2002"
"0000003813","0.25","0000000213","CHEM","2","0","0","0","2","","Walters, John","{'fsnum': '8885', 'name': 'Walters, John'}","300","4","","","","","Instrum Analysis Lab","378","{'day': 'Mo', 'end': '16:05', 'location': 'SC 310', 'start': '15:05'};{'day': 'We', 'end': '17:00', 'location': 'SC 321/326', 'start': '13:00'}","True","B","1","C","20021","Lab","2002"
"0000003814","0.25","0000000213","CHEM","4","0","0","0","4","","Walters, John","{'fsnum': '8885', 'name': 'Walters, John'}","300","4","","","","","Instrum Analysis Lab","378","{'day': 'Mo', 'end': '16:05', 'location': 'SC 310', 'start': '15:05'};{'day': 'Th', 'end': '17:20', 'location': 'SC 321/326', 'start': '13:20'}","True","C","1","C","20021","Lab","2002"
"0000003815","1.0","0000000214","CHEM","55","0","21","2","32","","Detwiler, Tom","{'fsnum': '14134', 'name': 'Detwiler, Tom'}","300","","","","","","Biochemistry I","379","{'day': 'Mo', 'end': '12:45', 'location': 'SC 280', 'start': '23:50'};{'day': 'We', 'end': '12:45', 'location': 'SC 280', 'start': '23:50'};{'day': 'Fr', 'end': '12:45', 'location': 'SC 280', 'start': '23:50'}","False","","1","O","20021","Research","2002"
"0000003816","1.0","0000000217","CHEM","10","0","0","0","10","","Walters, John","{'fsnum': '8885', 'name': 'Walters, John'}","300","12","","","","","Instrumental Analysis","382","{'day': 'Mo', 'end': '11:40', 'location': 'SC 310', 'start': '10:45'};{'day': 'We', 'end': '11:40', 'location': 'SC 310', 'start': '10:45'};{'day': 'Fr', 'end': '11:40', 'location': 'SC 310', 'start': '10:45'}","False","","1","C","20021","Research","2002"
"0000003817","1.0","0000000223","CHEM","1","0","0","0","1","","Riley, Patrick N.","{'fsnum': '14194', 'name': 'Riley, Patrick N.'}","300","","","","","","IR/Organometallic Syn","398","","False","","1","O","20021","Research","2002"
"0000003818","1.0","0000000223","CHEM","1","0","0","0","1","WRI","Walczak, Mary","{'fsnum': '8868', 'name': 'Walczak, Mary'}","300","","","","","","IR/Sa Monolayers","398","","False","A","1","O","20021","Research","2002"
"0000003819","1.0","0000000223","CHEM","1","0","0","0","1","","Spessard, Gary O.","{'fsnum': '7851', 'name': 'Spessard, Gary O.'}","300","","","","","","IR/Phytoalexins","398","","False","B","1","O","20021","Research","2002"
"0000003822","1.0","0000000237","CHIN","5","3","1","1","0","","Bodman, Richard","{'fsnum': '656', 'name': 'Bodman, Richard'}","100","20","","","","","Beginning Chinese I","111","{'day': 'Mo', 'end': '10:00', 'location': 'M 1', 'start': '09:05'};{'day': 'We', 'end': '10:00', 'location': 'M 1', 'start': '09:05'};{'day': 'Fr', 'end': '10:00', 'location': 'M 1', 'start': '09:05'};{'day': 'Tu', 'end': '09:25', 'location': 'M 2', 'start': '08:00'}","False","A","1","O","20021","Research","2002"
"0000003823","1.0","0000000237","CHIN","9","6","1","2","0","","Bodman, Richard","{'fsnum': '656', 'name': 'Bodman, Richard'}","100","20","","","","","Beginning Chinese I","111","{'day': 'Mo', 'end': '12:45', 'location': 'M 1', 'start': '23:50'};{'day': 'We', 'end': '12:45', 'location': 'M 1', 'start': '23:50'};{'day': 'Fr', 'end': '12:45', 'location': 'M 1', 'start': '23:50'};{'day': 'Tu', 'end': '11:00', 'location': 'M 1', 'start': '09:35'}","False","B","1","O","20021","Research","2002"
"0000003824","1.0","0000000237","CHIN","3","3","0","0","0","","Bodman, Richard","{'fsnum': '656', 'name': 'Bodman, Richard'}","100","20","","","","","Beginning Chinese I","111","{'day': 'Mo', 'end': '10:00', 'location': 'M 1', 'start': '09:05'};{'day': 'We', 'end': '10:00', 'location': 'M 1', 'start': '09:05'};{'day': 'Fr', 'end': '10:00', 'location': 'M 1', 'start': '09:05'};{'day': 'Tu', 'end': '11:00', 'location': 'M 1', 'start': '09:35'}","False","C","1","O","20021","Research","2002"
"0000003825","1.0","0000000237","CHIN","8","7","1","0","0","","Bodman, Richard","{'fsnum': '656', 'name': 'Bodman, Richard'}","100","20","","","","","Beginning Chinese I","111","{'day': 'Mo', 'end': '12:45', 'location': 'M 1', 'start': '23:50'};{'day': 'We', 'end': '12:45', 'location': 'M 1', 'start': '23:50'};{'day': 'Fr', 'end': '12:45', 'location': 'M 1', 'start': '23:50'};{'day': 'Tu', 'end': '09:25', 'location': 'M 2', 'start': '08:00'}","False","D","1","O","20021","Research","2002"
"0000003826","1.0","0000000241","CHIN","19","2","0","14","3","FOL-C","Wan, Pin Pin","{'fsnum': '8890', 'name': 'Wan, Pin Pin'}","200","25","","","","","Intermed Chinese I","231","{'day': 'Mo', 'end': '12:45', 'location': 'M 3', 'start': '23:50'};{'day': 'We', 'end': '12:45', 'location': 'M 3', 'start': '23:50'};{'day': 'Fr', 'end': '12:45', 'location': 'M 3', 'start': '23:50'};{'day': 'Tu', 'end': '11:00', 'location': 'M 11', 'start': '10:05'};{'day': 'Th', 'end': '10:50', 'location': 'M 11', 'start': '09:55'}","False","","1","O","20021","Research","2002"
"0000003827","1.0","0000000245","CHIN","3","0","3","0","0","FOL-C","Wan, Pin Pin","{'fsnum': '8890', 'name': 'Wan, Pin Pin'}","200","15","","","","","Advanced Chinese I","251","{'day': 'Mo', 'end': '14:55', 'location': 'M 36', 'start': '14:00'};{'day': 'We', 'end': '14:55', 'location': 'M 36', 'start': '14:00'};{'day': 'Fr', 'end': '14:55', 'location': 'M 36', 'start': '14:00'}","False","","1","O","20021","Research","2002"
"0000003820","1.0","0000000229","CLASS","58","20","9","20","9","ALS-L","Brunelle, Christopher M.","{'fsnum': '14999', 'name': 'Brunelle, Christopher M.'}","200","60","","","","","Greek & Roman Myth-Tr","241","{'day': 'Tu', 'end': '13:10', 'location': 'H 501', 'start': '23:45'};{'day': 'Th', 'end': '14:05', 'location': 'H 501', 'start': '12:45'}","False","","1","C","20021","Research","2002"
"0000003821","1.0","0000000236","CLASS","1","0","1","0","0","","Bruss, Jon","{'fsnum': '14963', 'name': 'Bruss, Jon'}","300","","","","","","IR/Sallust and Cicero","398","","False","","1","O","20021","Research","2002"
"0000003849","1.0","0000001612","CSCI","36","14","5","11","6","MAR","Brown, Richard","{'fsnum': '806', 'name': 'Brown, Richard'}","100","50","","","","","Principles Comp Sci","172","{'day': 'Mo', 'end': '11:40', 'location': 'SC 170', 'start': '10:45'};{'day': 'We', 'end': '11:40', 'location': 'SC 170', 'start': '10:45'};{'day': 'Fr', 'end': '11:40', 'location': 'SC 170', 'start': '10:45'}","False","","1","O","20021","Research","2002"
"0000003850","1.0","0000001617","CSCI","14","0","3","8","3","","Brown, Richard","{'fsnum': '806', 'name': 'Brown, Richard'}","200","30","","","","","Computer Organization","274","{'day': 'Tu', 'end': '11:00', 'location': 'SC 182', 'start': '09:35'};{'day': 'Th', 'end': '10:50', 'location': 'SC 182', 'start': '09:30'}","False","","1","O","20021","Research","2002"
"0000003851","1.0","0000000299","CSCI","1","0","0","0","1","","Brown, Richard","{'fsnum': '806', 'name': 'Brown, Richard'}","200","","","","","","Academic Internship","294","","True","","1","O","20021","Research","2002"
"0000003852","1.0","0000001614","CSCI","8","0","6","0","2","","McKelvey, Steven","{'fsnum': '5214', 'name': 'McKelvey, Steven'}","300","25","","","","","Data Structures","372","{'day': 'Tu', 'end': '09:25', 'location': 'SC 182', 'start': '08:00'};{'day': 'Th', 'end': '09:20', 'location': 'SC 182', 'start': '08:00'}","False","","1","O","20021","Research","2002"
"0000003853","1.0","0000000307","CSCI","2","0","0","0","2","","Richey, Matthew","{'fsnum': '6658', 'name': 'Richey, Matthew'}","300","","","","","","IR/Genetic Algorithms","398","","False","","1","O","20021","Research","2002"
"0000003877","0.5","0000001639","DNCTE","17","0","6","3","8","PHA","Saterstrom, Sheryl","{'fsnum': '7059', 'name': 'Saterstrom, Sheryl'}","100","15","","","","","The Body Movable","101","{'day': 'Mo', 'end': '10:00', 'location': 'CAD  STUDIO 3', 'start': '09:05'};{'day': 'We', 'end': '10:00', 'location': 'CAD  STUDIO 3', 'start': '09:05'};{'day': 'Fr', 'end': '10:00', 'location': 'CAD  STUDIO 3', 'start': '09:05'}","False","","1","C","20021","Research","2002"
"0000003878","0.25","0000000347","DNCTE","21","2","6","7","6","ALS-A;PHA","von Bibra, Anne","{'fsnum': '8817', 'name': 'von Bibra, Anne'}","100","20","","","","","Ballroom I (Men)","106","{'day': 'Tu', 'end': '11:00', 'location': 'CAD  STUDIO 1', 'start': '10:05'};{'day': 'Th', 'end': '10:50', 'location': 'CAD  STUDIO 1', 'start': '09:55'}","True","A","1","C","20021","Research","2002"
"0000003879","0.25","0000000347","DNCTE","19","2","2","3","12","ALS-A;PHA","von Bibra, Anne","{'fsnum': '8817', 'name': 'von Bibra, Anne'}","100","12","","","","","Ballroom I (Women)","106","{'day': 'Tu', 'end': '11:00', 'location': 'CAD  STUDIO 1', 'start': '10:05'};{'day': 'Th', 'end': '10:50', 'location': 'CAD  STUDIO 1', 'start': '09:55'}","True","B","1","C","20021","Research","2002"
"0000003880","0.25","0000000349","DNCTE","22","4","7","4","7","ALS-A;PHA","von Bibra, Anne","{'fsnum': '8817', 'name': 'von Bibra, Anne'}","100","25","","","","","Int'l Dance I","109","{'day': 'Tu', 'end': '14:55', 'location': 'CAD  STUDIO 1', 'start': '14:00'};{'day': 'Th', 'end': '15:35', 'location': 'CAD  STUDIO 1', 'start': '14:40'}","True","","1","C","20021","Research","2002"
"0000003881","0.25","0000000351","DNCTE","19","1","12","1","5","ALS-A;PHA","Roberts, Anthony","{'fsnum': '6691', 'name': 'Roberts, Anthony'}","100","19","","","","","Modern Dance I","111","{'day': 'Mo', 'end': '12:45', 'location': 'CAD  STUDIO 1', 'start': '23:50'};{'day': 'We', 'end': '12:45', 'location': 'CAD  STUDIO 1', 'start': '23:50'}","True","A","1","C","20021","Research","2002"
"0000003882","0.25","0000000351","DNCTE","22","9","4","5","4","ALS-A;PHA","Saterstrom, Sheryl","{'fsnum': '7059', 'name': 'Saterstrom, Sheryl'}","100","22","","","","","Modern Dance I","111","{'day': 'Mo', 'end': '13:50', 'location': 'CAD  STUDIO 1', 'start': '12:55'};{'day': 'We', 'end': '13:50', 'location': 'CAD  STUDIO 1', 'start': '12:55'}","True","B","1","C","20021","Research","2002"
"0000003883","0.25","0000000351","DNCTE","25","9","2","7","7","ALS-A;PHA","Saterstrom, Sheryl","{'fsnum': '7059', 'name': 'Saterstrom, Sheryl'}","100","22","","","","","Modern Dance I","111","{'day': 'Tu', 'end': '12:45', 'location': 'CAD  STUDIO 3', 'start': '23:50'};{'day': 'Th', 'end': '13:40', 'location': 'CAD  STUDIO 3', 'start': '12:45'}","True","C","1","C","20021","Research","2002"
"0000003884","0.5","0000000352","DNCTE","14","7","2","2","3","ALS-A;PHA","Bauer, Susan","{'fsnum': '338', 'name': 'Bauer, Susan'}","100","15","","","","","Movement/Perf Artist","115","{'day': 'Mo', 'end': '10:00', 'location': 'CAD  STUDIO 1', 'start': '09:05'};{'day': 'We', 'end': '10:00', 'location': 'CAD  STUDIO 1', 'start': '09:05'};{'day': 'Fr', 'end': '10:00', 'location': 'CAD  STUDIO 1', 'start': '09:05'}","False","","1","C","20021","Research","2002"
"0000003885","0.25","0000000353","DNCTE","26","6","6","5","9","ALS-A;PHA","Klopchin, Heather J.","{'fsnum': '10044', 'name': 'Klopchin, Heather J.'}","100","25","","","","","Ballet I","121","{'day': 'Tu', 'end': '12:45', 'location': 'CAD  STUDIO 2', 'start': '23:50'};{'day': 'Th', 'end': '13:40', 'location': 'CAD  STUDIO 2', 'start': '12:45'}","True","","1","C","20021","Research","2002"
"0000003886","0.5","0000000357","DNCTE","4","0","0","3","1","ALS-A;PHA","Roberts, Anthony","{'fsnum': '6691', 'name': 'Roberts, Anthony'}","200","4","","","","","Modern Dance II","210","{'day': 'Mo', 'end': '15:30', 'location': 'CAD  STUDIO 2', 'start': '14:00'};{'day': 'We', 'end': '15:30', 'location': 'CAD  STUDIO 2', 'start': '14:00'}","False","A","1","C","20021","Research","2002"
"0000003887","0.5","0000000357","DNCTE","1","0","0","1","0","ALS-A;PHA","Saterstrom, Sheryl","{'fsnum': '7059', 'name': 'Saterstrom, Sheryl'}","200","4","","","","","Modern Dance II","210","{'day': 'Tu', 'end': '11:00', 'location': 'CAD  STUDIO 3', 'start': '09:35'};{'day': 'Th', 'end': '10:50', 'location': 'CAD  STUDIO 3', 'start': '09:30'}","False","B","1","C","20021","Research","2002"
"0000003888","0.25","0000000358","DNCTE","18","1","9","4","4","ALS-A;PHA","Roberts, Anthony","{'fsnum': '6691', 'name': 'Roberts, Anthony'}","200","20","","","","","Modern Dance II","211","{'day': 'Mo', 'end': '15:30', 'location': 'CAD  STUDIO 2', 'start': '14:00'};{'day': 'We', 'end': '15:30', 'location': 'CAD  STUDIO 2', 'start': '14:00'}","False","A","1","O","20021","Research","2002"
"0000003889","0.25","0000000358","DNCTE","4","1","1","1","1","ALS-A;PHA","Saterstrom, Sheryl","{'fsnum': '7059', 'name': 'Saterstrom, Sheryl'}","200","12","","","","","Modern Dance II","211","{'day': 'Tu', 'end': '11:00', 'location': 'CAD  STUDIO 3', 'start': '09:35'};{'day': 'Th', 'end': '10:50', 'location': 'CAD  STUDIO 3', 'start': '09:30'}","False","B","1","O","20021","Research","2002"
"0000003890","0.5","0000000359","DNCTE","7","3","1","3","0","ALS-A;PHA","Klopchin, Heather J.","{'fsnum': '10044', 'name': 'Klopchin, Heather J.'}","200","4","","","","","Ballet II","220","{'day': 'Tu', 'end': '09:25', 'location': 'CAD  STUDIO 2', 'start': '08:00'};{'day': 'Th', 'end': '09:20', 'location': 'CAD  STUDIO 2', 'start': '08:00'}","False","","1","C","20021","Research","2002"
"0000003891","0.25","0000000360","DNCTE","17","4","5","3","5","ALS-A;PHA","Klopchin, Heather J.","{'fsnum': '10044', 'name': 'Klopchin, Heather J.'}","200","18","","","","","Ballet II","221","{'day': 'Tu', 'end': '09:25', 'location': 'CAD  STUDIO 2', 'start': '08:00'};{'day': 'Th', 'end': '09:20', 'location': 'CAD  STUDIO 2', 'start': '08:00'}","False","","1","C","20021","Research","2002"
"0000003892","0.5","0000000362","DNCTE","1","0","0","1","0","ALS-A;PHA","Roberts, Janice","{'fsnum': '3206', 'name': 'Roberts, Janice'}","300","4","","","","","Modern III","310","{'day': 'Mo', 'end': '15:30', 'location': 'CAD  STUDIO 1', 'start': '14:00'};{'day': 'We', 'end': '15:30', 'location': 'CAD  STUDIO 1', 'start': '14:00'};{'day': 'Fr', 'end': '15:30', 'location': 'CAD  STUDIO 1', 'start': '14:00'}","False","","1","O","20021","Research","2002"
"0000003893","0.25","0000000363","DNCTE","11","0","3","0","8","ALS-A;PHA","Roberts, Janice","{'fsnum': '3206', 'name': 'Roberts, Janice'}","300","10","","","","","Modern III","311","{'day': 'Mo', 'end': '15:30', 'location': 'CAD  STUDIO 1', 'start': '14:00'};{'day': 'We', 'end': '15:30', 'location': 'CAD  STUDIO 1', 'start': '14:00'};{'day': 'Fr', 'end': '15:30', 'location': 'CAD  STUDIO 1', 'start': '14:00'}","False","","1","C","20021","Research","2002"
"0000003894","0.5","0000000364","DNCTE","2","1","1","0","0","ALS-A;PHA","Bader, Jennifer","{'fsnum': '311', 'name': 'Bader, Jennifer'}","300","4","","","","","Ballet III","320","{'day': 'Tu', 'end': '14:45', 'location': 'CAD  STUDIO 2', 'start': '13:20'};{'day': 'Th', 'end': '15:35', 'location': 'CAD  STUDIO 2', 'start': '14:15'}","False","","1","O","20021","Research","2002"
"0000003895","0.25","0000000365","DNCTE","12","2","5","2","3","ALS-A;PHA","Bader, Jennifer","{'fsnum': '311', 'name': 'Bader, Jennifer'}","300","12","","","","","Ballet III","321","{'day': 'Tu', 'end': '14:45', 'location': 'CAD  STUDIO 2', 'start': '13:20'};{'day': 'Th', 'end': '15:35', 'location': 'CAD  STUDIO 2', 'start': '14:15'}","False","","1","C","20021","Research","2002"
"0000003896","1.0","0000000369","DNCTH","13","0","1","9","3","ALS-A","Roberts, Janice","{'fsnum': '3206', 'name': 'Roberts, Janice'}","200","15","","","","","Choreog & Improvisat","231","{'day': 'Tu', 'end': '13:10', 'location': 'CAD  STUDIO 1', 'start': '23:45'};{'day': 'Th', 'end': '14:05', 'location': 'CAD  STUDIO 1', 'start': '12:45'}","False","","1","O","20021","Research","2002"
"0000003897","1.0","0000000371","DNCTH","20","0","14","2","4","ALS-A;MCS-D;WRI","Klopchin, Heather J.","{'fsnum': '10044', 'name': 'Klopchin, Heather J.'}","200","20","","","","","Dance in America","246","{'day': 'Mo', 'end': '13:50', 'location': 'CAD 305', 'start': '12:55'};{'day': 'We', 'end': '13:50', 'location': 'CAD 305', 'start': '12:55'};{'day': 'Fr', 'end': '13:50', 'location': 'CAD 305', 'start': '12:55'}","False","","1","C","20021","Research","2002"
"0000003898","1.0","0000000372","DNCTH","16","0","8","0","8","","Saterstrom, Sheryl","{'fsnum': '7059', 'name': 'Saterstrom, Sheryl'}","200","15","","","","","Articulate Body","260","{'day': 'Mo', 'end': '12:45', 'location': 'CAD  STUDIO 3', 'start': '23:50'};{'day': 'We', 'end': '12:45', 'location': 'CAD  STUDIO 3', 'start': '23:50'};{'day': 'Fr', 'end': '12:45', 'location': 'CAD  STUDIO 3', 'start': '23:50'}","False","","1","C","20021","Research","2002"
"0000003899","1.0","0000000375","DNCTH","1","0","0","1","0","","von Bibra, Anne","{'fsnum': '8817', 'name': 'von Bibra, Anne'}","200","","","","","","IS/World Dances","298","","False","","1","O","20021","Research","2002"
"0000003900","1.0","0000000379","DNCTH","7","0","0","0","7","","Klopchin, Heather J.","{'fsnum': '10044', 'name': 'Klopchin, Heather J.'}","300","10","","","","","Senior Dance Seminar","399","{'day': 'Tu', 'end': '11:00', 'location': 'CAD 204', 'start': '09:35'};{'day': 'Th', 'end': '10:50', 'location': 'CAD 204', 'start': '09:30'}","False","","1","O","20021","Seminar","2002"
"0000003828","1.0","0000000259","ECON","35","16","3","7","9","HBS","Becker, Anthony","{'fsnum': '348', 'name': 'Becker, Anthony'}","100","30","","","","","Principles of Econ","121","{'day': 'Mo', 'end': '08:55', 'location': 'L 577', 'start': '08:00'};{'day': 'We', 'end': '08:55', 'location': 'L 577', 'start': '08:00'};{'day': 'Fr', 'end': '08:55', 'location': 'L 577', 'start': '08:00'}","False","A","1","C","20021","Research","2002"
"0000003829","1.0","0000000259","ECON","31","6","3","16","6","HBS","Becker, Anthony","{'fsnum': '348', 'name': 'Becker, Anthony'}","100","30","","","","","Principles of Econ","121","{'day': 'Mo', 'end': '10:00', 'location': 'L 577', 'start': '09:05'};{'day': 'We', 'end': '10:00', 'location': 'L 577', 'start': '09:05'};{'day': 'Fr', 'end': '10:00', 'location': 'L 577', 'start': '09:05'}","False","B","1","C","20021","Research","2002"
"0000003830","1.0","0000000259","ECON","26","7","2","8","9","HBS","Pernecky, Mark","{'fsnum': '6199', 'name': 'Pernecky, Mark'}","100","30","","","","","Principles of Econ","121","{'day': 'Mo', 'end': '13:50', 'location': 'H 403', 'start': '12:55'};{'day': 'We', 'end': '13:50', 'location': 'H 403', 'start': '12:55'};{'day': 'Fr', 'end': '13:50', 'location': 'H 403', 'start': '12:55'}","False","C","1","O","20021","Research","2002"
"0000003831","1.0","0000000259","ECON","32","16","2","10","4","HBS","Pomponio, Xun","{'fsnum': '6399', 'name': 'Pomponio, Xun'}","100","30","","","","","Principles of Econ","121","{'day': 'Tu', 'end': '11:00', 'location': 'H 413', 'start': '09:35'};{'day': 'Th', 'end': '10:50', 'location': 'H 413', 'start': '09:30'}","False","D","1","C","20021","Research","2002"
"0000003832","1.0","0000000259","ECON","25","13","4","4","4","HBS","Pernecky, Mark","{'fsnum': '6199', 'name': 'Pernecky, Mark'}","100","30","","","","","Principles of Econ","121","{'day': 'Mo', 'end': '14:55', 'location': 'H 403', 'start': '14:00'};{'day': 'We', 'end': '14:55', 'location': 'H 403', 'start': '14:00'};{'day': 'Fr', 'end': '14:55', 'location': 'H 403', 'start': '14:00'}","False","E","1","O","20021","Research","2002"
"0000003833","1.0","0000000259","ECON","28","11","7","8","2","HBS","Judge, Rebecca","{'fsnum': '4137', 'name': 'Judge, Rebecca'}","100","30","","","","","Principles of Econ","121","{'day': 'Tu', 'end': '13:10', 'location': 'H 317', 'start': '23:45'};{'day': 'Th', 'end': '14:05', 'location': 'H 317', 'start': '12:45'}","False","F","1","C","20021","Research","2002"
"0000003834","1.0","0000000264","ECON","16","0","5","10","1","","Emery, Edward David","{'fsnum': '1741', 'name': 'Emery, Edward David'}","200","19","","","","","Economic Methods","233","{'day': 'Tu', 'end': '09:25', 'location': 'H 317', 'start': '08:00'};{'day': 'Th', 'end': '09:20', 'location': 'H 317', 'start': '08:00'}","False","","1","O","20021","Research","2002"
"0000003835","1.0","0000000265","ECON","10","0","3","6","1","HBS","Dalgaard, Bruce","{'fsnum': '1333', 'name': 'Dalgaard, Bruce'}","200","19","","","","","Econ & Business Hist","234","{'day': 'Tu', 'end': '11:00', 'location': 'M 4', 'start': '09:35'};{'day': 'Th', 'end': '10:50', 'location': 'M 4', 'start': '09:30'}","False","","1","O","20021","Research","2002"
"0000003836","1.0","0000000267","ECON","10","0","3","3","4","WRI","Judge, Rebecca","{'fsnum': '4137', 'name': 'Judge, Rebecca'}","200","19","","","","","Environmental Econ","242","{'day': 'Tu', 'end': '14:45', 'location': 'M 4', 'start': '13:20'};{'day': 'Th', 'end': '15:35', 'location': 'M 4', 'start': '14:15'}","False","","1","O","20021","Research","2002"
"0000003837","1.0","0000000270","ECON","10","0","5","1","4","HBS","Emery, Edward David","{'fsnum': '1741', 'name': 'Emery, Edward David'}","200","19","","","","","Health Care Econ","245","{'day': 'Tu', 'end': '13:10', 'location': 'M 4', 'start': '23:45'};{'day': 'Th', 'end': '14:05', 'location': 'M 4', 'start': '12:45'}","False","","1","O","20021","Research","2002"
"0000003838","1.0","0000000274","ECON","30","0","6","20","4","","Wojick, Paul","{'fsnum': '9114', 'name': 'Wojick, Paul'}","200","25","","","","","Macroeconomic Theory","261","{'day': 'Mo', 'end': '08:55', 'location': 'L 420', 'start': '08:00'};{'day': 'We', 'end': '08:55', 'location': 'L 420', 'start': '08:00'};{'day': 'Fr', 'end': '08:55', 'location': 'L 420', 'start': '08:00'}","False","A","1","C","20021","Research","2002"
"0000003839","1.0","0000000274","ECON","30","0","16","12","2","","Wojick, Paul","{'fsnum': '9114', 'name': 'Wojick, Paul'}","200","25","","","","","Macroeconomic Theory","261","{'day': 'Mo', 'end': '10:00', 'location': 'SC 374', 'start': '09:05'};{'day': 'We', 'end': '10:00', 'location': 'SC 374', 'start': '09:05'};{'day': 'Fr', 'end': '10:00', 'location': 'SC 374', 'start': '09:05'}","False","B","1","C","20021","Research","2002"
"0000003840","1.0","0000000275","ECON","25","0","15","6","4","","Schodt, David","{'fsnum': '7176', 'name': 'Schodt, David'}","200","25","","","","","Microeconomic Theory","262","{'day': 'Tu', 'end': '13:10', 'location': 'SC 188', 'start': '23:45'};{'day': 'Th', 'end': '14:05', 'location': 'SC 188', 'start': '12:45'}","False","A","1","C","20021","Research","2002"
"0000003841","1.0","0000000275","ECON","17","1","9","7","0","","Schodt, David","{'fsnum': '7176', 'name': 'Schodt, David'}","200","25","","","","","Microeconomic Theory","262","{'day': 'Tu', 'end': '14:45', 'location': 'SC 188', 'start': '13:20'};{'day': 'Th', 'end': '15:35', 'location': 'SC 188', 'start': '14:15'}","False","B","1","O","20021","Research","2002"
"0000003842","1.0","0000000276","ECON","1","0","0","0","1","","Dalgaard, Bruce","{'fsnum': '1333', 'name': 'Dalgaard, Bruce'}","200","","","","","","Academic Internship","294","","True","","1","O","20021","Research","2002"
"0000003843","1.0","0000000279","ECON","21","0","6","0","15","","Wojick, Paul","{'fsnum': '9114', 'name': 'Wojick, Paul'}","300","20","","","","","Money and Banking","374","{'day': 'Mo', 'end': '13:50', 'location': 'H 302', 'start': '12:55'};{'day': 'We', 'end': '13:50', 'location': 'H 302', 'start': '12:55'};{'day': 'Fr', 'end': '13:50', 'location': 'H 302', 'start': '12:55'}","False","","1","C","20021","Research","2002"
"0000003844","1.0","0000000280","ECON","14","0","5","0","9","","Pernecky, Mark","{'fsnum': '6199', 'name': 'Pernecky, Mark'}","300","20","","","","","Labor Econ/Employ Rel","376","{'day': 'Mo', 'end': '11:40', 'location': 'H 515', 'start': '10:45'};{'day': 'We', 'end': '11:40', 'location': 'H 515', 'start': '10:45'};{'day': 'Fr', 'end': '11:40', 'location': 'H 515', 'start': '10:45'}","False","","1","O","20021","Lab","2002"
"0000003845","1.0","0000000281","ECON","6","0","5","0","1","","Pomponio, Xun","{'fsnum': '6399', 'name': 'Pomponio, Xun'}","300","20","","","","","International Econ","382","{'day': 'Tu', 'end': '13:10', 'location': 'H 301', 'start': '23:45'};{'day': 'Th', 'end': '14:05', 'location': 'H 301', 'start': '12:45'}","False","","1","O","20021","Research","2002"
"0000003846","1.0","0000000282","ECON","10","0","1","0","9","","Becker, Anthony","{'fsnum': '348', 'name': 'Becker, Anthony'}","300","20","","","","","Intro to Econometrics","385","{'day': 'Mo', 'end': '11:40', 'location': 'H 302', 'start': '10:45'};{'day': 'We', 'end': '11:40', 'location': 'H 302', 'start': '10:45'};{'day': 'Fr', 'end': '11:40', 'location': 'H 302', 'start': '10:45'}","False","","1","O","20021","Research","2002"
"0000003847","1.0","0000000283","ECON","1","0","0","0","1","","Fitzgerald, Terry J.","{'fsnum': '14049', 'name': 'Fitzgerald, Terry J.'}","300","15","","","","","Senior Project","389","","False","","1","O","20021","Research","2002"
"0000003848","1.0","0000000286","ECON","12","0","6","0","6","","Fitzgerald, Terry J.","{'fsnum': '14049', 'name': 'Fitzgerald, Terry J.'}","300","20","","","","","Seminar","399","{'day': 'Mo', 'end': '12:45', 'location': 'H 514', 'start': '23:50'};{'day': 'We', 'end': '12:45', 'location': 'H 514', 'start': '23:50'};{'day': 'Fr', 'end': '12:45', 'location': 'H 514', 'start': '23:50'}","False","","1","O","20021","Seminar","2002"
"0000003854","","0000000309","EDUC","51","0","18","1","32","","Storry, Mark","{'fsnum': '8074', 'name': 'Storry, Mark'}","200","50","0","","0","","Drugs & Alcohol","231","{'day': 'Mo', 'end': '21:00', 'location': 'CH 101', 'start': '19:00'}","True","","1","C","20021","Research","2002"
"0000003855","1.0","0000000311","EDUC","29","0","8","3","18","HBS","Welckle, John","{'fsnum': '8971', 'name': 'Welckle, John'}","200","30","0","","0","","Educ Psychology","290","{'day': 'Mo', 'end': '11:40', 'location': 'FH 10', 'start': '10:45'};{'day': 'We', 'end': '11:40', 'location': 'FH 10', 'start': '10:45'};{'day': 'Fr', 'end': '11:40', 'location': 'FH 10', 'start': '10:45'}","False","A","1","C","20021","Research","2002"
"0000003856","","0000000312","EDUC","19","0","6","0","13","","Campbell, Heather;Pfarr-Baker, Rosemary A.","{'fsnum': '903', 'name': 'Campbell, Heather'};{'fsnum': '10410', 'name': 'Pfarr-Baker, Rosemary A.'}","200","","","","","","Standards/Technology","291","","True","A","1","O","20021","Research","2002"
"0000003857","","0000000312","EDUC","14","0","6","0","8","","Campbell, Heather;Pfarr-Baker, Rosemary A.","{'fsnum': '903', 'name': 'Campbell, Heather'};{'fsnum': '10410', 'name': 'Pfarr-Baker, Rosemary A.'}","200","","","","","","Standards/Technology","291","","True","B","1","O","20021","Research","2002"
"0000003858","","0000000312","EDUC","6","0","2","1","3","","Campbell, Heather;Pfarr-Baker, Rosemary A.","{'fsnum': '903', 'name': 'Campbell, Heather'};{'fsnum': '10410', 'name': 'Pfarr-Baker, Rosemary A.'}","200","","","","","","Standards/Technology","291","","True","C","1","O","20021","Research","2002"
"0000003859","","0000000312","EDUC","13","0","2","1","10","","Campbell, Heather;Pfarr-Baker, Rosemary A.","{'fsnum': '903', 'name': 'Campbell, Heather'};{'fsnum': '10410', 'name': 'Pfarr-Baker, Rosemary A.'}","200","","","","","","Standards/Technology","291","","True","D","1","O","20021","Research","2002"
"0000003860","","0000000312","EDUC","8","0","3","0","5","","Campbell, Heather;Pfarr-Baker, Rosemary A.","{'fsnum': '903', 'name': 'Campbell, Heather'};{'fsnum': '10410', 'name': 'Pfarr-Baker, Rosemary A.'}","200","","","","","","Standards/Technology","291","","True","G","1","O","20021","Research","2002"
"0000003861","","0000000312","EDUC","21","0","8","0","13","","Campbell, Heather;Pfarr-Baker, Rosemary A.","{'fsnum': '903', 'name': 'Campbell, Heather'};{'fsnum': '10410', 'name': 'Pfarr-Baker, Rosemary A.'}","200","","","","","","Standards/Technology","291","","True","H","1","O","20021","Research","2002"
"0000003862","1.0","0000000321","EDUC","21","0","11","0","10","ORC","Kelly, Maria L.","{'fsnum': '10032', 'name': 'Kelly, Maria L.'}","300","20","0","","0","","Principles of Educ","330","{'day': 'Mo', 'end': '08:55', 'location': 'FH 10', 'start': '08:00'};{'day': 'We', 'end': '08:55', 'location': 'FH 10', 'start': '08:00'};{'day': 'Fr', 'end': '08:55', 'location': 'FH 10', 'start': '08:00'}","False","A","1","C","20021","Research","2002"
"0000003863","1.0","0000000321","EDUC","25","0","9","1","15","ORC","Kelly, Maria L.","{'fsnum': '10032', 'name': 'Kelly, Maria L.'}","300","20","0","","0","","Principles of Educ","330","{'day': 'Mo', 'end': '10:00', 'location': 'FH 10', 'start': '09:05'};{'day': 'We', 'end': '10:00', 'location': 'FH 10', 'start': '09:05'};{'day': 'Fr', 'end': '10:00', 'location': 'FH 10', 'start': '09:05'}","False","B","1","C","20021","Research","2002"
"0000003864","1.0","0000000321","EDUC","18","0","12","0","6","ORC","Harris, Martha","{'fsnum': '10033', 'name': 'Harris, Martha'}","300","20","0","","0","","Principles of Educ","330","{'day': 'Tu', 'end': '11:00', 'location': 'FH 10', 'start': '09:35'};{'day': 'Th', 'end': '10:50', 'location': 'FH 10', 'start': '09:30'}","False","C","1","C","20021","Research","2002"
"0000003865","0.5","0000000330","EDUC","22","0","0","0","22","","Berger, Linda","{'fsnum': '417', 'name': 'Berger, Linda'}","300","24","0","","0","","Tchg Music-Mid/High S","356","{'day': 'Tu', 'end': '14:45', 'location': 'CHM 233', 'start': '13:20'};{'day': 'Th', 'end': '15:35', 'location': 'CHM 233', 'start': '14:15'}","False","","1","C","20021","Research","2002"
"0000003866","0.5","0000000331","EDUC","8","0","0","0","8","","","","300","20","0","","0","","Tchg Music-Sec Schls","358","{'day': 'Mo', 'end': '21:00', 'location': 'CHM 239', 'start': '19:00'}","False","","1","C","20021","Research","2002"
"0000003867","0.5","0000000332","EDUC","14","0","0","0","14","","Mahr, Timothy","{'fsnum': '5013', 'name': 'Mahr, Timothy'}","300","20","0","","0","","Tchg of Instru Music","359","{'day': 'Tu', 'end': '13:10', 'location': 'CHM 239', 'start': '23:45'};{'day': 'Th', 'end': '14:05', 'location': 'CHM 239', 'start': '12:45'}","False","","1","C","20021","Research","2002"
"0000003868","0.5","0000000335","EDUC","22","0","7","0","15","","Schelske, Mark","{'fsnum': '7148', 'name': 'Schelske, Mark'}","300","30","","","","","Counsel/Comm in Schls","372","{'day': 'Mo', 'end': '13:50', 'location': 'FH 10', 'start': '12:55'};{'day': 'We', 'end': '13:50', 'location': 'FH 10', 'start': '12:55'};{'day': 'Fr', 'end': '13:50', 'location': 'FH 10', 'start': '12:55'}","False","A","1","C","20021","Research","2002"
"0000003869","0.5","0000000335","EDUC","36","0","11","1","24","","Schelske, Mark","{'fsnum': '7148', 'name': 'Schelske, Mark'}","300","30","","","","","Counsel/Comm in Schls","372","{'day': 'Mo', 'end': '14:55', 'location': 'FH 10', 'start': '14:00'};{'day': 'We', 'end': '14:55', 'location': 'FH 10', 'start': '14:00'};{'day': 'Fr', 'end': '14:55', 'location': 'FH 10', 'start': '14:00'}","False","B","1","C","20021","Research","2002"
"0000003870","0.5","0000000336","EDUC","12","0","2","0","10","","Leming, Ann A.","{'fsnum': '4755', 'name': 'Leming, Ann A.'}","300","30","","","","","The Exceptional Child","375","{'day': 'Mo', 'end': '13:50', 'location': 'FH 10', 'start': '12:55'};{'day': 'We', 'end': '13:50', 'location': 'FH 10', 'start': '12:55'};{'day': 'Fr', 'end': '13:50', 'location': 'FH 10', 'start': '12:55'}","False","A","1","C","20021","Research","2002"
"0000003871","0.5","0000000336","EDUC","18","0","4","0","14","","Leming, Ann A.","{'fsnum': '4755', 'name': 'Leming, Ann A.'}","300","30","0","","0","","The Exceptional Child","375","{'day': 'Mo', 'end': '14:55', 'location': 'FH 10', 'start': '14:00'};{'day': 'We', 'end': '14:55', 'location': 'FH 10', 'start': '14:00'};{'day': 'Fr', 'end': '14:55', 'location': 'FH 10', 'start': '14:00'}","False","B","1","C","20021","Research","2002"
"0000003872","1.0","0000000337","EDUC","1","0","0","0","1","","Leming, Ann A.","{'fsnum': '4755', 'name': 'Leming, Ann A.'}","300","3","0","","0","","The Exceptional Child","376","{'day': 'Mo', 'end': '13:50', 'location': 'FH 10', 'start': '12:55'};{'day': 'We', 'end': '13:50', 'location': 'FH 10', 'start': '12:55'};{'day': 'Fr', 'end': '13:50', 'location': 'FH 10', 'start': '12:55'}","False","A","1","C","20021","Research","2002"
"0000003873","0.5","0000000340","EDUC","34","0","0","0","34","","Welckle, John","{'fsnum': '8971', 'name': 'Welckle, John'}","300","30","","","","","Senior Seminar Educ","381","{'day': 'Mo', 'end': '16:00', 'location': 'TBA', 'start': '20:00'};{'day': 'Tu', 'end': '16:00', 'location': 'TBA', 'start': '20:00'};{'day': 'We', 'end': '16:00', 'location': 'TBA', 'start': '20:00'};{'day': 'Th', 'end': '16:00', 'location': 'TBA', 'start': '20:00'};{'day': 'Fr', 'end': '16:00', 'location': 'TBA', 'start': '20:00'}","False","","1","C","20021","Research","2002"
"0000003874","","0000000341","EDUC","34","0","0","0","34","","Pfarr-Baker, Rosemary A.","{'fsnum': '10410', 'name': 'Pfarr-Baker, Rosemary A.'}","300","30","","","","","Human Relations","382","","True","","1","C","20021","Research","2002"
"0000003875","0.5","0000000342","EDUC","34","0","0","0","34","","Solid, Myron L.","{'fsnum': '7667', 'name': 'Solid, Myron L.'}","300","30","","","","","Issues in Education","385","{'day': 'Mo', 'end': '16:00', 'location': 'TBA', 'start': '20:00'};{'day': 'Tu', 'end': '16:00', 'location': 'TBA', 'start': '20:00'};{'day': 'We', 'end': '16:00', 'location': 'TBA', 'start': '20:00'};{'day': 'Th', 'end': '16:00', 'location': 'TBA', 'start': '20:00'};{'day': 'Fr', 'end': '16:00', 'location': 'TBA', 'start': '20:00'}","False","","1","C","20021","Research","2002"
"0000003876","3.0","0000000343","EDUC","34","0","0","0","34","","Pfarr-Baker, Rosemary A.","{'fsnum': '10410', 'name': 'Pfarr-Baker, Rosemary A.'}","300","30","","","","","Student Teaching","389","","False","","1","C","20021","Research","2002"
"0000003901","1.0","0000000381","ENGL","9","3","0","1","5","","Bauer, Gene","{'fsnum': '345', 'name': 'Bauer, Gene'}","100","15","","","","","Intro/Academic Wri","107","{'day': 'Tu', 'end': '09:25', 'location': 'L 520', 'start': '08:00'};{'day': 'Th', 'end': '09:20', 'location': 'L 520', 'start': '08:00'}","False","","1","O","20021","Research","2002"
"0000003902","1.0","0000000383","ENGL","15","13","0","0","2","","Hill, Jan C.","{'fsnum': '109', 'name': 'Hill, Jan C.'}","100","12","","","","","Skills in Composition","110","{'day': 'Tu', 'end': '14:45', 'location': 'L 420', 'start': '13:20'};{'day': 'Th', 'end': '15:35', 'location': 'L 420', 'start': '14:15'}","False","A","1","C","20021","Research","2002"
"0000003903","1.0","0000000383","ENGL","12","11","0","0","1","","","","100","12","","","","","Skills in Composition","110","{'day': 'Mo', 'end': '12:45', 'location': 'H 302', 'start': '23:50'};{'day': 'We', 'end': '12:45', 'location': 'H 302', 'start': '23:50'};{'day': 'Fr', 'end': '12:45', 'location': 'H 302', 'start': '23:50'}","False","B","1","C","20021","Research","2002"
"0000003904","1.0","0000000392","ENGL","23","0","0","21","2","ALS-L;ORC;WRI","Wells, Colin","{'fsnum': '8973', 'name': 'Wells, Colin'}","100","23","","","","","Literary Studies","185","{'day': 'Mo', 'end': '10:00', 'location': 'L 515', 'start': '09:05'};{'day': 'We', 'end': '10:00', 'location': 'L 515', 'start': '09:05'};{'day': 'Fr', 'end': '10:00', 'location': 'L 515', 'start': '09:05'}","False","A","1","C","20021","Research","2002"
"0000003905","1.0","0000000392","ENGL","22","0","3","18","1","ALS-L;ORC;WRI","Buckstead, Richard","{'fsnum': '821', 'name': 'Buckstead, Richard'}","100","23","","","","","Literary Studies","185","{'day': 'Mo', 'end': '13:50', 'location': 'L 515', 'start': '12:55'};{'day': 'We', 'end': '13:50', 'location': 'L 515', 'start': '12:55'};{'day': 'Fr', 'end': '13:50', 'location': 'L 515', 'start': '12:55'}","False","B","1","C","20021","Research","2002"
"0000003906","1.0","0000000392","ENGL","24","1","1","19","3","ALS-L;ORC;WRI","Hepburn, Joan","{'fsnum': '3322', 'name': 'Hepburn, Joan'}","100","23","","","","","Literary Studies","185","{'day': 'Tu', 'end': '13:10', 'location': 'L 525', 'start': '23:45'};{'day': 'Th', 'end': '14:05', 'location': 'L 525', 'start': '12:45'}","False","C","1","C","20021","Research","2002"
"0000003907","1.0","0000000397","ENGL","30","1","4","20","5","WRI","Marsalek, Karen E.;Shenk, Linda","{'fsnum': '10015', 'name': 'Marsalek, Karen E.'};{'fsnum': '15062', 'name': 'Shenk, Linda'}","200","60","","","","","Lit in Engl to 1650","221","{'day': 'Mo', 'end': '10:00', 'location': 'L 525', 'start': '09:05'};{'day': 'We', 'end': '10:00', 'location': 'L 525', 'start': '09:05'};{'day': 'Fr', 'end': '10:00', 'location': 'L 525', 'start': '09:05'}","False","A","1","C","20021","Research","2002"
"0000003908","1.0","0000000397","ENGL","10","0","2","7","1","WRI","Marsalek, Karen E.;Shenk, Linda","{'fsnum': '10015', 'name': 'Marsalek, Karen E.'};{'fsnum': '15062', 'name': 'Shenk, Linda'}","200","15","","","","","Lit in Engl to 1650","221","{'day': 'Fr', 'end': '10:00', 'location': 'L 520', 'start': '09:05'};{'day': 'Mo', 'end': '10:00', 'location': 'L 525', 'start': '09:05'};{'day': 'We', 'end': '10:00', 'location': 'L 525', 'start': '09:05'}","False","B","1","C","20021","Research","2002"
"0000003909","1.0","0000000397","ENGL","3","0","1","2","0","WRI","Marsalek, Karen E.;Shenk, Linda","{'fsnum': '10015', 'name': 'Marsalek, Karen E.'};{'fsnum': '15062', 'name': 'Shenk, Linda'}","200","15","","","","","Lit in Engl to 1650","221","{'day': 'Fr', 'end': '08:55', 'location': 'L 525', 'start': '08:00'};{'day': 'Mo', 'end': '10:00', 'location': 'L 525', 'start': '09:05'};{'day': 'We', 'end': '10:00', 'location': 'L 525', 'start': '09:05'}","False","C","1","C","20021","Research","2002"
"0000003910","1.0","0000000397","ENGL","2","0","1","1","0","WRI","Marsalek, Karen E.;Shenk, Linda","{'fsnum': '10015', 'name': 'Marsalek, Karen E.'};{'fsnum': '15062', 'name': 'Shenk, Linda'}","200","15","","","","","Lit in Engl to 1650","221","{'day': 'Fr', 'end': '08:55', 'location': 'L 520', 'start': '08:00'};{'day': 'Mo', 'end': '10:00', 'location': 'L 525', 'start': '09:05'};{'day': 'We', 'end': '10:00', 'location': 'L 525', 'start': '09:05'}","False","D","1","C","20021","Research","2002"
"0000003911","1.0","0000000399","ENGL","43","0","29","6","8","WRI","Wells, Colin;DuRocher, Richard","{'fsnum': '8973', 'name': 'Wells, Colin'};{'fsnum': '1548', 'name': 'DuRocher, Richard'}","200","60","","","","","Lit in Engl 1650-1850","222","{'day': 'Mo', 'end': '12:45', 'location': 'L 525', 'start': '23:50'};{'day': 'We', 'end': '12:45', 'location': 'L 525', 'start': '23:50'};{'day': 'Fr', 'end': '12:45', 'location': 'L 525', 'start': '23:50'}","False","A","1","C","20021","Research","2002"
"0000003912","1.0","0000000399","ENGL","3","0","2","0","1","WRI","Wells, Colin;DuRocher, Richard","{'fsnum': '8973', 'name': 'Wells, Colin'};{'fsnum': '1548', 'name': 'DuRocher, Richard'}","200","15","","","","","Lit in Engl 1650-1850","222","{'day': 'Fr', 'end': '12:45', 'location': 'L 520', 'start': '23:50'};{'day': 'Mo', 'end': '12:45', 'location': 'L 525', 'start': '23:50'};{'day': 'We', 'end': '12:45', 'location': 'L 525', 'start': '23:50'}","False","B","1","C","20021","Research","2002"
"0000003913","1.0","0000000399","ENGL","3","0","1","0","2","WRI","Wells, Colin;DuRocher, Richard","{'fsnum': '8973', 'name': 'Wells, Colin'};{'fsnum': '1548', 'name': 'DuRocher, Richard'}","200","15","","","","","Lit in Engl 1650-1850","222","{'day': 'Fr', 'end': '13:50', 'location': 'L 520', 'start': '12:55'};{'day': 'Mo', 'end': '12:45', 'location': 'L 525', 'start': '23:50'};{'day': 'We', 'end': '12:45', 'location': 'L 525', 'start': '23:50'}","False","C","1","C","20021","Research","2002"
"0000003914","1.0","0000000401","ENGL","44","0","19","0","25","WRI","Postlethwaite, Diana;Allister, Mark","{'fsnum': '6403', 'name': 'Postlethwaite, Diana'};{'fsnum': '110', 'name': 'Allister, Mark'}","200","60","","","","","Lit in Engl 1850-Pres","223","{'day': 'Mo', 'end': '13:50', 'location': 'L 525', 'start': '12:55'};{'day': 'We', 'end': '13:50', 'location': 'L 525', 'start': '12:55'};{'day': 'Fr', 'end': '13:50', 'location': 'L 525', 'start': '12:55'}","False","A","1","C","20021","Research","2002"
"0000003915","1.0","0000000401","ENGL","1","0","1","0","0","WRI","Postlethwaite, Diana;Allister, Mark","{'fsnum': '6403', 'name': 'Postlethwaite, Diana'};{'fsnum': '110', 'name': 'Allister, Mark'}","200","15","","","","","Lit in Engl 1850-Pres","223","{'day': 'Fr', 'end': '13:50', 'location': 'L 420', 'start': '12:55'};{'day': 'Mo', 'end': '13:50', 'location': 'L 525', 'start': '12:55'};{'day': 'We', 'end': '13:50', 'location': 'L 525', 'start': '12:55'}","False","B","1","C","20021","Research","2002"
"0000003916","1.0","0000000406","ENGL","39","1","1","0","37","ALS-L;WRI","Hill, Jan C.","{'fsnum': '109', 'name': 'Hill, Jan C.'}","200","35","","","","","Children's Literature","233","{'day': 'Tu', 'end': '11:00', 'location': 'L 515', 'start': '09:35'};{'day': 'Th', 'end': '10:50', 'location': 'L 515', 'start': '09:30'}","False","","1","C","20021","Research","2002"
"0000003917","1.0","0000000411","ENGL","35","0","12","0","23","ALS-L;MCS-G","Mbele, Joseph L.","{'fsnum': '5144', 'name': 'Mbele, Joseph L.'}","200","35","","","","","Post-Colonial Lit","247","{'day': 'Tu', 'end': '09:25', 'location': 'L 515', 'start': '08:00'};{'day': 'Th', 'end': '09:20', 'location': 'L 515', 'start': '08:00'}","False","","1","C","20021","Research","2002"
"0000003918","1.0","0000000412","ENGL","60","1","19","12","28","ALS-L","Wee, David","{'fsnum': '8901', 'name': 'Wee, David'}","200","60","","","","","Baseball/Amer Values","248","{'day': 'Tu', 'end': '09:25', 'location': 'L 525', 'start': '08:00'};{'day': 'Th', 'end': '09:20', 'location': 'L 525', 'start': '08:00'}","False","","1","C","20021","Research","2002"
"0000003919","1.0","0000000413","ENGL","18","0","6","5","7","WRI","Steen, Mary","{'fsnum': '7961', 'name': 'Steen, Mary'}","200","18","","6","7","5","Creative Nonfiction","251","{'day': 'Tu', 'end': '13:10', 'location': 'L 420', 'start': '23:45'};{'day': 'Th', 'end': '14:05', 'location': 'L 420', 'start': '12:45'}","False","","1","C","20021","Research","2002"
"0000003920","1.0","0000000418","ENGL","18","1","10","3","4","WRI","Heynen, James","{'fsnum': '3333', 'name': 'Heynen, James'}","200","15","0","6","3","4","Creative Writing I","257","{'day': 'Tu', 'end': '14:45', 'location': 'L 525', 'start': '13:20'};{'day': 'Th', 'end': '15:35', 'location': 'L 525', 'start': '14:15'}","False","","1","C","20021","Research","2002"
"0000003921","1.0","0000000423","ENGL","32","0","8","9","15","","Marsalek, Karen E.","{'fsnum': '10015', 'name': 'Marsalek, Karen E.'}","200","35","","","","","Eng Lang/Linguistics","274","{'day': 'Mo', 'end': '14:55', 'location': 'L 525', 'start': '14:00'};{'day': 'We', 'end': '14:55', 'location': 'L 525', 'start': '14:00'};{'day': 'Fr', 'end': '14:55', 'location': 'L 525', 'start': '14:00'}","False","","1","O","20021","Research","2002"
"0000003922","1.0","0000000424","ENGL","32","0","12","0","20","ALS-L;WRI","Postlethwaite, Diana","{'fsnum': '6403', 'name': 'Postlethwaite, Diana'}","200","35","","","","","Literature & Film","275","{'day': 'Mo', 'end': '21:00', 'location': 'H 501', 'start': '19:00'};{'day': 'Tu', 'end': '11:00', 'location': 'L 525', 'start': '09:35'};{'day': 'Th', 'end': '10:50', 'location': 'L 525', 'start': '09:30'}","False","","1","C","20021","Research","2002"
"0000003923","1.0","0000000426","ENGL","28","0","10","9","9","ALS-L","Shenk, Linda","{'fsnum': '15062', 'name': 'Shenk, Linda'}","200","35","","","","","Shakespeare & Contemp","280","{'day': 'Mo', 'end': '11:40', 'location': 'L 525', 'start': '10:45'};{'day': 'We', 'end': '11:40', 'location': 'L 525', 'start': '10:45'};{'day': 'Fr', 'end': '11:40', 'location': 'L 525', 'start': '10:45'}","False","","1","C","20021","Research","2002"
"0000003924","1.0","0000000433","ENGL","1","0","0","0","1","","Hill, Jan C.","{'fsnum': '109', 'name': 'Hill, Jan C.'}","200","","","","","","Academic Internship","294","","True","","1","O","20021","Research","2002"
"0000003925","1.0","0000000434","ENGL","1","0","1","0","0","WRI","Hill, Jonathan","{'fsnum': '3341', 'name': 'Hill, Jonathan'}","200","","","","","","IS/Expository Writing","298","","False","","1","O","20021","Research","2002"
"0000003926","1.0","0000000434","ENGL","1","0","0","0","1","","Hill, Jan C.","{'fsnum': '109', 'name': 'Hill, Jan C.'}","200","","","","","","IS/Adolescent Lit","298","","False","A","1","O","20021","Research","2002"
"0000003927","1.0","0000000441","ENGL","15","0","1","0","14","WRI","Heynen, James","{'fsnum': '3333', 'name': 'Heynen, James'}","300","15","","","","","Creative Writing II","372","{'day': 'Th', 'end': '22:00', 'location': 'L 525', 'start': '19:00'}","False","","1","C","20021","Research","2002"
"0000003928","1.0","0000000451","ENGL","1","0","0","0","1","WRI","Heynen, James","{'fsnum': '3333', 'name': 'Heynen, James'}","300","","","","","","IR/Poetry Studies","398","","False","","1","O","20021","Research","2002"
"0000003929","1.0","0000000451","ENGL","1","0","1","0","0","","Nelson, Jon Eric","{'fsnum': '5506', 'name': 'Nelson, Jon Eric'}","300","","","","","","IR/Nature and Faith","398","","False","A","1","O","20021","Research","2002"
"0000003930","1.0","0000000451","ENGL","1","0","0","0","1","","Mbele, Joseph L.","{'fsnum': '5144', 'name': 'Mbele, Joseph L.'}","300","","","","","","IR/Apartheid/S Af Lit","398","","False","B","1","O","20021","Research","2002"
"0000003931","1.0","0000000451","ENGL","1","0","0","0","1","","Holly, Carol","{'fsnum': '3424', 'name': 'Holly, Carol'}","300","","","","","","IR/Evol Fem Thought","398","","False","C","1","O","20021","Research","2002"
"0000003932","1.0","0000000451","ENGL","1","0","0","0","1","","Mbele, Joseph L.","{'fsnum': '5144', 'name': 'Mbele, Joseph L.'}","300","","","","","","IR/The Self & Other","398","","False","D","1","O","20021","Research","2002"
"0000003933","1.0","0000000452","ENGL","8","0","0","0","8","","Buckstead, Richard","{'fsnum': '821', 'name': 'Buckstead, Richard'}","300","15","","","","","Major Seminar","399","{'day': 'Mo', 'end': '14:55', 'location': 'L 520', 'start': '14:00'};{'day': 'We', 'end': '14:55', 'location': 'L 520', 'start': '14:00'};{'day': 'Fr', 'end': '14:55', 'location': 'L 520', 'start': '14:00'}","False","A","1","C","20021","Seminar","2002"
"0000003934","1.0","0000000452","ENGL","15","0","0","0","15","EIN","DuRocher, Richard","{'fsnum': '1548', 'name': 'DuRocher, Richard'}","300","15","","","","","Major Seminar","399","{'day': 'Tu', 'end': '11:00', 'location': 'L 520', 'start': '09:35'};{'day': 'Th', 'end': '10:50', 'location': 'L 520', 'start': '09:30'}","False","B","1","C","20021","Seminar","2002"
"0000003935","1.0","0000000452","ENGL","15","0","0","0","15","EIN","Nelson, Jon Eric","{'fsnum': '5506', 'name': 'Nelson, Jon Eric'}","300","15","","","","","Major Seminar","399","{'day': 'Tu', 'end': '13:10', 'location': 'L 520', 'start': '23:45'};{'day': 'Th', 'end': '14:05', 'location': 'L 520', 'start': '12:45'}","False","C","1","C","20021","Seminar","2002"
"0000003936","1.0","0000000453","ENVST","24","15","1","4","4","HWC","Shaw, Rachel","{'fsnum': '14133', 'name': 'Shaw, Rachel'}","100","26","","","","","Culture of Nature","101","{'day': 'Tu', 'end': '13:10', 'location': 'M 30', 'start': '23:45'};{'day': 'Th', 'end': '14:05', 'location': 'M 30', 'start': '12:45'}","False","","1","C","20021","Research","2002"
"0000003937","1.0","0000000454","ENVST","27","2","7","9","9","NST","Shea, Kathleen L.","{'fsnum': '7450', 'name': 'Shea, Kathleen L.'}","100","24","0","6","12","6","Conservation Biology","125","{'day': 'Tu', 'end': '11:00', 'location': 'SC 130', 'start': '09:35'};{'day': 'Th', 'end': '10:50', 'location': 'SC 130', 'start': '09:30'}","False","","1","C","20021","Research","2002"
"0000003938","1.0","0000000455","ENVST","29","3","8","7","11","NST","Swift, Michael","{'fsnum': '8210', 'name': 'Swift, Michael'}","100","24","0","5","10","6","Intro: Enviro Studies","137","{'day': 'Mo', 'end': '10:00', 'location': 'SC 129', 'start': '09:05'};{'day': 'We', 'end': '10:00', 'location': 'SC 129', 'start': '09:05'};{'day': 'Fr', 'end': '10:00', 'location': 'SC 129', 'start': '09:05'}","False","A","1","C","20021","Research","2002"
"0000003939","1.0","0000000455","ENVST","23","3","4","9","7","NST","Bakko, Eugene","{'fsnum': '325', 'name': 'Bakko, Eugene'}","100","24","0","6","10","6","Intro: Enviro Studies","137","{'day': 'Tu', 'end': '13:10', 'location': 'SC 129', 'start': '23:45'};{'day': 'Th', 'end': '14:05', 'location': 'SC 129', 'start': '12:45'}","False","B","1","C","20021","Research","2002"
"0000003940","1.0","0000000459","ENVST","25","0","13","6","6","HBS","Judge, Rebecca","{'fsnum': '4137', 'name': 'Judge, Rebecca'}","200","30","","","","","Enviro Policy/Regulat","232","{'day': 'Tu', 'end': '09:25', 'location': 'SC 130', 'start': '08:00'};{'day': 'Th', 'end': '09:20', 'location': 'SC 130', 'start': '08:00'}","False","","1","C","20021","Research","2002"
"0000003941","1.0","0000000460","ENVST","21","1","5","8","7","NST","Jacobel, Robert","{'fsnum': '3646', 'name': 'Jacobel, Robert'}","200","30","","","","15","Global Climate Change","245","{'day': 'Tu', 'end': '11:00', 'location': 'SC 129', 'start': '09:35'};{'day': 'Th', 'end': '10:50', 'location': 'SC 129', 'start': '09:30'}","False","","1","C","20021","Research","2002"
"0000003942","1.0","0000000461","ENVST","17","0","3","2","12","NSL;NST","Umbanhowar, Charles Jr.","{'fsnum': '8616', 'name': 'Umbanhowar, Charles Jr.'}","200","18","","","","","Remote Sensing & Gis","255","{'day': 'Tu', 'end': '13:10', 'location': 'L 477', 'start': '23:45'};{'day': 'Th', 'end': '14:05', 'location': 'L 477', 'start': '12:45'};{'day': 'We', 'end': '15:20', 'location': 'L 477', 'start': '13:20'}","False","","1","O","20021","Research","2002"
"0000003943","1.0","0000000465","ENVST","1","0","1","0","0","","Farrell, James","{'fsnum': '2030', 'name': 'Farrell, James'}","200","","","","","","IS/Env Traditions","298","","False","","1","O","20021","Research","2002"
"0000003944","1.0","0000000467","ENVST","1","0","0","0","1","","Shaw, Rachel","{'fsnum': '14133', 'name': 'Shaw, Rachel'}","300","","","","","","IR/Time Land and Farm","398","","False","","1","O","20021","Research","2002"
"0000004029","1.0","0000000648","FAMST","30","0","14","9","7","","Holt, C. George","{'fsnum': '3431', 'name': 'Holt, C. George'}","200","35","","","","","Intro: Family Studies","232","{'day': 'Tu', 'end': '11:00', 'location': 'H 317', 'start': '09:35'};{'day': 'Th', 'end': '10:50', 'location': 'H 317', 'start': '09:30'}","False","","1","C","20021","Research","2002"
"0000004030","1.0","0000000651","FAMST","50","0","21","0","29","","Holt, C. George","{'fsnum': '3431', 'name': 'Holt, C. George'}","200","55","","16","","43","Human Sexuality","253","{'day': 'Tu', 'end': '14:45', 'location': 'H 501', 'start': '13:20'};{'day': 'Th', 'end': '15:35', 'location': 'H 501', 'start': '14:15'}","False","","1","C","20021","Research","2002"
"0000004031","1.0","0000000653","FAMST","1","0","0","0","1","","Holt, C. George","{'fsnum': '3431', 'name': 'Holt, C. George'}","200","","","","","","Academic Internship","294","","True","","1","O","20021","Research","2002"
"0000003947","1.0","0000000476","FREN","30","23","1","4","2","","Latimer, Debra","{'fsnum': '13169', 'name': 'Latimer, Debra'}","100","30","","","","","Beginning French I","111","{'day': 'Mo', 'end': '11:40', 'location': 'M 30', 'start': '10:45'};{'day': 'We', 'end': '11:40', 'location': 'M 30', 'start': '10:45'};{'day': 'Fr', 'end': '11:40', 'location': 'M 30', 'start': '10:45'}","False","","1","C","20021","Research","2002"
"0000003948","1.0","0000000477","FREN","19","8","2","4","5","","Mather, M. Clare","{'fsnum': '5116', 'name': 'Mather, M. Clare'}","100","25","","","","","Beginning French II","112","{'day': 'Mo', 'end': '11:40', 'location': 'M 26', 'start': '10:45'};{'day': 'We', 'end': '11:40', 'location': 'M 26', 'start': '10:45'};{'day': 'Fr', 'end': '11:40', 'location': 'M 26', 'start': '10:45'}","False","A","1","O","20021","Research","2002"
"0000003949","1.0","0000000477","FREN","16","13","2","1","0","","Mather, M. Clare","{'fsnum': '5116', 'name': 'Mather, M. Clare'}","100","25","","","","","Beginning French II","112","{'day': 'Mo', 'end': '14:55', 'location': 'M 26', 'start': '14:00'};{'day': 'We', 'end': '14:55', 'location': 'M 26', 'start': '14:00'};{'day': 'Fr', 'end': '14:55', 'location': 'M 26', 'start': '14:00'}","False","B","1","O","20021","Research","2002"
"0000003950","1.0","0000000479","FREN","18","8","2","4","4","","Barjasteh, Jolene","{'fsnum': '337', 'name': 'Barjasteh, Jolene'}","200","25","","","","","Intermed French I","231","{'day': 'Mo', 'end': '08:55', 'location': 'M 26', 'start': '08:00'};{'day': 'We', 'end': '08:55', 'location': 'M 26', 'start': '08:00'};{'day': 'Fr', 'end': '08:55', 'location': 'M 26', 'start': '08:00'}","False","A","1","O","20021","Research","2002"
"0000003951","1.0","0000000479","FREN","26","20","0","5","1","","Barjasteh, Jolene","{'fsnum': '337', 'name': 'Barjasteh, Jolene'}","200","25","","","","99","Intermed French I","231","{'day': 'Mo', 'end': '10:00', 'location': 'M 2', 'start': '09:05'};{'day': 'We', 'end': '10:00', 'location': 'M 2', 'start': '09:05'};{'day': 'Fr', 'end': '10:00', 'location': 'M 2', 'start': '09:05'}","False","B","1","C","20021","Research","2002"
"0000003952","1.0","0000000479","FREN","20","16","0","3","1","","Allen, Wendy","{'fsnum': '102', 'name': 'Allen, Wendy'}","200","25","","","","","Intermed French I","231","{'day': 'Mo', 'end': '12:45', 'location': 'M 26', 'start': '23:50'};{'day': 'We', 'end': '12:45', 'location': 'M 26', 'start': '23:50'};{'day': 'Fr', 'end': '12:45', 'location': 'M 26', 'start': '23:50'}","False","C","1","O","20021","Research","2002"
"0000003953","1.0","0000000480","FREN","27","21","0","3","3","FOL-F;MCS-G","Allen, Wendy","{'fsnum': '102', 'name': 'Allen, Wendy'}","200","30","","","","","Intermed French II","232","{'day': 'Mo', 'end': '10:00', 'location': 'M 26', 'start': '09:05'};{'day': 'We', 'end': '10:00', 'location': 'M 26', 'start': '09:05'};{'day': 'Fr', 'end': '10:00', 'location': 'M 26', 'start': '09:05'}","False","A","1","O","20021","Research","2002"
"0000003954","1.0","0000000480","FREN","28","16","1","10","1","FOL-F;MCS-G","Homler, Scott","{'fsnum': '3438', 'name': 'Homler, Scott'}","200","30","","","","","Intermed French II","232","{'day': 'Mo', 'end': '13:50', 'location': 'M 26', 'start': '12:55'};{'day': 'We', 'end': '13:50', 'location': 'M 26', 'start': '12:55'};{'day': 'Fr', 'end': '13:50', 'location': 'M 26', 'start': '12:55'}","False","B","1","O","20021","Research","2002"
"0000003955","1.0","0000000483","FREN","11","6","0","3","2","FOL-F;WRI","Mather, M. Clare","{'fsnum': '5116', 'name': 'Mather, M. Clare'}","200","18","","","","","Writing French","251","{'day': 'Tu', 'end': '14:45', 'location': 'M 26', 'start': '13:20'};{'day': 'Th', 'end': '15:35', 'location': 'M 26', 'start': '14:15'}","False","","1","O","20021","Research","2002"
"0000003956","1.0","0000000484","FREN","9","0","3","6","0","FOL-F;HWC;WRI","Homler, Scott","{'fsnum': '3438', 'name': 'Homler, Scott'}","200","20","","","","","Top: French Civilizatn","252","{'day': 'Tu', 'end': '09:25', 'location': 'M 26', 'start': '08:00'};{'day': 'Th', 'end': '09:20', 'location': 'M 26', 'start': '08:00'}","False","","1","O","20021","Topic","2002"
"0000003957","1.0","0000000487","FREN","13","0","6","5","2","FOL-F;WRI","Allen, Wendy","{'fsnum': '102', 'name': 'Allen, Wendy'}","200","","","","","","Contemporary France","272","{'day': 'Tu', 'end': '11:00', 'location': 'M 26', 'start': '09:35'};{'day': 'Th', 'end': '10:50', 'location': 'M 26', 'start': '09:30'}","False","","1","O","20021","Research","2002"
"0000003958","1.0","0000000491","FREN","1","0","0","0","1","","Barjasteh, Jolene","{'fsnum': '337', 'name': 'Barjasteh, Jolene'}","200","","","","","","IS/19 Cent Fr Novel","298","","False","","1","O","20021","Research","2002"
"0000003959","1.0","0000000491","FREN","1","0","0","0","1","","Homler, Scott","{'fsnum': '3438', 'name': 'Homler, Scott'}","200","","","","","","IS/French Cinema","298","","False","A","1","O","20021","Research","2002"
"0000003960","1.0","0000000492","FREN","6","0","2","0","4","FOL-F","Homler, Scott","{'fsnum': '3438', 'name': 'Homler, Scott'}","300","","","","","","Top: African Novel","372","{'day': 'Tu', 'end': '13:10', 'location': 'M 26', 'start': '23:45'};{'day': 'Th', 'end': '14:05', 'location': 'M 26', 'start': '12:45'}","False","","1","O","20021","Topic","2002"
"0000003990","1.0","0000000531","GCON","23","22","0","0","1","","Barjasteh, Jolene","{'fsnum': '337', 'name': 'Barjasteh, Jolene'}","100","","","","","","Greeks and Hebrews","113","{'day': 'Mo', 'end': '11:40', 'location': 'ST', 'start': '10:45'};{'day': 'We', 'end': '11:40', 'location': 'ST', 'start': '10:45'};{'day': 'Fr', 'end': '11:40', 'location': 'ST', 'start': '10:45'}","False","A","1","C","20021","Research","2002"
"0000003991","1.0","0000000531","GCON","22","21","0","1","0","","Reece, Steve T.","{'fsnum': '6626', 'name': 'Reece, Steve T.'}","100","","","","","","Greeks and Hebrews","113","{'day': 'Mo', 'end': '11:40', 'location': 'ST', 'start': '10:45'};{'day': 'We', 'end': '11:40', 'location': 'ST', 'start': '10:45'};{'day': 'Fr', 'end': '11:40', 'location': 'ST', 'start': '10:45'}","False","B","1","C","20021","Research","2002"
"0000003992","1.0","0000000531","GCON","23","21","0","1","1","","Schuurman, Douglas","{'fsnum': '7248', 'name': 'Schuurman, Douglas'}","100","","","","","","Greeks and Hebrews","113","{'day': 'Mo', 'end': '11:40', 'location': 'ST', 'start': '10:45'};{'day': 'We', 'end': '11:40', 'location': 'ST', 'start': '10:45'};{'day': 'Fr', 'end': '11:40', 'location': 'ST', 'start': '10:45'}","False","C","1","C","20021","Research","2002"
"0000003993","1.0","0000000534","GCON","23","0","1","21","1","ALS-L;WRI","Groton, Anne","{'fsnum': '2771', 'name': 'Groton, Anne'}","200","","","","","","New Forces of Secular","217","{'day': 'Mo', 'end': '14:55', 'location': 'ST', 'start': '14:00'};{'day': 'We', 'end': '14:55', 'location': 'ST', 'start': '14:00'};{'day': 'Fr', 'end': '14:55', 'location': 'ST', 'start': '14:00'}","False","A","1","C","20021","Research","2002"
"0000003994","1.0","0000000534","GCON","22","0","0","20","2","ALS-L;WRI","Hill, Jonathan","{'fsnum': '3341', 'name': 'Hill, Jonathan'}","200","","","","","","New Forces of Secular","217","{'day': 'Mo', 'end': '14:55', 'location': 'ST', 'start': '14:00'};{'day': 'We', 'end': '14:55', 'location': 'ST', 'start': '14:00'};{'day': 'Fr', 'end': '14:55', 'location': 'ST', 'start': '14:00'}","False","B","1","C","20021","Research","2002"
"0000003995","1.0","0000000534","GCON","22","0","0","21","1","ALS-L;WRI","Langerak, Edward","{'fsnum': '4599', 'name': 'Langerak, Edward'}","200","","","","","","New Forces of Secular","217","{'day': 'Mo', 'end': '14:55', 'location': 'ST', 'start': '14:00'};{'day': 'We', 'end': '14:55', 'location': 'ST', 'start': '14:00'};{'day': 'Fr', 'end': '14:55', 'location': 'ST', 'start': '14:00'}","False","C","1","C","20021","Research","2002"
"0000003961","1.0","0000000498","GE","20","19","0","0","1","FYW","LeBlanc, Diane C.","{'fsnum': '13324', 'name': 'LeBlanc, Diane C.'}","100","20","","","","","First Year Writing","111","{'day': 'Mo', 'end': '10:00', 'location': 'L 421', 'start': '09:05'};{'day': 'We', 'end': '10:00', 'location': 'L 421', 'start': '09:05'};{'day': 'Fr', 'end': '10:00', 'location': 'L 421', 'start': '09:05'}","False","A","1","C","20021","Research","2002"
"0000003962","1.0","0000000498","GE","19","18","0","1","0","FYW","Buckstead, Richard","{'fsnum': '821', 'name': 'Buckstead, Richard'}","100","20","","","","","First Year Writing","111","{'day': 'Mo', 'end': '11:40', 'location': 'L 420', 'start': '10:45'};{'day': 'We', 'end': '11:40', 'location': 'L 420', 'start': '10:45'};{'day': 'Fr', 'end': '11:40', 'location': 'L 420', 'start': '10:45'}","False","B","1","C","20021","Research","2002"
"0000003963","1.0","0000000498","GE","17","15","0","0","2","FYW","Holly, Carol","{'fsnum': '3424', 'name': 'Holly, Carol'}","100","20","","","","","First Year Writing","111","{'day': 'Mo', 'end': '12:45', 'location': 'L 515', 'start': '23:50'};{'day': 'We', 'end': '12:45', 'location': 'L 515', 'start': '23:50'};{'day': 'Fr', 'end': '12:45', 'location': 'L 515', 'start': '23:50'}","False","C","1","O","20021","Research","2002"
"0000003964","1.0","0000000498","GE","16","14","0","2","0","FYW","Marsalek, Karen E.","{'fsnum': '10015', 'name': 'Marsalek, Karen E.'}","100","20","","","","","First Year Writing","111","{'day': 'Mo', 'end': '13:50', 'location': 'L 421', 'start': '12:55'};{'day': 'We', 'end': '13:50', 'location': 'L 421', 'start': '12:55'};{'day': 'Fr', 'end': '13:50', 'location': 'L 421', 'start': '12:55'}","False","D","1","C","20021","Research","2002"
"0000003965","1.0","0000000498","GE","18","17","0","1","0","FYW","Shenk, Linda","{'fsnum': '15062', 'name': 'Shenk, Linda'}","100","20","","","","","First Year Writing","111","{'day': 'Mo', 'end': '14:55', 'location': 'L 421', 'start': '14:00'};{'day': 'We', 'end': '14:55', 'location': 'L 421', 'start': '14:00'};{'day': 'Fr', 'end': '14:55', 'location': 'L 421', 'start': '14:00'}","False","E","1","C","20021","Research","2002"
"0000003966","1.0","0000000498","GE","19","18","0","1","0","FYW","Steen, Mary","{'fsnum': '7961', 'name': 'Steen, Mary'}","100","20","","","","","First Year Writing","111","{'day': 'Tu', 'end': '09:25', 'location': 'L 420', 'start': '08:00'};{'day': 'Th', 'end': '09:20', 'location': 'L 420', 'start': '08:00'}","False","F","1","C","20021","Research","2002"
"0000003967","1.0","0000000498","GE","18","17","0","0","1","FYW","Postlethwaite, Diana","{'fsnum': '6403', 'name': 'Postlethwaite, Diana'}","100","20","","","","","First Year Writing","111","{'day': 'Tu', 'end': '09:25', 'location': 'L 421', 'start': '08:00'};{'day': 'Th', 'end': '09:20', 'location': 'L 421', 'start': '08:00'}","False","G","1","C","20021","Research","2002"
"0000003968","1.0","0000000498","GE","18","17","0","0","1","FYW","Wicks, Gary","{'fsnum': '9030', 'name': 'Wicks, Gary'}","100","20","","","","","First Year Writing","111","{'day': 'Tu', 'end': '09:25', 'location': 'L 577', 'start': '08:00'};{'day': 'Th', 'end': '09:20', 'location': 'L 577', 'start': '08:00'}","False","H","1","C","20021","Research","2002"
"0000003969","1.0","0000000498","GE","19","17","0","1","1","FYW","Nelson, Jon Eric","{'fsnum': '5506', 'name': 'Nelson, Jon Eric'}","100","20","","","","","First Year Writing","111","{'day': 'Tu', 'end': '11:00', 'location': 'L 420', 'start': '09:35'};{'day': 'Th', 'end': '10:50', 'location': 'L 420', 'start': '09:30'}","False","I","1","C","20021","Research","2002"
"0000003970","1.0","0000000498","GE","17","15","0","1","1","FYW","Wee, David","{'fsnum': '8901', 'name': 'Wee, David'}","100","20","","","","","First Year Writing","111","{'day': 'Tu', 'end': '11:00', 'location': 'L 421', 'start': '09:35'};{'day': 'Th', 'end': '10:50', 'location': 'L 421', 'start': '09:30'}","False","J","1","C","20021","Research","2002"
"0000003971","1.0","0000000498","GE","20","19","0","0","1","FYW","Mbele, Joseph L.","{'fsnum': '5144', 'name': 'Mbele, Joseph L.'}","100","20","","","","","First Year Writing","111","{'day': 'Tu', 'end': '11:00', 'location': 'L 277', 'start': '09:35'};{'day': 'Th', 'end': '10:50', 'location': 'L 277', 'start': '09:30'}","False","K","1","C","20021","Research","2002"
"0000003972","1.0","0000000498","GE","20","19","0","0","1","FYW","Heynen, James","{'fsnum': '3333', 'name': 'Heynen, James'}","100","20","","","","","First Year Writing","111","{'day': 'Tu', 'end': '13:10', 'location': 'L 515', 'start': '23:45'};{'day': 'Th', 'end': '14:05', 'location': 'L 515', 'start': '12:45'}","False","L","1","C","20021","Research","2002"
"0000003973","1.0","0000000498","GE","18","18","0","0","0","FYW","Winstead, Mary V.","{'fsnum': '14858', 'name': 'Winstead, Mary V.'}","100","20","","","","","First Year Writing","111","{'day': 'Tu', 'end': '13:10', 'location': 'L 421', 'start': '23:45'};{'day': 'Th', 'end': '14:05', 'location': 'L 421', 'start': '12:45'}","False","M","1","O","20021","Research","2002"
"0000003974","1.0","0000000498","GE","19","19","0","0","0","FYW","Bodman, Richard","{'fsnum': '656', 'name': 'Bodman, Richard'}","100","20","","","","","First Year Writing","111","{'day': 'Tu', 'end': '13:10', 'location': 'CAD 204', 'start': '23:45'};{'day': 'Th', 'end': '14:05', 'location': 'CAD 204', 'start': '12:45'}","False","N","1","O","20021","Research","2002"
"0000003975","1.0","0000000498","GE","19","19","0","0","0","FYW","DuRocher, Richard","{'fsnum': '1548', 'name': 'DuRocher, Richard'}","100","20","","","","","First Year Writing","111","{'day': 'Tu', 'end': '14:45', 'location': 'L 515', 'start': '13:20'};{'day': 'Th', 'end': '15:35', 'location': 'L 515', 'start': '14:15'}","False","O","1","O","20021","Research","2002"
"0000003976","1.0","0000000498","GE","19","17","0","0","2","FYW","Bauer, Susan","{'fsnum': '338', 'name': 'Bauer, Susan'}","100","20","","","","","First Year Writing","111","{'day': 'Tu', 'end': '14:45', 'location': 'TB 216', 'start': '13:20'};{'day': 'Th', 'end': '15:35', 'location': 'TB 216', 'start': '14:15'}","False","P","1","O","20021","Research","2002"
"0000003977","1.0","0000000498","GE","18","16","0","1","1","FYW","Winstead, Mary V.","{'fsnum': '14858', 'name': 'Winstead, Mary V.'}","100","20","","","","","First Year Writing","111","{'day': 'Tu', 'end': '14:45', 'location': 'L 277', 'start': '13:20'};{'day': 'Th', 'end': '15:35', 'location': 'L 277', 'start': '14:15'}","False","Q","1","O","20021","Research","2002"
"0000003978","1.0","0000000504","GERM","22","14","1","4","3","","Achberger, Karen R.","{'fsnum': '50', 'name': 'Achberger, Karen R.'}","100","25","","","","","Beginning German I","111","{'day': 'Mo', 'end': '08:55', 'location': 'M 35', 'start': '08:00'};{'day': 'We', 'end': '08:55', 'location': 'M 35', 'start': '08:00'};{'day': 'Fr', 'end': '08:55', 'location': 'M 35', 'start': '08:00'}","False","A","1","O","20021","Research","2002"
"0000003979","1.0","0000000504","GERM","24","15","2","4","3","","Achberger, Karen R.","{'fsnum': '50', 'name': 'Achberger, Karen R.'}","100","25","","","","","Beginning German I","111","{'day': 'Mo', 'end': '12:45', 'location': 'M 35', 'start': '23:50'};{'day': 'We', 'end': '12:45', 'location': 'M 35', 'start': '23:50'};{'day': 'Fr', 'end': '12:45', 'location': 'M 35', 'start': '23:50'}","False","B","1","O","20021","Research","2002"
"0000003980","1.0","0000000505","GERM","17","9","0","6","2","","Achberger, Karen R.","{'fsnum': '50', 'name': 'Achberger, Karen R.'}","100","25","","","","","Beginning German II","112","{'day': 'Mo', 'end': '10:00', 'location': 'M 20', 'start': '09:05'};{'day': 'We', 'end': '10:00', 'location': 'M 20', 'start': '09:05'};{'day': 'Fr', 'end': '10:00', 'location': 'M 20', 'start': '09:05'}","False","","1","O","20021","Research","2002"
"0000003981","1.0","0000000508","GERM","8","3","0","3","2","","Pauly, Karen","{'fsnum': '12833', 'name': 'Pauly, Karen'}","200","20","","","","","Intermed German I","231","{'day': 'Mo', 'end': '08:55', 'location': 'M 2', 'start': '08:00'};{'day': 'We', 'end': '08:55', 'location': 'M 2', 'start': '08:00'};{'day': 'Fr', 'end': '08:55', 'location': 'M 2', 'start': '08:00'}","False","A","1","O","20021","Research","2002"
"0000003982","1.0","0000000508","GERM","23","4","2","12","5","","Von Schwerin-High, Frederike","{'fsnum': '8820', 'name': 'Von Schwerin-High, Frederike'}","200","20","","","","","Intermed German I","231","{'day': 'Mo', 'end': '11:40', 'location': 'M 35', 'start': '10:45'};{'day': 'We', 'end': '11:40', 'location': 'M 35', 'start': '10:45'};{'day': 'Fr', 'end': '11:40', 'location': 'M 35', 'start': '10:45'}","False","B","1","C","20021","Research","2002"
"0000003983","1.0","0000000508","GERM","15","10","1","4","0","","Pauly, Karen","{'fsnum': '12833', 'name': 'Pauly, Karen'}","200","20","","","","","Intermed German I","231","{'day': 'Mo', 'end': '14:55', 'location': 'M 4', 'start': '14:00'};{'day': 'We', 'end': '14:55', 'location': 'M 4', 'start': '14:00'};{'day': 'Fr', 'end': '14:55', 'location': 'M 4', 'start': '14:00'}","False","C","1","C","20021","Research","2002"
"0000003984","1.0","0000000509","GERM","12","8","0","4","0","FOL-G","Rippley, Lavern","{'fsnum': '6671', 'name': 'Rippley, Lavern'}","200","20","","","","","Intermed German II","232","{'day': 'Mo', 'end': '10:00', 'location': 'M 35', 'start': '09:05'};{'day': 'We', 'end': '10:00', 'location': 'M 35', 'start': '09:05'};{'day': 'Fr', 'end': '10:00', 'location': 'M 35', 'start': '09:05'}","False","A","1","O","20021","Research","2002"
"0000003985","1.0","0000000509","GERM","18","9","0","7","2","FOL-G","Von Schwerin-High, Frederike","{'fsnum': '8820', 'name': 'Von Schwerin-High, Frederike'}","200","20","","","","","Intermed German II","232","{'day': 'Mo', 'end': '13:50', 'location': 'M 4', 'start': '12:55'};{'day': 'We', 'end': '13:50', 'location': 'M 4', 'start': '12:55'};{'day': 'Fr', 'end': '13:50', 'location': 'M 4', 'start': '12:55'}","False","B","1","C","20021","Research","2002"
"0000003986","1.0","0000001757","GERM","14","5","3","4","2","FOL-G;WRI","Pauly, Karen","{'fsnum': '12833', 'name': 'Pauly, Karen'}","200","","","","","","Writing German","251","{'day': 'Mo', 'end': '13:50', 'location': 'M 1', 'start': '12:55'};{'day': 'We', 'end': '13:50', 'location': 'M 1', 'start': '12:55'};{'day': 'Fr', 'end': '13:50', 'location': 'M 1', 'start': '12:55'}","False","","1","O","20021","Research","2002"
"0000003987","1.0","0000001759","GERM","8","0","1","4","3","FOL-G;HWC;ORC","Rippley, Lavern","{'fsnum': '6671', 'name': 'Rippley, Lavern'}","200","","","","","","German History","265","{'day': 'Tu', 'end': '11:00', 'location': 'M 35', 'start': '09:35'};{'day': 'Th', 'end': '10:50', 'location': 'M 35', 'start': '09:30'}","False","","1","O","20021","Research","2002"
"0000003988","1.0","0000000527","GERM","11","0","5","2","4","ALS-L;FOL-G","Von Schwerin-High, Frederike","{'fsnum': '8820', 'name': 'Von Schwerin-High, Frederike'}","300","","","","","","German Short Story","375","{'day': 'Tu', 'end': '14:45', 'location': 'M 35', 'start': '13:20'};{'day': 'Th', 'end': '15:35', 'location': 'M 35', 'start': '14:15'}","False","","1","O","20021","Research","2002"
"0000003989","1.0","0000000530","GERM","1","0","0","0","1","","Rippley, Lavern","{'fsnum': '6671', 'name': 'Rippley, Lavern'}","300","","","","","","IR/Unified Germany","398","","False","","1","O","20021","Research","2002"
"0000003996","1.0","0000000539","GREEK","15","8","0","3","4","","Bruss, Jon","{'fsnum': '14963', 'name': 'Bruss, Jon'}","100","30","","","","","Beginning Greek I","111","{'day': 'Mo', 'end': '08:55', 'location': 'M 30', 'start': '08:00'};{'day': 'We', 'end': '08:55', 'location': 'M 30', 'start': '08:00'};{'day': 'Fr', 'end': '08:55', 'location': 'M 30', 'start': '08:00'}","False","A","1","O","20021","Research","2002"
"0000003997","1.0","0000000539","GREEK","10","2","3","4","1","","Bruss, Jon","{'fsnum': '14963', 'name': 'Bruss, Jon'}","100","30","","","","","Beginning Greek I","111","{'day': 'Mo', 'end': '10:00', 'location': 'M 30', 'start': '09:05'};{'day': 'We', 'end': '10:00', 'location': 'M 30', 'start': '09:05'};{'day': 'Fr', 'end': '10:00', 'location': 'M 30', 'start': '09:05'}","False","B","1","O","20021","Research","2002"
"0000003998","1.0","0000000541","GREEK","16","1","5","7","3","FOL-K","Brunelle, Christopher M.","{'fsnum': '14999', 'name': 'Brunelle, Christopher M.'}","200","","","","","","Intermediate Greek","231","{'day': 'Mo', 'end': '13:50', 'location': 'M 30', 'start': '12:55'};{'day': 'We', 'end': '13:50', 'location': 'M 30', 'start': '12:55'};{'day': 'Fr', 'end': '13:50', 'location': 'M 30', 'start': '12:55'}","False","","1","O","20021","Research","2002"
"0000003999","1.0","0000000548","GREEK","7","0","4","0","3","FOL-K","Reece, Steve T.","{'fsnum': '6626', 'name': 'Reece, Steve T.'}","300","","","","","","Greek Drama","374","{'day': 'Tu', 'end': '11:00', 'location': 'M 36', 'start': '09:35'};{'day': 'Th', 'end': '10:50', 'location': 'M 36', 'start': '09:30'}","False","","1","O","20021","Research","2002"
"0000004000","1.0","0000000552","HIST","22","21","0","0","1","HWC;WRI","Moore, Rosemary","{'fsnum': '14984', 'name': 'Moore, Rosemary'}","100","23","","","","","Ancient Warfare","103","{'day': 'Tu', 'end': '13:10', 'location': 'SC 130', 'start': '23:45'};{'day': 'Th', 'end': '14:05', 'location': 'SC 130', 'start': '12:45'}","False","","1","C","20021","Research","2002"
"0000004001","1.0","0000000556","HIST","23","22","0","0","1","HWC;WRI","Nichols, Robert","{'fsnum': '5608', 'name': 'Nichols, Robert'}","100","23","","","","","Fall Russian Monarchy","108","{'day': 'Tu', 'end': '14:45', 'location': 'H 516', 'start': '13:20'};{'day': 'Th', 'end': '15:35', 'location': 'H 516', 'start': '14:15'}","False","","1","C","20021","Research","2002"
"0000004002","1.0","0000000557","HIST","23","22","0","0","1","HWC;WRI","Peters, Dolores","{'fsnum': '6245', 'name': 'Peters, Dolores'}","100","23","","","","","Europe/Great War","116","{'day': 'Tu', 'end': '11:00', 'location': 'M 15', 'start': '09:35'};{'day': 'Th', 'end': '10:50', 'location': 'M 15', 'start': '09:30'}","False","","1","C","20021","Research","2002"
"0000004003","1.0","0000001780","HIST","22","22","0","0","0","MCS-G;WRI","Blake, Stephen","{'fsnum': '609', 'name': 'Blake, Stephen'}","100","23","","","","","Mahatma Gandhi","122","{'day': 'Tu', 'end': '13:10', 'location': 'M 31', 'start': '23:45'};{'day': 'Th', 'end': '14:05', 'location': 'M 31', 'start': '12:45'}","False","","1","C","20021","Research","2002"
"0000004004","1.0","0000001789","HIST","26","23","0","1","2","HWC;WRI","Hahn, Steve C.","{'fsnum': '13148', 'name': 'Hahn, Steve C.'}","100","23","","","","","American Revolution","130","{'day': 'Tu', 'end': '09:25', 'location': 'H 516', 'start': '08:00'};{'day': 'Th', 'end': '09:20', 'location': 'H 516', 'start': '08:00'}","False","","1","C","20021","Research","2002"
"0000004005","1.0","0000000573","HIST","40","11","2","22","5","HWC","Carrington, J. L.","{'fsnum': '971', 'name': 'Carrington, J. L.'}","100","45","","","","","Ancient/Med Europe","190","{'day': 'Mo', 'end': '13:50', 'location': 'H 307', 'start': '12:55'};{'day': 'We', 'end': '13:50', 'location': 'H 307', 'start': '12:55'};{'day': 'Fr', 'end': '13:50', 'location': 'H 307', 'start': '12:55'}","False","","1","C","20021","Research","2002"
"0000004006","1.0","0000001816","HIST","31","0","4","13","14","HWC;MCS-D","Hahn, Steve C.","{'fsnum': '13148', 'name': 'Hahn, Steve C.'}","200","30","","","","","America 1490-1865","205","{'day': 'Mo', 'end': '10:00', 'location': 'H 301', 'start': '09:05'};{'day': 'We', 'end': '10:00', 'location': 'H 301', 'start': '09:05'};{'day': 'Fr', 'end': '10:00', 'location': 'H 301', 'start': '09:05'}","False","A","1","C","20021","Research","2002"
"0000004007","1.0","0000001816","HIST","24","1","9","9","5","HWC;MCS-D","Hahn, Steve C.","{'fsnum': '13148', 'name': 'Hahn, Steve C.'}","200","30","","","","","America 1490-1865","205","{'day': 'Mo', 'end': '11:40', 'location': 'H 301', 'start': '10:45'};{'day': 'We', 'end': '11:40', 'location': 'H 301', 'start': '10:45'};{'day': 'Fr', 'end': '11:40', 'location': 'H 301', 'start': '10:45'}","False","B","1","C","20021","Research","2002"
"0000004008","1.0","0000001813","HIST","28","4","3","16","5","HWC","Moore, Rosemary","{'fsnum': '14984', 'name': 'Moore, Rosemary'}","200","35","","","","","Ancient: Mid E/Greece","210","{'day': 'Tu', 'end': '09:25', 'location': 'M 35', 'start': '08:00'};{'day': 'Th', 'end': '09:20', 'location': 'M 35', 'start': '08:00'}","False","","1","C","20021","Research","2002"
"0000004009","1.0","0000000595","HIST","33","10","7","15","1","HWC;WRI","Nichols, Robert","{'fsnum': '5608', 'name': 'Nichols, Robert'}","200","35","","","","","Imperial Russia","222","{'day': 'Mo', 'end': '14:55', 'location': 'H 307', 'start': '14:00'};{'day': 'We', 'end': '14:55', 'location': 'H 307', 'start': '14:00'};{'day': 'Fr', 'end': '14:55', 'location': 'H 307', 'start': '14:00'}","False","","1","O","20021","Research","2002"
"0000004010","1.0","0000000593","HIST","30","0","8","15","7","HWC;WRI","Peters, Dolores","{'fsnum': '6245', 'name': 'Peters, Dolores'}","200","35","","","","","Modern France","226","{'day': 'Mo', 'end': '12:45', 'location': 'H 301', 'start': '23:50'};{'day': 'We', 'end': '12:45', 'location': 'H 301', 'start': '23:50'};{'day': 'Fr', 'end': '12:45', 'location': 'H 301', 'start': '23:50'}","False","","1","C","20021","Research","2002"
"0000004011","0.25","0000000593","HIST","6","0","2","4","0","","Barjasteh, Jolene","{'fsnum': '337', 'name': 'Barjasteh, Jolene'}","200","35","","","","","FLC-French","226","{'day': 'We', 'end': '14:55', 'location': '', 'start': '14:00'}","False","L","1","C","20021","Research","2002"
"0000004012","1.0","0000000616","HIST","34","1","16","2","15","HWC;MCS-D;WRI","Kutulas, Judy","{'fsnum': '4583', 'name': 'Kutulas, Judy'}","200","35","","","","","Women in America","240","{'day': 'Mo', 'end': '10:00', 'location': 'H 403', 'start': '09:05'};{'day': 'We', 'end': '10:00', 'location': 'H 403', 'start': '09:05'};{'day': 'Fr', 'end': '10:00', 'location': 'H 403', 'start': '09:05'}","False","","1","C","20021","Research","2002"
"0000004013","1.0","0000000621","HIST","30","0","7","15","8","HWC;MCS-D","Fitzgerald, Michael","{'fsnum': '2113', 'name': 'Fitzgerald, Michael'}","200","35","","","","","America in Civil War","244","{'day': 'Tu', 'end': '14:45', 'location': 'H 413', 'start': '13:20'};{'day': 'Th', 'end': '15:35', 'location': 'H 413', 'start': '14:15'}","False","","1","C","20021","Research","2002"
"0000004014","1.0","0000000617","HIST","24","0","6","15","3","HWC;WRI","Shaw, Rachel","{'fsnum': '14133', 'name': 'Shaw, Rachel'}","200","35","","","","","Amer Environmental","246","{'day': 'Mo', 'end': '11:40', 'location': 'L 577', 'start': '10:45'};{'day': 'We', 'end': '11:40', 'location': 'L 577', 'start': '10:45'};{'day': 'Fr', 'end': '11:40', 'location': 'L 577', 'start': '10:45'}","False","","1","C","20021","Research","2002"
"0000004015","1.0","0000000608","HIST","41","2","12","12","15","ALS-L;MCS-G","Entenmann, Robert","{'fsnum': '1821', 'name': 'Entenmann, Robert'}","200","40","","","","","Chinese Civilization","260","{'day': 'Mo', 'end': '08:55', 'location': 'H 317', 'start': '08:00'};{'day': 'We', 'end': '08:55', 'location': 'H 317', 'start': '08:00'};{'day': 'Fr', 'end': '08:55', 'location': 'H 317', 'start': '08:00'}","False","","1","C","20021","Research","2002"
"0000004016","0.25","0000000608","HIST","6","0","3","0","3","","Entenmann, Robert","{'fsnum': '1821', 'name': 'Entenmann, Robert'}","200","35","","","","","FLC-Chinese","260","","False","L","1","C","20021","Research","2002"
"0000004017","1.0","0000000614","HIST","29","0","7","13","9","MCS-G;WRI","Blake, Stephen","{'fsnum': '609', 'name': 'Blake, Stephen'}","200","35","","","","","Modern Middle East","270","{'day': 'Tu', 'end': '11:00', 'location': 'M 31', 'start': '09:35'};{'day': 'Th', 'end': '10:50', 'location': 'M 31', 'start': '09:30'}","False","","1","C","20021","Research","2002"
"0000004018","1.0","0000000624","HIST","2","0","0","0","2","","De Krey, Gary","{'fsnum': '1364', 'name': 'De Krey, Gary'}","200","","","","","","Academic Internship","294","","True","","1","O","20021","Research","2002"
"0000004019","1.0","0000000625","HIST","1","0","0","0","1","","Kutulas, Judy","{'fsnum': '4583', 'name': 'Kutulas, Judy'}","200","","","","","","IS/Women and WWii","298","","False","","1","O","20021","Research","2002"
"0000004020","1.0","0000001862","HIST","11","0","5","0","6","","Peters, Dolores","{'fsnum': '6245', 'name': 'Peters, Dolores'}","300","18","","","","","Eur Sem: Race,Gendr & Me","314","{'day': 'Tu', 'end': '14:45', 'location': 'H 301', 'start': '13:20'};{'day': 'Th', 'end': '15:35', 'location': 'H 301', 'start': '14:15'}","False","","1","O","20021","Seminar","2002"
"0000004021","1.0","0000001869","HIST","17","0","1","0","16","","Fitzgerald, Michael","{'fsnum': '2113', 'name': 'Fitzgerald, Michael'}","300","18","","","","","Us Sem: Women/Slavery","345","{'day': 'Tu', 'end': '11:00', 'location': 'H 514', 'start': '09:35'};{'day': 'Th', 'end': '10:50', 'location': 'H 514', 'start': '09:30'}","False","","1","C","20021","Seminar","2002"
"0000004022","1.0","0000000641","HIST","17","0","1","0","16","WRI","Carrington, J. L.","{'fsnum': '971', 'name': 'Carrington, J. L.'}","300","18","","","","","Senior Thesis Seminar","396","{'day': 'Tu', 'end': '13:10', 'location': 'H 515', 'start': '23:45'};{'day': 'Th', 'end': '14:05', 'location': 'H 515', 'start': '12:45'}","False","","1","O","20021","Seminar","2002"
"0000004023","1.0","0000000642","HIST","1","0","0","0","1","","Hahn, Steve C.","{'fsnum': '13148', 'name': 'Hahn, Steve C.'}","300","","","","","","IR/Atlan Persp Revol","398","","False","","1","O","20021","Research","2002"
"0000004024","1.0","0000000642","HIST","1","0","0","0","1","","Farrell, James","{'fsnum': '2030', 'name': 'Farrell, James'}","300","","","","","","IR/Consuming Patriots","398","","False","A","1","O","20021","Research","2002"
"0000004025","1.0","0000000642","HIST","1","0","1","0","0","","Kutulas, Judy","{'fsnum': '4583', 'name': 'Kutulas, Judy'}","300","","","","","","IR/Women in Music","398","","False","B","1","O","20021","Research","2002"
"0000004026","1.0","0000000642","HIST","1","0","0","0","1","","Carrington, J. L.","{'fsnum': '971', 'name': 'Carrington, J. L.'}","300","","","","","","IR/Joan of Arc","398","","False","C","1","O","20021","Research","2002"
"0000004027","1.0","0000000642","HIST","1","0","0","0","1","WRI","Farrell, James","{'fsnum': '2030', 'name': 'Farrell, James'}","300","","","","","","IR/A Cartoon History","398","","False","D","1","O","20021","Research","2002"
"0000004028","1.0","0000000644","HSPST","1","0","0","0","1","","Chiappari, Chris L.","{'fsnum': '10036', 'name': 'Chiappari, Chris L.'}","200","","","","","","IS/L Amer Pol IDent","298","","False","","1","O","20021","Research","2002"
"0000004044","1.0","0000001903","ID","21","0","16","0","5","ALS-L","Staff","{'fsnum': '', 'name': 'Staff'}","200","21","","","","","Wmn in Asia: Lit/Lives","200","","False","","1","O","20021","Research","2002"
"0000004045","1.0","0000000697","ID","39","1","17","3","18","EIN;WRI","Taliaferro, Charles;Carrington, J. L.","{'fsnum': '8230', 'name': 'Taliaferro, Charles'};{'fsnum': '971', 'name': 'Carrington, J. L.'}","200","40","","","","","War and Peace","238","{'day': 'Tu', 'end': '14:45', 'location': 'H 307', 'start': '13:20'};{'day': 'Th', 'end': '15:35', 'location': 'H 307', 'start': '14:15'}","False","","1","C","20021","Research","2002"
"0000003945","1.0","0000000469","IDFA","43","26","7","5","5","ALS-A;ORC","Bauer, Susan","{'fsnum': '338', 'name': 'Bauer, Susan'}","100","45","","","","","Exploring the Arts","174","{'day': 'Tu', 'end': '11:00', 'location': 'CHM 233', 'start': '09:35'};{'day': 'Th', 'end': '10:50', 'location': 'CHM 233', 'start': '09:30'}","False","","1","C","20021","Research","2002"
"0000003946","1.0","0000000475","IDFA","1","0","0","0","1","","Bauer, Susan","{'fsnum': '338', 'name': 'Bauer, Susan'}","300","","","","","","IR/Choreo/Perf Art","398","","False","","1","O","20021","Research","2002"
"0000004039","1.0","0000000673","IS","25","0","6","5","14","HBS","Myers, Phyllis G.","{'fsnum': '5438', 'name': 'Myers, Phyllis G.'}","200","20","","","","","Top: Sociol of Sports","202","{'day': 'Tu', 'end': '11:00', 'location': 'H 302', 'start': '09:35'};{'day': 'Th', 'end': '10:50', 'location': 'H 302', 'start': '09:30'}","False","","1","C","20021","Topic","2002"
"0000004040","1.0","0000000677","IS","13","0","3","5","5","HWC","Fitzgerald, Michael","{'fsnum': '2113', 'name': 'Fitzgerald, Michael'}","200","20","","","","","Top: Pol of Amer Hist","206","{'day': 'Mo', 'end': '13:50', 'location': 'L 577', 'start': '12:55'};{'day': 'We', 'end': '13:50', 'location': 'L 577', 'start': '12:55'};{'day': 'Fr', 'end': '13:50', 'location': 'L 577', 'start': '12:55'}","False","","1","C","20021","Topic","2002"
"0000004041","0.5","0000000685","IS","5","0","1","1","3","","Booth, David","{'fsnum': '712', 'name': 'Booth, David'}","200","12","","","","","Coll: Authority & Expert","250","{'day': 'Tu', 'end': '14:45', 'location': 'TB 227', 'start': '13:20'}","False","","1","O","20021","Research","2002"
"0000004042","1.0","0000000689","IS","10","0","0","0","10","","Staff","{'fsnum': '', 'name': 'Staff'}","300","","","","","","Senior Project I","391","","True","","1","O","20021","Research","2002"
"0000004043","1.0","0000000692","IS","1","0","0","0","1","","Marino, Gordon D.","{'fsnum': '5051', 'name': 'Marino, Gordon D.'}","300","","","","","","IR/Sports Philosophy","398","","False","","1","O","20021","Research","2002"
"0000004032","1.0","0000000658","JAPAN","8","7","0","0","1","","Ito, Rika","{'fsnum': '14203', 'name': 'Ito, Rika'}","100","20","","","","","Beginning Japanese I","111","{'day': 'Mo', 'end': '11:40', 'location': 'M 2', 'start': '10:45'};{'day': 'We', 'end': '11:40', 'location': 'M 2', 'start': '10:45'};{'day': 'Fr', 'end': '11:40', 'location': 'M 2', 'start': '10:45'};{'day': 'Tu', 'end': '14:55', 'location': 'M 2', 'start': '14:00'}","False","A","1","O","20021","Research","2002"
"0000004033","1.0","0000000658","JAPAN","12","7","1","4","0","","Ito, Rika","{'fsnum': '14203', 'name': 'Ito, Rika'}","100","20","","","","","Beginning Japanese I","111","{'day': 'Mo', 'end': '12:45', 'location': 'M 2', 'start': '23:50'};{'day': 'We', 'end': '12:45', 'location': 'M 2', 'start': '23:50'};{'day': 'Fr', 'end': '12:45', 'location': 'M 2', 'start': '23:50'};{'day': 'Tu', 'end': '16:00', 'location': 'M 2', 'start': '15:05'}","False","B","1","O","20021","Research","2002"
"0000004034","1.0","0000000658","JAPAN","8","7","0","0","1","","Ito, Rika","{'fsnum': '14203', 'name': 'Ito, Rika'}","100","20","","","","","Beginning Japanese I","111","{'day': 'Mo', 'end': '11:40', 'location': 'M 2', 'start': '10:45'};{'day': 'We', 'end': '11:40', 'location': 'M 2', 'start': '10:45'};{'day': 'Fr', 'end': '11:40', 'location': 'M 2', 'start': '10:45'};{'day': 'Tu', 'end': '16:00', 'location': 'M 2', 'start': '15:05'}","False","C","1","O","20021","Research","2002"
"0000004035","1.0","0000000658","JAPAN","5","4","0","0","1","","Ito, Rika","{'fsnum': '14203', 'name': 'Ito, Rika'}","100","20","","","","","Beginning Japanese I","111","{'day': 'Mo', 'end': '12:45', 'location': 'M 2', 'start': '23:50'};{'day': 'We', 'end': '12:45', 'location': 'M 2', 'start': '23:50'};{'day': 'Fr', 'end': '12:45', 'location': 'M 2', 'start': '23:50'};{'day': 'Tu', 'end': '14:55', 'location': 'M 2', 'start': '14:00'}","False","D","1","O","20021","Research","2002"
"0000004036","1.0","0000000662","JAPAN","23","1","2","14","6","FOL-J","Larson, Phyllis Hyland","{'fsnum': '4624', 'name': 'Larson, Phyllis Hyland'}","200","25","","","","","Intermed Japanese I","231","{'day': 'Mo', 'end': '13:50', 'location': 'TB 227', 'start': '12:55'};{'day': 'We', 'end': '13:50', 'location': 'TB 227', 'start': '12:55'};{'day': 'Fr', 'end': '13:50', 'location': 'TB 227', 'start': '12:55'};{'day': 'Tu', 'end': '16:00', 'location': 'TB 227', 'start': '15:05'}","False","","1","O","20021","Research","2002"
"0000004037","1.0","0000000666","JAPAN","6","0","3","3","0","FOL-J","Ito, Rika","{'fsnum': '14203', 'name': 'Ito, Rika'}","200","15","","","","","Advanced Japanese I","251","{'day': 'Mo', 'end': '14:55', 'location': 'M 3', 'start': '14:00'};{'day': 'We', 'end': '14:55', 'location': 'M 3', 'start': '14:00'};{'day': 'Fr', 'end': '14:55', 'location': 'M 3', 'start': '14:00'}","False","","1","O","20021","Research","2002"
"0000004038","1.0","0000000669","JAPAN","1","0","0","0","1","","Larson, Phyllis Hyland","{'fsnum': '4624', 'name': 'Larson, Phyllis Hyland'}","200","","","","","","IS/Focused Japanese","298","","False","","1","O","20021","Research","2002"
"0000004047","1.0","0000000711","LATIN","30","19","5","5","1","","May, James","{'fsnum': '5130', 'name': 'May, James'}","100","35","","","","","Beginning Latin I","111","{'day': 'Mo', 'end': '08:55', 'location': 'M 31', 'start': '08:00'};{'day': 'We', 'end': '08:55', 'location': 'M 31', 'start': '08:00'};{'day': 'Fr', 'end': '08:55', 'location': 'M 31', 'start': '08:00'}","False","A","1","C","20021","Research","2002"
"0000004048","1.0","0000000711","LATIN","26","16","3","5","2","","Brunelle, Christopher M.","{'fsnum': '14999', 'name': 'Brunelle, Christopher M.'}","100","35","","","","","Beginning Latin I","111","{'day': 'Mo', 'end': '11:40', 'location': 'M 31', 'start': '10:45'};{'day': 'We', 'end': '11:40', 'location': 'M 31', 'start': '10:45'};{'day': 'Fr', 'end': '11:40', 'location': 'M 31', 'start': '10:45'}","False","B","1","O","20021","Research","2002"
"0000004049","1.0","0000000713","LATIN","16","8","0","7","1","FOL-L","Groton, Anne","{'fsnum': '2771', 'name': 'Groton, Anne'}","200","25","","","","","Intermediate Latin","231","{'day': 'Mo', 'end': '10:00', 'location': 'M 31', 'start': '09:05'};{'day': 'We', 'end': '10:00', 'location': 'M 31', 'start': '09:05'};{'day': 'Fr', 'end': '10:00', 'location': 'M 31', 'start': '09:05'}","False","A","1","O","20021","Research","2002"
"0000004050","1.0","0000000713","LATIN","27","4","5","14","4","FOL-L","Groton, Anne","{'fsnum': '2771', 'name': 'Groton, Anne'}","200","25","","","","","Intermediate Latin","231","{'day': 'Mo', 'end': '12:45', 'location': 'M 31', 'start': '23:50'};{'day': 'We', 'end': '12:45', 'location': 'M 31', 'start': '23:50'};{'day': 'Fr', 'end': '12:45', 'location': 'M 31', 'start': '23:50'}","False","B","1","C","20021","Research","2002"
"0000004051","1.0","0000000719","LATIN","7","1","3","0","3","FOL-L","Bruss, Jon","{'fsnum': '14963', 'name': 'Bruss, Jon'}","300","","","","","","Latin Lyric Poetry","371","{'day': 'Tu', 'end': '14:45', 'location': 'M 36', 'start': '13:20'};{'day': 'Th', 'end': '15:35', 'location': 'M 36', 'start': '14:15'}","False","","1","O","20021","Research","2002"
"0000004052","1.0","0000000727","MATH","9","8","0","0","1","","Bolstad, Peder","{'fsnum': '661', 'name': 'Bolstad, Peder'}","100","","","","","","Calculus/Algebra I","109","{'day': 'Mo', 'end': '08:55', 'location': 'M 1', 'start': '08:00'};{'day': 'Tu', 'end': '08:55', 'location': 'M 1', 'start': '08:00'};{'day': 'We', 'end': '08:55', 'location': 'M 1', 'start': '08:00'};{'day': 'Th', 'end': '08:55', 'location': 'M 1', 'start': '08:00'};{'day': 'Fr', 'end': '08:55', 'location': 'M 1', 'start': '08:00'}","False","","1","C","20021","Research","2002"
"0000004053","1.0","0000000728","MATH","29","1","6","14","8","MAR","Hamilton, Doreen","{'fsnum': '14136', 'name': 'Hamilton, Doreen'}","100","30","","","","","Gateways/Mathematics","117","{'day': 'Tu', 'end': '13:10', 'location': 'SC 182', 'start': '23:45'};{'day': 'Th', 'end': '14:05', 'location': 'SC 182', 'start': '12:45'}","False","A","1","C","20021","Research","2002"
"0000004054","1.0","0000000731","MATH","27","24","0","3","0","MAR","Bloss, Matthew","{'fsnum': '14983', 'name': 'Bloss, Matthew'}","100","25","","","","","Calculus I","120","{'day': 'Mo', 'end': '08:55', 'location': 'SC 182', 'start': '08:00'};{'day': 'We', 'end': '08:55', 'location': 'SC 182', 'start': '08:00'};{'day': 'Fr', 'end': '08:55', 'location': 'SC 182', 'start': '08:00'}","False","A","1","C","20021","Research","2002"
"0000004055","1.0","0000000731","MATH","31","24","0","4","3","MAR","Allen, Richard","{'fsnum': '97', 'name': 'Allen, Richard'}","100","32","","","","","Calculus I","120","{'day': 'Mo', 'end': '10:00', 'location': 'SC 182', 'start': '09:05'};{'day': 'We', 'end': '10:00', 'location': 'SC 182', 'start': '09:05'};{'day': 'Fr', 'end': '10:00', 'location': 'SC 182', 'start': '09:05'}","False","B","1","C","20021","Research","2002"
"0000004056","1.0","0000000731","MATH","25","23","2","0","0","MAR","Halverson, James","{'fsnum': '14987', 'name': 'Halverson, James'}","100","32","","","","","Calculus I","120","{'day': 'Mo', 'end': '11:50', 'location': 'SC 130', 'start': '10:45'};{'day': 'We', 'end': '11:50', 'location': 'SC 130', 'start': '10:45'};{'day': 'Fr', 'end': '11:50', 'location': 'SC 130', 'start': '10:45'}","False","C","1","C","20021","Research","2002"
"0000004057","1.0","0000000731","MATH","23","18","1","0","4","MAR","Hamilton, Steven","{'fsnum': '14997', 'name': 'Hamilton, Steven'}","100","32","","","","","Calculus I","120","{'day': 'Mo', 'end': '13:50', 'location': 'SC 274', 'start': '12:55'};{'day': 'We', 'end': '13:50', 'location': 'SC 274', 'start': '12:55'};{'day': 'Fr', 'end': '13:50', 'location': 'SC 274', 'start': '12:55'}","False","D","1","O","20021","Research","2002"
"0000004058","1.0","0000000731","MATH","17","11","1","3","2","MAR","Allen, Richard","{'fsnum': '97', 'name': 'Allen, Richard'}","100","50","","","","","Calculus I","120","{'day': 'Mo', 'end': '11:40', 'location': 'SC 188', 'start': '10:45'};{'day': 'We', 'end': '11:40', 'location': 'SC 188', 'start': '10:45'};{'day': 'Fr', 'end': '11:40', 'location': 'SC 188', 'start': '10:45'}","False","E","1","O","20021","Research","2002"
"0000004059","1.0","0000000731","MATH","16","13","0","0","3","MAR","Molnar, David","{'fsnum': '13170', 'name': 'Molnar, David'}","100","32","","","","","Calculus I","120","{'day': 'Mo', 'end': '12:45', 'location': 'SC 182', 'start': '23:50'};{'day': 'We', 'end': '12:45', 'location': 'SC 182', 'start': '23:50'};{'day': 'Fr', 'end': '12:45', 'location': 'SC 182', 'start': '23:50'}","False","F","1","O","20021","Research","2002"
"0000004060","1.0","0000000731","MATH","36","32","0","3","1","MAR","Halverson, James","{'fsnum': '14987', 'name': 'Halverson, James'}","100","32","","","","","Calculus I","120","{'day': 'Mo', 'end': '13:50', 'location': 'SC 184', 'start': '12:55'};{'day': 'We', 'end': '13:50', 'location': 'SC 184', 'start': '12:55'};{'day': 'Fr', 'end': '13:50', 'location': 'SC 184', 'start': '12:55'}","False","G","1","C","20021","Research","2002"
"0000004061","1.0","0000000731","MATH","25","22","1","0","2","MAR","Hamilton, Steven","{'fsnum': '14997', 'name': 'Hamilton, Steven'}","100","32","","","","","Calculus I","120","{'day': 'Mo', 'end': '14:55', 'location': 'SC 182', 'start': '14:00'};{'day': 'We', 'end': '14:55', 'location': 'SC 182', 'start': '14:00'};{'day': 'Fr', 'end': '14:55', 'location': 'SC 182', 'start': '14:00'}","False","H","1","O","20021","Research","2002"
"0000004062","1.0","0000000732","MATH","13","12","0","1","0","MAR","Molnar, David","{'fsnum': '13170', 'name': 'Molnar, David'}","100","25","","","","","Math Analysis I","122","{'day': 'Mo', 'end': '14:55', 'location': 'SC 186', 'start': '14:00'};{'day': 'We', 'end': '14:55', 'location': 'SC 186', 'start': '14:00'};{'day': 'Fr', 'end': '14:55', 'location': 'SC 186', 'start': '14:00'}","False","A","1","O","20021","Research","2002"
"0000004063","1.0","0000000732","MATH","17","14","0","2","1","MAR","Brown, Richard","{'fsnum': '806', 'name': 'Brown, Richard'}","100","25","","","","","Math Analysis I","122","{'day': 'Mo', 'end': '12:45', 'location': 'SC 184', 'start': '23:50'};{'day': 'We', 'end': '12:45', 'location': 'SC 184', 'start': '23:50'};{'day': 'Fr', 'end': '12:45', 'location': 'SC 184', 'start': '23:50'}","False","B","1","O","20021","Research","2002"
"0000004064","1.0","0000000732","MATH","25","23","0","0","2","MAR","Allen, Richard","{'fsnum': '97', 'name': 'Allen, Richard'}","100","25","","","","","Math Analysis I","122","{'day': 'Mo', 'end': '13:50', 'location': 'SC 188', 'start': '12:55'};{'day': 'We', 'end': '13:50', 'location': 'SC 188', 'start': '12:55'};{'day': 'Fr', 'end': '13:50', 'location': 'SC 188', 'start': '12:55'}","False","C","1","C","20021","Research","2002"
"0000004065","1.0","0000000732","MATH","16","16","0","0","0","MAR","Wallace, Martha","{'fsnum': '8879', 'name': 'Wallace, Martha'}","100","25","","","","","Math Analysis I","122","{'day': 'Mo', 'end': '08:55', 'location': 'SC 188', 'start': '08:00'};{'day': 'We', 'end': '08:55', 'location': 'SC 188', 'start': '08:00'};{'day': 'Fr', 'end': '08:55', 'location': 'SC 188', 'start': '08:00'}","False","D","1","O","20021","Research","2002"
"0000004066","1.0","0000000733","MATH","25","18","3","3","1","MAR","Bloss, Matthew","{'fsnum': '14983', 'name': 'Bloss, Matthew'}","100","35","","","","","Calculus II","126","{'day': 'Mo', 'end': '11:40', 'location': 'SC 184', 'start': '10:45'};{'day': 'We', 'end': '11:40', 'location': 'SC 184', 'start': '10:45'};{'day': 'Fr', 'end': '11:40', 'location': 'SC 184', 'start': '10:45'}","False","A","1","O","20021","Research","2002"
"0000004067","1.0","0000000733","MATH","19","18","0","1","0","MAR","Bloss, Matthew","{'fsnum': '14983', 'name': 'Bloss, Matthew'}","100","35","","","","","Calculus II","126","{'day': 'Mo', 'end': '14:55', 'location': 'SC 184', 'start': '14:00'};{'day': 'We', 'end': '14:55', 'location': 'SC 184', 'start': '14:00'};{'day': 'Fr', 'end': '14:55', 'location': 'SC 184', 'start': '14:00'}","False","B","1","O","20021","Research","2002"
"0000004068","1.0","0000000734","MATH","23","20","0","0","3","MAR","Vessey, Theodore","{'fsnum': '8796', 'name': 'Vessey, Theodore'}","100","30","","","","","Math Analysis II","128","{'day': 'Mo', 'end': '08:55', 'location': 'SC 186', 'start': '08:00'};{'day': 'We', 'end': '08:55', 'location': 'SC 186', 'start': '08:00'};{'day': 'Fr', 'end': '08:55', 'location': 'SC 186', 'start': '08:00'}","False","A","1","O","20021","Research","2002"
"0000004069","1.0","0000000734","MATH","29","24","0","4","1","MAR","Cederberg, Judith","{'fsnum': '1026', 'name': 'Cederberg, Judith'}","100","30","","","","","Math Analysis II","128","{'day': 'Mo', 'end': '10:00', 'location': 'SC 184', 'start': '09:05'};{'day': 'We', 'end': '10:00', 'location': 'SC 184', 'start': '09:05'};{'day': 'Fr', 'end': '10:00', 'location': 'SC 184', 'start': '09:05'}","False","B","1","C","20021","Research","2002"
"0000004070","1.0","0000000734","MATH","25","23","0","0","2","MAR","Hanson, Bruce","{'fsnum': '3033', 'name': 'Hanson, Bruce'}","100","30","","","","","Math Analysis II","128","{'day': 'Mo', 'end': '12:45', 'location': 'SC 186', 'start': '23:50'};{'day': 'We', 'end': '12:45', 'location': 'SC 186', 'start': '23:50'};{'day': 'Fr', 'end': '12:45', 'location': 'SC 186', 'start': '23:50'}","False","C","1","O","20021","Research","2002"
"0000004071","1.0","0000000734","MATH","20","20","0","0","0","MAR","Corzatt, Clifton","{'fsnum': '1237', 'name': 'Corzatt, Clifton'}","100","30","","","","","Math Analysis II","128","{'day': 'Mo', 'end': '13:50', 'location': 'SC 186', 'start': '12:55'};{'day': 'We', 'end': '13:50', 'location': 'SC 186', 'start': '12:55'};{'day': 'Fr', 'end': '13:50', 'location': 'SC 186', 'start': '12:55'}","False","D","1","O","20021","Research","2002"
"0000004072","1.0","0000000736","MATH","27","9","1","13","4","MAR","Cederberg, Judith","{'fsnum': '1026', 'name': 'Cederberg, Judith'}","200","28","","","","","Elem Linear Algebra","220","{'day': 'Mo', 'end': '08:55', 'location': 'SC 184', 'start': '08:00'};{'day': 'We', 'end': '08:55', 'location': 'SC 184', 'start': '08:00'};{'day': 'Fr', 'end': '08:55', 'location': 'SC 184', 'start': '08:00'}","False","A","1","O","20021","Research","2002"
"0000004073","1.0","0000000736","MATH","22","16","0","5","1","MAR","Corzatt, Clifton","{'fsnum': '1237', 'name': 'Corzatt, Clifton'}","200","28","","","","","Elem Linear Algebra","220","{'day': 'Mo', 'end': '10:00', 'location': 'SC 186', 'start': '09:05'};{'day': 'We', 'end': '10:00', 'location': 'SC 186', 'start': '09:05'};{'day': 'Fr', 'end': '10:00', 'location': 'SC 186', 'start': '09:05'}","False","B","1","O","20021","Research","2002"
"0000004074","1.0","0000000736","MATH","29","13","0","15","1","MAR","Wallace, Martha","{'fsnum': '8879', 'name': 'Wallace, Martha'}","200","28","","","","","Elem Linear Algebra","220","{'day': 'Mo', 'end': '12:45', 'location': 'SC 188', 'start': '23:50'};{'day': 'We', 'end': '12:45', 'location': 'SC 188', 'start': '23:50'};{'day': 'Fr', 'end': '12:45', 'location': 'SC 188', 'start': '23:50'}","False","C","1","C","20021","Research","2002"
"0000004075","1.0","0000000738","MATH","33","1","11","12","9","","Hanson, Bruce","{'fsnum': '3033', 'name': 'Hanson, Bruce'}","200","30","","","","","Multivariable Calc","226","{'day': 'Tu', 'end': '13:10', 'location': 'SC 184', 'start': '23:45'};{'day': 'Th', 'end': '14:05', 'location': 'SC 184', 'start': '12:45'}","False","","1","C","20021","Research","2002"
"0000004076","1.0","0000000740","MATH","11","0","1","8","2","","Hamilton, Doreen","{'fsnum': '14136', 'name': 'Hamilton, Doreen'}","200","25","","","","","Int Differ Equations","230","{'day': 'Mo', 'end': '10:00', 'location': 'SC 188', 'start': '09:05'};{'day': 'We', 'end': '10:00', 'location': 'SC 188', 'start': '09:05'};{'day': 'Fr', 'end': '10:00', 'location': 'SC 188', 'start': '09:05'}","False","","1","O","20021","Research","2002"
"0000004077","1.0","0000000745","MATH","12","0","3","8","1","WRI","Vessey, Theodore","{'fsnum': '8796', 'name': 'Vessey, Theodore'}","200","25","","","","","Elem Real Analysis","244","{'day': 'Mo', 'end': '11:40', 'location': 'SC 186', 'start': '10:45'};{'day': 'We', 'end': '11:40', 'location': 'SC 186', 'start': '10:45'};{'day': 'Fr', 'end': '11:40', 'location': 'SC 186', 'start': '10:45'}","False","A","1","O","20021","Research","2002"
"0000004078","1.0","0000000745","MATH","19","0","6","11","2","WRI","Zorn, Paul","{'fsnum': '9206', 'name': 'Zorn, Paul'}","200","25","","","","","Elem Real Analysis","244","{'day': 'Mo', 'end': '12:45', 'location': 'SC 130', 'start': '23:50'};{'day': 'We', 'end': '12:45', 'location': 'SC 130', 'start': '23:50'};{'day': 'Fr', 'end': '12:45', 'location': 'SC 130', 'start': '23:50'}","False","B","1","O","20021","Research","2002"
"0000004079","1.0","0000000747","MATH","7","0","0","3","4","WRI","Corzatt, Clifton","{'fsnum': '1237', 'name': 'Corzatt, Clifton'}","200","25","","","","","Abstract Algebra I","252","{'day': 'Mo', 'end': '12:45', 'location': 'SC 129', 'start': '23:50'};{'day': 'We', 'end': '12:45', 'location': 'SC 129', 'start': '23:50'};{'day': 'Fr', 'end': '12:45', 'location': 'SC 129', 'start': '23:50'}","False","A","1","O","20021","Research","2002"
"0000004080","1.0","0000000747","MATH","10","0","4","2","4","WRI","Zorn, Paul","{'fsnum': '9206', 'name': 'Zorn, Paul'}","200","25","","","","","Abstract Algebra I","252","{'day': 'Mo', 'end': '14:55', 'location': 'SC 130', 'start': '14:00'};{'day': 'We', 'end': '14:55', 'location': 'SC 130', 'start': '14:00'};{'day': 'Fr', 'end': '14:55', 'location': 'SC 130', 'start': '14:00'}","False","B","1","O","20021","Research","2002"
"0000004081","1.0","0000000748","MATH","26","1","7","13","5","","Vessey, Theodore","{'fsnum': '8796', 'name': 'Vessey, Theodore'}","200","30","","","","","Probability Theory","262","{'day': 'Mo', 'end': '10:00', 'location': 'SC 130', 'start': '09:05'};{'day': 'We', 'end': '10:00', 'location': 'SC 130', 'start': '09:05'};{'day': 'Fr', 'end': '10:00', 'location': 'SC 130', 'start': '09:05'}","False","A","1","C","20021","Research","2002"
"0000004082","1.0","0000000748","MATH","32","0","24","1","7","","Richey, Matthew","{'fsnum': '6658', 'name': 'Richey, Matthew'}","200","30","","","","","Probability Theory","262","{'day': 'Mo', 'end': '13:50', 'location': 'SC 130', 'start': '12:55'};{'day': 'We', 'end': '13:50', 'location': 'SC 130', 'start': '12:55'};{'day': 'Fr', 'end': '13:50', 'location': 'SC 130', 'start': '12:55'}","False","B","1","C","20021","Research","2002"
"0000004083","0.5","0000000750","MATH","9","0","1","5","3","","Molnar, David","{'fsnum': '13170', 'name': 'Molnar, David'}","200","20","","","","","Top: Problem Solving I","282","{'day': 'Mo', 'end': '21:00', 'location': 'SC 188', 'start': '19:00'}","False","","1","C","20021","Topic","2002"
"0000004084","1.0","0000000752","MATH","1","0","0","0","1","","Wallace, Martha","{'fsnum': '8879', 'name': 'Wallace, Martha'}","200","","","","","","IS/Teachers Geometry","298","","False","","1","O","20021","Research","2002"
"0000004085","1.0","0000000752","MATH","1","0","0","0","1","","Hamilton, Doreen","{'fsnum': '14136', 'name': 'Hamilton, Doreen'}","200","","","","","","IS/Math Modeling","298","","False","A","1","O","20021","Research","2002"
"0000004086","1.0","0000001952","MATH","17","0","5","1","11","","Legler, Julie M.","{'fsnum': '14114', 'name': 'Legler, Julie M.'}","300","30","","","","","Math Statistics","312","{'day': 'Mo', 'end': '11:40', 'location': 'SC 182', 'start': '10:45'};{'day': 'We', 'end': '11:40', 'location': 'SC 182', 'start': '10:45'};{'day': 'Fr', 'end': '11:40', 'location': 'SC 182', 'start': '10:45'}","False","","1","O","20021","Research","2002"
"0000004087","1.0","0000001953","MATH","13","0","0","0","13","","Legler, Julie M.","{'fsnum': '14114', 'name': 'Legler, Julie M.'}","300","25","","","","","Linear Models","316","{'day': 'Mo', 'end': '13:50', 'location': 'SC 182', 'start': '12:55'};{'day': 'We', 'end': '13:50', 'location': 'SC 182', 'start': '12:55'};{'day': 'Fr', 'end': '13:50', 'location': 'SC 182', 'start': '12:55'}","False","","1","O","20021","Research","2002"
"0000004088","1.0","0000000754","MATH","11","0","2","0","9","","Zorn, Paul","{'fsnum': '9206', 'name': 'Zorn, Paul'}","300","25","","","","","Complex Analysis","340","{'day': 'Tu', 'end': '13:10', 'location': 'SC 186', 'start': '23:45'};{'day': 'Th', 'end': '14:05', 'location': 'SC 186', 'start': '12:45'}","False","","1","O","20021","Research","2002"
"0000004089","1.0","0000000756","MATH","17","0","3","2","12","","Hanson, Bruce","{'fsnum': '3033', 'name': 'Hanson, Bruce'}","300","20","","","","","Topology","348","{'day': 'Tu', 'end': '11:00', 'location': 'SC 188', 'start': '09:35'};{'day': 'Th', 'end': '10:50', 'location': 'SC 188', 'start': '09:30'}","False","","1","O","20021","Research","2002"
"0000004100","1.0","0000000792","MEDIA","38","2","11","6","19","ORC","Sonnega, Bill","{'fsnum': '7676', 'name': 'Sonnega, Bill'}","100","25","4","","","","Mass Media","160","{'day': 'Tu', 'end': '11:00', 'location': 'TB 216', 'start': '09:35'};{'day': 'Th', 'end': '10:50', 'location': 'TB 216', 'start': '09:30'}","False","","1","C","20021","Research","2002"
"0000004101","1.0","0000000796","MEDIA","1","0","1","0","0","","Sonnega, Bill","{'fsnum': '7676', 'name': 'Sonnega, Bill'}","200","","","","","","IS/Sport and Media","298","","False","","1","O","20021","Research","2002"
"0000004090","1.0","0000000768","MGMT","34","1","16","11","6","","Emery, Mary Ann","{'fsnum': '1746', 'name': 'Emery, Mary Ann'}","200","30","","","","","Principles of Acct","225","{'day': 'Mo', 'end': '11:40', 'location': 'H 413', 'start': '10:45'};{'day': 'We', 'end': '11:40', 'location': 'H 413', 'start': '10:45'};{'day': 'Fr', 'end': '11:40', 'location': 'H 413', 'start': '10:45'}","False","A","1","C","20021","Research","2002"
"0000004091","1.0","0000000768","MGMT","29","0","16","7","6","","Emery, Mary Ann","{'fsnum': '1746', 'name': 'Emery, Mary Ann'}","200","30","","","","","Principles of Acct","225","{'day': 'Mo', 'end': '12:45', 'location': 'H 413', 'start': '23:50'};{'day': 'We', 'end': '12:45', 'location': 'H 413', 'start': '23:50'};{'day': 'Fr', 'end': '12:45', 'location': 'H 413', 'start': '23:50'}","False","B","1","C","20021","Research","2002"
"0000004092","1.0","0000000777","MGMT","20","0","9","2","9","HBS","Thomforde, Kathy C.","{'fsnum': '1070', 'name': 'Thomforde, Kathy C.'}","200","25","","","","","Marketing","250","{'day': 'Tu', 'end': '13:10', 'location': 'M 35', 'start': '23:45'};{'day': 'Th', 'end': '14:05', 'location': 'M 35', 'start': '12:45'}","False","","1","C","20021","Research","2002"
"0000004093","1.0","0000000778","MGMT","20","0","15","2","3","HBS;WRI","Lindley, Lisa","{'fsnum': '14115', 'name': 'Lindley, Lisa'}","200","25","","","","","Management","251","{'day': 'Tu', 'end': '09:25', 'location': 'H 301', 'start': '08:00'};{'day': 'Th', 'end': '09:20', 'location': 'H 301', 'start': '08:00'}","False","A","1","O","20021","Research","2002"
"0000004094","1.0","0000000778","MGMT","21","0","6","3","12","HBS;WRI","Lindley, Lisa","{'fsnum': '14115', 'name': 'Lindley, Lisa'}","200","25","","","","","Management","251","{'day': 'Tu', 'end': '13:10', 'location': 'H 413', 'start': '23:45'};{'day': 'Th', 'end': '14:05', 'location': 'H 413', 'start': '12:45'}","False","B","1","O","20021","Research","2002"
"0000004095","1.0","0000000779","MGMT","15","0","4","2","9","","Ophaug, John M.","{'fsnum': '14142', 'name': 'Ophaug, John M.'}","200","19","","","","","Legal Aspects of Bus","252","{'day': 'Tu', 'end': '11:00', 'location': 'CH 109', 'start': '09:35'};{'day': 'Th', 'end': '10:50', 'location': 'CH 109', 'start': '09:30'}","False","","1","O","20021","Research","2002"
"0000004096","1.0","0000000782","MGMT","18","0","6","0","12","","Emery, Mary Ann","{'fsnum': '1746', 'name': 'Emery, Mary Ann'}","200","19","","","","","Intermed Acct Theory","259","{'day': 'Mo', 'end': '10:00', 'location': 'H 302', 'start': '09:05'};{'day': 'We', 'end': '10:00', 'location': 'H 302', 'start': '09:05'};{'day': 'Fr', 'end': '10:00', 'location': 'H 302', 'start': '09:05'}","False","","1","O","20021","Research","2002"
"0000004097","1.0","0000000784","MGMT","1","0","1","0","0","","Emery, Mary Ann","{'fsnum': '1746', 'name': 'Emery, Mary Ann'}","200","","","","","","Academic Internship","294","","True","","1","O","20021","Research","2002"
"0000004098","1.0","0000000786","MGMT","22","0","2","0","20","","Goedde, Richard","{'fsnum': '2661', 'name': 'Goedde, Richard'}","300","25","","","","","Investments","380","{'day': 'Mo', 'end': '12:45', 'location': 'H 403', 'start': '23:50'};{'day': 'We', 'end': '12:45', 'location': 'H 403', 'start': '23:50'};{'day': 'Fr', 'end': '12:45', 'location': 'H 403', 'start': '23:50'}","False","","1","O","20021","Research","2002"
"0000004099","1.0","0000000789","MGMT","1","0","0","0","1","","Thomforde, Kathy C.","{'fsnum': '1070', 'name': 'Thomforde, Kathy C.'}","300","","","","","","IR/Mgmnt Strategy","398","","False","","1","O","20021","Research","2002"
"0000004102","0.25","0000000799","MUSIC","14","13","0","0","1","","Hodel, Marty","{'fsnum': '3404', 'name': 'Hodel, Marty'}","100","22","","","","","Ear/Keyboard I","111","{'day': 'Mo', 'end': '08:55', 'location': 'CHM 224', 'start': '08:00'};{'day': 'We', 'end': '08:55', 'location': 'CHM 224', 'start': '08:00'};{'day': 'Fr', 'end': '08:55', 'location': 'CHM 224', 'start': '08:00'}","False","A","1","C","20021","Research","2002"
"0000004103","0.25","0000000799","MUSIC","21","16","0","1","4","","McCutchen, Keith D.","{'fsnum': '15065', 'name': 'McCutchen, Keith D.'}","100","22","","","","","Ear/Keyboard I","111","{'day': 'Mo', 'end': '11:40', 'location': 'CHM 224', 'start': '10:45'};{'day': 'We', 'end': '11:40', 'location': 'CHM 224', 'start': '10:45'};{'day': 'Fr', 'end': '11:40', 'location': 'CHM 224', 'start': '10:45'}","False","B","1","C","20021","Research","2002"
"0000004104","0.25","0000000799","MUSIC","19","14","1","1","3","","McCutchen, Keith D.","{'fsnum': '15065', 'name': 'McCutchen, Keith D.'}","100","22","","","","","Ear/Keyboard I","111","{'day': 'Mo', 'end': '13:50', 'location': 'CHM 224', 'start': '12:55'};{'day': 'We', 'end': '13:50', 'location': 'CHM 224', 'start': '12:55'};{'day': 'Fr', 'end': '13:50', 'location': 'CHM 224', 'start': '12:55'}","False","C","1","O","20021","Research","2002"
"0000004105","0.25","0000000799","MUSIC","22","14","2","1","5","","Hamlin, Peter S.","{'fsnum': '2958', 'name': 'Hamlin, Peter S.'}","100","22","","","","","Ear/Keyboard I","111","{'day': 'Mo', 'end': '14:55', 'location': 'CHM 232', 'start': '14:00'};{'day': 'We', 'end': '14:55', 'location': 'CHM 232', 'start': '14:00'};{'day': 'Fr', 'end': '14:55', 'location': 'CHM 232', 'start': '14:00'}","False","D","1","C","20021","Research","2002"
"0000004106","0.25","0000000799","MUSIC","20","17","0","0","3","","McCutchen, Keith D.","{'fsnum': '15065', 'name': 'McCutchen, Keith D.'}","100","22","","","","","Ear/Keyboard I","111","{'day': 'Mo', 'end': '14:55', 'location': 'CHM 224', 'start': '14:00'};{'day': 'We', 'end': '14:55', 'location': 'CHM 224', 'start': '14:00'};{'day': 'Fr', 'end': '14:55', 'location': 'CHM 224', 'start': '14:00'}","False","E","1","C","20021","Research","2002"
"0000004107","0.75","0000000801","MUSIC","20","16","0","0","4","","Hodel, Marty","{'fsnum': '3404', 'name': 'Hodel, Marty'}","100","22","","","","","Theory I","113","{'day': 'Tu', 'end': '11:00', 'location': 'CHM 224', 'start': '09:35'};{'day': 'Th', 'end': '10:50', 'location': 'CHM 224', 'start': '09:30'}","False","A","1","C","20021","Research","2002"
"0000004108","0.75","0000000801","MUSIC","22","16","0","1","5","","Rodland, Catherine R.","{'fsnum': '13173', 'name': 'Rodland, Catherine R.'}","100","22","","","","","Theory I","113","{'day': 'Tu', 'end': '09:25', 'location': 'CHM 224', 'start': '08:00'};{'day': 'Th', 'end': '09:20', 'location': 'CHM 224', 'start': '08:00'}","False","B","1","C","20021","Research","2002"
"0000004109","0.75","0000000801","MUSIC","22","17","1","2","2","","Amundson, Steven","{'fsnum': '140', 'name': 'Amundson, Steven'}","100","22","","","","","Theory I","113","{'day': 'Tu', 'end': '13:10', 'location': 'CHM 224', 'start': '23:45'};{'day': 'Th', 'end': '14:05', 'location': 'CHM 224', 'start': '12:45'}","False","C","1","C","20021","Research","2002"
"0000004110","0.75","0000000801","MUSIC","21","15","2","0","4","","Forsberg, Charles","{'fsnum': '2241', 'name': 'Forsberg, Charles'}","100","22","","","","","Theory I","113","{'day': 'Tu', 'end': '13:10', 'location': 'CHM 232', 'start': '23:45'};{'day': 'Th', 'end': '14:05', 'location': 'CHM 232', 'start': '12:45'}","False","D","1","O","20021","Research","2002"
"0000004111","0.75","0000000801","MUSIC","21","20","0","0","1","","McCutchen, Keith D.","{'fsnum': '15065', 'name': 'McCutchen, Keith D.'}","100","22","","","","","Theory I","113","{'day': 'Tu', 'end': '14:45', 'location': 'CHM 224', 'start': '13:20'};{'day': 'Th', 'end': '15:35', 'location': 'CHM 224', 'start': '14:15'}","False","E","1","O","20021","Research","2002"
"0000004112","0.25","0000000807","MUSIC","8","8","0","0","0","","Wee, Theo","{'fsnum': '8916', 'name': 'Wee, Theo'}","100","12","","","","","Piano Class I","161","{'day': 'Tu', 'end': '08:55', 'location': 'CHM 222', 'start': '08:00'};{'day': 'Th', 'end': '08:55', 'location': 'CHM 222', 'start': '08:00'}","False","A","1","C","20021","Research","2002"
"0000004113","0.25","0000000807","MUSIC","12","9","1","0","2","","Wee, Theo","{'fsnum': '8916', 'name': 'Wee, Theo'}","100","12","","","","","Piano Class I","161","{'day': 'Tu', 'end': '12:45', 'location': 'CHM 222', 'start': '23:50'};{'day': 'Th', 'end': '13:40', 'location': 'CHM 222', 'start': '12:45'}","False","B","1","C","20021","Research","2002"
"0000004114","0.25","0000000807","MUSIC","12","11","0","0","1","","Wee, Theo","{'fsnum': '8916', 'name': 'Wee, Theo'}","100","12","","","","","Piano Class I","161","{'day': 'Tu', 'end': '14:15', 'location': 'CHM 222', 'start': '13:20'};{'day': 'Th', 'end': '15:10', 'location': 'CHM 222', 'start': '14:15'}","False","C","1","C","20021","Research","2002"
"0000004115","0.25","0000000810","MUSIC","9","2","0","5","2","","Johnson, Sigrid","{'fsnum': '4103', 'name': 'Johnson, Sigrid'}","100","12","","","","","Voice Class","164","{'day': 'Mo', 'end': '10:00', 'location': 'CHM 140', 'start': '09:05'};{'day': 'We', 'end': '10:00', 'location': 'CHM 140', 'start': '09:05'}","False","A","1","C","20021","Research","2002"
"0000004116","0.25","0000000810","MUSIC","10","2","1","2","5","","Johnson, Sigrid","{'fsnum': '4103', 'name': 'Johnson, Sigrid'}","100","12","","","","","Voice Class","164","{'day': 'Mo', 'end': '11:40', 'location': 'CHM 140', 'start': '10:45'};{'day': 'We', 'end': '11:40', 'location': 'CHM 140', 'start': '10:45'}","False","B","1","O","20021","Research","2002"
"0000004117","0.25","0000000810","MUSIC","8","3","0","2","3","","Johnson, Sigrid","{'fsnum': '4103', 'name': 'Johnson, Sigrid'}","100","12","","","","","Voice Class","164","{'day': 'Mo', 'end': '13:50', 'location': 'CHM 233', 'start': '12:55'};{'day': 'We', 'end': '13:50', 'location': 'CHM 233', 'start': '12:55'}","False","C","1","C","20021","Research","2002"
"0000004118","0.25","0000000813","MUSIC","15","0","2","0","13","","Carter, David","{'fsnum': '973', 'name': 'Carter, David'}","100","15","","","","","String Class","168","{'day': 'Mo', 'end': '13:50', 'location': 'CHM 140', 'start': '12:55'};{'day': 'We', 'end': '13:50', 'location': 'CHM 140', 'start': '12:55'};{'day': 'Fr', 'end': '13:50', 'location': 'CHM 140', 'start': '12:55'}","False","","1","C","20021","Research","2002"
"0000004119","0.25","0000000814","MUSIC","10","0","2","6","2","","Kallestad, Scott","{'fsnum': '4167', 'name': 'Kallestad, Scott'}","100","20","","","","","Woodwind Class","169","{'day': 'Mo', 'end': '12:45', 'location': 'CHM 138', 'start': '23:50'};{'day': 'We', 'end': '12:45', 'location': 'CHM 138', 'start': '23:50'};{'day': 'Fr', 'end': '12:45', 'location': 'CHM 138', 'start': '23:50'}","False","","1","O","20021","Research","2002"
"0000004120","0.25","0000000815","MUSIC","25","1","1","20","3","","Rodland, Catherine R.","{'fsnum': '13173', 'name': 'Rodland, Catherine R.'}","200","28","","","","","Ear/Keyboard III","211","{'day': 'Mo', 'end': '08:55', 'location': 'CHM 232', 'start': '08:00'};{'day': 'We', 'end': '08:55', 'location': 'CHM 232', 'start': '08:00'};{'day': 'Fr', 'end': '08:55', 'location': 'CHM 232', 'start': '08:00'}","False","A","1","O","20021","Research","2002"
"0000004121","0.25","0000000815","MUSIC","28","0","2","20","6","","Rodland, Catherine R.","{'fsnum': '13173', 'name': 'Rodland, Catherine R.'}","200","28","","","","","Ear/Keyboard III","211","{'day': 'Mo', 'end': '10:00', 'location': 'CHM 232', 'start': '09:05'};{'day': 'We', 'end': '10:00', 'location': 'CHM 232', 'start': '09:05'};{'day': 'Fr', 'end': '10:00', 'location': 'CHM 232', 'start': '09:05'}","False","B","1","C","20021","Research","2002"
"0000004122","0.25","0000000815","MUSIC","26","0","3","15","8","","Rodland, Catherine R.","{'fsnum': '13173', 'name': 'Rodland, Catherine R.'}","200","28","","","","","Ear/Keyboard III","211","{'day': 'Mo', 'end': '11:40', 'location': 'CHM 232', 'start': '10:45'};{'day': 'We', 'end': '11:40', 'location': 'CHM 232', 'start': '10:45'};{'day': 'Fr', 'end': '11:40', 'location': 'CHM 232', 'start': '10:45'}","False","C","1","C","20021","Research","2002"
"0000004123","0.75","0000000817","MUSIC","38","0","1","26","11","","Hamlin, Peter S.","{'fsnum': '2958', 'name': 'Hamlin, Peter S.'}","200","42","","","","","Theory III","213","{'day': 'Tu', 'end': '09:25', 'location': 'CHM 239', 'start': '08:00'};{'day': 'Th', 'end': '09:20', 'location': 'CHM 239', 'start': '08:00'}","False","A","1","C","20021","Research","2002"
"0000004124","0.75","0000000817","MUSIC","42","1","5","30","6","","Hamlin, Peter S.","{'fsnum': '2958', 'name': 'Hamlin, Peter S.'}","200","42","","","","","Theory III","213","{'day': 'Tu', 'end': '11:00', 'location': 'CHM 239', 'start': '09:35'};{'day': 'Th', 'end': '10:50', 'location': 'CHM 239', 'start': '09:30'}","False","B","1","C","20021","Research","2002"
"0000004125","0.25","0000000819","MUSIC","16","0","5","2","9","","Amundson, Steven","{'fsnum': '140', 'name': 'Amundson, Steven'}","200","15","","","","","Instrumentation","220","{'day': 'Tu', 'end': '09:25', 'location': 'CHM 232', 'start': '08:00'};{'day': 'Th', 'end': '09:20', 'location': 'CHM 232', 'start': '08:00'}","False","","1","C","20021","Research","2002"
"0000004126","0.5","0000000820","MUSIC","24","0","8","0","16","","Amundson, Steven","{'fsnum': '140', 'name': 'Amundson, Steven'}","200","20","","","","","Instrumentation","221","{'day': 'Tu', 'end': '09:25', 'location': 'CHM 232', 'start': '08:00'};{'day': 'Th', 'end': '09:20', 'location': 'CHM 232', 'start': '08:00'}","False","","1","C","20021","Research","2002"
"0000004127","1.0","0000000822","MUSIC","19","1","8","5","5","","Hamlin, Peter S.","{'fsnum': '2958', 'name': 'Hamlin, Peter S.'}","200","16","0","10","0","10","Composition I","223","{'day': 'Mo', 'end': '10:00', 'location': 'CHM 239', 'start': '09:05'};{'day': 'We', 'end': '10:00', 'location': 'CHM 239', 'start': '09:05'};{'day': 'Fr', 'end': '10:00', 'location': 'CHM 239', 'start': '09:05'}","False","","1","C","20021","Research","2002"
"0000004128","1.0","0000000829","MUSIC","62","4","3","2","53","ALS-A;MCS-G","Hagedorn, David","{'fsnum': '2878', 'name': 'Hagedorn, David'}","200","55","0","20","0","35","World Music","237","{'day': 'Mo', 'end': '10:00', 'location': 'CHM 233', 'start': '09:05'};{'day': 'We', 'end': '10:00', 'location': 'CHM 233', 'start': '09:05'};{'day': 'Fr', 'end': '10:00', 'location': 'CHM 233', 'start': '09:05'}","False","","1","C","20021","Research","2002"
"0000004129","1.0","0000000831","MUSIC","39","0","2","25","12","","Hoekstra, Gerald","{'fsnum': '3413', 'name': 'Hoekstra, Gerald'}","200","42","","","","","Hist & Lit of Music I","241","{'day': 'Mo', 'end': '13:50', 'location': 'CHM 239', 'start': '12:55'};{'day': 'We', 'end': '13:50', 'location': 'CHM 239', 'start': '12:55'};{'day': 'Fr', 'end': '13:50', 'location': 'CHM 239', 'start': '12:55'}","False","A","1","C","20021","Research","2002"
"0000004130","1.0","0000000831","MUSIC","38","1","4","25","8","","Hoekstra, Gerald","{'fsnum': '3413', 'name': 'Hoekstra, Gerald'}","200","42","","","","","Hist & Lit of Music I","241","{'day': 'Mo', 'end': '14:55', 'location': 'CHM 239', 'start': '14:00'};{'day': 'We', 'end': '14:55', 'location': 'CHM 239', 'start': '14:00'};{'day': 'Fr', 'end': '14:55', 'location': 'CHM 239', 'start': '14:00'}","False","B","1","C","20021","Research","2002"
"0000004131","0.5","0000000834","MUSIC","26","0","7","2","17","","Scholz, Robert V.","{'fsnum': '7183', 'name': 'Scholz, Robert V.'}","200","25","","","","","Choral Conducting","252","{'day': 'Tu', 'end': '13:10', 'location': 'CHM 140', 'start': '23:45'};{'day': 'Th', 'end': '14:05', 'location': 'CHM 140', 'start': '12:45'}","False","","1","C","20021","Research","2002"
"0000004132","0.25","0000000836","MUSIC","9","1","2","1","5","","Ananda-Owens, Kathryn","{'fsnum': '154', 'name': 'Ananda-Owens, Kathryn'}","200","12","","","","","Piano Class III","261","{'day': 'Tu', 'end': '11:00', 'location': 'CHM 222', 'start': '10:05'};{'day': 'Th', 'end': '10:50', 'location': 'CHM 222', 'start': '09:55'}","False","","1","O","20021","Research","2002"
"0000004133","0.25","0000000837","MUSIC","13","0","4","2","7","","Schnauber, Anne D.","{'fsnum': '13229', 'name': 'Schnauber, Anne D.'}","200","15","","","","","Lyric Diction I","263","{'day': 'Mo', 'end': '12:45', 'location': 'CHM 224', 'start': '23:50'};{'day': 'Fr', 'end': '12:45', 'location': 'CHM 224', 'start': '23:50'}","False","","1","O","20021","Research","2002"
"0000004134","0.5","0000000839","MUSIC","15","1","4","3","7","","Hardy, Janis","{'fsnum': '3105', 'name': 'Hardy, Janis'}","200","20","","","","","Adv Act Lyric Stage","267","{'day': 'Tu', 'end': '14:45', 'location': 'CHM URNESS', 'start': '13:20'};{'day': 'Th', 'end': '15:35', 'location': 'CHM URNESS', 'start': '14:15'}","False","","1","O","20021","Research","2002"
"0000004135","0.25","0000000841","MUSIC","8","0","2","5","1","","Een, Andrea","{'fsnum': '1565', 'name': 'Een, Andrea'}","200","","","","","","Instr Chamber Music","275","{'day': 'Tu', 'end': '08:55', 'location': 'CHM 138', 'start': '08:00'};{'day': 'Th', 'end': '08:55', 'location': 'CHM 138', 'start': '08:00'}","False","","1","O","20021","Research","2002"
"0000004136","1.0","0000000847","MUSIC","1","0","0","0","1","","Smith, Robert C.","{'fsnum': '7604', 'name': 'Smith, Robert C.'}","200","","","","","","IS/Ger Sp & It Songs","298","","False","","1","O","20021","Research","2002"
"0000004137","1.0","0000000851","MUSIC","7","0","3","1","3","","Mahr, Timothy","{'fsnum': '5013', 'name': 'Mahr, Timothy'}","300","12","","","","","Composition II","324","{'day': 'Mo', 'end': '11:40', 'location': 'CHM 239', 'start': '10:45'};{'day': 'We', 'end': '11:40', 'location': 'CHM 239', 'start': '10:45'};{'day': 'Fr', 'end': '11:40', 'location': 'CHM 239', 'start': '10:45'}","False","","1","O","20021","Research","2002"
"0000004138","1.0","0000000852","MUSIC","2","0","0","0","2","","Mahr, Timothy","{'fsnum': '5013', 'name': 'Mahr, Timothy'}","300","","","","","","Composition III","325","{'day': 'Mo', 'end': '11:40', 'location': 'CHM 239', 'start': '10:45'};{'day': 'We', 'end': '11:40', 'location': 'CHM 239', 'start': '10:45'};{'day': 'Fr', 'end': '11:40', 'location': 'CHM 239', 'start': '10:45'}","False","","1","C","20021","Research","2002"
"0000004139","1.0","0000000856","MUSIC","26","0","6","0","20","WRI","Gustafson, Donnamae","{'fsnum': '14003', 'name': 'Gustafson, Donnamae'}","300","30","","","","","Music of 20th Century","344","{'day': 'Mo', 'end': '12:45', 'location': 'CHM 239', 'start': '23:50'};{'day': 'We', 'end': '12:45', 'location': 'CHM 239', 'start': '23:50'};{'day': 'Fr', 'end': '12:45', 'location': 'CHM 239', 'start': '23:50'}","False","","1","O","20021","Research","2002"
"0000004140","1.0","0000000857","MUSIC","23","0","12","1","10","WRI","Gustafson, Donnamae","{'fsnum': '14003', 'name': 'Gustafson, Donnamae'}","300","30","","","","","Top: Schumanns & Brahms","345","{'day': 'Mo', 'end': '10:00', 'location': 'CHM 224', 'start': '09:05'};{'day': 'We', 'end': '10:00', 'location': 'CHM 224', 'start': '09:05'};{'day': 'Fr', 'end': '10:00', 'location': 'CHM 224', 'start': '09:05'}","False","","1","O","20021","Topic","2002"
"0000004141","0.5","0000000858","MUSIC","14","0","1","0","13","","Amundson, Steven","{'fsnum': '140', 'name': 'Amundson, Steven'}","300","20","","","","","Advanced Conducting","354","{'day': 'Tu', 'end': '11:00', 'location': 'CHM 138', 'start': '09:35'};{'day': 'Th', 'end': '10:50', 'location': 'CHM 138', 'start': '09:30'}","False","A","1","O","20021","Research","2002"
"0000004142","0.5","0000000858","MUSIC","17","0","1","0","16","","Armstrong, Anton","{'fsnum': '263', 'name': 'Armstrong, Anton'}","300","20","","","","","Advanced Conducting","354","{'day': 'Tu', 'end': '11:00', 'location': 'CHM 140', 'start': '09:35'};{'day': 'Th', 'end': '10:50', 'location': 'CHM 140', 'start': '09:30'}","False","B","1","O","20021","Research","2002"
"0000004143","0.25","0000000860","MUSIC","22","0","8","1","13","","Feldt, Alison J.","{'fsnum': '2059', 'name': 'Feldt, Alison J.'}","300","25","","","","","Vocal Pedagogy","364","{'day': 'Mo', 'end': '13:50', 'location': 'CHM 232', 'start': '12:55'};{'day': 'We', 'end': '13:50', 'location': 'CHM 232', 'start': '12:55'}","False","","1","O","20021","Research","2002"
"0000004144","0.25","0000000861","MUSIC","15","0","2","1","12","","Scholz, Cora","{'fsnum': '7184', 'name': 'Scholz, Cora'}","300","15","","","","","Child & Adolesc Voice","365","{'day': 'Mo', 'end': '11:40', 'location': 'CHM 233', 'start': '10:45'};{'day': 'We', 'end': '11:40', 'location': 'CHM 233', 'start': '10:45'}","False","","1","C","20021","Research","2002"
"0000004145","0.25","0000000863","MUSIC","16","0","4","0","12","","Ferguson, John","{'fsnum': '2065', 'name': 'Ferguson, John'}","300","","","","","","Church Music Pract I","391","{'day': 'Tu', 'end': '14:45', 'location': 'CHM 232', 'start': '13:20'};{'day': 'Th', 'end': '15:35', 'location': 'CHM 232', 'start': '14:15'}","False","","1","O","20021","Research","2002"
"0000004146","1.0","0000000921","NORW","21","16","1","2","2","","Homstad, Torild","{'fsnum': '9714', 'name': 'Homstad, Torild'}","100","23","","","","","Beginning Norwegian I","111","{'day': 'Mo', 'end': '10:00', 'location': 'M 15', 'start': '09:05'};{'day': 'We', 'end': '10:00', 'location': 'M 15', 'start': '09:05'};{'day': 'Fr', 'end': '10:00', 'location': 'M 15', 'start': '09:05'}","False","A","1","C","20021","Research","2002"
"0000004147","1.0","0000000921","NORW","20","13","2","3","2","","Dorer, Kari L.","{'fsnum': '14082', 'name': 'Dorer, Kari L.'}","100","23","","","","","Beginning Norwegian I","111","{'day': 'Mo', 'end': '12:45', 'location': 'M 11', 'start': '23:50'};{'day': 'We', 'end': '12:45', 'location': 'M 11', 'start': '23:50'};{'day': 'Fr', 'end': '12:45', 'location': 'M 11', 'start': '23:50'}","False","B","1","O","20021","Research","2002"
"0000004148","1.0","0000000921","NORW","18","11","0","3","4","","Dorer, Kari L.","{'fsnum': '14082', 'name': 'Dorer, Kari L.'}","100","23","","","","","Beginning Norwegian I","111","{'day': 'Mo', 'end': '13:50', 'location': 'M 15', 'start': '12:55'};{'day': 'We', 'end': '13:50', 'location': 'M 15', 'start': '12:55'};{'day': 'Fr', 'end': '13:50', 'location': 'M 15', 'start': '12:55'}","False","C","1","O","20021","Research","2002"
"0000004149","1.0","0000000922","NORW","15","2","5","4","4","","Dorer, Kari L.","{'fsnum': '14082', 'name': 'Dorer, Kari L.'}","100","25","","","","","Begin Norwegian II","112","{'day': 'Mo', 'end': '08:55', 'location': 'M 15', 'start': '08:00'};{'day': 'We', 'end': '08:55', 'location': 'M 15', 'start': '08:00'};{'day': 'Fr', 'end': '08:55', 'location': 'M 15', 'start': '08:00'}","False","","1","O","20021","Research","2002"
"0000004150","1.0","0000000926","NORW","22","1","4","14","3","FOL-N","Aarsvold, Nancy","{'fsnum': '19', 'name': 'Aarsvold, Nancy'}","200","23","","","","","Intermed Norwegian I","231","{'day': 'Mo', 'end': '11:40', 'location': 'M 15', 'start': '10:45'};{'day': 'We', 'end': '11:40', 'location': 'M 15', 'start': '10:45'};{'day': 'Fr', 'end': '11:40', 'location': 'M 15', 'start': '10:45'}","False","A","1","C","20021","Research","2002"
"0000004151","1.0","0000000926","NORW","23","1","3","15","4","FOL-N","Aarsvold, Nancy","{'fsnum': '19', 'name': 'Aarsvold, Nancy'}","200","23","","","","","Intermed Norwegian I","231","{'day': 'Mo', 'end': '12:45', 'location': 'M 15', 'start': '23:50'};{'day': 'We', 'end': '12:45', 'location': 'M 15', 'start': '23:50'};{'day': 'Fr', 'end': '12:45', 'location': 'M 15', 'start': '23:50'}","False","B","1","C","20021","Research","2002"
"0000004152","1.0","0000000926","NORW","13","4","3","4","2","FOL-N","Aarsvold, Nancy","{'fsnum': '19', 'name': 'Aarsvold, Nancy'}","200","23","","","","","Intermed Norwegian I","231","{'day': 'Mo', 'end': '14:55', 'location': 'M 15', 'start': '14:00'};{'day': 'We', 'end': '14:55', 'location': 'M 15', 'start': '14:00'};{'day': 'Fr', 'end': '14:55', 'location': 'M 15', 'start': '14:00'}","False","C","1","O","20021","Research","2002"
"0000004153","1.0","0000000930","NORW","5","1","2","0","2","FOL-N;ORC","Zempel, Solveig","{'fsnum': '9184', 'name': 'Zempel, Solveig'}","200","","","","","","Advanced Conv & Comp","253","{'day': 'Tu', 'end': '14:45', 'location': 'M 11', 'start': '13:20'};{'day': 'Th', 'end': '15:35', 'location': 'M 11', 'start': '14:15'}","False","","1","O","20021","Research","2002"
"0000004154","1.0","0000000933","NORW","3","0","2","0","1","ALS-L;FOL-N;WRI","Sabo, Anne G.","{'fsnum': '10029', 'name': 'Sabo, Anne G.'}","300","","","","","","Norsk Lit Til 1890","371","{'day': 'Mo', 'end': '14:55', 'location': 'M 11', 'start': '14:00'};{'day': 'We', 'end': '14:55', 'location': 'M 11', 'start': '14:00'};{'day': 'Fr', 'end': '14:55', 'location': 'M 11', 'start': '14:00'}","False","","1","O","20021","Research","2002"
"0000004155","2.0","0000000948","NURS","20","0","18","0","2","ORC","Johnson, Mary","{'fsnum': '4068', 'name': 'Johnson, Mary'}","300","20","","","","","Hlth Assess/Nurs Conc","310","{'day': 'Mo', 'end': '08:55', 'location': 'H 215', 'start': '08:00'};{'day': 'We', 'end': '08:55', 'location': 'H 215', 'start': '08:00'};{'day': 'Fr', 'end': '08:55', 'location': 'H 215', 'start': '08:00'};{'day': 'Mo', 'end': '10:00', 'location': 'H 215', 'start': '09:05'};{'day': 'We', 'end': '10:00', 'location': 'H 215', 'start': '09:05'};{'day': 'Fr', 'end': '10:00', 'location': 'H 215', 'start': '09:05'};{'day': 'Mo', 'end': '11:40', 'location': 'H 215', 'start': '10:45'};{'day': 'We', 'end': '11:40', 'location': 'H 215', 'start': '10:45'};{'day': 'Fr', 'end': '11:40', 'location': 'H 215', 'start': '10:45'}","False","","1","C","20021","Research","2002"
"0000004156","1.0","0000000949","NURS","20","0","18","0","2","","Neal, Diana","{'fsnum': '5499', 'name': 'Neal, Diana'}","300","20","","","","","Application/Nurs Conc","320","{'day': 'Tu', 'end': '13:00', 'location': 'H 215', 'start': '19:30'};{'day': 'Th', 'end': '13:00', 'location': 'H 215', 'start': '19:30'}","False","","1","C","20021","Research","2002"
"0000004157","2.0","0000000953","NURS","14","0","0","0","14","","Kuehn, Mary Beth","{'fsnum': '4577', 'name': 'Kuehn, Mary Beth'}","300","20","","","","","Family Health","350","{'day': 'Mo', 'end': '14:55', 'location': 'SC 18', 'start': '23:50'};{'day': 'We', 'end': '14:55', 'location': 'SC 18', 'start': '23:50'};{'day': 'Fr', 'end': '14:55', 'location': 'SC 18', 'start': '23:50'};{'day': 'Tu', 'end': '15:30', 'location': 'SC 18', 'start': '19:00'};{'day': 'Th', 'end': '15:30', 'location': 'SC 18', 'start': '19:00'}","False","","1","O","20021","Research","2002"
"0000004158","1.0","0000000963","NURS","1","0","0","0","1","","Kuehn, Mary Beth","{'fsnum': '4577', 'name': 'Kuehn, Mary Beth'}","300","","","","","","IR/Transcultural Nurs","398","","False","","1","O","20021","Research","2002"
"0000004179","0.25","0000000996","PEAC","24","0","4","1","19","PHA","Thornton, William","{'fsnum': '8371', 'name': 'Thornton, William'}","100","24","","","","","Archery","101","{'day': 'Tu', 'end': '08:55', 'location': 'SAC FH', 'start': '08:00'};{'day': 'Th', 'end': '08:55', 'location': 'SAC FH', 'start': '08:00'}","False","","1","C","20021","Research","2002"
"0000004180","0.25","0000000997","PEAC","12","0","0","2","10","PHA","Pratt, Kenneth","{'fsnum': '6408', 'name': 'Pratt, Kenneth'}","100","14","","","","","Golf","103","{'day': 'Mo', 'end': '14:55', 'location': 'SAC FH', 'start': '12:55'};{'day': 'We', 'end': '14:55', 'location': 'SAC FH', 'start': '12:55'}","False","A","1","C","20021","Research","2002"
"0000004181","0.25","0000000997","PEAC","14","0","0","0","14","PHA","Kosmoski, Daniel","{'fsnum': '4502', 'name': 'Kosmoski, Daniel'}","100","14","","","","","Golf","103","{'day': 'Tu', 'end': '13:50', 'location': 'SAC FH', 'start': '23:50'};{'day': 'Th', 'end': '14:45', 'location': 'SAC FH', 'start': '12:45'}","False","B","1","C","20021","Research","2002"
"0000004182","0.25","0000000998","PEAC","9","0","0","0","9","PHA","Tegtmeyer, Judy","{'fsnum': '8272', 'name': 'Tegtmeyer, Judy'}","100","12","","","","","Rock Climbing","106","{'day': 'Tu', 'end': '10:00', 'location': 'Tostrud Ctr', 'start': '09:05'};{'day': 'Th', 'end': '10:00', 'location': 'Tostrud Ctr', 'start': '09:05'}","False","A","1","C","20021","Research","2002"
"0000004183","0.25","0000000998","PEAC","11","0","0","0","11","PHA","McDonald, Matt","{'fsnum': '5195', 'name': 'McDonald, Matt'}","100","12","","","","","Rock Climbing","106","{'day': 'Mo', 'end': '11:40', 'location': 'Tostrud Ctr', 'start': '10:45'};{'day': 'We', 'end': '11:40', 'location': 'Tostrud Ctr', 'start': '10:45'}","False","B","1","C","20021","Research","2002"
"0000004184","0.25","0000000998","PEAC","12","0","0","0","12","PHA","Pratt, Kenneth","{'fsnum': '6408', 'name': 'Pratt, Kenneth'}","100","12","","","","","Rock Climbing","106","{'day': 'Mo', 'end': '12:45', 'location': 'Tostrud Ctr', 'start': '23:50'};{'day': 'We', 'end': '12:45', 'location': 'Tostrud Ctr', 'start': '23:50'}","False","C","1","C","20021","Research","2002"
"0000004185","0.25","0000000999","PEAC","20","1","5","2","12","PHA","Goldsworthy, William Sean","{'fsnum': '2652', 'name': 'Goldsworthy, William Sean'}","100","24","","","","","In-Line Skating","108","{'day': 'Mo', 'end': '14:55', 'location': 'SAC S GYM', 'start': '14:00'};{'day': 'We', 'end': '14:55', 'location': 'SAC S GYM', 'start': '14:00'};{'day': 'Fr', 'end': '14:55', 'location': 'SAC S GYM', 'start': '14:00'}","False","","1","C","20021","Research","2002"
"0000004186","0.25","0000001002","PEAC","18","1","0","1","16","PHA","Cooling, Lori","{'fsnum': '4816', 'name': 'Cooling, Lori'}","100","24","","","","","Volleyball","115","{'day': 'Mo', 'end': '14:55', 'location': 'SAC CTR GYM', 'start': '14:00'};{'day': 'We', 'end': '14:55', 'location': 'SAC CTR GYM', 'start': '14:00'}","False","","1","C","20021","Research","2002"
"0000004187","0.25","0000001003","PEAC","23","2","7","9","5","PHA","Nesbit, Scott","{'fsnum': '5580', 'name': 'Nesbit, Scott'}","100","24","","","","","Ultimate Frisbee","117","{'day': 'Tu', 'end': '11:00', 'location': 'SAC FH', 'start': '10:05'};{'day': 'Th', 'end': '10:50', 'location': 'SAC FH', 'start': '09:55'}","False","","1","C","20021","Research","2002"
"0000004188","0.25","0000001004","PEAC","7","0","4","0","3","PHA","Thornton, William","{'fsnum': '8371', 'name': 'Thornton, William'}","100","24","","","","","Beginning Swimming","121","{'day': 'Mo', 'end': '10:00', 'location': 'SAC POOL', 'start': '09:05'};{'day': 'We', 'end': '10:00', 'location': 'SAC POOL', 'start': '09:05'}","False","","1","O","20021","Research","2002"
"0000004189","0.25","0000001005","PEAC","6","1","1","4","0","PHA","Hauck, Bob","{'fsnum': '3165', 'name': 'Hauck, Bob'}","100","12","","","","","Lifeguard Training","122","{'day': 'Tu', 'end': '14:45', 'location': 'SAC POOL', 'start': '13:20'};{'day': 'Th', 'end': '14:45', 'location': 'SAC POOL', 'start': '13:20'}","False","","1","O","20021","Research","2002"
"0000004190","0.25","0000001007","PEAC","19","2","5","3","9","PHA","Hauck, Bob","{'fsnum': '3165', 'name': 'Hauck, Bob'}","100","24","","","","","Canoeing","125","{'day': 'Mo', 'end': '14:55', 'location': 'SAC POOL', 'start': '12:55'};{'day': 'We', 'end': '14:55', 'location': 'SAC POOL', 'start': '12:55'}","False","","1","O","20021","Research","2002"
"0000004191","0.25","0000001008","PEAC","22","1","8","1","12","PHA","Campion, John","{'fsnum': '920', 'name': 'Campion, John'}","100","24","","","","","Scuba Diving","126","{'day': 'Fr', 'end': '21:00', 'location': 'SAC POOL', 'start': '18:00'}","False","","1","C","20021","Research","2002"
"0000004192","0.25","0000001010","PEAC","23","5","1","6","11","PHA","Anderson, Kurt","{'fsnum': '228', 'name': 'Anderson, Kurt'}","100","24","","","","","Swim Fitness","130","{'day': 'Mo', 'end': '08:55', 'location': 'SAC POOL', 'start': '08:00'};{'day': 'We', 'end': '08:55', 'location': 'SAC POOL', 'start': '08:00'}","False","","1","O","20021","Research","2002"
"0000004193","0.5","0000001012","PEAC","23","0","7","3","13","PHA","Goldsworthy, William Sean","{'fsnum': '2652', 'name': 'Goldsworthy, William Sean'}","100","24","","","","","Individual Fitness.50","133","{'day': 'Mo', 'end': '11:40', 'location': 'SAC FH', 'start': '10:45'};{'day': 'We', 'end': '11:40', 'location': 'SAC FH', 'start': '10:45'};{'day': 'Fr', 'end': '11:40', 'location': 'SAC FH', 'start': '10:45'}","False","A","1","C","20021","Research","2002"
"0000004194","0.5","0000001012","PEAC","19","1","4","7","7","PHA","Nesbit, Scott","{'fsnum': '5580', 'name': 'Nesbit, Scott'}","100","24","","","","","Individual Fitness.50","133","{'day': 'Mo', 'end': '13:50', 'location': 'SAC FH', 'start': '12:55'};{'day': 'We', 'end': '13:50', 'location': 'SAC FH', 'start': '12:55'};{'day': 'Fr', 'end': '13:50', 'location': 'SAC FH', 'start': '12:55'}","False","B","1","C","20021","Research","2002"
"0000004195","0.5","0000001012","PEAC","22","0","4","4","14","PHA","Scholl, Scott","{'fsnum': '13204', 'name': 'Scholl, Scott'}","100","24","","","","","Individual Fitness.50","133","{'day': 'Mo', 'end': '10:00', 'location': 'SAC FH', 'start': '09:05'};{'day': 'We', 'end': '10:00', 'location': 'SAC FH', 'start': '09:05'};{'day': 'Fr', 'end': '10:00', 'location': 'SAC FH', 'start': '09:05'}","False","C","1","C","20021","Research","2002"
"0000004196","0.25","0000001015","PEAC","26","5","9","4","8","PHA","Kosmoski, Daniel","{'fsnum': '4502', 'name': 'Kosmoski, Daniel'}","100","24","","","","","Fitness Walking","136","{'day': 'Tu', 'end': '10:00', 'location': 'SAC FH', 'start': '09:05'};{'day': 'Th', 'end': '10:00', 'location': 'SAC FH', 'start': '09:05'}","False","","1","C","20021","Research","2002"
"0000004197","0.5","0000001016","PEAC","19","0","2","1","16","PHA","McCarthy, Robert K.","{'fsnum': '14953', 'name': 'McCarthy, Robert K.'}","100","22","","","","","Wt Training Co-Ed .50","140","{'day': 'Mo', 'end': '10:00', 'location': 'Tostrud Ctr', 'start': '09:05'};{'day': 'We', 'end': '10:00', 'location': 'Tostrud Ctr', 'start': '09:05'};{'day': 'Fr', 'end': '10:00', 'location': 'Tostrud Ctr', 'start': '09:05'}","False","","1","C","20021","Research","2002"
"0000004198","0.25","0000001017","PEAC","20","3","2","5","10","PHA","Meidt, Christopher J.","{'fsnum': '14897', 'name': 'Meidt, Christopher J.'}","100","24","","","","","Wt Training-Men","141","{'day': 'Mo', 'end': '08:55', 'location': 'Tostrud Ctr', 'start': '08:00'};{'day': 'We', 'end': '08:55', 'location': 'Tostrud Ctr', 'start': '08:00'}","False","","1","O","20021","Research","2002"
"0000004199","0.25","0000001018","PEAC","21","0","7","6","8","PHA","Daymont, Christine","{'fsnum': '1358', 'name': 'Daymont, Christine'}","100","22","","","","","Wt Training-Women","142","{'day': 'Tu', 'end': '08:55', 'location': 'Tostrud Ctr', 'start': '08:00'};{'day': 'Th', 'end': '08:55', 'location': 'Tostrud Ctr', 'start': '08:00'}","False","","1","C","20021","Research","2002"
"0000004200","0.5","0000001019","PEAC","17","0","0","0","17","PHA","Nesbit, Scott","{'fsnum': '5580', 'name': 'Nesbit, Scott'}","100","14","","","","","Racquet Sports .50","150","{'day': 'Mo', 'end': '14:55', 'location': 'SAC N GYM', 'start': '14:00'};{'day': 'We', 'end': '14:55', 'location': 'SAC N GYM', 'start': '14:00'};{'day': 'Fr', 'end': '14:55', 'location': 'SAC N GYM', 'start': '14:00'}","False","","1","C","20021","Research","2002"
"0000004201","0.25","0000001020","PEAC","21","0","6","8","7","PHA","Thornton, William","{'fsnum': '8371', 'name': 'Thornton, William'}","100","22","","","","","Badminton","151","{'day': 'Tu', 'end': '11:00', 'location': 'SAC N GYM', 'start': '10:05'};{'day': 'Th', 'end': '10:50', 'location': 'SAC N GYM', 'start': '09:55'}","False","","1","C","20021","Research","2002"
"0000004202","0.25","0000001021","PEAC","5","0","3","0","2","PHA","Kosmoski, Daniel","{'fsnum': '4502', 'name': 'Kosmoski, Daniel'}","100","8","","","","","Racquetball (Men)","153","{'day': 'Tu', 'end': '11:00', 'location': 'SAC RACQ CT', 'start': '10:05'};{'day': 'Th', 'end': '10:50', 'location': 'SAC RACQ CT', 'start': '09:55'}","False","A","1","C","20021","Research","2002"
"0000004203","0.25","0000001021","PEAC","5","2","0","2","1","PHA","Cooling, Lori","{'fsnum': '4816', 'name': 'Cooling, Lori'}","100","8","","","","","Racquetball (Women)","153","{'day': 'Tu', 'end': '14:55', 'location': 'SAC RACQ CT', 'start': '14:00'};{'day': 'Th', 'end': '14:55', 'location': 'SAC RACQ CT', 'start': '14:00'}","False","B","1","O","20021","Research","2002"
"0000004204","0.25","0000001022","PEAC","11","0","1","7","3","PHA","Nesbit, Scott","{'fsnum': '5580', 'name': 'Nesbit, Scott'}","100","16","","","","","Tennis","157","{'day': 'Tu', 'end': '13:50', 'location': 'SAC FH', 'start': '12:55'};{'day': 'Th', 'end': '13:40', 'location': 'SAC FH', 'start': '12:45'}","False","","1","C","20021","Research","2002"
"0000004205","0.25","0000001023","PEAC","13","3","1","4","5","PHA","Nesbit, Scott","{'fsnum': '5580', 'name': 'Nesbit, Scott'}","100","16","","","","","Intermediate Tennis","158","{'day': 'Tu', 'end': '14:55', 'location': 'SAC FH', 'start': '14:00'};{'day': 'Th', 'end': '14:55', 'location': 'SAC FH', 'start': '14:00'}","False","","1","O","20021","Research","2002"
"0000004206","0.25","0000001024","PEAC","20","2","5","10","3","PHA","Pratt, Kenneth","{'fsnum': '6408', 'name': 'Pratt, Kenneth'}","100","24","","","","","Self-Defense","161","{'day': 'Tu', 'end': '13:50', 'location': 'SAC WRES RM', 'start': '12:55'};{'day': 'Th', 'end': '13:40', 'location': 'SAC WRES RM', 'start': '12:45'}","False","A","1","O","20021","Research","2002"
"0000004207","0.25","0000001024","PEAC","12","7","0","4","1","PHA","Pratt, Kenneth","{'fsnum': '6408', 'name': 'Pratt, Kenneth'}","100","24","","","","","Self-Defense","161","{'day': 'Tu', 'end': '14:55', 'location': 'SAC WRES RM', 'start': '14:00'};{'day': 'Th', 'end': '14:55', 'location': 'SAC WRES RM', 'start': '14:00'}","False","B","1","O","20021","Research","2002"
"0000004208","0.25","0000001031","PEAC","7","1","1","3","2","PHA","Thornton, William","{'fsnum': '8371', 'name': 'Thornton, William'}","100","","","","","","Intercol C-Country M","176","","False","","1","O","20021","Research","2002"
"0000004209","0.25","0000001032","PEAC","33","16","4","8","5","PHA","Daymont, Christine","{'fsnum': '1358', 'name': 'Daymont, Christine'}","100","","","","","","Intercol C-Country W","177","","False","","1","O","20021","Research","2002"
"0000004210","0.25","0000001033","PEAC","22","14","1","6","1","PHA","Meidt, Christopher J.","{'fsnum': '14897', 'name': 'Meidt, Christopher J.'}","100","","","","","","Intercol Football","178","","False","","1","O","20021","Research","2002"
"0000004211","0.25","0000001034","PEAC","5","1","1","2","1","PHA","McDonald, Matt","{'fsnum': '5195', 'name': 'McDonald, Matt'}","100","","","","","","Intercol Golf Men","179","","False","","1","O","20021","Research","2002"
"0000004212","0.25","0000001035","PEAC","1","0","1","0","0","PHA","Finger, Le Ann K H.","{'fsnum': '13351', 'name': 'Finger, Le Ann K H.'}","100","","","","","","Intercol Golf Women","180","","False","","1","O","20021","Research","2002"
"0000004213","0.25","0000001039","PEAC","5","2","0","1","2","PHA","Anderson, Kurt","{'fsnum': '228', 'name': 'Anderson, Kurt'}","100","","","","","","Intercol Soccer Men","184","","False","","1","O","20021","Research","2002"
"0000004214","0.25","0000001040","PEAC","10","7","0","3","0","PHA","Anderson, Kurt","{'fsnum': '228', 'name': 'Anderson, Kurt'}","100","","","","","","Intercol Soccer Women","185","","False","","1","O","20021","Research","2002"
"0000004215","0.25","0000001048","PEAC","9","6","1","2","0","PHA","Cook, Traci L.","{'fsnum': '14273', 'name': 'Cook, Traci L.'}","100","","","","","","Intercol Volleyball","193","","False","","1","O","20021","Research","2002"
"0000004216","0.5","0000001050","PETH","30","0","8","10","12","","McDonald, Matt","{'fsnum': '5195', 'name': 'McDonald, Matt'}","200","25","","","","","Intro to Coaching","238","{'day': 'Mo', 'end': '12:45', 'location': 'SAC 140', 'start': '23:50'};{'day': 'We', 'end': '12:45', 'location': 'SAC 140', 'start': '23:50'};{'day': 'Fr', 'end': '12:45', 'location': 'SAC 140', 'start': '23:50'}","False","","1","C","20021","Research","2002"
"0000004217","0.25","0000001059","PETH","1","0","0","0","1","","Anderson, Kurt","{'fsnum': '228', 'name': 'Anderson, Kurt'}","300","25","","","","","Coaching Practicum","335","","False","","1","O","20021","Research","2002"
"0000004218","1.0","0000001060","PETH","4","0","1","1","2","","Wicks, Gary","{'fsnum': '9030', 'name': 'Wicks, Gary'}","300","25","","","","","Motor Learning","373","{'day': 'Mo', 'end': '13:50', 'location': 'SAC 142', 'start': '12:55'};{'day': 'We', 'end': '13:50', 'location': 'SAC 142', 'start': '12:55'};{'day': 'Fr', 'end': '13:50', 'location': 'SAC 142', 'start': '12:55'};{'day': 'Th', 'end': '14:45', 'location': 'SAC 142', 'start': '12:45'}","False","","1","O","20021","Research","2002"
"0000004159","1.0","0000000964","PHIL","25","20","0","4","1","HWC;WRI","Rudd, Anthony J.","{'fsnum': '14139', 'name': 'Rudd, Anthony J.'}","100","25","20","0","5","0","Making of Modern Mind","118","{'day': 'Tu', 'end': '11:00', 'location': 'M 30', 'start': '09:35'};{'day': 'Th', 'end': '10:50', 'location': 'M 30', 'start': '09:30'}","False","","1","C","20021","Research","2002"
"0000004160","1.0","0000000965","PHIL","21","10","2","6","3","HBS;WRI","Grenberg, Jeanine","{'fsnum': '2752', 'name': 'Grenberg, Jeanine'}","100","19","9","0","10","0","Moral Psychology","119","{'day': 'Tu', 'end': '14:45', 'location': 'L 421', 'start': '13:20'};{'day': 'Th', 'end': '15:35', 'location': 'L 421', 'start': '14:15'}","False","","1","C","20021","Research","2002"
"0000004161","1.0","0000000969","PHIL","32","2","8","6","16","HWC","Marino, Gordon D.","{'fsnum': '5051', 'name': 'Marino, Gordon D.'}","200","25","","","","","Kierkegaard","233","{'day': 'Th', 'end': '22:00', 'location': 'H 301', 'start': '19:00'}","False","","1","C","20021","Research","2002"
"0000004162","1.0","0000000970","PHIL","27","1","12","6","8","HWC;WRI","Harper, Vicki L.","{'fsnum': '3121', 'name': 'Harper, Vicki L.'}","200","20","","","","","Ancient & Medieval","235","{'day': 'Mo', 'end': '12:45', 'location': 'CH 102', 'start': '23:50'};{'day': 'We', 'end': '12:45', 'location': 'CH 102', 'start': '23:50'};{'day': 'Fr', 'end': '12:45', 'location': 'CH 102', 'start': '23:50'}","False","","1","C","20021","Research","2002"
"0000004163","1.0","0000000973","PHIL","29","1","16","2","10","BTS-T;WRI","Taliaferro, Charles","{'fsnum': '8230', 'name': 'Taliaferro, Charles'}","200","25","","","","","Phil of Theology","241","{'day': 'Tu', 'end': '11:00', 'location': 'H 516', 'start': '09:35'};{'day': 'Th', 'end': '10:50', 'location': 'H 516', 'start': '09:30'}","False","A","1","C","20021","Research","2002"
"0000004164","1.0","0000000973","PHIL","32","1","13","8","10","BTS-T;WRI","Taliaferro, Charles","{'fsnum': '8230', 'name': 'Taliaferro, Charles'}","200","25","","","","","Phil of Theology","241","{'day': 'Tu', 'end': '13:10', 'location': 'H 516', 'start': '23:45'};{'day': 'Th', 'end': '14:05', 'location': 'H 516', 'start': '12:45'}","False","B","1","C","20021","Research","2002"
"0000004165","1.0","0000000975","PHIL","57","8","17","15","17","NST","Fairbanks, Rick A.","{'fsnum': '2022', 'name': 'Fairbanks, Rick A.'}","200","70","","","","","Philosophy & Science","244","{'day': 'Mo', 'end': '10:00', 'location': 'H 307', 'start': '09:05'};{'day': 'We', 'end': '10:00', 'location': 'H 307', 'start': '09:05'};{'day': 'Fr', 'end': '10:00', 'location': 'H 307', 'start': '09:05'}","False","","1","O","20021","Research","2002"
"0000004166","1.0","0000000976","PHIL","20","6","2","7","5","MCS-D","Swain, Corliss","{'fsnum': '8165', 'name': 'Swain, Corliss'}","200","25","","","","","Philosophy & Feminism","245","{'day': 'Mo', 'end': '14:55', 'location': 'H 516', 'start': '14:00'};{'day': 'We', 'end': '14:55', 'location': 'H 516', 'start': '14:00'};{'day': 'Fr', 'end': '14:55', 'location': 'H 516', 'start': '14:00'}","False","","1","O","20021","Research","2002"
"0000004167","1.0","0000000977","PHIL","25","0","8","2","15","EIN","Gervais, Karen","{'fsnum': '2519', 'name': 'Gervais, Karen'}","200","25","","","","","Biomedical Ethics","250","{'day': 'Tu', 'end': '09:25', 'location': 'H 413', 'start': '08:00'};{'day': 'Th', 'end': '09:20', 'location': 'H 413', 'start': '08:00'}","False","","1","C","20021","Research","2002"
"0000004168","1.0","0000000979","PHIL","21","0","7","3","11","EIN","Harper, Vicki L.","{'fsnum': '3121', 'name': 'Harper, Vicki L.'}","200","25","","","","","Ethics/The Good Life","252","{'day': 'Tu', 'end': '14:45', 'location': 'H 302', 'start': '13:20'};{'day': 'Th', 'end': '15:35', 'location': 'H 302', 'start': '14:15'}","False","A","1","O","20021","Research","2002"
"0000004169","1.0","0000000979","PHIL","18","0","2","2","14","EIN","Harper, Vicki L.","{'fsnum': '3121', 'name': 'Harper, Vicki L.'}","200","25","","","","","Ethics/The Good Life","252","{'day': 'Mo', 'end': '14:55', 'location': 'H 317', 'start': '14:00'};{'day': 'We', 'end': '14:55', 'location': 'H 317', 'start': '14:00'};{'day': 'Fr', 'end': '14:55', 'location': 'H 317', 'start': '14:00'}","False","B","1","C","20021","Research","2002"
"0000004170","1.0","0000000979","PHIL","25","0","9","6","10","EIN","Grenberg, Jeanine","{'fsnum': '2752', 'name': 'Grenberg, Jeanine'}","200","25","","","","","Ethics/The Good Life","252","{'day': 'Tu', 'end': '13:10', 'location': 'M 2', 'start': '23:45'};{'day': 'Th', 'end': '14:05', 'location': 'M 2', 'start': '12:45'}","False","C","1","C","20021","Research","2002"
"0000004171","1.0","0000000981","PHIL","22","0","7","1","14","EIN","Swain, Corliss","{'fsnum': '8165', 'name': 'Swain, Corliss'}","200","25","","","","","Friendship Love/Gd Lf","256","{'day': 'Mo', 'end': '11:40', 'location': 'H 516', 'start': '10:45'};{'day': 'We', 'end': '11:40', 'location': 'H 516', 'start': '10:45'};{'day': 'Fr', 'end': '11:40', 'location': 'H 516', 'start': '10:45'}","False","A","1","C","20021","Research","2002"
"0000004172","1.0","0000000981","PHIL","21","0","10","1","10","EIN","Swain, Corliss","{'fsnum': '8165', 'name': 'Swain, Corliss'}","200","25","","","","","Friendship Love/Gd Lf","256","{'day': 'Mo', 'end': '12:45', 'location': 'H 516', 'start': '23:50'};{'day': 'We', 'end': '12:45', 'location': 'H 516', 'start': '23:50'};{'day': 'Fr', 'end': '12:45', 'location': 'H 516', 'start': '23:50'}","False","B","1","C","20021","Research","2002"
"0000004173","1.0","0000000986","PHIL","1","0","0","0","1","","Taliaferro, Charles","{'fsnum': '8230', 'name': 'Taliaferro, Charles'}","200","","","","","","IS/Editing/Publicatio","298","","False","","1","O","20021","Research","2002"
"0000004174","1.0","0000000986","PHIL","1","0","0","0","1","WRI","Harper, Vicki L.","{'fsnum': '3121', 'name': 'Harper, Vicki L.'}","200","","","","","","IS/Aristotelian Metaphys","298","","False","A","1","O","20021","Research","2002"
"0000004175","1.0","0000000986","PHIL","1","0","0","0","1","","Marino, Gordon D.","{'fsnum': '5051', 'name': 'Marino, Gordon D.'}","200","1","","","","","IS/Philosophy of Sprt","298","","False","C","1","O","20021","Research","2002"
"0000004176","1.0","0000000987","PHIL","12","0","4","0","8","WRI","Rudd, Anthony J.","{'fsnum': '14139', 'name': 'Rudd, Anthony J.'}","300","15","","","","","Studies: Epistemology","371","{'day': 'Tu', 'end': '14:45', 'location': 'H 515', 'start': '13:20'};{'day': 'Th', 'end': '15:35', 'location': 'H 515', 'start': '14:15'}","False","","1","O","20021","Research","2002"
"0000004177","1.0","0000000993","PHIL","1","0","0","0","1","","Harper, Vicki L.","{'fsnum': '3121', 'name': 'Harper, Vicki L.'}","300","","","","","","IR/Modal Logic","398","","False","","1","O","20021","Research","2002"
"0000004178","1.0","0000000993","PHIL","1","0","0","0","1","","Fairbanks, Rick A.","{'fsnum': '2022', 'name': 'Fairbanks, Rick A.'}","300","","","","","","IR/Phil Sci and Lang","398","","False","A","1","O","20021","Research","2002"
"0000004219","1.0","0000001069","PHYS","58","0","26","6","26","NSC","Nitz, David","{'fsnum': '5620', 'name': 'Nitz, David'}","100","65","","","","45","Intro Astronomy","112","{'day': 'Mo', 'end': '13:50', 'location': 'SC 170', 'start': '12:55'};{'day': 'We', 'end': '13:50', 'location': 'SC 170', 'start': '12:55'};{'day': 'Fr', 'end': '13:50', 'location': 'SC 170', 'start': '12:55'}","False","","1","C","20021","Research","2002"
"0000004220","1.0","0000001071","PHYS","27","4","6","9","8","NSC","Jacobel, Robert","{'fsnum': '3646', 'name': 'Jacobel, Robert'}","100","36","","","","18","Geophysics","123","{'day': 'Mo', 'end': '11:40', 'location': 'SC 129', 'start': '10:45'};{'day': 'We', 'end': '11:40', 'location': 'SC 129', 'start': '10:45'};{'day': 'Fr', 'end': '11:40', 'location': 'SC 129', 'start': '10:45'}","False","","1","C","20021","Research","2002"
"0000004221","1.0","0000001072","PHYS","45","0","23","13","9","NSC;NSL","Cederberg, James","{'fsnum': '1021', 'name': 'Cederberg, James'}","100","55","","","","","Principles Physics I","124","{'day': 'Mo', 'end': '08:55', 'location': 'SC 170', 'start': '08:00'};{'day': 'We', 'end': '08:55', 'location': 'SC 170', 'start': '08:00'};{'day': 'Fr', 'end': '08:55', 'location': 'SC 170', 'start': '08:00'}","False","A","1","C","20021","Research","2002"
"0000004223","1.0","0000001072","PHYS","57","1","35","9","12","NSC;NSL","Engbrecht, Jason J.","{'fsnum': '14912', 'name': 'Engbrecht, Jason J.'}","100","55","","","","","Principles Physics I","124","{'day': 'Mo', 'end': '10:00', 'location': 'SC 170', 'start': '09:05'};{'day': 'We', 'end': '10:00', 'location': 'SC 170', 'start': '09:05'};{'day': 'Fr', 'end': '10:00', 'location': 'SC 170', 'start': '09:05'}","False","B","1","C","20021","Research","2002"
"0000004222","","0000001073","PHYS","0","0","0","0","0","","Cederberg, James","{'fsnum': '1021', 'name': 'Cederberg, James'}","100","22","","","","","Prin Physics I/Lab","124","{'day': 'Mo', 'end': '15:25', 'location': 'SC 111', 'start': '12:55'}","False","A","1","C","20021","Lab","2002"
"0000004224","","0000001073","PHYS","0","0","0","0","0","","Cederberg, James","{'fsnum': '1021', 'name': 'Cederberg, James'}","100","22","","","","","Prin Physics I/Lab","124","{'day': 'Tu', 'end': '14:15', 'location': 'SC 111', 'start': '23:45'}","False","B","1","C","20021","Lab","2002"
"0000004225","","0000001073","PHYS","0","0","0","0","0","","Dahl, David A.","{'fsnum': '1345', 'name': 'Dahl, David A.'}","100","22","","","","","Prin Physics I/Lab","124","{'day': 'Th', 'end': '10:50', 'location': 'SC 111', 'start': '08:20'}","False","C","1","C","20021","Lab","2002"
"0000004226","","0000001073","PHYS","0","0","0","0","0","","Cederberg, James","{'fsnum': '1021', 'name': 'Cederberg, James'}","100","22","","","","","Prin Physics I/Lab","124","{'day': 'Th', 'end': '16:55', 'location': 'SC 111', 'start': '14:25'}","False","D","1","C","20021","Lab","2002"
"0000004227","","0000001073","PHYS","0","0","0","0","0","","Engbrecht, Jason J.","{'fsnum': '14912', 'name': 'Engbrecht, Jason J.'}","100","22","","","","","Prin Physics I/Lab","124","{'day': 'Fr', 'end': '15:25', 'location': 'SC 111', 'start': '12:55'}","False","E","1","O","20021","Lab","2002"
"0000004228","1.0","0000001076","PHYS","31","24","0","5","2","NSC;NSL","Kolan, Amy","{'fsnum': '4480', 'name': 'Kolan, Amy'}","100","40","","","","","Analytical I","126","{'day': 'Mo', 'end': '12:45', 'location': 'SC 170', 'start': '23:50'};{'day': 'We', 'end': '12:45', 'location': 'SC 170', 'start': '23:50'};{'day': 'Fr', 'end': '12:45', 'location': 'SC 170', 'start': '23:50'};{'day': 'Tu', 'end': '11:00', 'location': 'SC 170', 'start': '10:05'};{'day': 'Th', 'end': '10:50', 'location': 'SC 170', 'start': '09:55'}","False","","1","O","20021","Research","2002"
"0000004229","","0000001077","PHYS","0","0","0","0","0","","Kolan, Amy","{'fsnum': '4480', 'name': 'Kolan, Amy'}","100","20","","","","","Analytical I/Lab","126","{'day': 'Mo', 'end': '15:25', 'location': 'SC 159', 'start': '12:55'}","False","A","1","O","20021","Lab","2002"
"0000004230","","0000001077","PHYS","0","0","0","0","0","","Nitz, David","{'fsnum': '5620', 'name': 'Nitz, David'}","100","20","","","","","Analytical I/Lab","126","{'day': 'Tu', 'end': '15:55', 'location': 'SC 159', 'start': '13:20'}","False","B","1","C","20021","Lab","2002"
"0000004231","1.0","0000001080","PHYS","12","0","0","11","1","","Dahl, David A.","{'fsnum': '1345', 'name': 'Dahl, David A.'}","200","32","","","","","Analytical III","228","{'day': 'Mo', 'end': '10:00', 'location': 'SC 110', 'start': '09:05'};{'day': 'We', 'end': '10:00', 'location': 'SC 110', 'start': '09:05'};{'day': 'Fr', 'end': '10:00', 'location': 'SC 110', 'start': '09:05'}","False","","1","O","20021","Research","2002"
"0000004232","0.25","0000001081","PHYS","4","0","0","4","0","","Dahl, David A.","{'fsnum': '1345', 'name': 'Dahl, David A.'}","200","16","","","","","Analytical Phy Lab","229","{'day': 'Th', 'end': '15:20', 'location': 'SC 159', 'start': '12:50'}","False","A","1","O","20021","Lab","2002"
"0000004233","0.25","0000001081","PHYS","8","0","0","7","1","","Dahl, David A.","{'fsnum': '1345', 'name': 'Dahl, David A.'}","200","16","","","","","Analytical Phy Lab","229","{'day': 'Fr', 'end': '16:30', 'location': 'SC 159', 'start': '14:00'}","False","B","1","O","20021","Lab","2002"
"0000004234","1.0","0000001092","PHYS","16","0","14","0","2","","Dahl, David A.","{'fsnum': '1345', 'name': 'Dahl, David A.'}","300","18","","","","","Classical Mechanics","374","{'day': 'Mo', 'end': '12:45', 'location': 'SC 110', 'start': '23:50'};{'day': 'We', 'end': '12:45', 'location': 'SC 110', 'start': '23:50'};{'day': 'Fr', 'end': '12:45', 'location': 'SC 110', 'start': '23:50'}","False","","1","O","20021","Research","2002"
"0000004235","1.0","0000001094","PHYS","11","0","1","0","10","","Cederberg, James","{'fsnum': '1021', 'name': 'Cederberg, James'}","300","18","","","","","Quantum Mechanics","376","{'day': 'Mo', 'end': '11:40', 'location': 'SC 110', 'start': '10:45'};{'day': 'We', 'end': '11:40', 'location': 'SC 110', 'start': '10:45'};{'day': 'Fr', 'end': '11:40', 'location': 'SC 110', 'start': '10:45'}","False","","1","O","20021","Research","2002"
"0000004236","0.25","0000001096","PHYS","8","0","8","0","0","","Engbrecht, Jason J.","{'fsnum': '14912', 'name': 'Engbrecht, Jason J.'}","300","9","","","","","Adv Physics Lab (374)","384","{'day': 'Mo', 'end': '17:00', 'location': 'SC 151', 'start': '14:00'}","False","A","1","C","20021","Lab","2002"
"0000004237","0.25","0000001096","PHYS","7","0","5","0","2","","Engbrecht, Jason J.","{'fsnum': '14912', 'name': 'Engbrecht, Jason J.'}","300","9","","","","","Adv Physics Lab (374)","384","{'day': 'Tu', 'end': '16:20', 'location': 'SC 151', 'start': '13:20'}","False","B","1","O","20021","Lab","2002"
"0000004238","0.25","0000001098","PHYS","3","0","0","0","3","","Nitz, David","{'fsnum': '5620', 'name': 'Nitz, David'}","300","9","","","","","Adv Physics Lab (376)","386","{'day': 'Th', 'end': '15:50', 'location': 'SC 151', 'start': '12:50'}","False","A","1","O","20021","Lab","2002"
"0000004239","0.25","0000001098","PHYS","8","0","1","0","7","","Nitz, David","{'fsnum': '5620', 'name': 'Nitz, David'}","300","9","","","","","Adv Physics Lab (376)","386","{'day': 'Fr', 'end': '17:00', 'location': 'SC 151', 'start': '14:00'}","False","B","1","O","20021","Lab","2002"
"0000004240","1.0","0000001103","PSCI","38","8","7","15","8","HBS;MCS-D","Umbanhowar Sr, Charles E.","{'fsnum': '8656', 'name': 'Umbanhowar Sr, Charles E.'}","100","30","4","6","9","3","American Politics","111","{'day': 'Mo', 'end': '11:40', 'location': 'H 501', 'start': '10:45'};{'day': 'We', 'end': '11:40', 'location': 'H 501', 'start': '10:45'};{'day': 'Fr', 'end': '11:40', 'location': 'H 501', 'start': '10:45'}","False","A","1","C","20021","Research","2002"
"0000004241","1.0","0000001103","PSCI","30","22","1","5","2","HBS;MCS-D","Gorton, William A.","{'fsnum': '15068', 'name': 'Gorton, William A.'}","100","25","","","","","American Politics","111","{'day': 'Mo', 'end': '10:00', 'location': 'ST', 'start': '09:05'};{'day': 'We', 'end': '10:00', 'location': 'ST', 'start': '09:05'};{'day': 'Fr', 'end': '10:00', 'location': 'ST', 'start': '09:05'}","False","B","1","C","20021","Research","2002"
"0000004242","1.0","0000001103","PSCI","30","23","1","3","3","HBS;MCS-D","Gorton, William A.","{'fsnum': '15068', 'name': 'Gorton, William A.'}","100","25","","","","","American Politics","111","{'day': 'Mo', 'end': '11:40', 'location': 'TB 216', 'start': '10:45'};{'day': 'We', 'end': '11:40', 'location': 'TB 216', 'start': '10:45'};{'day': 'Fr', 'end': '11:40', 'location': 'TB 216', 'start': '10:45'}","False","C","1","C","20021","Research","2002"
"0000004243","1.0","0000001105","PSCI","22","6","5","7","4","HWC;MCS-D","Breen, Sheryl D.","{'fsnum': '13316', 'name': 'Breen, Sheryl D.'}","100","25","","6","8","3","Political Theory","113","{'day': 'Mo', 'end': '13:50', 'location': 'H 413', 'start': '12:55'};{'day': 'We', 'end': '13:50', 'location': 'H 413', 'start': '12:55'};{'day': 'Fr', 'end': '13:50', 'location': 'H 413', 'start': '12:55'}","False","A","1","C","20021","Research","2002"
"0000004244","1.0","0000001105","PSCI","28","11","7","9","1","HWC;MCS-D","Breen, Sheryl D.","{'fsnum': '13316', 'name': 'Breen, Sheryl D.'}","100","25","","7","8","3","Political Theory","113","{'day': 'Mo', 'end': '14:55', 'location': 'H 413', 'start': '14:00'};{'day': 'We', 'end': '14:55', 'location': 'H 413', 'start': '14:00'};{'day': 'Fr', 'end': '14:55', 'location': 'H 413', 'start': '14:00'}","False","B","1","C","20021","Research","2002"
"0000004245","1.0","0000001110","PSCI","29","9","2","14","4","HBS","Burch, Kurt","{'fsnum': '14022', 'name': 'Burch, Kurt'}","100","25","","6","8","3","Int'l Relations","121","{'day': 'Tu', 'end': '14:45', 'location': 'L 577', 'start': '13:20'};{'day': 'Th', 'end': '15:35', 'location': 'L 577', 'start': '14:15'}","False","","1","C","20021","Research","2002"
"0000004246","1.0","0000001113","PSCI","24","0","10","5","9","WRI","Breen, Sheryl D.","{'fsnum': '13316', 'name': 'Breen, Sheryl D.'}","200","20","","","","","Analyzing Politics","220","{'day': 'Mo', 'end': '10:00', 'location': 'M 11', 'start': '09:05'};{'day': 'We', 'end': '10:00', 'location': 'M 11', 'start': '09:05'};{'day': 'Fr', 'end': '10:00', 'location': 'M 11', 'start': '09:05'}","False","","1","C","20021","Research","2002"
"0000004247","1.0","0000001125","PSCI","18","0","11","3","4","","Hofrenning, Dan","{'fsnum': '3418', 'name': 'Hofrenning, Dan'}","200","20","","","","","Parties & Elections","255","{'day': 'Mo', 'end': '13:50', 'location': 'M 35', 'start': '12:55'};{'day': 'We', 'end': '13:50', 'location': 'M 35', 'start': '12:55'};{'day': 'Fr', 'end': '13:50', 'location': 'M 35', 'start': '12:55'}","False","","1","C","20021","Research","2002"
"0000004248","1.0","0000001128","PSCI","19","0","7","3","9","","Burch, Kurt","{'fsnum': '14022', 'name': 'Burch, Kurt'}","200","20","","","","","World Politics","258","{'day': 'Tu', 'end': '13:10', 'location': 'L 577', 'start': '23:45'};{'day': 'Th', 'end': '14:05', 'location': 'L 577', 'start': '12:45'}","False","","1","C","20021","Research","2002"
"0000004249","1.0","0000001133","PSCI","31","0","5","0","26","EIN","Beld, Jo M.","{'fsnum': '2334', 'name': 'Beld, Jo M.'}","200","25","","","","","Family Values","270","{'day': 'Tu', 'end': '13:10', 'location': 'M 11', 'start': '23:45'};{'day': 'Th', 'end': '14:05', 'location': 'M 11', 'start': '12:45'}","False","","1","C","20021","Research","2002"
"0000004250","1.0","0000001134","PSCI","15","0","6","3","6","","Umbanhowar Sr, Charles E.","{'fsnum': '8656', 'name': 'Umbanhowar Sr, Charles E.'}","200","15","","","","","Amer Const Law","272","{'day': 'Tu', 'end': '11:00', 'location': 'H 515', 'start': '09:35'};{'day': 'Th', 'end': '10:50', 'location': 'H 515', 'start': '09:30'}","False","A","1","C","20021","Research","2002"
"0000004251","1.0","0000001134","PSCI","15","0","8","1","6","","Umbanhowar Sr, Charles E.","{'fsnum': '8656', 'name': 'Umbanhowar Sr, Charles E.'}","200","15","","","","","Amer Const Law","272","{'day': 'Tu', 'end': '14:45', 'location': 'H 514', 'start': '13:20'};{'day': 'Th', 'end': '15:35', 'location': 'H 514', 'start': '14:15'}","False","B","1","C","20021","Research","2002"
"0000004252","1.0","0000001139","PSCI","3","0","1","0","2","","Hofrenning, Dan","{'fsnum': '3418', 'name': 'Hofrenning, Dan'}","200","","","","","","Academic Internship","294","","True","","1","O","20021","Research","2002"
"0000004253","1.0","0000001141","PSCI","1","0","0","0","1","","Breen, Sheryl D.","{'fsnum': '13316', 'name': 'Breen, Sheryl D.'}","200","","","","","","IS/Rights: Cncpt/MNing","298","","False","","1","O","20021","Research","2002"
"0000004254","1.0","0000001142","PSCI","16","1","7","4","4","","Brooks, D Christopher","{'fsnum': '14170', 'name': 'Brooks, D Christopher'}","200","20","","","","","Top: Dem Transitions","299","{'day': 'Tu', 'end': '14:45', 'location': 'L 520', 'start': '13:20'};{'day': 'Th', 'end': '15:35', 'location': 'L 520', 'start': '14:15'}","False","","1","O","20021","Topic","2002"
"0000004255","1.0","0000001148","PSCI","11","0","2","0","9","WRI","Brooks, D Christopher","{'fsnum': '14170', 'name': 'Brooks, D Christopher'}","300","15","","","","","Studies-Hannah Arendt","384","{'day': 'Tu', 'end': '11:00', 'location': 'ST', 'start': '09:35'};{'day': 'Th', 'end': '10:50', 'location': 'ST', 'start': '09:30'}","False","","1","O","20021","Research","2002"
"0000004256","1.0","0000001152","PSCI","1","0","0","0","1","","Umbanhowar Sr, Charles E.","{'fsnum': '8656', 'name': 'Umbanhowar Sr, Charles E.'}","300","","","","","","IR/Feminism & Politics","398","","False","","1","O","20021","Research","2002"
"0000004257","1.0","0000001152","PSCI","1","0","0","0","1","","Brooks, D Christopher","{'fsnum': '14170', 'name': 'Brooks, D Christopher'}","300","","","","","","IR/Social Movements","398","","False","A","1","O","20021","Research","2002"
"0000004258","1.0","0000001152","PSCI","1","0","0","0","1","","Hofrenning, Dan","{'fsnum': '3418', 'name': 'Hofrenning, Dan'}","300","","","","","","IR/Political Analysis","398","","False","B","1","O","20021","Research","2002"
"0000004259","1.0","0000001152","PSCI","1","0","0","0","1","","Umbanhowar Sr, Charles E.","{'fsnum': '8656', 'name': 'Umbanhowar Sr, Charles E.'}","300","","","","","","IR/Native Amer Law","398","","False","C","1","O","20021","Research","2002"
"0000004260","1.0","0000001153","PSCI","15","0","2","0","13","WRI","Burch, Kurt","{'fsnum': '14022', 'name': 'Burch, Kurt'}","300","15","","","","","Sem: Int'l Relations","399","{'day': 'Tu', 'end': '09:25', 'location': 'H 515', 'start': '08:00'};{'day': 'Th', 'end': '09:20', 'location': 'H 515', 'start': '08:00'}","False","A","1","C","20021","Seminar","2002"
"0000004261","1.0","0000001154","PSYCH","110","46","13","29","22","HBS;NST","Wolfe, Uta","{'fsnum': '14184', 'name': 'Wolfe, Uta'}","100","120","","","","","Principles: Psych","125","{'day': 'Mo', 'end': '10:00', 'location': 'H 501', 'start': '09:05'};{'day': 'We', 'end': '10:00', 'location': 'H 501', 'start': '09:05'};{'day': 'Fr', 'end': '10:00', 'location': 'H 501', 'start': '09:05'}","False","A","1","C","20021","Research","2002"
"0000004262","1.0","0000001154","PSYCH","106","39","9","40","18","HBS;NST","Thorsheim, Howard","{'fsnum': '8376', 'name': 'Thorsheim, Howard'}","100","120","","","","","Principles: Psych","125","{'day': 'Tu', 'end': '11:00', 'location': 'H 501', 'start': '09:35'};{'day': 'Th', 'end': '10:50', 'location': 'H 501', 'start': '09:30'}","False","B","1","C","20021","Research","2002"
"0000004263","0.25","0000001155","PSYCH","27","17","1","6","3","NSL","Thorsheim, Howard","{'fsnum': '8376', 'name': 'Thorsheim, Howard'}","100","30","","","","","Invest Explor Lab","126","{'day': 'Tu', 'end': '14:45', 'location': 'SC 280', 'start': '23:45'}","False","A","1","C","20021","Lab","2002"
"0000004264","0.25","0000001155","PSYCH","20","12","2","5","1","NSL","Thorsheim, Howard","{'fsnum': '8376', 'name': 'Thorsheim, Howard'}","100","30","","","","","Invest Explor Lab","126","{'day': 'We', 'end': '17:00', 'location': 'SC 280', 'start': '14:00'}","False","B","1","O","20021","Lab","2002"
"0000004265","1.0","0000001158","PSYCH","37","0","19","8","10","","Gross, Dana;Bacon, Pamela","{'fsnum': '2768', 'name': 'Gross, Dana'};{'fsnum': '14169', 'name': 'Bacon, Pamela'}","200","40","","","","","Research Methods","231","{'day': 'Mo', 'end': '11:40', 'location': 'H 307', 'start': '10:45'};{'day': 'We', 'end': '11:40', 'location': 'H 307', 'start': '10:45'};{'day': 'Fr', 'end': '11:40', 'location': 'H 307', 'start': '10:45'}","False","","1","C","20021","Research","2002"
"0000004266","1.0","0000001159","PSYCH","9","0","3","4","2","NSL;NST","Sherman, Bonnie","{'fsnum': '7475', 'name': 'Sherman, Bonnie'}","200","12","","","","","Sensation/Perception","235","{'day': 'Mo', 'end': '10:00', 'location': 'H 317', 'start': '09:05'};{'day': 'We', 'end': '10:00', 'location': 'H 317', 'start': '09:05'};{'day': 'Fr', 'end': '10:00', 'location': 'H 317', 'start': '09:05'};{'day': 'Th', 'end': '10:00', 'location': 'H 204', 'start': '08:00'}","False","A","1","C","20021","Research","2002"
"0000004267","1.0","0000001159","PSYCH","12","0","5","2","5","NSL;NST","Sherman, Bonnie","{'fsnum': '7475', 'name': 'Sherman, Bonnie'}","200","12","","","","","Sensation/Perception","235","{'day': 'Mo', 'end': '10:00', 'location': 'H 317', 'start': '09:05'};{'day': 'We', 'end': '10:00', 'location': 'H 317', 'start': '09:05'};{'day': 'Fr', 'end': '10:00', 'location': 'H 317', 'start': '09:05'};{'day': 'Th', 'end': '14:45', 'location': 'H 204', 'start': '12:45'}","False","B","1","C","20021","Research","2002"
"0000004268","1.0","0000001161","PSYCH","10","0","3","5","2","NSL;NST","Dickson Jr., James","{'fsnum': '1366', 'name': 'Dickson Jr., James'}","200","12","","","","","Conditioning & Learning","236","{'day': 'Mo', 'end': '13:50', 'location': 'H 206', 'start': '12:55'};{'day': 'We', 'end': '13:50', 'location': 'H 206', 'start': '12:55'};{'day': 'Fr', 'end': '13:50', 'location': 'H 206', 'start': '12:55'};{'day': 'Th', 'end': '10:30', 'location': 'H 206', 'start': '09:30'}","False","A","1","C","20021","Research","2002"
"0000004269","1.0","0000001161","PSYCH","12","0","5","4","3","NSL;NST","Dickson Jr., James","{'fsnum': '1366', 'name': 'Dickson Jr., James'}","200","12","","","","","Conditioning & Learning","236","{'day': 'Mo', 'end': '13:50', 'location': 'H 204', 'start': '12:55'};{'day': 'We', 'end': '13:50', 'location': 'H 204', 'start': '12:55'};{'day': 'Fr', 'end': '13:50', 'location': 'H 204', 'start': '12:55'};{'day': 'Th', 'end': '13:45', 'location': 'H 206', 'start': '12:45'}","False","B","1","C","20021","Research","2002"
"0000004270","1.0","0000001165","PSYCH","34","0","14","13","7","NST","Wolfe, Uta","{'fsnum': '14184', 'name': 'Wolfe, Uta'}","200","35","","","","","Biopsychology","238","{'day': 'Mo', 'end': '11:40', 'location': 'H 317', 'start': '10:45'};{'day': 'We', 'end': '11:40', 'location': 'H 317', 'start': '10:45'};{'day': 'Fr', 'end': '11:40', 'location': 'H 317', 'start': '10:45'}","False","","1","C","20021","Research","2002"
"0000004271","1.0","0000001168","PSYCH","38","0","9","15","14","","Endicott, Leilani","{'fsnum': '14881', 'name': 'Endicott, Leilani'}","200","35","","","","","Developmental Psych","241","{'day': 'Mo', 'end': '12:45', 'location': 'H 317', 'start': '23:50'};{'day': 'We', 'end': '12:45', 'location': 'H 317', 'start': '23:50'};{'day': 'Fr', 'end': '12:45', 'location': 'H 317', 'start': '23:50'}","False","A","1","C","20021","Research","2002"
"0000004272","1.0","0000001168","PSYCH","34","1","7","21","5","","Endicott, Leilani","{'fsnum': '14881', 'name': 'Endicott, Leilani'}","200","35","","","","","Developmental Psych","241","{'day': 'Mo', 'end': '13:50', 'location': 'H 317', 'start': '12:55'};{'day': 'We', 'end': '13:50', 'location': 'H 317', 'start': '12:55'};{'day': 'Fr', 'end': '13:50', 'location': 'H 317', 'start': '12:55'}","False","B","1","C","20021","Research","2002"
"0000004273","1.0","0000001170","PSYCH","33","6","3","19","5","","Bacon, Pamela","{'fsnum': '14169', 'name': 'Bacon, Pamela'}","200","34","","","","","Social Psychology","249","{'day': 'Tu', 'end': '09:25', 'location': 'H 307', 'start': '08:00'};{'day': 'Th', 'end': '09:20', 'location': 'H 307', 'start': '08:00'}","False","A","1","O","20021","Research","2002"
"0000004274","1.0","0000001170","PSYCH","37","0","5","25","7","","Bacon, Pamela","{'fsnum': '14169', 'name': 'Bacon, Pamela'}","200","35","","","","","Social Psychology","249","{'day': 'Tu', 'end': '11:00', 'location': 'H 307', 'start': '09:35'};{'day': 'Th', 'end': '10:50', 'location': 'H 307', 'start': '09:30'}","False","B","1","C","20021","Research","2002"
"0000004275","1.0","0000001176","PSYCH","34","0","13","7","14","","McMillan, Donna K.","{'fsnum': '5220', 'name': 'McMillan, Donna K.'}","200","35","","","","","Abnormal Psych","264","{'day': 'Tu', 'end': '13:10', 'location': 'H 307', 'start': '23:45'};{'day': 'Th', 'end': '14:05', 'location': 'H 307', 'start': '12:45'}","False","","1","C","20021","Research","2002"
"0000004276","1.0","0000001179","PSYCH","1","0","0","0","1","","McMillan, Donna K.","{'fsnum': '5220', 'name': 'McMillan, Donna K.'}","200","","","","","","IS/Humans and Nature","298","","False","","1","O","20021","Research","2002"
"0000004277","1.0","0000001179","PSYCH","1","0","0","0","1","","Bacon, Pamela","{'fsnum': '14169', 'name': 'Bacon, Pamela'}","200","","","","","","IS/Anorexia: Soc.Infl.","298","","False","A","1","O","20021","Research","2002"
"0000004278","1.0","0000001179","PSYCH","2","0","2","0","0","","Bacon, Pamela","{'fsnum': '14169', 'name': 'Bacon, Pamela'}","200","","","","","","IS/Psyc,Culture,Relig","298","","False","B","1","O","20021","Research","2002"
"0000004279","1.0","0000001184","PSYCH","16","0","5","0","11","","Sherman, Bonnie","{'fsnum': '7475', 'name': 'Sherman, Bonnie'}","300","18","","","","","Human Neuropsychology","385","{'day': 'Mo', 'end': '12:45', 'location': 'H 204', 'start': '23:50'};{'day': 'We', 'end': '12:45', 'location': 'H 204', 'start': '23:50'};{'day': 'Fr', 'end': '12:45', 'location': 'H 204', 'start': '23:50'}","False","","1","C","20021","Research","2002"
"0000004280","1.0","0000001186","PSYCH","18","0","3","0","15","","Gross, Dana","{'fsnum': '2768', 'name': 'Gross, Dana'}","300","18","","","","","Sem: Infancy","390","{'day': 'Mo', 'end': '14:55', 'location': 'H 515', 'start': '14:00'};{'day': 'We', 'end': '14:55', 'location': 'H 515', 'start': '14:00'};{'day': 'Fr', 'end': '14:55', 'location': 'H 515', 'start': '14:00'}","False","A","1","C","20021","Seminar","2002"
"0000004281","1.0","0000001186","PSYCH","22","0","5","0","17","ORC","Anderson, Deborah","{'fsnum': '186', 'name': 'Anderson, Deborah'}","300","18","","","","","Sem: Health Psych","390","{'day': 'Tu', 'end': '13:10', 'location': 'ST', 'start': '23:45'};{'day': 'Th', 'end': '14:05', 'location': 'ST', 'start': '12:45'}","False","B","1","C","20021","Seminar","2002"
"0000004282","1.0","0000001186","PSYCH","18","0","6","0","12","","Anderson, Deborah","{'fsnum': '186', 'name': 'Anderson, Deborah'}","300","18","","","","","Sem: Psych of Women","390","{'day': 'Tu', 'end': '14:45', 'location': 'ST', 'start': '13:20'};{'day': 'Th', 'end': '15:35', 'location': 'ST', 'start': '14:15'}","False","C","1","C","20021","Seminar","2002"
"0000004283","1.0","0000001186","PSYCH","8","0","2","0","6","","Wolfe, Uta","{'fsnum': '14184', 'name': 'Wolfe, Uta'}","300","18","","","","","Sem: Brain & Language","390","{'day': 'Mo', 'end': '08:55', 'location': 'H 516', 'start': '08:00'};{'day': 'We', 'end': '08:55', 'location': 'H 516', 'start': '08:00'};{'day': 'Fr', 'end': '08:55', 'location': 'H 516', 'start': '08:00'}","False","G","1","C","20021","Seminar","2002"
"0000004284","1.0","0000001188","PSYCH","4","0","0","0","4","","Thorsheim, Howard","{'fsnum': '8376', 'name': 'Thorsheim, Howard'}","300","","","","","","Academic Internship","394","","True","","1","O","20021","Research","2002"
"0000004285","1.0","0000001188","PSYCH","1","0","0","0","1","","Anderson, Deborah","{'fsnum': '186', 'name': 'Anderson, Deborah'}","300","","","","","","Academic Internship","394","","True","A","1","O","20021","Research","2002"
"0000004286","1.0","0000001190","PSYCH","1","0","0","0","1","","Bacon, Pamela","{'fsnum': '14169', 'name': 'Bacon, Pamela'}","300","","","","","","IR/Birg, Self Constru","398","","False","","1","O","20021","Research","2002"
"0000004287","1.0","0000001190","PSYCH","1","0","0","0","1","","McMillan, Donna K.","{'fsnum': '5220', 'name': 'McMillan, Donna K.'}","300","","","","","","IR/Religion & Nature","398","","False","A","1","O","20021","Research","2002"
"0000004288","1.0","0000001190","PSYCH","1","0","0","0","1","","Endicott, Leilani","{'fsnum': '14881', 'name': 'Endicott, Leilani'}","300","","","","","","IR/Adole & Moral Dev","398","","False","B","1","O","20021","Research","2002"
"0000004289","1.0","0000001190","PSYCH","1","0","0","0","1","","Anderson, Deborah","{'fsnum': '186', 'name': 'Anderson, Deborah'}","300","","","","","","IR/Eating Disorders","398","","False","C","1","O","20021","Research","2002"
"0000004290","1.0","0000001190","PSYCH","1","0","0","0","1","","McMillan, Donna K.","{'fsnum': '5220', 'name': 'McMillan, Donna K.'}","300","","","","","","IR/Death Anx & Nature","398","","False","D","1","O","20021","Research","2002"
"0000004291","1.0","0000001190","PSYCH","1","0","0","0","1","","McMillan, Donna K.","{'fsnum': '5220', 'name': 'McMillan, Donna K.'}","300","","","","","","IR/Death,Nature,Needs","398","","False","E","1","O","20021","Research","2002"
"0000004292","1.0","0000001191","REL","22","20","0","0","2","BTS-B","Lagerquist, L. DeAne","{'fsnum': '4592', 'name': 'Lagerquist, L. DeAne'}","100","24","","","","","Bible/Culture/Commun","121","{'day': 'Mo', 'end': '08:55', 'location': 'CH 101', 'start': '08:00'};{'day': 'We', 'end': '08:55', 'location': 'CH 101', 'start': '08:00'};{'day': 'Fr', 'end': '08:55', 'location': 'CH 101', 'start': '08:00'}","False","A","1","C","20021","Research","2002"
"0000004293","1.0","0000001191","REL","27","21","0","5","1","BTS-B","Poehlmann, William","{'fsnum': '6381', 'name': 'Poehlmann, William'}","100","24","","","","","Bible/Culture/Commun","121","{'day': 'Mo', 'end': '10:00', 'location': 'CH 111', 'start': '09:05'};{'day': 'We', 'end': '10:00', 'location': 'CH 111', 'start': '09:05'};{'day': 'Fr', 'end': '10:00', 'location': 'CH 111', 'start': '09:05'}","False","B","1","C","20021","Research","2002"
"0000004294","1.0","0000001191","REL","19","18","0","0","1","BTS-B","Wilson, Charles","{'fsnum': '9090', 'name': 'Wilson, Charles'}","100","24","","","","","Bible/Culture/Commun","121","{'day': 'Mo', 'end': '10:00', 'location': 'CH 101', 'start': '09:05'};{'day': 'We', 'end': '10:00', 'location': 'CH 101', 'start': '09:05'};{'day': 'Fr', 'end': '10:00', 'location': 'CH 101', 'start': '09:05'}","False","C","1","C","20021","Research","2002"
"0000004295","1.0","0000001191","REL","23","20","0","0","3","BTS-B","Wilson, Charles","{'fsnum': '9090', 'name': 'Wilson, Charles'}","100","24","","","","","Bible/Culture/Commun","121","{'day': 'Mo', 'end': '11:40', 'location': 'CH 101', 'start': '10:45'};{'day': 'We', 'end': '11:40', 'location': 'CH 101', 'start': '10:45'};{'day': 'Fr', 'end': '11:40', 'location': 'CH 101', 'start': '10:45'}","False","D","1","C","20021","Research","2002"
"0000004296","1.0","0000001191","REL","21","15","0","3","3","BTS-B","Galbraith, Elizabeth C.","{'fsnum': '14954', 'name': 'Galbraith, Elizabeth C.'}","100","24","","","","","Bible/Culture/Commun","121","{'day': 'Mo', 'end': '12:45', 'location': 'CH 110', 'start': '23:50'};{'day': 'We', 'end': '12:45', 'location': 'CH 110', 'start': '23:50'};{'day': 'Fr', 'end': '12:45', 'location': 'CH 110', 'start': '23:50'}","False","E","1","C","20021","Research","2002"
"0000004297","1.0","0000001191","REL","24","20","0","1","3","BTS-B","Booth, David","{'fsnum': '712', 'name': 'Booth, David'}","100","24","","","","","Bible/Culture/Commun","121","{'day': 'Mo', 'end': '13:50', 'location': 'CH 101', 'start': '12:55'};{'day': 'We', 'end': '13:50', 'location': 'CH 101', 'start': '12:55'};{'day': 'Fr', 'end': '13:50', 'location': 'CH 101', 'start': '12:55'}","False","F","1","C","20021","Research","2002"
"0000004298","1.0","0000001191","REL","24","23","0","0","1","BTS-B","Galbraith, Elizabeth C.","{'fsnum': '14954', 'name': 'Galbraith, Elizabeth C.'}","100","24","","","","","Bible/Culture/Commun","121","{'day': 'Mo', 'end': '14:55', 'location': 'CH 110', 'start': '14:00'};{'day': 'We', 'end': '14:55', 'location': 'CH 110', 'start': '14:00'};{'day': 'Fr', 'end': '14:55', 'location': 'CH 110', 'start': '14:00'}","False","G","1","C","20021","Research","2002"
"0000004299","1.0","0000001191","REL","27","25","0","1","1","BTS-B","Lund, Eric","{'fsnum': '4838', 'name': 'Lund, Eric'}","100","24","","","","","Bible/Culture/Commun","121","{'day': 'Tu', 'end': '09:25', 'location': 'CH 101', 'start': '08:00'};{'day': 'Th', 'end': '09:20', 'location': 'CH 101', 'start': '08:00'}","False","H","1","C","20021","Research","2002"
"0000004300","1.0","0000001191","REL","26","22","0","2","2","BTS-B","Siemsen, Elaine G.","{'fsnum': '15034', 'name': 'Siemsen, Elaine G.'}","100","24","","","","","Bible/Culture/Commun","121","{'day': 'Tu', 'end': '11:00', 'location': 'CH 102', 'start': '09:35'};{'day': 'Th', 'end': '10:50', 'location': 'CH 102', 'start': '09:30'}","False","I","1","C","20021","Research","2002"
"0000004301","1.0","0000001191","REL","26","26","0","0","0","BTS-B","Odell, Margaret","{'fsnum': '5800', 'name': 'Odell, Margaret'}","100","24","","","","","Bible/Culture/Commun","121","{'day': 'Tu', 'end': '11:00', 'location': 'CH 111', 'start': '09:35'};{'day': 'Th', 'end': '10:50', 'location': 'CH 111', 'start': '09:30'}","False","J","1","C","20021","Research","2002"
"0000004302","1.0","0000001191","REL","27","22","0","4","1","BTS-B","Malotky, Daniel","{'fsnum': '5032', 'name': 'Malotky, Daniel'}","100","24","","","","","Bible/Culture/Commun","121","{'day': 'Tu', 'end': '11:00', 'location': 'TB 227', 'start': '09:35'};{'day': 'Th', 'end': '10:50', 'location': 'TB 227', 'start': '09:30'}","False","K","1","C","20021","Research","2002"
"0000004303","1.0","0000001191","REL","25","23","0","0","2","BTS-B","Siemsen, Elaine G.","{'fsnum': '15034', 'name': 'Siemsen, Elaine G.'}","100","24","","","","","Bible/Culture/Commun","121","{'day': 'Tu', 'end': '09:25', 'location': 'CH 102', 'start': '08:00'};{'day': 'Th', 'end': '09:20', 'location': 'CH 102', 'start': '08:00'}","False","L","1","C","20021","Research","2002"
"0000004304","1.0","0000001191","REL","25","20","0","4","1","BTS-B","Hanson, James","{'fsnum': '3061', 'name': 'Hanson, James'}","100","24","","","","","Bible/Culture/Commun","121","{'day': 'Tu', 'end': '14:45', 'location': 'CH 101', 'start': '13:20'};{'day': 'Th', 'end': '15:35', 'location': 'CH 101', 'start': '14:15'}","False","M","1","C","20021","Research","2002"
"0000004305","1.0","0000001191","REL","23","19","0","1","3","BTS-B","Malotky, Daniel","{'fsnum': '5032', 'name': 'Malotky, Daniel'}","100","24","","","","","Bible/Culture/Commun","121","{'day': 'Tu', 'end': '14:45', 'location': 'CH 110', 'start': '13:20'};{'day': 'Th', 'end': '15:35', 'location': 'CH 110', 'start': '14:15'}","False","N","1","C","20021","Research","2002"
"0000004306","1.0","0000001193","REL","28","1","3","20","4","BTS-T;WRI","Stoltzfus, Philip E.","{'fsnum': '13278', 'name': 'Stoltzfus, Philip E.'}","200","25","","","","","Classics and Moderns","202","{'day': 'Tu', 'end': '13:10', 'location': 'CH 102', 'start': '23:45'};{'day': 'Th', 'end': '14:05', 'location': 'CH 102', 'start': '12:45'}","False","A","1","C","20021","Research","2002"
"0000004307","1.0","0000001193","REL","26","1","2","20","3","BTS-T;WRI","Stoltzfus, Philip E.","{'fsnum': '13278', 'name': 'Stoltzfus, Philip E.'}","200","25","","","","","Classics and Moderns","202","{'day': 'Tu', 'end': '14:45', 'location': 'CH 102', 'start': '13:20'};{'day': 'Th', 'end': '15:35', 'location': 'CH 102', 'start': '14:15'}","False","B","1","C","20021","Research","2002"
"0000004308","1.0","0000001195","REL","32","0","18","2","12","BTS-T;WRI","Santurri, Edmund","{'fsnum': '7020', 'name': 'Santurri, Edmund'}","200","25","","","","","Chri Theol/Moral Life","207","{'day': 'Mo', 'end': '11:40', 'location': 'CH 111', 'start': '10:45'};{'day': 'We', 'end': '11:40', 'location': 'CH 111', 'start': '10:45'};{'day': 'Fr', 'end': '11:40', 'location': 'CH 111', 'start': '10:45'}","False","A","1","C","20021","Research","2002"
"0000004309","1.0","0000001195","REL","25","0","18","1","6","BTS-T;WRI","Santurri, Edmund","{'fsnum': '7020', 'name': 'Santurri, Edmund'}","200","25","","","","","Chri Theol/Moral Life","207","{'day': 'Mo', 'end': '12:45', 'location': 'CH 111', 'start': '23:50'};{'day': 'We', 'end': '12:45', 'location': 'CH 111', 'start': '23:50'};{'day': 'Fr', 'end': '12:45', 'location': 'CH 111', 'start': '23:50'}","False","B","1","C","20021","Research","2002"
"0000004310","1.0","0000001197","REL","32","1","14","5","12","BTS-T;WRI","Booth, David","{'fsnum': '712', 'name': 'Booth, David'}","200","25","","","","","Intro Feminist Theol","209","{'day': 'Mo', 'end': '14:55', 'location': 'CH 101', 'start': '14:00'};{'day': 'We', 'end': '14:55', 'location': 'CH 101', 'start': '14:00'};{'day': 'Fr', 'end': '14:55', 'location': 'CH 101', 'start': '14:00'}","False","","1","C","20021","Research","2002"
"0000004311","1.0","0000001199","REL","29","0","6","17","6","BTS-T;WRI","Lund, Eric","{'fsnum': '4838', 'name': 'Lund, Eric'}","200","25","","","","","Lutheran Heritage","213","{'day': 'Mo', 'end': '10:00', 'location': 'CH 110', 'start': '09:05'};{'day': 'We', 'end': '10:00', 'location': 'CH 110', 'start': '09:05'};{'day': 'Fr', 'end': '10:00', 'location': 'CH 110', 'start': '09:05'}","False","","1","C","20021","Research","2002"
"0000004312","0.25","0000001199","REL","7","0","1","5","1","","Lund, Eric","{'fsnum': '4838', 'name': 'Lund, Eric'}","200","25","","","","","FLC-German","213","","False","L","1","C","20021","Research","2002"
"0000004313","1.0","0000001201","REL","27","0","8","14","5","BTS-T;WRI","Lindley, Susan","{'fsnum': '4813', 'name': 'Lindley, Susan'}","200","25","","","","","Types Protestantism","215","{'day': 'Mo', 'end': '10:00', 'location': 'CH 102', 'start': '09:05'};{'day': 'We', 'end': '10:00', 'location': 'CH 102', 'start': '09:05'};{'day': 'Fr', 'end': '10:00', 'location': 'CH 102', 'start': '09:05'}","False","A","1","C","20021","Research","2002"
"0000004314","1.0","0000001201","REL","24","0","5","16","3","BTS-T;WRI","Lindley, Susan","{'fsnum': '4813', 'name': 'Lindley, Susan'}","200","25","","","","","Types Protestantism","215","{'day': 'Mo', 'end': '11:40', 'location': 'CH 102', 'start': '10:45'};{'day': 'We', 'end': '11:40', 'location': 'CH 102', 'start': '10:45'};{'day': 'Fr', 'end': '11:40', 'location': 'CH 102', 'start': '10:45'}","False","B","1","C","20021","Research","2002"
"0000004315","1.0","0000001205","REL","28","0","18","2","8","BTS-T;WRI","Hanson, James","{'fsnum': '3061', 'name': 'Hanson, James'}","200","25","","","","","Jesus in Script/Trad","221","{'day': 'Tu', 'end': '11:00', 'location': 'CH 101', 'start': '09:35'};{'day': 'Th', 'end': '10:50', 'location': 'CH 101', 'start': '09:30'}","False","A","1","C","20021","Research","2002"
"0000004316","1.0","0000001205","REL","35","0","23","5","7","BTS-T;WRI","Hanson, James","{'fsnum': '3061', 'name': 'Hanson, James'}","200","25","","","","","Jesus in Script/Trad","221","{'day': 'Tu', 'end': '13:10', 'location': 'CH 101', 'start': '23:45'};{'day': 'Th', 'end': '14:05', 'location': 'CH 101', 'start': '12:45'}","False","B","1","C","20021","Research","2002"
"0000004317","1.0","0000001212","REL","27","0","16","8","3","BTS-T;WRI","Poehlmann, William","{'fsnum': '6381', 'name': 'Poehlmann, William'}","200","25","","","","","Worship and Theology","228","{'day': 'Mo', 'end': '11:40', 'location': 'CH 110', 'start': '10:45'};{'day': 'We', 'end': '11:40', 'location': 'CH 110', 'start': '10:45'};{'day': 'Fr', 'end': '11:40', 'location': 'CH 110', 'start': '10:45'}","False","","1","C","20021","Research","2002"
"0000004318","1.0","0000001215","REL","21","0","4","14","3","MCS-G;WRI","Rambachan, Anantanand","{'fsnum': '6535', 'name': 'Rambachan, Anantanand'}","200","20","","","","","Understand Rel Trad","240","{'day': 'Tu', 'end': '11:00', 'location': 'CH 110', 'start': '09:35'};{'day': 'Th', 'end': '10:50', 'location': 'CH 110', 'start': '09:30'}","False","","1","C","20021","Research","2002"
"0000004319","1.0","0000001220","REL","25","0","13","2","10","MCS-G;WRI","Rambachan, Anantanand","{'fsnum': '6535', 'name': 'Rambachan, Anantanand'}","200","20","","","","","Hinduism","253","{'day': 'Tu', 'end': '13:10', 'location': 'CH 111', 'start': '23:45'};{'day': 'Th', 'end': '14:05', 'location': 'CH 111', 'start': '12:45'}","False","","1","C","20021","Research","2002"
"0000004320","1.0","0000001221","REL","19","3","7","7","2","MCS-G;WRI","Galbraith, Elizabeth C.","{'fsnum': '14954', 'name': 'Galbraith, Elizabeth C.'}","200","20","","","","","Religions China/Japan","256","{'day': 'Mo', 'end': '13:50', 'location': 'CH 110', 'start': '12:55'};{'day': 'We', 'end': '13:50', 'location': 'CH 110', 'start': '12:55'};{'day': 'Fr', 'end': '13:50', 'location': 'CH 110', 'start': '12:55'}","False","","1","C","20021","Research","2002"
"0000004321","1.0","0000001224","REL","20","0","12","1","7","HWC;ORC;WRI","Lindley, Susan","{'fsnum': '4813', 'name': 'Lindley, Susan'}","200","20","","","","","Religion in America","260","{'day': 'Mo', 'end': '13:50', 'location': 'CH 111', 'start': '12:55'};{'day': 'We', 'end': '13:50', 'location': 'CH 111', 'start': '12:55'};{'day': 'Fr', 'end': '13:50', 'location': 'CH 111', 'start': '12:55'}","False","","1","C","20021","Research","2002"
"0000004322","1.0","0000001238","REL","17","0","6","1","10","EIN;WRI","Schuurman, Douglas","{'fsnum': '7248', 'name': 'Schuurman, Douglas'}","200","20","","","","","Love,Justice,Soc Rel","296","{'day': 'Tu', 'end': '14:45', 'location': 'CH 111', 'start': '13:20'};{'day': 'Th', 'end': '15:35', 'location': 'CH 111', 'start': '14:15'}","False","","1","C","20021","Research","2002"
"0000004323","1.0","0000001239","REL","1","0","1","0","0","","Hutchins, Elizabeth","{'fsnum': '3607', 'name': 'Hutchins, Elizabeth'}","200","","","","","","IS/Ecotheology","298","","False","","1","O","20021","Research","2002"
"0000004324","1.0","0000001239","REL","1","0","0","0","1","WRI","Odell, Margaret","{'fsnum': '5800', 'name': 'Odell, Margaret'}","200","","","","","","IS/Goddess in Israel","298","","False","A","1","O","20021","Research","2002"
"0000004325","1.0","0000001241","REL","16","0","7","4","5","BTS-T","Wilson, Charles","{'fsnum': '9090', 'name': 'Wilson, Charles'}","300","20","","","","","Hist Chr Thought I","302","{'day': 'Tu', 'end': '13:10', 'location': 'CH 109', 'start': '23:45'};{'day': 'Th', 'end': '14:05', 'location': 'CH 109', 'start': '12:45'}","False","","1","O","20021","Research","2002"
"0000004326","1.0","0000001250","REL","18","0","4","0","14","WRI","Poehlmann, William","{'fsnum': '6381', 'name': 'Poehlmann, William'}","300","15","","","","","Bib Sem: Fourth Gospel","391","{'day': 'Tu', 'end': '14:45', 'location': 'CH 109', 'start': '13:20'};{'day': 'Th', 'end': '15:35', 'location': 'CH 109', 'start': '14:15'}","False","","1","C","20021","Seminar","2002"
"0000004327","1.0","0000001257","REL","1","0","0","0","1","","Lagerquist, L. DeAne","{'fsnum': '4592', 'name': 'Lagerquist, L. DeAne'}","300","","","","","","IR/Embodiment","398","","False","","1","O","20021","Research","2002"
"0000004328","1.0","0000001257","REL","1","0","0","0","1","","Stoltzfus, Philip E.","{'fsnum': '13278', 'name': 'Stoltzfus, Philip E.'}","300","","","","","","IR/Animal Lib Theol","398","","False","A","1","O","20021","Research","2002"
"0000004329","1.0","0000001257","REL","1","0","0","0","1","","Wilson, Charles","{'fsnum': '9090', 'name': 'Wilson, Charles'}","300","","","","","","IR/Hegel's Phen of Sp","398","","False","B","1","O","20021","Research","2002"
"0000004330","1.0","0000001257","REL","1","0","0","0","1","","Poehlmann, William","{'fsnum': '6381', 'name': 'Poehlmann, William'}","300","","","","","","IR/Judas IScariot","398","","False","C","1","O","20021","Research","2002"
"0000004331","1.0","0000001258","REL","17","0","2","0","15","WRI","Santurri, Edmund","{'fsnum': '7020', 'name': 'Santurri, Edmund'}","300","15","","","","","Them: Rel/Pol Violence","399","{'day': 'Mo', 'end': '10:00', 'location': 'CH 109', 'start': '09:05'};{'day': 'We', 'end': '10:00', 'location': 'CH 109', 'start': '09:05'};{'day': 'Fr', 'end': '10:00', 'location': 'CH 109', 'start': '09:05'}","False","","1","C","20021","Seminar","2002"
"0000004332","1.0","0000001259","RUSSN","10","6","1","2","1","","Walter, Irina","{'fsnum': '8888', 'name': 'Walter, Irina'}","100","","","","","","Beginning Russian I","111","{'day': 'Mo', 'end': '12:45', 'location': 'M 30', 'start': '23:50'};{'day': 'We', 'end': '12:45', 'location': 'M 30', 'start': '23:50'};{'day': 'Fr', 'end': '12:45', 'location': 'M 30', 'start': '23:50'};{'day': 'Tu', 'end': '12:45', 'location': 'M 1', 'start': '23:50'}","False","A","1","O","20021","Research","2002"
"0000004333","1.0","0000001259","RUSSN","5","4","1","0","0","","Walter, Irina","{'fsnum': '8888', 'name': 'Walter, Irina'}","100","","","","","","Beginning Russian I","111","{'day': 'Mo', 'end': '14:55', 'location': 'M 2', 'start': '14:00'};{'day': 'We', 'end': '14:55', 'location': 'M 2', 'start': '14:00'};{'day': 'Fr', 'end': '14:55', 'location': 'M 2', 'start': '14:00'};{'day': 'Tu', 'end': '12:45', 'location': 'M 1', 'start': '23:50'}","False","B","1","O","20021","Research","2002"
"0000004334","1.0","0000001259","RUSSN","9","4","1","2","2","","Walter, Irina","{'fsnum': '8888', 'name': 'Walter, Irina'}","100","","","","","","Beginning Russian I","111","{'day': 'Mo', 'end': '12:45', 'location': 'M 30', 'start': '23:50'};{'day': 'We', 'end': '12:45', 'location': 'M 30', 'start': '23:50'};{'day': 'Fr', 'end': '12:45', 'location': 'M 30', 'start': '23:50'};{'day': 'Tu', 'end': '14:55', 'location': 'M 1', 'start': '14:00'}","False","C","1","O","20021","Research","2002"
"0000004335","1.0","0000001259","RUSSN","9","7","0","0","2","","Walter, Irina","{'fsnum': '8888', 'name': 'Walter, Irina'}","100","","","","","","Beginning Russian I","111","{'day': 'Mo', 'end': '14:55', 'location': 'M 2', 'start': '14:00'};{'day': 'We', 'end': '14:55', 'location': 'M 2', 'start': '14:00'};{'day': 'Fr', 'end': '14:55', 'location': 'M 2', 'start': '14:00'};{'day': 'Tu', 'end': '14:55', 'location': 'M 1', 'start': '14:00'}","False","D","1","O","20021","Research","2002"
"0000004336","1.0","0000001263","RUSSN","26","0","8","8","10","HWC;ORC","Robinson, Marc","{'fsnum': '6710', 'name': 'Robinson, Marc'}","100","25","","","","","The Russian World","124","{'day': 'Mo', 'end': '13:50', 'location': 'M 11', 'start': '12:55'};{'day': 'We', 'end': '13:50', 'location': 'M 11', 'start': '12:55'};{'day': 'Fr', 'end': '13:50', 'location': 'M 11', 'start': '12:55'}","False","","1","C","20021","Research","2002"
"0000004337","1.0","0000001264","RUSSN","20","1","2","11","6","FOL-R","Robinson, Marc","{'fsnum': '6710', 'name': 'Robinson, Marc'}","200","","","","","","Intermed Russian I","231","{'day': 'Mo', 'end': '08:55', 'location': 'M 11', 'start': '08:00'};{'day': 'Tu', 'end': '08:55', 'location': 'M 11', 'start': '08:00'};{'day': 'We', 'end': '08:55', 'location': 'M 11', 'start': '08:00'};{'day': 'Fr', 'end': '08:55', 'location': 'M 11', 'start': '08:00'}","False","","1","O","20021","Research","2002"
"0000004338","1.0","0000001269","RUSSN","8","1","6","0","1","FOL-R","Walter, Irina","{'fsnum': '8888', 'name': 'Walter, Irina'}","200","","","","","","Conversation & Comp","251","{'day': 'Mo', 'end': '13:50', 'location': 'M 2', 'start': '12:55'};{'day': 'We', 'end': '13:50', 'location': 'M 2', 'start': '12:55'};{'day': 'Fr', 'end': '13:50', 'location': 'M 2', 'start': '12:55'}","False","","1","O","20021","Research","2002"
"0000004339","1.0","0000001272","RUSSN","5","1","1","0","3","ALS-L;WRI","Robinson, Marc","{'fsnum': '6710', 'name': 'Robinson, Marc'}","200","","","","","","Intro Russ Lit I-Tr","261","{'day': 'Mo', 'end': '11:40', 'location': 'M 11', 'start': '10:45'};{'day': 'We', 'end': '11:40', 'location': 'M 11', 'start': '10:45'};{'day': 'Fr', 'end': '11:40', 'location': 'M 11', 'start': '10:45'}","False","","1","O","20021","Research","2002"
"0000004340","1.0","0000001276","RUSSN","1","0","0","0","1","","Walter, Irina","{'fsnum': '8888', 'name': 'Walter, Irina'}","200","","","","","","IS/Mayakovsky Study","298","","False","","1","O","20021","Research","2002"
"0000004341","1.0","0000001285","RUSST","1","0","0","0","1","","Robinson, Marc","{'fsnum': '6710', 'name': 'Robinson, Marc'}","300","","","","","","IR/Moral IDentity","398","","False","","1","O","20021","Research","2002"
"0000004342","1.0","0000001289","SOAN","23","10","2","8","3","HBS;MCS-D","Engelen-Eigles, Deborah","{'fsnum': '14222', 'name': 'Engelen-Eigles, Deborah'}","100","25","9","0","12","0","Intro to Sociology","121","{'day': 'Tu', 'end': '13:10', 'location': 'TB 227', 'start': '23:45'};{'day': 'Th', 'end': '14:05', 'location': 'TB 227', 'start': '12:45'}","False","","1","C","20021","Research","2002"
"0000004343","1.0","0000001293","SOAN","31","13","2","9","7","HBS;MCS-D","Myers, Phyllis G.","{'fsnum': '5438', 'name': 'Myers, Phyllis G.'}","100","25","6","0","8","0","Soc Prob/Soc Change","126","{'day': 'Tu', 'end': '13:10', 'location': 'H 403', 'start': '23:45'};{'day': 'Th', 'end': '14:05', 'location': 'H 403', 'start': '12:45'}","False","","1","C","20021","Research","2002"
"0000004344","1.0","0000001294","SOAN","28","7","0","6","15","HBS;MCS-G","Williamson, Thomas A.","{'fsnum': '14223', 'name': 'Williamson, Thomas A.'}","100","25","9","0","10","0","Int/Cult Anthropology","128","{'day': 'Mo', 'end': '08:55', 'location': 'H 301', 'start': '08:00'};{'day': 'We', 'end': '08:55', 'location': 'H 301', 'start': '08:00'};{'day': 'Fr', 'end': '08:55', 'location': 'H 301', 'start': '08:00'}","False","A","1","C","20021","Research","2002"
"0000004345","1.0","0000001294","SOAN","33","5","3","17","8","HBS;MCS-G","Chiappari, Chris L.","{'fsnum': '10036', 'name': 'Chiappari, Chris L.'}","100","25","5","0","9","0","Int/Cult Anthropology","128","{'day': 'Tu', 'end': '09:25', 'location': 'H 403', 'start': '08:00'};{'day': 'Th', 'end': '09:20', 'location': 'H 403', 'start': '08:00'}","False","B","1","C","20021","Research","2002"
"0000004346","1.0","0000001294","SOAN","33","16","2","8","7","HBS;MCS-G","Chiappari, Chris L.","{'fsnum': '10036', 'name': 'Chiappari, Chris L.'}","100","25","11","0","0","0","Int/Cult Anthropology","128","{'day': 'Tu', 'end': '11:00', 'location': 'H 403', 'start': '09:35'};{'day': 'Th', 'end': '10:50', 'location': 'H 403', 'start': '09:30'}","False","C","1","C","20021","Research","2002"
"0000004347","1.0","0000001300","SOAN","26","0","5","1","20","HBS;MCS-D;ORC","Anderson, Carolyn","{'fsnum': '179', 'name': 'Anderson, Carolyn'}","200","20","","","","","Contemp Native Amer","235","{'day': 'Mo', 'end': '11:40', 'location': 'H 403', 'start': '10:45'};{'day': 'We', 'end': '11:40', 'location': 'H 403', 'start': '10:45'};{'day': 'Fr', 'end': '11:40', 'location': 'H 403', 'start': '10:45'}","False","A","1","C","20021","Research","2002"
"0000004348","1.0","0000001300","SOAN","25","1","4","0","20","HBS;MCS-D;ORC","Anderson, Carolyn","{'fsnum': '179', 'name': 'Anderson, Carolyn'}","200","20","","","","","Contemp Native Amer","235","{'day': 'Mo', 'end': '13:50', 'location': 'H 516', 'start': '12:55'};{'day': 'We', 'end': '13:50', 'location': 'H 516', 'start': '12:55'};{'day': 'Fr', 'end': '13:50', 'location': 'H 516', 'start': '12:55'}","False","B","1","C","20021","Research","2002"
"0000004349","1.0","0000001302","SOAN","25","0","10","10","5","HBS;MCS-G","Chiappari, Chris L.","{'fsnum': '10036', 'name': 'Chiappari, Chris L.'}","200","25","","","","","Latin Amer Culture","237","{'day': 'Tu', 'end': '14:45', 'location': 'H 403', 'start': '13:20'};{'day': 'Th', 'end': '15:35', 'location': 'H 403', 'start': '14:15'}","False","","1","C","20021","Research","2002"
"0000004350","1.0","0000001304","SOAN","28","0","7","4","17","HBS;MCS-G","Williamson, Thomas A.","{'fsnum': '14223', 'name': 'Williamson, Thomas A.'}","200","25","","","","","Global Interdepend","241","{'day': 'Mo', 'end': '13:50', 'location': 'H 515', 'start': '12:55'};{'day': 'We', 'end': '13:50', 'location': 'H 515', 'start': '12:55'};{'day': 'Fr', 'end': '13:50', 'location': 'H 515', 'start': '12:55'}","False","","1","C","20021","Research","2002"
"0000004351","1.0","0000001306","SOAN","34","0","6","6","22","HBS;MCS-D","Nordstrom-Loeb, Bruce","{'fsnum': '5728', 'name': 'Nordstrom-Loeb, Bruce'}","200","25","","","","","Race/Class-Amer Cult","244","{'day': 'Mo', 'end': '11:40', 'location': 'M 4', 'start': '10:45'};{'day': 'We', 'end': '11:40', 'location': 'M 4', 'start': '10:45'};{'day': 'Fr', 'end': '11:40', 'location': 'M 4', 'start': '10:45'}","False","A","1","C","20021","Research","2002"
"0000004352","1.0","0000001306","SOAN","33","0","11","9","13","HBS;MCS-D","Nordstrom-Loeb, Bruce","{'fsnum': '5728', 'name': 'Nordstrom-Loeb, Bruce'}","200","25","","","","","Race/Class-Amer Cult","244","{'day': 'Mo', 'end': '12:45', 'location': 'M 4', 'start': '23:50'};{'day': 'We', 'end': '12:45', 'location': 'M 4', 'start': '23:50'};{'day': 'Fr', 'end': '12:45', 'location': 'M 4', 'start': '23:50'}","False","B","1","C","20021","Research","2002"
"0000004353","1.0","0000001316","SOAN","1","0","1","0","0","","Williamson, Thomas A.","{'fsnum': '14223', 'name': 'Williamson, Thomas A.'}","200","","","","","","IS/Examining Bound","298","","False","","1","O","20021","Research","2002"
"0000004354","1.0","0000001316","SOAN","1","0","0","0","1","","Myers, Phyllis G.","{'fsnum': '5438', 'name': 'Myers, Phyllis G.'}","200","","","","","","IS/Sports Business","298","","False","A","1","O","20021","Research","2002"
"0000004355","1.0","0000001317","SOAN","20","0","9","2","9","ORC","Engelen-Eigles, Deborah","{'fsnum': '14222', 'name': 'Engelen-Eigles, Deborah'}","300","25","","","","","Found Soc Sci Resrch","371","{'day': 'Tu', 'end': '11:00', 'location': 'SC 184', 'start': '09:35'};{'day': 'Th', 'end': '10:50', 'location': 'SC 184', 'start': '09:30'}","False","","1","O","20021","Research","2002"
"0000004356","1.0","0000001324","SPAN","23","7","1","9","6","","Pont, Meritxell","{'fsnum': '15077', 'name': 'Pont, Meritxell'}","100","25","","","","","Beginning Spanish I","111","{'day': 'Mo', 'end': '08:55', 'location': 'M 20', 'start': '08:00'};{'day': 'We', 'end': '08:55', 'location': 'M 20', 'start': '08:00'};{'day': 'Fr', 'end': '08:55', 'location': 'M 20', 'start': '08:00'}","False","A","1","C","20021","Research","2002"
"0000004357","1.0","0000001325","SPAN","24","21","1","2","0","","Carullo, Sylvia","{'fsnum': '977', 'name': 'Carullo, Sylvia'}","100","25","","","","","Beginning Spanish II","112","{'day': 'Mo', 'end': '11:40', 'location': 'M 20', 'start': '10:45'};{'day': 'We', 'end': '11:40', 'location': 'M 20', 'start': '10:45'};{'day': 'Fr', 'end': '11:40', 'location': 'M 20', 'start': '10:45'}","False","B","1","O","20021","Research","2002"
"0000004358","1.0","0000001325","SPAN","21","12","0","5","4","","Pont, Meritxell","{'fsnum': '15077', 'name': 'Pont, Meritxell'}","100","25","","","","","Beginning Spanish II","112","{'day': 'Mo', 'end': '12:45', 'location': 'M 20', 'start': '23:50'};{'day': 'We', 'end': '12:45', 'location': 'M 20', 'start': '23:50'};{'day': 'Fr', 'end': '12:45', 'location': 'M 20', 'start': '23:50'}","False","C","1","O","20021","Research","2002"
"0000004359","1.0","0000001325","SPAN","21","17","2","2","0","","Pont, Meritxell","{'fsnum': '15077', 'name': 'Pont, Meritxell'}","100","25","","","","","Beginning Spanish II","112","{'day': 'Mo', 'end': '13:50', 'location': 'M 31', 'start': '12:55'};{'day': 'We', 'end': '13:50', 'location': 'M 31', 'start': '12:55'};{'day': 'Fr', 'end': '13:50', 'location': 'M 31', 'start': '12:55'}","False","D","1","O","20021","Research","2002"
"0000004360","1.0","0000001325","SPAN","15","12","0","1","2","","Carullo, Sylvia","{'fsnum': '977', 'name': 'Carullo, Sylvia'}","100","25","","","","","Beginning Spanish II","112","{'day': 'Mo', 'end': '14:55', 'location': 'M 35', 'start': '14:00'};{'day': 'We', 'end': '14:55', 'location': 'M 35', 'start': '14:00'};{'day': 'Fr', 'end': '14:55', 'location': 'M 35', 'start': '14:00'}","False","E","1","O","20021","Research","2002"
"0000004361","1.0","0000001326","SPAN","24","16","1","6","1","","Narváez, León","{'fsnum': '5471', 'name': 'Narváez, León'}","200","23","","","","","Intermed Spanish I","231","{'day': 'Mo', 'end': '08:55', 'location': 'M 21', 'start': '08:00'};{'day': 'We', 'end': '08:55', 'location': 'M 21', 'start': '08:00'};{'day': 'Fr', 'end': '08:55', 'location': 'M 21', 'start': '08:00'}","False","A","1","C","20021","Research","2002"
"0000004362","1.0","0000001326","SPAN","23","10","4","7","2","","Narváez, León","{'fsnum': '5471', 'name': 'Narváez, León'}","200","23","","","","","Intermed Spanish I","231","{'day': 'Mo', 'end': '10:00', 'location': 'M 21', 'start': '09:05'};{'day': 'We', 'end': '10:00', 'location': 'M 21', 'start': '09:05'};{'day': 'Fr', 'end': '10:00', 'location': 'M 21', 'start': '09:05'}","False","B","1","C","20021","Research","2002"
"0000004363","1.0","0000001326","SPAN","26","11","1","12","2","","Broner, Maggie","{'fsnum': '792', 'name': 'Broner, Maggie'}","200","23","","","","","Intermed Spanish I","231","{'day': 'Mo', 'end': '11:40', 'location': 'M 21', 'start': '10:45'};{'day': 'We', 'end': '11:40', 'location': 'M 21', 'start': '10:45'};{'day': 'Fr', 'end': '11:40', 'location': 'M 21', 'start': '10:45'}","False","C","1","C","20021","Research","2002"
"0000004364","1.0","0000001326","SPAN","22","5","2","10","5","","Broner, Maggie","{'fsnum': '792', 'name': 'Broner, Maggie'}","200","23","","","","","Intermed Spanish I","231","{'day': 'Mo', 'end': '12:45', 'location': 'M 21', 'start': '23:50'};{'day': 'We', 'end': '12:45', 'location': 'M 21', 'start': '23:50'};{'day': 'Fr', 'end': '12:45', 'location': 'M 21', 'start': '23:50'}","False","D","1","C","20021","Research","2002"
"0000004365","1.0","0000001326","SPAN","23","10","3","6","4","","Cropsey, Kris A.","{'fsnum': '14153', 'name': 'Cropsey, Kris A.'}","200","23","","","","","Intermed Spanish I","231","{'day': 'Mo', 'end': '13:50', 'location': 'M 20', 'start': '12:55'};{'day': 'We', 'end': '13:50', 'location': 'M 20', 'start': '12:55'};{'day': 'Fr', 'end': '13:50', 'location': 'M 20', 'start': '12:55'}","False","E","1","C","20021","Research","2002"
"0000004366","1.0","0000001326","SPAN","25","22","1","1","1","","Strichartz, Ariel","{'fsnum': '14955', 'name': 'Strichartz, Ariel'}","200","23","","","","","Intermed Spanish I","231","{'day': 'Mo', 'end': '14:55', 'location': 'M 20', 'start': '14:00'};{'day': 'We', 'end': '14:55', 'location': 'M 20', 'start': '14:00'};{'day': 'Fr', 'end': '14:55', 'location': 'M 20', 'start': '14:00'}","False","F","1","C","20021","Research","2002"
"0000004367","1.0","0000001326","SPAN","23","22","0","0","1","","Odd, Joan","{'fsnum': '5798', 'name': 'Odd, Joan'}","200","23","","","","","Intermed Spanish I","231","{'day': 'Mo', 'end': '13:50', 'location': 'M 21', 'start': '12:55'};{'day': 'We', 'end': '13:50', 'location': 'M 21', 'start': '12:55'};{'day': 'Fr', 'end': '13:50', 'location': 'M 21', 'start': '12:55'}","False","G","1","C","20021","Research","2002"
"0000004368","1.0","0000001327","SPAN","25","5","2","15","3","FOL-S;MCS-D","Cropsey, Kris A.","{'fsnum': '14153', 'name': 'Cropsey, Kris A.'}","200","23","","","","","Intermed Spanish II","232","{'day': 'Tu', 'end': '09:25', 'location': 'M 20', 'start': '08:00'};{'day': 'Th', 'end': '09:20', 'location': 'M 20', 'start': '08:00'}","False","A","1","C","20021","Research","2002"
"0000004369","1.0","0000001327","SPAN","23","3","2","13","5","FOL-S;MCS-D","Cropsey, Kris A.","{'fsnum': '14153', 'name': 'Cropsey, Kris A.'}","200","23","","","","","Intermed Spanish II","232","{'day': 'Tu', 'end': '11:00', 'location': 'M 20', 'start': '09:35'};{'day': 'Th', 'end': '10:50', 'location': 'M 20', 'start': '09:30'}","False","B","1","C","20021","Research","2002"
"0000004370","1.0","0000001327","SPAN","28","16","0","12","0","FOL-S;MCS-D","Strichartz, Ariel","{'fsnum': '14955', 'name': 'Strichartz, Ariel'}","200","23","","","","","Intermed Spanish II","232","{'day': 'Tu', 'end': '13:10', 'location': 'M 20', 'start': '23:45'};{'day': 'Th', 'end': '14:05', 'location': 'M 20', 'start': '12:45'}","False","C","1","C","20021","Research","2002"
"0000004371","1.0","0000001327","SPAN","26","10","3","11","2","FOL-S;MCS-D","Strichartz, Ariel","{'fsnum': '14955', 'name': 'Strichartz, Ariel'}","200","23","","","","","Intermed Spanish II","232","{'day': 'Tu', 'end': '14:45', 'location': 'M 20', 'start': '13:20'};{'day': 'Th', 'end': '15:35', 'location': 'M 20', 'start': '14:15'}","False","D","1","C","20021","Research","2002"
"0000004372","1.0","0000001327","SPAN","27","7","0","17","3","FOL-S;MCS-D","Odd, Joan","{'fsnum': '5798', 'name': 'Odd, Joan'}","200","23","","","","","Intermed Spanish II","232","{'day': 'Tu', 'end': '14:45', 'location': 'M 15', 'start': '13:20'};{'day': 'Th', 'end': '15:35', 'location': 'M 15', 'start': '14:15'}","False","E","1","C","20021","Research","2002"
"0000004373","1.0","0000001327","SPAN","26","21","1","1","3","FOL-S;MCS-D","Odd, Joan","{'fsnum': '5798', 'name': 'Odd, Joan'}","200","23","","","","","Intermed Spanish II","232","{'day': 'Tu', 'end': '09:25', 'location': 'M 21', 'start': '08:00'};{'day': 'Th', 'end': '09:20', 'location': 'M 21', 'start': '08:00'}","False","F","1","C","20021","Research","2002"
"0000004374","1.0","0000001331","SPAN","28","13","0","12","3","FOL-S","Barnes-Karol, Gwen","{'fsnum': '332', 'name': 'Barnes-Karol, Gwen'}","200","25","","","","","Cult & Civ of Spain","251","{'day': 'Tu', 'end': '13:10', 'location': 'M 21', 'start': '23:45'};{'day': 'Th', 'end': '14:05', 'location': 'M 21', 'start': '12:45'}","False","A","1","C","20021","Research","2002"
"0000004375","1.0","0000001331","SPAN","18","13","2","3","0","FOL-S","Narváez, León","{'fsnum': '5471', 'name': 'Narváez, León'}","200","25","","","","","Cult & Civ of Spain","251","{'day': 'Tu', 'end': '14:45', 'location': 'M 21', 'start': '13:20'};{'day': 'Th', 'end': '15:35', 'location': 'M 21', 'start': '14:15'}","False","B","1","C","20021","Research","2002"
"0000004376","1.0","0000001332","SPAN","14","0","3","9","2","FOL-S","Broner, Maggie","{'fsnum': '792', 'name': 'Broner, Maggie'}","200","25","","","","","Cult & Civ of Lat Am","254","{'day': 'Mo', 'end': '14:55', 'location': 'M 21', 'start': '14:00'};{'day': 'We', 'end': '14:55', 'location': 'M 21', 'start': '14:00'};{'day': 'Fr', 'end': '14:55', 'location': 'M 21', 'start': '14:00'}","False","","1","O","20021","Research","2002"
"0000004377","1.0","0000001350","SPAN","28","0","12","2","14","ALS-L;FOL-S","Dunlop, James A.","{'fsnum': '1541', 'name': 'Dunlop, James A.'}","300","","","","","","Spanish Poetry","375","{'day': 'Tu', 'end': '11:00', 'location': 'M 21', 'start': '09:35'};{'day': 'Th', 'end': '10:50', 'location': 'M 21', 'start': '09:30'}","False","","1","C","20021","Research","2002"
"0000004378","1.0","0000001353","SPAN","12","0","1","0","11","ALS-L;FOL-S","Carullo, Sylvia","{'fsnum': '977', 'name': 'Carullo, Sylvia'}","300","","","","","","Lat Am Lit 1940-Pres","388","{'day': 'Tu', 'end': '14:45', 'location': 'M 31', 'start': '13:20'};{'day': 'Th', 'end': '15:35', 'location': 'M 31', 'start': '14:15'}","False","","1","O","20021","Research","2002"
"0000004401","1.0","0000001402","STAT","27","0","13","5","9","MAR","Hamilton, Doreen","{'fsnum': '14136', 'name': 'Hamilton, Doreen'}","100","25","","","","","Prin of Statistics","110","{'day': 'Mo', 'end': '11:40', 'location': 'SC 374', 'start': '10:45'};{'day': 'We', 'end': '11:40', 'location': 'SC 374', 'start': '10:45'};{'day': 'Fr', 'end': '11:40', 'location': 'SC 374', 'start': '10:45'}","False","A","1","C","20021","Research","2002"
"0000004402","1.0","0000001402","STAT","26","1","9","13","3","MAR","Solid, Craig A.","{'fsnum': '14990', 'name': 'Solid, Craig A.'}","100","25","","","","","Prin of Statistics","110","{'day': 'Mo', 'end': '08:55', 'location': 'L 515', 'start': '08:00'};{'day': 'We', 'end': '08:55', 'location': 'L 515', 'start': '08:00'};{'day': 'Fr', 'end': '08:55', 'location': 'L 515', 'start': '08:00'}","False","B","1","C","20021","Research","2002"
"0000004403","1.0","0000001402","STAT","30","0","7","10","13","MAR","Solid, Craig A.","{'fsnum': '14990', 'name': 'Solid, Craig A.'}","100","30","","","","","Prin of Statistics","110","{'day': 'Mo', 'end': '10:00', 'location': 'TB 216', 'start': '09:05'};{'day': 'We', 'end': '10:00', 'location': 'TB 216', 'start': '09:05'};{'day': 'Fr', 'end': '10:00', 'location': 'TB 216', 'start': '09:05'}","False","C","1","C","20021","Research","2002"
"0000004404","1.0","0000001403","STAT","27","2","6","11","8","","Ericksen, Gerald","{'fsnum': '1861', 'name': 'Ericksen, Gerald'}","200","30","","","","","Statistics for Science","212","{'day': 'Mo', 'end': '14:55', 'location': 'SC 188', 'start': '14:00'};{'day': 'We', 'end': '14:55', 'location': 'SC 188', 'start': '14:00'};{'day': 'Fr', 'end': '14:55', 'location': 'SC 188', 'start': '14:00'}","False","","1","C","20021","Research","2002"
"0000004405","1.0","0000001404","STAT","12","0","8","2","2","WRI","Fitzgerald, Terry J.","{'fsnum': '14049', 'name': 'Fitzgerald, Terry J.'}","200","20","","","","","Stat Problem Solving","263","{'day': 'Mo', 'end': '08:55', 'location': 'H 413', 'start': '08:00'};{'day': 'We', 'end': '08:55', 'location': 'H 413', 'start': '08:00'};{'day': 'Fr', 'end': '08:55', 'location': 'H 413', 'start': '08:00'}","False","A","1","O","20021","Research","2002"
"0000004406","1.0","0000001404","STAT","16","0","9","1","6","WRI","Fitzgerald, Terry J.","{'fsnum': '14049', 'name': 'Fitzgerald, Terry J.'}","200","20","","","","","Stat Problem Solving","263","{'day': 'Mo', 'end': '10:00', 'location': 'H 413', 'start': '09:05'};{'day': 'We', 'end': '10:00', 'location': 'H 413', 'start': '09:05'};{'day': 'Fr', 'end': '10:00', 'location': 'H 413', 'start': '09:05'}","False","B","1","C","20021","Research","2002"
"0000004407","1.0","0000001410","STAT","1","0","0","0","1","","Legler, Julie M.","{'fsnum': '14114', 'name': 'Legler, Julie M.'}","200","","","","","","IS/Changepoint Models","298","","False","","1","O","20021","Research","2002"
"0000004379","1.0","0000001359","SWRK","24","0","4","17","3","WRI","Overvoorde, Charlynn","{'fsnum': '15001', 'name': 'Overvoorde, Charlynn'}","200","30","0","","","","Soc Work/Soc Services","221","{'day': 'Mo', 'end': '13:50', 'location': 'H 301', 'start': '12:55'};{'day': 'We', 'end': '13:50', 'location': 'H 301', 'start': '12:55'};{'day': 'Fr', 'end': '13:50', 'location': 'H 301', 'start': '12:55'}","False","","1","C","20021","Research","2002"
"0000004380","1.0","0000001360","SWRK","17","0","15","0","2","","Overvoorde, Charlynn","{'fsnum': '15001', 'name': 'Overvoorde, Charlynn'}","200","20","0","","0","","Hum Behav in Soc Env","246","{'day': 'Mo', 'end': '11:40', 'location': 'H 514', 'start': '10:45'};{'day': 'We', 'end': '11:40', 'location': 'H 514', 'start': '10:45'};{'day': 'Fr', 'end': '11:40', 'location': 'H 514', 'start': '10:45'}","False","","1","C","20021","Research","2002"
"0000004381","1.0","0000001361","SWRK","15","0","14","0","1","ORC","Overvoorde, Charlynn","{'fsnum': '15001', 'name': 'Overvoorde, Charlynn'}","200","19","","","","","Social Work Methods I","254","{'day': 'Tu', 'end': '13:10', 'location': 'H 514', 'start': '23:45'};{'day': 'Th', 'end': '14:05', 'location': 'H 514', 'start': '12:45'}","False","","1","O","20021","Research","2002"
"0000004382","1.0","0000001368","SWRK","16","0","1","0","15","","Richardson, Patricia","{'fsnum': '6656', 'name': 'Richardson, Patricia'}","300","19","","","","","Social Wrk Methds III","373","{'day': 'Mo', 'end': '13:50', 'location': 'BC 220', 'start': '23:50'};{'day': 'We', 'end': '13:50', 'location': 'BC 220', 'start': '23:50'};{'day': 'Tu', 'end': '13:10', 'location': 'BC 220', 'start': '23:45'};{'day': 'Tu', 'end': '11:00', 'location': 'BC 220', 'start': '09:35'};{'day': 'Th', 'end': '11:00', 'location': 'BC 220', 'start': '09:35'}","False","","1","O","20021","Research","2002"
"0000004383","2.5","0000001369","SWRK","16","0","1","0","15","","Lennox, Naurine","{'fsnum': '4761', 'name': 'Lennox, Naurine'}","300","19","","","","","Field Practicum","380","{'day': 'Mo', 'end': '22:00', 'location': 'H 514', 'start': '19:00'};{'day': 'Mo', 'end': '09:25', 'location': 'H 514', 'start': '08:00'};{'day': 'Tu', 'end': '09:25', 'location': 'H 514', 'start': '08:00'};{'day': 'We', 'end': '09:25', 'location': 'H 514', 'start': '08:00'};{'day': 'Th', 'end': '09:25', 'location': 'H 514', 'start': '08:00'};{'day': 'Fr', 'end': '09:25', 'location': 'H 514', 'start': '08:00'}","False","","1","O","20021","Research","2002"
"0000004384","1.0","0000001374","THEAT","22","1","6","0","15","ALS-A;ORC","Wilson, Karen","{'fsnum': '9093', 'name': 'Wilson, Karen'}","100","20","","","","","Oral Interpretation","100","{'day': 'Tu', 'end': '13:10', 'location': 'TB 216', 'start': '23:45'};{'day': 'Th', 'end': '14:05', 'location': 'TB 216', 'start': '12:45'}","False","","1","C","20021","Research","2002"
"0000004385","1.0","0000001375","THEAT","55","15","8","19","13","ALS-A","Gisselman, Gary C.","{'fsnum': '10426', 'name': 'Gisselman, Gary C.'}","100","46","","","","","Intro to Theater","110","{'day': 'Mo', 'end': '08:55', 'location': 'CAD 305', 'start': '08:00'};{'day': 'We', 'end': '08:55', 'location': 'CAD 305', 'start': '08:00'};{'day': 'Fr', 'end': '08:55', 'location': 'CAD 305', 'start': '08:00'}","False","","1","C","20021","Research","2002"
"0000004386","1.0","0000001378","THEAT","21","4","5","10","2","ALS-A;ORC;PHA","Freeman, Dona W.","{'fsnum': '8982', 'name': 'Freeman, Dona W.'}","100","18","2","","","","Beginning Acting","130","{'day': 'Tu', 'end': '14:45', 'location': 'TB Haugen', 'start': '13:20'};{'day': 'Th', 'end': '15:35', 'location': 'TB Haugen', 'start': '14:15'}","False","","1","C","20021","Research","2002"
"0000004387","1.0","0000001381","THEAT","15","3","4","3","5","ALS-A","Reiser, Steven E.","{'fsnum': '14261', 'name': 'Reiser, Steven E.'}","100","16","","","","","Scenery Costumes","150","{'day': 'Mo', 'end': '11:40', 'location': 'TB Green Rm', 'start': '10:45'};{'day': 'We', 'end': '11:40', 'location': 'TB Green Rm', 'start': '10:45'};{'day': 'Fr', 'end': '11:40', 'location': 'TB Green Rm', 'start': '10:45'}","False","","1","O","20021","Research","2002"
"0000004388","1.0","0000001382","THEAT","24","1","10","3","10","ORC","Wilson, Karen","{'fsnum': '9093', 'name': 'Wilson, Karen'}","200","20","","","","","Voice & Phonetics","200","{'day': 'Mo', 'end': '12:45', 'location': 'TB 227', 'start': '23:50'};{'day': 'We', 'end': '12:45', 'location': 'TB 227', 'start': '23:50'};{'day': 'Fr', 'end': '12:45', 'location': 'TB 227', 'start': '23:50'}","False","","1","C","20021","Research","2002"
"0000004389","1.0","0000001383","THEAT","12","4","5","1","2","ALS-L","Sonnega, Bill","{'fsnum': '7676', 'name': 'Sonnega, Bill'}","200","20","","","","","Plays & Playwrights","210","{'day': 'Mo', 'end': '10:00', 'location': 'TB 227', 'start': '09:05'};{'day': 'We', 'end': '10:00', 'location': 'TB 227', 'start': '09:05'};{'day': 'Fr', 'end': '10:00', 'location': 'TB 227', 'start': '09:05'}","False","","1","O","20021","Research","2002"
"0000004390","1.0","0000001384","THEAT","16","0","6","3","7","","Freeman, Dona W.","{'fsnum': '8982', 'name': 'Freeman, Dona W.'}","200","16","","","","","Intermediate Acting","230","{'day': 'Tu', 'end': '13:10', 'location': 'TB Haugen', 'start': '23:45'};{'day': 'Th', 'end': '14:05', 'location': 'TB Haugen', 'start': '12:45'}","False","","1","C","20021","Research","2002"
"0000004391","1.0","0000001385","THEAT","15","0","8","1","6","","Gisselman, Gary C.","{'fsnum': '10426', 'name': 'Gisselman, Gary C.'}","200","16","","","","","Intro to Directing","232","{'day': 'Mo', 'end': '11:40', 'location': 'TB 227/Haugen', 'start': '10:45'};{'day': 'We', 'end': '11:40', 'location': 'TB 227/Haugen', 'start': '10:45'};{'day': 'Fr', 'end': '11:40', 'location': 'TB 227/Haugen', 'start': '10:45'}","False","","1","C","20021","Research","2002"
"0000004392","0.25","0000001386","THEAT","2","0","1","0","1","ALS-A","Sonnega, Bill","{'fsnum': '7676', 'name': 'Sonnega, Bill'}","200","","","","","","Thtr Prac: Act/Direct","233","","True","A","1","O","20021","Research","2002"
"0000004393","0.25","0000001386","THEAT","8","1","4","2","1","ALS-A","Freeman, Dona W.","{'fsnum': '8982', 'name': 'Freeman, Dona W.'}","200","","","","","","Thtr Prac: Act/Produc","233","","True","B","1","O","20021","Research","2002"
"0000004394","1.0","0000001388","THEAT","15","0","10","3","2","ALS-A","Bjorklund, Brian","{'fsnum': '611', 'name': 'Bjorklund, Brian'}","200","13","","","","","Lighting & Sound","250","{'day': 'Tu', 'end': '11:00', 'location': 'TB Haugen', 'start': '09:35'};{'day': 'Th', 'end': '10:50', 'location': 'TB Haugen', 'start': '09:30'}","False","","1","C","20021","Research","2002"
"0000004395","0.25","0000001390","THEAT","4","0","3","1","0","ALS-A","Reiser, Steven E.","{'fsnum': '14261', 'name': 'Reiser, Steven E.'}","200","","","","","","Th Prac: Scenery/Light","253","{'day': 'Mo', 'end': '14:55', 'location': 'TB Green Rm', 'start': '14:00'}","True","A","1","O","20021","Research","2002"
"0000004396","0.25","0000001390","THEAT","9","0","2","1","6","ALS-A","Bjorklund, Brian","{'fsnum': '611', 'name': 'Bjorklund, Brian'}","200","","","","","","Th Prac: Computer Dsn","253","{'day': 'Mo', 'end': '14:55', 'location': 'CAD 100', 'start': '14:00'}","True","B","1","O","20021","Research","2002"
"0000004397","1.0","0000001391","THEAT","17","0","10","3","4","ALS-L;HWC","Wilson, Karen","{'fsnum': '9093', 'name': 'Wilson, Karen'}","200","24","","","","","Hist/Theat-Up to 1700","270","{'day': 'Mo', 'end': '13:50', 'location': 'TB 216', 'start': '12:55'};{'day': 'We', 'end': '13:50', 'location': 'TB 216', 'start': '12:55'};{'day': 'Fr', 'end': '13:50', 'location': 'TB 216', 'start': '12:55'}","False","","1","O","20021","Research","2002"
"0000004398","1.0","0000001394","THEAT","1","0","0","0","1","","Sonnega, Bill","{'fsnum': '7676', 'name': 'Sonnega, Bill'}","200","","","","","","Academic Internship","294","","True","","1","O","20021","Research","2002"
"0000004399","1.0","0000001397","THEAT","9","0","1","0","8","","Bjorklund, Brian","{'fsnum': '611', 'name': 'Bjorklund, Brian'}","300","14","","","","","Scenery/Costume Desgn","352","{'day': 'Tu', 'end': '14:45', 'location': 'TB Green Rm', 'start': '13:20'};{'day': 'Th', 'end': '15:35', 'location': 'TB Green Rm', 'start': '14:15'}","False","","1","O","20021","Research","2002"
"0000004400","1.0","0000001401","THEAT","1","0","0","0","1","","Gisselman, Gary C.","{'fsnum': '10426', 'name': 'Gisselman, Gary C.'}","300","","","","","","IR/Directing for Comm","398","","False","","1","O","20021","Research","2002"
"0000004446","1.0","0000001476","WMNST","17","1","0","1","15","MCS-D;WRI","LeBlanc, Diane C.","{'fsnum': '13324', 'name': 'LeBlanc, Diane C.'}","100","21","","","","","Intro Women's Studies","121","{'day': 'Mo', 'end': '12:45', 'location': 'L 577', 'start': '23:50'};{'day': 'We', 'end': '12:45', 'location': 'L 577', 'start': '23:50'};{'day': 'Fr', 'end': '12:45', 'location': 'L 577', 'start': '23:50'}","False","A","1","C","20021","Research","2002"
"0000004447","1.0","0000001476","WMNST","22","0","5","4","13","MCS-D;WRI","Kutulas, Judy","{'fsnum': '4583', 'name': 'Kutulas, Judy'}","100","21","","","","","Intro Women's Studies","121","{'day': 'Tu', 'end': '13:10', 'location': 'H 302', 'start': '23:45'};{'day': 'Th', 'end': '14:05', 'location': 'H 302', 'start': '12:45'}","False","B","1","C","20021","Research","2002"
"0000004448","1.0","0000001478","WMNST","1","0","0","0","1","","LeBlanc, Diane C.","{'fsnum': '13324', 'name': 'LeBlanc, Diane C.'}","200","","","","","","IS/Feminisms Today","298","","False","","1","O","20021","Research","2002"

