"clbid","credits","crsid","department","enrolled","enrollment_fy","enrollment_jr","enrollment_so","enrollment_sr","gereqs","instructors","instructors_full","level","max","max_fy","max_jr","max_so","max_sr","name","number","offerings","pn","section","semester","status","term","type","year"
"0000004805","1.0","0000000177","AMCON","22","21","0","0","1","FYW;HWC","Farrell, James","{'fsnum': '2030', 'name': 'Farrell, James'}","100","","","","","","Dem Vistas: 1800-1900","102","{'day': 'Mo', 'end': '11:40', 'location': 'HH 514', 'start': '10:45'};{'day': 'We', 'end': '11:40', 'location': 'HH 514', 'start': '10:45'};{'day': 'Fr', 'end': '11:40', 'location': 'HH 514', 'start': '10:45'}","False","A","3","C","20023","Research","2002"
"0000004806","1.0","0000000177","AMCON","22","21","0","0","1","FYW;HWC","Umbanhowar Sr, Charles E.","{'fsnum': '8656', 'name': 'Umbanhowar Sr, Charles E.'}","100","","","","","","Dem Vistas: 1800-1900","102","{'day': 'Mo', 'end': '11:40', 'location': 'HH 317', 'start': '10:45'};{'day': 'We', 'end': '11:40', 'location': 'HH 317', 'start': '10:45'};{'day': 'Fr', 'end': '11:40', 'location': 'HH 317', 'start': '10:45'}","False","B","3","C","20023","Research","2002"
"0000004807","1.0","0000000179","AMCON","16","0","2","13","1","ALS-A;HBS;ORC;WRI","Holly, Carol","{'fsnum': '3424', 'name': 'Holly, Carol'}","200","","","","","","Pur/Happiness: 1920-00","202","{'day': 'Mo', 'end': '14:55', 'location': 'RML 515', 'start': '14:00'};{'day': 'We', 'end': '14:55', 'location': 'RML 515', 'start': '14:00'};{'day': 'Fr', 'end': '14:55', 'location': 'RML 515', 'start': '14:00'}","False","A","3","C","20023","Research","2002"
"0000004808","1.0","0000000179","AMCON","13","0","0","13","0","ALS-A;HBS;ORC;WRI","Kutulas, Judy","{'fsnum': '4583', 'name': 'Kutulas, Judy'}","200","","","","","","Pur/Happiness: 1920-00","202","{'day': 'Mo', 'end': '14:55', 'location': 'RML 421', 'start': '14:00'};{'day': 'We', 'end': '14:55', 'location': 'RML 421', 'start': '14:00'};{'day': 'Fr', 'end': '14:55', 'location': 'RML 421', 'start': '14:00'}","False","B","3","C","20023","Research","2002"
"0000004711","1.0","0000000009","AMST","29","0","8","3","18","HWC;MCS-D;WRI","Kutulas, Judy","{'fsnum': '4583', 'name': 'Kutulas, Judy'}","200","25","","","","","Top: Amer Adolescence","209","{'day': 'Tu', 'end': '13:10', 'location': 'HH 413', 'start': '23:45'};{'day': 'Th', 'end': '14:05', 'location': 'HH 413', 'start': '12:45'}","False","","3","C","20023","Topic","2002"
"0000004712","1.0","0000000012","AMST","1","0","0","0","1","","Farrell, James","{'fsnum': '2030', 'name': 'Farrell, James'}","200","","","","","","IS/Habits of My Heart","298","","False","","3","O","20023","Research","2002"
"0000004713","1.0","0000000013","AMST","21","0","8","2","11","","Farrell, James","{'fsnum': '2030', 'name': 'Farrell, James'}","300","18","","","","","Sem: Consumer Culture","301","{'day': 'Mo', 'end': '13:50', 'location': 'HH 514', 'start': '12:55'};{'day': 'We', 'end': '13:50', 'location': 'HH 514', 'start': '12:55'};{'day': 'Fr', 'end': '13:50', 'location': 'HH 514', 'start': '12:55'}","False","","3","C","20023","Seminar","2002"
"0000005540","1.0","0000001483","ARMS","30","1","5","8","16","HWC;MCS-D","Fitzgerald, Michael","{'fsnum': '2113', 'name': 'Fitzgerald, Michael'}","100","24","","","","","Intro to Arms","122","{'day': 'Tu', 'end': '11:00', 'location': 'RML 577', 'start': '09:35'};{'day': 'Th', 'end': '10:50', 'location': 'RML 577', 'start': '09:30'}","False","","3","C","20023","Research","2002"
"0000005541","1.0","0000001484","ARMS","21","0","6","1","14","ALS-L;MCS-D;WRI","Titus, Mary","{'fsnum': '8415', 'name': 'Titus, Mary'}","200","20","","","","","Top: Af-Am Women's Lit","250","{'day': 'Tu', 'end': '14:45', 'location': 'RML 515', 'start': '13:20'};{'day': 'Th', 'end': '15:35', 'location': 'RML 515', 'start': '14:15'}","False","","3","C","20023","Seminar","2002"
"0000005542","1.0","0000001489","ARMS","1","0","0","0","1","WRI","Fitzgerald, Michael","{'fsnum': '2113', 'name': 'Fitzgerald, Michael'}","300","","","","","","IR/Origin Black Power","398","","False","","3","O","20023","Research","2002"
"0000004714","0.5","0000000019","ART","23","13","2","4","4","ALS-A","Evans, Jil","{'fsnum': '14958', 'name': 'Evans, Jil'}","100","22","4","3","7","3","Found Perceptual Draw","111","{'day': 'Tu', 'end': '11:00', 'location': 'CAD 216', 'start': '09:35'};{'day': 'Th', 'end': '10:50', 'location': 'CAD 216', 'start': '09:30'}","False","A","3","C","20023","Research","2002"
"0000004715","0.5","0000000019","ART","18","12","2","2","2","ALS-A","Saurer, John","{'fsnum': '7064', 'name': 'Saurer, John'}","100","22","4","3","6","3","Found Perceptual Draw","111","{'day': 'Mo', 'end': '11:40', 'location': 'CAD 216', 'start': '10:45'};{'day': 'We', 'end': '11:40', 'location': 'CAD 216', 'start': '10:45'};{'day': 'Fr', 'end': '11:40', 'location': 'CAD 216', 'start': '10:45'}","False","B","3","C","20023","Research","2002"
"0000004716","0.5","0000000020","ART","23","11","1","9","2","ALS-A","Evans, Jil","{'fsnum': '14958', 'name': 'Evans, Jil'}","100","22","4","2","3","2","Found Conceptual Draw","112","{'day': 'Tu', 'end': '13:10', 'location': 'CAD 216', 'start': '23:45'};{'day': 'Th', 'end': '14:05', 'location': 'CAD 216', 'start': '12:45'}","False","","3","C","20023","Research","2002"
"0000004717","0.5","0000000021","ART","22","13","1","6","2","ALS-A","Evans, Jil","{'fsnum': '14958', 'name': 'Evans, Jil'}","100","22","4","2","7","2","Found Color Design","113","{'day': 'Tu', 'end': '14:45', 'location': 'CAD 116', 'start': '13:20'};{'day': 'Th', 'end': '15:35', 'location': 'CAD 116', 'start': '14:15'}","False","A","3","C","20023","Research","2002"
"0000004718","0.5","0000000021","ART","27","12","2","5","8","ALS-A","Arneson, Wendell","{'fsnum': '276', 'name': 'Arneson, Wendell'}","100","22","2","1","2","3","Found Color Design","113","{'day': 'Mo', 'end': '10:00', 'location': 'CAD 116', 'start': '09:05'};{'day': 'We', 'end': '10:00', 'location': 'CAD 116', 'start': '09:05'};{'day': 'Fr', 'end': '10:00', 'location': 'CAD 116', 'start': '09:05'}","False","B","3","C","20023","Research","2002"
"0000004719","0.5","0000000022","ART","16","5","4","4","3","ALS-A","Dell, Irve","{'fsnum': '1369', 'name': 'Dell, Irve'}","100","18","1","1","1","2","Foundation Sculpture","114","{'day': 'Tu', 'end': '11:00', 'location': 'CAD 106', 'start': '09:35'};{'day': 'Th', 'end': '10:50', 'location': 'CAD 106', 'start': '09:30'}","False","","3","C","20023","Research","2002"
"0000004720","0.5","0000000023","ART","18","4","3","5","6","ALS-A","Newhall, Justin","{'fsnum': '15064', 'name': 'Newhall, Justin'}","100","20","4","2","5","2","Found Photography","115","{'day': 'Mo', 'end': '08:55', 'location': 'CAD 102', 'start': '08:00'};{'day': 'We', 'end': '08:55', 'location': 'CAD 102', 'start': '08:00'};{'day': 'Fr', 'end': '08:55', 'location': 'CAD 102', 'start': '08:00'}","False","A","3","C","20023","Research","2002"
"0000004721","0.5","0000000023","ART","16","5","2","4","5","ALS-A","Newhall, Justin","{'fsnum': '15064', 'name': 'Newhall, Justin'}","100","20","3","2","2","3","Found Photography","115","{'day': 'Mo', 'end': '10:00', 'location': 'CAD 102', 'start': '09:05'};{'day': 'We', 'end': '10:00', 'location': 'CAD 102', 'start': '09:05'};{'day': 'Fr', 'end': '10:00', 'location': 'CAD 102', 'start': '09:05'}","False","B","3","C","20023","Research","2002"
"0000004722","0.5","0000000025","ART","13","6","1","3","3","ALS-A","Ryan, David E.","{'fsnum': '13038', 'name': 'Ryan, David E.'}","100","15","4","0","2","1","Foundn Digital Media","117","{'day': 'Tu', 'end': '09:25', 'location': 'CAD 100', 'start': '08:00'};{'day': 'Th', 'end': '09:20', 'location': 'CAD 100', 'start': '08:00'}","False","","3","C","20023","Research","2002"
"0000004723","0.5","0000000026","ART","17","4","3","6","4","ALS-A","Rudquist, Monica","{'fsnum': '14959', 'name': 'Rudquist, Monica'}","100","20","4","4","2","3","Found Ceramics: Wheel","119","{'day': 'Tu', 'end': '16:30', 'location': 'CAD 115E', 'start': '15:00'};{'day': 'Th', 'end': '17:30', 'location': 'CAD 115E', 'start': '16:00'}","False","A","3","C","20023","Research","2002"
"0000004724","0.5","0000000026","ART","6","1","0","0","5","ALS-A","Rudquist, Monica","{'fsnum': '14959', 'name': 'Rudquist, Monica'}","100","10","0","0","0","2","Found Ceramics: Wheel","119","{'day': 'Tu', 'end': '13:10', 'location': 'CAD 115E', 'start': '23:45'};{'day': 'Th', 'end': '14:05', 'location': 'CAD 115E', 'start': '12:45'}","False","B","3","C","20023","Research","2002"
"0000004725","1.0","0000000032","ART","39","16","6","8","9","ALS-A;HWC","Brooks-Shirey, Heather M.","{'fsnum': '14840', 'name': 'Brooks-Shirey, Heather M.'}","100","40","14","3","4","2","Renaissance--Present","151","{'day': 'Tu', 'end': '14:45', 'location': 'CAD 305', 'start': '13:20'};{'day': 'Th', 'end': '15:35', 'location': 'CAD 305', 'start': '14:15'}","False","","3","C","20023","Research","2002"
"0000004726","1.0","0000000034","ART","21","2","7","5","7","","Arneson, Wendell","{'fsnum': '276', 'name': 'Arneson, Wendell'}","200","22","","","","","Watercolor Painting","222","{'day': 'Mo', 'end': '14:55', 'location': 'CAD 116', 'start': '12:55'};{'day': 'We', 'end': '14:55', 'location': 'CAD 116', 'start': '12:55'};{'day': 'Fr', 'end': '14:55', 'location': 'CAD 116', 'start': '12:55'}","False","","3","C","20023","Research","2002"
"0000004727","1.0","0000000036","ART","12","1","3","7","1","","Dell, Irve","{'fsnum': '1369', 'name': 'Dell, Irve'}","200","15","","","","","Sculpt: Metal Direct","224","{'day': 'Tu', 'end': '14:45', 'location': 'CAD 105', 'start': '23:45'};{'day': 'Th', 'end': '15:35', 'location': 'CAD 105', 'start': '12:45'}","False","","3","O","20023","Research","2002"
"0000004728","1.0","0000000038","ART","13","0","6","3","4","","Shoger, Jan","{'fsnum': '7486', 'name': 'Shoger, Jan'}","200","16","","","","","Printmkg: Relief/Litho","226","{'day': 'Mo', 'end': '12:45', 'location': 'CAD 212', 'start': '22:45'};{'day': 'We', 'end': '12:45', 'location': 'CAD 212', 'start': '22:45'};{'day': 'Fr', 'end': '12:45', 'location': 'CAD 212', 'start': '22:45'}","False","","3","O","20023","Research","2002"
"0000004729","1.0","0000000043","ART","21","0","10","5","6","","Saurer, John","{'fsnum': '7064', 'name': 'Saurer, John'}","200","20","","","","","Figure Drawing","232","{'day': 'Mo', 'end': '10:00', 'location': 'CAD 216', 'start': '08:00'};{'day': 'We', 'end': '10:00', 'location': 'CAD 216', 'start': '08:00'};{'day': 'Fr', 'end': '10:00', 'location': 'CAD 216', 'start': '08:00'}","False","","3","C","20023","Research","2002"
"0000004730","1.0","0000000045","ART","12","2","2","4","4","","Rudquist, Monica","{'fsnum': '14959', 'name': 'Rudquist, Monica'}","200","10","","","","","Ceramics","234","{'day': 'Tu', 'end': '14:45', 'location': 'CAD 115C', 'start': '23:45'};{'day': 'Th', 'end': '15:35', 'location': 'CAD 115C', 'start': '12:45'}","False","","3","C","20023","Research","2002"
"0000004731","1.0","0000000059","ART","41","11","4","17","9","ALS-A","Kucera, Karil J.","{'fsnum': '14964', 'name': 'Kucera, Karil J.'}","200","40","","","","","World Architecture","261","{'day': 'Mo', 'end': '14:55', 'location': 'CAD 305', 'start': '14:00'};{'day': 'We', 'end': '14:55', 'location': 'CAD 305', 'start': '14:00'};{'day': 'Fr', 'end': '14:55', 'location': 'CAD 305', 'start': '14:00'}","False","","3","C","20023","Research","2002"
"0000004732","1.0","0000000062","ART","26","9","3","5","9","ALS-A","Holden, Kristi","{'fsnum': '12373', 'name': 'Holden, Kristi'}","200","35","","","","","Arts of Scandinavia","266","{'day': 'Mo', 'end': '10:00', 'location': 'CAD 305', 'start': '09:05'};{'day': 'We', 'end': '10:00', 'location': 'CAD 305', 'start': '09:05'};{'day': 'Fr', 'end': '10:00', 'location': 'CAD 305', 'start': '09:05'}","False","","3","O","20023","Research","2002"
"0000004733","1.0","0000000063","ART","29","2","7","14","6","ALS-A;MCS-G","Brooks-Shirey, Heather M.","{'fsnum': '14840', 'name': 'Brooks-Shirey, Heather M.'}","200","","","","","","African Art History","269","{'day': 'Tu', 'end': '11:00', 'location': 'CAD 305', 'start': '09:35'};{'day': 'Th', 'end': '10:50', 'location': 'CAD 305', 'start': '09:30'}","False","","3","O","20023","Research","2002"
"0000004734","1.0","0000000068","ART","1","0","1","0","0","","Arneson, Wendell","{'fsnum': '276', 'name': 'Arneson, Wendell'}","200","","","","","","Academic Internship","294","","True","","3","O","20023","Research","2002"
"0000004735","1.0","0000000069","ART","1","0","1","0","0","","Shoger, Jan","{'fsnum': '7486', 'name': 'Shoger, Jan'}","200","","","","","","IS/Illustration","298","","False","","3","O","20023","Research","2002"
"0000004736","1.0","0000000069","ART","1","0","1","0","0","","Rudquist, Monica","{'fsnum': '14959', 'name': 'Rudquist, Monica'}","200","","","","","","IS/Wheel Ceramics","298","","False","A","3","O","20023","Research","2002"
"0000004737","1.0","0000000069","ART","1","0","0","0","1","WRI","Rohn, Matthew","{'fsnum': '6758', 'name': 'Rohn, Matthew'}","200","","","","","","IS/Reflective Wrt/Art","298","","False","B","3","O","20023","Research","2002"
"0000004738","1.0","0000000069","ART","2","0","1","0","1","","Arneson, Wendell","{'fsnum': '276', 'name': 'Arneson, Wendell'}","200","","","","","","IS/Advanced Painting","298","","False","C","3","O","20023","Research","2002"
"0000004739","1.0","0000000069","ART","1","0","0","0","1","","Arneson, Wendell","{'fsnum': '276', 'name': 'Arneson, Wendell'}","200","","","","","","IS/Interactive Draw","298","","False","D","3","O","20023","Research","2002"
"0000004740","1.0","0000000069","ART","1","0","0","0","1","","Ryan, David E.","{'fsnum': '13038', 'name': 'Ryan, David E.'}","200","","","","","","IS/Ind Video Product","298","","False","E","3","O","20023","Research","2002"
"0000004741","1.0","0000000069","ART","1","0","1","0","0","","Arneson, Wendell","{'fsnum': '276', 'name': 'Arneson, Wendell'}","200","","","","","","IS/Adv Oil Painting","298","","False","F","3","O","20023","Research","2002"
"0000004742","1.0","0000000069","ART","1","0","1","0","0","","Newhall, Justin","{'fsnum': '15064', 'name': 'Newhall, Justin'}","200","","","","","","IS/Photography","298","","False","G","3","O","20023","Research","2002"
"0000004743","1.0","0000000071","ART","37","0","0","0","37","","Saurer, John","{'fsnum': '7064', 'name': 'Saurer, John'}","300","55","","","","","Sr Studies/Studio Art","343","{'day': 'Th', 'end': '22:00', 'location': 'CAD 305', 'start': '19:00'}","False","","3","O","20023","Research","2002"
"0000004744","1.0","0000000072","ART","9","0","7","0","2","ORC;WRI","Rohn, Matthew","{'fsnum': '6758', 'name': 'Rohn, Matthew'}","300","15","","","","","Methods of Art Hist","350","{'day': 'Tu', 'end': '14:45', 'location': 'CAD 204', 'start': '13:20'};{'day': 'Th', 'end': '15:35', 'location': 'CAD 204', 'start': '14:15'}","False","","3","O","20023","Research","2002"
"0000004745","1.0","0000000074","ART","7","0","1","0","6","ORC;WRI","Rohn, Matthew","{'fsnum': '6758', 'name': 'Rohn, Matthew'}","300","10","","","","","Sr Studies-Art Hist","395","{'day': 'Tu', 'end': '14:45', 'location': 'CAD 204', 'start': '13:20'};{'day': 'Th', 'end': '15:35', 'location': 'CAD 204', 'start': '14:15'}","False","","3","O","20023","Research","2002"
"0000004746","1.0","0000000075","ART","1","0","1","0","0","","Rudquist, Monica","{'fsnum': '14959', 'name': 'Rudquist, Monica'}","300","","","","","","IR/Vessels Uniformed","398","","False","","3","O","20023","Research","2002"
"0000004747","1.0","0000000077","ASIAN","22","18","2","1","1","HWC;WRI","Entenmann, Robert","{'fsnum': '1821', 'name': 'Entenmann, Robert'}","100","20","","","","","East Asia & the West","112","{'day': 'Tu', 'end': '13:10', 'location': 'HH 515', 'start': '23:45'};{'day': 'Th', 'end': '14:05', 'location': 'HH 515', 'start': '12:45'}","False","","3","C","20023","Research","2002"
"0000004748","1.0","0000000078","ASIAN","41","13","4","10","14","MCS-G","Kucera, Karil J.","{'fsnum': '14964', 'name': 'Kucera, Karil J.'}","100","35","12","5","11","","Asian Cultures","121","{'day': 'Tu', 'end': '14:45', 'location': 'SC 184', 'start': '13:20'};{'day': 'Th', 'end': '15:35', 'location': 'SC 184', 'start': '14:15'}","False","","3","C","20023","Research","2002"
"0000004749","1.0","0000000087","ASIAN","31","1","14","5","11","ALS-L;MCS-G;WRI","Larson, Phyllis Hyland","{'fsnum': '4624', 'name': 'Larson, Phyllis Hyland'}","200","25","","","","","Modrn Japanese Lit-Tr","235","{'day': 'Mo', 'end': '12:45', 'location': 'BMC 102', 'start': '23:50'};{'day': 'We', 'end': '12:45', 'location': 'BMC 102', 'start': '23:50'};{'day': 'Fr', 'end': '12:45', 'location': 'BMC 102', 'start': '23:50'}","False","","3","C","20023","Research","2002"
"0000004750","1.0","0000000094","ASIAN","1","0","0","0","1","","Ito, Rika","{'fsnum': '14203', 'name': 'Ito, Rika'}","200","","","","","","IS/Japanese Dialects","298","","False","","3","O","20023","Research","2002"
"0000004751","1.0","0000000094","ASIAN","1","0","0","0","1","","Bodman, Richard","{'fsnum': '656', 'name': 'Bodman, Richard'}","200","","","","","","IS/China's Environmnt","298","","False","A","3","O","20023","Research","2002"
"0000004752","1.0","0000000094","ASIAN","1","0","0","0","1","","Ito, Rika","{'fsnum': '14203', 'name': 'Ito, Rika'}","200","","","","","","IS/Reading in Japan","298","","False","B","3","O","20023","Research","2002"
"0000004753","1.0","0000000095","ASIAN","8","0","3","3","2","ALS-A;MCS-G","Kucera, Karil J.","{'fsnum': '14964', 'name': 'Kucera, Karil J.'}","300","20","","","","","Buddhism: Text-Image","310","{'day': 'Tu', 'end': '11:00', 'location': 'CAD 204', 'start': '09:35'};{'day': 'Th', 'end': '10:50', 'location': 'CAD 204', 'start': '09:30'}","False","","3","O","20023","Research","2002"
"0000004754","1.0","0000000097","ASIAN","2","0","0","0","2","","Larson, Phyllis Hyland","{'fsnum': '4624', 'name': 'Larson, Phyllis Hyland'}","300","","","","","","IR/Bushido Initiative","398","","False","","3","O","20023","Research","2002"
"0000004755","1.0","0000000100","BIO","21","1","4","14","2","NSC;NSL","Rutherford, Robert","{'fsnum': '15752', 'name': 'Rutherford, Robert'}","100","24","","","","","Biological Science","121","{'day': 'Mo', 'end': '10:00', 'location': 'SC 280', 'start': '09:05'};{'day': 'We', 'end': '10:00', 'location': 'SC 280', 'start': '09:05'};{'day': 'Fr', 'end': '10:00', 'location': 'SC 280', 'start': '09:05'};{'day': 'Tu', 'end': '10:00', 'location': 'SC 253', 'start': '08:00'}","False","A","3","C","20023","Research","2002"
"0000004756","1.0","0000000100","BIO","22","1","7","8","6","NSC;NSL","Rutherford, Robert","{'fsnum': '15752', 'name': 'Rutherford, Robert'}","100","24","","","","","Biological Science","121","{'day': 'Mo', 'end': '10:00', 'location': 'SC 280', 'start': '09:05'};{'day': 'We', 'end': '10:00', 'location': 'SC 280', 'start': '09:05'};{'day': 'Fr', 'end': '10:00', 'location': 'SC 280', 'start': '09:05'};{'day': 'Tu', 'end': '13:45', 'location': 'SC 253', 'start': '23:45'}","False","B","3","C","20023","Research","2002"
"0000004757","1.0","0000000100","BIO","23","0","14","4","5","NSC;NSL","Rutherford, Robert","{'fsnum': '15752', 'name': 'Rutherford, Robert'}","100","24","","","","","Biological Science","121","{'day': 'Mo', 'end': '10:00', 'location': 'SC 280', 'start': '09:05'};{'day': 'We', 'end': '10:00', 'location': 'SC 280', 'start': '09:05'};{'day': 'Fr', 'end': '10:00', 'location': 'SC 280', 'start': '09:05'};{'day': 'Tu', 'end': '17:00', 'location': 'SC 253', 'start': '15:00'}","False","C","3","C","20023","Research","2002"
"0000004758","1.0","0000000108","BIO","22","9","0","11","2","NSC;NSL","Porterfield, Jean C.","{'fsnum': '14015', 'name': 'Porterfield, Jean C.'}","100","24","","","","","Organismic Biology","126","{'day': 'Mo', 'end': '08:55', 'location': 'SC 278', 'start': '08:00'};{'day': 'We', 'end': '08:55', 'location': 'SC 278', 'start': '08:00'};{'day': 'Fr', 'end': '08:55', 'location': 'SC 278', 'start': '08:00'};{'day': 'We', 'end': '13:10', 'location': 'SC 211', 'start': '22:40'}","False","A","3","O","20023","Research","2002"
"0000004759","1.0","0000000108","BIO","27","16","1","10","0","NSC;NSL","Porterfield, Jean C.","{'fsnum': '14015', 'name': 'Porterfield, Jean C.'}","100","24","","","","","Organismic Biology","126","{'day': 'Mo', 'end': '08:55', 'location': 'SC 278', 'start': '08:00'};{'day': 'We', 'end': '08:55', 'location': 'SC 278', 'start': '08:00'};{'day': 'Fr', 'end': '08:55', 'location': 'SC 278', 'start': '08:00'};{'day': 'Tu', 'end': '14:15', 'location': 'SC 211', 'start': '23:45'}","False","B","3","C","20023","Research","2002"
"0000004760","1.0","0000000108","BIO","30","9","1","19","1","NSC;NSL","Porterfield, Jean C.","{'fsnum': '14015', 'name': 'Porterfield, Jean C.'}","100","24","","","","","Organismic Biology","126","{'day': 'Mo', 'end': '08:55', 'location': 'SC 278', 'start': '08:00'};{'day': 'We', 'end': '08:55', 'location': 'SC 278', 'start': '08:00'};{'day': 'Fr', 'end': '08:55', 'location': 'SC 278', 'start': '08:00'};{'day': 'Tu', 'end': '17:30', 'location': 'SC 211', 'start': '15:00'}","False","C","3","C","20023","Research","2002"
"0000004761","1.0","0000000108","BIO","13","6","1","6","0","NSC;NSL","Swift, Michael","{'fsnum': '8210', 'name': 'Swift, Michael'}","100","24","","","","","Organismic Biology","126","{'day': 'Mo', 'end': '11:40', 'location': 'SC 278', 'start': '10:45'};{'day': 'We', 'end': '11:40', 'location': 'SC 278', 'start': '10:45'};{'day': 'Fr', 'end': '11:40', 'location': 'SC 278', 'start': '10:45'};{'day': 'Tu', 'end': '10:30', 'location': 'SC 211', 'start': '08:00'}","False","D","3","O","20023","Research","2002"
"0000004762","1.0","0000000108","BIO","12","4","0","7","1","NSC;NSL","Swift, Michael","{'fsnum': '8210', 'name': 'Swift, Michael'}","100","24","","","","","Organismic Biology","126","{'day': 'Mo', 'end': '11:40', 'location': 'SC 278', 'start': '10:45'};{'day': 'We', 'end': '11:40', 'location': 'SC 278', 'start': '10:45'};{'day': 'Fr', 'end': '11:40', 'location': 'SC 278', 'start': '10:45'};{'day': 'Th', 'end': '10:30', 'location': 'SC 211', 'start': '08:00'}","False","E","3","O","20023","Research","2002"
"0000004763","1.0","0000000108","BIO","20","15","0","3","2","NSC;NSL","Swift, Michael","{'fsnum': '8210', 'name': 'Swift, Michael'}","100","24","","","","","Organismic Biology","126","{'day': 'Mo', 'end': '15:25', 'location': 'SC 211', 'start': '12:55'};{'day': 'Mo', 'end': '11:40', 'location': 'SC 278', 'start': '10:45'};{'day': 'We', 'end': '11:40', 'location': 'SC 278', 'start': '10:45'};{'day': 'Fr', 'end': '11:40', 'location': 'SC 278', 'start': '10:45'}","False","F","3","O","20023","Research","2002"
"0000004764","1.0","0000000108","BIO","23","9","1","8","5","NSC;NSL","Angell, Diane K.","{'fsnum': '256', 'name': 'Angell, Diane K.'}","100","24","","","","","Organismic Biology","126","{'day': 'Mo', 'end': '12:45', 'location': 'SC 278', 'start': '23:50'};{'day': 'We', 'end': '12:45', 'location': 'SC 278', 'start': '23:50'};{'day': 'Fr', 'end': '12:45', 'location': 'SC 278', 'start': '23:50'};{'day': 'We', 'end': '16:00', 'location': 'SC 211', 'start': '13:30'}","False","G","3","O","20023","Research","2002"
"0000004765","1.0","0000000108","BIO","20","7","0","12","1","NSC;NSL","Angell, Diane K.","{'fsnum': '256', 'name': 'Angell, Diane K.'}","100","24","","","","","Organismic Biology","126","{'day': 'Mo', 'end': '12:45', 'location': 'SC 278', 'start': '23:50'};{'day': 'We', 'end': '12:45', 'location': 'SC 278', 'start': '23:50'};{'day': 'Fr', 'end': '12:45', 'location': 'SC 278', 'start': '23:50'};{'day': 'Th', 'end': '15:50', 'location': 'SC 211', 'start': '13:20'}","False","H","3","C","20023","Research","2002"
"0000004766","1.0","0000000108","BIO","18","7","2","7","2","NSC;NSL","Angell, Diane K.","{'fsnum': '256', 'name': 'Angell, Diane K.'}","100","24","","","","","Organismic Biology","126","{'day': 'Fr', 'end': '16:30', 'location': 'SC 211', 'start': '14:00'};{'day': 'Mo', 'end': '12:45', 'location': 'SC 278', 'start': '23:50'};{'day': 'We', 'end': '12:45', 'location': 'SC 278', 'start': '23:50'};{'day': 'Fr', 'end': '12:45', 'location': 'SC 278', 'start': '23:50'}","False","I","3","O","20023","Research","2002"
"0000004767","1.0","0000000119","BIO","25","0","2","13","10","","Johnson, Theodore","{'fsnum': '4110', 'name': 'Johnson, Theodore'}","200","24","","","","","Microbiology","231","{'day': 'Mo', 'end': '11:40', 'location': 'SC 280', 'start': '10:45'};{'day': 'We', 'end': '11:40', 'location': 'SC 280', 'start': '10:45'};{'day': 'Fr', 'end': '11:40', 'location': 'SC 280', 'start': '10:45'};{'day': 'Tu', 'end': '14:45', 'location': 'SC 263', 'start': '23:45'}","False","A","3","C","20023","Research","2002"
"0000004768","1.0","0000000119","BIO","27","0","1","7","19","","Johnson, Theodore","{'fsnum': '4110', 'name': 'Johnson, Theodore'}","200","24","","","","","Microbiology","231","{'day': 'Mo', 'end': '11:40', 'location': 'SC 280', 'start': '10:45'};{'day': 'We', 'end': '11:40', 'location': 'SC 280', 'start': '10:45'};{'day': 'Fr', 'end': '11:40', 'location': 'SC 280', 'start': '10:45'};{'day': 'We', 'end': '17:00', 'location': 'SC 263', 'start': '14:00'}","False","B","3","C","20023","Research","2002"
"0000004769","1.0","0000000119","BIO","27","2","5","12","8","","Johnson, Theodore","{'fsnum': '4110', 'name': 'Johnson, Theodore'}","200","24","","","","","Microbiology","231","{'day': 'Mo', 'end': '11:40', 'location': 'SC 280', 'start': '10:45'};{'day': 'We', 'end': '11:40', 'location': 'SC 280', 'start': '10:45'};{'day': 'Fr', 'end': '11:40', 'location': 'SC 280', 'start': '10:45'};{'day': 'Th', 'end': '16:20', 'location': 'SC 263', 'start': '13:20'}","False","C","3","C","20023","Research","2002"
"0000004770","1.0","0000000122","BIO","10","0","5","2","3","","May, Barbara","{'fsnum': '14191', 'name': 'May, Barbara'}","200","24","","","","","Intermediate Genetics","233","{'day': 'Mo', 'end': '12:45', 'location': 'SC 280', 'start': '23:50'};{'day': 'We', 'end': '12:45', 'location': 'SC 280', 'start': '23:50'};{'day': 'Fr', 'end': '12:45', 'location': 'SC 280', 'start': '23:50'};{'day': 'We', 'end': '17:00', 'location': 'SC 229', 'start': '14:00'}","False","A","3","O","20023","Research","2002"
"0000004771","1.0","0000000122","BIO","16","1","4","9","2","","May, Barbara","{'fsnum': '14191', 'name': 'May, Barbara'}","200","24","","","","","Intermediate Genetics","233","{'day': 'Mo', 'end': '12:45', 'location': 'SC 280', 'start': '23:50'};{'day': 'We', 'end': '12:45', 'location': 'SC 280', 'start': '23:50'};{'day': 'Fr', 'end': '12:45', 'location': 'SC 280', 'start': '23:50'};{'day': 'Th', 'end': '11:00', 'location': 'SC 229', 'start': '08:00'}","False","B","3","O","20023","Research","2002"
"0000004772","1.0","0000000122","BIO","18","0","8","5","5","","May, Barbara","{'fsnum': '14191', 'name': 'May, Barbara'}","200","24","","","","","Intermediate Genetics","233","{'day': 'Mo', 'end': '12:45', 'location': 'SC 280', 'start': '23:50'};{'day': 'We', 'end': '12:45', 'location': 'SC 280', 'start': '23:50'};{'day': 'Fr', 'end': '12:45', 'location': 'SC 280', 'start': '23:50'};{'day': 'Th', 'end': '17:00', 'location': 'SC 229', 'start': '14:00'}","False","C","3","O","20023","Research","2002"
"0000004773","1.0","0000000124","BIO","16","0","2","0","14","","Bakko, Eugene","{'fsnum': '325', 'name': 'Bakko, Eugene'}","200","18","","","","","Vertebrate Biology","242","{'day': 'Tu', 'end': '16:20', 'location': 'SC 269', 'start': '13:20'};{'day': 'Tu', 'end': '09:25', 'location': 'SC 278', 'start': '08:00'};{'day': 'Th', 'end': '09:20', 'location': 'SC 278', 'start': '08:00'}","False","A","3","C","20023","Research","2002"
"0000004774","1.0","0000000124","BIO","14","0","6","2","6","","Bakko, Eugene","{'fsnum': '325', 'name': 'Bakko, Eugene'}","200","18","","","","","Vertebrate Biology","242","{'day': 'Tu', 'end': '09:25', 'location': 'SC 278', 'start': '08:00'};{'day': 'Th', 'end': '16:20', 'location': 'SC 269', 'start': '13:20'};{'day': 'Th', 'end': '09:20', 'location': 'SC 278', 'start': '08:00'}","False","B","3","C","20023","Research","2002"
"0000004775","1.0","0000000126","BIO","26","1","11","6","8","","Kermott, Louis Henry","{'fsnum': '4284', 'name': 'Kermott, Louis Henry'}","200","24","","","","","Human Anatomy & Physiol","243","{'day': 'Mo', 'end': '08:55', 'location': 'SC 278', 'start': '08:00'};{'day': 'We', 'end': '08:55', 'location': 'SC 278', 'start': '08:00'};{'day': 'Fr', 'end': '08:55', 'location': 'SC 278', 'start': '08:00'};{'day': 'We', 'end': '15:55', 'location': 'SC 253', 'start': '12:55'}","False","A","3","C","20023","Research","2002"
"0000004776","1.0","0000000126","BIO","23","1","8","2","12","","Kermott, Louis Henry","{'fsnum': '4284', 'name': 'Kermott, Louis Henry'}","200","24","","","","","Human Anatomy & Physiol","243","{'day': 'Mo', 'end': '08:55', 'location': 'SC 278', 'start': '08:00'};{'day': 'We', 'end': '08:55', 'location': 'SC 278', 'start': '08:00'};{'day': 'Fr', 'end': '08:55', 'location': 'SC 278', 'start': '08:00'};{'day': 'Th', 'end': '11:00', 'location': 'SC 253', 'start': '08:00'}","False","B","3","C","20023","Research","2002"
"0000004777","1.0","0000000134","BIO","12","0","3","1","8","","Giannini, John","{'fsnum': '2593', 'name': 'Giannini, John'}","200","12","","","","","Plant Physiology","251","{'day': 'Mo', 'end': '15:55', 'location': 'SC 227', 'start': '12:55'};{'day': 'Mo', 'end': '11:40', 'location': 'SC 274', 'start': '10:45'};{'day': 'We', 'end': '11:40', 'location': 'SC 274', 'start': '10:45'};{'day': 'Fr', 'end': '11:40', 'location': 'SC 274', 'start': '10:45'}","False","A","3","C","20023","Research","2002"
"0000004778","1.0","0000000134","BIO","13","0","1","2","10","","Giannini, John","{'fsnum': '2593', 'name': 'Giannini, John'}","200","12","","","","","Plant Physiology","251","{'day': 'Mo', 'end': '11:40', 'location': 'SC 274', 'start': '10:45'};{'day': 'We', 'end': '11:40', 'location': 'SC 274', 'start': '10:45'};{'day': 'Fr', 'end': '11:40', 'location': 'SC 274', 'start': '10:45'};{'day': 'Tu', 'end': '16:20', 'location': 'SC 227', 'start': '13:20'}","False","B","3","C","20023","Research","2002"
"0000004779","1.0","0000000139","BIO","19","0","6","1","12","NSC;NSL","Shea, Kathleen L.","{'fsnum': '7450', 'name': 'Shea, Kathleen L.'}","200","18","","","","","Ecological Principles","261","{'day': 'Mo', 'end': '10:00', 'location': 'SC 278', 'start': '09:05'};{'day': 'We', 'end': '10:00', 'location': 'SC 278', 'start': '09:05'};{'day': 'Fr', 'end': '10:00', 'location': 'SC 278', 'start': '09:05'};{'day': 'Tu', 'end': '14:45', 'location': 'SC 248', 'start': '23:45'}","False","A","3","C","20023","Research","2002"
"0000004780","1.0","0000000139","BIO","16","0","6","2","8","NSC;NSL","Shea, Kathleen L.","{'fsnum': '7450', 'name': 'Shea, Kathleen L.'}","200","18","","","","","Ecological Principles","261","{'day': 'Mo', 'end': '10:00', 'location': 'SC 278', 'start': '09:05'};{'day': 'We', 'end': '10:00', 'location': 'SC 278', 'start': '09:05'};{'day': 'Fr', 'end': '10:00', 'location': 'SC 278', 'start': '09:05'};{'day': 'We', 'end': '17:00', 'location': 'SC 248', 'start': '14:00'}","False","B","3","C","20023","Research","2002"
"0000004781","1.0","0000000139","BIO","9","0","1","3","5","NSC;NSL","Shea, Kathleen L.","{'fsnum': '7450', 'name': 'Shea, Kathleen L.'}","200","18","","","","","Ecological Principles","261","{'day': 'Mo', 'end': '10:00', 'location': 'SC 278', 'start': '09:05'};{'day': 'We', 'end': '10:00', 'location': 'SC 278', 'start': '09:05'};{'day': 'Fr', 'end': '10:00', 'location': 'SC 278', 'start': '09:05'};{'day': 'Th', 'end': '16:20', 'location': 'SC 248', 'start': '13:20'}","False","C","3","O","20023","Research","2002"
"0000004782","0.25","0000000152","BIO","6","0","1","0","5","","Walter, Anne","{'fsnum': '8876', 'name': 'Walter, Anne'}","200","10","","","","","Rsch Top: Bio in India","291","","False","A","3","O","20023","Topic","2002"
"0000004783","0.25","0000000152","BIO","4","0","0","2","2","","Henry, Mary C.","{'fsnum': '13155', 'name': 'Henry, Mary C.'}","200","10","","","","","Rsch Top: Neuro Lab","291","{'day': 'Fr', 'end': '17:00', 'location': 'SC 273', 'start': '14:00'}","False","B","3","O","20023","Topic","2002"
"0000004784","0.25","0000000152","BIO","6","0","3","0","3","","Johnson, Theodore","{'fsnum': '4110', 'name': 'Johnson, Theodore'}","200","12","","","","","Rsch Top: Medical Term","291","{'day': 'Fr', 'end': '17:00', 'location': 'SC 140B', 'start': '14:00'}","False","C","3","C","20023","Topic","2002"
"0000004785","1.0","0000000154","BIO","4","0","2","0","2","","Kermott, Louis Henry","{'fsnum': '4284', 'name': 'Kermott, Louis Henry'}","200","","","","","","IS/Hmn Gross Anatomy","298","","False","","3","O","20023","Research","2002"
"0000004786","1.0","0000000154","BIO","1","0","0","0","1","","Bakko, Eugene","{'fsnum': '325', 'name': 'Bakko, Eugene'}","200","","","","","","IS/Nat Hist Education","298","","False","A","3","O","20023","Research","2002"
"0000004787","1.0","0000000154","BIO","1","0","0","0","1","","Walter, Anne","{'fsnum': '8876', 'name': 'Walter, Anne'}","200","","","","","","IS/Alternative Med","298","","False","B","3","O","20023","Research","2002"
"0000004788","1.0","0000000159","BIO","11","0","1","0","10","","Kandl, Kim A.","{'fsnum': '13100', 'name': 'Kandl, Kim A.'}","300","12","","","","","Molecular Biology","364","{'day': 'Mo', 'end': '15:55', 'location': 'SC 229', 'start': '12:55'};{'day': 'Tu', 'end': '11:00', 'location': 'SC 274', 'start': '09:35'};{'day': 'Th', 'end': '10:50', 'location': 'SC 274', 'start': '09:30'}","False","A","3","O","20023","Research","2002"
"0000004789","1.0","0000000159","BIO","5","0","0","0","5","","Kandl, Kim A.","{'fsnum': '13100', 'name': 'Kandl, Kim A.'}","300","12","","","","","Molecular Biology","364","{'day': 'Tu', 'end': '16:20', 'location': 'SC 229', 'start': '13:20'};{'day': 'Tu', 'end': '11:00', 'location': 'SC 274', 'start': '09:35'};{'day': 'Th', 'end': '10:50', 'location': 'SC 274', 'start': '09:30'}","False","B","3","O","20023","Research","2002"
"0000004790","1.0","0000000164","BIO","5","0","1","0","4","WRI","Cole, Eric","{'fsnum': '1206', 'name': 'Cole, Eric'}","300","12","","","","","Developmental Biology","372","{'day': 'Tu', 'end': '09:25', 'location': 'SC 274', 'start': '08:00'};{'day': 'Th', 'end': '09:20', 'location': 'SC 274', 'start': '08:00'};{'day': 'We', 'end': '17:00', 'location': 'SC 273', 'start': '14:00'}","False","A","3","O","20023","Research","2002"
"0000004791","1.0","0000000164","BIO","2","0","2","0","0","WRI","Cole, Eric","{'fsnum': '1206', 'name': 'Cole, Eric'}","300","12","","","","","Developmental Biology","372","{'day': 'Th', 'end': '09:20', 'location': 'SC 274', 'start': '08:00'};{'day': 'Th', 'end': '15:50', 'location': 'SC 273', 'start': '12:50'};{'day': 'Tu', 'end': '09:25', 'location': 'SC 274', 'start': '08:00'};{'day': 'Th', 'end': '09:25', 'location': 'SC 274', 'start': '08:00'}","False","B","3","O","20023","Research","2002"
"0000004792","1.0","0000000169","BIO","16","0","6","1","9","ORC","Kermott, Louis Henry","{'fsnum': '4284', 'name': 'Kermott, Louis Henry'}","300","18","","","","","Evolutionary Biology","383","{'day': 'Mo', 'end': '11:40', 'location': 'SC 210', 'start': '10:45'};{'day': 'We', 'end': '11:40', 'location': 'SC 210', 'start': '10:45'};{'day': 'Fr', 'end': '11:40', 'location': 'SC 210', 'start': '10:45'}","False","","3","O","20023","Research","2002"
"0000004793","1.0","0000000170","BIO","10","0","6","0","4","ORC","Walter, Anne","{'fsnum': '8876', 'name': 'Walter, Anne'}","300","18","","","","","Neuroscience Seminar","385","{'day': 'Mo', 'end': '15:00', 'location': 'SC 274', 'start': '13:00'};{'day': 'We', 'end': '15:00', 'location': 'SC 274', 'start': '13:00'}","False","","3","O","20023","Research","2002"
"0000004794","1.0","0000000172","BIO","5","0","3","0","2","","Umbanhowar, Charles Jr.","{'fsnum': '8616', 'name': 'Umbanhowar, Charles Jr.'}","300","18","","","","","Top: Paleoenviro Hist","391","{'day': 'Tu', 'end': '12:50', 'location': 'SC 210', 'start': '23:45'};{'day': 'Th', 'end': '16:40', 'location': 'SC 227', 'start': '13:40'};{'day': 'Th', 'end': '13:40', 'location': 'SC 210', 'start': '12:45'}","False","","3","O","20023","Topic","2002"
"0000004795","1.0","0000000175","BIO","1","0","0","0","1","","Swift, Michael","{'fsnum': '8210', 'name': 'Swift, Michael'}","300","","","","","","IR/Aquatic Toxicology","398","","False","","3","O","20023","Research","2002"
"0000004796","1.0","0000000175","BIO","1","0","0","0","1","","Porterfield, Jean C.","{'fsnum': '14015', 'name': 'Porterfield, Jean C.'}","300","","","","","","IR/Populatn Genetics","398","","False","A","3","O","20023","Research","2002"
"0000004797","1.0","0000000175","BIO","1","0","0","0","1","","Umbanhowar, Charles Jr.","{'fsnum': '8616', 'name': 'Umbanhowar, Charles Jr.'}","300","","","","","","IR/Lake Sedimentation","398","","False","B","3","O","20023","Research","2002"
"0000004798","1.0","0000000175","BIO","1","0","0","0","1","","Kandl, Kim A.","{'fsnum': '13100', 'name': 'Kandl, Kim A.'}","300","","","","","","IR/Actin and Ef3","398","","False","C","3","O","20023","Research","2002"
"0000004799","1.0","0000000175","BIO","1","0","0","0","1","","Kandl, Kim A.","{'fsnum': '13100', 'name': 'Kandl, Kim A.'}","300","","","","","","IR/Ef1a/Actin Cloning","398","","False","D","3","O","20023","Research","2002"
"0000004800","1.0","0000000175","BIO","1","0","0","0","1","WRI","Angell, Diane K.","{'fsnum': '256', 'name': 'Angell, Diane K.'}","300","","","","","","IR/Fluctuating Asymm","398","","False","E","3","O","20023","Research","2002"
"0000004801","1.0","0000000175","BIO","1","0","0","0","1","","Kermott, Louis Henry","{'fsnum': '4284', 'name': 'Kermott, Louis Henry'}","300","","","","","","IR/Wren Research","398","","False","F","3","O","20023","Research","2002"
"0000004802","1.0","0000000175","BIO","1","0","0","0","1","","Walter, Anne","{'fsnum': '8876', 'name': 'Walter, Anne'}","300","","","","","","IR/Phytoalexins","398","","False","G","3","O","20023","Research","2002"
"0000004803","1.0","0000000175","BIO","1","0","0","0","1","","Porterfield, Jean C.","{'fsnum': '14015', 'name': 'Porterfield, Jean C.'}","300","","","","","","IR/Gene Flow of Fish","398","","False","H","3","O","20023","Research","2002"
"0000004804","1.0","0000000175","BIO","1","0","0","0","1","","Henry, Mary C.","{'fsnum': '13155', 'name': 'Henry, Mary C.'}","300","","","","","","IR/Fly Learning","398","","False","I","3","O","20023","Research","2002"
"0000004809","1.0","0000000182","CHEM","42","26","2","9","5","NSC;NSL","Abdella, Beth","{'fsnum': '25', 'name': 'Abdella, Beth'}","100","48","","","","","Fundamentls of Chem","111","{'day': 'Tu', 'end': '11:00', 'location': 'SC 378', 'start': '09:35'};{'day': 'Th', 'end': '10:50', 'location': 'SC 378', 'start': '09:30'}","False","","3","C","20023","Research","2002"
"0000004810","","0000000183","CHEM","0","0","0","0","0","","Abdella, Beth","{'fsnum': '25', 'name': 'Abdella, Beth'}","100","24","","","","","Fundamentls Chem/Lab","111","{'day': 'Tu', 'end': '14:45', 'location': 'SC 371', 'start': '23:45'}","False","A","3","C","20023","Lab","2002"
"0000004811","","0000000183","CHEM","0","0","0","0","0","","Abdella, Beth","{'fsnum': '25', 'name': 'Abdella, Beth'}","100","24","","","","","Fundamentls Chem/Lab","111","{'day': 'We', 'end': '17:00', 'location': 'SC 371', 'start': '14:00'}","False","B","3","C","20023","Lab","2002"
"0000004812","1.0","0000000194","CHEM","59","36","2","18","3","NSC;NSL","Riley, Patrick N.","{'fsnum': '14194', 'name': 'Riley, Patrick N.'}","100","55","","","","","Chemical Reactions","126","{'day': 'Mo', 'end': '08:55', 'location': 'SC 378', 'start': '08:00'};{'day': 'We', 'end': '08:55', 'location': 'SC 378', 'start': '08:00'};{'day': 'Fr', 'end': '08:55', 'location': 'SC 378', 'start': '08:00'}","False","A","3","C","20023","Research","2002"
"0000004814","1.0","0000000194","CHEM","53","34","2","12","5","NSC;NSL","Hanson, Robert","{'fsnum': '3090', 'name': 'Hanson, Robert'}","100","55","","","","","Chemical Reactions","126","{'day': 'Mo', 'end': '10:00', 'location': 'SC 378', 'start': '09:05'};{'day': 'We', 'end': '10:00', 'location': 'SC 378', 'start': '09:05'};{'day': 'Fr', 'end': '10:00', 'location': 'SC 378', 'start': '09:05'}","False","B","3","C","20023","Research","2002"
"0000004816","1.0","0000000194","CHEM","51","37","2","9","3","NSC;NSL","Schwinefus, Jeff J.","{'fsnum': '14915', 'name': 'Schwinefus, Jeff J.'}","100","55","","","","","Chemical Reactions","126","{'day': 'Mo', 'end': '11:40', 'location': 'SC 378', 'start': '10:45'};{'day': 'We', 'end': '11:40', 'location': 'SC 378', 'start': '10:45'};{'day': 'Fr', 'end': '11:40', 'location': 'SC 378', 'start': '10:45'}","False","C","3","O","20023","Research","2002"
"0000004818","1.0","0000000194","CHEM","44","29","6","7","2","NSC;NSL","Hanson, Robert","{'fsnum': '3090', 'name': 'Hanson, Robert'}","100","55","","","","","Chemical Reactions","126","{'day': 'Mo', 'end': '12:45', 'location': 'SC 378', 'start': '23:50'};{'day': 'We', 'end': '12:45', 'location': 'SC 378', 'start': '23:50'};{'day': 'Fr', 'end': '12:45', 'location': 'SC 378', 'start': '23:50'}","False","D","3","O","20023","Research","2002"
"0000004813","","0000000195","CHEM","0","0","0","0","0","","Hanson, Robert","{'fsnum': '3090', 'name': 'Hanson, Robert'}","100","25","","","","","Chem Reactions/Lab","126","{'day': 'Mo', 'end': '17:00', 'location': 'SC 374/363', 'start': '14:00'}","False","A","3","C","20023","Lab","2002"
"0000004815","","0000000195","CHEM","0","0","0","0","0","","Miessler, Gary","{'fsnum': '5287', 'name': 'Miessler, Gary'}","100","25","","","","","Chem Reactions/Lab","126","{'day': 'Tu', 'end': '11:00', 'location': 'SC 374/363', 'start': '08:00'}","False","B","3","C","20023","Lab","2002"
"0000004817","","0000000195","CHEM","0","0","0","0","0","","Walczak, Mary","{'fsnum': '8868', 'name': 'Walczak, Mary'}","100","25","","","","","Chem Reactions/Lab","126","{'day': 'Tu', 'end': '14:45', 'location': 'SC 374/363', 'start': '23:45'}","False","C","3","C","20023","Lab","2002"
"0000004819","","0000000195","CHEM","0","0","0","0","0","","Walczak, Mary","{'fsnum': '8868', 'name': 'Walczak, Mary'}","100","25","","","","","Chem Reactions/Lab","126","{'day': 'Tu', 'end': '18:00', 'location': 'SC 374/363', 'start': '15:00'}","False","D","3","C","20023","Lab","2002"
"0000004820","","0000000195","CHEM","0","0","0","0","0","","Riley, Patrick N.","{'fsnum': '14194', 'name': 'Riley, Patrick N.'}","100","25","","","","","Chem Reactions/Lab","126","{'day': 'We', 'end': '17:00', 'location': 'SC 374/363', 'start': '14:00'}","False","E","3","C","20023","Lab","2002"
"0000004821","","0000000195","CHEM","0","0","0","0","0","","Schwinefus, Jeff J.","{'fsnum': '14915', 'name': 'Schwinefus, Jeff J.'}","100","25","","","","","Chem Reactions/Lab","126","{'day': 'Th', 'end': '11:00', 'location': 'SC 374/363', 'start': '08:00'}","False","F","3","C","20023","Lab","2002"
"0000004822","","0000000195","CHEM","0","0","0","0","0","","Pearson, Wesley","{'fsnum': '6161', 'name': 'Pearson, Wesley'}","100","25","","","","","Chem Reactions/Lab","126","{'day': 'Th', 'end': '15:50', 'location': 'SC 374/371', 'start': '12:50'}","False","G","3","C","20023","Lab","2002"
"0000004823","","0000000195","CHEM","0","0","0","0","0","","Schwinefus, Jeff J.","{'fsnum': '14915', 'name': 'Schwinefus, Jeff J.'}","100","25","","","","","Chem Reactions/Lab","126","{'day': 'Th', 'end': '18:00', 'location': 'SC 374/363', 'start': '15:00'}","False","H","3","O","20023","Lab","2002"
"0000004824","1.0","0000000197","CHEM","35","1","7","20","7","","Pearson, Wesley","{'fsnum': '6161', 'name': 'Pearson, Wesley'}","200","","","","","","Organic Chemistry","248","{'day': 'Mo', 'end': '08:55', 'location': 'SC 282', 'start': '08:00'};{'day': 'We', 'end': '08:55', 'location': 'SC 282', 'start': '08:00'};{'day': 'Fr', 'end': '08:55', 'location': 'SC 282', 'start': '08:00'}","False","A","3","O","20023","Research","2002"
"0000004825","1.0","0000000197","CHEM","47","0","5","39","3","","Spessard, Gary O.","{'fsnum': '7851', 'name': 'Spessard, Gary O.'}","200","","","","","","Organic Chemistry","248","{'day': 'Mo', 'end': '10:00', 'location': 'SC 282', 'start': '09:05'};{'day': 'We', 'end': '10:00', 'location': 'SC 282', 'start': '09:05'};{'day': 'Fr', 'end': '10:00', 'location': 'SC 282', 'start': '09:05'}","False","B","3","O","20023","Research","2002"
"0000004826","0.25","0000000200","CHEM","15","0","0","9","6","","Pearson, Wesley","{'fsnum': '6161', 'name': 'Pearson, Wesley'}","200","24","","","","","Synthesis Lab","254","{'day': 'Mo', 'end': '17:00', 'location': 'SC 378/311', 'start': '14:00'}","True","A","3","O","20023","Lab","2002"
"0000004827","0.25","0000000200","CHEM","18","0","4","14","0","","Pearson, Wesley","{'fsnum': '6161', 'name': 'Pearson, Wesley'}","200","16","","","","","Synthesis Lab","254","{'day': 'Tu', 'end': '11:00', 'location': 'SC 378/311', 'start': '08:00'}","True","B","3","C","20023","Lab","2002"
"0000004828","0.25","0000000200","CHEM","20","0","6","11","3","","Riley, Patrick N.","{'fsnum': '14194', 'name': 'Riley, Patrick N.'}","200","16","","","","","Synthesis Lab","254","{'day': 'Tu', 'end': '16:20', 'location': 'SC 378/311', 'start': '13:20'}","True","C","3","C","20023","Lab","2002"
"0000004829","0.25","0000000200","CHEM","13","1","3","9","0","","Muth, Greg W.","{'fsnum': '14961', 'name': 'Muth, Greg W.'}","200","24","","","","","Synthesis Lab","254","{'day': 'We', 'end': '17:00', 'location': 'SC 378/311', 'start': '14:00'}","True","D","3","O","20023","Lab","2002"
"0000004830","0.25","0000000200","CHEM","17","0","0","16","1","","Muth, Greg W.","{'fsnum': '14961', 'name': 'Muth, Greg W.'}","200","16","","","","","Synthesis Lab","254","{'day': 'Th', 'end': '11:00', 'location': 'SC 378/311', 'start': '08:00'}","True","E","3","C","20023","Lab","2002"
"0000004831","1.0","0000000201","CHEM","20","0","12","2","6","","Jackson, Paul T.","{'fsnum': '3644', 'name': 'Jackson, Paul T.'}","200","32","","","","","Analytical Chem","255","{'day': 'Tu', 'end': '11:00', 'location': 'SC 282', 'start': '09:35'};{'day': 'Th', 'end': '10:50', 'location': 'SC 282', 'start': '09:30'}","False","","3","O","20023","Research","2002"
"0000004832","0.25","0000000202","CHEM","15","0","8","2","5","","Jackson, Paul T.","{'fsnum': '3644', 'name': 'Jackson, Paul T.'}","200","16","","","","","Analytical Lab","256","{'day': 'Tu', 'end': '17:20', 'location': 'SC 321', 'start': '13:20'}","True","A","3","O","20023","Lab","2002"
"0000004833","0.25","0000000202","CHEM","5","0","4","0","1","","Jackson, Paul T.","{'fsnum': '3644', 'name': 'Jackson, Paul T.'}","200","16","","","","","Analytical Lab","256","{'day': 'We', 'end': '17:00', 'location': 'SC 321', 'start': '13:00'}","True","B","3","O","20023","Lab","2002"
"0000004834","0.25","0000000206","CHEM","11","0","7","0","4","","Schwinefus, Jeff J.","{'fsnum': '14915', 'name': 'Schwinefus, Jeff J.'}","300","12","","","","","Physical Lab","357","{'day': 'Tu', 'end': '17:20', 'location': 'SC 329', 'start': '13:20'}","True","A","3","O","20023","Lab","2002"
"0000004835","0.25","0000000206","CHEM","7","0","2","0","5","","Miessler, Gary","{'fsnum': '5287', 'name': 'Miessler, Gary'}","300","12","","","","","Physical Lab","357","{'day': 'We', 'end': '17:00', 'location': 'SC 329', 'start': '13:00'}","True","B","3","O","20023","Lab","2002"
"0000004836","1.0","0000000207","CHEM","18","0","9","0","9","","Miessler, Gary","{'fsnum': '5287', 'name': 'Miessler, Gary'}","300","","","","","","Physical Chemistry","371","{'day': 'Mo', 'end': '10:00', 'location': 'SC 374', 'start': '09:05'};{'day': 'We', 'end': '10:00', 'location': 'SC 374', 'start': '09:05'};{'day': 'Fr', 'end': '10:00', 'location': 'SC 374', 'start': '09:05'}","False","","3","O","20023","Research","2002"
"0000004837","0.25","0000000209","CHEM","8","0","3","2","3","","Muth, Greg W.","{'fsnum': '14961', 'name': 'Muth, Greg W.'}","300","","","","","","Experimental Biochem","373","{'day': 'Tu', 'end': '17:30', 'location': 'SC 344', 'start': '13:30'}","True","","3","O","20023","Lab","2002"
"0000004838","0.25","0000000210","CHEM","7","0","3","0","4","","Spessard, Gary O.","{'fsnum': '7851', 'name': 'Spessard, Gary O.'}","300","","","","","","Adv Synthesis Lab","374","{'day': 'Th', 'end': '16:20', 'location': 'SC 340', 'start': '13:20'}","True","","3","O","20023","Lab","2002"
"0000004839","0.25","0000000211","CHEM","2","0","0","0","2","","Staff","{'fsnum': '', 'name': 'Staff'}","300","","","","","","Advanced Lab","375","","True","","3","O","20023","Lab","2002"
"0000004840","1.0","0000000214","CHEM","21","0","7","1","13","","Muth, Greg W.","{'fsnum': '14961', 'name': 'Muth, Greg W.'}","300","","","","","","Biochemistry I","379","{'day': 'Mo', 'end': '12:45', 'location': 'SC 274', 'start': '23:50'};{'day': 'We', 'end': '12:45', 'location': 'SC 274', 'start': '23:50'};{'day': 'Fr', 'end': '12:45', 'location': 'SC 274', 'start': '23:50'}","False","","3","O","20023","Research","2002"
"0000004841","1.0","0000000218","CHEM","6","0","0","1","5","","Abdella, Beth","{'fsnum': '25', 'name': 'Abdella, Beth'}","300","","","","","","Biochemistry II","385","{'day': 'Mo', 'end': '11:40', 'location': 'SC 374', 'start': '10:45'};{'day': 'We', 'end': '11:40', 'location': 'SC 374', 'start': '10:45'};{'day': 'Fr', 'end': '11:40', 'location': 'SC 374', 'start': '10:45'}","False","","3","O","20023","Research","2002"
"0000004842","1.0","0000000219","CHEM","9","0","5","0","4","","Miessler, Gary","{'fsnum': '5287', 'name': 'Miessler, Gary'}","300","","","","","","Adv Inorganic Chem","386","{'day': 'Mo', 'end': '12:45', 'location': 'SC 374', 'start': '23:50'};{'day': 'We', 'end': '12:45', 'location': 'SC 374', 'start': '23:50'};{'day': 'Fr', 'end': '12:45', 'location': 'SC 374', 'start': '23:50'}","False","","3","O","20023","Research","2002"
"0000004843","1.0","0000000220","CHEM","2","0","0","0","2","","Spessard, Gary O.","{'fsnum': '7851', 'name': 'Spessard, Gary O.'}","300","","","","","","Adv Organic Chemistry","388","{'day': 'Tu', 'end': '09:25', 'location': 'SC 310', 'start': '08:00'};{'day': 'Th', 'end': '09:20', 'location': 'SC 310', 'start': '08:00'}","False","","3","O","20023","Research","2002"
"0000004844","1.0","0000000223","CHEM","1","0","0","0","1","","Riley, Patrick N.","{'fsnum': '14194', 'name': 'Riley, Patrick N.'}","300","","","","","","IR/Organometallic Syn","398","","False","","3","O","20023","Research","2002"
"0000004846","1.0","0000000239","CHIN","7","5","1","1","0","","Bodman, Richard","{'fsnum': '656', 'name': 'Bodman, Richard'}","100","20","","","","","Beginning Chinese II","112","{'day': 'Mo', 'end': '10:00', 'location': 'OM 001', 'start': '09:05'};{'day': 'We', 'end': '10:00', 'location': 'OM 001', 'start': '09:05'};{'day': 'Fr', 'end': '10:00', 'location': 'OM 001', 'start': '09:05'};{'day': 'Tu', 'end': '09:25', 'location': 'OM 001', 'start': '08:00'}","False","A","3","O","20023","Research","2002"
"0000004847","1.0","0000000239","CHIN","4","3","0","1","0","","Bodman, Richard","{'fsnum': '656', 'name': 'Bodman, Richard'}","100","20","","","","","Beginning Chinese II","112","{'day': 'Mo', 'end': '12:45', 'location': 'OM 001', 'start': '23:50'};{'day': 'We', 'end': '12:45', 'location': 'OM 001', 'start': '23:50'};{'day': 'Fr', 'end': '12:45', 'location': 'OM 001', 'start': '23:50'};{'day': 'Tu', 'end': '11:00', 'location': 'OM 001', 'start': '09:35'}","False","B","3","O","20023","Research","2002"
"0000004848","1.0","0000000239","CHIN","8","6","1","1","0","","Bodman, Richard","{'fsnum': '656', 'name': 'Bodman, Richard'}","100","20","","","","","Beginning Chinese II","112","{'day': 'Mo', 'end': '10:00', 'location': 'OM 001', 'start': '09:05'};{'day': 'We', 'end': '10:00', 'location': 'OM 001', 'start': '09:05'};{'day': 'Fr', 'end': '10:00', 'location': 'OM 001', 'start': '09:05'};{'day': 'Tu', 'end': '11:00', 'location': 'OM 001', 'start': '09:35'}","False","C","3","O","20023","Research","2002"
"0000004849","1.0","0000000239","CHIN","6","4","2","0","0","","Bodman, Richard","{'fsnum': '656', 'name': 'Bodman, Richard'}","100","20","","","","","Beginning Chinese II","112","{'day': 'Mo', 'end': '12:45', 'location': 'OM 001', 'start': '23:50'};{'day': 'We', 'end': '12:45', 'location': 'OM 001', 'start': '23:50'};{'day': 'Fr', 'end': '12:45', 'location': 'OM 001', 'start': '23:50'};{'day': 'Tu', 'end': '09:25', 'location': 'OM 001', 'start': '08:00'}","False","D","3","O","20023","Research","2002"
"0000004850","1.0","0000000243","CHIN","11","2","1","7","1","FOL-C","Wan, Pin Pin","{'fsnum': '8890', 'name': 'Wan, Pin Pin'}","200","30","","","","","Intermed Chinese II","232","{'day': 'Mo', 'end': '12:45', 'location': 'BMC 111', 'start': '23:50'};{'day': 'We', 'end': '12:45', 'location': 'BMC 111', 'start': '23:50'};{'day': 'Fr', 'end': '12:45', 'location': 'BMC 111', 'start': '23:50'};{'day': 'Tu', 'end': '11:00', 'location': 'OM 004', 'start': '10:05'};{'day': 'Th', 'end': '10:50', 'location': 'OM 004', 'start': '09:55'}","False","","3","O","20023","Research","2002"
"0000004851","1.0","0000000246","CHIN","7","0","5","0","2","FOL-C","Wan, Pin Pin","{'fsnum': '8890', 'name': 'Wan, Pin Pin'}","200","","","","","","Advanced Chinese II","252","{'day': 'Mo', 'end': '10:00', 'location': 'OM 015', 'start': '09:05'};{'day': 'We', 'end': '10:00', 'location': 'OM 015', 'start': '09:05'};{'day': 'Fr', 'end': '10:00', 'location': 'OM 015', 'start': '09:05'}","False","","3","O","20023","Research","2002"
"0000004852","1.0","0000000249","CHIN","1","0","0","0","1","","Wan, Pin Pin","{'fsnum': '8890', 'name': 'Wan, Pin Pin'}","200","","","","","","IS/Advanced Chinese","298","","False","","3","O","20023","Research","2002"
"0000004853","1.0","0000000249","CHIN","1","0","0","0","1","","Wan, Pin Pin","{'fsnum': '8890', 'name': 'Wan, Pin Pin'}","200","","","","","","IS/Taiwan & Medicine","298","","False","A","3","O","20023","Research","2002"
"0000004845","1.0","0000000231","CLASS","56","13","10","22","11","ALS-L;HWC","Brunelle, Christopher M.","{'fsnum': '14999', 'name': 'Brunelle, Christopher M.'}","200","60","","","","","Golden Age of Rome-Tr","244","{'day': 'Tu', 'end': '13:10', 'location': 'HH 501', 'start': '23:45'};{'day': 'Th', 'end': '14:05', 'location': 'HH 501', 'start': '12:45'}","False","","3","O","20023","Research","2002"
"0000004879","1.0","0000001612","CSCI","20","9","0","3","8","MAR","Brown, Richard","{'fsnum': '806', 'name': 'Brown, Richard'}","100","35","","","","","Principles Comp Sci","172","{'day': 'Mo', 'end': '13:50', 'location': 'SC 182', 'start': '12:55'};{'day': 'We', 'end': '13:50', 'location': 'SC 182', 'start': '12:55'};{'day': 'Fr', 'end': '13:50', 'location': 'SC 182', 'start': '12:55'}","False","","3","O","20023","Research","2002"
"0000004880","1.0","0000001615","CSCI","8","3","1","4","0","","Brown, Richard","{'fsnum': '806', 'name': 'Brown, Richard'}","200","18","","","","","Software Design & Impl","272","{'day': 'Mo', 'end': '12:45', 'location': 'SC 184', 'start': '23:50'};{'day': 'We', 'end': '12:45', 'location': 'SC 184', 'start': '23:50'};{'day': 'Fr', 'end': '12:45', 'location': 'SC 184', 'start': '23:50'};{'day': 'We', 'end': '16:00', 'location': 'OMH 300', 'start': '14:00'}","False","A","3","O","20023","Research","2002"
"0000004881","1.0","0000001615","CSCI","3","0","0","2","1","","Brown, Richard","{'fsnum': '806', 'name': 'Brown, Richard'}","200","18","","","","","Software Design & Impl","272","{'day': 'Mo', 'end': '12:45', 'location': 'SC 184', 'start': '23:50'};{'day': 'We', 'end': '12:45', 'location': 'SC 184', 'start': '23:50'};{'day': 'Fr', 'end': '12:45', 'location': 'SC 184', 'start': '23:50'};{'day': 'Th', 'end': '10:50', 'location': 'OMH 300', 'start': '08:50'}","False","B","3","O","20023","Research","2002"
"0000004882","1.0","0000001615","CSCI","5","0","1","4","0","","Brown, Richard","{'fsnum': '806', 'name': 'Brown, Richard'}","200","18","","","","","Software Design & Impl","272","{'day': 'Mo', 'end': '12:45', 'location': 'SC 184', 'start': '23:50'};{'day': 'We', 'end': '12:45', 'location': 'SC 184', 'start': '23:50'};{'day': 'Fr', 'end': '12:45', 'location': 'SC 184', 'start': '23:50'};{'day': 'Th', 'end': '14:45', 'location': 'OMH 300', 'start': '12:45'}","False","C","3","O","20023","Research","2002"
"0000004883","1.0","0000000300","CSCI","1","0","0","0","1","","McKelvey, Steven","{'fsnum': '5214', 'name': 'McKelvey, Steven'}","200","","","","","","IS/Application Dev Is","298","","False","","3","O","20023","Research","2002"
"0000004884","1.0","0000000297","CSCI","12","0","5","3","4","","Allen, Richard","{'fsnum': '97', 'name': 'Allen, Richard'}","300","","","","","","Programming Languages","376","{'day': 'Tu', 'end': '09:25', 'location': 'SC 188', 'start': '08:00'};{'day': 'Th', 'end': '09:20', 'location': 'SC 188', 'start': '08:00'}","False","","3","O","20023","Research","2002"
"0000004885","1.0","0000000306","CSCI","1","0","0","0","1","","Brown, Richard","{'fsnum': '806', 'name': 'Brown, Richard'}","300","","","","","","Academic Internship","394","","True","","3","O","20023","Research","2002"
"0000004886","1.0","0000000307","CSCI","1","0","1","0","0","WRI","Brown, Richard","{'fsnum': '806', 'name': 'Brown, Richard'}","300","","","","","","IR/Secure Linux Proj","398","","False","","3","O","20023","Research","2002"
"0000004887","1.0","0000000307","CSCI","1","0","1","0","0","","Brown, Richard","{'fsnum': '806', 'name': 'Brown, Richard'}","300","","","","","","IR/Secure Linux","398","","False","A","3","O","20023","Research","2002"
"0000004919","0.5","0000001639","DNCTE","21","0","7","10","4","PHA","Saterstrom, Sheryl","{'fsnum': '7059', 'name': 'Saterstrom, Sheryl'}","100","25","0","8","8","6","The Body Movable","101","{'day': 'Mo', 'end': '10:00', 'location': 'CAD  STUDIO 3', 'start': '09:05'};{'day': 'We', 'end': '10:00', 'location': 'CAD  STUDIO 3', 'start': '09:05'};{'day': 'Fr', 'end': '10:00', 'location': 'CAD  STUDIO 3', 'start': '09:05'}","False","","3","C","20023","Research","2002"
"0000004920","0.25","0000000347","DNCTE","23","1","8","6","8","ALS-A;PHA","von Bibra, Anne","{'fsnum': '8817', 'name': 'von Bibra, Anne'}","100","20","","","","","Ballroom I (Men)","106","{'day': 'Mo', 'end': '13:50', 'location': 'CAD  STUDIO 1', 'start': '12:55'};{'day': 'We', 'end': '13:50', 'location': 'CAD  STUDIO 1', 'start': '12:55'}","True","A","3","C","20023","Research","2002"
"0000004921","0.25","0000000347","DNCTE","21","3","3","2","13","ALS-A;PHA","von Bibra, Anne","{'fsnum': '8817', 'name': 'von Bibra, Anne'}","100","12","","","","","Ballroom I (Women)","106","{'day': 'Mo', 'end': '13:50', 'location': 'CAD  STUDIO 1', 'start': '12:55'};{'day': 'We', 'end': '13:50', 'location': 'CAD  STUDIO 1', 'start': '12:55'}","True","B","3","C","20023","Research","2002"
"0000004922","0.25","0000000347","DNCTE","16","3","4","3","6","ALS-A;PHA","von Bibra, Anne","{'fsnum': '8817', 'name': 'von Bibra, Anne'}","100","20","","","","","Ballroom I (Men)","106","{'day': 'Tu', 'end': '11:00', 'location': 'CAD  STUDIO 1', 'start': '10:05'};{'day': 'Th', 'end': '10:50', 'location': 'CAD  STUDIO 1', 'start': '09:55'}","True","C","3","C","20023","Research","2002"
"0000004923","0.25","0000000347","DNCTE","17","0","6","3","8","ALS-A;PHA","von Bibra, Anne","{'fsnum': '8817', 'name': 'von Bibra, Anne'}","100","12","","","","","Ballroom I (Women)","106","{'day': 'Tu', 'end': '11:00', 'location': 'CAD  STUDIO 1', 'start': '10:05'};{'day': 'Th', 'end': '10:50', 'location': 'CAD  STUDIO 1', 'start': '09:55'}","True","D","3","C","20023","Research","2002"
"0000004924","0.25","0000000348","DNCTE","20","1","1","12","6","PHA","von Bibra, Anne","{'fsnum': '8817', 'name': 'von Bibra, Anne'}","100","20","","","","","Am Dn: Native/Immigrnt","108","{'day': 'Tu', 'end': '12:45', 'location': 'CAD  STUDIO 1', 'start': '23:50'};{'day': 'Th', 'end': '13:40', 'location': 'CAD  STUDIO 1', 'start': '12:45'}","True","","3","C","20023","Research","2002"
"0000004925","0.25","0000000351","DNCTE","14","0","8","1","5","ALS-A;PHA","Saterstrom, Sheryl","{'fsnum': '7059', 'name': 'Saterstrom, Sheryl'}","100","15","","","","","Modern Dance I (.25)","111","{'day': 'Mo', 'end': '12:45', 'location': 'CAD  STUDIO 3', 'start': '23:50'};{'day': 'We', 'end': '12:45', 'location': 'CAD  STUDIO 3', 'start': '23:50'}","True","A","3","C","20023","Research","2002"
"0000004926","0.25","0000000351","DNCTE","18","2","3","6","7","ALS-A;PHA","Roberts, Anthony","{'fsnum': '6691', 'name': 'Roberts, Anthony'}","100","20","","","","","Modern Dance I (.25)","111","{'day': 'Mo', 'end': '13:50', 'location': 'CAD  STUDIO 2', 'start': '12:55'};{'day': 'We', 'end': '13:50', 'location': 'CAD  STUDIO 2', 'start': '12:55'}","True","B","3","C","20023","Research","2002"
"0000004927","0.25","0000000351","DNCTE","23","7","5","4","7","ALS-A;PHA","Saterstrom, Sheryl","{'fsnum': '7059', 'name': 'Saterstrom, Sheryl'}","100","25","","","","","Modern Dance I (.25)","111","{'day': 'Tu', 'end': '10:00', 'location': 'CAD  STUDIO 1', 'start': '09:05'};{'day': 'Th', 'end': '10:00', 'location': 'CAD  STUDIO 1', 'start': '09:05'}","True","C","3","C","20023","Research","2002"
"0000004928","0.25","0000000353","DNCTE","26","7","5","8","6","ALS-A;PHA","Klopchin, Heather J.","{'fsnum': '10044', 'name': 'Klopchin, Heather J.'}","100","25","","","","","Ballet I","121","{'day': 'Tu', 'end': '11:00', 'location': 'CAD  STUDIO 2', 'start': '10:05'};{'day': 'Th', 'end': '10:50', 'location': 'CAD  STUDIO 2', 'start': '09:55'}","True","A","3","C","20023","Research","2002"
"0000004929","0.25","0000000353","DNCTE","27","4","6","13","4","ALS-A;PHA","Bader, Jennifer","{'fsnum': '311', 'name': 'Bader, Jennifer'}","100","25","","","","","Ballet I","121","{'day': 'Tu', 'end': '12:45', 'location': 'CAD  STUDIO 2', 'start': '23:50'};{'day': 'Th', 'end': '13:40', 'location': 'CAD  STUDIO 2', 'start': '12:45'}","True","B","3","C","20023","Research","2002"
"0000004930","0.25","0000000355","DNCTE","9","0","1","4","4","ALS-A;PHA","von Bibra, Anne","{'fsnum': '8817', 'name': 'von Bibra, Anne'}","200","20","","","","","Ballroom II (Men)","206","{'day': 'Mo', 'end': '12:45', 'location': 'CAD  STUDIO 1', 'start': '23:50'};{'day': 'We', 'end': '12:45', 'location': 'CAD  STUDIO 1', 'start': '23:50'}","True","A","3","O","20023","Research","2002"
"0000004931","0.25","0000000355","DNCTE","12","1","3","1","7","ALS-A;PHA","von Bibra, Anne","{'fsnum': '8817', 'name': 'von Bibra, Anne'}","200","12","","","","","Ballroom II (Women)","206","{'day': 'Mo', 'end': '12:45', 'location': 'CAD  STUDIO 1', 'start': '23:50'};{'day': 'We', 'end': '12:45', 'location': 'CAD  STUDIO 1', 'start': '23:50'}","True","B","3","C","20023","Research","2002"
"0000004932","0.5","0000000357","DNCTE","4","1","0","0","3","ALS-A;PHA","Saterstrom, Sheryl","{'fsnum': '7059', 'name': 'Saterstrom, Sheryl'}","200","4","","","","","Modern Dance II","210","{'day': 'Mo', 'end': '15:30', 'location': 'CAD  STUDIO 3', 'start': '14:00'};{'day': 'We', 'end': '15:30', 'location': 'CAD  STUDIO 3', 'start': '14:00'}","False","A","3","C","20023","Research","2002"
"0000004933","0.5","0000000357","DNCTE","7","0","2","3","2","ALS-A;PHA","Klopchin, Heather J.","{'fsnum': '10044', 'name': 'Klopchin, Heather J.'}","200","4","","","","","Modern Dance II","210","{'day': 'Tu', 'end': '13:10', 'location': 'CAD  STUDIO 3', 'start': '23:45'};{'day': 'Th', 'end': '14:05', 'location': 'CAD  STUDIO 3', 'start': '12:45'}","False","B","3","C","20023","Research","2002"
"0000004934","0.25","0000000358","DNCTE","9","1","3","3","2","ALS-A;PHA","Saterstrom, Sheryl","{'fsnum': '7059', 'name': 'Saterstrom, Sheryl'}","200","12","","","","","Modern Dance II","211","{'day': 'Mo', 'end': '15:30', 'location': 'CAD  STUDIO 3', 'start': '14:00'};{'day': 'We', 'end': '15:30', 'location': 'CAD  STUDIO 3', 'start': '14:00'}","False","A","3","C","20023","Research","2002"
"0000004935","0.25","0000000358","DNCTE","8","2","1","2","3","ALS-A;PHA","Klopchin, Heather J.","{'fsnum': '10044', 'name': 'Klopchin, Heather J.'}","200","12","","","","","Modern Dance II","211","{'day': 'Tu', 'end': '13:10', 'location': 'CAD  STUDIO 3', 'start': '23:45'};{'day': 'Th', 'end': '14:05', 'location': 'CAD  STUDIO 3', 'start': '12:45'}","False","B","3","C","20023","Research","2002"
"0000004936","0.5","0000000359","DNCTE","5","1","1","1","2","ALS-A;PHA","Bader, Jennifer","{'fsnum': '311', 'name': 'Bader, Jennifer'}","200","4","","","","","Ballet II","220","{'day': 'Tu', 'end': '09:25', 'location': 'CAD  STUDIO 2', 'start': '08:00'};{'day': 'Th', 'end': '09:20', 'location': 'CAD  STUDIO 2', 'start': '08:00'}","False","","3","C","20023","Research","2002"
"0000004937","0.25","0000000360","DNCTE","20","5","5","6","4","ALS-A;PHA","Bader, Jennifer","{'fsnum': '311', 'name': 'Bader, Jennifer'}","200","20","","","","","Ballet II","221","{'day': 'Tu', 'end': '09:25', 'location': 'CAD  STUDIO 2', 'start': '08:00'};{'day': 'Th', 'end': '09:20', 'location': 'CAD  STUDIO 2', 'start': '08:00'}","False","","3","C","20023","Research","2002"
"0000004938","0.5","0000000362","DNCTE","2","0","0","0","2","ALS-A;PHA","Roberts, Janice","{'fsnum': '3206', 'name': 'Roberts, Janice'}","300","4","","","","","Modern III","310","{'day': 'Mo', 'end': '15:30', 'location': 'CAD  STUDIO 1', 'start': '14:00'};{'day': 'We', 'end': '15:30', 'location': 'CAD  STUDIO 1', 'start': '14:00'};{'day': 'Fr', 'end': '15:30', 'location': 'CAD  STUDIO 1', 'start': '14:00'}","False","","3","O","20023","Research","2002"
"0000004939","0.25","0000000363","DNCTE","14","0","4","2","8","ALS-A;PHA","Roberts, Janice","{'fsnum': '3206', 'name': 'Roberts, Janice'}","300","10","","","","","Modern III","311","{'day': 'Mo', 'end': '15:30', 'location': 'CAD  STUDIO 1', 'start': '14:00'};{'day': 'We', 'end': '15:30', 'location': 'CAD  STUDIO 1', 'start': '14:00'};{'day': 'Fr', 'end': '15:30', 'location': 'CAD  STUDIO 1', 'start': '14:00'}","False","","3","C","20023","Research","2002"
"0000004940","0.5","0000000364","DNCTE","2","0","1","0","1","ALS-A;PHA","Bader, Jennifer","{'fsnum': '311', 'name': 'Bader, Jennifer'}","300","6","","","","","Ballet III","320","{'day': 'Tu', 'end': '14:45', 'location': 'CAD  STUDIO 2', 'start': '13:20'};{'day': 'Th', 'end': '15:35', 'location': 'CAD  STUDIO 2', 'start': '14:15'}","False","","3","O","20023","Research","2002"
"0000004941","0.25","0000000365","DNCTE","14","7","3","2","2","ALS-A;PHA","Bader, Jennifer","{'fsnum': '311', 'name': 'Bader, Jennifer'}","300","12","","","","","Ballet III","321","{'day': 'Tu', 'end': '14:45', 'location': 'CAD  STUDIO 2', 'start': '13:20'};{'day': 'Th', 'end': '15:35', 'location': 'CAD  STUDIO 2', 'start': '14:15'}","False","","3","C","20023","Research","2002"
"0000004942","1.0","0000000370","DNCTH","23","5","7","7","4","ALS-A;WRI","Bauer, Susan","{'fsnum': '338', 'name': 'Bauer, Susan'}","200","20","","","","","Movement Analysis","232","{'day': 'Mo', 'end': '10:00', 'location': 'CAD  STUDIO 1', 'start': '09:05'};{'day': 'We', 'end': '10:00', 'location': 'CAD  STUDIO 1', 'start': '09:05'};{'day': 'Fr', 'end': '10:00', 'location': 'CAD  STUDIO 1', 'start': '09:05'}","False","","3","C","20023","Research","2002"
"0000004943","1.0","0000001650","DNCTH","37","17","2","11","7","ALS-A;HWC","Klopchin, Heather J.","{'fsnum': '10044', 'name': 'Klopchin, Heather J.'}","200","45","","","","","Rise of Ballet","245","{'day': 'Mo', 'end': '13:50', 'location': 'CAD 305', 'start': '12:55'};{'day': 'We', 'end': '13:50', 'location': 'CAD 305', 'start': '12:55'};{'day': 'Fr', 'end': '13:50', 'location': 'CAD 305', 'start': '12:55'}","False","","3","O","20023","Research","2002"
"0000004944","1.0","0000000375","DNCTH","1","0","0","0","1","","Saterstrom, Sheryl","{'fsnum': '7059', 'name': 'Saterstrom, Sheryl'}","200","","","","","","IS/Embodiment","298","","False","","3","O","20023","Research","2002"
"0000004945","1.0","0000000378","DNCTH","1","0","0","0","1","","Klopchin, Heather J.","{'fsnum': '10044', 'name': 'Klopchin, Heather J.'}","300","","","","","","IR/Choreography Resrc","398","","False","","3","O","20023","Research","2002"
"0000004946","1.0","0000000378","DNCTH","1","0","1","0","0","","Roberts, Janice","{'fsnum': '3206', 'name': 'Roberts, Janice'}","300","","","","","","IR/Ind Choreography","398","","False","A","3","O","20023","Research","2002"
"0000004854","1.0","0000000259","ECON","19","14","1","1","3","HBS","Fitzgerald, Terry J.","{'fsnum': '14049', 'name': 'Fitzgerald, Terry J.'}","100","30","","","","","Principles of Econ","121","{'day': 'Mo', 'end': '12:45', 'location': 'CAD 305', 'start': '23:50'};{'day': 'We', 'end': '12:45', 'location': 'CAD 305', 'start': '23:50'};{'day': 'Fr', 'end': '12:45', 'location': 'CAD 305', 'start': '23:50'}","False","A","3","C","20023","Research","2002"
"0000004855","1.0","0000000259","ECON","22","11","2","4","5","HBS","Fitzgerald, Terry J.","{'fsnum': '14049', 'name': 'Fitzgerald, Terry J.'}","100","30","","","","","Principles of Econ","121","{'day': 'Mo', 'end': '11:40', 'location': 'CAD 305', 'start': '10:45'};{'day': 'We', 'end': '11:40', 'location': 'CAD 305', 'start': '10:45'};{'day': 'Fr', 'end': '11:40', 'location': 'CAD 305', 'start': '10:45'}","False","B","3","C","20023","Research","2002"
"0000004856","1.0","0000000259","ECON","21","14","2","1","4","HBS","Becker, Anthony","{'fsnum': '348', 'name': 'Becker, Anthony'}","100","30","","","","","Principles of Econ","121","{'day': 'Mo', 'end': '13:50', 'location': 'HH 317', 'start': '12:55'};{'day': 'We', 'end': '13:50', 'location': 'HH 317', 'start': '12:55'};{'day': 'Fr', 'end': '13:50', 'location': 'HH 317', 'start': '12:55'}","False","C","3","C","20023","Research","2002"
"0000004857","1.0","0000000259","ECON","24","16","1","3","4","HBS","Pomponio, Xun","{'fsnum': '6399', 'name': 'Pomponio, Xun'}","100","30","","","","","Principles of Econ","121","{'day': 'Tu', 'end': '11:00', 'location': 'HH 516', 'start': '09:35'};{'day': 'Th', 'end': '10:50', 'location': 'HH 516', 'start': '09:30'}","False","D","3","O","20023","Research","2002"
"0000004858","1.0","0000000259","ECON","23","14","0","6","3","HBS","Pomponio, Xun","{'fsnum': '6399', 'name': 'Pomponio, Xun'}","100","30","","","","","Principles of Econ","121","{'day': 'Tu', 'end': '13:10', 'location': 'HH 403', 'start': '23:45'};{'day': 'Th', 'end': '14:05', 'location': 'HH 403', 'start': '12:45'}","False","E","3","C","20023","Research","2002"
"0000004859","1.0","0000000259","ECON","20","16","0","1","3","HBS","Becker, Anthony","{'fsnum': '348', 'name': 'Becker, Anthony'}","100","30","","","","","Principles of Econ","121","{'day': 'Mo', 'end': '14:55', 'location': 'HH 413', 'start': '14:00'};{'day': 'We', 'end': '14:55', 'location': 'HH 413', 'start': '14:00'};{'day': 'Fr', 'end': '14:55', 'location': 'HH 413', 'start': '14:00'}","False","F","3","O","20023","Research","2002"
"0000004860","1.0","0000000260","ECON","11","7","0","3","1","HBS","Soderlind, Steve","{'fsnum': '7636', 'name': 'Soderlind, Steve'}","100","30","","","","","Analytical Principles","122","{'day': 'Mo', 'end': '10:00', 'location': 'RML 421', 'start': '09:05'};{'day': 'We', 'end': '10:00', 'location': 'RML 421', 'start': '09:05'};{'day': 'Fr', 'end': '10:00', 'location': 'RML 421', 'start': '09:05'}","False","","3","O","20023","Research","2002"
"0000004861","1.0","0000000264","ECON","13","3","1","9","0","","Emery, Edward David","{'fsnum': '1741', 'name': 'Emery, Edward David'}","200","30","","","","","Economic Methods","233","{'day': 'Mo', 'end': '12:45', 'location': 'HH 516', 'start': '23:50'};{'day': 'We', 'end': '12:45', 'location': 'HH 516', 'start': '23:50'};{'day': 'Fr', 'end': '12:45', 'location': 'HH 516', 'start': '23:50'}","False","","3","O","20023","Research","2002"
"0000004862","1.0","0000000267","ECON","7","0","0","4","3","WRI","Judge, Rebecca","{'fsnum': '4137', 'name': 'Judge, Rebecca'}","200","30","","","","","Environmental Econ","242","{'day': 'Tu', 'end': '13:10', 'location': 'OM 004', 'start': '23:45'};{'day': 'Th', 'end': '14:05', 'location': 'OM 004', 'start': '12:45'}","False","","3","O","20023","Research","2002"
"0000004863","1.0","0000000268","ECON","23","0","9","12","2","MCS-G;WRI","Schodt, David","{'fsnum': '7176', 'name': 'Schodt, David'}","200","25","","","","","Economic Development","243","{'day': 'Tu', 'end': '11:00', 'location': 'OM 011', 'start': '09:35'};{'day': 'Th', 'end': '10:50', 'location': 'OM 011', 'start': '09:30'}","False","","3","C","20023","Research","2002"
"0000004864","1.0","0000000269","ECON","21","2","12","4","3","","Becker, Anthony","{'fsnum': '348', 'name': 'Becker, Anthony'}","200","30","","","","","Bus, Govt & Marketpl","244","{'day': 'Mo', 'end': '11:40', 'location': 'SC 129', 'start': '10:45'};{'day': 'We', 'end': '11:40', 'location': 'SC 129', 'start': '10:45'};{'day': 'Fr', 'end': '11:40', 'location': 'SC 129', 'start': '10:45'}","False","","3","O","20023","Research","2002"
"0000004865","1.0","0000000271","ECON","24","2","5","14","3","HWC","Wojick, Paul","{'fsnum': '9114', 'name': 'Wojick, Paul'}","200","30","","","","","History Econ Thought","247","{'day': 'Tu', 'end': '09:25', 'location': 'HH 516', 'start': '08:00'};{'day': 'Th', 'end': '09:20', 'location': 'HH 516', 'start': '08:00'}","False","","3","O","20023","Research","2002"
"0000004866","1.0","0000000272","ECON","36","0","14","3","19","","Soderlind, Steve","{'fsnum': '7636', 'name': 'Soderlind, Steve'}","200","30","","","","","Urban Economics","249","{'day': 'Mo', 'end': '12:45', 'location': 'HH 317', 'start': '23:50'};{'day': 'We', 'end': '12:45', 'location': 'HH 317', 'start': '23:50'};{'day': 'Fr', 'end': '12:45', 'location': 'HH 317', 'start': '23:50'}","False","","3","C","20023","Research","2002"
"0000004867","1.0","0000000274","ECON","25","3","5","16","1","","Pernecky, Mark","{'fsnum': '6199', 'name': 'Pernecky, Mark'}","200","30","","","","","Macroeconomic Theory","261","{'day': 'Tu', 'end': '11:00', 'location': 'HH 413', 'start': '09:35'};{'day': 'Th', 'end': '10:50', 'location': 'HH 413', 'start': '09:30'}","False","A","3","O","20023","Research","2002"
"0000004868","1.0","0000000274","ECON","27","2","6","18","1","","Pernecky, Mark","{'fsnum': '6199', 'name': 'Pernecky, Mark'}","200","30","","","","","Macroeconomic Theory","261","{'day': 'Tu', 'end': '13:10', 'location': 'SC 278', 'start': '23:45'};{'day': 'Th', 'end': '14:05', 'location': 'SC 278', 'start': '12:45'}","False","B","3","O","20023","Research","2002"
"0000004869","1.0","0000000275","ECON","26","1","4","19","2","","Emery, Edward David","{'fsnum': '1741', 'name': 'Emery, Edward David'}","200","25","","","","","Microeconomic Theory","262","{'day': 'Mo', 'end': '08:55', 'location': 'HH 301', 'start': '08:00'};{'day': 'We', 'end': '08:55', 'location': 'HH 301', 'start': '08:00'};{'day': 'Fr', 'end': '08:55', 'location': 'HH 301', 'start': '08:00'}","False","A","3","C","20023","Research","2002"
"0000004870","1.0","0000000275","ECON","24","0","11","11","2","","Emery, Edward David","{'fsnum': '1741', 'name': 'Emery, Edward David'}","200","25","","","","","Microeconomic Theory","262","{'day': 'Mo', 'end': '10:00', 'location': 'HH 302', 'start': '09:05'};{'day': 'We', 'end': '10:00', 'location': 'HH 302', 'start': '09:05'};{'day': 'Fr', 'end': '10:00', 'location': 'HH 302', 'start': '09:05'}","False","B","3","C","20023","Research","2002"
"0000004871","1.0","0000000276","ECON","1","0","1","0","0","","Goedde, Richard","{'fsnum': '2661', 'name': 'Goedde, Richard'}","200","","","","","","Academic Internship","294","","True","","3","O","20023","Research","2002"
"0000004872","1.0","0000000276","ECON","1","0","0","0","1","","Dalgaard, Bruce","{'fsnum': '1333', 'name': 'Dalgaard, Bruce'}","200","","","","","","Academic Internship","294","","True","A","3","O","20023","Research","2002"
"0000004873","1.0","0000000277","ECON","1","0","0","0","1","","Soderlind, Steve","{'fsnum': '7636', 'name': 'Soderlind, Steve'}","200","","","","","","IS/Globalism","298","","False","","3","O","20023","Research","2002"
"0000004874","1.0","0000000277","ECON","1","0","0","1","0","","Thomforde, Kathy C.","{'fsnum': '1070', 'name': 'Thomforde, Kathy C.'}","200","","","","","","IS/Comp Cd Marketing","298","","False","A","3","O","20023","Research","2002"
"0000004875","1.0","0000000278","ECON","15","0","3","0","12","EIN","Judge, Rebecca","{'fsnum': '4137', 'name': 'Judge, Rebecca'}","300","19","","","","","Econ of Public Policy","371","{'day': 'Tu', 'end': '14:45', 'location': 'HH 301', 'start': '13:20'};{'day': 'Th', 'end': '15:35', 'location': 'HH 301', 'start': '14:15'}","False","","3","C","20023","Research","2002"
"0000004876","1.0","0000000279","ECON","14","0","5","0","9","","Fitzgerald, Terry J.","{'fsnum': '14049', 'name': 'Fitzgerald, Terry J.'}","300","19","","","","","Money and Banking","374","{'day': 'Mo', 'end': '08:55', 'location': 'HH 516', 'start': '08:00'};{'day': 'We', 'end': '08:55', 'location': 'HH 516', 'start': '08:00'};{'day': 'Fr', 'end': '08:55', 'location': 'HH 516', 'start': '08:00'}","False","","3","O","20023","Research","2002"
"0000004877","1.0","0000000281","ECON","24","0","15","0","9","","Pomponio, Xun","{'fsnum': '6399', 'name': 'Pomponio, Xun'}","300","19","","","","","International Econ","382","{'day': 'Tu', 'end': '14:45', 'location': 'OM 030', 'start': '13:20'};{'day': 'Th', 'end': '15:35', 'location': 'OM 030', 'start': '14:15'}","False","","3","C","20023","Research","2002"
"0000004878","1.0","0000000283","ECON","1","0","0","0","1","","Soderlind, Steve","{'fsnum': '7636', 'name': 'Soderlind, Steve'}","300","","","","","","Senior Project","389","","False","","3","O","20023","Research","2002"
"0000004888","","0000000309","EDUC","48","0","14","5","29","","Storry, Mark","{'fsnum': '8074', 'name': 'Storry, Mark'}","200","","","","","","Drugs & Alcohol","231","{'day': 'Th', 'end': '21:00', 'location': 'BMC 101', 'start': '19:00'}","True","","3","C","20023","Research","2002"
"0000004889","1.0","0000000311","EDUC","33","1","1","20","11","HBS","Welckle, John","{'fsnum': '8971', 'name': 'Welckle, John'}","200","30","","","","","Educ Psychology","290","{'day': 'Mo', 'end': '10:00', 'location': 'FH 10L', 'start': '09:05'};{'day': 'We', 'end': '10:00', 'location': 'FH 10L', 'start': '09:05'};{'day': 'Fr', 'end': '10:00', 'location': 'FH 10L', 'start': '09:05'}","False","A","3","C","20023","Research","2002"
"0000004890","1.0","0000000311","EDUC","32","0","0","16","16","HBS","Welckle, John","{'fsnum': '8971', 'name': 'Welckle, John'}","200","30","","","","","Educ Psychology","290","{'day': 'Mo', 'end': '11:40', 'location': 'FH 10', 'start': '10:45'};{'day': 'We', 'end': '11:40', 'location': 'FH 10', 'start': '10:45'};{'day': 'Fr', 'end': '11:40', 'location': 'FH 10', 'start': '10:45'}","False","B","3","C","20023","Research","2002"
"0000004891","1.0","0000000311","EDUC","29","0","1","15","13","HBS","Forstner, Daniel R.","{'fsnum': '15723', 'name': 'Forstner, Daniel R.'}","200","30","","","","","Educ Psychology","290","{'day': 'Tu', 'end': '11:00', 'location': 'FH 10L', 'start': '09:35'};{'day': 'Th', 'end': '10:50', 'location': 'FH 10L', 'start': '09:30'}","False","C","3","C","20023","Research","2002"
"0000004892","","0000000312","EDUC","19","0","0","12","7","","Campbell, Heather","{'fsnum': '903', 'name': 'Campbell, Heather'}","200","24","","","","","Standards/Technology","291","","True","A","3","C","20023","Research","2002"
"0000004893","","0000000312","EDUC","24","0","0","14","10","","Campbell, Heather","{'fsnum': '903', 'name': 'Campbell, Heather'}","200","24","","","","","Standards/Technology","291","","True","B","3","C","20023","Research","2002"
"0000004894","","0000000312","EDUC","9","0","1","3","5","","Campbell, Heather","{'fsnum': '903', 'name': 'Campbell, Heather'}","200","24","","","","","Standards/Technology","291","","True","C","3","C","20023","Research","2002"
"0000004895","","0000000312","EDUC","19","0","0","7","12","","Campbell, Heather","{'fsnum': '903', 'name': 'Campbell, Heather'}","200","24","","","","","Standards/Technology","291","","True","D","3","C","20023","Research","2002"
"0000004896","","0000000312","EDUC","19","0","4","9","6","","Campbell, Heather","{'fsnum': '903', 'name': 'Campbell, Heather'}","200","24","","","","","Standards/Technology","291","","True","E","3","C","20023","Research","2002"
"0000004897","1.0","0000000321","EDUC","19","0","4","0","15","ORC","Kelly, Maria L.","{'fsnum': '10032', 'name': 'Kelly, Maria L.'}","300","20","","","","","Prin Secondary Educ","330","{'day': 'Mo', 'end': '10:00', 'location': 'FH 10', 'start': '09:05'};{'day': 'We', 'end': '10:00', 'location': 'FH 10', 'start': '09:05'};{'day': 'Fr', 'end': '10:00', 'location': 'FH 10', 'start': '09:05'}","False","A","3","C","20023","Research","2002"
"0000004898","1.0","0000000321","EDUC","12","0","4","0","8","ORC","Harris, Martha","{'fsnum': '10033', 'name': 'Harris, Martha'}","300","20","","","","","Prin Secondary Educ","330","{'day': 'Tu', 'end': '11:00', 'location': 'FH 10L', 'start': '09:35'};{'day': 'Th', 'end': '10:50', 'location': 'FH 10L', 'start': '09:30'}","False","B","3","C","20023","Research","2002"
"0000004899","1.0","0000000322","EDUC","20","0","6","0","14","","Welckle, John","{'fsnum': '8971', 'name': 'Welckle, John'}","300","","","","","","Social Studies Persp","334","{'day': 'Mo', 'end': '14:55', 'location': 'FH 10', 'start': '14:00'};{'day': 'We', 'end': '14:55', 'location': 'FH 10', 'start': '14:00'};{'day': 'Fr', 'end': '14:55', 'location': 'FH 10', 'start': '14:00'}","False","","3","C","20023","Research","2002"
"0000004900","1.0","0000000323","EDUC","5","0","2","0","3","","Hauck, Karna E.","{'fsnum': '13286', 'name': 'Hauck, Karna E.'}","300","","","","","","Teaching of Art, K-12","341","{'day': 'Mo', 'end': '21:00', 'location': 'CAD 204', 'start': '18:00'}","False","","3","C","20023","Research","2002"
"0000004901","1.0","0000000325","EDUC","11","0","4","0","7","","Harris, Martha","{'fsnum': '10033', 'name': 'Harris, Martha'}","300","","","","","","Teaching of Comm/Lit","345","{'day': 'Tu', 'end': '14:45', 'location': 'FH 10L', 'start': '13:20'};{'day': 'Th', 'end': '15:35', 'location': 'FH 10L', 'start': '14:15'}","False","","3","C","20023","Research","2002"
"0000004902","0.5","0000001624","EDUC","12","0","5","0","7","","Frey, Olivia","{'fsnum': '2455', 'name': 'Frey, Olivia'}","300","","","","","","Teaching of Reading","346","{'day': 'Tu', 'end': '21:00', 'location': 'RML 515', 'start': '18:00'}","False","","3","C","20023","Research","2002"
"0000004903","1.0","0000000327","EDUC","9","0","3","0","6","","Wallace, Martha","{'fsnum': '8879', 'name': 'Wallace, Martha'}","300","","","","","","Tchg of Mathematics","350","{'day': 'Tu', 'end': '09:25', 'location': 'SC 184', 'start': '08:00'};{'day': 'Th', 'end': '09:20', 'location': 'SC 184', 'start': '08:00'}","False","","3","C","20023","Research","2002"
"0000004904","1.0","0000000328","EDUC","6","0","1","0","5","","Broner, Maggie","{'fsnum': '792', 'name': 'Broner, Maggie'}","300","","","","","","Tchg of World Lang","353","{'day': 'Tu', 'end': '21:00', 'location': 'FH 10L', 'start': '18:00'}","False","","3","C","20023","Research","2002"
"0000004905","1.0","0000000329","EDUC","26","0","7","0","19","","Berger, Linda","{'fsnum': '417', 'name': 'Berger, Linda'}","300","","","","","","Tchg Music-Elem Schls","355","{'day': 'Tu', 'end': '14:45', 'location': 'CHM 233', 'start': '13:20'};{'day': 'Th', 'end': '15:35', 'location': 'CHM 233', 'start': '14:15'}","False","","3","C","20023","Research","2002"
"0000004906","1.0","0000000333","EDUC","8","0","1","0","7","","Bezanson, Char Anne","{'fsnum': '557', 'name': 'Bezanson, Char Anne'}","300","","","","","","Tchg of Science","364","{'day': 'Tu', 'end': '22:00', 'location': 'FH 10', 'start': '19:00'}","False","","3","C","20023","Research","2002"
"0000004907","1.0","0000000334","EDUC","19","0","6","0","13","","Fowler, Larry;Kelly, Maria L.","{'fsnum': '2320', 'name': 'Fowler, Larry'};{'fsnum': '10032', 'name': 'Kelly, Maria L.'}","300","","","","","","Tchg of Soc Studies","365","{'day': 'Mo', 'end': '19:30', 'location': 'FH 10', 'start': '18:00'};{'day': 'Th', 'end': '19:30', 'location': 'FH 10', 'start': '18:00'};{'day': 'Mo', 'end': '08:55', 'location': 'FH 10L', 'start': '08:00'};{'day': 'We', 'end': '08:55', 'location': 'FH 10L', 'start': '08:00'};{'day': 'Fr', 'end': '08:55', 'location': 'FH 10L', 'start': '08:00'}","False","","3","C","20023","Research","2002"
"0000004908","0.5","0000000335","EDUC","26","0","12","0","14","","Forstner, Daniel R.","{'fsnum': '15723', 'name': 'Forstner, Daniel R.'}","300","30","","","","","Counsel/Comm in Schls","372","{'day': 'Tu', 'end': '13:10', 'location': 'FH 10', 'start': '23:45'};{'day': 'Th', 'end': '14:05', 'location': 'FH 10', 'start': '12:45'}","False","A","3","C","20023","Research","2002"
"0000004909","0.5","0000000335","EDUC","8","0","3","0","5","","Forstner, Daniel R.","{'fsnum': '15723', 'name': 'Forstner, Daniel R.'}","300","30","","","","","Counsel/Comm in Schls","372","{'day': 'Tu', 'end': '14:45', 'location': 'FH 10', 'start': '13:20'};{'day': 'Th', 'end': '15:35', 'location': 'FH 10', 'start': '14:15'}","False","B","3","C","20023","Research","2002"
"0000004910","0.5","0000000336","EDUC","26","0","11","0","15","","Leming, Ann A.","{'fsnum': '4755', 'name': 'Leming, Ann A.'}","300","30","","","","","The Exceptional Child","375","{'day': 'Tu', 'end': '13:10', 'location': 'FH 10', 'start': '23:45'};{'day': 'Th', 'end': '14:05', 'location': 'FH 10', 'start': '12:45'}","False","A","3","C","20023","Research","2002"
"0000004911","0.5","0000000336","EDUC","8","0","3","0","5","","Leming, Ann A.","{'fsnum': '4755', 'name': 'Leming, Ann A.'}","300","30","","","","","The Exceptional Child","375","{'day': 'Tu', 'end': '14:45', 'location': 'FH 10', 'start': '13:20'};{'day': 'Th', 'end': '15:35', 'location': 'FH 10', 'start': '14:15'}","False","B","3","C","20023","Research","2002"
"0000004912","1.0","0000000337","EDUC","2","0","2","0","0","","Leming, Ann A.","{'fsnum': '4755', 'name': 'Leming, Ann A.'}","300","3","","","","","The Exceptional Child","376","{'day': 'Tu', 'end': '13:10', 'location': 'FH 10', 'start': '23:45'};{'day': 'Th', 'end': '14:05', 'location': 'FH 10', 'start': '12:45'}","False","A","3","C","20023","Research","2002"
"0000004913","1.0","0000000337","EDUC","1","0","0","0","1","","Leming, Ann A.","{'fsnum': '4755', 'name': 'Leming, Ann A.'}","300","3","","","","","The Exceptional Child","376","{'day': 'Tu', 'end': '14:45', 'location': 'FH 10', 'start': '13:20'};{'day': 'Th', 'end': '15:35', 'location': 'FH 10', 'start': '14:15'}","False","B","3","C","20023","Research","2002"
"0000004914","0.5","0000000340","EDUC","13","0","0","0","13","","Welckle, John","{'fsnum': '8971', 'name': 'Welckle, John'}","300","","","","","","Senior Seminar Educ","381","{'day': 'Mo', 'end': '16:00', 'location': 'TBA', 'start': '20:00'};{'day': 'Tu', 'end': '16:00', 'location': 'TBA', 'start': '20:00'};{'day': 'We', 'end': '16:00', 'location': 'TBA', 'start': '20:00'};{'day': 'Th', 'end': '16:00', 'location': 'TBA', 'start': '20:00'};{'day': 'Fr', 'end': '16:00', 'location': 'TBA', 'start': '20:00'}","False","","3","O","20023","Research","2002"
"0000004915","","0000000341","EDUC","22","0","0","0","22","","Pfarr-Baker, Rosemary A.","{'fsnum': '10410', 'name': 'Pfarr-Baker, Rosemary A.'}","300","","","","","","Human Relations","382","","True","","3","O","20023","Research","2002"
"0000004916","0.5","0000000342","EDUC","13","0","0","0","13","","Solid, Myron L.","{'fsnum': '7667', 'name': 'Solid, Myron L.'}","300","","","","","","Issues in Education","385","{'day': 'Mo', 'end': '16:00', 'location': 'TBA', 'start': '20:00'};{'day': 'Tu', 'end': '16:00', 'location': 'TBA', 'start': '20:00'};{'day': 'We', 'end': '16:00', 'location': 'TBA', 'start': '20:00'};{'day': 'Th', 'end': '16:00', 'location': 'TBA', 'start': '20:00'};{'day': 'Fr', 'end': '16:00', 'location': 'TBA', 'start': '20:00'}","False","","3","O","20023","Research","2002"
"0000004917","3.0","0000000343","EDUC","14","0","0","0","14","","Pfarr-Baker, Rosemary A.","{'fsnum': '10410', 'name': 'Pfarr-Baker, Rosemary A.'}","300","","","","","","Student Teaching","389","","False","","3","O","20023","Research","2002"
"0000004918","1.0","0000000344","EDUC","1","0","0","0","1","","Pfarr-Baker, Rosemary A.","{'fsnum': '10410', 'name': 'Pfarr-Baker, Rosemary A.'}","300","","","","","","Academic Internship","394","","True","","3","O","20023","Research","2002"
"0000004947","1.0","0000000392","ENGL","26","2","1","21","2","ALS-L;ORC;WRI","Mbele, Joseph L.","{'fsnum': '5144', 'name': 'Mbele, Joseph L.'}","100","23","","","","","Literary Studies","185","{'day': 'Tu', 'end': '09:25', 'location': 'RML 515', 'start': '08:00'};{'day': 'Th', 'end': '09:20', 'location': 'RML 515', 'start': '08:00'}","False","A","3","C","20023","Research","2002"
"0000004948","1.0","0000000392","ENGL","24","13","0","10","1","ALS-L;ORC;WRI","Cherewatuk, Karen","{'fsnum': '1076', 'name': 'Cherewatuk, Karen'}","100","23","","","","","Literary Studies","185","{'day': 'Tu', 'end': '11:00', 'location': 'RML 525', 'start': '09:35'};{'day': 'Th', 'end': '10:50', 'location': 'RML 525', 'start': '09:30'}","False","B","3","C","20023","Research","2002"
"0000004949","1.0","0000000392","ENGL","23","9","0","14","0","ALS-L;ORC;WRI","Cherewatuk, Karen","{'fsnum': '1076', 'name': 'Cherewatuk, Karen'}","100","23","","","","","Literary Studies","185","{'day': 'Tu', 'end': '13:10', 'location': 'RML 525', 'start': '23:45'};{'day': 'Th', 'end': '14:05', 'location': 'RML 525', 'start': '12:45'}","False","C","3","C","20023","Research","2002"
"0000004950","1.0","0000000392","ENGL","25","9","1","14","1","ALS-L;ORC;WRI","DuRocher, Richard","{'fsnum': '1548', 'name': 'DuRocher, Richard'}","100","23","","","","","Literary Studies","185","{'day': 'Tu', 'end': '14:45', 'location': 'RML 525', 'start': '13:20'};{'day': 'Th', 'end': '15:35', 'location': 'RML 525', 'start': '14:15'}","False","D","3","C","20023","Research","2002"
"0000004951","1.0","0000000397","ENGL","48","3","1","40","4","WRI","Cherewatuk, Karen;Shenk, Linda","{'fsnum': '1076', 'name': 'Cherewatuk, Karen'};{'fsnum': '15062', 'name': 'Shenk, Linda'}","200","","","","","","Lit in Engl to 1650","221","{'day': 'Mo', 'end': '10:00', 'location': 'RML 525', 'start': '09:05'};{'day': 'We', 'end': '10:00', 'location': 'RML 525', 'start': '09:05'};{'day': 'Fr', 'end': '10:00', 'location': 'RML 525', 'start': '09:05'}","False","A","3","O","20023","Research","2002"
"0000004952","1.0","0000000397","ENGL","5","0","0","5","0","WRI","Cherewatuk, Karen;Shenk, Linda","{'fsnum': '1076', 'name': 'Cherewatuk, Karen'};{'fsnum': '15062', 'name': 'Shenk, Linda'}","200","","","","","","Lit in Engl to 1650","221","{'day': 'Fr', 'end': '10:00', 'location': 'RML 420', 'start': '09:05'};{'day': 'Mo', 'end': '10:00', 'location': 'RML 525', 'start': '09:05'};{'day': 'We', 'end': '10:00', 'location': 'RML 525', 'start': '09:05'}","False","B","3","O","20023","Research","2002"
"0000004953","1.0","0000000399","ENGL","40","1","11","23","5","WRI","Wells, Colin;DuRocher, Richard","{'fsnum': '8973', 'name': 'Wells, Colin'};{'fsnum': '1548', 'name': 'DuRocher, Richard'}","200","","","","","","Lit in Engl 1650-1850","222","{'day': 'Mo', 'end': '12:45', 'location': 'RML 525', 'start': '23:50'};{'day': 'We', 'end': '12:45', 'location': 'RML 525', 'start': '23:50'};{'day': 'Fr', 'end': '12:45', 'location': 'RML 525', 'start': '23:50'}","False","A","3","C","20023","Research","2002"
"0000004954","1.0","0000000399","ENGL","6","0","1","5","0","WRI","Wells, Colin;DuRocher, Richard","{'fsnum': '8973', 'name': 'Wells, Colin'};{'fsnum': '1548', 'name': 'DuRocher, Richard'}","200","","","","","","Lit in Engl 1650-1850","222","{'day': 'Fr', 'end': '12:45', 'location': 'RML 421', 'start': '23:50'};{'day': 'Mo', 'end': '12:45', 'location': 'RML 525', 'start': '23:50'};{'day': 'We', 'end': '12:45', 'location': 'RML 525', 'start': '23:50'}","False","B","3","C","20023","Research","2002"
"0000004955","1.0","0000000399","ENGL","1","0","0","1","0","WRI","Wells, Colin;DuRocher, Richard","{'fsnum': '8973', 'name': 'Wells, Colin'};{'fsnum': '1548', 'name': 'DuRocher, Richard'}","200","","","","","","Lit in Engl 1650-1850","222","{'day': 'Fr', 'end': '11:40', 'location': 'RML 420', 'start': '10:45'};{'day': 'Mo', 'end': '12:45', 'location': 'RML 525', 'start': '23:50'};{'day': 'We', 'end': '12:45', 'location': 'RML 525', 'start': '23:50'}","False","C","3","C","20023","Research","2002"
"0000004956","1.0","0000000399","ENGL","1","0","1","0","0","WRI","Wells, Colin;DuRocher, Richard","{'fsnum': '8973', 'name': 'Wells, Colin'};{'fsnum': '1548', 'name': 'DuRocher, Richard'}","200","","","","","","Lit in Engl 1650-1850","222","{'day': 'Fr', 'end': '11:40', 'location': 'TBA', 'start': '10:45'};{'day': 'Mo', 'end': '12:45', 'location': 'RML 525', 'start': '23:50'};{'day': 'We', 'end': '12:45', 'location': 'RML 525', 'start': '23:50'}","False","D","3","C","20023","Research","2002"
"0000004957","1.0","0000000401","ENGL","47","0","28","6","13","WRI","Hill, Jonathan;Allister, Mark","{'fsnum': '3341', 'name': 'Hill, Jonathan'};{'fsnum': '110', 'name': 'Allister, Mark'}","200","","","","","","Lit in Engl 1850-Pres","223","{'day': 'Mo', 'end': '11:40', 'location': 'RML 525', 'start': '10:45'};{'day': 'We', 'end': '11:40', 'location': 'RML 525', 'start': '10:45'};{'day': 'Fr', 'end': '11:40', 'location': 'RML 525', 'start': '10:45'}","False","A","3","C","20023","Research","2002"
"0000004958","1.0","0000000401","ENGL","3","0","3","0","0","WRI","Hill, Jonathan;Allister, Mark","{'fsnum': '3341', 'name': 'Hill, Jonathan'};{'fsnum': '110', 'name': 'Allister, Mark'}","200","","","","","","Lit in Engl 1850-Pres","223","{'day': 'Fr', 'end': '11:40', 'location': 'RML 520', 'start': '10:45'};{'day': 'Mo', 'end': '11:40', 'location': 'RML 525', 'start': '10:45'};{'day': 'We', 'end': '11:40', 'location': 'RML 525', 'start': '10:45'}","False","B","3","C","20023","Research","2002"
"0000004959","1.0","0000000401","ENGL","2","0","2","0","0","WRI","Hill, Jonathan;Allister, Mark","{'fsnum': '3341', 'name': 'Hill, Jonathan'};{'fsnum': '110', 'name': 'Allister, Mark'}","200","","","","","","Lit in Engl 1850-Pres","223","{'day': 'Fr', 'end': '12:45', 'location': 'RML 420', 'start': '23:50'};{'day': 'Mo', 'end': '11:40', 'location': 'RML 525', 'start': '10:45'};{'day': 'We', 'end': '11:40', 'location': 'RML 525', 'start': '10:45'}","False","C","3","C","20023","Research","2002"
"0000004960","1.0","0000000388","ENGL","32","0","13","9","10","ALS-L;WRI","Wee, David","{'fsnum': '8901', 'name': 'Wee, David'}","200","34","","","","","Literary Eras: British","230","{'day': 'Mo', 'end': '11:40', 'location': 'RML 515', 'start': '10:45'};{'day': 'We', 'end': '11:40', 'location': 'RML 515', 'start': '10:45'};{'day': 'Fr', 'end': '11:40', 'location': 'RML 515', 'start': '10:45'}","False","","3","C","20023","Research","2002"
"0000004961","1.0","0000000409","ENGL","35","5","11","11","8","ALS-L;WRI","Buckstead, Richard","{'fsnum': '821', 'name': 'Buckstead, Richard'}","200","35","","","","","Literary Eras: Amer","240","{'day': 'Mo', 'end': '13:50', 'location': 'RML 515', 'start': '12:55'};{'day': 'We', 'end': '13:50', 'location': 'RML 515', 'start': '12:55'};{'day': 'Fr', 'end': '13:50', 'location': 'RML 515', 'start': '12:55'}","False","","3","C","20023","Research","2002"
"0000004962","1.0","0000000410","ENGL","33","1","20","0","12","ALS-L;MCS-D;WRI","Hepburn, Joan","{'fsnum': '3322', 'name': 'Hepburn, Joan'}","200","35","","","","","Amer Racial/Multi Lit","245","{'day': 'Tu', 'end': '09:25', 'location': 'RML 525', 'start': '08:00'};{'day': 'Th', 'end': '09:20', 'location': 'RML 525', 'start': '08:00'}","False","","3","C","20023","Research","2002"
"0000004963","1.0","0000000413","ENGL","18","0","5","5","8","WRI","Hill, Jan C.","{'fsnum': '109', 'name': 'Hill, Jan C.'}","200","15","0","5","5","5","Creative Nonfiction","251","{'day': 'Th', 'end': '21:30', 'location': 'RML 515', 'start': '18:30'}","False","","3","C","20023","Research","2002"
"0000004964","1.0","0000000416","ENGL","14","0","0","8","6","WRI","Zorn, Paul","{'fsnum': '9206', 'name': 'Zorn, Paul'}","200","18","0","","","","Science Writing","254","{'day': 'Tu', 'end': '11:00', 'location': 'SC 188', 'start': '09:35'};{'day': 'Th', 'end': '10:50', 'location': 'SC 188', 'start': '09:30'}","False","","3","C","20023","Research","2002"
"0000004965","1.0","0000000417","ENGL","17","0","6","2","9","WRI","Hill, Jan C.","{'fsnum': '109', 'name': 'Hill, Jan C.'}","200","15","0","","","","Journalistic Writing","255","{'day': 'Tu', 'end': '13:10', 'location': 'RML 520', 'start': '23:45'};{'day': 'Th', 'end': '14:05', 'location': 'RML 520', 'start': '12:45'}","False","","3","C","20023","Research","2002"
"0000004966","1.0","0000000418","ENGL","17","1","7","2","7","WRI","Wee, David","{'fsnum': '8901', 'name': 'Wee, David'}","200","15","0","5","7","5","Creative Writing I","257","{'day': 'Mo', 'end': '10:00', 'location': 'RML 520', 'start': '09:05'};{'day': 'We', 'end': '10:00', 'location': 'RML 520', 'start': '09:05'};{'day': 'Fr', 'end': '10:00', 'location': 'RML 520', 'start': '09:05'}","False","A","3","C","20023","Research","2002"
"0000004967","1.0","0000000418","ENGL","12","1","5","2","4","WRI","Buckstead, Richard","{'fsnum': '821', 'name': 'Buckstead, Richard'}","200","18","0","5","8","5","Creative Writing I","257","{'day': 'Mo', 'end': '14:55', 'location': 'RML 520', 'start': '14:00'};{'day': 'We', 'end': '14:55', 'location': 'RML 520', 'start': '14:00'};{'day': 'Fr', 'end': '14:55', 'location': 'RML 520', 'start': '14:00'}","False","B","3","C","20023","Research","2002"
"0000004968","1.0","0000000429","ENGL","59","13","14","19","13","ALS-L;ORC","Allister, Mark","{'fsnum': '110', 'name': 'Allister, Mark'}","200","63","","","","","Novel","283","{'day': 'Mo', 'end': '13:50', 'location': 'RML 525', 'start': '12:55'};{'day': 'We', 'end': '13:50', 'location': 'RML 525', 'start': '12:55'};{'day': 'Fr', 'end': '13:50', 'location': 'RML 525', 'start': '12:55'}","False","","3","C","20023","Research","2002"
"0000004969","1.0","0000000433","ENGL","2","0","0","0","2","","Hill, Jan C.","{'fsnum': '109', 'name': 'Hill, Jan C.'}","200","","","","","","Academic Internship","294","","True","","3","O","20023","Research","2002"
"0000004970","1.0","0000000434","ENGL","3","0","0","0","3","","Cherewatuk, Karen","{'fsnum': '1076', 'name': 'Cherewatuk, Karen'}","200","","","","","","IS/Arthurian Women","298","","False","","3","O","20023","Research","2002"
"0000004971","1.0","0000000434","ENGL","1","0","1","0","0","","Heynen, James","{'fsnum': '3333', 'name': 'Heynen, James'}","200","","","","","","IS/Poetry Writing","298","","False","A","3","O","20023","Research","2002"
"0000004972","1.0","0000000434","ENGL","1","0","1","0","0","","Shenk, Linda","{'fsnum': '15062', 'name': 'Shenk, Linda'}","200","","","","","","IS/Pockets of Poesy","298","","False","B","3","O","20023","Research","2002"
"0000004973","1.0","0000000436","ENGL","9","0","4","0","5","","Wells, Colin","{'fsnum': '8973', 'name': 'Wells, Colin'}","300","14","","","","","Top in Lit Eras: Amer","340","{'day': 'Mo', 'end': '10:00', 'location': 'RML 515', 'start': '09:05'};{'day': 'We', 'end': '10:00', 'location': 'RML 515', 'start': '09:05'};{'day': 'Fr', 'end': '10:00', 'location': 'RML 515', 'start': '09:05'}","False","","3","C","20023","Topic","2002"
"0000004974","1.0","0000000442","ENGL","14","0","6","1","7","","Heynen, James","{'fsnum': '3333', 'name': 'Heynen, James'}","300","15","","","","","Adv Creative Nonfict","373","{'day': 'Th', 'end': '22:00', 'location': 'RML 420', 'start': '19:00'}","False","","3","C","20023","Research","2002"
"0000004975","1.0","0000000451","ENGL","8","0","0","0","8","","Holly, Carol","{'fsnum': '3424', 'name': 'Holly, Carol'}","300","","","","","","IR/Lit 1980-2003","398","","False","","3","O","20023","Research","2002"
"0000004976","1.0","0000000451","ENGL","1","0","0","0","1","WRI","Heynen, James","{'fsnum': '3333', 'name': 'Heynen, James'}","300","","","","","","IR/Adv Nature Writing","398","","False","A","3","O","20023","Research","2002"
"0000004977","1.0","0000000451","ENGL","1","0","0","0","1","","DuRocher, Richard","{'fsnum': '1548', 'name': 'DuRocher, Richard'}","300","","","","","","IR/Metaphysical Poet","398","","False","B","3","O","20023","Research","2002"
"0000004978","1.0","0000000451","ENGL","1","0","0","0","1","","Buckstead, Richard","{'fsnum': '821', 'name': 'Buckstead, Richard'}","300","","","","","","IR/Between the Wars","398","","False","C","3","O","20023","Research","2002"
"0000004979","1.0","0000000452","ENGL","12","0","3","0","9","","Shenk, Linda","{'fsnum': '15062', 'name': 'Shenk, Linda'}","300","15","","","","","Major Seminar","399","{'day': 'Mo', 'end': '13:50', 'location': 'RML 520', 'start': '12:55'};{'day': 'We', 'end': '13:50', 'location': 'RML 520', 'start': '12:55'};{'day': 'Fr', 'end': '13:50', 'location': 'RML 520', 'start': '12:55'}","False","A","3","C","20023","Seminar","2002"
"0000004980","1.0","0000000452","ENGL","15","0","1","0","14","","Wee, David","{'fsnum': '8901', 'name': 'Wee, David'}","300","15","","","","","Major Seminar","399","{'day': 'Mo', 'end': '14:55', 'location': 'RML 525', 'start': '14:00'};{'day': 'We', 'end': '14:55', 'location': 'RML 525', 'start': '14:00'};{'day': 'Fr', 'end': '14:55', 'location': 'RML 525', 'start': '14:00'}","False","B","3","C","20023","Seminar","2002"
"0000004981","1.0","0000000452","ENGL","15","0","1","0","14","","Mbele, Joseph L.","{'fsnum': '5144', 'name': 'Mbele, Joseph L.'}","300","15","","","","","Major Seminar","399","{'day': 'Tu', 'end': '11:00', 'location': 'RML 520', 'start': '09:35'};{'day': 'Th', 'end': '10:50', 'location': 'RML 520', 'start': '09:30'}","False","C","3","C","20023","Seminar","2002"
"0000004982","1.0","0000000454","ENVST","25","1","6","8","10","NST","Bakko, Eugene","{'fsnum': '325', 'name': 'Bakko, Eugene'}","100","24","","8","","6","Conservation Biology","125","{'day': 'Mo', 'end': '15:00', 'location': 'SC 129', 'start': '13:00'};{'day': 'We', 'end': '15:00', 'location': 'SC 129', 'start': '13:00'}","False","","3","C","20023","Research","2002"
"0000004983","1.0","0000000455","ENVST","24","6","3","6","9","NST","Welch, Brian C.","{'fsnum': '13277', 'name': 'Welch, Brian C.'}","100","24","5","6","5","6","Intro: Enviro Studies","137","{'day': 'Tu', 'end': '09:25', 'location': 'SC 129', 'start': '08:00'};{'day': 'Th', 'end': '09:20', 'location': 'SC 129', 'start': '08:00'}","False","A","3","C","20023","Research","2002"
"0000004984","1.0","0000000455","ENVST","21","5","6","3","7","NST","Welch, Brian C.","{'fsnum': '13277', 'name': 'Welch, Brian C.'}","100","24","5","6","6","6","Intro: Enviro Studies","137","{'day': 'Tu', 'end': '11:00', 'location': 'SC 129', 'start': '09:35'};{'day': 'Th', 'end': '10:50', 'location': 'SC 129', 'start': '09:30'}","False","B","3","C","20023","Research","2002"
"0000004985","1.0","0000000456","ENVST","21","0","9","3","9","HBS","Burch, Kurt","{'fsnum': '14022', 'name': 'Burch, Kurt'}","200","28","","","","","Global Env Politics","201","{'day': 'Mo', 'end': '12:45', 'location': 'SC 129', 'start': '23:50'};{'day': 'We', 'end': '12:45', 'location': 'SC 129', 'start': '23:50'};{'day': 'Fr', 'end': '12:45', 'location': 'SC 129', 'start': '23:50'}","False","","3","C","20023","Research","2002"
"0000004986","1.0","0000000459","ENVST","24","13","1","4","6","HBS","Judge, Rebecca","{'fsnum': '4137', 'name': 'Judge, Rebecca'}","200","30","","","","","Enviro Policy/Regulat","232","{'day': 'Tu', 'end': '11:00', 'location': 'SC 130', 'start': '09:35'};{'day': 'Th', 'end': '10:50', 'location': 'SC 130', 'start': '09:30'}","False","","3","C","20023","Research","2002"
"0000004987","1.0","0000000462","ENVST","30","2","16","4","8","HWC;ORC","Shaw, Rachel","{'fsnum': '14133', 'name': 'Shaw, Rachel'}","200","28","","","","","Saving Wild Places","259","{'day': 'Tu', 'end': '13:10', 'location': 'SC 188', 'start': '23:45'};{'day': 'Th', 'end': '14:05', 'location': 'SC 188', 'start': '12:45'}","False","","3","C","20023","Research","2002"
"0000004988","1.0","0000000463","ENVST","33","1","13","8","11","ALS-A;HWC","Rohn, Matthew","{'fsnum': '6758', 'name': 'Rohn, Matthew'}","200","30","","","","","Nature & Am Landscape","270","{'day': 'Mo', 'end': '13:50', 'location': 'BMC 101', 'start': '12:55'};{'day': 'We', 'end': '13:50', 'location': 'BMC 101', 'start': '12:55'};{'day': 'Fr', 'end': '13:50', 'location': 'BMC 101', 'start': '12:55'}","False","","3","C","20023","Research","2002"
"0000004989","1.0","0000000468","ENVST","11","0","0","0","11","","Breen, Sheryl D.","{'fsnum': '13316', 'name': 'Breen, Sheryl D.'}","300","","","","","","Sem: Environ Studies","399","{'day': 'Mo', 'end': '16:00', 'location': 'BMC 110', 'start': '14:00'};{'day': 'We', 'end': '16:00', 'location': 'BMC 110', 'start': '14:00'}","False","","3","O","20023","Seminar","2002"
"0000005073","1.0","0000000649","FAMST","34","1","13","9","11","","Holt, C. George","{'fsnum': '3431', 'name': 'Holt, C. George'}","200","35","0","5","","7","Family Relationships","242","{'day': 'Mo', 'end': '11:40', 'location': 'OM 001', 'start': '10:45'};{'day': 'We', 'end': '11:40', 'location': 'OM 001', 'start': '10:45'};{'day': 'Fr', 'end': '11:40', 'location': 'OM 001', 'start': '10:45'}","False","","3","C","20023","Research","2002"
"0000005074","1.0","0000000651","FAMST","53","0","19","3","31","","Holt, C. George","{'fsnum': '3431', 'name': 'Holt, C. George'}","200","55","0","14","0","29","Human Sexuality","253","{'day': 'Tu', 'end': '14:45', 'location': 'HH 501', 'start': '13:20'};{'day': 'Th', 'end': '15:35', 'location': 'HH 501', 'start': '14:15'}","False","","3","C","20023","Research","2002"
"0000005075","1.0","0000000655","FAMST","29","1","0","0","28","","Holt, C. George","{'fsnum': '3431', 'name': 'Holt, C. George'}","300","32","0","0","0","32","Senior Seminar: Sp Top","391","{'day': 'Tu', 'end': '11:00', 'location': 'HH 301', 'start': '09:35'};{'day': 'Th', 'end': '10:50', 'location': 'HH 301', 'start': '09:30'}","False","","3","C","20023","Research","2002"
"0000004992","1.0","0000000476","FREN","15","7","1","2","5","","Pensec, Herve","{'fsnum': '6184', 'name': 'Pensec, Herve'}","100","25","","","","","Beginning French I","111","{'day': 'Mo', 'end': '14:55', 'location': 'OM 026', 'start': '14:00'};{'day': 'We', 'end': '14:55', 'location': 'OM 026', 'start': '14:00'};{'day': 'Fr', 'end': '14:55', 'location': 'OM 026', 'start': '14:00'}","False","","3","O","20023","Research","2002"
"0000004993","1.0","0000000477","FREN","26","21","0","3","2","","Mather, M. Clare","{'fsnum': '5116', 'name': 'Mather, M. Clare'}","100","30","","","","","Beginning French II","112","{'day': 'Mo', 'end': '11:40', 'location': 'OM 026', 'start': '10:45'};{'day': 'We', 'end': '11:40', 'location': 'OM 026', 'start': '10:45'};{'day': 'Fr', 'end': '11:40', 'location': 'OM 026', 'start': '10:45'}","False","","3","C","20023","Research","2002"
"0000004994","1.0","0000000479","FREN","13","9","1","0","3","","Pensec, Herve","{'fsnum': '6184', 'name': 'Pensec, Herve'}","200","25","","","","","Intermed French I","231","{'day': 'Mo', 'end': '12:45', 'location': 'OM 026', 'start': '23:50'};{'day': 'We', 'end': '12:45', 'location': 'OM 026', 'start': '23:50'};{'day': 'Fr', 'end': '12:45', 'location': 'OM 026', 'start': '23:50'}","False","","3","O","20023","Research","2002"
"0000004995","1.0","0000000480","FREN","22","18","0","3","1","FOL-F;MCS-G","Homler, Scott","{'fsnum': '3438', 'name': 'Homler, Scott'}","200","25","","","","","Intermed French II","232","{'day': 'Mo', 'end': '08:55', 'location': 'OM 026', 'start': '08:00'};{'day': 'We', 'end': '08:55', 'location': 'OM 026', 'start': '08:00'};{'day': 'Fr', 'end': '08:55', 'location': 'OM 026', 'start': '08:00'}","False","A","3","O","20023","Research","2002"
"0000004996","1.0","0000000480","FREN","21","13","2","5","1","FOL-F;MCS-G","Allen, Wendy","{'fsnum': '102', 'name': 'Allen, Wendy'}","200","25","","","","","Intermed French II","232","{'day': 'Mo', 'end': '10:00', 'location': 'OM 026', 'start': '09:05'};{'day': 'We', 'end': '10:00', 'location': 'OM 026', 'start': '09:05'};{'day': 'Fr', 'end': '10:00', 'location': 'OM 026', 'start': '09:05'}","False","B","3","C","20023","Research","2002"
"0000004997","1.0","0000000480","FREN","25","15","4","3","3","FOL-F;MCS-G","Barjasteh, Jolene","{'fsnum': '337', 'name': 'Barjasteh, Jolene'}","200","25","","","","","Intermed French II","232","{'day': 'Mo', 'end': '13:50', 'location': 'OM 026', 'start': '12:55'};{'day': 'We', 'end': '13:50', 'location': 'OM 026', 'start': '12:55'};{'day': 'Fr', 'end': '13:50', 'location': 'OM 026', 'start': '12:55'}","False","C","3","C","20023","Research","2002"
"0000004998","1.0","0000000485","FREN","15","8","1","3","3","ALS-L;FOL-F","Allen, Wendy","{'fsnum': '102', 'name': 'Allen, Wendy'}","200","","","","","","Intro Literary Analy","253","{'day': 'Tu', 'end': '11:00', 'location': 'OM 026', 'start': '09:35'};{'day': 'Th', 'end': '10:50', 'location': 'OM 026', 'start': '09:30'}","False","","3","O","20023","Research","2002"
"0000004999","1.0","0000000486","FREN","9","2","3","3","1","FOL-F","Mather, M. Clare","{'fsnum': '5116', 'name': 'Mather, M. Clare'}","200","","","","","","Fr World: Immig Lit","271","{'day': 'Tu', 'end': '14:45', 'location': 'OM 026', 'start': '13:20'};{'day': 'Th', 'end': '15:35', 'location': 'OM 026', 'start': '14:15'}","False","","3","O","20023","Research","2002"
"0000005000","1.0","0000000493","FREN","10","0","2","3","5","FOL-F","Pensec, Herve","{'fsnum': '6184', 'name': 'Pensec, Herve'}","300","","","","","","Genre: Theat Du Gr Sie","373","{'day': 'Tu', 'end': '13:10', 'location': 'OM 026', 'start': '23:45'};{'day': 'Th', 'end': '14:05', 'location': 'OM 026', 'start': '12:45'}","False","","3","O","20023","Research","2002"
"0000005030","1.0","0000000533","GCON","22","20","0","1","1","FYW;HWC","Barjasteh, Jolene","{'fsnum': '337', 'name': 'Barjasteh, Jolene'}","100","23","","","","","Medieval Synthesis","116","{'day': 'Mo', 'end': '11:40', 'location': 'Steensland', 'start': '10:45'};{'day': 'We', 'end': '11:40', 'location': 'Steensland', 'start': '10:45'};{'day': 'Fr', 'end': '11:40', 'location': 'Steensland', 'start': '10:45'}","False","A","3","C","20023","Research","2002"
"0000005031","1.0","0000000533","GCON","23","21","0","1","1","FYW;HWC","Reece, Steve T.","{'fsnum': '6626', 'name': 'Reece, Steve T.'}","100","23","","","","","Medieval Synthesis","116","{'day': 'Mo', 'end': '11:40', 'location': 'Steensland', 'start': '10:45'};{'day': 'We', 'end': '11:40', 'location': 'Steensland', 'start': '10:45'};{'day': 'Fr', 'end': '11:40', 'location': 'Steensland', 'start': '10:45'}","False","B","3","C","20023","Research","2002"
"0000005032","1.0","0000000533","GCON","21","21","0","0","0","FYW;HWC","Schuurman, Douglas","{'fsnum': '7248', 'name': 'Schuurman, Douglas'}","100","23","","","","","Medieval Synthesis","116","{'day': 'Mo', 'end': '11:40', 'location': 'HH 516', 'start': '10:45'};{'day': 'We', 'end': '11:40', 'location': 'HH 516', 'start': '10:45'};{'day': 'Fr', 'end': '11:40', 'location': 'HH 516', 'start': '10:45'}","False","C","3","C","20023","Research","2002"
"0000005033","1.0","0000000535","GCON","22","0","0","22","0","ALS-A;HWC;ORC;WRI","Groton, Anne","{'fsnum': '2771', 'name': 'Groton, Anne'}","200","","","","","","Dissenters/Defenders","218","{'day': 'Mo', 'end': '14:55', 'location': 'Steensland', 'start': '14:00'};{'day': 'We', 'end': '14:55', 'location': 'Steensland', 'start': '14:00'};{'day': 'Fr', 'end': '14:55', 'location': 'Steensland', 'start': '14:00'}","False","A","3","C","20023","Research","2002"
"0000005034","1.0","0000000535","GCON","22","0","1","20","1","ALS-A;HWC;ORC;WRI","Hill, Jonathan","{'fsnum': '3341', 'name': 'Hill, Jonathan'}","200","","","","","","Dissenters/Defenders","218","{'day': 'Mo', 'end': '14:55', 'location': 'Steensland', 'start': '14:00'};{'day': 'We', 'end': '14:55', 'location': 'Steensland', 'start': '14:00'};{'day': 'Fr', 'end': '14:55', 'location': 'Steensland', 'start': '14:00'}","False","B","3","C","20023","Research","2002"
"0000005035","1.0","0000000535","GCON","20","0","0","17","3","ALS-A;HWC;ORC;WRI","Langerak, Edward","{'fsnum': '4599', 'name': 'Langerak, Edward'}","200","","","","","","Dissenters/Defenders","218","{'day': 'Mo', 'end': '14:55', 'location': 'Steensland', 'start': '14:00'};{'day': 'We', 'end': '14:55', 'location': 'Steensland', 'start': '14:00'};{'day': 'Fr', 'end': '14:55', 'location': 'Steensland', 'start': '14:00'}","False","C","3","C","20023","Research","2002"
"0000005036","1.0","0000000538","GCON","10","1","4","0","5","EIN;WRI","Santurri, Edmund","{'fsnum': '7020', 'name': 'Santurri, Edmund'}","300","","","","","","Ethical ISSues/Gr Con","310","{'day': 'Mo', 'end': '10:00', 'location': 'BMC 109', 'start': '09:05'};{'day': 'We', 'end': '10:00', 'location': 'BMC 109', 'start': '09:05'};{'day': 'Fr', 'end': '10:00', 'location': 'BMC 109', 'start': '09:05'}","False","","3","O","20023","Research","2002"
"0000005001","1.0","0000000498","GE","20","19","0","0","1","FYW","Wilson, Charles","{'fsnum': '9090', 'name': 'Wilson, Charles'}","100","18","","","","","First Year Writing","111","{'day': 'Tu', 'end': '09:25', 'location': 'BMC 101', 'start': '08:00'};{'day': 'Th', 'end': '09:20', 'location': 'BMC 101', 'start': '08:00'}","False","A","3","C","20023","Research","2002"
"0000005002","1.0","0000000498","GE","18","18","0","0","0","FYW","Buckstead, Richard","{'fsnum': '821', 'name': 'Buckstead, Richard'}","100","18","","","","","First Year Writing","111","{'day': 'Mo', 'end': '11:40', 'location': 'RML 421', 'start': '10:45'};{'day': 'We', 'end': '11:40', 'location': 'RML 421', 'start': '10:45'};{'day': 'Fr', 'end': '11:40', 'location': 'RML 421', 'start': '10:45'}","False","B","3","C","20023","Research","2002"
"0000005003","1.0","0000000498","GE","15","13","0","1","1","FYW","Holly, Carol","{'fsnum': '3424', 'name': 'Holly, Carol'}","100","18","","","","","First Year Writing","111","{'day': 'Mo', 'end': '12:45', 'location': 'RML 515', 'start': '23:50'};{'day': 'We', 'end': '12:45', 'location': 'RML 515', 'start': '23:50'};{'day': 'Fr', 'end': '12:45', 'location': 'RML 515', 'start': '23:50'}","False","C","3","C","20023","Research","2002"
"0000005004","1.0","0000000498","GE","17","14","0","0","3","FYW","Wells, Colin","{'fsnum': '8973', 'name': 'Wells, Colin'}","100","18","","","","","First Year Writing","111","{'day': 'Mo', 'end': '13:50', 'location': 'RML 421', 'start': '12:55'};{'day': 'We', 'end': '13:50', 'location': 'RML 421', 'start': '12:55'};{'day': 'Fr', 'end': '13:50', 'location': 'RML 421', 'start': '12:55'}","False","D","3","C","20023","Research","2002"
"0000005005","1.0","0000000498","GE","18","15","0","0","3","FYW","Shenk, Linda","{'fsnum': '15062', 'name': 'Shenk, Linda'}","100","18","","","","","First Year Writing","111","{'day': 'Mo', 'end': '14:55', 'location': 'RML 420', 'start': '14:00'};{'day': 'We', 'end': '14:55', 'location': 'RML 420', 'start': '14:00'};{'day': 'Fr', 'end': '14:55', 'location': 'RML 420', 'start': '14:00'}","False","E","3","C","20023","Research","2002"
"0000005006","1.0","0000000498","GE","16","13","0","0","3","FYW","Steen, Mary","{'fsnum': '7961', 'name': 'Steen, Mary'}","100","18","","","","","First Year Writing","111","{'day': 'Tu', 'end': '09:25', 'location': 'RML 421', 'start': '08:00'};{'day': 'Th', 'end': '09:20', 'location': 'RML 421', 'start': '08:00'}","False","F","3","C","20023","Research","2002"
"0000005007","1.0","0000000498","GE","17","14","0","1","2","FYW","Fairbanks, Rick A.","{'fsnum': '2022', 'name': 'Fairbanks, Rick A.'}","100","18","","","","","First Year Writing","111","{'day': 'Tu', 'end': '09:25', 'location': 'RML 420', 'start': '08:00'};{'day': 'Th', 'end': '09:20', 'location': 'RML 420', 'start': '08:00'}","False","G","3","C","20023","Research","2002"
"0000005008","1.0","0000000498","GE","18","17","0","1","0","FYW","Titus, Mary","{'fsnum': '8415', 'name': 'Titus, Mary'}","100","18","","","","","First Year Writing","111","{'day': 'Tu', 'end': '11:00', 'location': 'RML 421', 'start': '09:35'};{'day': 'Th', 'end': '10:50', 'location': 'RML 421', 'start': '09:30'}","False","H","3","C","20023","Research","2002"
"0000005009","1.0","0000000498","GE","18","18","0","0","0","FYW","Hill, Jan C.","{'fsnum': '109', 'name': 'Hill, Jan C.'}","100","18","","","","","First Year Writing","111","{'day': 'Tu', 'end': '11:00', 'location': 'RML 420', 'start': '09:35'};{'day': 'Th', 'end': '10:50', 'location': 'RML 420', 'start': '09:30'}","False","I","3","C","20023","Research","2002"
"0000005010","1.0","0000000498","GE","18","17","0","0","1","FYW","DuRocher, Richard","{'fsnum': '1548', 'name': 'DuRocher, Richard'}","100","18","","","","","First Year Writing","111","{'day': 'Tu', 'end': '11:00', 'location': 'RML 515', 'start': '09:35'};{'day': 'Th', 'end': '10:50', 'location': 'RML 515', 'start': '09:30'}","False","J","3","C","20023","Research","2002"
"0000005011","1.0","0000000498","GE","18","17","0","0","1","FYW","Heynen, James","{'fsnum': '3333', 'name': 'Heynen, James'}","100","18","","","","","First Year Writing","111","{'day': 'Tu', 'end': '13:10', 'location': 'RML 515', 'start': '23:45'};{'day': 'Th', 'end': '14:05', 'location': 'RML 515', 'start': '12:45'}","False","K","3","C","20023","Research","2002"
"0000005012","1.0","0000000498","GE","19","19","0","0","0","FYW","Mbele, Joseph L.","{'fsnum': '5144', 'name': 'Mbele, Joseph L.'}","100","18","","","","","First Year Writing","111","{'day': 'Tu', 'end': '13:10', 'location': 'RML 421', 'start': '23:45'};{'day': 'Th', 'end': '14:05', 'location': 'RML 421', 'start': '12:45'}","False","L","3","C","20023","Research","2002"
"0000005013","1.0","0000000498","GE","15","14","0","0","1","FYW","Winstead, Mary V.","{'fsnum': '14858', 'name': 'Winstead, Mary V.'}","100","18","","","","","First Year Writing","111","{'day': 'Tu', 'end': '13:10', 'location': 'RML 420', 'start': '23:45'};{'day': 'Th', 'end': '14:05', 'location': 'RML 420', 'start': '12:45'}","False","M","3","C","20023","Research","2002"
"0000005014","1.0","0000000498","GE","18","16","0","0","2","FYW","Marino, Gordon D.","{'fsnum': '5051', 'name': 'Marino, Gordon D.'}","100","18","","","","","First Year Writing","111","{'day': 'Tu', 'end': '13:10', 'location': 'SH 001', 'start': '23:45'};{'day': 'Th', 'end': '14:05', 'location': 'SH 001', 'start': '12:45'}","False","N","3","C","20023","Research","2002"
"0000005015","1.0","0000000498","GE","13","11","0","0","2","FYW","Winstead, Mary V.","{'fsnum': '14858', 'name': 'Winstead, Mary V.'}","100","18","","","","","First Year Writing","111","{'day': 'Tu', 'end': '14:45', 'location': 'RML 421', 'start': '13:20'};{'day': 'Th', 'end': '15:35', 'location': 'RML 421', 'start': '14:15'}","False","O","3","C","20023","Research","2002"
"0000005016","1.0","0000000498","GE","16","15","0","0","1","FYW","Lesniaski, David","{'fsnum': '4763', 'name': 'Lesniaski, David'}","100","18","","","","","First Year Writing","111","{'day': 'Tu', 'end': '14:45', 'location': 'RML 420', 'start': '13:20'};{'day': 'Th', 'end': '15:35', 'location': 'RML 420', 'start': '14:15'}","False","P","3","C","20023","Research","2002"
"0000005017","1.0","0000000498","GE","17","16","0","0","1","FYW","Heynen, James","{'fsnum': '3333', 'name': 'Heynen, James'}","100","18","","","","","First Year Writing","111","{'day': 'Tu', 'end': '14:45', 'location': 'RML 520', 'start': '13:20'};{'day': 'Th', 'end': '15:35', 'location': 'RML 520', 'start': '14:15'}","False","Q","3","C","20023","Research","2002"
"0000005018","1.0","0000000499","GEOG","33","3","8","11","11","","Dunning, Richard","{'fsnum': '1543', 'name': 'Dunning, Richard'}","200","35","","","","","Human Geography","232","{'day': 'Tu', 'end': '09:25', 'location': 'OM 035', 'start': '08:00'};{'day': 'Th', 'end': '09:20', 'location': 'OM 035', 'start': '08:00'}","False","","3","O","20023","Research","2002"
"0000005019","1.0","0000000504","GERM","15","8","2","2","3","","Achberger, Karen R.","{'fsnum': '50', 'name': 'Achberger, Karen R.'}","100","30","","","","","Beginning German I","111","{'day': 'Mo', 'end': '12:45', 'location': 'OM 035', 'start': '23:50'};{'day': 'We', 'end': '12:45', 'location': 'OM 035', 'start': '23:50'};{'day': 'Fr', 'end': '12:45', 'location': 'OM 035', 'start': '23:50'}","False","","3","O","20023","Research","2002"
"0000005020","1.0","0000000505","GERM","20","14","0","2","4","","Fink, Karl","{'fsnum': '2103', 'name': 'Fink, Karl'}","100","30","","","","","Beginning German II","112","{'day': 'Mo', 'end': '08:55', 'location': 'OM 004', 'start': '08:00'};{'day': 'We', 'end': '08:55', 'location': 'OM 004', 'start': '08:00'};{'day': 'Fr', 'end': '08:55', 'location': 'OM 004', 'start': '08:00'}","False","A","3","O","20023","Research","2002"
"0000005021","1.0","0000000505","GERM","23","18","2","3","0","","Von Schwerin-High, Frederike","{'fsnum': '8820', 'name': 'Von Schwerin-High, Frederike'}","100","24","","","","","Beginning German II","112","{'day': 'Mo', 'end': '13:50', 'location': 'OM 035', 'start': '12:55'};{'day': 'We', 'end': '13:50', 'location': 'OM 035', 'start': '12:55'};{'day': 'Fr', 'end': '13:50', 'location': 'OM 035', 'start': '12:55'}","False","B","3","C","20023","Research","2002"
"0000005022","1.0","0000000507","GERM","23","4","5","8","6","ALS-A;HWC","Achberger, Karen R.","{'fsnum': '50', 'name': 'Achberger, Karen R.'}","100","","","","","","Cinema B/A Hitler","149","{'day': 'Mo', 'end': '21:00', 'location': 'BC Viking', 'start': '19:00'};{'day': 'Tu', 'end': '11:00', 'location': 'OM 035', 'start': '09:35'};{'day': 'Th', 'end': '10:50', 'location': 'OM 035', 'start': '09:30'}","False","","3","O","20023","Research","2002"
"0000005023","1.0","0000000508","GERM","11","8","0","2","1","","Fink, Karl","{'fsnum': '2103', 'name': 'Fink, Karl'}","200","","","","","","Intermed German I","231","{'day': 'Mo', 'end': '10:00', 'location': 'OM 004', 'start': '09:05'};{'day': 'We', 'end': '10:00', 'location': 'OM 004', 'start': '09:05'};{'day': 'Fr', 'end': '10:00', 'location': 'OM 004', 'start': '09:05'}","False","","3","O","20023","Research","2002"
"0000005024","1.0","0000000509","GERM","29","16","2","7","4","FOL-G","Achberger, Karen R.","{'fsnum': '50', 'name': 'Achberger, Karen R.'}","200","","","","","","Intermed German II","232","{'day': 'Mo', 'end': '08:55', 'location': 'OM 035', 'start': '08:00'};{'day': 'We', 'end': '08:55', 'location': 'OM 035', 'start': '08:00'};{'day': 'Fr', 'end': '08:55', 'location': 'OM 035', 'start': '08:00'}","False","","3","O","20023","Research","2002"
"0000005025","1.0","0000000514","GERM","15","5","0","5","5","FOL-G;ORC","Pauly, Karen","{'fsnum': '12833', 'name': 'Pauly, Karen'}","200","","","","","","Speaking German","250","{'day': 'Mo', 'end': '14:55', 'location': 'OM 035', 'start': '14:00'};{'day': 'We', 'end': '14:55', 'location': 'OM 035', 'start': '14:00'};{'day': 'Fr', 'end': '14:55', 'location': 'OM 035', 'start': '14:00'}","False","","3","O","20023","Research","2002"
"0000005026","1.0","0000001757","GERM","10","6","1","2","1","FOL-G;WRI","Pauly, Karen","{'fsnum': '12833', 'name': 'Pauly, Karen'}","200","","","","","","Writing German","251","{'day': 'Mo', 'end': '13:50', 'location': 'OM 011', 'start': '12:55'};{'day': 'We', 'end': '13:50', 'location': 'OM 011', 'start': '12:55'};{'day': 'Fr', 'end': '13:50', 'location': 'OM 011', 'start': '12:55'}","False","","3","O","20023","Research","2002"
"0000005027","1.0","0000000517","GERM","12","2","2","5","3","FOL-G;MCS-G;WRI","Von Schwerin-High, Frederike","{'fsnum': '8820', 'name': 'Von Schwerin-High, Frederike'}","200","","","","","","Minority Voices","268","{'day': 'Tu', 'end': '14:45', 'location': 'OM 035', 'start': '13:20'};{'day': 'Th', 'end': '15:35', 'location': 'OM 035', 'start': '14:15'}","False","","3","O","20023","Research","2002"
"0000005028","1.0","0000000524","GERM","7","0","2","3","2","FOL-G","Fink, Karl","{'fsnum': '2103', 'name': 'Fink, Karl'}","300","","","","","","Sem: Goethe Heute","340","{'day': 'Mo', 'end': '11:40', 'location': 'TB 227', 'start': '10:45'};{'day': 'We', 'end': '11:40', 'location': 'TB 227', 'start': '10:45'};{'day': 'Fr', 'end': '11:40', 'location': 'TB 227', 'start': '10:45'}","False","","3","O","20023","Seminar","2002"
"0000005029","1.0","0000000530","GERM","2","0","2","0","0","","Von Schwerin-High, Frederike","{'fsnum': '8820', 'name': 'Von Schwerin-High, Frederike'}","300","","","","","","IR/German Theatre","398","","False","","3","O","20023","Research","2002"
"0000005037","1.0","0000000540","GREEK","20","10","3","5","2","","Bruss, Jon","{'fsnum': '14963', 'name': 'Bruss, Jon'}","100","","","","","","Beginning Greek II","112","{'day': 'Mo', 'end': '08:55', 'location': 'OM 030', 'start': '08:00'};{'day': 'We', 'end': '08:55', 'location': 'OM 030', 'start': '08:00'};{'day': 'Fr', 'end': '08:55', 'location': 'OM 030', 'start': '08:00'}","False","","3","O","20023","Research","2002"
"0000005038","1.0","0000000542","GREEK","9","0","3","3","3","FOL-K","Reece, Steve T.","{'fsnum': '6626', 'name': 'Reece, Steve T.'}","200","","","","","","New Testament Greek","253","{'day': 'Mo', 'end': '10:00', 'location': 'OM 003', 'start': '09:05'};{'day': 'We', 'end': '10:00', 'location': 'OM 003', 'start': '09:05'};{'day': 'Fr', 'end': '10:00', 'location': 'OM 003', 'start': '09:05'}","False","","3","O","20023","Research","2002"
"0000005039","1.0","0000000546","GREEK","9","1","4","1","3","FOL-K","Bruss, Jon","{'fsnum': '14963', 'name': 'Bruss, Jon'}","300","","","","","","Greek Philosophy","372","{'day': 'Tu', 'end': '14:45', 'location': 'OM 003', 'start': '13:20'};{'day': 'Th', 'end': '15:35', 'location': 'OM 003', 'start': '14:15'}","False","","3","O","20023","Research","2002"
"0000005040","1.0","0000000552","HIST","19","18","0","0","1","HWC;WRI","Moore, Rosemary","{'fsnum': '14984', 'name': 'Moore, Rosemary'}","100","23","","0","0","0","Ancient Warfare","103","{'day': 'Tu', 'end': '13:10', 'location': 'SC 130', 'start': '23:45'};{'day': 'Th', 'end': '14:05', 'location': 'SC 130', 'start': '12:45'}","False","","3","C","20023","Research","2002"
"0000005041","1.0","0000000557","HIST","19","19","0","0","0","HWC;WRI","Peters, Dolores","{'fsnum': '6245', 'name': 'Peters, Dolores'}","100","23","","0","0","0","Europe/Great War","116","{'day': 'Tu', 'end': '13:10', 'location': 'HH 516', 'start': '23:45'};{'day': 'Th', 'end': '14:05', 'location': 'HH 516', 'start': '12:45'}","False","","3","C","20023","Research","2002"
"0000005042","1.0","0000001797","HIST","18","16","0","0","2","MCS-D;WRI","Hahn, Steve C.","{'fsnum': '13148', 'name': 'Hahn, Steve C.'}","100","23","","0","0","0","Trail of Tears","134","{'day': 'Tu', 'end': '14:45', 'location': 'RML 577', 'start': '13:20'};{'day': 'Th', 'end': '15:35', 'location': 'RML 577', 'start': '14:15'}","False","","3","C","20023","Research","2002"
"0000005043","1.0","0000000570","HIST","26","24","0","0","2","HWC;MCS-D;WRI","Fure-Slocum, Eric J.","{'fsnum': '10197', 'name': 'Fure-Slocum, Eric J.'}","100","23","","0","0","0","America Since 1945","140","{'day': 'Tu', 'end': '13:15', 'location': 'OM 031', 'start': '23:45'};{'day': 'Th', 'end': '14:05', 'location': 'OM 031', 'start': '12:45'}","False","","3","C","20023","Research","2002"
"0000005044","1.0","0000000574","HIST","31","12","1","8","10","HWC","Nichols, Robert","{'fsnum': '5608', 'name': 'Nichols, Robert'}","100","35","","","","","Europe,1500-Present","191","{'day': 'Mo', 'end': '11:40', 'location': 'OM 035', 'start': '10:45'};{'day': 'We', 'end': '11:40', 'location': 'OM 035', 'start': '10:45'};{'day': 'Fr', 'end': '11:40', 'location': 'OM 035', 'start': '10:45'}","False","","3","C","20023","Research","2002"
"0000005045","1.0","0000001820","HIST","35","1","16","10","8","HWC;MCS-D","Fure-Slocum, Eric J.","{'fsnum': '10197', 'name': 'Fure-Slocum, Eric J.'}","200","30","","","","","U.S. Since 1865","206","{'day': 'Mo', 'end': '10:00', 'location': 'SH 001', 'start': '09:05'};{'day': 'We', 'end': '10:00', 'location': 'SH 001', 'start': '09:05'};{'day': 'Fr', 'end': '10:00', 'location': 'SH 001', 'start': '09:05'}","False","A","3","C","20023","Research","2002"
"0000005046","1.0","0000001820","HIST","31","2","10","6","13","HWC;MCS-D","Fure-Slocum, Eric J.","{'fsnum': '10197', 'name': 'Fure-Slocum, Eric J.'}","200","30","","","","","U.S. Since 1865","206","{'day': 'Mo', 'end': '11:40', 'location': 'OM 004', 'start': '10:45'};{'day': 'We', 'end': '11:40', 'location': 'OM 004', 'start': '10:45'};{'day': 'Fr', 'end': '11:40', 'location': 'OM 004', 'start': '10:45'}","False","B","3","C","20023","Research","2002"
"0000005047","1.0","0000000582","HIST","30","13","3","8","6","HWC","Moore, Rosemary","{'fsnum': '14984', 'name': 'Moore, Rosemary'}","200","35","","","","","Ancient Rome","211","{'day': 'Tu', 'end': '09:25', 'location': 'HH 501', 'start': '08:00'};{'day': 'Th', 'end': '09:20', 'location': 'HH 501', 'start': '08:00'}","False","","3","C","20023","Research","2002"
"0000005048","1.0","0000001815","HIST","18","1","3","1","13","HWC;ORC","Carrington, J. L.","{'fsnum': '971', 'name': 'Carrington, J. L.'}","200","18","","","","","Age of Renaissance","213","{'day': 'Mo', 'end': '13:50', 'location': 'HH 403', 'start': '12:55'};{'day': 'We', 'end': '13:50', 'location': 'HH 403', 'start': '12:55'};{'day': 'Fr', 'end': '13:50', 'location': 'HH 403', 'start': '12:55'}","False","","3","C","20023","Research","2002"
"0000005049","1.0","0000000586","HIST","22","16","1","5","0","HWC","De Krey, Gary","{'fsnum': '1364', 'name': 'De Krey, Gary'}","200","35","","","","","Reformation Europe","214","{'day': 'Mo', 'end': '10:00', 'location': 'HH 307', 'start': '09:05'};{'day': 'We', 'end': '10:00', 'location': 'HH 307', 'start': '09:05'};{'day': 'Fr', 'end': '10:00', 'location': 'HH 307', 'start': '09:05'}","False","","3","C","20023","Research","2002"
"0000005050","1.0","0000000597","HIST","31","7","6","15","3","HWC","Nichols, Robert","{'fsnum': '5608', 'name': 'Nichols, Robert'}","200","35","","","","","20th Century Russia","223","{'day': 'Mo', 'end': '14:55', 'location': 'HH 403', 'start': '14:00'};{'day': 'We', 'end': '14:55', 'location': 'HH 403', 'start': '14:00'};{'day': 'Fr', 'end': '14:55', 'location': 'HH 403', 'start': '14:00'}","False","","3","O","20023","Research","2002"
"0000005051","0.25","0000000597","HIST","1","0","1","0","0","","Walter, Irina","{'fsnum': '8888', 'name': 'Walter, Irina'}","200","35","","","","","FLC-Russian","223","","False","L","3","C","20023","Research","2002"
"0000005052","1.0","0000000591","HIST","33","0","6","21","6","HWC;WRI","Nichol, Todd W.","{'fsnum': '14143', 'name': 'Nichol, Todd W.'}","200","35","","","","","Modern Scandinavia","224","{'day': 'Tu', 'end': '11:00', 'location': 'HH 317', 'start': '09:35'};{'day': 'Th', 'end': '10:50', 'location': 'HH 317', 'start': '09:30'}","False","","3","C","20023","Research","2002"
"0000005053","1.0","0000000602","HIST","28","2","7","12","7","HWC","Peters, Dolores","{'fsnum': '6245', 'name': 'Peters, Dolores'}","200","30","","","","","Women/Gender/Europe","232","{'day': 'Mo', 'end': '11:40', 'location': 'HH 301', 'start': '10:45'};{'day': 'We', 'end': '11:40', 'location': 'HH 301', 'start': '10:45'};{'day': 'Fr', 'end': '11:40', 'location': 'HH 301', 'start': '10:45'}","False","","3","C","20023","Research","2002"
"0000005054","1.0","0000000594","HIST","26","3","8","9","6","HWC","Peters, Dolores","{'fsnum': '6245', 'name': 'Peters, Dolores'}","200","30","","","","","French Revol/Napoleon","235","{'day': 'Mo', 'end': '13:50', 'location': 'OM 031', 'start': '12:55'};{'day': 'We', 'end': '13:50', 'location': 'OM 031', 'start': '12:55'};{'day': 'Fr', 'end': '13:50', 'location': 'OM 031', 'start': '12:55'}","False","","3","C","20023","Research","2002"
"0000005055","1.0","0000000618","HIST","29","2","7","15","5","HWC;MCS-D","Fitzgerald, Michael","{'fsnum': '2113', 'name': 'Fitzgerald, Michael'}","200","32","","","","","African--Amer Hist","242","{'day': 'Tu', 'end': '14:45', 'location': 'HH 413', 'start': '13:20'};{'day': 'Th', 'end': '15:35', 'location': 'HH 413', 'start': '14:15'}","False","","3","C","20023","Research","2002"
"0000005056","1.0","0000000620","HIST","34","9","8","8","9","MCS-D","Hahn, Steve C.","{'fsnum': '13148', 'name': 'Hahn, Steve C.'}","200","35","","","","","Us Top: Native Amer","251","{'day': 'Mo', 'end': '08:55', 'location': 'RML 515', 'start': '08:00'};{'day': 'We', 'end': '08:55', 'location': 'RML 515', 'start': '08:00'};{'day': 'Fr', 'end': '08:55', 'location': 'RML 515', 'start': '08:00'}","False","","3","O","20023","Topic","2002"
"0000005057","1.0","0000000609","HIST","36","3","10","13","10","MCS-G","Entenmann, Robert","{'fsnum': '1821', 'name': 'Entenmann, Robert'}","200","35","","","","","Modern China","261","{'day': 'Mo', 'end': '12:45', 'location': 'HH 307', 'start': '23:50'};{'day': 'We', 'end': '12:45', 'location': 'HH 307', 'start': '23:50'};{'day': 'Fr', 'end': '12:45', 'location': 'HH 307', 'start': '23:50'}","False","","3","C","20023","Research","2002"
"0000005058","0.25","0000000609","HIST","4","0","1","0","3","","Entenmann, Robert","{'fsnum': '1821', 'name': 'Entenmann, Robert'}","200","35","","","","","FLC-Chinese","261","","False","L","3","C","20023","Research","2002"
"0000005059","1.0","0000000605","HIST","30","5","3","15","7","MCS-G","DeLaney, Jeane","{'fsnum': '1368', 'name': 'DeLaney, Jeane'}","200","35","","","","","Modern Latin America","281","{'day': 'Mo', 'end': '14:55', 'location': 'HH 317', 'start': '14:00'};{'day': 'We', 'end': '14:55', 'location': 'HH 317', 'start': '14:00'};{'day': 'Fr', 'end': '14:55', 'location': 'HH 317', 'start': '14:00'}","False","","3","C","20023","Research","2002"
"0000005060","0.25","0000000605","HIST","16","3","2","7","4","","Barnes-Karol, Gwen","{'fsnum': '332', 'name': 'Barnes-Karol, Gwen'}","200","35","","","","","FLC-Spanish","281","","False","L","3","C","20023","Research","2002"
"0000005061","1.0","0000000625","HIST","1","0","0","0","1","","Moore, Rosemary","{'fsnum': '14984', 'name': 'Moore, Rosemary'}","200","","","","","","IS/Anc Roman Religion","298","","False","","3","O","20023","Research","2002"
"0000005062","1.0","0000000628","HIST","10","0","4","1","5","","Moore, Rosemary","{'fsnum': '14984', 'name': 'Moore, Rosemary'}","300","18","","","","","Greek Civilization","302","{'day': 'Mo', 'end': '13:50', 'location': 'OM 015', 'start': '12:55'};{'day': 'We', 'end': '13:50', 'location': 'OM 015', 'start': '12:55'};{'day': 'Fr', 'end': '13:50', 'location': 'OM 015', 'start': '12:55'}","False","","3","O","20023","Seminar","2002"
"0000005063","1.0","0000001859","HIST","16","0","8","1","7","","Carrington, J. L.","{'fsnum': '971', 'name': 'Carrington, J. L.'}","300","18","","","","","European Intellectual","307","{'day': 'Tu', 'end': '11:00', 'location': 'HH 515', 'start': '09:35'};{'day': 'Th', 'end': '10:50', 'location': 'HH 515', 'start': '09:30'}","False","","3","O","20023","Research","2002"
"0000005064","1.0","0000001862","HIST","11","0","6","3","2","","Nichols, Robert","{'fsnum': '5608', 'name': 'Nichols, Robert'}","300","18","","","","","Eur Sem: Stalin","314","{'day': 'Tu', 'end': '11:00', 'location': 'HH 302', 'start': '09:35'};{'day': 'Th', 'end': '10:50', 'location': 'HH 302', 'start': '09:30'}","False","","3","O","20023","Seminar","2002"
"0000005065","1.0","0000001867","HIST","16","0","9","0","7","","Kutulas, Judy","{'fsnum': '4583', 'name': 'Kutulas, Judy'}","300","18","","","","","Contemporary America","338","{'day': 'Mo', 'end': '12:45', 'location': 'RML 577', 'start': '23:50'};{'day': 'We', 'end': '12:45', 'location': 'RML 577', 'start': '23:50'};{'day': 'Fr', 'end': '12:45', 'location': 'RML 577', 'start': '23:50'}","False","","3","C","20023","Research","2002"
"0000005066","1.0","0000001869","HIST","19","0","5","0","14","","Hahn, Steve C.","{'fsnum': '13148', 'name': 'Hahn, Steve C.'}","300","18","","","","","Us Sem: Am Revolution","345","{'day': 'Tu', 'end': '13:10', 'location': 'RML 577', 'start': '23:45'};{'day': 'Th', 'end': '14:05', 'location': 'RML 577', 'start': '12:45'}","False","","3","C","20023","Seminar","2002"
"0000005067","1.0","0000000638","HIST","4","0","2","0","2","","Monson, Jamie","{'fsnum': '10012', 'name': 'Monson, Jamie'}","300","18","","","","","Nwsem: African History","370","{'day': 'Th', 'end': '22:00', 'location': 'HH 515', 'start': '19:00'}","False","","3","O","20023","Seminar","2002"
"0000005068","1.0","0000000640","HIST","1","0","0","0","1","","Nichol, Todd W.","{'fsnum': '14143', 'name': 'Nichol, Todd W.'}","300","","","","","","Academic Internship","394","","True","","3","O","20023","Research","2002"
"0000005069","1.0","0000000642","HIST","1","0","0","0","1","","Fitzgerald, Michael","{'fsnum': '2113', 'name': 'Fitzgerald, Michael'}","300","","","","","","IR/American Slavery","398","","False","","3","O","20023","Research","2002"
"0000005070","1.0","0000000642","HIST","1","0","0","0","1","","Nichols, Robert","{'fsnum': '5608', 'name': 'Nichols, Robert'}","300","","","","","","IR/Church Soviet Stat","398","","False","A","3","O","20023","Research","2002"
"0000005071","1.0","0000000642","HIST","1","0","0","0","1","","Carrington, J. L.","{'fsnum': '971', 'name': 'Carrington, J. L.'}","300","","","","","","IR/Magna Carta","398","","False","B","3","O","20023","Research","2002"
"0000005072","1.0","0000000645","HSPST","18","0","8","0","10","HBS;MCS-G;WRI","Schodt, David","{'fsnum': '7176', 'name': 'Schodt, David'}","300","20","","","","","Contemp Lat Amer ISS","333","{'day': 'Tu', 'end': '14:45', 'location': 'OM 011', 'start': '13:20'};{'day': 'Th', 'end': '15:35', 'location': 'OM 011', 'start': '14:15'}","False","","3","C","20023","Research","2002"
"0000004990","1.0","0000000470","IDFA","6","0","5","1","0","WRI","Bauer, Susan","{'fsnum': '338', 'name': 'Bauer, Susan'}","200","","","","","","Perspective-The Arts","274","{'day': 'Tu', 'end': '11:00', 'location': 'CHM 233', 'start': '09:35'};{'day': 'Th', 'end': '10:50', 'location': 'CHM 233', 'start': '09:30'}","False","","3","O","20023","Research","2002"
"0000004991","1.0","0000000473","IDFA","5","0","0","0","5","WRI","Bauer, Susan","{'fsnum': '338', 'name': 'Bauer, Susan'}","300","","","","","","Senior Studies","374","{'day': 'Tu', 'end': '11:00', 'location': 'CHM 232', 'start': '09:35'};{'day': 'Th', 'end': '10:50', 'location': 'CHM 232', 'start': '09:30'}","False","","3","O","20023","Research","2002"
"0000005082","1.0","0000000680","IS","28","0","2","2","24","EIN;ORC","Wilson, Karen","{'fsnum': '9093', 'name': 'Wilson, Karen'}","200","20","","","","","Who Owns the Arts?","209","{'day': 'Mo', 'end': '10:00', 'location': 'TB 227', 'start': '09:05'};{'day': 'We', 'end': '10:00', 'location': 'TB 227', 'start': '09:05'};{'day': 'Fr', 'end': '10:00', 'location': 'TB 227', 'start': '09:05'}","False","","3","C","20023","Topic","2002"
"0000005083","1.0","0000000681","IS","17","1","9","3","4","BTS-T;NSC;NSL","Booth, David;Cole, Eric","{'fsnum': '712', 'name': 'Booth, David'};{'fsnum': '1206', 'name': 'Cole, Eric'}","200","18","","","","","Life: Biol & Theol","210","{'day': 'Mo', 'end': '16:00', 'location': 'SC 273', 'start': '13:00'};{'day': 'We', 'end': '14:55', 'location': 'CAD 204', 'start': '14:00'};{'day': 'Fr', 'end': '14:55', 'location': 'CAD 204', 'start': '14:00'}","False","","3","C","20023","Topic","2002"
"0000005084","0.5","0000000685","IS","7","0","3","0","4","","Benson, W. Bruce","{'fsnum': '368', 'name': 'Benson, W. Bruce'}","200","12","","","","","Coll: Security","250","{'day': 'Tu', 'end': '14:45', 'location': 'BMC 109', 'start': '13:20'}","False","","3","C","20023","Research","2002"
"0000005085","1.0","0000000687","IS","2","0","1","0","1","","Lovett, Mary Susan","{'fsnum': '4849', 'name': 'Lovett, Mary Susan'}","200","","","","","","IS/Film His/Criticism","298","","False","","3","O","20023","Research","2002"
"0000005086","1.0","0000000687","IS","1","0","1","0","0","","Broner, Maggie","{'fsnum': '792', 'name': 'Broner, Maggie'}","200","","","","","","IS/Language Policy","298","","False","A","3","O","20023","Research","2002"
"0000005087","1.0","0000000687","IS","1","0","0","0","1","","Benson, W. Bruce","{'fsnum': '368', 'name': 'Benson, W. Bruce'}","200","","","","","","IS/Words, Faith & Art","298","","False","B","3","O","20023","Research","2002"
"0000005088","0.5","0000000688","IS","3","0","0","0","3","","Benson, W. Bruce","{'fsnum': '368', 'name': 'Benson, W. Bruce'}","300","","","","","","Coll: Security","350","{'day': 'Tu', 'end': '14:45', 'location': 'BMC 109', 'start': '13:20'}","False","","3","C","20023","Research","2002"
"0000005089","1.0","0000000690","IS","1","0","0","0","1","","Thorsheim, Howard","{'fsnum': '8376', 'name': 'Thorsheim, Howard'}","300","","","","","","Senior Project II","392","","False","A","3","O","20023","Research","2002"
"0000005090","1.0","0000000690","IS","2","0","0","0","2","","Sonnega, Bill","{'fsnum': '7676', 'name': 'Sonnega, Bill'}","300","","","","","","Senior Project II","392","","False","B","3","O","20023","Research","2002"
"0000005091","1.0","0000000690","IS","1","0","0","0","1","","Gisselman, Gary C.","{'fsnum': '10426', 'name': 'Gisselman, Gary C.'}","300","","","","","","Senior Project II","392","","False","C","3","O","20023","Research","2002"
"0000005092","1.0","0000000690","IS","1","0","0","0","1","","Johnson, Theodore","{'fsnum': '4110', 'name': 'Johnson, Theodore'}","300","","","","","","Senior Project II","392","","False","D","3","O","20023","Research","2002"
"0000005093","1.0","0000000690","IS","1","0","0","0","1","","Malotky, Daniel","{'fsnum': '5032', 'name': 'Malotky, Daniel'}","300","","","","","","Senior Project II","392","","False","E","3","O","20023","Research","2002"
"0000005094","1.0","0000000690","IS","1","0","0","0","1","","Brooks, D Christopher","{'fsnum': '14170', 'name': 'Brooks, D Christopher'}","300","","","","","","Senior Project II","392","","False","F","3","O","20023","Research","2002"
"0000005095","1.0","0000000690","IS","1","0","0","0","1","","Holly, Carol","{'fsnum': '3424', 'name': 'Holly, Carol'}","300","","","","","","Senior Project II","392","","False","G","3","O","20023","Research","2002"
"0000005096","1.0","0000000690","IS","1","0","0","0","1","","Allen, Richard","{'fsnum': '97', 'name': 'Allen, Richard'}","300","","","","","","Senior Project II","392","","False","H","3","O","20023","Research","2002"
"0000005097","1.0","0000000690","IS","1","0","0","0","1","","Chiappari, Chris L.","{'fsnum': '10036', 'name': 'Chiappari, Chris L.'}","300","","","","","","Senior Project II","392","","False","I","3","O","20023","Research","2002"
"0000005098","1.0","0000000690","IS","1","0","0","0","1","","Wee, David","{'fsnum': '8901', 'name': 'Wee, David'}","300","","","","","","Senior Project II","392","","False","J","3","O","20023","Research","2002"
"0000005099","1.0","0000000690","IS","1","0","0","0","1","","Hepburn, Joan","{'fsnum': '3322', 'name': 'Hepburn, Joan'}","300","","","","","","Senior Project II","392","","False","K","3","O","20023","Research","2002"
"0000005100","1.0","0000000690","IS","1","0","0","0","1","","Endicott, Leilani","{'fsnum': '14881', 'name': 'Endicott, Leilani'}","300","","","","","","Senior Project II","392","","False","L","3","O","20023","Research","2002"
"0000005101","1.0","0000000690","IS","1","0","0","0","1","","Wilson, Karen","{'fsnum': '9093', 'name': 'Wilson, Karen'}","300","","","","","","Senior Project II","392","","False","M","3","O","20023","Research","2002"
"0000005102","1.0","0000000690","IS","1","0","0","0","1","","Cederberg, Judith","{'fsnum': '1026', 'name': 'Cederberg, Judith'}","300","","","","","","Senior Project II","392","","False","N","3","O","20023","Research","2002"
"0000005103","1.0","0000000692","IS","1","0","0","0","1","","Finger, Le Ann K H.","{'fsnum': '13351', 'name': 'Finger, Le Ann K H.'}","300","","","","","","IR/Sport Communicat","398","","False","","3","O","20023","Research","2002"
"0000005076","1.0","0000000660","JAPAN","7","3","0","2","2","","Ito, Rika","{'fsnum': '14203', 'name': 'Ito, Rika'}","100","20","","","","","Beginning Japanese II","112","{'day': 'Mo', 'end': '11:40', 'location': 'OM 002', 'start': '10:45'};{'day': 'We', 'end': '11:40', 'location': 'OM 002', 'start': '10:45'};{'day': 'Fr', 'end': '11:40', 'location': 'OM 002', 'start': '10:45'};{'day': 'Tu', 'end': '14:55', 'location': 'OM 002', 'start': '14:00'}","False","A","3","O","20023","Research","2002"
"0000005077","1.0","0000000660","JAPAN","11","8","1","2","0","","Ito, Rika","{'fsnum': '14203', 'name': 'Ito, Rika'}","100","20","","","","","Beginning Japanese II","112","{'day': 'Mo', 'end': '12:45', 'location': 'OM 002', 'start': '23:50'};{'day': 'We', 'end': '12:45', 'location': 'OM 002', 'start': '23:50'};{'day': 'Fr', 'end': '12:45', 'location': 'OM 002', 'start': '23:50'};{'day': 'Tu', 'end': '16:00', 'location': 'OM 002', 'start': '15:05'}","False","B","3","O","20023","Research","2002"
"0000005078","1.0","0000000660","JAPAN","12","11","0","0","1","","Ito, Rika","{'fsnum': '14203', 'name': 'Ito, Rika'}","100","20","","","","","Beginning Japanese II","112","{'day': 'Mo', 'end': '11:40', 'location': 'OM 002', 'start': '10:45'};{'day': 'We', 'end': '11:40', 'location': 'OM 002', 'start': '10:45'};{'day': 'Fr', 'end': '11:40', 'location': 'OM 002', 'start': '10:45'};{'day': 'Tu', 'end': '16:00', 'location': 'OM 002', 'start': '15:05'}","False","C","3","O","20023","Research","2002"
"0000005079","1.0","0000000660","JAPAN","1","1","0","0","0","","Ito, Rika","{'fsnum': '14203', 'name': 'Ito, Rika'}","100","20","","","","","Beginning Japanese II","112","{'day': 'Mo', 'end': '12:45', 'location': 'OM 002', 'start': '23:50'};{'day': 'We', 'end': '12:45', 'location': 'OM 002', 'start': '23:50'};{'day': 'Fr', 'end': '12:45', 'location': 'OM 002', 'start': '23:50'};{'day': 'Tu', 'end': '14:55', 'location': 'OM 002', 'start': '14:00'}","False","D","3","O","20023","Research","2002"
"0000005080","1.0","0000000664","JAPAN","15","1","0","9","5","FOL-J","Larson, Phyllis Hyland","{'fsnum': '4624', 'name': 'Larson, Phyllis Hyland'}","200","25","","","","","Intermed Japanese II","232","{'day': 'Mo', 'end': '13:50', 'location': 'TB 227', 'start': '12:55'};{'day': 'We', 'end': '13:50', 'location': 'TB 227', 'start': '12:55'};{'day': 'Fr', 'end': '13:50', 'location': 'TB 227', 'start': '12:55'};{'day': 'Tu', 'end': '16:00', 'location': 'TB 227', 'start': '15:05'}","False","","3","O","20023","Research","2002"
"0000005081","1.0","0000000667","JAPAN","5","0","1","4","0","FOL-J","Ito, Rika","{'fsnum': '14203', 'name': 'Ito, Rika'}","200","30","","","","","Advanced Japanese II","252","{'day': 'Mo', 'end': '14:55', 'location': 'OM 002', 'start': '14:00'};{'day': 'We', 'end': '14:55', 'location': 'OM 002', 'start': '14:00'};{'day': 'Fr', 'end': '14:55', 'location': 'OM 002', 'start': '14:00'}","False","","3","O","20023","Research","2002"
"0000005104","1.0","0000000712","LATIN","28","20","4","3","1","","Groton, Anne","{'fsnum': '2771', 'name': 'Groton, Anne'}","100","","","","","","Beginning Latin II","112","{'day': 'Mo', 'end': '08:55', 'location': 'OM 031', 'start': '08:00'};{'day': 'We', 'end': '08:55', 'location': 'OM 031', 'start': '08:00'};{'day': 'Fr', 'end': '08:55', 'location': 'OM 031', 'start': '08:00'}","False","A","3","O","20023","Research","2002"
"0000005105","1.0","0000000712","LATIN","21","13","2","6","0","","Brunelle, Christopher M.","{'fsnum': '14999', 'name': 'Brunelle, Christopher M.'}","100","","","","","","Beginning Latin II","112","{'day': 'Mo', 'end': '11:40', 'location': 'OM 031', 'start': '10:45'};{'day': 'We', 'end': '11:40', 'location': 'OM 031', 'start': '10:45'};{'day': 'Fr', 'end': '11:40', 'location': 'OM 031', 'start': '10:45'}","False","B","3","O","20023","Research","2002"
"0000005106","1.0","0000000715","LATIN","11","5","1","4","1","FOL-L","Bruss, Jon","{'fsnum': '14963', 'name': 'Bruss, Jon'}","200","","","","","","Vergil & Latin Epic","252","{'day': 'Mo', 'end': '12:45', 'location': 'OM 003', 'start': '23:50'};{'day': 'We', 'end': '12:45', 'location': 'OM 003', 'start': '23:50'};{'day': 'Fr', 'end': '12:45', 'location': 'OM 003', 'start': '23:50'}","False","","3","O","20023","Research","2002"
"0000005107","1.0","0000000724","LATIN","7","2","2","1","2","FOL-L","Brunelle, Christopher M.","{'fsnum': '14999', 'name': 'Brunelle, Christopher M.'}","300","","","","","","Latin Satire","377","{'day': 'Tu', 'end': '11:00', 'location': 'OM 031', 'start': '09:35'};{'day': 'Th', 'end': '10:50', 'location': 'OM 031', 'start': '09:30'}","False","","3","O","20023","Research","2002"
"0000005108","1.0","0000000726","LATIN","1","0","0","0","1","","Bruss, Jon","{'fsnum': '14963', 'name': 'Bruss, Jon'}","300","","","","","","IR/Literative Horace","398","","False","","3","O","20023","Research","2002"
"0000005109","1.0","0000000728","MATH","29","1","8","15","5","MAR","Halverson, James","{'fsnum': '14987', 'name': 'Halverson, James'}","100","30","","","","","Gateways/Mathematics","117","{'day': 'Tu', 'end': '13:10', 'location': 'SC 184', 'start': '23:45'};{'day': 'Th', 'end': '14:05', 'location': 'SC 184', 'start': '12:45'}","False","","3","C","20023","Research","2002"
"0000005110","1.0","0000000730","MATH","4","3","0","0","1","MAR","Bolstad, Peder","{'fsnum': '661', 'name': 'Bolstad, Peder'}","100","25","","","","","Calculus/Algebra II","119","{'day': 'Mo', 'end': '08:55', 'location': 'OM 001', 'start': '08:00'};{'day': 'We', 'end': '08:55', 'location': 'OM 001', 'start': '08:00'};{'day': 'Fr', 'end': '08:55', 'location': 'OM 001', 'start': '08:00'}","False","","3","O","20023","Research","2002"
"0000005111","1.0","0000000731","MATH","27","22","0","3","2","MAR","Richey, Matthew","{'fsnum': '6658', 'name': 'Richey, Matthew'}","100","25","","","","","Calculus I","120","{'day': 'Mo', 'end': '10:00', 'location': 'SC 184', 'start': '09:05'};{'day': 'We', 'end': '10:00', 'location': 'SC 184', 'start': '09:05'};{'day': 'Fr', 'end': '10:00', 'location': 'SC 184', 'start': '09:05'}","False","A","3","C","20023","Research","2002"
"0000005112","1.0","0000000731","MATH","16","13","1","1","1","MAR","Cederberg, Judith","{'fsnum': '1026', 'name': 'Cederberg, Judith'}","100","25","","","","","Calculus I","120","{'day': 'Mo', 'end': '12:45', 'location': 'SC 186', 'start': '23:50'};{'day': 'We', 'end': '12:45', 'location': 'SC 186', 'start': '23:50'};{'day': 'Fr', 'end': '12:45', 'location': 'SC 186', 'start': '23:50'}","False","B","3","O","20023","Research","2002"
"0000005113","1.0","0000000733","MATH","32","26","1","4","1","MAR","Halverson, James","{'fsnum': '14987', 'name': 'Halverson, James'}","100","25","","","","","Calculus II","126","{'day': 'Mo', 'end': '11:40', 'location': 'SC 182', 'start': '10:45'};{'day': 'We', 'end': '11:40', 'location': 'SC 182', 'start': '10:45'};{'day': 'Fr', 'end': '11:40', 'location': 'SC 182', 'start': '10:45'}","False","A","3","C","20023","Research","2002"
"0000005114","1.0","0000000733","MATH","18","16","0","1","1","MAR","Hamilton, Steven","{'fsnum': '14997', 'name': 'Hamilton, Steven'}","100","25","","","","","Calculus II","126","{'day': 'Mo', 'end': '10:00', 'location': 'SC 188', 'start': '09:05'};{'day': 'We', 'end': '10:00', 'location': 'SC 188', 'start': '09:05'};{'day': 'Fr', 'end': '10:00', 'location': 'SC 188', 'start': '09:05'}","False","B","3","O","20023","Research","2002"
"0000005115","1.0","0000000733","MATH","4","3","0","1","0","MAR","Hamilton, Steven","{'fsnum': '14997', 'name': 'Hamilton, Steven'}","100","25","","","","","Calculus II","126","{'day': 'Mo', 'end': '08:55', 'location': 'SC 184', 'start': '08:00'};{'day': 'We', 'end': '08:55', 'location': 'SC 184', 'start': '08:00'};{'day': 'Fr', 'end': '08:55', 'location': 'SC 184', 'start': '08:00'}","False","C","3","O","20023","Research","2002"
"0000005116","1.0","0000000734","MATH","8","8","0","0","0","MAR","Wallace, Martha","{'fsnum': '8879', 'name': 'Wallace, Martha'}","100","25","","","","","Math Analysis II","128","{'day': 'Mo', 'end': '08:55', 'location': 'SC 188', 'start': '08:00'};{'day': 'We', 'end': '08:55', 'location': 'SC 188', 'start': '08:00'};{'day': 'Fr', 'end': '08:55', 'location': 'SC 188', 'start': '08:00'}","False","A","3","O","20023","Research","2002"
"0000005117","1.0","0000000734","MATH","13","12","0","1","0","MAR","Bloss, Matthew","{'fsnum': '14983', 'name': 'Bloss, Matthew'}","100","25","","","","","Math Analysis II","128","{'day': 'Mo', 'end': '11:40', 'location': 'SC 184', 'start': '10:45'};{'day': 'We', 'end': '11:40', 'location': 'SC 184', 'start': '10:45'};{'day': 'Fr', 'end': '11:40', 'location': 'SC 184', 'start': '10:45'}","False","B","3","O","20023","Research","2002"
"0000005118","1.0","0000000736","MATH","19","16","0","1","2","MAR","Vessey, Theodore","{'fsnum': '8796', 'name': 'Vessey, Theodore'}","200","22","","","","","Elem Linear Algebra","220","{'day': 'Mo', 'end': '08:55', 'location': 'SC 186', 'start': '08:00'};{'day': 'We', 'end': '08:55', 'location': 'SC 186', 'start': '08:00'};{'day': 'Fr', 'end': '08:55', 'location': 'SC 186', 'start': '08:00'}","False","A","3","O","20023","Research","2002"
"0000005119","1.0","0000000736","MATH","13","10","0","0","3","MAR","Hanson, Bruce","{'fsnum': '3033', 'name': 'Hanson, Bruce'}","200","22","","","","","Elem Linear Algebra","220","{'day': 'Mo', 'end': '12:45', 'location': 'SC 182', 'start': '23:50'};{'day': 'We', 'end': '12:45', 'location': 'SC 182', 'start': '23:50'};{'day': 'Fr', 'end': '12:45', 'location': 'SC 182', 'start': '23:50'}","False","B","3","O","20023","Research","2002"
"0000005120","1.0","0000000736","MATH","24","18","1","2","3","MAR","Cederberg, Judith","{'fsnum': '1026', 'name': 'Cederberg, Judith'}","200","22","","","","","Elem Linear Algebra","220","{'day': 'Mo', 'end': '13:50', 'location': 'SC 186', 'start': '12:55'};{'day': 'We', 'end': '13:50', 'location': 'SC 186', 'start': '12:55'};{'day': 'Fr', 'end': '13:50', 'location': 'SC 186', 'start': '12:55'}","False","C","3","C","20023","Research","2002"
"0000005121","1.0","0000000738","MATH","19","2","5","10","2","","Hamilton, Doreen","{'fsnum': '14136', 'name': 'Hamilton, Doreen'}","200","30","","","","","Multivariable Calc","226","{'day': 'Mo', 'end': '13:50', 'location': 'SC 188', 'start': '12:55'};{'day': 'We', 'end': '13:50', 'location': 'SC 188', 'start': '12:55'};{'day': 'Fr', 'end': '13:50', 'location': 'SC 188', 'start': '12:55'}","False","A","3","C","20023","Research","2002"
"0000005122","1.0","0000000738","MATH","15","4","1","8","2","","Bloss, Matthew","{'fsnum': '14983', 'name': 'Bloss, Matthew'}","200","30","","","","","Multivariable Calc","226","{'day': 'Mo', 'end': '12:45', 'location': 'SC 188', 'start': '23:50'};{'day': 'We', 'end': '12:45', 'location': 'SC 188', 'start': '23:50'};{'day': 'Fr', 'end': '12:45', 'location': 'SC 188', 'start': '23:50'}","False","B","3","O","20023","Research","2002"
"0000005123","1.0","0000000740","MATH","27","8","3","10","6","","Hamilton, Doreen","{'fsnum': '14136', 'name': 'Hamilton, Doreen'}","200","30","","","","","Int Differ Equations","230","{'day': 'Tu', 'end': '11:00', 'location': 'SC 182', 'start': '09:35'};{'day': 'Th', 'end': '10:50', 'location': 'SC 182', 'start': '09:30'}","False","","3","C","20023","Research","2002"
"0000005124","1.0","0000000741","MATH","37","3","6","9","19","","Molnar, David","{'fsnum': '13170', 'name': 'Molnar, David'}","200","","","","","","Discrete Mathematics","232","{'day': 'Tu', 'end': '13:10', 'location': 'SC 182', 'start': '23:45'};{'day': 'Th', 'end': '14:05', 'location': 'SC 182', 'start': '12:45'}","False","","3","O","20023","Research","2002"
"0000005125","1.0","0000000745","MATH","23","5","1","13","4","WRI","Zorn, Paul","{'fsnum': '9206', 'name': 'Zorn, Paul'}","200","30","","","","","Elem Real Analysis","244","{'day': 'Mo', 'end': '10:00', 'location': 'SC 186', 'start': '09:05'};{'day': 'We', 'end': '10:00', 'location': 'SC 186', 'start': '09:05'};{'day': 'Fr', 'end': '10:00', 'location': 'SC 186', 'start': '09:05'}","False","A","3","O","20023","Research","2002"
"0000005126","1.0","0000000745","MATH","21","2","5","11","3","WRI","Hanson, Bruce","{'fsnum': '3033', 'name': 'Hanson, Bruce'}","200","30","","","","","Elem Real Analysis","244","{'day': 'Mo', 'end': '13:50', 'location': 'SC 130', 'start': '12:55'};{'day': 'We', 'end': '13:50', 'location': 'SC 130', 'start': '12:55'};{'day': 'Fr', 'end': '13:50', 'location': 'SC 130', 'start': '12:55'}","False","B","3","O","20023","Research","2002"
"0000005127","1.0","0000000747","MATH","12","1","2","9","0","WRI","Zorn, Paul","{'fsnum': '9206', 'name': 'Zorn, Paul'}","200","30","","","","","Abstract Algebra I","252","{'day': 'Mo', 'end': '11:40', 'location': 'SC 188', 'start': '10:45'};{'day': 'We', 'end': '11:40', 'location': 'SC 188', 'start': '10:45'};{'day': 'Fr', 'end': '11:40', 'location': 'SC 188', 'start': '10:45'}","False","A","3","O","20023","Research","2002"
"0000005128","1.0","0000000747","MATH","7","0","1","4","2","WRI","Molnar, David","{'fsnum': '13170', 'name': 'Molnar, David'}","200","25","","","","","Abstract Algebra I","252","{'day': 'Mo', 'end': '14:55', 'location': 'SC 186', 'start': '14:00'};{'day': 'We', 'end': '14:55', 'location': 'SC 186', 'start': '14:00'};{'day': 'Fr', 'end': '14:55', 'location': 'SC 186', 'start': '14:00'}","False","B","3","O","20023","Research","2002"
"0000005129","1.0","0000000748","MATH","17","2","4","9","2","","Vessey, Theodore","{'fsnum': '8796', 'name': 'Vessey, Theodore'}","200","30","","","","","Probability Theory","262","{'day': 'Mo', 'end': '11:40', 'location': 'SC 186', 'start': '10:45'};{'day': 'We', 'end': '11:40', 'location': 'SC 186', 'start': '10:45'};{'day': 'Fr', 'end': '11:40', 'location': 'SC 186', 'start': '10:45'}","False","","3","O","20023","Research","2002"
"0000005130","1.0","0000000749","MATH","12","0","8","0","4","","McKelvey, Steven","{'fsnum': '5214', 'name': 'McKelvey, Steven'}","200","30","","","","","Operations Research","266","{'day': 'Tu', 'end': '11:00', 'location': 'SC 184', 'start': '09:35'};{'day': 'Th', 'end': '10:50', 'location': 'SC 184', 'start': '09:30'}","False","","3","O","20023","Research","2002"
"0000005131","0.5","0000000750","MATH","10","1","1","4","4","","Molnar, David","{'fsnum': '13170', 'name': 'Molnar, David'}","200","","","","","","Top: Problem Solvingii","282","{'day': 'Mo', 'end': '21:00', 'location': 'SC 188', 'start': '19:00'}","False","","3","O","20023","Topic","2002"
"0000005132","1.0","0000000751","MATH","1","0","0","0","1","","Molnar, David","{'fsnum': '13170', 'name': 'Molnar, David'}","200","","","","","","Academic Internship","294","","True","","3","O","20023","Research","2002"
"0000005133","1.0","0000000751","MATH","1","0","0","0","1","","Legler, Julie M.","{'fsnum': '14114', 'name': 'Legler, Julie M.'}","200","","","","","","Academic Internship","294","","True","A","3","O","20023","Research","2002"
"0000005134","1.0","0000000752","MATH","1","0","0","0","1","","Wallace, Martha","{'fsnum': '8879', 'name': 'Wallace, Martha'}","200","","","","","","IS/Geomtry for Teach","298","","False","","3","O","20023","Research","2002"
"0000005135","1.0","0000000752","MATH","1","0","0","1","0","","Hamilton, Doreen","{'fsnum': '14136', 'name': 'Hamilton, Doreen'}","200","","","","","","IS/Modeling Theory","298","","False","A","3","O","20023","Research","2002"
"0000005136","1.0","0000001952","MATH","23","0","11","5","7","","Richey, Matthew","{'fsnum': '6658', 'name': 'Richey, Matthew'}","300","30","","","","","Math Statistics","312","{'day': 'Mo', 'end': '14:55', 'location': 'SC 188', 'start': '14:00'};{'day': 'We', 'end': '14:55', 'location': 'SC 188', 'start': '14:00'};{'day': 'Fr', 'end': '14:55', 'location': 'SC 188', 'start': '14:00'}","False","","3","O","20023","Research","2002"
"0000005137","1.0","0000000754","MATH","1","0","0","1","0","","Vessey, Theodore","{'fsnum': '8796', 'name': 'Vessey, Theodore'}","300","","","","","","Complex Analysis","340","","False","","3","C","20023","Research","2002"
"0000005138","1.0","0000000757","MATH","3","0","0","1","2","","Bloss, Matthew","{'fsnum': '14983', 'name': 'Bloss, Matthew'}","300","","","","","","Abstract Algebra II","352","{'day': 'Mo', 'end': '10:00', 'location': 'SC 182', 'start': '09:05'};{'day': 'We', 'end': '10:00', 'location': 'SC 182', 'start': '09:05'};{'day': 'Fr', 'end': '10:00', 'location': 'SC 182', 'start': '09:05'}","False","","3","O","20023","Research","2002"
"0000005139","1.0","0000000760","MATH","10","0","5","1","4","","Allen, Richard","{'fsnum': '97', 'name': 'Allen, Richard'}","300","","","","","","Mathematical Logic","370","{'day': 'Tu', 'end': '11:00', 'location': 'SC 188', 'start': '09:35'};{'day': 'Th', 'end': '10:50', 'location': 'SC 188', 'start': '09:30'}","False","","3","O","20023","Research","2002"
"0000005140","1.0","0000000763","MATH","12","0","0","1","11","","Legler, Julie M.","{'fsnum': '14114', 'name': 'Legler, Julie M.'}","300","","","","","","Sem: Applied Math","384","{'day': 'Tu', 'end': '13:10', 'location': 'SC 186', 'start': '23:45'};{'day': 'Th', 'end': '14:05', 'location': 'SC 186', 'start': '12:45'}","False","","3","O","20023","Seminar","2002"
"0000005141","1.0","0000000767","MATH","1","0","0","0","1","","Zorn, Paul","{'fsnum': '9206', 'name': 'Zorn, Paul'}","300","","","","","","IR/Measure","398","","False","","3","O","20023","Research","2002"
"0000005142","1.0","0000000767","MATH","1","0","0","0","1","","Richey, Matthew","{'fsnum': '6658', 'name': 'Richey, Matthew'}","300","","","","","","IR/Random Number Gen","398","","False","A","3","O","20023","Research","2002"
"0000005143","1.0","0000000767","MATH","1","0","0","0","1","","Molnar, David","{'fsnum': '13170', 'name': 'Molnar, David'}","300","","","","","","IR/Adv Number Theory","398","","False","B","3","O","20023","Research","2002"
"0000005158","1.0","0000000793","MEDIA","19","1","7","3","8","","Fenner, Angelica","{'fsnum': '15033', 'name': 'Fenner, Angelica'}","200","25","","","","","World Cinema","240","{'day': 'Tu', 'end': '11:00', 'location': 'SC 278', 'start': '09:35'};{'day': 'Th', 'end': '22:00', 'location': 'BC Viking', 'start': '19:00'};{'day': 'Th', 'end': '10:50', 'location': 'SC 278', 'start': '09:30'}","False","","3","C","20023","Research","2002"
"0000005159","1.0","0000000794","MEDIA","21","1","6","5","9","","Sonnega, Bill","{'fsnum': '7676', 'name': 'Sonnega, Bill'}","200","25","","","","","Media/Contemp Culture","260","{'day': 'Tu', 'end': '13:10', 'location': 'TB 227', 'start': '23:45'};{'day': 'Th', 'end': '14:05', 'location': 'TB 227', 'start': '12:45'}","False","","3","C","20023","Research","2002"
"0000005160","1.0","0000000795","MEDIA","1","0","0","0","1","","Sonnega, Bill","{'fsnum': '7676', 'name': 'Sonnega, Bill'}","200","","","","","","Academic Internship","294","","True","","3","O","20023","Research","2002"
"0000005161","1.0","0000000798","MEDIA","1","0","0","0","1","","Sonnega, Bill","{'fsnum': '7676', 'name': 'Sonnega, Bill'}","300","","","","","","IR/Culture & Obesity","398","","False","","3","O","20023","Research","2002"
"0000005144","1.0","0000000768","MGMT","31","1","8","17","5","","Emery, Mary Ann","{'fsnum': '1746', 'name': 'Emery, Mary Ann'}","200","30","","","","","Principles of Acct","225","{'day': 'Mo', 'end': '12:45', 'location': 'HH 413', 'start': '23:50'};{'day': 'We', 'end': '12:45', 'location': 'HH 413', 'start': '23:50'};{'day': 'Fr', 'end': '12:45', 'location': 'HH 413', 'start': '23:50'}","False","A","3","C","20023","Research","2002"
"0000005145","1.0","0000000768","MGMT","24","1","3","14","6","","Emery, Mary Ann","{'fsnum': '1746', 'name': 'Emery, Mary Ann'}","200","30","","","","","Principles of Acct","225","{'day': 'Mo', 'end': '13:50', 'location': 'HH 413', 'start': '12:55'};{'day': 'We', 'end': '13:50', 'location': 'HH 413', 'start': '12:55'};{'day': 'Fr', 'end': '13:50', 'location': 'HH 413', 'start': '12:55'}","False","B","3","C","20023","Research","2002"
"0000005146","1.0","0000000774","MGMT","35","1","23","4","7","","Goedde, Richard","{'fsnum': '2661', 'name': 'Goedde, Richard'}","200","","","","","","Managerial/Cost Acct","237","{'day': 'Mo', 'end': '10:00', 'location': 'HH 403', 'start': '09:05'};{'day': 'We', 'end': '10:00', 'location': 'HH 403', 'start': '09:05'};{'day': 'Fr', 'end': '10:00', 'location': 'HH 403', 'start': '09:05'}","False","","3","C","20023","Research","2002"
"0000005147","1.0","0000000777","MGMT","24","0","13","1","10","HBS","Thomforde, Kathy C.","{'fsnum': '1070', 'name': 'Thomforde, Kathy C.'}","200","25","","","","","Marketing","250","{'day': 'Tu', 'end': '13:10', 'location': 'HH 301', 'start': '23:45'};{'day': 'Th', 'end': '14:05', 'location': 'HH 301', 'start': '12:45'}","False","","3","C","20023","Research","2002"
"0000005148","1.0","0000000778","MGMT","25","1","13","6","5","HBS;WRI","Lindley, Lisa","{'fsnum': '14115', 'name': 'Lindley, Lisa'}","200","25","","","","","Management","251","{'day': 'Tu', 'end': '09:25', 'location': 'HH 403', 'start': '08:00'};{'day': 'Th', 'end': '09:20', 'location': 'HH 403', 'start': '08:00'}","False","","3","C","20023","Research","2002"
"0000005149","1.0","0000000780","MGMT","25","0","12","4","9","","Johnson, Mark D.","{'fsnum': '14868', 'name': 'Johnson, Mark D.'}","200","25","","","","","Entrepreneurship","256","{'day': 'Tu', 'end': '13:10', 'location': 'OM 015', 'start': '23:45'};{'day': 'Th', 'end': '14:05', 'location': 'OM 015', 'start': '12:45'}","False","","3","C","20023","Research","2002"
"0000005150","1.0","0000000783","MGMT","28","0","12","1","15","","Goedde, Richard","{'fsnum': '2661', 'name': 'Goedde, Richard'}","200","25","","","","","Corporate Finance","281","{'day': 'Mo', 'end': '11:40', 'location': 'HH 413', 'start': '10:45'};{'day': 'We', 'end': '11:40', 'location': 'HH 413', 'start': '10:45'};{'day': 'Fr', 'end': '11:40', 'location': 'HH 413', 'start': '10:45'}","False","","3","C","20023","Research","2002"
"0000005151","1.0","0000000784","MGMT","1","0","0","0","1","","Emery, Mary Ann","{'fsnum': '1746', 'name': 'Emery, Mary Ann'}","200","","","","","","Academic Internship","294","","True","","3","O","20023","Research","2002"
"0000005152","1.0","0000000784","MGMT","1","0","0","0","1","","Dalgaard, Bruce","{'fsnum': '1333', 'name': 'Dalgaard, Bruce'}","200","","","","","","Academic Internship","294","","True","A","3","O","20023","Research","2002"
"0000005153","1.0","0000000784","MGMT","1","0","0","0","1","","Lindley, Susan","{'fsnum': '4813', 'name': 'Lindley, Susan'}","200","","","","","","Academic Internship","294","","True","B","3","O","20023","Research","2002"
"0000005154","1.0","0000000785","MGMT","1","0","0","0","1","","Goedde, Richard","{'fsnum': '2661', 'name': 'Goedde, Richard'}","200","","","","","","IS/Inv & Mutual Fnds","298","","False","","3","O","20023","Research","2002"
"0000005155","1.0","0000000785","MGMT","1","0","1","0","0","","Emery, Mary Ann","{'fsnum': '1746', 'name': 'Emery, Mary Ann'}","200","","","","","","IS/Coffee Business","298","","False","A","3","O","20023","Research","2002"
"0000005156","1.0","0000000787","MGMT","15","0","3","0","12","","Thomforde, Kathy C.","{'fsnum': '1070', 'name': 'Thomforde, Kathy C.'}","300","25","","","","","Mgmt Policy & Strat","383","{'day': 'Tu', 'end': '11:00', 'location': 'HH 514', 'start': '09:35'};{'day': 'Th', 'end': '10:50', 'location': 'HH 514', 'start': '09:30'}","False","","3","O","20023","Research","2002"
"0000005157","1.0","0000000789","MGMT","2","0","0","0","2","","Goedde, Richard","{'fsnum': '2661', 'name': 'Goedde, Richard'}","300","","","","","","IR/Investment Systems","398","","False","","3","O","20023","Research","2002"
"0000005162","0.25","0000000800","MUSIC","17","12","0","0","5","","Hodel, Marty","{'fsnum': '3404', 'name': 'Hodel, Marty'}","100","20","","","","","Ear/Keyboard II","112","{'day': 'Mo', 'end': '08:55', 'location': 'CHM 224', 'start': '08:00'};{'day': 'We', 'end': '08:55', 'location': 'CHM 224', 'start': '08:00'};{'day': 'Fr', 'end': '08:55', 'location': 'CHM 224', 'start': '08:00'}","False","A","3","C","20023","Research","2002"
"0000005163","0.25","0000000800","MUSIC","22","15","1","2","4","","Amundson, Steven","{'fsnum': '140', 'name': 'Amundson, Steven'}","100","20","","","","","Ear/Keyboard II","112","{'day': 'Mo', 'end': '10:00', 'location': 'CHM 224', 'start': '09:05'};{'day': 'We', 'end': '10:00', 'location': 'CHM 224', 'start': '09:05'};{'day': 'Fr', 'end': '10:00', 'location': 'CHM 224', 'start': '09:05'}","False","B","3","C","20023","Research","2002"
"0000005164","0.25","0000000800","MUSIC","22","18","1","0","3","","Amundson, Steven","{'fsnum': '140', 'name': 'Amundson, Steven'}","100","20","","","","","Ear/Keyboard II","112","{'day': 'Mo', 'end': '11:40', 'location': 'CHM 224', 'start': '10:45'};{'day': 'We', 'end': '11:40', 'location': 'CHM 224', 'start': '10:45'};{'day': 'Fr', 'end': '11:40', 'location': 'CHM 224', 'start': '10:45'}","False","C","3","C","20023","Research","2002"
"0000005165","0.25","0000000800","MUSIC","22","16","0","2","4","","McCutchen, Keith D.","{'fsnum': '15065', 'name': 'McCutchen, Keith D.'}","100","20","","","","","Ear/Keyboard II","112","{'day': 'Mo', 'end': '14:55', 'location': 'CHM 224', 'start': '14:00'};{'day': 'We', 'end': '14:55', 'location': 'CHM 224', 'start': '14:00'};{'day': 'Fr', 'end': '14:55', 'location': 'CHM 224', 'start': '14:00'}","False","D","3","C","20023","Research","2002"
"0000005166","0.75","0000000802","MUSIC","21","14","0","1","6","","Hodel, Marty","{'fsnum': '3404', 'name': 'Hodel, Marty'}","100","20","","","","","Theory II","114","{'day': 'Tu', 'end': '09:25', 'location': 'CHM 224', 'start': '08:00'};{'day': 'Th', 'end': '09:20', 'location': 'CHM 224', 'start': '08:00'}","False","A","3","C","20023","Research","2002"
"0000005167","0.75","0000000802","MUSIC","21","15","1","2","3","","Rodland, Catherine R.","{'fsnum': '13173', 'name': 'Rodland, Catherine R.'}","100","20","","","","","Theory II","114","{'day': 'Tu', 'end': '09:25', 'location': 'CHM 232', 'start': '08:00'};{'day': 'Th', 'end': '09:20', 'location': 'CHM 232', 'start': '08:00'}","False","B","3","C","20023","Research","2002"
"0000005168","0.75","0000000802","MUSIC","23","19","1","0","3","","McCutchen, Keith D.","{'fsnum': '15065', 'name': 'McCutchen, Keith D.'}","100","20","","","","","Theory II","114","{'day': 'Tu', 'end': '11:00', 'location': 'CHM 224', 'start': '09:35'};{'day': 'Th', 'end': '10:50', 'location': 'CHM 224', 'start': '09:30'}","False","C","3","C","20023","Research","2002"
"0000005169","0.75","0000000802","MUSIC","21","15","0","1","5","","McCutchen, Keith D.","{'fsnum': '15065', 'name': 'McCutchen, Keith D.'}","100","20","","","","","Theory II","114","{'day': 'Tu', 'end': '13:10', 'location': 'CHM 224', 'start': '23:45'};{'day': 'Th', 'end': '14:05', 'location': 'CHM 224', 'start': '12:45'}","False","D","3","C","20023","Research","2002"
"0000005170","0.25","0000000808","MUSIC","11","6","1","0","4","","Wee, Theo","{'fsnum': '8916', 'name': 'Wee, Theo'}","100","12","","","","","Piano Class II","162","{'day': 'Tu', 'end': '10:30', 'location': 'CHM 222', 'start': '09:35'};{'day': 'Th', 'end': '10:25', 'location': 'CHM 222', 'start': '09:30'}","False","A","3","C","20023","Research","2002"
"0000005171","0.25","0000000808","MUSIC","6","5","0","0","1","","Wee, Theo","{'fsnum': '8916', 'name': 'Wee, Theo'}","100","12","","","","","Piano Class II","162","{'day': 'Tu', 'end': '09:20', 'location': 'CHM 222', 'start': '08:25'};{'day': 'Th', 'end': '09:20', 'location': 'CHM 222', 'start': '08:25'}","False","B","3","O","20023","Research","2002"
"0000005172","0.25","0000000809","MUSIC","20","0","4","0","16","","Scholz-Carlson, Miriam","{'fsnum': '7179', 'name': 'Scholz-Carlson, Miriam'}","100","25","","","","","Intro Alexander Tech","163","{'day': 'Mo', 'end': '13:50', 'location': 'CHM 140', 'start': '12:55'};{'day': 'We', 'end': '13:50', 'location': 'CHM 140', 'start': '12:55'}","False","","3","C","20023","Research","2002"
"0000005173","0.25","0000000810","MUSIC","13","5","0","4","4","","Johnson, Sigrid","{'fsnum': '4103', 'name': 'Johnson, Sigrid'}","100","12","","","","","Voice Class","164","{'day': 'Mo', 'end': '10:00', 'location': 'CHM 233', 'start': '09:05'};{'day': 'We', 'end': '10:00', 'location': 'CHM 233', 'start': '09:05'}","False","A","3","C","20023","Research","2002"
"0000005174","0.25","0000000810","MUSIC","11","3","2","1","5","","Johnson, Sigrid","{'fsnum': '4103', 'name': 'Johnson, Sigrid'}","100","12","","","","","Voice Class","164","{'day': 'Mo', 'end': '11:40', 'location': 'CHM 233', 'start': '10:45'};{'day': 'We', 'end': '11:40', 'location': 'CHM 233', 'start': '10:45'}","False","B","3","C","20023","Research","2002"
"0000005175","0.25","0000000810","MUSIC","13","2","2","4","5","","Johnson, Sigrid","{'fsnum': '4103', 'name': 'Johnson, Sigrid'}","100","12","","","","","Voice Class","164","{'day': 'Mo', 'end': '13:50', 'location': 'CHM 233', 'start': '12:55'};{'day': 'We', 'end': '13:50', 'location': 'CHM 233', 'start': '12:55'}","False","C","3","C","20023","Research","2002"
"0000005176","0.25","0000000811","MUSIC","14","1","0","8","5","","Niemisto, Paul","{'fsnum': '5614', 'name': 'Niemisto, Paul'}","100","15","","","","","Brass Class","166","{'day': 'Mo', 'end': '11:40', 'location': 'CHM 138', 'start': '10:45'};{'day': 'We', 'end': '11:40', 'location': 'CHM 138', 'start': '10:45'};{'day': 'Fr', 'end': '11:40', 'location': 'CHM 138', 'start': '10:45'}","False","","3","O","20023","Research","2002"
"0000005177","0.25","0000000812","MUSIC","15","0","5","0","10","","Hagedorn, David","{'fsnum': '2878', 'name': 'Hagedorn, David'}","100","15","","","","","Percussion Class","167","{'day': 'Mo', 'end': '13:50', 'location': 'CHM 138', 'start': '12:55'};{'day': 'We', 'end': '13:50', 'location': 'CHM 138', 'start': '12:55'};{'day': 'Fr', 'end': '13:50', 'location': 'CHM 138', 'start': '12:55'}","False","","3","C","20023","Research","2002"
"0000005178","0.25","0000000816","MUSIC","25","1","3","12","9","","Rodland, Catherine R.","{'fsnum': '13173', 'name': 'Rodland, Catherine R.'}","200","28","","","","","Ear/Keyboard IV","212","{'day': 'Mo', 'end': '08:55', 'location': 'CHM 232', 'start': '08:00'};{'day': 'We', 'end': '08:55', 'location': 'CHM 232', 'start': '08:00'};{'day': 'Fr', 'end': '08:55', 'location': 'CHM 232', 'start': '08:00'}","False","A","3","O","20023","Research","2002"
"0000005179","0.25","0000000816","MUSIC","24","0","2","19","3","","Hagedorn, David","{'fsnum': '2878', 'name': 'Hagedorn, David'}","200","28","","","","","Ear/Keyboard IV","212","{'day': 'Mo', 'end': '10:00', 'location': 'CHM 232', 'start': '09:05'};{'day': 'We', 'end': '10:00', 'location': 'CHM 232', 'start': '09:05'};{'day': 'Fr', 'end': '10:00', 'location': 'CHM 232', 'start': '09:05'}","False","B","3","O","20023","Research","2002"
"0000005180","0.25","0000000816","MUSIC","28","1","2","20","5","","Hagedorn, David","{'fsnum': '2878', 'name': 'Hagedorn, David'}","200","28","","","","","Ear/Keyboard IV","212","{'day': 'Mo', 'end': '11:40', 'location': 'CHM 232', 'start': '10:45'};{'day': 'We', 'end': '11:40', 'location': 'CHM 232', 'start': '10:45'};{'day': 'Fr', 'end': '11:40', 'location': 'CHM 232', 'start': '10:45'}","False","C","3","C","20023","Research","2002"
"0000005181","0.75","0000000818","MUSIC","40","1","3","31","5","","Forsberg, Charles","{'fsnum': '2241', 'name': 'Forsberg, Charles'}","200","42","","","","","Theory IV","214","{'day': 'Tu', 'end': '11:00', 'location': 'CHM 239', 'start': '09:35'};{'day': 'Th', 'end': '10:50', 'location': 'CHM 239', 'start': '09:30'}","False","A","3","O","20023","Research","2002"
"0000005182","0.75","0000000818","MUSIC","36","1","3","20","12","","Forsberg, Charles","{'fsnum': '2241', 'name': 'Forsberg, Charles'}","200","42","","","","","Theory IV","214","{'day': 'Tu', 'end': '14:45', 'location': 'CHM 239', 'start': '13:20'};{'day': 'Th', 'end': '15:35', 'location': 'CHM 239', 'start': '14:15'}","False","B","3","O","20023","Research","2002"
"0000005183","1.0","0000000822","MUSIC","21","0","7","3","11","","Mahr, Timothy","{'fsnum': '5013', 'name': 'Mahr, Timothy'}","200","20","","","","","Composition I","223","{'day': 'Mo', 'end': '14:55', 'location': 'CHM 232', 'start': '14:00'};{'day': 'We', 'end': '14:55', 'location': 'CHM 232', 'start': '14:00'};{'day': 'Fr', 'end': '14:55', 'location': 'CHM 232', 'start': '14:00'}","False","","3","C","20023","Research","2002"
"0000005184","1.0","0000001974","MUSIC","31","9","5","5","12","ALS-A;ORC","Carter, David","{'fsnum': '973', 'name': 'Carter, David'}","200","30","","","","","The Art of Music","230","{'day': 'Mo', 'end': '14:55', 'location': 'CHM 233', 'start': '14:00'};{'day': 'We', 'end': '14:55', 'location': 'CHM 233', 'start': '14:00'};{'day': 'Fr', 'end': '14:55', 'location': 'CHM 233', 'start': '14:00'}","False","","3","C","20023","Research","2002"
"0000005185","1.0","0000000832","MUSIC","39","0","6","24","9","","Hanson, Alice","{'fsnum': '3030', 'name': 'Hanson, Alice'}","200","42","","","","","Hist & Lit Music II","242","{'day': 'Mo', 'end': '13:50', 'location': 'CHM 239', 'start': '12:55'};{'day': 'We', 'end': '13:50', 'location': 'CHM 239', 'start': '12:55'};{'day': 'Fr', 'end': '13:50', 'location': 'CHM 239', 'start': '12:55'}","False","A","3","O","20023","Research","2002"
"0000005186","1.0","0000000832","MUSIC","36","2","2","22","10","","Hanson, Alice","{'fsnum': '3030', 'name': 'Hanson, Alice'}","200","42","","","","","Hist & Lit Music II","242","{'day': 'Mo', 'end': '14:55', 'location': 'CHM 239', 'start': '14:00'};{'day': 'We', 'end': '14:55', 'location': 'CHM 239', 'start': '14:00'};{'day': 'Fr', 'end': '14:55', 'location': 'CHM 239', 'start': '14:00'}","False","B","3","O","20023","Research","2002"
"0000005187","0.5","0000000833","MUSIC","26","1","2","11","12","","Armstrong, Anton","{'fsnum': '263', 'name': 'Armstrong, Anton'}","200","25","","","","","Conducting","251","{'day': 'Tu', 'end': '11:00', 'location': 'CHM 140', 'start': '09:35'};{'day': 'Th', 'end': '10:50', 'location': 'CHM 140', 'start': '09:30'}","False","A","3","C","20023","Research","2002"
"0000005188","0.5","0000000833","MUSIC","24","0","4","14","6","","Amundson, Steven","{'fsnum': '140', 'name': 'Amundson, Steven'}","200","25","","","","","Conducting","251","{'day': 'Tu', 'end': '14:45', 'location': 'CHM 140', 'start': '13:20'};{'day': 'Th', 'end': '15:35', 'location': 'CHM 140', 'start': '14:15'}","False","B","3","C","20023","Research","2002"
"0000005189","0.5","0000000835","MUSIC","21","1","7","1","12","","Mahr, Timothy","{'fsnum': '5013', 'name': 'Mahr, Timothy'}","200","25","","","","","Instru Conducting","253","{'day': 'Tu', 'end': '11:00', 'location': 'CHM 138', 'start': '09:35'};{'day': 'Th', 'end': '10:50', 'location': 'CHM 138', 'start': '09:30'}","False","","3","O","20023","Research","2002"
"0000005190","0.25","0000000836","MUSIC","7","0","0","1","6","","Berger, Linda","{'fsnum': '417', 'name': 'Berger, Linda'}","200","12","","","","","Piano Class III","261","{'day': 'Tu', 'end': '12:40', 'location': 'CHM 222', 'start': '23:45'};{'day': 'Th', 'end': '13:40', 'location': 'CHM 222', 'start': '12:45'}","False","","3","O","20023","Research","2002"
"0000005191","0.25","0000000838","MUSIC","10","0","4","2","4","","Schnauber, Anne D.","{'fsnum': '13229', 'name': 'Schnauber, Anne D.'}","200","15","","","","","Lyric Diction II","264","{'day': 'Mo', 'end': '12:45', 'location': 'CHM 224', 'start': '23:50'};{'day': 'Fr', 'end': '12:45', 'location': 'CHM 224', 'start': '23:50'}","False","","3","O","20023","Research","2002"
"0000005192","0.25","0000000841","MUSIC","15","4","3","5","3","","Een, Andrea","{'fsnum': '1565', 'name': 'Een, Andrea'}","200","","","","","","Instr Chamber Music","275","{'day': 'Tu', 'end': '08:55', 'location': 'CHM 138', 'start': '08:00'};{'day': 'Th', 'end': '08:55', 'location': 'CHM 138', 'start': '08:00'}","False","","3","O","20023","Research","2002"
"0000005193","0.5","0000000844","MUSIC","10","0","6","0","4","","","","200","","","","","","Choral Lit I","287","{'day': 'Mo', 'end': '21:00', 'location': 'CHM 239', 'start': '19:00'}","False","","3","O","20023","Research","2002"
"0000005194","1.0","0000000847","MUSIC","3","0","1","0","2","","Dressen, Dan","{'fsnum': '1488', 'name': 'Dressen, Dan'}","200","","","","","","IS/Singer's Art II","298","","False","","3","O","20023","Research","2002"
"0000005195","1.0","0000000847","MUSIC","1","0","0","0","1","","McKeel, James","{'fsnum': '5210', 'name': 'McKeel, James'}","200","","","","","","IS/Art of Vocal Imprv","298","","False","A","3","O","20023","Research","2002"
"0000005196","1.0","0000000847","MUSIC","1","0","0","0","1","","Hamlin, Peter S.","{'fsnum': '2958', 'name': 'Hamlin, Peter S.'}","200","","","","","","IS/WW/Brass Technique","298","","False","B","3","O","20023","Research","2002"
"0000005197","1.0","0000000847","MUSIC","1","0","0","0","1","","Berger, Linda","{'fsnum': '417', 'name': 'Berger, Linda'}","200","","","","","","IS/Vocal Assessment","298","","False","C","3","O","20023","Research","2002"
"0000005198","1.0","0000000847","MUSIC","1","0","1","0","0","","Mahr, Timothy","{'fsnum': '5013', 'name': 'Mahr, Timothy'}","200","","","","","","IS/Band Score Study","298","","False","D","3","O","20023","Research","2002"
"0000005199","0.25","0000000848","MUSIC","1","0","0","0","1","","Armstrong, Anton","{'fsnum': '263', 'name': 'Armstrong, Anton'}","200","","","","","","Msm: Private Conduct","299","","False","A","3","C","20023","Topic","2002"
"0000005200","1.0","0000000849","MUSIC","10","0","2","0","8","","Hamlin, Peter S.","{'fsnum': '2958', 'name': 'Hamlin, Peter S.'}","300","","","","","","Analysis/Tonal Music","313","{'day': 'Mo', 'end': '10:00', 'location': 'CHM 239', 'start': '09:05'};{'day': 'We', 'end': '10:00', 'location': 'CHM 239', 'start': '09:05'};{'day': 'Fr', 'end': '10:00', 'location': 'CHM 239', 'start': '09:05'}","False","","3","O","20023","Research","2002"
"0000005201","1.0","0000000851","MUSIC","8","1","2","5","0","","Hamlin, Peter S.","{'fsnum': '2958', 'name': 'Hamlin, Peter S.'}","300","12","","","","","Composition II","324","{'day': 'Mo', 'end': '13:50', 'location': 'CHM 232', 'start': '12:55'};{'day': 'We', 'end': '13:50', 'location': 'CHM 232', 'start': '12:55'};{'day': 'Fr', 'end': '13:50', 'location': 'CHM 232', 'start': '12:55'}","False","","3","O","20023","Research","2002"
"0000005202","1.0","0000000852","MUSIC","1","0","0","1","0","","Hamlin, Peter S.","{'fsnum': '2958', 'name': 'Hamlin, Peter S.'}","300","","","","","","Composition III","325","{'day': 'Mo', 'end': '13:50', 'location': 'CHM 232', 'start': '12:55'};{'day': 'We', 'end': '13:50', 'location': 'CHM 232', 'start': '12:55'};{'day': 'Fr', 'end': '13:50', 'location': 'CHM 232', 'start': '12:55'}","False","","3","C","20023","Research","2002"
"0000005203","1.0","0000000854","MUSIC","8","0","2","0","6","WRI","Hoekstra, Gerald","{'fsnum': '3413', 'name': 'Hoekstra, Gerald'}","300","30","","","","","Music of Baroque Era","342","{'day': 'Mo', 'end': '11:40', 'location': 'CHM 239', 'start': '10:45'};{'day': 'We', 'end': '11:40', 'location': 'CHM 239', 'start': '10:45'};{'day': 'Fr', 'end': '11:40', 'location': 'CHM 239', 'start': '10:45'}","False","","3","O","20023","Research","2002"
"0000005204","1.0","0000000857","MUSIC","19","0","9","1","9","WRI","Hanson, Alice","{'fsnum': '3030', 'name': 'Hanson, Alice'}","300","30","","","","","Top: St in Class Music","345","{'day': 'Tu', 'end': '09:25', 'location': 'CHM 239', 'start': '08:00'};{'day': 'Th', 'end': '09:20', 'location': 'CHM 239', 'start': '08:00'}","False","","3","O","20023","Topic","2002"
"0000005205","0.25","0000000861","MUSIC","14","0","4","1","9","","Scholz, Cora","{'fsnum': '7184', 'name': 'Scholz, Cora'}","300","15","","","","","Child & Adolesc Voice","365","{'day': 'Mo', 'end': '10:00', 'location': 'CHM 140', 'start': '09:05'};{'day': 'We', 'end': '10:00', 'location': 'CHM 140', 'start': '09:05'}","False","","3","O","20023","Research","2002"
"0000005206","0.5","0000000862","MUSIC","13","0","3","4","6","","Gray, Charles","{'fsnum': '2691', 'name': 'Gray, Charles'}","300","15","","","","","String Lit & Pedagogy","368","{'day': 'Tu', 'end': '13:10', 'location': 'CHM 140', 'start': '23:45'};{'day': 'Th', 'end': '14:05', 'location': 'CHM 140', 'start': '12:45'}","False","","3","O","20023","Research","2002"
"0000005207","0.25","0000000864","MUSIC","15","0","4","0","11","","Ferguson, John","{'fsnum': '2065', 'name': 'Ferguson, John'}","300","30","","","","","Church Music Pract II","392","{'day': 'Tu', 'end': '14:45', 'location': 'CHM 224', 'start': '13:20'};{'day': 'Th', 'end': '15:35', 'location': 'CHM 224', 'start': '14:15'}","False","","3","O","20023","Research","2002"
"0000005208","1.0","0000000866","MUSIC","1","0","0","0","1","","Hodel, Marty","{'fsnum': '3404', 'name': 'Hodel, Marty'}","300","","","","","","IR/Trumpet Lit/Ped","398","","False","","3","O","20023","Research","2002"
"0000005209","1.0","0000000866","MUSIC","1","0","0","0","1","","Polley, Jo Ann","{'fsnum': '6395', 'name': 'Polley, Jo Ann'}","300","","","","","","IR/Hist/Lit/Ped-Clar","398","","False","A","3","O","20023","Research","2002"
"0000005210","1.0","0000000866","MUSIC","1","0","1","0","0","","Paddleford, Nancy","{'fsnum': '5472', 'name': 'Paddleford, Nancy'}","300","","","","","","IR/Piano Literature","398","","False","B","3","O","20023","Research","2002"
"0000005211","1.0","0000000916","NEURO","15","0","5","7","3","NSL;NST","Henry, Mary C.;Wolfe, Uta","{'fsnum': '13155', 'name': 'Henry, Mary C.'};{'fsnum': '14184', 'name': 'Wolfe, Uta'}","200","16","","","","","Intro to Neuroscience","234","{'day': 'Mo', 'end': '12:45', 'location': 'SC 210', 'start': '23:50'};{'day': 'We', 'end': '12:45', 'location': 'SC 210', 'start': '23:50'};{'day': 'Fr', 'end': '12:45', 'location': 'SC 210', 'start': '23:50'};{'day': 'Tu', 'end': '17:00', 'location': 'SC 273', 'start': '14:00'}","False","","3","O","20023","Research","2002"
"0000005212","1.0","0000000921","NORW","23","11","1","6","5","","Aarsvold, Nancy","{'fsnum': '19', 'name': 'Aarsvold, Nancy'}","100","25","","","","","Beginning Norwegian I","111","{'day': 'Mo', 'end': '11:40', 'location': 'OM 015', 'start': '10:45'};{'day': 'We', 'end': '11:40', 'location': 'OM 015', 'start': '10:45'};{'day': 'Fr', 'end': '11:40', 'location': 'OM 015', 'start': '10:45'}","False","","3","O","20023","Research","2002"
"0000005213","1.0","0000000922","NORW","13","9","1","0","3","","Dorer, Kari L.","{'fsnum': '14082', 'name': 'Dorer, Kari L.'}","100","25","","","","","Begin Norwegian II","112","{'day': 'Mo', 'end': '08:55', 'location': 'OM 011', 'start': '08:00'};{'day': 'We', 'end': '08:55', 'location': 'OM 011', 'start': '08:00'};{'day': 'Fr', 'end': '08:55', 'location': 'OM 011', 'start': '08:00'}","False","A","3","O","20023","Research","2002"
"0000005214","1.0","0000000922","NORW","17","12","0","5","0","","Dorer, Kari L.","{'fsnum': '14082', 'name': 'Dorer, Kari L.'}","100","25","","","","","Begin Norwegian II","112","{'day': 'Mo', 'end': '10:00', 'location': 'OM 011', 'start': '09:05'};{'day': 'We', 'end': '10:00', 'location': 'OM 011', 'start': '09:05'};{'day': 'Fr', 'end': '10:00', 'location': 'OM 011', 'start': '09:05'}","False","B","3","O","20023","Research","2002"
"0000005215","1.0","0000000922","NORW","21","14","3","1","3","","Dorer, Kari L.","{'fsnum': '14082', 'name': 'Dorer, Kari L.'}","100","25","","","","","Begin Norwegian II","112","{'day': 'Mo', 'end': '12:45', 'location': 'OM 011', 'start': '23:50'};{'day': 'We', 'end': '12:45', 'location': 'OM 011', 'start': '23:50'};{'day': 'Fr', 'end': '12:45', 'location': 'OM 011', 'start': '23:50'}","False","C","3","O","20023","Research","2002"
"0000005216","1.0","0000000926","NORW","12","2","4","4","2","FOL-N","Aarsvold, Nancy","{'fsnum': '19', 'name': 'Aarsvold, Nancy'}","200","25","","","","","Intermed Norwegian I","231","{'day': 'Mo', 'end': '12:45', 'location': 'OM 015', 'start': '23:50'};{'day': 'We', 'end': '12:45', 'location': 'OM 015', 'start': '23:50'};{'day': 'Fr', 'end': '12:45', 'location': 'OM 015', 'start': '23:50'}","False","","3","O","20023","Research","2002"
"0000005217","1.0","0000000927","NORW","12","3","1","7","1","FOL-N","Aarsvold, Nancy","{'fsnum': '19', 'name': 'Aarsvold, Nancy'}","200","25","","","","","Intermed Norwegian II","232","{'day': 'Mo', 'end': '14:55', 'location': 'OM 015', 'start': '14:00'};{'day': 'We', 'end': '14:55', 'location': 'OM 015', 'start': '14:00'};{'day': 'Fr', 'end': '14:55', 'location': 'OM 015', 'start': '14:00'}","False","","3","O","20023","Research","2002"
"0000005218","1.0","0000000928","NORW","16","2","6","5","3","ALS-L;ORC","Sabo, Anne G.","{'fsnum': '10029', 'name': 'Sabo, Anne G.'}","200","25","","","","","Nordic Literature-Tr","233","{'day': 'Tu', 'end': '11:00', 'location': 'OM 015', 'start': '09:35'};{'day': 'Th', 'end': '10:50', 'location': 'OM 015', 'start': '09:30'}","False","","3","O","20023","Research","2002"
"0000005219","1.0","0000000934","NORW","2","0","1","0","1","ALS-L;FOL-N;WRI","Sabo, Anne G.","{'fsnum': '10029', 'name': 'Sabo, Anne G.'}","300","","","","","","Norsk Lit Etter 1890","372","{'day': 'Mo', 'end': '14:55', 'location': 'OM 011', 'start': '14:00'};{'day': 'We', 'end': '14:55', 'location': 'OM 011', 'start': '14:00'};{'day': 'Fr', 'end': '14:55', 'location': 'OM 011', 'start': '14:00'}","False","","3","O","20023","Research","2002"
"0000005220","1.0","0000000935","NORW","6","0","1","1","4","EIN","Sabo, Anne G.","{'fsnum': '10029', 'name': 'Sabo, Anne G.'}","300","30","","","","","Ibsen-Tr","382","{'day': 'Tu', 'end': '14:45', 'location': 'OM 015', 'start': '13:20'};{'day': 'Th', 'end': '15:35', 'location': 'OM 015', 'start': '14:15'}","False","","3","O","20023","Research","2002"
"0000005221","1.0","0000000939","NURS","34","10","6","10","8","NST","Hauck, Bob","{'fsnum': '3165', 'name': 'Hauck, Bob'}","100","30","9","6","7","4","Nutrition & Wellness","110","{'day': 'Tu', 'end': '11:00', 'location': 'SAC 140', 'start': '09:35'};{'day': 'Th', 'end': '10:50', 'location': 'SAC 140', 'start': '09:30'}","False","","3","C","20023","Research","2002"
"0000005222","2.0","0000000950","NURS","19","0","17","0","2","WRI","Neal, Diana","{'fsnum': '5499', 'name': 'Neal, Diana'}","300","20","","","","","Altr Hlth: Adult & Child","330","{'day': 'Mo', 'end': '08:55', 'location': 'H 215', 'start': '08:00'};{'day': 'We', 'end': '08:55', 'location': 'H 215', 'start': '08:00'};{'day': 'Fr', 'end': '08:55', 'location': 'H 215', 'start': '08:00'};{'day': 'Mo', 'end': '10:00', 'location': 'H 215', 'start': '09:05'};{'day': 'We', 'end': '10:00', 'location': 'H 215', 'start': '09:05'};{'day': 'Fr', 'end': '10:00', 'location': 'H 215', 'start': '09:05'};{'day': 'Tu', 'end': '14:30', 'location': 'H 215', 'start': '19:00'};{'day': 'Th', 'end': '14:30', 'location': 'H 215', 'start': '19:00'}","False","","3","O","20023","Research","2002"
"0000005223","1.0","0000000954","NURS","14","0","0","0","14","","Sateren, Judith","{'fsnum': '7051', 'name': 'Sateren, Judith'}","300","20","","","","","Alter Mental Health","360","{'day': 'Mo', 'end': '10:00', 'location': 'SC 18', 'start': '09:05'};{'day': 'We', 'end': '10:00', 'location': 'SC 18', 'start': '09:05'};{'day': 'Fr', 'end': '10:00', 'location': 'SC 18', 'start': '09:05'};{'day': 'Tu', 'end': '14:30', 'location': 'SC 18', 'start': '19:00'};{'day': 'Th', 'end': '14:30', 'location': 'SC 18', 'start': '19:00'}","False","","3","O","20023","Research","2002"
"0000005224","2.0","0000000957","NURS","14","0","0","0","14","WRI","Glazebrook, Rita","{'fsnum': '2650', 'name': 'Glazebrook, Rita'}","300","20","","","","","Nurs/Complex Systems","384","{'day': 'Mo', 'end': '11:40', 'location': 'SC 18', 'start': '10:45'};{'day': 'We', 'end': '11:40', 'location': 'SC 18', 'start': '10:45'};{'day': 'Fr', 'end': '11:40', 'location': 'SC 18', 'start': '10:45'};{'day': 'Mo', 'end': '12:45', 'location': 'SC 18', 'start': '23:50'};{'day': 'We', 'end': '12:45', 'location': 'SC 18', 'start': '23:50'};{'day': 'Fr', 'end': '12:45', 'location': 'SC 18', 'start': '23:50'};{'day': 'Tu', 'end': '15:30', 'location': 'SC 18', 'start': '19:00'};{'day': 'Th', 'end': '15:30', 'location': 'SC 18', 'start': '19:00'}","False","","3","O","20023","Research","2002"
"0000005244","0.25","0000000998","PEAC","11","0","0","0","11","PHA","Tegtmeyer, Judy","{'fsnum': '8272', 'name': 'Tegtmeyer, Judy'}","100","12","","","","","Rock Climbing","106","{'day': 'Mo', 'end': '10:00', 'location': 'Tostrud Ctr', 'start': '09:05'};{'day': 'We', 'end': '10:00', 'location': 'Tostrud Ctr', 'start': '09:05'}","False","A","3","C","20023","Research","2002"
"0000005245","0.25","0000000998","PEAC","12","0","6","0","6","PHA","McDonald, Matt","{'fsnum': '5195', 'name': 'McDonald, Matt'}","100","12","","","","","Rock Climbing","106","{'day': 'Tu', 'end': '10:00', 'location': 'Tostrud Ctr', 'start': '09:05'};{'day': 'Th', 'end': '10:00', 'location': 'Tostrud Ctr', 'start': '09:05'}","False","B","3","C","20023","Research","2002"
"0000005246","0.25","0000000998","PEAC","12","0","0","0","12","PHA","Pratt, Kenneth","{'fsnum': '6408', 'name': 'Pratt, Kenneth'}","100","12","","","","","Rock Climbing","106","{'day': 'Mo', 'end': '11:40', 'location': 'Tostrud Ctr', 'start': '10:45'};{'day': 'We', 'end': '11:40', 'location': 'Tostrud Ctr', 'start': '10:45'}","False","C","3","C","20023","Research","2002"
"0000005247","0.25","0000000998","PEAC","12","0","0","0","12","PHA","Pratt, Kenneth","{'fsnum': '6408', 'name': 'Pratt, Kenneth'}","100","12","","","","","Rock Climbing","106","{'day': 'Tu', 'end': '11:00', 'location': 'Tostrud Ctr', 'start': '10:05'};{'day': 'Th', 'end': '10:50', 'location': 'Tostrud Ctr', 'start': '09:55'}","False","D","3","C","20023","Research","2002"
"0000005248","0.25","0000001001","PEAC","22","0","10","5","7","PHA","Kosmoski, Daniel","{'fsnum': '4502', 'name': 'Kosmoski, Daniel'}","100","24","","","","","Basketball","111","{'day': 'Tu', 'end': '11:00', 'location': 'SAC CTR GYM', 'start': '10:05'};{'day': 'Th', 'end': '10:50', 'location': 'SACCTR GYM', 'start': '09:55'}","False","","3","C","20023","Research","2002"
"0000005249","0.25","0000001003","PEAC","29","0","8","2","19","PHA","Nesbit, Scott","{'fsnum': '5580', 'name': 'Nesbit, Scott'}","100","24","","","","","Ultimate Frisbee","117","{'day': 'Mo', 'end': '13:50', 'location': 'SAC FH', 'start': '12:55'};{'day': 'We', 'end': '13:50', 'location': 'SAC FH', 'start': '12:55'}","False","","3","C","20023","Research","2002"
"0000005250","0.25","0000001004","PEAC","14","6","0","1","7","PHA","Thornton, William","{'fsnum': '8371', 'name': 'Thornton, William'}","100","24","","","","","Beginning Swimming","121","{'day': 'Mo', 'end': '13:50', 'location': 'SAC POOL', 'start': '12:55'};{'day': 'We', 'end': '13:50', 'location': 'SAC POOL', 'start': '12:55'}","False","","3","O","20023","Research","2002"
"0000005251","0.25","0000001005","PEAC","12","2","2","4","4","PHA","Thornton, William","{'fsnum': '8371', 'name': 'Thornton, William'}","100","12","","","","","Lifeguard Training","122","{'day': 'Tu', 'end': '11:00', 'location': 'SAC POOL', 'start': '09:35'};{'day': 'Th', 'end': '10:50', 'location': 'SAC POOL', 'start': '09:30'}","False","A","3","C","20023","Research","2002"
"0000005252","0.25","0000001005","PEAC","11","5","2","4","0","PHA","Hauck, Bob","{'fsnum': '3165', 'name': 'Hauck, Bob'}","100","12","","","","","Lifeguard Training","122","{'day': 'Tu', 'end': '14:50', 'location': 'SAC POOL', 'start': '13:20'};{'day': 'Th', 'end': '14:50', 'location': 'SAC POOL', 'start': '13:20'}","False","B","3","C","20023","Research","2002"
"0000005253","0.25","0000001006","PEAC","10","5","0","1","4","PHA","Hauck, Bob","{'fsnum': '3165', 'name': 'Hauck, Bob'}","100","15","","","","","Water Safety Instruct","123","{'day': 'Mo', 'end': '13:50', 'location': 'SAC POOL', 'start': '12:55'};{'day': 'We', 'end': '13:50', 'location': 'SAC POOL', 'start': '12:55'};{'day': 'Fr', 'end': '13:50', 'location': 'SAC POOL', 'start': '12:55'}","False","","3","O","20023","Research","2002"
"0000005254","0.25","0000001008","PEAC","21","0","10","8","3","PHA","Campion, John","{'fsnum': '920', 'name': 'Campion, John'}","100","24","","","","","Scuba Diving","126","{'day': 'Fr', 'end': '21:00', 'location': 'SAC POOL', 'start': '18:00'}","False","","3","C","20023","Research","2002"
"0000005255","0.25","0000001010","PEAC","19","5","5","3","6","PHA","Anderson, Kurt","{'fsnum': '228', 'name': 'Anderson, Kurt'}","100","24","","","","","Swim Fitness","130","{'day': 'Mo', 'end': '08:55', 'location': 'SAC POOL', 'start': '08:00'};{'day': 'We', 'end': '08:55', 'location': 'SAC POOL', 'start': '08:00'}","False","","3","C","20023","Research","2002"
"0000005256","0.25","0000001011","PEAC","24","5","5","8","6","PHA","Cooling, Lori","{'fsnum': '4816', 'name': 'Cooling, Lori'}","100","24","","","","","Aerobics","131","{'day': 'Tu', 'end': '10:00', 'location': 'SAC S GYM', 'start': '09:05'};{'day': 'Th', 'end': '10:00', 'location': 'SAC S GYM', 'start': '09:05'}","False","","3","C","20023","Research","2002"
"0000005257","0.5","0000001012","PEAC","25","1","11","1","12","PHA","Pratt, Kenneth","{'fsnum': '6408', 'name': 'Pratt, Kenneth'}","100","24","","","","","Individual Fitness.50","133","{'day': 'Mo', 'end': '14:55', 'location': 'SAC S GYM', 'start': '14:00'};{'day': 'We', 'end': '14:55', 'location': 'SAC S GYM', 'start': '14:00'};{'day': 'Fr', 'end': '14:55', 'location': 'SAC S GYM', 'start': '14:00'}","False","A","3","C","20023","Research","2002"
"0000005258","0.5","0000001012","PEAC","24","1","10","0","13","PHA","McDonald, Matt","{'fsnum': '5195', 'name': 'McDonald, Matt'}","100","24","","","","","Individual Fitness.50","133","{'day': 'Mo', 'end': '10:00', 'location': 'SAC S GYM', 'start': '09:05'};{'day': 'We', 'end': '10:00', 'location': 'SAC S GYM', 'start': '09:05'};{'day': 'Fr', 'end': '10:00', 'location': 'SAC S GYM', 'start': '09:05'}","False","B","3","C","20023","Research","2002"
"0000005259","0.5","0000001012","PEAC","18","0","3","7","8","PHA","Stepan, Chris A.","{'fsnum': '15021', 'name': 'Stepan, Chris A.'}","100","24","","","","","Individual Fitness.50","133","{'day': 'Mo', 'end': '11:40', 'location': 'SAC FH', 'start': '10:45'};{'day': 'We', 'end': '11:40', 'location': 'SAC FH', 'start': '10:45'};{'day': 'Fr', 'end': '11:40', 'location': 'SAC FH', 'start': '10:45'}","False","C","3","C","20023","Research","2002"
"0000005260","0.25","0000001015","PEAC","28","0","11","2","15","PHA","Kosmoski, Daniel","{'fsnum': '4502', 'name': 'Kosmoski, Daniel'}","100","24","","","","","Fitness Walking","136","{'day': 'Mo', 'end': '10:00', 'location': 'SAC FH', 'start': '09:05'};{'day': 'We', 'end': '10:00', 'location': 'SAC FH', 'start': '09:05'}","False","","3","C","20023","Research","2002"
"0000005261","0.5","0000001016","PEAC","24","1","1","0","22","PHA","Pratt, Kenneth","{'fsnum': '6408', 'name': 'Pratt, Kenneth'}","100","24","","","","","Wt Training Co-Ed .50","140","{'day': 'Mo', 'end': '13:50', 'location': 'Tostrud Ctr', 'start': '12:55'};{'day': 'We', 'end': '13:50', 'location': 'Tostrud Ctr', 'start': '12:55'};{'day': 'Fr', 'end': '13:50', 'location': 'Tostrud Ctr', 'start': '12:55'}","False","","3","C","20023","Research","2002"
"0000005262","0.25","0000001017","PEAC","13","3","2","2","6","PHA","Meidt, Christopher J.","{'fsnum': '14897', 'name': 'Meidt, Christopher J.'}","100","24","","","","","Wt Training-Men","141","{'day': 'Tu', 'end': '10:00', 'location': 'MFH WT RM', 'start': '09:05'};{'day': 'Th', 'end': '10:00', 'location': 'MFH WT RM', 'start': '09:05'}","False","A","3","O","20023","Research","2002"
"0000005263","0.25","0000001017","PEAC","22","0","6","9","7","PHA","Meidt, Christopher J.","{'fsnum': '14897', 'name': 'Meidt, Christopher J.'}","100","24","","","","","Wt Training-Men","141","{'day': 'Tu', 'end': '08:55', 'location': 'MFH WT RM', 'start': '08:00'};{'day': 'Th', 'end': '08:55', 'location': 'MFH WT RM', 'start': '08:00'}","False","B","3","O","20023","Research","2002"
"0000005264","0.25","0000001018","PEAC","23","0","4","0","19","PHA","McCarthy, Robert K.","{'fsnum': '14953', 'name': 'McCarthy, Robert K.'}","100","24","","","","","Wt Training-Women","142","{'day': 'Mo', 'end': '08:55', 'location': 'Tostrud Ctr', 'start': '08:00'};{'day': 'We', 'end': '08:55', 'location': 'Tostrud Ctr', 'start': '08:00'}","False","A","3","C","20023","Research","2002"
"0000005265","0.25","0000001018","PEAC","23","1","2","3","17","PHA","McCarthy, Robert K.","{'fsnum': '14953', 'name': 'McCarthy, Robert K.'}","100","24","","","","","Wt Training-Women","142","{'day': 'Mo', 'end': '10:00', 'location': 'Tostrud Ctr', 'start': '09:05'};{'day': 'We', 'end': '10:00', 'location': 'Tostrud Ctr', 'start': '09:05'}","False","B","3","C","20023","Research","2002"
"0000005266","0.25","0000001020","PEAC","23","1","7","9","6","PHA","Kosmoski, Daniel","{'fsnum': '4502', 'name': 'Kosmoski, Daniel'}","100","24","","","","","Badminton","151","{'day': 'Tu', 'end': '13:50', 'location': 'SAC N GYM', 'start': '12:55'};{'day': 'Th', 'end': '13:50', 'location': 'SAC N GYM', 'start': '12:55'}","False","A","3","C","20023","Research","2002"
"0000005267","0.25","0000001020","PEAC","19","0","3","4","12","PHA","Thornton, William","{'fsnum': '8371', 'name': 'Thornton, William'}","100","24","","","","","Badminton","151","{'day': 'Mo', 'end': '08:55', 'location': 'SAC N GYM', 'start': '08:00'};{'day': 'We', 'end': '08:55', 'location': 'SAC N GYM', 'start': '08:00'}","False","B","3","C","20023","Research","2002"
"0000005268","0.25","0000001021","PEAC","7","0","3","0","4","PHA","Kosmoski, Daniel","{'fsnum': '4502', 'name': 'Kosmoski, Daniel'}","100","8","","","","","Racquetball (Men)","153","{'day': 'Mo', 'end': '13:50', 'location': 'SAC RACQ CT', 'start': '12:55'};{'day': 'We', 'end': '13:50', 'location': 'SAC RACQ CT', 'start': '12:55'}","False","A","3","C","20023","Research","2002"
"0000005269","0.25","0000001021","PEAC","8","2","1","4","1","PHA","Cooling, Lori","{'fsnum': '4816', 'name': 'Cooling, Lori'}","100","8","","","","","Racquetball (Wmn)","153","{'day': 'Tu', 'end': '11:00', 'location': 'SAC RACQ CT', 'start': '10:05'};{'day': 'Th', 'end': '10:50', 'location': 'SAC RACQ CT', 'start': '09:55'}","False","B","3","C","20023","Research","2002"
"0000005270","0.25","0000001022","PEAC","20","0","4","1","15","PHA","Nesbit, Scott","{'fsnum': '5580', 'name': 'Nesbit, Scott'}","100","16","","","","","Tennis","157","{'day': 'Tu', 'end': '11:00', 'location': 'SAC FH', 'start': '10:05'};{'day': 'Th', 'end': '10:50', 'location': 'SAC FH', 'start': '09:55'}","False","A","3","C","20023","Research","2002"
"0000005271","0.25","0000001022","PEAC","14","2","5","7","0","PHA","Nesbit, Scott","{'fsnum': '5580', 'name': 'Nesbit, Scott'}","100","16","","","","","Tennis","157","{'day': 'Tu', 'end': '13:50', 'location': 'SAC FH', 'start': '12:55'};{'day': 'Th', 'end': '13:50', 'location': 'SAC FH', 'start': '12:55'}","False","B","3","C","20023","Research","2002"
"0000005272","0.25","0000001024","PEAC","21","5","5","3","8","PHA","Pratt, Kenneth","{'fsnum': '6408', 'name': 'Pratt, Kenneth'}","100","24","","","","","Self Defense","161","{'day': 'Tu', 'end': '13:50', 'location': 'SAC WR RM', 'start': '12:55'};{'day': 'Th', 'end': '13:50', 'location': 'SAC WR RM', 'start': '12:55'}","False","A","3","C","20023","Research","2002"
"0000005273","0.25","0000001024","PEAC","20","5","5","6","4","PHA","Pratt, Kenneth","{'fsnum': '6408', 'name': 'Pratt, Kenneth'}","100","24","","","","","Self Defense","161","{'day': 'Tu', 'end': '14:55', 'location': 'SAC WR RM', 'start': '14:00'};{'day': 'Th', 'end': '14:55', 'location': 'SAC WR RM', 'start': '14:00'}","False","B","3","C","20023","Research","2002"
"0000005274","0.25","0000001025","PEAC","9","6","0","2","1","PHA","Osiecki, Thomas","{'fsnum': '13350', 'name': 'Osiecki, Thomas'}","100","","","","","","Intercol Hockey Women","170","","False","","3","O","20023","Research","2002"
"0000005275","0.25","0000001026","PEAC","3","2","0","1","0","PHA","Wojick, Paul","{'fsnum': '9114', 'name': 'Wojick, Paul'}","100","","","","","","Intercol Skiing Men","171","","False","","3","O","20023","Research","2002"
"0000005276","0.25","0000001027","PEAC","3","3","0","0","0","PHA","Wojick, Paul","{'fsnum': '9114', 'name': 'Wojick, Paul'}","100","","","","","","Intercol Skiing Women","172","","False","","3","O","20023","Research","2002"
"0000005277","0.25","0000001028","PEAC","9","4","0","5","0","PHA","McDonald, Matt","{'fsnum': '5195', 'name': 'McDonald, Matt'}","100","","","","","","Intercol Baseball","173","","False","","3","O","20023","Research","2002"
"0000005278","0.25","0000001029","PEAC","3","2","0","1","0","PHA","Kosmoski, Daniel","{'fsnum': '4502', 'name': 'Kosmoski, Daniel'}","100","","","","","","Intercol Basketball M","174","","False","","3","O","20023","Research","2002"
"0000005279","0.25","0000001030","PEAC","3","2","1","0","0","PHA","Buresh, Patrice","{'fsnum': '865', 'name': 'Buresh, Patrice'}","100","","","","","","Intercol Basketball W","175","","False","","3","O","20023","Research","2002"
"0000005280","0.25","0000001036","PEAC","15","9","2","3","1","PHA","Goldsworthy, William Sean","{'fsnum': '2652', 'name': 'Goldsworthy, William Sean'}","100","","","","","","Intercol Hockey Men","181","","False","","3","O","20023","Research","2002"
"0000005281","0.25","0000001037","PEAC","6","4","1","0","1","PHA","Carver, Siiri","{'fsnum': '12299', 'name': 'Carver, Siiri'}","100","","","","","","Intercol CC Skiing M","182","","False","","3","O","20023","Research","2002"
"0000005282","0.25","0000001038","PEAC","3","2","0","1","0","PHA","Carver, Siiri","{'fsnum': '12299', 'name': 'Carver, Siiri'}","100","","","","","","Intercol CC Skiing W","183","","False","","3","O","20023","Research","2002"
"0000005283","0.25","0000001041","PEAC","3","2","0","0","1","PHA","Cooling, Lori","{'fsnum': '4816', 'name': 'Cooling, Lori'}","100","","","","","","Intercol Softball","186","","False","","3","O","20023","Research","2002"
"0000005284","0.25","0000001042","PEAC","4","3","1","0","0","PHA","Hauck, David","{'fsnum': '3166', 'name': 'Hauck, David'}","100","","","","","","Intercol Swimming M","187","","False","","3","O","20023","Research","2002"
"0000005285","0.25","0000001043","PEAC","15","6","1","3","5","PHA","Hauck, Bob","{'fsnum': '3165', 'name': 'Hauck, Bob'}","100","","","","","","Intercol Swimming W","188","","False","","3","O","20023","Research","2002"
"0000005286","0.25","0000001044","PEAC","3","1","0","1","1","PHA","Nesbit, Scott","{'fsnum': '5580', 'name': 'Nesbit, Scott'}","100","","","","","","Intercol Tennis Men","189","","False","","3","O","20023","Research","2002"
"0000005287","0.25","0000001045","PEAC","4","1","0","3","0","PHA","Nesbit, Scott","{'fsnum': '5580', 'name': 'Nesbit, Scott'}","100","","","","","","Intercol Tennis Women","190","","False","","3","O","20023","Research","2002"
"0000005288","0.25","0000001046","PEAC","7","3","0","3","1","PHA","Thornton, William","{'fsnum': '8371', 'name': 'Thornton, William'}","100","","","","","","Intercol Track Men","191","","False","","3","O","20023","Research","2002"
"0000005289","0.25","0000001047","PEAC","2","1","1","0","0","PHA","Daymont, Christine","{'fsnum': '1358', 'name': 'Daymont, Christine'}","100","","","","","","Intercol Track Women","192","","False","","3","O","20023","Research","2002"
"0000005290","0.25","0000001049","PEAC","4","4","0","0","0","PHA","Pratt, Kenneth","{'fsnum': '6408', 'name': 'Pratt, Kenneth'}","100","","","","","","Intercol Wrestling","194","","False","","3","O","20023","Research","2002"
"0000005291","0.5","0000001050","PETH","19","5","3","2","9","","Meidt, Christopher J.","{'fsnum': '14897', 'name': 'Meidt, Christopher J.'}","200","24","","","","","Intro to Coaching","238","{'day': 'Mo', 'end': '08:55', 'location': 'SAC 140', 'start': '08:00'};{'day': 'We', 'end': '08:55', 'location': 'SAC 140', 'start': '08:00'};{'day': 'Fr', 'end': '08:55', 'location': 'SAC 140', 'start': '08:00'}","False","","3","O","20023","Research","2002"
"0000005292","1.0","0000001051","PETH","15","1","1","6","7","","Hagen, Daniel","{'fsnum': '2890', 'name': 'Hagen, Daniel'}","200","12","","","","","Prev/Care Sport Injur","255","{'day': 'Tu', 'end': '09:25', 'location': 'SAC 140', 'start': '08:00'};{'day': 'Th', 'end': '09:20', 'location': 'SAC 140', 'start': '08:00'};{'day': 'We', 'end': '12:45', 'location': 'SAC TR RM', 'start': '23:50'}","False","A","3","C","20023","Research","2002"
"0000005293","1.0","0000001051","PETH","15","3","2","6","4","","Hagen, Daniel","{'fsnum': '2890', 'name': 'Hagen, Daniel'}","200","12","","","","","Prev/Care Sport Injur","255","{'day': 'Tu', 'end': '09:25', 'location': 'SAC 140', 'start': '08:00'};{'day': 'Th', 'end': '09:20', 'location': 'SAC 140', 'start': '08:00'};{'day': 'We', 'end': '13:50', 'location': 'SAC TR ROM', 'start': '12:55'}","False","B","3","C","20023","Research","2002"
"0000005294","1.0","0000001056","PETH","27","0","9","3","15","EIN;WRI","Wicks, Gary","{'fsnum': '9030', 'name': 'Wicks, Gary'}","200","24","","","","","Sport Ethic-Society","290","{'day': 'Mo', 'end': '10:00', 'location': 'BMC 111', 'start': '09:05'};{'day': 'We', 'end': '10:00', 'location': 'BMC 111', 'start': '09:05'};{'day': 'Fr', 'end': '10:00', 'location': 'BMC 111', 'start': '09:05'}","False","","3","C","20023","Research","2002"
"0000005295","0.25","0000001059","PETH","5","0","0","0","5","","Anderson, Kurt","{'fsnum': '228', 'name': 'Anderson, Kurt'}","300","24","","","","","Coaching Practicum","335","","False","","3","O","20023","Research","2002"
"0000005296","1.0","0000001062","PETH","7","0","1","1","5","","Goldsworthy, William Sean","{'fsnum': '2652', 'name': 'Goldsworthy, William Sean'}","300","24","","","","","Biomechanics","374","{'day': 'Mo', 'end': '10:00', 'location': 'SAC 142', 'start': '09:05'};{'day': 'We', 'end': '10:00', 'location': 'SAC 142', 'start': '09:05'};{'day': 'Fr', 'end': '10:00', 'location': 'SAC 142', 'start': '09:05'};{'day': 'Th', 'end': '11:00', 'location': 'SAC 142', 'start': '08:00'}","False","","3","O","20023","Research","2002"
"0000005297","1.0","0000001064","PETH","8","0","0","1","7","","Daymont, Christine","{'fsnum': '1358', 'name': 'Daymont, Christine'}","300","24","","","","","Physiology/Exercise","375","{'day': 'Mo', 'end': '11:40', 'location': 'SAC 142', 'start': '10:45'};{'day': 'We', 'end': '11:40', 'location': 'SAC 142', 'start': '10:45'};{'day': 'Fr', 'end': '11:40', 'location': 'SAC 142', 'start': '10:45'};{'day': 'Tu', 'end': '11:00', 'location': 'SAC 142', 'start': '08:00'}","False","","3","O","20023","Research","2002"
"0000005298","1.0","0000001068","PETH","4","0","0","0","4","","Wicks, Gary","{'fsnum': '9030', 'name': 'Wicks, Gary'}","300","","","","","","IR/Senior Seminar","398","","False","","3","O","20023","Research","2002"
"0000005225","1.0","0000000964","PHIL","88","55","3","26","4","HWC","Marino, Gordon D.","{'fsnum': '5051', 'name': 'Marino, Gordon D.'}","100","80","","","","","Making of Modern Mind","118","{'day': 'Mo', 'end': '13:50', 'location': 'HH 501', 'start': '12:55'};{'day': 'We', 'end': '13:50', 'location': 'HH 501', 'start': '12:55'};{'day': 'Fr', 'end': '13:50', 'location': 'HH 501', 'start': '12:55'}","False","","3","C","20023","Research","2002"
"0000005226","1.0","0000000968","PHIL","15","0","1","9","5","HBS;WRI","Swain, Corliss","{'fsnum': '8165', 'name': 'Swain, Corliss'}","200","25","","","","","Phil of Mind/Behavior","231","{'day': 'Mo', 'end': '13:50', 'location': 'OM 004', 'start': '12:55'};{'day': 'We', 'end': '13:50', 'location': 'OM 004', 'start': '12:55'};{'day': 'Fr', 'end': '13:50', 'location': 'OM 004', 'start': '12:55'}","False","","3","C","20023","Research","2002"
"0000005227","1.0","0000000971","PHIL","21","0","8","6","7","HWC;WRI","Grenberg, Jeanine","{'fsnum': '2752', 'name': 'Grenberg, Jeanine'}","200","20","","","","","Modern Philosophy","236","{'day': 'Mo', 'end': '14:55', 'location': 'HH 514', 'start': '14:00'};{'day': 'We', 'end': '14:55', 'location': 'HH 514', 'start': '14:00'};{'day': 'Fr', 'end': '14:55', 'location': 'HH 514', 'start': '14:00'}","False","","3","C","20023","Research","2002"
"0000005228","1.0","0000000972","PHIL","19","0","9","8","2","","Harper, Vicki L.","{'fsnum': '3121', 'name': 'Harper, Vicki L.'}","200","20","","","","","Formal Logic & Phil","240","{'day': 'Mo', 'end': '12:45', 'location': 'HH 302', 'start': '23:50'};{'day': 'We', 'end': '12:45', 'location': 'HH 302', 'start': '23:50'};{'day': 'Fr', 'end': '12:45', 'location': 'HH 302', 'start': '23:50'}","False","","3","C","20023","Research","2002"
"0000005229","1.0","0000000974","PHIL","40","3","9","13","15","ALS-A;WRI","Taliaferro, Charles","{'fsnum': '8230', 'name': 'Taliaferro, Charles'}","200","25","","","","","Aesthetics","243","{'day': 'Tu', 'end': '13:10', 'location': 'SH 002', 'start': '23:45'};{'day': 'Th', 'end': '14:05', 'location': 'SH 002', 'start': '12:45'}","False","","3","C","20023","Research","2002"
"0000005230","1.0","0000000977","PHIL","23","0","13","4","6","EIN","Gervais, Karen","{'fsnum': '2519', 'name': 'Gervais, Karen'}","200","25","","","","","Biomedical Ethics","250","{'day': 'Tu', 'end': '09:25', 'location': 'HH 413', 'start': '08:00'};{'day': 'Th', 'end': '09:20', 'location': 'HH 413', 'start': '08:00'}","False","","3","C","20023","Research","2002"
"0000005231","1.0","0000000978","PHIL","24","0","5","7","12","MCS-G;WRI","Rambachan, Anantanand","{'fsnum': '6535', 'name': 'Rambachan, Anantanand'}","200","25","","","","","Asian Philosophy","251","{'day': 'Tu', 'end': '09:25', 'location': 'BMC 102', 'start': '08:00'};{'day': 'Th', 'end': '09:20', 'location': 'BMC 102', 'start': '08:00'}","False","","3","C","20023","Research","2002"
"0000005232","1.0","0000000979","PHIL","27","0","10","2","15","EIN;WRI","Harper, Vicki L.","{'fsnum': '3121', 'name': 'Harper, Vicki L.'}","200","25","","","","","Ethics/The Good Life","252","{'day': 'Mo', 'end': '14:55', 'location': 'HH 301', 'start': '14:00'};{'day': 'We', 'end': '14:55', 'location': 'HH 301', 'start': '14:00'};{'day': 'Fr', 'end': '14:55', 'location': 'HH 301', 'start': '14:00'}","False","A","3","C","20023","Research","2002"
"0000005233","1.0","0000000979","PHIL","26","0","11","0","15","EIN","Grenberg, Jeanine","{'fsnum': '2752', 'name': 'Grenberg, Jeanine'}","200","25","","","","","Ethics/The Good Life","252","{'day': 'Mo', 'end': '12:45', 'location': 'SH 002', 'start': '23:50'};{'day': 'We', 'end': '12:45', 'location': 'SH 002', 'start': '23:50'};{'day': 'Fr', 'end': '12:45', 'location': 'SH 002', 'start': '23:50'}","False","B","3","C","20023","Research","2002"
"0000005234","1.0","0000000980","PHIL","27","0","12","5","10","EIN","Rudd, Anthony J.","{'fsnum': '14139', 'name': 'Rudd, Anthony J.'}","200","25","","","","","Law,Politics,Morality","254","{'day': 'Tu', 'end': '13:10', 'location': 'HH 302', 'start': '23:45'};{'day': 'Th', 'end': '14:05', 'location': 'HH 302', 'start': '12:45'}","False","","3","C","20023","Research","2002"
"0000005235","1.0","0000000982","PHIL","46","0","10","2","34","EIN;WRI","Taliaferro, Charles","{'fsnum': '8230', 'name': 'Taliaferro, Charles'}","200","25","","","","","Top: Environ Ethics","257","{'day': 'Tu', 'end': '11:00', 'location': 'HH 403', 'start': '09:35'};{'day': 'Th', 'end': '10:50', 'location': 'HH 403', 'start': '09:30'}","False","A","3","C","20023","Research","2002"
"0000005236","1.0","0000000982","PHIL","29","0","5","4","20","EIN;WRI","Taliaferro, Charles","{'fsnum': '8230', 'name': 'Taliaferro, Charles'}","200","25","","","","","Top: Environ Ethics","257","{'day': 'Tu', 'end': '14:45', 'location': 'HH 516', 'start': '13:20'};{'day': 'Th', 'end': '15:35', 'location': 'HH 516', 'start': '14:15'}","False","B","3","C","20023","Research","2002"
"0000005237","1.0","0000000986","PHIL","1","0","0","1","0","","Marino, Gordon D.","{'fsnum': '5051', 'name': 'Marino, Gordon D.'}","200","","","","","","IS/Nietzsche Bge","298","","False","","3","O","20023","Research","2002"
"0000005238","1.0","0000000990","PHIL","16","0","7","1","8","ORC;WRI","Swain, Corliss","{'fsnum': '8165', 'name': 'Swain, Corliss'}","300","15","","","","","Studies: Hist of Phil","374","{'day': 'Tu', 'end': '14:45', 'location': 'HH 302', 'start': '13:20'};{'day': 'Th', 'end': '15:35', 'location': 'HH 302', 'start': '14:15'}","False","","3","C","20023","Research","2002"
"0000005239","1.0","0000000993","PHIL","5","0","1","0","4","","Taliaferro, Charles","{'fsnum': '8230', 'name': 'Taliaferro, Charles'}","300","","","","","","IR/Language and Logic","398","","False","","3","O","20023","Research","2002"
"0000005240","1.0","0000000993","PHIL","1","0","1","0","0","","Fairbanks, Rick A.","{'fsnum': '2022', 'name': 'Fairbanks, Rick A.'}","300","","","","","","IR/Philosophy of Law","398","","False","A","3","O","20023","Research","2002"
"0000005241","1.0","0000000993","PHIL","1","0","0","0","1","","Harper, Vicki L.","{'fsnum': '3121', 'name': 'Harper, Vicki L.'}","300","","","","","","IR/Modal Logic","398","","False","B","3","O","20023","Research","2002"
"0000005242","1.0","0000000993","PHIL","1","0","0","0","1","","Taliaferro, Charles","{'fsnum': '8230', 'name': 'Taliaferro, Charles'}","300","","","","","","IR/Environ Philosophy","398","","False","C","3","O","20023","Research","2002"
"0000005243","1.0","0000000994","PHIL","5","0","2","0","3","WRI","Rudd, Anthony J.","{'fsnum': '14139', 'name': 'Rudd, Anthony J.'}","300","15","","","","","Seminar","399","{'day': 'Tu', 'end': '11:00', 'location': 'OM 002', 'start': '09:35'};{'day': 'Th', 'end': '10:50', 'location': 'OM 002', 'start': '09:30'}","False","","3","O","20023","Seminar","2002"
"0000005299","1.0","0000001069","PHYS","59","1","19","20","19","NSC","Kolan, Amy","{'fsnum': '4480', 'name': 'Kolan, Amy'}","100","58","","","","","Intro Astronomy","112","{'day': 'Mo', 'end': '13:50', 'location': 'SC 170', 'start': '12:55'};{'day': 'We', 'end': '13:50', 'location': 'SC 170', 'start': '12:55'};{'day': 'Fr', 'end': '13:50', 'location': 'SC 170', 'start': '12:55'}","False","","3","C","20023","Research","2002"
"0000005300","1.0","0000001074","PHYS","31","0","16","8","7","NSC;NSL","Nitz, David","{'fsnum': '5620', 'name': 'Nitz, David'}","100","50","","","","","Principles Physics II","125","{'day': 'Mo', 'end': '08:55', 'location': 'SC 170', 'start': '08:00'};{'day': 'We', 'end': '08:55', 'location': 'SC 170', 'start': '08:00'};{'day': 'Fr', 'end': '08:55', 'location': 'SC 170', 'start': '08:00'}","False","A","3","O","20023","Research","2002"
"0000005302","1.0","0000001074","PHYS","49","1","34","4","10","NSC;NSL","Dahl, David A.","{'fsnum': '1345', 'name': 'Dahl, David A.'}","100","50","","","","","Principles Physics II","125","{'day': 'Mo', 'end': '10:00', 'location': 'SC 170', 'start': '09:05'};{'day': 'We', 'end': '10:00', 'location': 'SC 170', 'start': '09:05'};{'day': 'Fr', 'end': '10:00', 'location': 'SC 170', 'start': '09:05'}","False","B","3","C","20023","Research","2002"
"0000005301","","0000001075","PHYS","0","0","0","0","0","","Dahl, David A.","{'fsnum': '1345', 'name': 'Dahl, David A.'}","100","20","","","","","Prin Physics II/Lab","125","{'day': 'Mo', 'end': '15:25', 'location': 'SC 111', 'start': '12:55'}","False","A","3","C","20023","Lab","2002"
"0000005303","","0000001075","PHYS","0","0","0","0","0","","Engbrecht, Jason J.","{'fsnum': '14912', 'name': 'Engbrecht, Jason J.'}","100","20","","","","","Prin Physics II/Lab","125","{'day': 'Tu', 'end': '14:15', 'location': 'SC 111', 'start': '23:45'}","False","B","3","C","20023","Lab","2002"
"0000005304","","0000001075","PHYS","0","0","0","0","0","","Dahl, David A.","{'fsnum': '1345', 'name': 'Dahl, David A.'}","100","20","","","","","Prin Physics II/Lab","125","{'day': 'Th', 'end': '10:50', 'location': 'SC 111', 'start': '08:20'}","False","C","3","O","20023","Lab","2002"
"0000005305","","0000001075","PHYS","0","0","0","0","0","","Dahl, David A.","{'fsnum': '1345', 'name': 'Dahl, David A.'}","100","20","","","","","Prin Physics II/Lab","125","{'day': 'Th', 'end': '16:55', 'location': 'SC 111', 'start': '14:25'}","False","D","3","C","20023","Lab","2002"
"0000005306","1.0","0000001078","PHYS","27","24","0","1","2","NSC;NSL","Cederberg, James","{'fsnum': '1021', 'name': 'Cederberg, James'}","100","32","","","","","Analytical II","127","{'day': 'Mo', 'end': '12:45', 'location': 'SC 170', 'start': '23:50'};{'day': 'We', 'end': '12:45', 'location': 'SC 170', 'start': '23:50'};{'day': 'Fr', 'end': '12:45', 'location': 'SC 170', 'start': '23:50'}","False","","3","O","20023","Research","2002"
"0000005307","","0000001079","PHYS","0","0","0","0","0","","Cederberg, James","{'fsnum': '1021', 'name': 'Cederberg, James'}","100","16","","","","","Analytical II/Lab","127","{'day': 'Mo', 'end': '15:25', 'location': 'SC 159', 'start': '12:55'}","False","A","3","O","20023","Lab","2002"
"0000005308","","0000001079","PHYS","0","0","0","0","0","","Cederberg, James","{'fsnum': '1021', 'name': 'Cederberg, James'}","100","16","","","","","Analytical II/Lab","127","{'day': 'Tu', 'end': '15:50', 'location': 'SC 159', 'start': '13:20'}","False","B","3","C","20023","Lab","2002"
"0000005309","1.0","0000001082","PHYS","11","0","0","10","1","","Jacobel, Robert","{'fsnum': '3646', 'name': 'Jacobel, Robert'}","200","20","","","","","Modern Physics","244","{'day': 'Mo', 'end': '10:00', 'location': 'SC 129', 'start': '09:05'};{'day': 'We', 'end': '10:00', 'location': 'SC 129', 'start': '09:05'};{'day': 'Fr', 'end': '10:00', 'location': 'SC 129', 'start': '09:05'}","False","","3","O","20023","Research","2002"
"0000005310","0.25","0000001083","PHYS","6","0","0","5","1","","Jacobel, Robert","{'fsnum': '3646', 'name': 'Jacobel, Robert'}","200","8","","","","","Modern Phys Lab (244)","245","{'day': 'Mo', 'end': '17:00', 'location': 'SC 151', 'start': '14:00'}","False","A","3","O","20023","Lab","2002"
"0000005311","0.25","0000001083","PHYS","6","0","0","5","1","","Jacobel, Robert","{'fsnum': '3646', 'name': 'Jacobel, Robert'}","200","8","","","","","Modern Phys Lab (244)","245","{'day': 'Tu', 'end': '16:20', 'location': 'SC 151', 'start': '13:20'}","False","B","3","O","20023","Lab","2002"
"0000005312","1.0","0000001093","PHYS","13","0","10","0","3","","Engbrecht, Jason J.","{'fsnum': '14912', 'name': 'Engbrecht, Jason J.'}","300","18","","","","","Maxwell's Equations","375","{'day': 'Mo', 'end': '11:40', 'location': 'SC 110', 'start': '10:45'};{'day': 'We', 'end': '11:40', 'location': 'SC 110', 'start': '10:45'};{'day': 'Fr', 'end': '11:40', 'location': 'SC 110', 'start': '10:45'}","False","","3","O","20023","Research","2002"
"0000005313","0.25","0000001097","PHYS","7","0","5","0","2","","Engbrecht, Jason J.","{'fsnum': '14912', 'name': 'Engbrecht, Jason J.'}","300","9","","","","","Adv Physics Lab (375)","385","{'day': 'Th', 'end': '15:45', 'location': 'SC 151', 'start': '12:45'}","False","A","3","O","20023","Lab","2002"
"0000005314","0.25","0000001097","PHYS","6","0","5","0","1","","Engbrecht, Jason J.","{'fsnum': '14912', 'name': 'Engbrecht, Jason J.'}","300","9","","","","","Adv Physics Lab (375)","385","{'day': 'Fr', 'end': '17:00', 'location': 'SC 151', 'start': '14:00'}","False","B","3","O","20023","Lab","2002"
"0000005315","1.0","0000001099","PHYS","7","0","5","0","2","","Dahl, David A.","{'fsnum': '1345', 'name': 'Dahl, David A.'}","300","","","","","","Top: Stellar Evolution","390","{'day': 'Mo', 'end': '12:45', 'location': 'SC 110', 'start': '23:50'};{'day': 'We', 'end': '12:45', 'location': 'SC 110', 'start': '23:50'};{'day': 'Fr', 'end': '12:45', 'location': 'SC 110', 'start': '23:50'}","False","","3","O","20023","Topic","2002"
"0000005316","1.0","0000001101","PHYS","1","0","0","0","1","","Cederberg, James","{'fsnum': '1021', 'name': 'Cederberg, James'}","300","","","","","","IR/Sonoluminescence","398","","False","","3","O","20023","Research","2002"
"0000005317","0.25","0000001102","PHYS","1","0","0","0","1","","Nitz, David","{'fsnum': '5620', 'name': 'Nitz, David'}","300","","","","","","Senior Seminar","399","{'day': 'We', 'end': '15:00', 'location': 'SC 110', 'start': '14:00'}","True","","3","O","20023","Seminar","2002"
"0000005318","1.0","0000001104","PSCI","30","15","1","7","7","HBS;MCS-G","Brooks, D Christopher","{'fsnum': '14170', 'name': 'Brooks, D Christopher'}","100","30","14","0","10","","Comparative Politics","112","{'day': 'Mo', 'end': '12:45', 'location': 'HH 301', 'start': '23:50'};{'day': 'We', 'end': '12:45', 'location': 'HH 301', 'start': '23:50'};{'day': 'Fr', 'end': '12:45', 'location': 'HH 301', 'start': '23:50'}","False","A","3","C","20023","Research","2002"
"0000005319","1.0","0000001104","PSCI","31","17","6","6","2","HBS;MCS-G","Brooks, D Christopher","{'fsnum': '14170', 'name': 'Brooks, D Christopher'}","100","30","15","3","10","","Comparative Politics","112","{'day': 'Mo', 'end': '13:50', 'location': 'HH 301', 'start': '12:55'};{'day': 'We', 'end': '13:50', 'location': 'HH 301', 'start': '12:55'};{'day': 'Fr', 'end': '13:50', 'location': 'HH 301', 'start': '12:55'}","False","B","3","C","20023","Research","2002"
"0000005320","1.0","0000001110","PSCI","27","14","2","6","5","HBS","Burch, Kurt","{'fsnum': '14022', 'name': 'Burch, Kurt'}","100","30","15","1","9","","Int'l Relations","121","{'day': 'Mo', 'end': '08:55', 'location': 'RML 577', 'start': '08:00'};{'day': 'We', 'end': '08:55', 'location': 'RML 577', 'start': '08:00'};{'day': 'Fr', 'end': '08:55', 'location': 'RML 577', 'start': '08:00'}","False","A","3","C","20023","Research","2002"
"0000005321","1.0","0000001110","PSCI","24","6","0","10","8","HBS","Burch, Kurt","{'fsnum': '14022', 'name': 'Burch, Kurt'}","100","30","10","0","10","","Int'l Relations","121","{'day': 'Mo', 'end': '10:00', 'location': 'RML 577', 'start': '09:05'};{'day': 'We', 'end': '10:00', 'location': 'RML 577', 'start': '09:05'};{'day': 'Fr', 'end': '10:00', 'location': 'RML 577', 'start': '09:05'}","False","B","3","C","20023","Research","2002"
"0000005322","1.0","0000001113","PSCI","33","1","14","16","2","WRI","Breen, Sheryl D.","{'fsnum': '13316', 'name': 'Breen, Sheryl D.'}","200","20","","","","","Analyzing Politics","220","{'day': 'Mo', 'end': '11:40', 'location': 'HH 501', 'start': '10:45'};{'day': 'We', 'end': '11:40', 'location': 'HH 501', 'start': '10:45'};{'day': 'Fr', 'end': '11:40', 'location': 'HH 501', 'start': '10:45'}","False","","3","C","20023","Research","2002"
"0000005323","1.0","0000001130","PSCI","27","0","8","13","6","HWC","Gorton, William A.","{'fsnum': '15068', 'name': 'Gorton, William A.'}","200","20","","","","","Hist Mod Pol Thought","260","{'day': 'Tu', 'end': '09:25', 'location': 'HH 301', 'start': '08:00'};{'day': 'Th', 'end': '09:20', 'location': 'HH 301', 'start': '08:00'}","False","","3","C","20023","Research","2002"
"0000005324","1.0","0000001133","PSCI","27","0","7","0","20","EIN","Beld, Jo M.","{'fsnum': '2334', 'name': 'Beld, Jo M.'}","200","20","","","","","Family Values","270","{'day': 'Tu', 'end': '11:00', 'location': 'SH 001', 'start': '09:35'};{'day': 'Th', 'end': '10:50', 'location': 'SH 001', 'start': '09:30'}","False","","3","C","20023","Research","2002"
"0000005325","1.0","0000001135","PSCI","25","0","7","7","11","","Hofrenning, Dan","{'fsnum': '3418', 'name': 'Hofrenning, Dan'}","200","20","","","","","Environmentl Politics","276","{'day': 'Mo', 'end': '13:50', 'location': 'HH 302', 'start': '12:55'};{'day': 'We', 'end': '13:50', 'location': 'HH 302', 'start': '12:55'};{'day': 'Fr', 'end': '13:50', 'location': 'HH 302', 'start': '12:55'}","False","","3","C","20023","Research","2002"
"0000005326","1.0","0000001138","PSCI","23","0","8","2","13","","Umbanhowar Sr, Charles E.","{'fsnum': '8656', 'name': 'Umbanhowar Sr, Charles E.'}","200","20","","","","","International Law","285","{'day': 'Mo', 'end': '14:55', 'location': 'HH 516', 'start': '14:00'};{'day': 'We', 'end': '14:55', 'location': 'HH 516', 'start': '14:00'};{'day': 'Fr', 'end': '14:55', 'location': 'HH 516', 'start': '14:00'}","False","","3","C","20023","Research","2002"
"0000005327","1.0","0000001139","PSCI","1","0","0","0","1","","Breen, Sheryl D.","{'fsnum': '13316', 'name': 'Breen, Sheryl D.'}","200","","","","","","Academic Internship","294","","True","","3","O","20023","Research","2002"
"0000005328","1.0","0000001139","PSCI","1","0","0","0","1","","Umbanhowar Sr, Charles E.","{'fsnum': '8656', 'name': 'Umbanhowar Sr, Charles E.'}","200","","","","","","Academic Internship","294","","True","A","3","O","20023","Research","2002"
"0000005329","1.0","0000001139","PSCI","1","0","1","0","0","","Hofrenning, Dan","{'fsnum': '3418', 'name': 'Hofrenning, Dan'}","200","","","","","","Academic Internship","294","","True","B","3","O","20023","Research","2002"
"0000005330","1.0","0000001141","PSCI","1","0","0","0","1","","Breen, Sheryl D.","{'fsnum': '13316', 'name': 'Breen, Sheryl D.'}","200","","","","","","IS/Law and Literature","298","","False","","3","O","20023","Research","2002"
"0000005331","1.0","0000001143","PSCI","11","0","1","0","10","WRI","Hofrenning, Dan","{'fsnum': '3418', 'name': 'Hofrenning, Dan'}","300","15","","","","","Sem: American Politics","311","{'day': 'Mo', 'end': '10:00', 'location': 'HH 516', 'start': '09:05'};{'day': 'We', 'end': '10:00', 'location': 'HH 516', 'start': '09:05'};{'day': 'Fr', 'end': '10:00', 'location': 'HH 516', 'start': '09:05'}","False","A","3","C","20023","Seminar","2002"
"0000005332","1.0","0000001143","PSCI","13","0","6","0","7","WRI","Hofrenning, Dan","{'fsnum': '3418', 'name': 'Hofrenning, Dan'}","300","15","","","","","Sem: American Politics","311","{'day': 'Mo', 'end': '14:55', 'location': 'HH 302', 'start': '14:00'};{'day': 'We', 'end': '14:55', 'location': 'HH 302', 'start': '14:00'};{'day': 'Fr', 'end': '14:55', 'location': 'HH 302', 'start': '14:00'}","False","B","3","C","20023","Seminar","2002"
"0000005333","1.0","0000001148","PSCI","10","0","3","1","6","WRI","Gorton, William A.","{'fsnum': '15068', 'name': 'Gorton, William A.'}","300","15","","","","","Studies-Pol Thought","384","{'day': 'Tu', 'end': '13:10', 'location': 'CAD 204', 'start': '23:45'};{'day': 'Th', 'end': '14:05', 'location': 'CAD 204', 'start': '12:45'}","False","","3","O","20023","Research","2002"
"0000005334","1.0","0000001151","PSCI","1","0","1","0","0","","Breen, Sheryl D.","{'fsnum': '13316', 'name': 'Breen, Sheryl D.'}","300","","","","","","Academic Internship","394","","True","","3","O","20023","Research","2002"
"0000005335","1.0","0000001152","PSCI","1","0","1","0","0","","Umbanhowar Sr, Charles E.","{'fsnum': '8656', 'name': 'Umbanhowar Sr, Charles E.'}","300","","","","","","IR/Ancient Greek Demo","398","","False","","3","O","20023","Research","2002"
"0000005336","1.0","0000001153","PSCI","18","0","3","0","15","WRI","Brooks, D Christopher","{'fsnum': '14170', 'name': 'Brooks, D Christopher'}","300","15","","","","","Sem: Comp Politics","399","{'day': 'Tu', 'end': '14:45', 'location': 'OM 031', 'start': '13:20'};{'day': 'Th', 'end': '15:35', 'location': 'OM 031', 'start': '14:15'}","False","","3","C","20023","Seminar","2002"
"0000005337","1.0","0000001154","PSYCH","118","81","6","16","15","HBS;NST","Endicott, Leilani","{'fsnum': '14881', 'name': 'Endicott, Leilani'}","100","120","","","","","Principles: Psych","125","{'day': 'Mo', 'end': '10:00', 'location': 'HH 501', 'start': '09:05'};{'day': 'We', 'end': '10:00', 'location': 'HH 501', 'start': '09:05'};{'day': 'Fr', 'end': '10:00', 'location': 'HH 501', 'start': '09:05'}","False","A","3","C","20023","Research","2002"
"0000005338","1.0","0000001154","PSYCH","120","78","10","19","13","HBS;NST","Sherman, Bonnie","{'fsnum': '7475', 'name': 'Sherman, Bonnie'}","100","120","","","","","Principles: Psych","125","{'day': 'Tu', 'end': '11:00', 'location': 'HH 501', 'start': '09:35'};{'day': 'Th', 'end': '10:50', 'location': 'HH 501', 'start': '09:30'}","False","B","3","C","20023","Research","2002"
"0000005339","0.25","0000001155","PSYCH","31","25","0","4","2","NSL","Bacon, Pamela","{'fsnum': '14169', 'name': 'Bacon, Pamela'}","100","30","","","","","Invest Explor Lab","126","{'day': 'Tu', 'end': '14:45', 'location': 'SC 280', 'start': '23:45'}","False","A","3","C","20023","Lab","2002"
"0000005340","0.25","0000001155","PSYCH","26","15","1","7","3","NSL","Bacon, Pamela","{'fsnum': '14169', 'name': 'Bacon, Pamela'}","100","30","","","","","Invest Explor Lab","126","{'day': 'We', 'end': '17:00', 'location': 'SC 280', 'start': '14:00'}","False","B","3","O","20023","Lab","2002"
"0000005341","1.0","0000001158","PSYCH","43","0","16","22","5","","Gross, Dana;Bacon, Pamela","{'fsnum': '2768', 'name': 'Gross, Dana'};{'fsnum': '14169', 'name': 'Bacon, Pamela'}","200","40","","","","","Research Methods","231","{'day': 'Mo', 'end': '11:40', 'location': 'HH 307', 'start': '10:45'};{'day': 'We', 'end': '11:40', 'location': 'HH 307', 'start': '10:45'};{'day': 'Fr', 'end': '11:40', 'location': 'HH 307', 'start': '10:45'}","False","","3","C","20023","Research","2002"
"0000005342","1.0","0000001163","PSYCH","12","0","3","8","1","NSL;NST","Thorsheim, Howard","{'fsnum': '8376', 'name': 'Thorsheim, Howard'}","200","14","","","","","Cognit,Learn & Memory","237","{'day': 'Tu', 'end': '09:25', 'location': 'HH 307', 'start': '08:00'};{'day': 'Th', 'end': '09:20', 'location': 'HH 307', 'start': '08:00'};{'day': 'We', 'end': '13:45', 'location': 'HH 319', 'start': '22:45'}","False","A","3","O","20023","Research","2002"
"0000005343","1.0","0000001163","PSYCH","11","0","5","3","3","NSL;NST","Thorsheim, Howard","{'fsnum': '8376', 'name': 'Thorsheim, Howard'}","200","14","","","","","Cognit,Learn & Memory","237","{'day': 'Tu', 'end': '09:25', 'location': 'HH 307', 'start': '08:00'};{'day': 'Th', 'end': '17:00', 'location': 'HH 319', 'start': '14:00'};{'day': 'Th', 'end': '09:20', 'location': 'HH 307', 'start': '08:00'}","False","B","3","C","20023","Research","2002"
"0000005344","1.0","0000001165","PSYCH","30","1","11","10","8","NST","Wolfe, Uta","{'fsnum': '14184', 'name': 'Wolfe, Uta'}","200","33","","","","","Biopsychology","238","{'day': 'Mo', 'end': '10:00', 'location': 'HH 317', 'start': '09:05'};{'day': 'We', 'end': '10:00', 'location': 'HH 317', 'start': '09:05'};{'day': 'Fr', 'end': '10:00', 'location': 'HH 317', 'start': '09:05'}","False","A","3","C","20023","Research","2002"
"0000005345","1.0","0000001165","PSYCH","18","1","0","12","5","NST","Dickson Jr., James","{'fsnum': '1366', 'name': 'Dickson Jr., James'}","200","18","","","","","Biopsychology","238","{'day': 'Mo', 'end': '10:00', 'location': 'HH 204', 'start': '09:05'};{'day': 'We', 'end': '10:00', 'location': 'HH 204', 'start': '09:05'};{'day': 'Fr', 'end': '10:00', 'location': 'HH 204', 'start': '09:05'}","False","B","3","C","20023","Research","2002"
"0000005346","1.0","0000001168","PSYCH","44","7","4","29","4","","Gross, Dana","{'fsnum': '2768', 'name': 'Gross, Dana'}","200","35","","","","","Developmental Psych","241","{'day': 'Tu', 'end': '11:00', 'location': 'HH 307', 'start': '09:35'};{'day': 'Th', 'end': '10:50', 'location': 'HH 307', 'start': '09:30'}","False","A","3","C","20023","Research","2002"
"0000005347","1.0","0000001168","PSYCH","31","7","6","12","6","","Gross, Dana","{'fsnum': '2768', 'name': 'Gross, Dana'}","200","35","","","","","Developmental Psych","241","{'day': 'Tu', 'end': '14:45', 'location': 'OM 001', 'start': '13:20'};{'day': 'Th', 'end': '15:35', 'location': 'OM 001', 'start': '14:15'}","False","B","3","C","20023","Research","2002"
"0000005348","1.0","0000001172","PSYCH","26","0","15","1","10","","Brull, Harold;Gregory, William Scott","{'fsnum': '809', 'name': 'Brull, Harold'};{'fsnum': '2740', 'name': 'Gregory, William Scott'}","200","30","","","","","Indust/Organizations","250","{'day': 'Th', 'end': '22:00', 'location': 'HH 403', 'start': '19:00'}","False","","3","C","20023","Research","2002"
"0000005349","1.0","0000001176","PSYCH","35","0","3","28","4","","Anderson, Deborah","{'fsnum': '186', 'name': 'Anderson, Deborah'}","200","35","","","","","Abnormal Psych","264","{'day': 'Tu', 'end': '13:10', 'location': 'HH 307', 'start': '23:45'};{'day': 'Th', 'end': '14:05', 'location': 'HH 307', 'start': '12:45'}","False","A","3","C","20023","Research","2002"
"0000005350","1.0","0000001176","PSYCH","15","3","1","8","3","","Anderson, Deborah","{'fsnum': '186', 'name': 'Anderson, Deborah'}","200","35","","","","","Abnormal Psych","264","{'day': 'Tu', 'end': '14:45', 'location': 'HH 307', 'start': '13:20'};{'day': 'Th', 'end': '15:35', 'location': 'HH 307', 'start': '14:15'}","False","B","3","O","20023","Research","2002"
"0000005351","1.0","0000001177","PSYCH","32","2","11","8","11","","McMillan, Donna K.","{'fsnum': '5220', 'name': 'McMillan, Donna K.'}","200","35","","","","","Psych of Personality","271","{'day': 'Tu', 'end': '13:10', 'location': 'HH 317', 'start': '23:45'};{'day': 'Th', 'end': '14:05', 'location': 'HH 317', 'start': '12:45'}","False","A","3","C","20023","Research","2002"
"0000005352","1.0","0000001177","PSYCH","33","8","5","13","7","","McMillan, Donna K.","{'fsnum': '5220', 'name': 'McMillan, Donna K.'}","200","35","","","","","Psych of Personality","271","{'day': 'Tu', 'end': '14:45', 'location': 'HH 317', 'start': '13:20'};{'day': 'Th', 'end': '15:35', 'location': 'HH 317', 'start': '14:15'}","False","B","3","O","20023","Research","2002"
"0000005353","1.0","0000001178","PSYCH","1","0","0","0","1","","Endicott, Leilani","{'fsnum': '14881', 'name': 'Endicott, Leilani'}","200","","","","","","Academic Internship","294","","True","","3","O","20023","Research","2002"
"0000005354","1.0","0000001179","PSYCH","1","0","0","1","0","WRI","McMillan, Donna K.","{'fsnum': '5220', 'name': 'McMillan, Donna K.'}","200","","","","","","IS/Eco Psychology","298","","False","","3","O","20023","Research","2002"
"0000005355","1.0","0000001179","PSYCH","1","0","1","0","0","","McMillan, Donna K.","{'fsnum': '5220', 'name': 'McMillan, Donna K.'}","200","","","","","","IS/Terror Mangt Theor","298","","False","A","3","O","20023","Research","2002"
"0000005356","1.0","0000001179","PSYCH","1","0","0","0","1","","Endicott, Leilani","{'fsnum': '14881', 'name': 'Endicott, Leilani'}","200","","","","","","IS/Psyc Pastoral Care","298","","False","B","3","O","20023","Research","2002"
"0000005357","1.0","0000001179","PSYCH","1","0","0","0","1","","Anderson, Deborah","{'fsnum': '186', 'name': 'Anderson, Deborah'}","200","","","","","","IS/Health Psychology","298","","False","C","3","O","20023","Research","2002"
"0000005358","1.0","0000001181","PSYCH","20","0","0","0","20","","Endicott, Leilani","{'fsnum': '14881', 'name': 'Endicott, Leilani'}","300","18","","","","","Psych of Counseling","375","{'day': 'Mo', 'end': '12:45', 'location': 'HH 515', 'start': '23:50'};{'day': 'We', 'end': '12:45', 'location': 'HH 515', 'start': '23:50'};{'day': 'Fr', 'end': '12:45', 'location': 'HH 515', 'start': '23:50'}","False","A","3","C","20023","Research","2002"
"0000005359","1.0","0000001181","PSYCH","17","0","3","0","14","","Rajput, Hussein J.","{'fsnum': '13329', 'name': 'Rajput, Hussein J.'}","300","18","","","","","Psych of Counseling","375","{'day': 'Tu', 'end': '13:10', 'location': 'CAD 305', 'start': '23:45'};{'day': 'Th', 'end': '14:05', 'location': 'CAD 305', 'start': '12:45'}","False","B","3","C","20023","Research","2002"
"0000005360","1.0","0000001186","PSYCH","9","0","4","1","4","","Sherman, Bonnie","{'fsnum': '7475', 'name': 'Sherman, Bonnie'}","300","18","","","","","Sem: Imagery/Spatial","390","{'day': 'Mo', 'end': '12:45', 'location': 'HH 204', 'start': '23:50'};{'day': 'We', 'end': '12:45', 'location': 'HH 204', 'start': '23:50'};{'day': 'Fr', 'end': '12:45', 'location': 'HH 204', 'start': '23:50'}","False","A","3","O","20023","Seminar","2002"
"0000005361","1.0","0000001186","PSYCH","10","0","5","0","5","","Bacon, Pamela","{'fsnum': '14169', 'name': 'Bacon, Pamela'}","300","12","","","","","Sem: Advanced Research","390","{'day': 'Mo', 'end': '13:50', 'location': 'HH 515', 'start': '12:55'};{'day': 'We', 'end': '13:50', 'location': 'HH 515', 'start': '12:55'};{'day': 'Fr', 'end': '13:50', 'location': 'HH 515', 'start': '12:55'}","False","B","3","O","20023","Seminar","2002"
"0000005362","1.0","0000001186","PSYCH","18","0","5","1","12","WRI","McMillan, Donna K.","{'fsnum': '5220', 'name': 'McMillan, Donna K.'}","300","18","","","","","Sem: Positive Psych","390","{'day': 'Tu', 'end': '11:00', 'location': 'SH 002', 'start': '09:35'};{'day': 'Th', 'end': '10:50', 'location': 'SH 002', 'start': '09:30'}","False","C","3","C","20023","Seminar","2002"
"0000005363","1.0","0000001186","PSYCH","5","0","3","2","0","","Wolfe, Uta","{'fsnum': '14184', 'name': 'Wolfe, Uta'}","300","18","","","","","Sem: Brain & Language","390","{'day': 'Mo', 'end': '08:55', 'location': 'HH 514', 'start': '08:00'};{'day': 'We', 'end': '08:55', 'location': 'HH 514', 'start': '08:00'};{'day': 'Fr', 'end': '08:55', 'location': 'HH 514', 'start': '08:00'}","False","D","3","O","20023","Seminar","2002"
"0000005364","1.0","0000001188","PSYCH","4","0","2","0","2","","Bacon, Pamela","{'fsnum': '14169', 'name': 'Bacon, Pamela'}","300","","","","","","Academic Internship","394","","True","","3","O","20023","Research","2002"
"0000005365","1.0","0000001188","PSYCH","1","0","0","0","1","","Anderson, Deborah","{'fsnum': '186', 'name': 'Anderson, Deborah'}","300","","","","","","Academic Internship","394","","True","A","3","O","20023","Research","2002"
"0000005366","1.0","0000001190","PSYCH","2","0","2","0","0","WRI","Endicott, Leilani","{'fsnum': '14881', 'name': 'Endicott, Leilani'}","300","","","","","","IR/Moral Development","398","","False","","3","O","20023","Research","2002"
"0000005367","1.0","0000001190","PSYCH","1","0","0","0","1","","Bacon, Pamela","{'fsnum': '14169', 'name': 'Bacon, Pamela'}","300","","","","","","IR/Birging Study","398","","False","A","3","O","20023","Research","2002"
"0000005368","1.0","0000001190","PSYCH","1","0","0","0","1","","McMillan, Donna K.","{'fsnum': '5220', 'name': 'McMillan, Donna K.'}","300","","","","","","IR/Women and Media","398","","False","B","3","O","20023","Research","2002"
"0000005369","1.0","0000001190","PSYCH","1","0","0","0","1","","Sherman, Bonnie","{'fsnum': '7475', 'name': 'Sherman, Bonnie'}","300","","","","","","IR/Number Forms","398","","False","C","3","O","20023","Research","2002"
"0000005370","1.0","0000001190","PSYCH","1","0","0","0","1","","Gross, Dana","{'fsnum': '2768', 'name': 'Gross, Dana'}","300","","","","","","IR/Tappp Program Eval","398","","False","D","3","O","20023","Research","2002"
"0000005371","1.0","0000001190","PSYCH","1","0","1","0","0","","Endicott, Leilani","{'fsnum': '14881', 'name': 'Endicott, Leilani'}","300","","","","","","IR/Moral Development","398","","False","E","3","O","20023","Research","2002"
"0000005372","1.0","0000001190","PSYCH","1","0","1","0","0","","Sherman, Bonnie","{'fsnum': '7475', 'name': 'Sherman, Bonnie'}","300","","","","","","IR/Digit Synesthesia","398","","False","F","3","O","20023","Research","2002"
"0000005373","1.0","0000001191","REL","18","15","0","0","3","BTS-B","Lagerquist, L. DeAne","{'fsnum': '4592', 'name': 'Lagerquist, L. DeAne'}","100","27","","","","","Bible/Culture/Commun","121","{'day': 'Mo', 'end': '08:55', 'location': 'BMC 101', 'start': '08:00'};{'day': 'We', 'end': '08:55', 'location': 'BMC 101', 'start': '08:00'};{'day': 'Fr', 'end': '08:55', 'location': 'BMC 101', 'start': '08:00'}","False","A","3","C","20023","Research","2002"
"0000005374","1.0","0000001191","REL","27","26","0","0","1","BTS-B","Poehlmann, William","{'fsnum': '6381', 'name': 'Poehlmann, William'}","100","27","","","","","Bible/Culture/Commun","121","{'day': 'Mo', 'end': '10:00', 'location': 'BMC 102', 'start': '09:05'};{'day': 'We', 'end': '10:00', 'location': 'BMC 102', 'start': '09:05'};{'day': 'Fr', 'end': '10:00', 'location': 'BMC 102', 'start': '09:05'}","False","B","3","C","20023","Research","2002"
"0000005375","1.0","0000001191","REL","29","28","0","0","1","BTS-B","Booth, David","{'fsnum': '712', 'name': 'Booth, David'}","100","27","","","","","Bible/Culture/Commun","121","{'day': 'Mo', 'end': '11:40', 'location': 'BMC 102', 'start': '10:45'};{'day': 'We', 'end': '11:40', 'location': 'BMC 102', 'start': '10:45'};{'day': 'Fr', 'end': '11:40', 'location': 'BMC 102', 'start': '10:45'}","False","C","3","C","20023","Research","2002"
"0000005376","1.0","0000001191","REL","27","26","0","1","0","BTS-B","Stoltzfus, Philip E.","{'fsnum': '13278', 'name': 'Stoltzfus, Philip E.'}","100","27","","","","","Bible/Culture/Commun","121","{'day': 'Mo', 'end': '12:45', 'location': 'BMC 101', 'start': '23:50'};{'day': 'We', 'end': '12:45', 'location': 'BMC 101', 'start': '23:50'};{'day': 'Fr', 'end': '12:45', 'location': 'BMC 101', 'start': '23:50'}","False","D","3","C","20023","Research","2002"
"0000005377","1.0","0000001191","REL","23","21","0","1","1","BTS-B","Lagerquist, L. DeAne","{'fsnum': '4592', 'name': 'Lagerquist, L. DeAne'}","100","27","","","","","Bible/Culture/Commun","121","{'day': 'Mo', 'end': '13:50', 'location': 'BMC 102', 'start': '12:55'};{'day': 'We', 'end': '13:50', 'location': 'BMC 102', 'start': '12:55'};{'day': 'Fr', 'end': '13:50', 'location': 'BMC 102', 'start': '12:55'}","False","E","3","C","20023","Research","2002"
"0000005378","1.0","0000001191","REL","26","25","0","1","0","BTS-B","Stoltzfus, Philip E.","{'fsnum': '13278', 'name': 'Stoltzfus, Philip E.'}","100","27","","","","","Bible/Culture/Commun","121","{'day': 'Mo', 'end': '14:55', 'location': 'BMC 101', 'start': '14:00'};{'day': 'We', 'end': '14:55', 'location': 'BMC 101', 'start': '14:00'};{'day': 'Fr', 'end': '14:55', 'location': 'BMC 101', 'start': '14:00'}","False","F","3","C","20023","Research","2002"
"0000005379","1.0","0000001191","REL","27","25","0","0","2","BTS-B","Lindley, Susan","{'fsnum': '4813', 'name': 'Lindley, Susan'}","100","27","","","","","Bible/Culture/Commun","121","{'day': 'Tu', 'end': '09:25', 'location': 'BMC 110', 'start': '08:00'};{'day': 'Th', 'end': '09:20', 'location': 'BMC 110', 'start': '08:00'}","False","G","3","C","20023","Research","2002"
"0000005380","1.0","0000001191","REL","25","23","0","0","2","BTS-B","Odell, Margaret","{'fsnum': '5800', 'name': 'Odell, Margaret'}","100","27","","","","","Bible/Culture/Commun","121","{'day': 'Tu', 'end': '09:25', 'location': 'BMC 111', 'start': '08:00'};{'day': 'Th', 'end': '09:20', 'location': 'BMC 111', 'start': '08:00'}","False","H","3","C","20023","Research","2002"
"0000005381","1.0","0000001191","REL","26","25","0","0","1","BTS-B","Lindley, Susan","{'fsnum': '4813', 'name': 'Lindley, Susan'}","100","27","","","","","Bible/Culture/Commun","121","{'day': 'Tu', 'end': '11:00', 'location': 'BMC 110', 'start': '09:35'};{'day': 'Th', 'end': '10:50', 'location': 'BMC 110', 'start': '09:30'}","False","I","3","C","20023","Research","2002"
"0000005382","1.0","0000001191","REL","26","24","0","1","1","BTS-B","Odell, Margaret","{'fsnum': '5800', 'name': 'Odell, Margaret'}","100","27","","","","","Bible/Culture/Commun","121","{'day': 'Tu', 'end': '11:00', 'location': 'BMC 111', 'start': '09:35'};{'day': 'Th', 'end': '10:50', 'location': 'BMC 111', 'start': '09:30'}","False","J","3","C","20023","Research","2002"
"0000005383","1.0","0000001191","REL","29","26","0","0","3","BTS-B","Hanson, James","{'fsnum': '3061', 'name': 'Hanson, James'}","100","27","","","","","Bible/Culture/Commun","121","{'day': 'Tu', 'end': '13:10', 'location': 'BMC 101', 'start': '23:45'};{'day': 'Th', 'end': '14:05', 'location': 'BMC 101', 'start': '12:45'}","False","K","3","C","20023","Research","2002"
"0000005384","1.0","0000001191","REL","27","25","0","1","1","BTS-B","Hanson, James","{'fsnum': '3061', 'name': 'Hanson, James'}","100","27","","","","","Bible/Culture/Commun","121","{'day': 'Tu', 'end': '14:45', 'location': 'BMC 101', 'start': '13:20'};{'day': 'Th', 'end': '15:35', 'location': 'BMC 101', 'start': '14:15'}","False","L","3","C","20023","Research","2002"
"0000005385","1.0","0000001191","REL","27","25","0","1","1","BTS-B","Malotky, Daniel","{'fsnum': '5032', 'name': 'Malotky, Daniel'}","100","27","","","","","Bible/Culture/Commun","121","{'day': 'Tu', 'end': '14:45', 'location': 'BMC 110', 'start': '13:20'};{'day': 'Th', 'end': '15:35', 'location': 'BMC 110', 'start': '14:15'}","False","M","3","C","20023","Research","2002"
"0000005386","1.0","0000001191","REL","30","26","0","1","3","BTS-B","Siemsen, Elaine G.","{'fsnum': '15034', 'name': 'Siemsen, Elaine G.'}","100","27","","","","","Bible/Culture/Commun","121","{'day': 'Tu', 'end': '11:00', 'location': 'TB 216', 'start': '09:35'};{'day': 'Th', 'end': '10:50', 'location': 'TB 216', 'start': '09:30'}","False","N","3","C","20023","Research","2002"
"0000005387","1.0","0000001191","REL","29","27","0","1","1","BTS-B","Siemsen, Elaine G.","{'fsnum': '15034', 'name': 'Siemsen, Elaine G.'}","100","27","","","","","Bible/Culture/Commun","121","{'day': 'Tu', 'end': '13:10', 'location': 'TB 216', 'start': '23:45'};{'day': 'Th', 'end': '14:05', 'location': 'TB 216', 'start': '12:45'}","False","O","3","C","20023","Research","2002"
"0000005388","1.0","0000001193","REL","23","0","4","16","3","BTS-T;WRI","Wilson, Charles","{'fsnum': '9090', 'name': 'Wilson, Charles'}","200","25","","","","","Classics and Moderns","202","{'day': 'Mo', 'end': '10:00', 'location': 'BMC 101', 'start': '09:05'};{'day': 'We', 'end': '10:00', 'location': 'BMC 101', 'start': '09:05'};{'day': 'Fr', 'end': '10:00', 'location': 'BMC 101', 'start': '09:05'}","False","A","3","C","20023","Research","2002"
"0000005389","1.0","0000001193","REL","24","0","7","10","7","BTS-T;WRI","Wilson, Charles","{'fsnum': '9090', 'name': 'Wilson, Charles'}","200","25","","","","","Classics and Moderns","202","{'day': 'Mo', 'end': '11:40', 'location': 'BMC 101', 'start': '10:45'};{'day': 'We', 'end': '11:40', 'location': 'BMC 101', 'start': '10:45'};{'day': 'Fr', 'end': '11:40', 'location': 'BMC 101', 'start': '10:45'}","False","B","3","C","20023","Research","2002"
"0000005390","1.0","0000001194","REL","22","0","5","13","4","BTS-T;WRI","Galbraith, Elizabeth C.","{'fsnum': '14954', 'name': 'Galbraith, Elizabeth C.'}","200","25","","","","","The Greats","203","{'day': 'Mo', 'end': '12:45', 'location': 'BMC 110', 'start': '23:50'};{'day': 'We', 'end': '12:45', 'location': 'BMC 110', 'start': '23:50'};{'day': 'Fr', 'end': '12:45', 'location': 'BMC 110', 'start': '23:50'}","False","A","3","C","20023","Research","2002"
"0000005391","1.0","0000001194","REL","23","2","1","18","2","BTS-T;WRI","Galbraith, Elizabeth C.","{'fsnum': '14954', 'name': 'Galbraith, Elizabeth C.'}","200","25","","","","","The Greats","203","{'day': 'Mo', 'end': '13:50', 'location': 'BMC 110', 'start': '12:55'};{'day': 'We', 'end': '13:50', 'location': 'BMC 110', 'start': '12:55'};{'day': 'Fr', 'end': '13:50', 'location': 'BMC 110', 'start': '12:55'}","False","B","3","C","20023","Research","2002"
"0000005392","1.0","0000001195","REL","28","1","4","18","5","BTS-T;WRI","Schuurman, Douglas","{'fsnum': '7248', 'name': 'Schuurman, Douglas'}","200","23","","","","","Chri Theol/Moral Life","207","{'day': 'Tu', 'end': '13:10', 'location': 'BMC 102', 'start': '23:45'};{'day': 'Th', 'end': '14:05', 'location': 'BMC 102', 'start': '12:45'}","False","A","3","C","20023","Research","2002"
"0000005393","1.0","0000001195","REL","29","3","2","20","4","BTS-T;WRI","Schuurman, Douglas","{'fsnum': '7248', 'name': 'Schuurman, Douglas'}","200","25","","","","","Chri Theol/Moral Life","207","{'day': 'Tu', 'end': '14:45', 'location': 'BMC 102', 'start': '13:20'};{'day': 'Th', 'end': '15:35', 'location': 'BMC 102', 'start': '14:15'}","False","B","3","C","20023","Research","2002"
"0000005394","1.0","0000001198","REL","27","3","2","20","2","BTS-T;WRI","Lund, Eric","{'fsnum': '4838', 'name': 'Lund, Eric'}","200","25","","","","","Chr Theol in History","212","{'day': 'Mo', 'end': '10:00', 'location': 'BMC 110', 'start': '09:05'};{'day': 'We', 'end': '10:00', 'location': 'BMC 110', 'start': '09:05'};{'day': 'Fr', 'end': '10:00', 'location': 'BMC 110', 'start': '09:05'}","False","","3","C","20023","Research","2002"
"0000005395","0.25","0000001198","REL","7","2","1","2","2","","Allen, Wendy","{'fsnum': '102', 'name': 'Allen, Wendy'}","200","25","","","","","FLC-French","212","","False","L","3","C","20023","Research","2002"
"0000005396","1.0","0000001207","REL","26","1","12","4","9","BTS-T;WRI","Poehlmann, William","{'fsnum': '6381', 'name': 'Poehlmann, William'}","200","25","","","","","St.Paul/Letter/Gospel","223","{'day': 'Mo', 'end': '11:40', 'location': 'BMC 110', 'start': '10:45'};{'day': 'We', 'end': '11:40', 'location': 'BMC 110', 'start': '10:45'};{'day': 'Fr', 'end': '11:40', 'location': 'BMC 110', 'start': '10:45'}","False","","3","C","20023","Research","2002"
"0000005397","1.0","0000001209","REL","28","0","17","4","7","BTS-T;WRI","Malotky, Daniel","{'fsnum': '5032', 'name': 'Malotky, Daniel'}","200","25","","","","","God & Human Suffering","225","{'day': 'Mo', 'end': '13:50', 'location': 'BMC 111', 'start': '12:55'};{'day': 'We', 'end': '13:50', 'location': 'BMC 111', 'start': '12:55'};{'day': 'Fr', 'end': '13:50', 'location': 'BMC 111', 'start': '12:55'}","False","A","3","C","20023","Research","2002"
"0000005398","1.0","0000001209","REL","29","0","11","11","7","BTS-T;WRI","Malotky, Daniel","{'fsnum': '5032', 'name': 'Malotky, Daniel'}","200","25","","","","","God & Human Suffering","225","{'day': 'Mo', 'end': '14:55', 'location': 'BMC 111', 'start': '14:00'};{'day': 'We', 'end': '14:55', 'location': 'BMC 111', 'start': '14:00'};{'day': 'Fr', 'end': '14:55', 'location': 'BMC 111', 'start': '14:00'}","False","B","3","C","20023","Research","2002"
"0000005399","1.0","0000001216","REL","25","1","10","2","12","MCS-G;WRI","Hanson, James","{'fsnum': '3061', 'name': 'Hanson, James'}","200","20","","","","","Judaism,Christ,ISlam","241","{'day': 'Tu', 'end': '11:00', 'location': 'BMC 101', 'start': '09:35'};{'day': 'Th', 'end': '10:50', 'location': 'BMC 101', 'start': '09:30'}","False","","3","C","20023","Research","2002"
"0000005400","1.0","0000001218","REL","23","0","9","1","13","HWC;WRI","Edelheit, Joseph","{'fsnum': '14952', 'name': 'Edelheit, Joseph'}","200","20","","","","","Judaism","248","{'day': 'Tu', 'end': '11:00', 'location': 'BMC 102', 'start': '09:35'};{'day': 'Th', 'end': '10:50', 'location': 'BMC 102', 'start': '09:30'}","False","","3","C","20023","Research","2002"
"0000005401","1.0","0000001228","REL","17","0","11","1","5","HWC;ORC","Odell, Margaret","{'fsnum': '5800', 'name': 'Odell, Margaret'}","200","20","","","","","Hebrew Prophets","271","{'day': 'Tu', 'end': '13:10', 'location': 'BMC 111', 'start': '23:45'};{'day': 'Th', 'end': '14:05', 'location': 'BMC 111', 'start': '12:45'}","False","","3","C","20023","Research","2002"
"0000005402","1.0","0000001236","REL","1","0","1","0","0","","Hanson, James","{'fsnum': '3061', 'name': 'Hanson, James'}","200","","","","","","Academic Internship","294","","True","","3","O","20023","Research","2002"
"0000005403","1.0","0000001237","REL","29","0","10","1","18","EIN;WRI","Rambachan, Anantanand","{'fsnum': '6535', 'name': 'Rambachan, Anantanand'}","200","25","","","","","Rel Pluralsm/Communit","295","{'day': 'Tu', 'end': '13:10', 'location': 'BMC 110', 'start': '23:45'};{'day': 'Th', 'end': '14:05', 'location': 'BMC 110', 'start': '12:45'}","False","","3","C","20023","Research","2002"
"0000005404","1.0","0000001239","REL","1","0","0","0","1","","Wilson, Charles","{'fsnum': '9090', 'name': 'Wilson, Charles'}","200","","","","","","IS/Catholic Vision","298","","False","","3","O","20023","Research","2002"
"0000005405","1.0","0000001242","REL","11","0","4","4","3","BTS-T;WRI","Galbraith, Elizabeth C.","{'fsnum': '14954', 'name': 'Galbraith, Elizabeth C.'}","300","20","","","","","Hist Chr Thought II","303","{'day': 'Mo', 'end': '14:55', 'location': 'BMC 109', 'start': '14:00'};{'day': 'We', 'end': '14:55', 'location': 'BMC 109', 'start': '14:00'};{'day': 'Fr', 'end': '14:55', 'location': 'BMC 109', 'start': '14:00'}","False","","3","O","20023","Research","2002"
"0000005406","1.0","0000001257","REL","1","0","1","0","0","","Hanson, James","{'fsnum': '3061', 'name': 'Hanson, James'}","300","","","","","","IR/Christianity/Movie","398","","False","","3","O","20023","Research","2002"
"0000005407","1.0","0000001257","REL","1","0","1","0","0","","Rambachan, Anantanand","{'fsnum': '6535', 'name': 'Rambachan, Anantanand'}","300","","","","","","IR/Bhagavat Gita","398","","False","A","3","O","20023","Research","2002"
"0000005408","1.0","0000001257","REL","1","0","0","0","1","","Lagerquist, L. DeAne","{'fsnum': '4592', 'name': 'Lagerquist, L. DeAne'}","300","","","","","","IR/Methodism Pluralis","398","","False","B","3","O","20023","Research","2002"
"0000005409","1.0","0000001257","REL","1","0","1","0","0","","Stoltzfus, Philip E.","{'fsnum': '13278', 'name': 'Stoltzfus, Philip E.'}","300","","","","","","IR/Peace Activism","398","","False","C","3","O","20023","Research","2002"
"0000005410","1.0","0000001257","REL","1","0","0","0","1","","Odell, Margaret","{'fsnum': '5800', 'name': 'Odell, Margaret'}","300","","","","","","IR/Creation/Old Test","398","","False","D","3","O","20023","Research","2002"
"0000005411","1.0","0000001258","REL","16","0","8","0","8","WRI","Booth, David","{'fsnum': '712', 'name': 'Booth, David'}","300","15","","","","","Th Sem: Rel Difference","399","{'day': 'Mo', 'end': '12:45', 'location': 'BMC 109', 'start': '23:50'};{'day': 'We', 'end': '12:45', 'location': 'BMC 109', 'start': '23:50'};{'day': 'Fr', 'end': '12:45', 'location': 'BMC 109', 'start': '23:50'}","False","A","3","C","20023","Seminar","2002"
"0000005412","1.0","0000001258","REL","13","0","6","0","7","","Lund, Eric","{'fsnum': '4838', 'name': 'Lund, Eric'}","300","15","","","","","Them: Mysticism","399","{'day': 'Tu', 'end': '11:00', 'location': 'BMC 109', 'start': '09:35'};{'day': 'Th', 'end': '10:50', 'location': 'BMC 109', 'start': '09:30'}","False","B","3","C","20023","Seminar","2002"
"0000005413","1.0","0000001261","RUSSN","13","8","2","1","2","","Robinson, Marc","{'fsnum': '6710', 'name': 'Robinson, Marc'}","100","","","","","","Beginning Russian II","112","{'day': 'Mo', 'end': '12:45', 'location': 'OM 031', 'start': '23:50'};{'day': 'We', 'end': '12:45', 'location': 'OM 031', 'start': '23:50'};{'day': 'Fr', 'end': '12:45', 'location': 'OM 031', 'start': '23:50'};{'day': 'Tu', 'end': '12:45', 'location': 'OM 011', 'start': '23:50'}","False","A","3","O","20023","Research","2002"
"0000005414","1.0","0000001261","RUSSN","4","1","0","2","1","","Robinson, Marc","{'fsnum': '6710', 'name': 'Robinson, Marc'}","100","","","","","","Beginning Russian II","112","{'day': 'Mo', 'end': '14:55', 'location': 'OM 031', 'start': '14:00'};{'day': 'We', 'end': '14:55', 'location': 'OM 031', 'start': '14:00'};{'day': 'Fr', 'end': '14:55', 'location': 'OM 031', 'start': '14:00'};{'day': 'Tu', 'end': '12:45', 'location': 'OM 011', 'start': '23:50'}","False","B","3","O","20023","Research","2002"
"0000005415","1.0","0000001261","RUSSN","6","5","0","1","0","","Robinson, Marc","{'fsnum': '6710', 'name': 'Robinson, Marc'}","100","","","","","","Beginning Russian II","112","{'day': 'Mo', 'end': '12:45', 'location': 'OM 031', 'start': '23:50'};{'day': 'We', 'end': '12:45', 'location': 'OM 031', 'start': '23:50'};{'day': 'Fr', 'end': '12:45', 'location': 'OM 031', 'start': '23:50'};{'day': 'Tu', 'end': '14:55', 'location': 'OM 003', 'start': '14:00'}","False","C","3","O","20023","Research","2002"
"0000005416","1.0","0000001261","RUSSN","7","6","0","0","1","","Robinson, Marc","{'fsnum': '6710', 'name': 'Robinson, Marc'}","100","","","","","","Beginning Russian II","112","{'day': 'Mo', 'end': '14:55', 'location': 'OM 031', 'start': '14:00'};{'day': 'We', 'end': '14:55', 'location': 'OM 031', 'start': '14:00'};{'day': 'Fr', 'end': '14:55', 'location': 'OM 031', 'start': '14:00'};{'day': 'Tu', 'end': '14:55', 'location': 'OM 003', 'start': '14:00'}","False","D","3","O","20023","Research","2002"
"0000005417","1.0","0000001266","RUSSN","12","1","2","7","2","FOL-R","Walter, Irina","{'fsnum': '8888', 'name': 'Walter, Irina'}","200","","","","","","Intermed Russian II","232","{'day': 'Mo', 'end': '12:45', 'location': 'OM 004', 'start': '23:50'};{'day': 'We', 'end': '12:45', 'location': 'OM 004', 'start': '23:50'};{'day': 'Fr', 'end': '12:45', 'location': 'OM 004', 'start': '23:50'};{'day': 'Tu', 'end': '12:45', 'location': 'OM 002', 'start': '23:50'}","False","","3","O","20023","Research","2002"
"0000005418","1.0","0000001270","RUSSN","8","0","6","0","2","FOL-R","Walter, Irina","{'fsnum': '8888', 'name': 'Walter, Irina'}","200","","","","","","Russ Culture & Civ","254","{'day': 'Mo', 'end': '13:50', 'location': 'OM 003', 'start': '12:55'};{'day': 'We', 'end': '13:50', 'location': 'OM 003', 'start': '12:55'};{'day': 'Fr', 'end': '13:50', 'location': 'OM 003', 'start': '12:55'}","False","","3","O","20023","Research","2002"
"0000005419","1.0","0000001274","RUSSN","26","1","7","6","12","ALS-A","Robinson, Marc","{'fsnum': '6710', 'name': 'Robinson, Marc'}","200","20","","","","","Intro Russian Film-Tr","265","{'day': 'Mo', 'end': '11:40', 'location': 'OM 011', 'start': '10:45'};{'day': 'We', 'end': '11:40', 'location': 'OM 011', 'start': '10:45'};{'day': 'Fr', 'end': '11:40', 'location': 'OM 011', 'start': '10:45'}","False","","3","C","20023","Research","2002"
"0000005420","1.0","0000001278","RUSSN","7","1","0","0","6","FOL-R;ORC","Walter, Irina","{'fsnum': '8888', 'name': 'Walter, Irina'}","300","","","","","","The Russian Press","372","{'day': 'Mo', 'end': '14:55', 'location': 'OM 003', 'start': '14:00'};{'day': 'We', 'end': '14:55', 'location': 'OM 003', 'start': '14:00'};{'day': 'Fr', 'end': '14:55', 'location': 'OM 003', 'start': '14:00'}","False","","3","O","20023","Research","2002"
"0000005421","1.0","0000001280","RUSSN","1","0","0","0","1","","Nichols, Robert","{'fsnum': '5608', 'name': 'Nichols, Robert'}","300","","","","","","IR/Kazahkstan","398","","False","","3","O","20023","Research","2002"
"0000005422","1.0","0000001280","RUSSN","1","0","0","0","1","","Robinson, Marc","{'fsnum': '6710', 'name': 'Robinson, Marc'}","300","","","","","","IR/Anna Akhmatova","398","","False","A","3","O","20023","Research","2002"
"0000005423","1.0","0000001289","SOAN","28","8","8","9","3","HBS;MCS-D","Engelen-Eigles, Deborah","{'fsnum': '14222', 'name': 'Engelen-Eigles, Deborah'}","100","25","5","4","4","0","Intro to Sociology","121","{'day': 'Tu', 'end': '11:00', 'location': 'SC 170', 'start': '09:35'};{'day': 'Th', 'end': '10:50', 'location': 'SC 170', 'start': '09:30'}","False","","3","C","20023","Research","2002"
"0000005424","1.0","0000001294","SOAN","28","13","1","5","9","HBS;MCS-G","Williamson, Thomas A.","{'fsnum': '14223', 'name': 'Williamson, Thomas A.'}","100","25","10","4","10","0","Int/Cult Anthropology","128","{'day': 'Mo', 'end': '10:00', 'location': 'OM 031', 'start': '09:05'};{'day': 'We', 'end': '10:00', 'location': 'OM 031', 'start': '09:05'};{'day': 'Fr', 'end': '10:00', 'location': 'OM 031', 'start': '09:05'}","False","A","3","C","20023","Research","2002"
"0000005425","1.0","0000001294","SOAN","30","13","6","9","2","HBS;MCS-G","Williamson, Thomas A.","{'fsnum': '14223', 'name': 'Williamson, Thomas A.'}","100","25","10","5","9","0","Int/Cult Anthropology","128","{'day': 'Mo', 'end': '11:40', 'location': 'RML 577', 'start': '10:45'};{'day': 'We', 'end': '11:40', 'location': 'RML 577', 'start': '10:45'};{'day': 'Fr', 'end': '11:40', 'location': 'RML 577', 'start': '10:45'}","False","B","3","C","20023","Research","2002"
"0000005426","1.0","0000001301","SOAN","26","7","5","6","8","HBS;MCS-G","Peterson, Samiha","{'fsnum': '6309', 'name': 'Peterson, Samiha'}","200","30","","","","","The Arab World","236","{'day': 'Tu', 'end': '14:45', 'location': 'HH 403', 'start': '13:20'};{'day': 'Th', 'end': '15:35', 'location': 'HH 403', 'start': '14:15'}","False","","3","C","20023","Research","2002"
"0000005427","1.0","0000001303","SOAN","19","2","4","7","6","HBS;MCS-G","Williamson, Thomas A.","{'fsnum': '14223', 'name': 'Williamson, Thomas A.'}","200","25","","","","","Contemp Issue/SE Asia","239","{'day': 'Mo', 'end': '13:50', 'location': 'HH 307', 'start': '12:55'};{'day': 'We', 'end': '13:50', 'location': 'HH 307', 'start': '12:55'};{'day': 'Fr', 'end': '13:50', 'location': 'HH 307', 'start': '12:55'}","False","","3","C","20023","Research","2002"
"0000005428","1.0","0000001305","SOAN","24","3","4","4","13","MCS-D","Chiappari, Chris L.","{'fsnum': '10036', 'name': 'Chiappari, Chris L.'}","200","25","","","","","Social Movements","243","{'day': 'Tu', 'end': '13:10', 'location': 'OM 001', 'start': '23:45'};{'day': 'Th', 'end': '14:05', 'location': 'OM 001', 'start': '12:45'}","False","","3","C","20023","Research","2002"
"0000005429","1.0","0000001307","SOAN","24","0","7","7","10","HBS","Engelen-Eigles, Deborah","{'fsnum': '14222', 'name': 'Engelen-Eigles, Deborah'}","200","25","","","","","Social Deviance","245","{'day': 'Tu', 'end': '14:45', 'location': 'TB 227', 'start': '13:20'};{'day': 'Th', 'end': '15:35', 'location': 'TB 227', 'start': '14:15'}","False","","3","C","20023","Research","2002"
"0000005430","1.0","0000001309","SOAN","25","2","6","9","8","HBS;MCS-G","Anderson, Carolyn","{'fsnum': '179', 'name': 'Anderson, Carolyn'}","200","25","","","","","Indigenous Cultures","249","{'day': 'Mo', 'end': '10:00', 'location': 'HH 301', 'start': '09:05'};{'day': 'We', 'end': '10:00', 'location': 'HH 301', 'start': '09:05'};{'day': 'Fr', 'end': '10:00', 'location': 'HH 301', 'start': '09:05'}","False","A","3","C","20023","Research","2002"
"0000005431","1.0","0000001309","SOAN","22","0","12","5","5","HBS;MCS-G","Anderson, Carolyn","{'fsnum': '179', 'name': 'Anderson, Carolyn'}","200","25","","","","","Indigenous Cultures","249","{'day': 'Mo', 'end': '12:45', 'location': 'TB 216', 'start': '23:50'};{'day': 'We', 'end': '12:45', 'location': 'TB 216', 'start': '23:50'};{'day': 'Fr', 'end': '12:45', 'location': 'TB 216', 'start': '23:50'}","False","B","3","C","20023","Research","2002"
"0000005432","1.0","0000001310","SOAN","38","4","7","1","26","HBS;MCS-D","Myers, Phyllis G.","{'fsnum': '5438', 'name': 'Myers, Phyllis G.'}","200","25","","","","","Marriage & the Family","260","{'day': 'Mo', 'end': '11:40', 'location': 'HH 403', 'start': '10:45'};{'day': 'We', 'end': '11:40', 'location': 'HH 403', 'start': '10:45'};{'day': 'Fr', 'end': '11:40', 'location': 'HH 403', 'start': '10:45'}","False","A","3","C","20023","Research","2002"
"0000005433","1.0","0000001310","SOAN","36","3","8","10","15","HBS;MCS-D","Myers, Phyllis G.","{'fsnum': '5438', 'name': 'Myers, Phyllis G.'}","200","25","","","","","Marriage & the Family","260","{'day': 'Mo', 'end': '12:45', 'location': 'HH 403', 'start': '23:50'};{'day': 'We', 'end': '12:45', 'location': 'HH 403', 'start': '23:50'};{'day': 'Fr', 'end': '12:45', 'location': 'HH 403', 'start': '23:50'}","False","B","3","C","20023","Research","2002"
"0000005434","1.0","0000001311","SOAN","35","0","14","7","14","HBS;MCS-G","Nordstrom-Loeb, Bruce","{'fsnum': '5728', 'name': 'Nordstrom-Loeb, Bruce'}","200","25","","","","","Gender/X-Cult/Perspec","261","{'day': 'Mo', 'end': '14:55', 'location': 'HH 307', 'start': '14:00'};{'day': 'We', 'end': '14:55', 'location': 'HH 307', 'start': '14:00'};{'day': 'Fr', 'end': '14:55', 'location': 'HH 307', 'start': '14:00'}","False","","3","C","20023","Research","2002"
"0000005435","1.0","0000001312","SOAN","26","7","3","5","11","HBS","Chiappari, Chris L.","{'fsnum': '10036', 'name': 'Chiappari, Chris L.'}","200","25","","","","","Rel, Culture, Society","265","{'day': 'Tu', 'end': '09:25', 'location': 'OM 015', 'start': '08:00'};{'day': 'Th', 'end': '09:20', 'location': 'OM 015', 'start': '08:00'}","False","","3","C","20023","Research","2002"
"0000005436","1.0","0000001313","SOAN","20","1","8","7","4","HWC","Peterson, Samiha","{'fsnum': '6309', 'name': 'Peterson, Samiha'}","200","25","","","","","Sociological Theory","291","{'day': 'Tu', 'end': '11:00', 'location': 'HH 514', 'start': '09:35'};{'day': 'Th', 'end': '10:50', 'location': 'HH 514', 'start': '09:30'}","False","","3","O","20023","Research","2002"
"0000005437","1.0","0000001316","SOAN","1","0","0","0","1","","Nordstrom-Loeb, Bruce","{'fsnum': '5728', 'name': 'Nordstrom-Loeb, Bruce'}","200","","","","","","IS/Interculture Ethic","298","","False","","3","O","20023","Research","2002"
"0000005438","1.0","0000001318","SOAN","21","1","14","2","4","WRI","Anderson, Carolyn","{'fsnum': '179', 'name': 'Anderson, Carolyn'}","300","25","","","","","Ethnograph Rsch Meth","373","{'day': 'Mo', 'end': '14:55', 'location': 'HH 515', 'start': '14:00'};{'day': 'We', 'end': '14:55', 'location': 'HH 515', 'start': '14:00'};{'day': 'Fr', 'end': '14:55', 'location': 'HH 515', 'start': '14:00'}","False","","3","O","20023","Research","2002"
"0000005439","1.0","0000001320","SOAN","1","1","0","0","0","","Chiappari, Chris L.","{'fsnum': '10036', 'name': 'Chiappari, Chris L.'}","300","","","","","","IR/IDentity/Gender","398","","False","","3","O","20023","Research","2002"
"0000005440","1.0","0000001321","SOAN","14","0","1","0","13","EIN","Nordstrom-Loeb, Bruce","{'fsnum': '5728', 'name': 'Nordstrom-Loeb, Bruce'}","300","25","","","","","Soc/Anthro and Ethics","399","{'day': 'Mo', 'end': '12:45', 'location': 'HH 514', 'start': '23:50'};{'day': 'We', 'end': '12:45', 'location': 'HH 514', 'start': '23:50'};{'day': 'Fr', 'end': '12:45', 'location': 'HH 514', 'start': '23:50'}","False","","3","C","20023","Research","2002"
"0000005441","1.0","0000001324","SPAN","19","12","1","1","5","","Olson, Barbara","{'fsnum': '15750', 'name': 'Olson, Barbara'}","100","25","","","","","Beginning Spanish I","111","{'day': 'Mo', 'end': '12:45', 'location': 'OM 020', 'start': '23:50'};{'day': 'We', 'end': '12:45', 'location': 'OM 020', 'start': '23:50'};{'day': 'Fr', 'end': '12:45', 'location': 'OM 020', 'start': '23:50'}","False","","3","O","20023","Research","2002"
"0000005442","1.0","0000001325","SPAN","20","9","2","6","3","","Carullo, Sylvia","{'fsnum': '977', 'name': 'Carullo, Sylvia'}","100","23","","","","","Beginning Spanish II","112","{'day': 'Mo', 'end': '08:55', 'location': 'OM 021', 'start': '08:00'};{'day': 'We', 'end': '08:55', 'location': 'OM 021', 'start': '08:00'};{'day': 'Fr', 'end': '08:55', 'location': 'OM 021', 'start': '08:00'}","False","","3","O","20023","Research","2002"
"0000005443","1.0","0000001326","SPAN","17","13","0","3","1","","Cropsey, Kris A.","{'fsnum': '14153', 'name': 'Cropsey, Kris A.'}","200","23","","","","","Intermed Spanish I","231","{'day': 'Mo', 'end': '10:00', 'location': 'OM 021', 'start': '09:05'};{'day': 'We', 'end': '10:00', 'location': 'OM 021', 'start': '09:05'};{'day': 'Fr', 'end': '10:00', 'location': 'OM 021', 'start': '09:05'}","False","A","3","C","20023","Research","2002"
"0000005444","1.0","0000001326","SPAN","23","13","3","4","3","","Barnes-Karol, Gwen","{'fsnum': '332', 'name': 'Barnes-Karol, Gwen'}","200","23","","","","","Intermed Spanish I","231","{'day': 'Mo', 'end': '11:40', 'location': 'OM 021', 'start': '10:45'};{'day': 'We', 'end': '11:40', 'location': 'OM 021', 'start': '10:45'};{'day': 'Fr', 'end': '11:40', 'location': 'OM 021', 'start': '10:45'}","False","B","3","C","20023","Research","2002"
"0000005445","1.0","0000001326","SPAN","23","20","0","2","1","","Lynd, Juliet A.","{'fsnum': '13139', 'name': 'Lynd, Juliet A.'}","200","23","","","","","Intermed Spanish I","231","{'day': 'Mo', 'end': '12:45', 'location': 'OM 021', 'start': '23:50'};{'day': 'We', 'end': '12:45', 'location': 'OM 021', 'start': '23:50'};{'day': 'Fr', 'end': '12:45', 'location': 'OM 021', 'start': '23:50'}","False","C","3","C","20023","Research","2002"
"0000005446","1.0","0000001326","SPAN","18","12","0","4","2","","Olson, Barbara","{'fsnum': '15750', 'name': 'Olson, Barbara'}","200","23","","","","","Intermed Spanish I","231","{'day': 'Mo', 'end': '13:50', 'location': 'OM 020', 'start': '12:55'};{'day': 'We', 'end': '13:50', 'location': 'OM 020', 'start': '12:55'};{'day': 'Fr', 'end': '13:50', 'location': 'OM 020', 'start': '12:55'}","False","E","3","C","20023","Research","2002"
"0000005447","1.0","0000001326","SPAN","21","17","1","1","2","","Odd, Joan","{'fsnum': '5798', 'name': 'Odd, Joan'}","200","23","","","","","Intermed Spanish I","231","{'day': 'Mo', 'end': '14:55', 'location': 'OM 020', 'start': '14:00'};{'day': 'We', 'end': '14:55', 'location': 'OM 020', 'start': '14:00'};{'day': 'Fr', 'end': '14:55', 'location': 'OM 020', 'start': '14:00'}","False","F","3","O","20023","Research","2002"
"0000005448","1.0","0000001327","SPAN","21","20","0","1","0","FOL-S;MCS-D","Strichartz, Ariel","{'fsnum': '14955', 'name': 'Strichartz, Ariel'}","200","23","","","","","Intermed Spanish II","232","{'day': 'Tu', 'end': '09:25', 'location': 'OM 021', 'start': '08:00'};{'day': 'Th', 'end': '09:20', 'location': 'OM 021', 'start': '08:00'}","False","A","3","O","20023","Research","2002"
"0000005449","1.0","0000001327","SPAN","22","19","0","2","1","FOL-S;MCS-D","Odd, Joan","{'fsnum': '5798', 'name': 'Odd, Joan'}","200","23","","","","","Intermed Spanish II","232","{'day': 'Mo', 'end': '10:00', 'location': 'OM 020', 'start': '09:05'};{'day': 'We', 'end': '10:00', 'location': 'OM 020', 'start': '09:05'};{'day': 'Fr', 'end': '10:00', 'location': 'OM 020', 'start': '09:05'}","False","B","3","C","20023","Research","2002"
"0000005450","1.0","0000001327","SPAN","23","4","5","10","4","FOL-S;MCS-D","Cropsey, Kris A.","{'fsnum': '14153', 'name': 'Cropsey, Kris A.'}","200","23","","","","","Intermed Spanish II","232","{'day': 'Mo', 'end': '11:40', 'location': 'OM 020', 'start': '10:45'};{'day': 'We', 'end': '11:40', 'location': 'OM 020', 'start': '10:45'};{'day': 'Fr', 'end': '11:40', 'location': 'OM 020', 'start': '10:45'}","False","C","3","C","20023","Research","2002"
"0000005451","1.0","0000001327","SPAN","23","3","4","9","7","FOL-S;MCS-D","Cropsey, Kris A.","{'fsnum': '14153', 'name': 'Cropsey, Kris A.'}","200","23","","","","","Intermed Spanish II","232","{'day': 'Mo', 'end': '12:45', 'location': 'OM 030', 'start': '23:50'};{'day': 'We', 'end': '12:45', 'location': 'OM 030', 'start': '23:50'};{'day': 'Fr', 'end': '12:45', 'location': 'OM 030', 'start': '23:50'}","False","D","3","C","20023","Research","2002"
"0000005452","1.0","0000001327","SPAN","17","10","1","5","1","FOL-S;MCS-D","Lynd, Juliet A.","{'fsnum': '13139', 'name': 'Lynd, Juliet A.'}","200","23","","","","","Intermed Spanish II","232","{'day': 'Tu', 'end': '11:00', 'location': 'OM 020', 'start': '09:35'};{'day': 'Th', 'end': '10:50', 'location': 'OM 020', 'start': '09:30'}","False","E","3","C","20023","Research","2002"
"0000005453","1.0","0000001327","SPAN","17","12","0","3","2","FOL-S;MCS-D","Lynd, Juliet A.","{'fsnum': '13139', 'name': 'Lynd, Juliet A.'}","200","23","","","","","Intermed Spanish II","232","{'day': 'Tu', 'end': '13:10', 'location': 'OM 021', 'start': '23:45'};{'day': 'Th', 'end': '14:05', 'location': 'OM 021', 'start': '12:45'}","False","F","3","C","20023","Research","2002"
"0000005454","1.0","0000001327","SPAN","13","10","0","2","1","FOL-S;MCS-D","Strichartz, Ariel","{'fsnum': '14955', 'name': 'Strichartz, Ariel'}","200","23","","","","","Intermed Spanish II","232","{'day': 'Tu', 'end': '14:45', 'location': 'OM 021', 'start': '13:20'};{'day': 'Th', 'end': '15:35', 'location': 'OM 021', 'start': '14:15'}","False","G","3","O","20023","Research","2002"
"0000005455","1.0","0000001331","SPAN","23","11","0","10","2","FOL-S","Barnes-Karol, Gwen","{'fsnum': '332', 'name': 'Barnes-Karol, Gwen'}","200","18","","","","","Cult & Civ of Spain","251","{'day': 'Tu', 'end': '13:10', 'location': 'OM 020', 'start': '23:45'};{'day': 'Th', 'end': '14:05', 'location': 'OM 020', 'start': '12:45'}","False","A","3","C","20023","Research","2002"
"0000005456","1.0","0000001331","SPAN","18","16","0","1","1","FOL-S","Narváez, León","{'fsnum': '5471', 'name': 'Narváez, León'}","200","18","","","","","Cult & Civ of Spain","251","{'day': 'Tu', 'end': '14:45', 'location': 'OM 020', 'start': '13:20'};{'day': 'Th', 'end': '15:35', 'location': 'OM 020', 'start': '14:15'}","False","B","3","C","20023","Research","2002"
"0000005457","1.0","0000001332","SPAN","15","10","1","3","1","FOL-S","Strichartz, Ariel","{'fsnum': '14955', 'name': 'Strichartz, Ariel'}","200","16","","","","","Cult & Civ of Lat Am","254","{'day': 'Mo', 'end': '11:40', 'location': 'OM 030', 'start': '10:45'};{'day': 'We', 'end': '11:40', 'location': 'OM 030', 'start': '10:45'};{'day': 'Fr', 'end': '11:40', 'location': 'OM 030', 'start': '10:45'}","False","A","3","O","20023","Research","2002"
"0000005458","1.0","0000001332","SPAN","14","8","0","5","1","FOL-S","Broner, Maggie","{'fsnum': '792', 'name': 'Broner, Maggie'}","200","16","","","","","Cult & Civ of Lat Am","254","{'day': 'Mo', 'end': '14:55', 'location': 'OM 021', 'start': '14:00'};{'day': 'We', 'end': '14:55', 'location': 'OM 021', 'start': '14:00'};{'day': 'Fr', 'end': '14:55', 'location': 'OM 021', 'start': '14:00'}","False","B","3","C","20023","Research","2002"
"0000005459","1.0","0000001333","SPAN","22","0","6","8","8","FOL-S","Broner, Maggie","{'fsnum': '792', 'name': 'Broner, Maggie'}","200","25","","","","","Hispanic Linguistics","261","{'day': 'Mo', 'end': '13:50', 'location': 'OM 030', 'start': '12:55'};{'day': 'We', 'end': '13:50', 'location': 'OM 030', 'start': '12:55'};{'day': 'Fr', 'end': '13:50', 'location': 'OM 030', 'start': '12:55'}","False","","3","O","20023","Research","2002"
"0000005460","1.0","0000001355","SPAN","1","0","0","0","1","WRI","Carullo, Sylvia","{'fsnum': '977', 'name': 'Carullo, Sylvia'}","300","","","","","","IR/Mayan/Classic Myth","398","","False","","3","O","20023","Research","2002"
"0000005461","1.0","0000001356","SPAN","21","0","6","1","14","ALS-L","Narváez, León","{'fsnum': '5471', 'name': 'Narváez, León'}","300","25","","","","","Seminar in Literature","399","{'day': 'Tu', 'end': '11:00', 'location': 'OM 021', 'start': '09:35'};{'day': 'Th', 'end': '10:50', 'location': 'OM 021', 'start': '09:30'}","False","","3","O","20023","Research","2002"
"0000005489","1.0","0000001402","STAT","29","4","11","8","6","MAR","Solid, Craig A.","{'fsnum': '14990', 'name': 'Solid, Craig A.'}","100","25","","","","","Prin of Statistics","110","{'day': 'Mo', 'end': '08:55', 'location': 'SC 182', 'start': '08:00'};{'day': 'We', 'end': '08:55', 'location': 'SC 182', 'start': '08:00'};{'day': 'Fr', 'end': '08:55', 'location': 'SC 182', 'start': '08:00'}","False","A","3","C","20023","Research","2002"
"0000005490","1.0","0000001402","STAT","31","2","10","9","10","MAR","Solid, Craig A.","{'fsnum': '14990', 'name': 'Solid, Craig A.'}","100","25","","","","","Prin of Statistics","110","{'day': 'Mo', 'end': '11:40', 'location': 'SC 170', 'start': '10:45'};{'day': 'We', 'end': '11:40', 'location': 'SC 170', 'start': '10:45'};{'day': 'Fr', 'end': '11:40', 'location': 'SC 170', 'start': '10:45'}","False","B","3","C","20023","Research","2002"
"0000005491","1.0","0000001402","STAT","27","4","7","11","5","MAR","Hamilton, Doreen","{'fsnum': '14136', 'name': 'Hamilton, Doreen'}","100","25","","","","","Prin of Statistics","110","{'day': 'Mo', 'end': '14:55', 'location': 'SC 182', 'start': '14:00'};{'day': 'We', 'end': '14:55', 'location': 'SC 182', 'start': '14:00'};{'day': 'Fr', 'end': '14:55', 'location': 'SC 182', 'start': '14:00'}","False","C","3","C","20023","Research","2002"
"0000005492","1.0","0000001403","STAT","28","7","7","5","9","","Legler, Julie M.","{'fsnum': '14114', 'name': 'Legler, Julie M.'}","200","25","","","","","Statistics for Science","212","{'day': 'Mo', 'end': '13:50', 'location': 'SC 184', 'start': '12:55'};{'day': 'We', 'end': '13:50', 'location': 'SC 184', 'start': '12:55'};{'day': 'Fr', 'end': '13:50', 'location': 'SC 184', 'start': '12:55'}","False","A","3","C","20023","Research","2002"
"0000005493","1.0","0000001403","STAT","27","7","4","9","7","","Legler, Julie M.","{'fsnum': '14114', 'name': 'Legler, Julie M.'}","200","25","","","","","Statistics for Science","212","{'day': 'Mo', 'end': '14:55', 'location': 'SC 184', 'start': '14:00'};{'day': 'We', 'end': '14:55', 'location': 'SC 184', 'start': '14:00'};{'day': 'Fr', 'end': '14:55', 'location': 'SC 184', 'start': '14:00'}","False","B","3","C","20023","Research","2002"
"0000005494","1.0","0000001404","STAT","15","0","10","4","1","WRI","Carlson, William L.","{'fsnum': '951', 'name': 'Carlson, William L.'}","200","25","","","","","Stat Problem Solving","263","{'day': 'Mo', 'end': '08:55', 'location': 'HH 413', 'start': '08:00'};{'day': 'We', 'end': '08:55', 'location': 'HH 413', 'start': '08:00'};{'day': 'Fr', 'end': '08:55', 'location': 'HH 413', 'start': '08:00'}","False","A","3","O","20023","Research","2002"
"0000005495","1.0","0000001404","STAT","16","0","13","3","0","WRI","Carlson, William L.","{'fsnum': '951', 'name': 'Carlson, William L.'}","200","25","","","","","Stat Problem Solving","263","{'day': 'Mo', 'end': '10:00', 'location': 'HH 413', 'start': '09:05'};{'day': 'We', 'end': '10:00', 'location': 'HH 413', 'start': '09:05'};{'day': 'Fr', 'end': '10:00', 'location': 'HH 413', 'start': '09:05'}","False","B","3","O","20023","Research","2002"
"0000005496","1.0","0000001406","STAT","14","0","2","0","12","","Ericksen, Gerald","{'fsnum': '1861', 'name': 'Ericksen, Gerald'}","200","","","","","","Design of Experiments","266","{'day': 'Mo', 'end': '11:40', 'location': 'SC 130', 'start': '10:45'};{'day': 'We', 'end': '11:40', 'location': 'SC 130', 'start': '10:45'};{'day': 'Fr', 'end': '11:40', 'location': 'SC 130', 'start': '10:45'}","False","","3","O","20023","Research","2002"
"0000005497","1.0","0000001410","STAT","1","0","0","0","1","","Legler, Julie M.","{'fsnum': '14114', 'name': 'Legler, Julie M.'}","200","","","","","","IS/Scientific Writing","298","","False","","3","O","20023","Research","2002"
"0000005462","1.0","0000001363","SWRK","24","0","15","0","9","HBS","Overvoorde, Charlynn","{'fsnum': '15001', 'name': 'Overvoorde, Charlynn'}","200","30","0","25","0","5","Social Policy","258","{'day': 'Mo', 'end': '12:45', 'location': 'SH 001', 'start': '23:50'};{'day': 'We', 'end': '12:45', 'location': 'SH 001', 'start': '23:50'};{'day': 'Fr', 'end': '12:45', 'location': 'SH 001', 'start': '23:50'}","False","","3","C","20023","Research","2002"
"0000005463","1.0","0000001364","SWRK","11","0","10","0","1","","Lennox, Naurine","{'fsnum': '4761', 'name': 'Lennox, Naurine'}","200","40","","","","","Social Work Methds II","261","{'day': 'Tu', 'end': '13:10', 'location': 'HH 514', 'start': '23:45'};{'day': 'Th', 'end': '14:05', 'location': 'HH 514', 'start': '12:45'}","False","","3","O","20023","Research","2002"
"0000005464","1.0","0000001365","SWRK","20","0","13","0","7","","Lennox, Naurine","{'fsnum': '4761', 'name': 'Lennox, Naurine'}","200","40","","","","","Eval/Sw Practice/Prog","274","{'day': 'Mo', 'end': '10:00', 'location': 'HH 514', 'start': '09:05'};{'day': 'We', 'end': '10:00', 'location': 'HH 514', 'start': '09:05'};{'day': 'Fr', 'end': '10:00', 'location': 'HH 514', 'start': '09:05'}","False","","3","O","20023","Research","2002"
"0000005465","1.0","0000001366","SWRK","1","0","0","0","1","","Lennox, Naurine","{'fsnum': '4761', 'name': 'Lennox, Naurine'}","200","","","","","","Academic Internship","294","","True","","3","O","20023","Research","2002"
"0000005466","1.0","0000001371","SWRK","15","0","0","0","15","","Overvoorde, Charlynn","{'fsnum': '15001', 'name': 'Overvoorde, Charlynn'}","300","40","","","","","Social Worker as Prof","381","{'day': 'Tu', 'end': '13:10', 'location': 'OM 030', 'start': '23:45'};{'day': 'Th', 'end': '14:05', 'location': 'OM 030', 'start': '12:45'}","False","","3","O","20023","Research","2002"
"0000005467","1.0","0000001374","THEAT","24","1","3","2","18","ALS-A;ORC","Sonnega, Bill","{'fsnum': '7676', 'name': 'Sonnega, Bill'}","100","20","","","","","Oral Interpretation","100","{'day': 'Mo', 'end': '11:40', 'location': 'TB 216', 'start': '10:45'};{'day': 'We', 'end': '11:40', 'location': 'TB 216', 'start': '10:45'};{'day': 'Fr', 'end': '11:40', 'location': 'TB 216', 'start': '10:45'}","False","","3","C","20023","Research","2002"
"0000005468","1.0","0000001375","THEAT","25","5","2","10","8","ALS-A","Sonnega, Bill","{'fsnum': '7676', 'name': 'Sonnega, Bill'}","100","30","","","","","Intro to Theater","110","{'day': 'Mo', 'end': '13:50', 'location': 'TB 216', 'start': '12:55'};{'day': 'We', 'end': '13:50', 'location': 'TB 216', 'start': '12:55'};{'day': 'Fr', 'end': '13:50', 'location': 'TB 216', 'start': '12:55'}","False","","3","C","20023","Research","2002"
"0000005469","1.0","0000001376","THEAT","33","1","0","0","32","ALS-A;ORC","Gisselman, Gary C.","{'fsnum': '10426', 'name': 'Gisselman, Gary C.'}","100","16","","","","","Acting for Non-Majors","115","{'day': 'Mo', 'end': '11:40', 'location': 'TB Haugen', 'start': '10:45'};{'day': 'We', 'end': '11:40', 'location': 'TB Haugen', 'start': '10:45'};{'day': 'Fr', 'end': '11:40', 'location': 'TB Haugen', 'start': '10:45'}","False","","3","C","20023","Research","2002"
"0000005470","1.0","0000001378","THEAT","20","13","2","0","5","ALS-A;ORC;PHA","Freeman, Dona W.","{'fsnum': '8982', 'name': 'Freeman, Dona W.'}","100","18","","","","","Beginning Acting","130","{'day': 'Tu', 'end': '14:45', 'location': 'TB Haugen', 'start': '13:20'};{'day': 'Th', 'end': '15:35', 'location': 'TB Haugen', 'start': '14:15'}","False","","3","C","20023","Research","2002"
"0000005471","1.0","0000001379","THEAT","21","4","6","3","8","ALS-A","Freeman, Dona W.;McKeel, James","{'fsnum': '8982', 'name': 'Freeman, Dona W.'};{'fsnum': '5210', 'name': 'McKeel, James'}","100","18","","","","","Acting--Lyric Stage","131","{'day': 'Tu', 'end': '13:10', 'location': 'CHM URNESS', 'start': '23:45'};{'day': 'Th', 'end': '14:05', 'location': 'CHM URNESS', 'start': '12:45'}","False","","3","C","20023","Research","2002"
"0000005472","0.25","0000001386","THEAT","9","2","3","0","4","ALS-A","Gisselman, Gary C.","{'fsnum': '10426', 'name': 'Gisselman, Gary C.'}","200","","","","","","Thtr Prac: Act/Direct","233","","True","","3","O","20023","Research","2002"
"0000005473","0.25","0000001390","THEAT","12","1","6","2","3","ALS-A","Reiser, Steven E.","{'fsnum': '14261', 'name': 'Reiser, Steven E.'}","200","","","","","","Th Prac: Scenery/Prop","253","{'day': 'Mo', 'end': '14:55', 'location': 'TB Green Rm', 'start': '14:00'}","True","","3","O","20023","Research","2002"
"0000005474","1.0","0000001395","THEAT","1","0","1","0","0","","Gisselman, Gary C.","{'fsnum': '10426', 'name': 'Gisselman, Gary C.'}","200","","","","","","IS/Con Lyric Theatre","298","","False","","3","O","20023","Research","2002"
"0000005475","1.0","0000001395","THEAT","1","0","0","0","1","","Gisselman, Gary C.","{'fsnum': '10426', 'name': 'Gisselman, Gary C.'}","200","","","","","","IS/Contemp Theat Hist","298","","False","A","3","O","20023","Research","2002"
"0000005476","1.0","0000001395","THEAT","1","0","0","0","1","","Gisselman, Gary C.","{'fsnum': '10426', 'name': 'Gisselman, Gary C.'}","200","","","","","","IS/Preformance Art","298","","False","B","3","O","20023","Research","2002"
"0000005477","1.0","0000001395","THEAT","1","0","1","0","0","","Wilson, Karen","{'fsnum': '9093', 'name': 'Wilson, Karen'}","200","","","","","","IS/Theatre to 1700","298","","False","C","3","O","20023","Research","2002"
"0000005478","1.0","0000001395","THEAT","1","0","0","0","1","","Wilson, Karen","{'fsnum': '9093', 'name': 'Wilson, Karen'}","200","","","","","","IS/Field Stdy Sp-Path","298","","False","D","3","O","20023","Research","2002"
"0000005479","1.0","0000001395","THEAT","1","0","1","0","0","WRI","Wilson, Karen","{'fsnum': '9093', 'name': 'Wilson, Karen'}","200","","","","","","IS/History of Acting","298","","False","E","3","O","20023","Research","2002"
"0000005480","1.0","0000001395","THEAT","1","0","0","0","1","","Wilson, Karen","{'fsnum': '9093', 'name': 'Wilson, Karen'}","200","","","","","","IS/Th Hist Stage Dsgn","298","","False","F","3","O","20023","Research","2002"
"0000005481","1.0","0000001395","THEAT","1","0","0","0","1","","Sonnega, Bill","{'fsnum': '7676', 'name': 'Sonnega, Bill'}","200","","","","","","IS/Theatre History","298","","False","G","3","O","20023","Research","2002"
"0000005482","1.0","0000001395","THEAT","1","0","0","0","1","","Bjorklund, Brian","{'fsnum': '611', 'name': 'Bjorklund, Brian'}","200","","","","","","IS/Costume Design","298","","False","H","3","O","20023","Research","2002"
"0000005483","1.0","0000001395","THEAT","1","0","0","0","1","","Gisselman, Gary C.","{'fsnum': '10426', 'name': 'Gisselman, Gary C.'}","200","","","","","","IS/The Dramaturg","298","","False","I","3","O","20023","Research","2002"
"0000005484","1.0","0000001395","THEAT","1","0","1","0","0","","Wilson, Karen","{'fsnum': '9093', 'name': 'Wilson, Karen'}","200","","","","","","IS/World Theatre","298","","False","J","3","O","20023","Research","2002"
"0000005485","1.0","0000001396","THEAT","15","0","7","1","7","","Gisselman, Gary C.","{'fsnum': '10426', 'name': 'Gisselman, Gary C.'}","300","12","","","","","Adv Stage Direction","338","{'day': 'Tu', 'end': '11:00', 'location': 'TB Haugen', 'start': '09:35'};{'day': 'Th', 'end': '10:50', 'location': 'TB 227', 'start': '09:30'}","False","","3","C","20023","Research","2002"
"0000005486","1.0","0000001398","THEAT","13","1","8","3","1","MCS-D","Bjorklund, Brian","{'fsnum': '611', 'name': 'Bjorklund, Brian'}","300","14","","","","","Top: Theatre Architec","379","{'day': 'Tu', 'end': '14:45', 'location': 'TB Green Rm', 'start': '13:20'};{'day': 'Th', 'end': '15:35', 'location': 'TB Green Rm', 'start': '14:15'}","False","","3","O","20023","Topic","2002"
"0000005487","1.0","0000001401","THEAT","1","0","0","0","1","","Sonnega, Bill","{'fsnum': '7676', 'name': 'Sonnega, Bill'}","300","","","","","","IR/Intercultural-Comm","398","","False","","3","O","20023","Research","2002"
"0000005488","1.0","0000001401","THEAT","1","0","0","0","1","WRI","Wilson, Karen","{'fsnum': '9093', 'name': 'Wilson, Karen'}","300","","","","","","IR/Ethics of Theatre","398","","False","A","3","O","20023","Research","2002"
"0000005535","1.0","0000001476","WMNST","20","2","3","7","8","MCS-D;WRI","LeBlanc, Diane C.","{'fsnum': '13324', 'name': 'LeBlanc, Diane C.'}","100","21","","","","","Intro Women's Studies","121","{'day': 'Mo', 'end': '12:45', 'location': 'RML 520', 'start': '23:50'};{'day': 'We', 'end': '12:45', 'location': 'RML 520', 'start': '23:50'};{'day': 'Fr', 'end': '12:45', 'location': 'RML 520', 'start': '23:50'}","False","","3","C","20023","Research","2002"
"0000005536","1.0","0000001477","WMNST","1","0","0","0","1","","Breen, Sheryl D.","{'fsnum': '13316', 'name': 'Breen, Sheryl D.'}","200","","","","","","Academic Internship","294","","True","","3","O","20023","Research","2002"
"0000005537","1.0","0000001478","WMNST","1","0","0","0","1","","Gisselman, Gary C.","{'fsnum': '10426', 'name': 'Gisselman, Gary C.'}","200","","","","","","IS/Fem Play Product","298","","False","","3","O","20023","Research","2002"
"0000005538","1.0","0000001478","WMNST","1","0","0","0","1","","LeBlanc, Diane C.","{'fsnum': '13324', 'name': 'LeBlanc, Diane C.'}","200","","","","","","IS/Poetry: Women Writ","298","","False","A","3","O","20023","Research","2002"
"0000005539","1.0","0000001481","WMNST","14","1","0","0","13","","Breen, Sheryl D.","{'fsnum': '13316', 'name': 'Breen, Sheryl D.'}","300","15","","","","","Sem: Women Cross-Cult","399","{'day': 'Tu', 'end': '14:45', 'location': 'HH 514', 'start': '13:20'};{'day': 'Th', 'end': '15:35', 'location': 'HH 514', 'start': '14:15'}","False","","3","C","20023","Seminar","2002"

