"clbid","credits","crsid","department","enrolled","enrollment_fy","enrollment_jr","enrollment_so","enrollment_sr","gereqs","instructors","instructors_full","level","max","max_fy","max_jr","max_so","max_sr","name","number","offerings","pn","section","semester","status","term","type","year"
"0000006761","1.0","0000000177","AMCON","18","18","0","0","0","FYW;HWC","Rohn, Matthew","{'fsnum': '6758', 'name': 'Rohn, Matthew'}","100","24","","","","","Dem Vistas: 1800-1900","102","{'day': 'Mo', 'end': '13:50', 'location': 'Steensland', 'start': '12:55'};{'day': 'We', 'end': '13:50', 'location': 'Steensland', 'start': '12:55'};{'day': 'Fr', 'end': '13:50', 'location': 'Steensland', 'start': '12:55'}","False","A","3","C","20033","Research","2003"
"0000006762","1.0","0000000177","AMCON","20","19","0","0","1","FYW;HWC","Fure-Slocum, Eric J.","{'fsnum': '10197', 'name': 'Fure-Slocum, Eric J.'}","100","24","","","","","Dem Vistas: 1800-1900","102","{'day': 'Mo', 'end': '13:50', 'location': 'Steensland', 'start': '12:55'};{'day': 'We', 'end': '13:50', 'location': 'Steensland', 'start': '12:55'};{'day': 'Fr', 'end': '13:50', 'location': 'Steensland', 'start': '12:55'}","False","B","3","C","20033","Research","2003"
"0000006763","1.0","0000000179","AMCON","19","0","0","18","1","ALS-A;HBS;ORC;WRI","Farrell, James","{'fsnum': '2030', 'name': 'Farrell, James'}","200","24","","","","","Pur/Happiness: 1920-00","202","{'day': 'Mo', 'end': '14:55', 'location': 'HH 317', 'start': '14:00'};{'day': 'We', 'end': '14:55', 'location': 'HH 317', 'start': '14:00'};{'day': 'Fr', 'end': '14:55', 'location': 'HH 317', 'start': '14:00'}","False","A","3","C","20033","Research","2003"
"0000006764","1.0","0000000179","AMCON","16","0","0","15","1","ALS-A;HBS;ORC;WRI","Gorton, William A.","{'fsnum': '15068', 'name': 'Gorton, William A.'}","200","24","","","","","Pur/Happiness: 1920-00","202","{'day': 'Mo', 'end': '14:55', 'location': 'HH 514', 'start': '14:00'};{'day': 'We', 'end': '14:55', 'location': 'HH 514', 'start': '14:00'};{'day': 'Fr', 'end': '14:55', 'location': 'HH 514', 'start': '14:00'}","False","B","3","C","20033","Research","2003"
"0000006671","1.0","0000000010","AMST","29","4","7","9","9","","Farrell, James","{'fsnum': '2030', 'name': 'Farrell, James'}","200","25","0","8","7","4","Top: Campus Ecology","210","{'day': 'Mo', 'end': '11:40', 'location': 'HH 403', 'start': '10:45'};{'day': 'We', 'end': '11:40', 'location': 'HH 403', 'start': '10:45'};{'day': 'Fr', 'end': '11:40', 'location': 'HH 403', 'start': '10:45'}","False","","3","C","20033","Topic","2003"
"0000006672","1.0","0000000013","AMST","19","0","3","2","14","","Allister, Mark","{'fsnum': '110', 'name': 'Allister, Mark'}","300","15","","","","","Sem: California Dreams","301","{'day': 'Tu', 'end': '11:00', 'location': 'RML 421', 'start': '09:35'};{'day': 'Th', 'end': '10:50', 'location': 'RML 421', 'start': '09:30'}","False","","3","C","20033","Seminar","2003"
"0000006673","1.0","0000000015","AMST","2","0","0","0","2","","Farrell, James","{'fsnum': '2030', 'name': 'Farrell, James'}","300","","","","","","IR/Impact/St Olaf Ed","398","","False","","3","O","20033","Research","2003"
"0000007506","1.0","0000001485","ARMS","16","0","6","3","7","ALS-L;MCS-D","Barbour, John","{'fsnum': '329', 'name': 'Barbour, John'}","200","20","","","","","Top: Rel Autobiography","251","{'day': 'Mo', 'end': '11:40', 'location': 'BMC 101', 'start': '10:45'};{'day': 'We', 'end': '11:40', 'location': 'BMC 101', 'start': '10:45'};{'day': 'Fr', 'end': '11:40', 'location': 'BMC 101', 'start': '10:45'}","False","","3","O","20033","Seminar","2003"
"0000007507","1.0","0000001489","ARMS","1","0","0","0","1","","Hepburn, Joan","{'fsnum': '3322', 'name': 'Hepburn, Joan'}","300","","","","","","IR/Stories of Race","398","","False","","3","O","20033","Research","2003"
"0000006674","0.5","0000000019","ART","18","3","3","7","5","ALS-A","Lowe, Kristen","{'fsnum': '15829', 'name': 'Lowe, Kristen'}","100","24","8","2","4","2","Found Perceptual Draw","111","{'day': 'Tu', 'end': '09:25', 'location': 'CAD 216', 'start': '08:00'};{'day': 'Th', 'end': '09:20', 'location': 'CAD 216', 'start': '08:00'}","False","A","3","C","20033","Research","2003"
"0000006675","0.5","0000000019","ART","21","11","2","5","3","ALS-A","Lowe, Kristen","{'fsnum': '15829', 'name': 'Lowe, Kristen'}","100","24","9","1","3","2","Found Perceptual Draw","111","{'day': 'Tu', 'end': '11:00', 'location': 'CAD 216', 'start': '09:35'};{'day': 'Th', 'end': '10:50', 'location': 'CAD 216', 'start': '09:30'}","False","B","3","C","20033","Research","2003"
"0000006676","0.5","0000000020","ART","19","6","3","5","5","ALS-A","Lowe, Kristen","{'fsnum': '15829', 'name': 'Lowe, Kristen'}","100","24","15","1","7","1","Found Conceptual Draw","112","{'day': 'Tu', 'end': '14:45', 'location': 'CAD 216', 'start': '13:20'};{'day': 'Th', 'end': '15:35', 'location': 'CAD 216', 'start': '14:15'}","False","A","3","O","20033","Research","2003"
"0000006677","0.5","0000000020","ART","21","5","2","9","5","ALS-A","Griep, Mary","{'fsnum': '2757', 'name': 'Griep, Mary'}","100","24","7","2","2","2","Found Conceptual Draw","112","{'day': 'Mo', 'end': '13:50', 'location': 'CAD 216', 'start': '12:55'};{'day': 'We', 'end': '13:50', 'location': 'CAD 216', 'start': '12:55'};{'day': 'Fr', 'end': '13:50', 'location': 'CAD 216', 'start': '12:55'}","False","B","3","C","20033","Research","2003"
"0000006678","0.5","0000000021","ART","22","7","2","8","5","ALS-A","Ewald, Jill","{'fsnum': '1987', 'name': 'Ewald, Jill'}","100","24","7","1","3","1","Found Color Design","113","{'day': 'Tu', 'end': '13:10', 'location': 'CAD 116', 'start': '23:45'};{'day': 'Th', 'end': '14:05', 'location': 'CAD 116', 'start': '12:45'}","False","A","3","C","20033","Research","2003"
"0000006679","0.5","0000000021","ART","29","11","1","9","8","ALS-A","Arneson, Wendell","{'fsnum': '276', 'name': 'Arneson, Wendell'}","100","24","5","1","4","1","Found Color Design","113","{'day': 'Mo', 'end': '10:00', 'location': 'CAD 116', 'start': '09:05'};{'day': 'We', 'end': '10:00', 'location': 'CAD 116', 'start': '09:05'};{'day': 'Fr', 'end': '10:00', 'location': 'CAD 116', 'start': '09:05'}","False","B","3","C","20033","Research","2003"
"0000006680","0.5","0000000022","ART","17","4","2","7","4","ALS-A","Rabiner, Mollie","{'fsnum': '15835', 'name': 'Rabiner, Mollie'}","100","18","5","3","3","1","Foundation Sculpture","114","{'day': 'Tu', 'end': '14:45', 'location': 'CAD 106', 'start': '13:20'};{'day': 'Th', 'end': '15:35', 'location': 'CAD 106', 'start': '14:15'}","False","","3","C","20033","Research","2003"
"0000006681","0.5","0000000023","ART","19","5","2","3","9","ALS-A","Ojala, Margaret","{'fsnum': '5816', 'name': 'Ojala, Margaret'}","100","20","5","2","2","2","Found Photography","115","{'day': 'Tu', 'end': '11:00', 'location': 'CAD 102', 'start': '09:35'};{'day': 'Th', 'end': '10:50', 'location': 'CAD 102', 'start': '09:30'}","False","A","3","C","20033","Research","2003"
"0000006682","0.5","0000000023","ART","17","4","3","6","4","ALS-A","Ojala, Margaret","{'fsnum': '5816', 'name': 'Ojala, Margaret'}","100","20","3","1","2","1","Found Photography","115","{'day': 'Tu', 'end': '14:45', 'location': 'CAD 102', 'start': '13:20'};{'day': 'Th', 'end': '15:35', 'location': 'CAD 102', 'start': '14:15'}","False","B","3","C","20033","Research","2003"
"0000006683","0.5","0000000025","ART","12","2","1","6","3","ALS-A","Kelley, Patrick T.","{'fsnum': '14002', 'name': 'Kelley, Patrick T.'}","100","15","2","1","2","1","Found Digital Media","117","{'day': 'Tu', 'end': '13:10', 'location': 'CAD 100', 'start': '23:45'};{'day': 'Th', 'end': '14:05', 'location': 'CAD 100', 'start': '12:45'}","False","","3","C","20033","Research","2003"
"0000006684","0.5","0000000026","ART","19","9","1","2","7","ALS-A","Gallas, Ron","{'fsnum': '2492', 'name': 'Gallas, Ron'}","100","18","2","1","2","1","Found Ceramics: Wheel","119","{'day': 'Tu', 'end': '11:00', 'location': 'CAD 115E', 'start': '09:35'};{'day': 'Th', 'end': '10:50', 'location': 'CAD 115E', 'start': '09:30'}","False","","3","C","20033","Research","2003"
"0000006685","1.0","0000000032","ART","49","14","9","16","10","ALS-A;HWC;ORC","Rohn, Matthew;Thompson, Nancy M.","{'fsnum': '6758', 'name': 'Rohn, Matthew'};{'fsnum': '13137', 'name': 'Thompson, Nancy M.'}","100","50","9","3","6","2","Renaissance--Present","151","{'day': 'Mo', 'end': '11:40', 'location': 'CAD 305', 'start': '10:45'};{'day': 'We', 'end': '11:40', 'location': 'CAD 305', 'start': '10:45'};{'day': 'Fr', 'end': '11:40', 'location': 'CAD 305', 'start': '10:45'}","False","","3","C","20033","Research","2003"
"0000006686","1.0","0000000034","ART","16","0","1","7","8","","Arneson, Wendell","{'fsnum': '276', 'name': 'Arneson, Wendell'}","200","22","","","","","Watercolor Painting","222","{'day': 'Mo', 'end': '14:55', 'location': 'CAD 116', 'start': '12:55'};{'day': 'We', 'end': '14:55', 'location': 'CAD 116', 'start': '12:55'};{'day': 'Fr', 'end': '14:55', 'location': 'CAD 116', 'start': '12:55'}","False","","3","O","20033","Research","2003"
"0000006687","1.0","0000000036","ART","15","1","4","7","3","","Saurer, John","{'fsnum': '7064', 'name': 'Saurer, John'}","200","15","","","","","Sculpt: Metal Direct","224","{'day': 'Mo', 'end': '14:55', 'location': 'CAD 105', 'start': '12:55'};{'day': 'We', 'end': '14:55', 'location': 'CAD 105', 'start': '12:55'};{'day': 'Fr', 'end': '14:55', 'location': 'CAD 105', 'start': '12:55'}","False","","3","C","20033","Research","2003"
"0000006688","1.0","0000000038","ART","12","0","4","5","3","","Saurer, John","{'fsnum': '7064', 'name': 'Saurer, John'}","200","16","","","","","Printmkg: Relief/Litho","226","{'day': 'Mo', 'end': '12:45', 'location': 'CAD 212', 'start': '22:45'};{'day': 'We', 'end': '12:45', 'location': 'CAD 212', 'start': '22:45'};{'day': 'Fr', 'end': '12:45', 'location': 'CAD 212', 'start': '22:45'}","False","","3","O","20033","Research","2003"
"0000006689","1.0","0000000042","ART","12","0","4","6","2","","Kelley, Patrick T.","{'fsnum': '14002', 'name': 'Kelley, Patrick T.'}","200","15","","","","","Motion Graphics","230","{'day': 'Tu', 'end': '11:00', 'location': 'CAD 100', 'start': '08:00'};{'day': 'Th', 'end': '10:50', 'location': 'CAD 100', 'start': '08:00'}","False","","3","O","20033","Research","2003"
"0000006690","1.0","0000000043","ART","19","1","8","6","4","","Griep, Mary","{'fsnum': '2757', 'name': 'Griep, Mary'}","200","20","","","","","Figure Drawing","232","{'day': 'Mo', 'end': '10:00', 'location': 'CAD 216', 'start': '08:00'};{'day': 'We', 'end': '10:00', 'location': 'CAD 216', 'start': '08:00'};{'day': 'Fr', 'end': '10:00', 'location': 'CAD 216', 'start': '08:00'}","False","","3","C","20033","Research","2003"
"0000006691","1.0","0000000045","ART","17","3","4","5","5","","Gallas, Ron","{'fsnum': '2492', 'name': 'Gallas, Ron'}","200","10","","","","","Ceramics","234","{'day': 'Tu', 'end': '14:45', 'location': 'CAD 115C', 'start': '23:45'};{'day': 'Th', 'end': '15:45', 'location': 'CAD 115C', 'start': '12:45'}","False","","3","C","20033","Research","2003"
"0000006692","1.0","0000000049","ART","28","7","7","7","7","ALS-A;MCS-D","Brooks-Shirey, Heather M.","{'fsnum': '14840', 'name': 'Brooks-Shirey, Heather M.'}","200","30","","","","","Arts-African Diaspora","250","{'day': 'Tu', 'end': '11:00', 'location': 'CAD 305', 'start': '09:35'};{'day': 'Th', 'end': '10:50', 'location': 'CAD 305', 'start': '09:30'}","False","","3","O","20033","Research","2003"
"0000006693","1.0","0000000058","ART","30","2","7","6","15","ALS-A;MCS-G","Kucera, Karil J.","{'fsnum': '14964', 'name': 'Kucera, Karil J.'}","200","30","","","","","Arts of Japan","260","{'day': 'Mo', 'end': '14:55', 'location': 'CAD 305', 'start': '14:00'};{'day': 'We', 'end': '14:55', 'location': 'CAD 305', 'start': '14:00'};{'day': 'Fr', 'end': '14:55', 'location': 'CAD 305', 'start': '14:00'}","False","","3","C","20033","Research","2003"
"0000006694","1.0","0000000060","ART","31","3","4","11","13","ALS-A;HWC","Thompson, Nancy M.","{'fsnum': '13137', 'name': 'Thompson, Nancy M.'}","200","30","","","","","Medieval Art","263","{'day': 'Mo', 'end': '13:50', 'location': 'CAD 305', 'start': '12:55'};{'day': 'We', 'end': '13:50', 'location': 'CAD 305', 'start': '12:55'};{'day': 'Fr', 'end': '13:50', 'location': 'CAD 305', 'start': '12:55'}","False","","3","C","20033","Research","2003"
"0000006695","1.0","0000000069","ART","1","0","0","0","1","","Gallas, Ron","{'fsnum': '2492', 'name': 'Gallas, Ron'}","200","","","","","","IS/Ceramic Niche","298","","False","","3","O","20033","Research","2003"
"0000006696","1.0","0000000069","ART","1","0","1","0","0","","Saurer, John","{'fsnum': '7064', 'name': 'Saurer, John'}","200","","","","","","IS/Hanging Sculpture","298","","False","A","3","O","20033","Research","2003"
"0000006697","1.0","0000000069","ART","1","0","0","0","1","","Lowe, Kristen","{'fsnum': '15829', 'name': 'Lowe, Kristen'}","200","","","","","","IS/Advanced Drawing","298","","False","B","3","O","20033","Research","2003"
"0000006698","1.0","0000000069","ART","1","1","0","0","0","","Arneson, Wendell","{'fsnum': '276', 'name': 'Arneson, Wendell'}","200","","","","","","IS/Advanced Painting","298","","False","C","3","O","20033","Research","2003"
"0000006699","1.0","0000000069","ART","1","0","0","0","1","","Ojala, Margaret","{'fsnum': '5816', 'name': 'Ojala, Margaret'}","200","","","","","","IS/Alternate Photo","298","","False","D","3","O","20033","Research","2003"
"0000006700","1.0","0000000069","ART","1","0","1","0","0","","Arneson, Wendell","{'fsnum': '276', 'name': 'Arneson, Wendell'}","200","","","","","","IS/Exploring Ceramics","298","","False","E","3","O","20033","Research","2003"
"0000006701","1.0","0000000071","ART","39","0","1","0","38","","Saurer, John","{'fsnum': '7064', 'name': 'Saurer, John'}","300","50","","","","","Sr Studies/Studio Art","343","{'day': 'Mo', 'end': '22:00', 'location': 'CAD 305', 'start': '19:00'}","False","","3","O","20033","Research","2003"
"0000006702","1.0","0000000072","ART","13","0","10","0","3","ORC;WRI","Thompson, Nancy M.","{'fsnum': '13137', 'name': 'Thompson, Nancy M.'}","300","15","","","","","Methods of Art Hist","350","{'day': 'Tu', 'end': '14:45', 'location': 'CAD 204', 'start': '13:20'};{'day': 'Th', 'end': '15:35', 'location': 'CAD 204', 'start': '14:15'}","False","","3","O","20033","Research","2003"
"0000006703","1.0","0000000075","ART","1","0","1","0","0","","Ojala, Margaret","{'fsnum': '5816', 'name': 'Ojala, Margaret'}","300","","","","","","IR/Photo N' Such","398","","False","","3","O","20033","Research","2003"
"0000006704","1.0","0000000077","ASIAN","19","17","0","0","2","HWC;WRI","Dennis, Joseph","{'fsnum': '15850', 'name': 'Dennis, Joseph'}","100","20","","","","","East Asia & the West","112","{'day': 'Tu', 'end': '13:10', 'location': 'HH 515', 'start': '23:45'};{'day': 'Th', 'end': '14:05', 'location': 'HH 515', 'start': '12:45'}","False","","3","C","20033","Research","2003"
"0000006705","1.0","0000000078","ASIAN","33","15","3","8","7","MCS-G","Reed, Barbara","{'fsnum': '6625', 'name': 'Reed, Barbara'}","100","35","","4","10","4","Asian Cultures","121","{'day': 'Tu', 'end': '13:10', 'location': 'BMC 111', 'start': '23:45'};{'day': 'Th', 'end': '14:05', 'location': 'BMC 111', 'start': '12:45'}","False","","3","O","20033","Research","2003"
"0000006706","1.0","0000000087","ASIAN","32","7","13","7","5","ALS-L;MCS-G;WRI","Larson, Phyllis Hyland","{'fsnum': '4624', 'name': 'Larson, Phyllis Hyland'}","200","30","","","","","Modrn Japanese Lit-Tr","235","{'day': 'Mo', 'end': '12:45', 'location': 'RML 515', 'start': '23:50'};{'day': 'We', 'end': '12:45', 'location': 'RML 515', 'start': '23:50'};{'day': 'Fr', 'end': '12:45', 'location': 'RML 515', 'start': '23:50'}","False","","3","C","20033","Research","2003"
"0000006707","1.0","0000000088","ASIAN","13","2","2","3","6","ALS-L;MCS-G","Cannella, Shannon","{'fsnum': '15921', 'name': 'Cannella, Shannon'}","200","25","","","","","Chinese Lit--Tr","236","{'day': 'Mo', 'end': '14:55', 'location': 'OM 020', 'start': '14:00'};{'day': 'We', 'end': '14:55', 'location': 'OM 020', 'start': '14:00'};{'day': 'Fr', 'end': '14:55', 'location': 'OM 020', 'start': '14:00'}","False","","3","O","20033","Research","2003"
"0000006708","1.0","0000000091","ASIAN","18","0","2","4","12","ALS-A;MCS-G","Kucera, Karil J.","{'fsnum': '14964', 'name': 'Kucera, Karil J.'}","200","25","","","","","Vis Cult/Modern China","270","{'day': 'Mo', 'end': '12:45', 'location': 'CAD 204', 'start': '23:50'};{'day': 'We', 'end': '12:45', 'location': 'CAD 204', 'start': '23:50'};{'day': 'Fr', 'end': '12:45', 'location': 'CAD 204', 'start': '23:50'}","False","","3","O","20033","Research","2003"
"0000006709","1.0","0000000094","ASIAN","1","0","0","0","1","","Larson, Phyllis Hyland","{'fsnum': '4624', 'name': 'Larson, Phyllis Hyland'}","200","","","","","","IS/4th Year Japanese","298","","False","","3","O","20033","Research","2003"
"0000006710","1.0","0000000094","ASIAN","1","0","0","0","1","","Kucera, Karil J.","{'fsnum': '14964', 'name': 'Kucera, Karil J.'}","200","","","","","","IS/Hindu Architecture","298","","False","A","3","O","20033","Research","2003"
"0000006711","1.0","0000000094","ASIAN","1","0","0","0","1","WRI","Reed, Barbara","{'fsnum': '6625', 'name': 'Reed, Barbara'}","200","","","","","","IS/Asian Am. IDentity","298","","False","B","3","O","20033","Research","2003"
"0000006712","1.0","0000000095","ASIAN","7","0","4","1","2","ALS-A;MCS-G","Kucera, Karil J.","{'fsnum': '14964', 'name': 'Kucera, Karil J.'}","300","15","","","","","Buddhism: Text-Image","310","{'day': 'Mo', 'end': '22:00', 'location': 'CAD 204', 'start': '19:00'}","False","","3","O","20033","Research","2003"
"0000006713","1.0","0000000097","ASIAN","1","0","0","0","1","WRI","Reed, Barbara","{'fsnum': '6625', 'name': 'Reed, Barbara'}","300","","","","","","IR/Women in Buddhism","398","","False","","3","O","20033","Research","2003"
"0000006714","1.0","0000000100","BIO","22","1","6","13","2","NSC;NSL","Umbanhowar, Charles Jr.","{'fsnum': '8616', 'name': 'Umbanhowar, Charles Jr.'}","100","24","","","","","Biological Science","121","{'day': 'Mo', 'end': '10:00', 'location': 'SC 280', 'start': '09:05'};{'day': 'We', 'end': '10:00', 'location': 'SC 280', 'start': '09:05'};{'day': 'Fr', 'end': '10:00', 'location': 'SC 280', 'start': '09:05'};{'day': 'Tu', 'end': '10:00', 'location': 'SC 253', 'start': '08:00'}","False","A","3","C","20033","Research","2003"
"0000006715","1.0","0000000100","BIO","22","1","7","12","2","NSC;NSL","Umbanhowar, Charles Jr.","{'fsnum': '8616', 'name': 'Umbanhowar, Charles Jr.'}","100","24","","","","","Biological Science","121","{'day': 'Mo', 'end': '10:00', 'location': 'SC 280', 'start': '09:05'};{'day': 'We', 'end': '10:00', 'location': 'SC 280', 'start': '09:05'};{'day': 'Fr', 'end': '10:00', 'location': 'SC 280', 'start': '09:05'};{'day': 'Tu', 'end': '13:45', 'location': 'SC 253', 'start': '23:45'}","False","B","3","C","20033","Research","2003"
"0000006716","1.0","0000000100","BIO","24","1","14","1","8","NSC;NSL","Umbanhowar, Charles Jr.","{'fsnum': '8616', 'name': 'Umbanhowar, Charles Jr.'}","100","24","","","","","Biological Science","121","{'day': 'Mo', 'end': '10:00', 'location': 'SC 280', 'start': '09:05'};{'day': 'We', 'end': '10:00', 'location': 'SC 280', 'start': '09:05'};{'day': 'Fr', 'end': '10:00', 'location': 'SC 280', 'start': '09:05'};{'day': 'Tu', 'end': '17:00', 'location': 'SC 253', 'start': '15:00'}","False","C","3","C","20033","Research","2003"
"0000006717","1.0","0000000108","BIO","11","6","2","2","1","NSC;NSL","Henry, Mary C.","{'fsnum': '13155', 'name': 'Henry, Mary C.'}","100","24","","","","","Organismic Biology","126","{'day': 'Mo', 'end': '10:00', 'location': 'SC 278', 'start': '09:05'};{'day': 'We', 'end': '10:00', 'location': 'SC 278', 'start': '09:05'};{'day': 'Fr', 'end': '10:00', 'location': 'SC 278', 'start': '09:05'};{'day': 'We', 'end': '14:20', 'location': 'SC 273', 'start': '23:50'}","False","A","3","O","20033","Research","2003"
"0000006718","1.0","0000000108","BIO","23","9","0","13","1","NSC;NSL","Henry, Mary C.","{'fsnum': '13155', 'name': 'Henry, Mary C.'}","100","24","","","","","Organismic Biology","126","{'day': 'Mo', 'end': '10:00', 'location': 'SC 278', 'start': '09:05'};{'day': 'We', 'end': '10:00', 'location': 'SC 278', 'start': '09:05'};{'day': 'Fr', 'end': '10:00', 'location': 'SC 278', 'start': '09:05'};{'day': 'Th', 'end': '10:30', 'location': 'SC 273', 'start': '08:00'}","False","B","3","C","20033","Research","2003"
"0000006719","1.0","0000000108","BIO","28","12","0","15","1","NSC;NSL","Henry, Mary C.","{'fsnum': '13155', 'name': 'Henry, Mary C.'}","100","24","","","","","Organismic Biology","126","{'day': 'Mo', 'end': '10:00', 'location': 'SC 278', 'start': '09:05'};{'day': 'We', 'end': '10:00', 'location': 'SC 278', 'start': '09:05'};{'day': 'Fr', 'end': '10:00', 'location': 'SC 278', 'start': '09:05'};{'day': 'Tu', 'end': '17:30', 'location': 'SC 273', 'start': '15:00'}","False","C","3","C","20033","Research","2003"
"0000006720","1.0","0000000108","BIO","24","6","1","16","1","NSC;NSL","Shea, Kathleen L.","{'fsnum': '7450', 'name': 'Shea, Kathleen L.'}","100","24","","","","","Organismic Biology","126","{'day': 'Mo', 'end': '11:40', 'location': 'SC 278', 'start': '10:45'};{'day': 'We', 'end': '11:40', 'location': 'SC 278', 'start': '10:45'};{'day': 'Fr', 'end': '11:40', 'location': 'SC 278', 'start': '10:45'};{'day': 'Tu', 'end': '10:30', 'location': 'SC 273', 'start': '08:00'}","False","D","3","C","20033","Research","2003"
"0000006721","1.0","0000000108","BIO","23","9","3","9","2","NSC;NSL","Shea, Kathleen L.","{'fsnum': '7450', 'name': 'Shea, Kathleen L.'}","100","24","","","","","Organismic Biology","126","{'day': 'Mo', 'end': '11:40', 'location': 'SC 278', 'start': '10:45'};{'day': 'We', 'end': '11:40', 'location': 'SC 278', 'start': '10:45'};{'day': 'Fr', 'end': '11:40', 'location': 'SC 278', 'start': '10:45'};{'day': 'Tu', 'end': '14:15', 'location': 'SC 273', 'start': '23:45'}","False","E","3","C","20033","Research","2003"
"0000006722","1.0","0000000108","BIO","25","7","2","12","4","NSC;NSL","Shea, Kathleen L.","{'fsnum': '7450', 'name': 'Shea, Kathleen L.'}","100","24","","","","","Organismic Biology","126","{'day': 'Mo', 'end': '11:40', 'location': 'SC 278', 'start': '10:45'};{'day': 'We', 'end': '11:40', 'location': 'SC 278', 'start': '10:45'};{'day': 'Fr', 'end': '11:40', 'location': 'SC 278', 'start': '10:45'};{'day': 'We', 'end': '17:30', 'location': 'SC 273', 'start': '15:00'}","False","F","3","C","20033","Research","2003"
"0000006723","1.0","0000000108","BIO","21","11","0","10","0","NSC;NSL","Angell, Diane K.","{'fsnum': '256', 'name': 'Angell, Diane K.'}","100","24","","","","","Organismic Biology","126","{'day': 'Mo', 'end': '15:50', 'location': 'SC 273', 'start': '13:20'};{'day': 'Mo', 'end': '12:45', 'location': 'SC 278', 'start': '23:50'};{'day': 'We', 'end': '12:45', 'location': 'SC 278', 'start': '23:50'};{'day': 'Fr', 'end': '12:45', 'location': 'SC 278', 'start': '23:50'}","False","G","3","O","20033","Research","2003"
"0000006724","1.0","0000000108","BIO","19","3","0","14","2","NSC;NSL","Angell, Diane K.","{'fsnum': '256', 'name': 'Angell, Diane K.'}","100","24","","","","","Organismic Biology","126","{'day': 'Mo', 'end': '12:45', 'location': 'SC 278', 'start': '23:50'};{'day': 'We', 'end': '12:45', 'location': 'SC 278', 'start': '23:50'};{'day': 'Fr', 'end': '12:45', 'location': 'SC 278', 'start': '23:50'};{'day': 'Th', 'end': '15:50', 'location': 'SC 273', 'start': '13:20'}","False","H","3","C","20033","Research","2003"
"0000006725","1.0","0000000108","BIO","19","7","0","11","1","NSC;NSL","Angell, Diane K.","{'fsnum': '256', 'name': 'Angell, Diane K.'}","100","24","","","","","Organismic Biology","126","{'day': 'Fr', 'end': '16:30', 'location': 'SC 273', 'start': '14:00'};{'day': 'Mo', 'end': '12:45', 'location': 'SC 278', 'start': '23:50'};{'day': 'We', 'end': '12:45', 'location': 'SC 278', 'start': '23:50'};{'day': 'Fr', 'end': '12:45', 'location': 'SC 278', 'start': '23:50'}","False","I","3","O","20033","Research","2003"
"0000006726","1.0","0000000118","BIO","0","0","0","0","0","","Staff","{'fsnum': '', 'name': 'Staff'}","200","0","0","0","0","0","Terrestrial Ecology","226","","False","","3","O","20033","Research","2003"
"0000006727","1.0","0000000119","BIO","20","0","2","13","5","","Cronin, Stephen","{'fsnum': '15974', 'name': 'Cronin, Stephen'}","200","20","","","","","Microbiology","231","{'day': 'Mo', 'end': '11:40', 'location': 'SC 280', 'start': '10:45'};{'day': 'We', 'end': '11:40', 'location': 'SC 280', 'start': '10:45'};{'day': 'Fr', 'end': '11:40', 'location': 'SC 280', 'start': '10:45'};{'day': 'Tu', 'end': '14:45', 'location': 'SC 263', 'start': '23:45'}","False","A","3","C","20033","Research","2003"
"0000006728","1.0","0000000119","BIO","24","0","5","11","8","","Cronin, Stephen","{'fsnum': '15974', 'name': 'Cronin, Stephen'}","200","20","","","","","Microbiology","231","{'day': 'Mo', 'end': '11:40', 'location': 'SC 280', 'start': '10:45'};{'day': 'We', 'end': '11:40', 'location': 'SC 280', 'start': '10:45'};{'day': 'Fr', 'end': '11:40', 'location': 'SC 280', 'start': '10:45'};{'day': 'We', 'end': '17:00', 'location': 'SC 263', 'start': '14:00'}","False","B","3","C","20033","Research","2003"
"0000006729","1.0","0000000119","BIO","9","0","1","7","1","","Cronin, Stephen","{'fsnum': '15974', 'name': 'Cronin, Stephen'}","200","20","","","","","Microbiology","231","{'day': 'Mo', 'end': '11:40', 'location': 'SC 280', 'start': '10:45'};{'day': 'We', 'end': '11:40', 'location': 'SC 280', 'start': '10:45'};{'day': 'Fr', 'end': '11:40', 'location': 'SC 280', 'start': '10:45'};{'day': 'Th', 'end': '16:20', 'location': 'SC 263', 'start': '13:20'}","False","C","3","O","20033","Research","2003"
"0000006730","1.0","0000000122","BIO","23","0","6","13","4","","Rutherford, Robert","{'fsnum': '15752', 'name': 'Rutherford, Robert'}","200","24","","","","","Intermediate Genetics","233","{'day': 'Mo', 'end': '12:45', 'location': 'SC 280', 'start': '23:50'};{'day': 'We', 'end': '12:45', 'location': 'SC 280', 'start': '23:50'};{'day': 'Fr', 'end': '12:45', 'location': 'SC 280', 'start': '23:50'};{'day': 'Th', 'end': '11:00', 'location': 'SC 211', 'start': '08:00'}","False","A","3","C","20033","Research","2003"
"0000006731","1.0","0000000122","BIO","24","0","8","11","5","","Rutherford, Robert","{'fsnum': '15752', 'name': 'Rutherford, Robert'}","200","24","","","","","Intermediate Genetics","233","{'day': 'Mo', 'end': '12:45', 'location': 'SC 280', 'start': '23:50'};{'day': 'We', 'end': '12:45', 'location': 'SC 280', 'start': '23:50'};{'day': 'Fr', 'end': '12:45', 'location': 'SC 280', 'start': '23:50'};{'day': 'Th', 'end': '17:15', 'location': 'SC 211', 'start': '14:15'}","False","B","3","C","20033","Research","2003"
"0000006732","1.0","0000000124","BIO","11","0","3","3","5","","Bakko, Eugene","{'fsnum': '325', 'name': 'Bakko, Eugene'}","200","18","","","","","Vertebrate Biology","242","{'day': 'Tu', 'end': '16:20', 'location': 'SC 269', 'start': '13:20'};{'day': 'Tu', 'end': '09:25', 'location': 'SC 278', 'start': '08:00'};{'day': 'Th', 'end': '09:20', 'location': 'SC 278', 'start': '08:00'}","False","A","3","O","20033","Research","2003"
"0000006733","1.0","0000000124","BIO","9","1","4","4","0","","Bakko, Eugene","{'fsnum': '325', 'name': 'Bakko, Eugene'}","200","18","","","","","Vertebrate Biology","242","{'day': 'Tu', 'end': '09:25', 'location': 'SC 278', 'start': '08:00'};{'day': 'Th', 'end': '16:20', 'location': 'SC 269', 'start': '13:20'};{'day': 'Th', 'end': '09:20', 'location': 'SC 278', 'start': '08:00'}","False","B","3","O","20033","Research","2003"
"0000006734","1.0","0000000126","BIO","21","1","11","6","3","","Jurney, William","{'fsnum': '15932', 'name': 'Jurney, William'}","200","24","","","","","Human Anatomy & Physiol","243","{'day': 'Mo', 'end': '11:40', 'location': 'SC 282', 'start': '10:45'};{'day': 'We', 'end': '11:40', 'location': 'SC 282', 'start': '10:45'};{'day': 'Fr', 'end': '11:40', 'location': 'SC 282', 'start': '10:45'};{'day': 'We', 'end': '15:55', 'location': 'SC 253', 'start': '12:55'}","False","A","3","C","20033","Research","2003"
"0000006735","1.0","0000000126","BIO","23","1","12","2","8","","Jurney, William","{'fsnum': '15932', 'name': 'Jurney, William'}","200","24","","","","","Human Anatomy & Physiol","243","{'day': 'Mo', 'end': '11:40', 'location': 'SC 282', 'start': '10:45'};{'day': 'We', 'end': '11:40', 'location': 'SC 282', 'start': '10:45'};{'day': 'Fr', 'end': '11:40', 'location': 'SC 282', 'start': '10:45'};{'day': 'Th', 'end': '17:15', 'location': 'SC 253', 'start': '14:15'}","False","B","3","C","20033","Research","2003"
"0000006736","1.0","0000000134","BIO","6","0","4","1","1","","Giannini, John","{'fsnum': '2593', 'name': 'Giannini, John'}","200","12","","","","","Plant Physiology","251","{'day': 'Mo', 'end': '15:55', 'location': 'SC 227', 'start': '12:55'};{'day': 'Mo', 'end': '11:40', 'location': 'SC 274', 'start': '10:45'};{'day': 'We', 'end': '11:40', 'location': 'SC 274', 'start': '10:45'};{'day': 'Fr', 'end': '11:40', 'location': 'SC 274', 'start': '10:45'}","False","A","3","O","20033","Research","2003"
"0000006737","1.0","0000000134","BIO","11","0","3","0","8","","Giannini, John","{'fsnum': '2593', 'name': 'Giannini, John'}","200","12","","","","","Plant Physiology","251","{'day': 'Mo', 'end': '11:40', 'location': 'SC 274', 'start': '10:45'};{'day': 'We', 'end': '11:40', 'location': 'SC 274', 'start': '10:45'};{'day': 'Fr', 'end': '11:40', 'location': 'SC 274', 'start': '10:45'};{'day': 'Tu', 'end': '16:20', 'location': 'SC 227', 'start': '13:20'}","False","B","3","O","20033","Research","2003"
"0000006738","1.0","0000000139","BIO","14","0","3","6","5","NSC;NSL","Swift, Michael","{'fsnum': '8210', 'name': 'Swift, Michael'}","200","18","","","","","Ecological Principles","261","{'day': 'Mo', 'end': '08:55', 'location': 'SC 278', 'start': '08:00'};{'day': 'We', 'end': '08:55', 'location': 'SC 278', 'start': '08:00'};{'day': 'Fr', 'end': '08:55', 'location': 'SC 278', 'start': '08:00'};{'day': 'Tu', 'end': '16:20', 'location': 'SC 248', 'start': '13:20'}","False","A","3","O","20033","Research","2003"
"0000006739","1.0","0000000139","BIO","11","0","6","3","2","NSC;NSL","Swift, Michael","{'fsnum': '8210', 'name': 'Swift, Michael'}","200","18","","","","","Ecological Principles","261","{'day': 'Mo', 'end': '08:55', 'location': 'SC 278', 'start': '08:00'};{'day': 'We', 'end': '08:55', 'location': 'SC 278', 'start': '08:00'};{'day': 'Fr', 'end': '08:55', 'location': 'SC 278', 'start': '08:00'};{'day': 'We', 'end': '17:00', 'location': 'SC 248', 'start': '14:00'}","False","B","3","O","20033","Research","2003"
"0000006740","1.0","0000000139","BIO","13","0","3","3","7","NSC;NSL","Swift, Michael","{'fsnum': '8210', 'name': 'Swift, Michael'}","200","18","","","","","Ecological Principles","261","{'day': 'Mo', 'end': '08:55', 'location': 'SC 278', 'start': '08:00'};{'day': 'We', 'end': '08:55', 'location': 'SC 278', 'start': '08:00'};{'day': 'Fr', 'end': '08:55', 'location': 'SC 278', 'start': '08:00'};{'day': 'Th', 'end': '17:15', 'location': 'SC 248', 'start': '14:15'}","False","C","3","O","20033","Research","2003"
"0000006741","1.0","0000000142","BIO","13","0","5","0","8","","Kermott, Louis Henry","{'fsnum': '4284', 'name': 'Kermott, Louis Henry'}","200","16","","","","","Comp Vertebrate Anat","266","{'day': 'Mo', 'end': '16:00', 'location': 'SC 253', 'start': '13:00'};{'day': 'Mo', 'end': '08:55', 'location': 'SC 274', 'start': '08:00'};{'day': 'We', 'end': '08:55', 'location': 'SC 274', 'start': '08:00'};{'day': 'Fr', 'end': '08:55', 'location': 'SC 274', 'start': '08:00'}","False","A","3","C","20033","Research","2003"
"0000006742","1.0","0000000142","BIO","11","1","2","4","4","","Kermott, Louis Henry","{'fsnum': '4284', 'name': 'Kermott, Louis Henry'}","200","16","","","","","Comp Vertebrate Anat","266","{'day': 'Mo', 'end': '08:55', 'location': 'SC 274', 'start': '08:00'};{'day': 'We', 'end': '08:55', 'location': 'SC 274', 'start': '08:00'};{'day': 'Fr', 'end': '08:55', 'location': 'SC 274', 'start': '08:00'};{'day': 'Th', 'end': '11:00', 'location': 'SC 253', 'start': '08:00'}","False","B","3","O","20033","Research","2003"
"0000006743","0.25","0000000152","BIO","2","0","0","0","2","","Walter, Anne","{'fsnum': '8876', 'name': 'Walter, Anne'}","200","","","","","","Top: Med Terminology","291","","False","B","3","C","20033","Topic","2003"
"0000006744","1.0","0000000153","BIO","1","0","0","0","1","","Kandl, Kim A.","{'fsnum': '13100', 'name': 'Kandl, Kim A.'}","200","","","","","","Academic Internship","294","","True","","3","O","20033","Research","2003"
"0000006745","1.0","0000000153","BIO","1","0","0","0","1","","Porterfield, Jean C.","{'fsnum': '14015', 'name': 'Porterfield, Jean C.'}","200","","","","","","Academic Internship","294","","True","A","3","O","20033","Research","2003"
"0000006746","1.0","0000000154","BIO","4","0","0","1","3","","Jurney, William","{'fsnum': '15932', 'name': 'Jurney, William'}","200","","","","","","IS/Human Gross Anat","298","","False","","3","O","20033","Research","2003"
"0000006747","1.0","0000000154","BIO","1","0","0","0","1","","Kermott, Louis Henry","{'fsnum': '4284', 'name': 'Kermott, Louis Henry'}","200","","","","","","IS/Wren Research","298","","False","A","3","O","20033","Research","2003"
"0000006748","1.0","0000000154","BIO","1","0","0","0","1","","Umbanhowar, Charles Jr.","{'fsnum': '8616', 'name': 'Umbanhowar, Charles Jr.'}","200","","","","","","IS/Plant Biomechanics","298","","False","B","3","O","20033","Research","2003"
"0000006749","1.0","0000000159","BIO","8","0","0","1","7","","Kandl, Kim A.","{'fsnum': '13100', 'name': 'Kandl, Kim A.'}","300","12","","","","","Molecular Biology","364","{'day': 'Mo', 'end': '15:55', 'location': 'SC 211', 'start': '12:55'};{'day': 'Tu', 'end': '11:00', 'location': 'SC 274', 'start': '09:35'};{'day': 'Th', 'end': '10:50', 'location': 'SC 274', 'start': '09:30'}","False","A","3","O","20033","Research","2003"
"0000006750","1.0","0000000159","BIO","5","0","2","0","3","","Kandl, Kim A.","{'fsnum': '13100', 'name': 'Kandl, Kim A.'}","300","12","","","","","Molecular Biology","364","{'day': 'Tu', 'end': '16:20', 'location': 'SC 211', 'start': '13:20'};{'day': 'Tu', 'end': '11:00', 'location': 'SC 274', 'start': '09:35'};{'day': 'Th', 'end': '10:50', 'location': 'SC 274', 'start': '09:30'}","False","B","3","O","20033","Research","2003"
"0000006751","1.0","0000000164","BIO","3","0","1","0","2","WRI","Cole, Eric","{'fsnum': '1206', 'name': 'Cole, Eric'}","300","15","","","","","Developmental Biology","372","{'day': 'Tu', 'end': '09:25', 'location': 'SC 274', 'start': '08:00'};{'day': 'Th', 'end': '09:20', 'location': 'SC 274', 'start': '08:00'};{'day': 'Th', 'end': '15:50', 'location': 'SC 229', 'start': '12:50'}","False","","3","O","20033","Research","2003"
"0000006752","1.0","0000000169","BIO","17","0","5","0","12","ORC","Porterfield, Jean C.","{'fsnum': '14015', 'name': 'Porterfield, Jean C.'}","300","18","","","","","Evolutionary Biology","383","{'day': 'Tu', 'end': '13:10', 'location': 'SC 274', 'start': '23:45'};{'day': 'Th', 'end': '14:05', 'location': 'SC 210', 'start': '12:45'}","False","","3","C","20033","Research","2003"
"0000006753","1.0","0000000175","BIO","1","0","0","0","1","","Porterfield, Jean C.","{'fsnum': '14015', 'name': 'Porterfield, Jean C.'}","300","","","","","","IR/Fish Phylogeograph","398","","False","","3","O","20033","Research","2003"
"0000006754","1.0","0000000175","BIO","1","0","0","0","1","WRI","Swift, Michael","{'fsnum': '8210', 'name': 'Swift, Michael'}","300","","","","","","IR/Insect Genetics","398","","False","A","3","O","20033","Research","2003"
"0000006755","1.0","0000000175","BIO","1","0","1","0","0","","Henry, Mary C.","{'fsnum': '13155', 'name': 'Henry, Mary C.'}","300","","","","","","IR/Learning in Flies","398","","False","B","3","O","20033","Research","2003"
"0000006756","1.0","0000000175","BIO","1","0","0","0","1","","Porterfield, Jean C.","{'fsnum': '14015', 'name': 'Porterfield, Jean C.'}","300","","","","","","IR/Darter Genetics","398","","False","C","3","O","20033","Research","2003"
"0000006757","1.0","0000000175","BIO","1","0","0","0","1","","Cronin, Stephen","{'fsnum': '15974', 'name': 'Cronin, Stephen'}","300","","","","","","IR/Ionicity & Yeast","398","","False","D","3","O","20033","Research","2003"
"0000006758","1.0","0000000175","BIO","1","0","0","0","1","","Swift, Michael","{'fsnum': '8210', 'name': 'Swift, Michael'}","300","","","","","","IR/Phylogeny Research","398","","False","E","3","O","20033","Research","2003"
"0000006759","1.0","0000000175","BIO","1","0","1","0","0","","Kandl, Kim A.","{'fsnum': '13100', 'name': 'Kandl, Kim A.'}","300","","","","","","IR/Genetics Research","398","","False","F","3","O","20033","Research","2003"
"0000006760","1.0","0000000175","BIO","1","0","0","0","1","","Rutherford, Robert","{'fsnum': '15752', 'name': 'Rutherford, Robert'}","300","","","","","","IR/Bio Info R & D","398","","False","G","3","O","20033","Research","2003"
"0000006765","1.0","0000000182","CHEM","44","25","1","10","8","NSC;NSL","Walczak, Mary","{'fsnum': '8868', 'name': 'Walczak, Mary'}","100","48","","","","","Fundamentls of Chem","111","{'day': 'Tu', 'end': '13:10', 'location': 'SC 378', 'start': '23:45'};{'day': 'Th', 'end': '14:05', 'location': 'SC 378', 'start': '12:45'}","False","","3","O","20033","Research","2003"
"0000006766","","0000000183","CHEM","0","0","0","0","0","","Abdella, Beth","{'fsnum': '25', 'name': 'Abdella, Beth'}","100","24","","","","","Fundamentls Chem/Lab","111","{'day': 'We', 'end': '17:00', 'location': 'SC 371', 'start': '14:00'}","False","A","3","C","20033","Lab","2003"
"0000006767","","0000000183","CHEM","0","0","0","0","0","","Abdella, Beth","{'fsnum': '25', 'name': 'Abdella, Beth'}","100","24","","","","","Fundamentls Chem/Lab","111","{'day': 'Th', 'end': '10:50', 'location': 'SC 371', 'start': '08:00'}","False","B","3","O","20033","Lab","2003"
"0000006768","1.0","0000000194","CHEM","54","30","3","19","2","NSC;NSL","Riley, Patrick N.","{'fsnum': '14194', 'name': 'Riley, Patrick N.'}","100","53","","","","","Chemical Reactions","126","{'day': 'Mo', 'end': '08:55', 'location': 'SC 378', 'start': '08:00'};{'day': 'We', 'end': '08:55', 'location': 'SC 378', 'start': '08:00'};{'day': 'Fr', 'end': '08:55', 'location': 'SC 378', 'start': '08:00'}","False","A","3","C","20033","Research","2003"
"0000006770","1.0","0000000194","CHEM","50","35","2","12","1","NSC;NSL","Hanson, Robert","{'fsnum': '3090', 'name': 'Hanson, Robert'}","100","53","","","","","Chemical Reactions","126","{'day': 'Mo', 'end': '10:00', 'location': 'SC 378', 'start': '09:05'};{'day': 'We', 'end': '10:00', 'location': 'SC 378', 'start': '09:05'};{'day': 'Fr', 'end': '10:00', 'location': 'SC 378', 'start': '09:05'}","False","B","3","C","20033","Research","2003"
"0000006772","1.0","0000000194","CHEM","54","29","4","18","3","NSC;NSL","Riley, Patrick N.","{'fsnum': '14194', 'name': 'Riley, Patrick N.'}","100","53","","","","","Chemical Reactions","126","{'day': 'Mo', 'end': '11:40', 'location': 'SC 378', 'start': '10:45'};{'day': 'We', 'end': '11:40', 'location': 'SC 378', 'start': '10:45'};{'day': 'Fr', 'end': '11:40', 'location': 'SC 378', 'start': '10:45'}","False","C","3","C","20033","Research","2003"
"0000006774","1.0","0000000194","CHEM","45","35","0","8","2","NSC;NSL","Hanson, Robert","{'fsnum': '3090', 'name': 'Hanson, Robert'}","100","50","","","","","Chemical Reactions","126","{'day': 'Mo', 'end': '12:45', 'location': 'SC 378', 'start': '23:50'};{'day': 'We', 'end': '12:45', 'location': 'SC 378', 'start': '23:50'};{'day': 'Fr', 'end': '12:45', 'location': 'SC 378', 'start': '23:50'}","False","D","3","C","20033","Research","2003"
"0000006769","","0000000195","CHEM","0","0","0","0","0","","Schwinefus, Jeff J.","{'fsnum': '14915', 'name': 'Schwinefus, Jeff J.'}","100","26","","","","","Chem Reactions/Lab","126","{'day': 'Mo', 'end': '17:00', 'location': 'SC 374/363', 'start': '14:00'}","False","A","3","C","20033","Lab","2003"
"0000006771","","0000000195","CHEM","0","0","0","0","0","","Riley, Patrick N.","{'fsnum': '14194', 'name': 'Riley, Patrick N.'}","100","28","","","","","Chem Reactions/Lab","126","{'day': 'Tu', 'end': '11:00', 'location': 'SC 374/363', 'start': '08:00'}","False","B","3","O","20033","Lab","2003"
"0000006773","","0000000195","CHEM","0","0","0","0","0","","Miessler, Gary","{'fsnum': '5287', 'name': 'Miessler, Gary'}","100","26","","","","","Chem Reactions/Lab","126","{'day': 'Tu', 'end': '14:45', 'location': 'SC 374/363', 'start': '23:45'}","False","C","3","C","20033","Lab","2003"
"0000006775","","0000000195","CHEM","0","0","0","0","0","","Miessler, Gary","{'fsnum': '5287', 'name': 'Miessler, Gary'}","100","26","","","","","Chem Reactions/Lab","126","{'day': 'Tu', 'end': '18:00', 'location': 'SC 374/363', 'start': '15:00'}","False","D","3","C","20033","Lab","2003"
"0000006776","","0000000195","CHEM","0","0","0","0","0","","Jackson, Paul T.","{'fsnum': '3644', 'name': 'Jackson, Paul T.'}","100","28","","","","","Chem Reactions/Lab","126","{'day': 'We', 'end': '17:00', 'location': 'SC 374/363', 'start': '14:00'}","False","E","3","C","20033","Lab","2003"
"0000006777","","0000000195","CHEM","0","0","0","0","0","","Hanson, Robert","{'fsnum': '3090', 'name': 'Hanson, Robert'}","100","28","","","","","Chem Reactions/Lab","126","{'day': 'Th', 'end': '11:00', 'location': 'SC 374/363', 'start': '08:00'}","False","F","3","O","20033","Lab","2003"
"0000006778","","0000000195","CHEM","0","0","0","0","0","","Jackson, Paul T.","{'fsnum': '3644', 'name': 'Jackson, Paul T.'}","100","28","","","","","Chem Reactions/Lab","126","{'day': 'Th', 'end': '15:50', 'location': 'SC 374/371', 'start': '12:50'}","False","G","3","C","20033","Lab","2003"
"0000006779","","0000000195","CHEM","0","0","0","0","0","","Miessler, Gary","{'fsnum': '5287', 'name': 'Miessler, Gary'}","100","20","","","","","Chem Reactions/Lab","126","{'day': 'Th', 'end': '18:00', 'location': 'SC 374/363', 'start': '15:00'}","False","H","3","O","20033","Lab","2003"
"0000006780","1.0","0000000197","CHEM","46","0","6","38","2","","Pearson, Wesley","{'fsnum': '6161', 'name': 'Pearson, Wesley'}","200","50","","","","","Organic Chemistry","248","{'day': 'Mo', 'end': '08:55', 'location': 'SC 282', 'start': '08:00'};{'day': 'We', 'end': '08:55', 'location': 'SC 282', 'start': '08:00'};{'day': 'Fr', 'end': '08:55', 'location': 'SC 282', 'start': '08:00'}","False","A","3","O","20033","Research","2003"
"0000006781","1.0","0000000197","CHEM","43","0","3","39","1","","Spessard, Gary O.","{'fsnum': '7851', 'name': 'Spessard, Gary O.'}","200","50","","","","","Organic Chemistry","248","{'day': 'Mo', 'end': '10:00', 'location': 'SC 282', 'start': '09:05'};{'day': 'We', 'end': '10:00', 'location': 'SC 282', 'start': '09:05'};{'day': 'Fr', 'end': '10:00', 'location': 'SC 282', 'start': '09:05'}","False","B","3","C","20033","Research","2003"
"0000006782","0.25","0000000200","CHEM","19","0","4","15","0","","Spessard, Gary O.","{'fsnum': '7851', 'name': 'Spessard, Gary O.'}","200","24","","","","","Synthesis Lab","254","{'day': 'Mo', 'end': '17:00', 'location': 'SC 378/311', 'start': '14:00'}","True","A","3","O","20033","Lab","2003"
"0000006783","0.25","0000000200","CHEM","17","0","1","15","1","","Spessard, Gary O.","{'fsnum': '7851', 'name': 'Spessard, Gary O.'}","200","16","","","","","Synthesis Lab","254","{'day': 'Tu', 'end': '11:00', 'location': 'SC 378/311', 'start': '08:00'}","True","B","3","C","20033","Lab","2003"
"0000006784","0.25","0000000200","CHEM","18","0","2","16","0","","Pearson, Wesley","{'fsnum': '6161', 'name': 'Pearson, Wesley'}","200","16","","","","","Synthesis Lab","254","{'day': 'Tu', 'end': '16:20', 'location': 'SC 378/311', 'start': '13:20'}","True","C","3","C","20033","Lab","2003"
"0000006785","0.25","0000000200","CHEM","21","0","4","17","0","","Riley, Patrick N.","{'fsnum': '14194', 'name': 'Riley, Patrick N.'}","200","24","","","","","Synthesis Lab","254","{'day': 'We', 'end': '17:00', 'location': 'SC 378/311', 'start': '14:00'}","True","D","3","O","20033","Lab","2003"
"0000006786","0.25","0000000200","CHEM","15","0","0","14","1","","Pearson, Wesley","{'fsnum': '6161', 'name': 'Pearson, Wesley'}","200","16","","","","","Synthesis Lab","254","{'day': 'Th', 'end': '11:00', 'location': 'SC 378/311', 'start': '08:00'}","True","E","3","O","20033","Lab","2003"
"0000006787","1.0","0000000201","CHEM","21","0","15","2","4","","Beussman, Douglas J.","{'fsnum': '15745', 'name': 'Beussman, Douglas J.'}","200","32","","","","","Analytical Chem","255","{'day': 'Tu', 'end': '11:00', 'location': 'SC 282', 'start': '09:35'};{'day': 'Th', 'end': '10:50', 'location': 'SC 282', 'start': '09:30'}","False","","3","O","20033","Research","2003"
"0000006788","0.25","0000000202","CHEM","13","0","8","2","3","","Beussman, Douglas J.","{'fsnum': '15745', 'name': 'Beussman, Douglas J.'}","200","12","","","","","Analytical Lab","256","{'day': 'Tu', 'end': '17:20', 'location': 'SC 321', 'start': '13:20'}","True","A","3","C","20033","Lab","2003"
"0000006789","0.25","0000000202","CHEM","8","0","7","0","1","","Beussman, Douglas J.","{'fsnum': '15745', 'name': 'Beussman, Douglas J.'}","200","16","","","","","Analytical Lab","256","{'day': 'We', 'end': '17:00', 'location': 'SC 321', 'start': '13:00'}","True","B","3","C","20033","Lab","2003"
"0000006790","1.0","0000000204","CHEM","1","0","0","0","1","","Hanson, Robert","{'fsnum': '3090', 'name': 'Hanson, Robert'}","200","","","","","","Academic Internship","294","","True","","3","O","20033","Research","2003"
"0000006791","0.25","0000000206","CHEM","9","0","2","0","7","","Schwinefus, Jeff J.","{'fsnum': '14915', 'name': 'Schwinefus, Jeff J.'}","300","7","","","","","Physical Lab","357","{'day': 'Tu', 'end': '17:20', 'location': 'SC 329', 'start': '13:20'}","True","A","3","C","20033","Lab","2003"
"0000006792","0.25","0000000206","CHEM","8","0","5","0","3","","Schwinefus, Jeff J.","{'fsnum': '14915', 'name': 'Schwinefus, Jeff J.'}","300","12","","","","","Physical Lab","357","{'day': 'We', 'end': '17:00', 'location': 'SC 329', 'start': '13:00'}","True","B","3","O","20033","Lab","2003"
"0000006793","1.0","0000000207","CHEM","17","0","7","0","10","","Miessler, Gary","{'fsnum': '5287', 'name': 'Miessler, Gary'}","300","34","","","","","Physical Chemistry","371","{'day': 'Mo', 'end': '10:00', 'location': 'SC 374', 'start': '09:05'};{'day': 'We', 'end': '10:00', 'location': 'SC 374', 'start': '09:05'};{'day': 'Fr', 'end': '10:00', 'location': 'SC 374', 'start': '09:05'}","False","","3","O","20033","Research","2003"
"0000006794","0.25","0000000209","CHEM","6","0","3","0","3","","Muth, Greg W.","{'fsnum': '14961', 'name': 'Muth, Greg W.'}","300","12","","","","","Experimental Biochem","373","{'day': 'Tu', 'end': '17:30', 'location': 'SC 344', 'start': '13:30'}","True","","3","O","20033","Lab","2003"
"0000006795","0.25","0000000210","CHEM","3","0","2","0","1","","Spessard, Gary O.","{'fsnum': '7851', 'name': 'Spessard, Gary O.'}","300","10","","","","","Adv Synthesis Lab","374","{'day': 'Th', 'end': '17:20', 'location': 'SC 340', 'start': '13:20'}","True","","3","O","20033","Lab","2003"
"0000006796","0.25","0000000211","CHEM","1","0","1","0","0","","Staff","{'fsnum': '', 'name': 'Staff'}","300","5","","","","","Advanced Lab","375","","True","","3","O","20033","Lab","2003"
"0000006797","1.0","0000000214","CHEM","32","0","10","0","22","","Abdella, Beth","{'fsnum': '25', 'name': 'Abdella, Beth'}","300","34","","","","","Biochemistry I","379","{'day': 'Mo', 'end': '12:45', 'location': 'SC 274', 'start': '23:50'};{'day': 'We', 'end': '12:45', 'location': 'SC 274', 'start': '23:50'};{'day': 'Fr', 'end': '12:45', 'location': 'SC 274', 'start': '23:50'}","False","","3","O","20033","Research","2003"
"0000006798","1.0","0000000218","CHEM","11","0","5","0","6","","Muth, Greg W.","{'fsnum': '14961', 'name': 'Muth, Greg W.'}","300","34","","","","","Biochemistry II","385","{'day': 'Mo', 'end': '11:40', 'location': 'SC 374', 'start': '10:45'};{'day': 'We', 'end': '11:40', 'location': 'SC 374', 'start': '10:45'};{'day': 'Fr', 'end': '11:40', 'location': 'SC 374', 'start': '10:45'}","False","","3","O","20033","Research","2003"
"0000006799","1.0","0000000219","CHEM","9","0","5","0","4","","Miessler, Gary","{'fsnum': '5287', 'name': 'Miessler, Gary'}","300","35","","","","","Adv Inorganic Chem","386","{'day': 'Mo', 'end': '12:45', 'location': 'SC 374', 'start': '23:50'};{'day': 'We', 'end': '12:45', 'location': 'SC 374', 'start': '23:50'};{'day': 'Fr', 'end': '12:45', 'location': 'SC 374', 'start': '23:50'}","False","","3","O","20033","Research","2003"
"0000006800","1.0","0000000221","CHEM","7","0","2","0","5","","Schwinefus, Jeff J.","{'fsnum': '14915', 'name': 'Schwinefus, Jeff J.'}","300","12","","","","","Top: Biophysical Chem","391","{'day': 'Tu', 'end': '09:25', 'location': 'SC 310', 'start': '08:00'};{'day': 'Th', 'end': '09:20', 'location': 'SC 310', 'start': '08:00'}","False","","3","O","20033","Topic","2003"
"0000006801","1.0","0000000223","CHEM","1","0","1","0","0","","Muth, Greg W.","{'fsnum': '14961', 'name': 'Muth, Greg W.'}","300","","","","","","IR/Thiamin Regulation","398","","False","","3","O","20033","Research","2003"
"0000006803","1.0","0000000239","CHIN","8","5","1","0","2","","Cannella, Shannon","{'fsnum': '15921', 'name': 'Cannella, Shannon'}","100","20","","","","","Beginning Chinese II","112","{'day': 'Mo', 'end': '10:00', 'location': 'OM 001', 'start': '09:05'};{'day': 'We', 'end': '10:00', 'location': 'OM 001', 'start': '09:05'};{'day': 'Fr', 'end': '10:00', 'location': 'OM 001', 'start': '09:05'};{'day': 'Tu', 'end': '09:25', 'location': 'OM 001', 'start': '08:00'}","False","A","3","O","20033","Research","2003"
"0000006804","1.0","0000000239","CHIN","6","4","0","0","2","","Cannella, Shannon","{'fsnum': '15921', 'name': 'Cannella, Shannon'}","100","20","","","","","Beginning Chinese II","112","{'day': 'Mo', 'end': '12:45', 'location': 'RML 577', 'start': '23:50'};{'day': 'We', 'end': '12:45', 'location': 'RML 577', 'start': '23:50'};{'day': 'Fr', 'end': '12:45', 'location': 'RML 577', 'start': '23:50'};{'day': 'Tu', 'end': '11:00', 'location': 'OM 001', 'start': '09:35'}","False","B","3","O","20033","Research","2003"
"0000006805","1.0","0000000239","CHIN","7","7","0","0","0","","Cannella, Shannon","{'fsnum': '15921', 'name': 'Cannella, Shannon'}","100","20","","","","","Beginning Chinese II","112","{'day': 'Mo', 'end': '10:00', 'location': 'OM 001', 'start': '09:05'};{'day': 'We', 'end': '10:00', 'location': 'OM 001', 'start': '09:05'};{'day': 'Fr', 'end': '10:00', 'location': 'OM 001', 'start': '09:05'};{'day': 'Tu', 'end': '11:00', 'location': 'OM 001', 'start': '09:35'}","False","C","3","O","20033","Research","2003"
"0000006806","1.0","0000000239","CHIN","3","2","0","0","1","","Cannella, Shannon","{'fsnum': '15921', 'name': 'Cannella, Shannon'}","100","20","","","","","Beginning Chinese II","112","{'day': 'Mo', 'end': '12:45', 'location': 'RML 577', 'start': '23:50'};{'day': 'We', 'end': '12:45', 'location': 'RML 577', 'start': '23:50'};{'day': 'Fr', 'end': '12:45', 'location': 'RML 577', 'start': '23:50'};{'day': 'Tu', 'end': '09:25', 'location': 'OM 001', 'start': '08:00'}","False","D","3","O","20033","Research","2003"
"0000006807","1.0","0000000243","CHIN","14","0","1","11","2","FOL-C","Wan, Pin Pin","{'fsnum': '8890', 'name': 'Wan, Pin Pin'}","200","30","","","","","Intermed Chinese II","232","{'day': 'Mo', 'end': '12:45', 'location': 'OM 001', 'start': '23:50'};{'day': 'We', 'end': '12:45', 'location': 'OM 001', 'start': '23:50'};{'day': 'Fr', 'end': '12:45', 'location': 'OM 001', 'start': '23:50'};{'day': 'Tu', 'end': '11:00', 'location': 'OM 003', 'start': '10:05'};{'day': 'Th', 'end': '10:50', 'location': 'OM 003', 'start': '09:55'}","False","","3","O","20033","Research","2003"
"0000006808","1.0","0000000246","CHIN","5","0","3","0","2","FOL-C","Wan, Pin Pin","{'fsnum': '8890', 'name': 'Wan, Pin Pin'}","200","10","","","","","Advanced Chinese II","252","{'day': 'Mo', 'end': '10:00', 'location': 'OM 011', 'start': '09:05'};{'day': 'We', 'end': '10:00', 'location': 'OM 011', 'start': '09:05'};{'day': 'Fr', 'end': '10:00', 'location': 'OM 011', 'start': '09:05'}","False","","3","O","20033","Research","2003"
"0000006802","1.0","0000000230","CLASS","41","12","6","12","11","ALS-L;HWC","Brunelle, Christopher M.","{'fsnum': '14999', 'name': 'Brunelle, Christopher M.'}","200","60","33","25","30","15","Golden Age Greece-Tr","243","{'day': 'Tu', 'end': '13:10', 'location': 'HH 501', 'start': '23:45'};{'day': 'Th', 'end': '14:05', 'location': 'HH 501', 'start': '12:45'}","False","","3","O","20033","Research","2003"
"0000006829","1.0","0000000287","CSCI","14","7","3","3","1","MAR","Allen, Richard","{'fsnum': '97', 'name': 'Allen, Richard'}","100","35","","","","","Principles Comp Sci","121","{'day': 'Mo', 'end': '11:40', 'location': 'SC 186', 'start': '10:45'};{'day': 'We', 'end': '11:40', 'location': 'SC 186', 'start': '10:45'};{'day': 'Fr', 'end': '11:40', 'location': 'SC 186', 'start': '10:45'}","False","","3","O","20033","Research","2003"
"0000006830","1.0","0000000292","CSCI","5","1","0","2","2","","Richey, Matthew","{'fsnum': '6658', 'name': 'Richey, Matthew'}","200","18","","","","","Software Design","251","{'day': 'Mo', 'end': '14:55', 'location': 'OMH 300', 'start': '12:55'};{'day': 'Mo', 'end': '10:00', 'location': 'SC 186', 'start': '09:05'};{'day': 'We', 'end': '10:00', 'location': 'SC 186', 'start': '09:05'};{'day': 'Fr', 'end': '10:00', 'location': 'SC 186', 'start': '09:05'}","False","A","3","O","20033","Research","2003"
"0000006831","1.0","0000000292","CSCI","5","2","0","3","0","","Richey, Matthew","{'fsnum': '6658', 'name': 'Richey, Matthew'}","200","18","","","","","Software Design","251","{'day': 'Mo', 'end': '10:00', 'location': 'SC 186', 'start': '09:05'};{'day': 'We', 'end': '10:00', 'location': 'SC 186', 'start': '09:05'};{'day': 'Fr', 'end': '10:00', 'location': 'SC 186', 'start': '09:05'};{'day': 'Tu', 'end': '11:00', 'location': 'OMH 300', 'start': '09:00'}","False","B","3","O","20033","Research","2003"
"0000006832","1.0","0000000292","CSCI","7","1","4","2","0","","Richey, Matthew","{'fsnum': '6658', 'name': 'Richey, Matthew'}","200","18","","","","","Software Design","251","{'day': 'Mo', 'end': '10:00', 'location': 'SC 186', 'start': '09:05'};{'day': 'We', 'end': '10:00', 'location': 'SC 186', 'start': '09:05'};{'day': 'Fr', 'end': '10:00', 'location': 'SC 186', 'start': '09:05'};{'day': 'Tu', 'end': '17:00', 'location': 'OMH 300', 'start': '15:00'}","False","C","3","O","20033","Research","2003"
"0000006833","1.0","0000000295","CSCI","21","0","10","4","7","EIN;ORC","Huff, Charles","{'fsnum': '3556', 'name': 'Huff, Charles'}","200","20","","","","","Ethical ISS: Software","263","{'day': 'Mo', 'end': '10:00', 'location': 'HH 317', 'start': '09:05'};{'day': 'We', 'end': '10:00', 'location': 'HH 317', 'start': '09:05'};{'day': 'Fr', 'end': '10:00', 'location': 'HH 317', 'start': '09:05'}","False","","3","C","20033","Research","2003"
"0000006834","1.0","0000000297","CSCI","9","1","6","1","1","","Allen, Richard","{'fsnum': '97', 'name': 'Allen, Richard'}","200","15","","","","","Programming Languages","276","{'day': 'Tu', 'end': '09:25', 'location': 'SC 186', 'start': '08:00'};{'day': 'Th', 'end': '09:20', 'location': 'SC 186', 'start': '08:00'}","False","","3","O","20033","Research","2003"
"0000006835","1.0","0000000307","CSCI","2","0","0","0","2","","Brown, Richard","{'fsnum': '806', 'name': 'Brown, Richard'}","300","","","","","","IR/Capstone Project","398","","False","","3","O","20033","Research","2003"
"0000006836","1.0","0000000307","CSCI","1","0","0","0","1","","Richey, Matthew","{'fsnum': '6658', 'name': 'Richey, Matthew'}","300","","","","","","IR/Computing Theory","398","","False","A","3","O","20033","Research","2003"
"0000006869","0.25","0000000347","DNCTE","21","0","8","3","10","ALS-A;PHA","von Bibra, Anne","{'fsnum': '8817', 'name': 'von Bibra, Anne'}","100","20","","","","","Ballroom I (Men)","106","{'day': 'Mo', 'end': '13:50', 'location': 'CAD _STUDIO_1', 'start': '12:55'};{'day': 'We', 'end': '13:50', 'location': 'CAD _STUDIO_1', 'start': '12:55'}","True","A","3","C","20033","Research","2003"
"0000006870","0.25","0000000347","DNCTE","20","2","1","0","17","ALS-A;PHA","von Bibra, Anne","{'fsnum': '8817', 'name': 'von Bibra, Anne'}","100","12","","","","","Ballroom I (Women)","106","{'day': 'Mo', 'end': '13:50', 'location': 'CAD _STUDIO_1', 'start': '12:55'};{'day': 'We', 'end': '13:50', 'location': 'CAD _STUDIO_1', 'start': '12:55'}","True","B","3","C","20033","Research","2003"
"0000006871","0.25","0000000347","DNCTE","17","6","5","3","3","ALS-A;PHA","von Bibra, Anne","{'fsnum': '8817', 'name': 'von Bibra, Anne'}","100","20","","","","","Ballroom I (Men)","106","{'day': 'Tu', 'end': '14:55', 'location': 'CAD _STUDIO_1', 'start': '14:00'};{'day': 'Th', 'end': '15:35', 'location': 'CAD _STUDIO_1', 'start': '14:40'}","True","C","3","C","20033","Research","2003"
"0000006872","0.25","0000000347","DNCTE","15","0","6","1","8","ALS-A;PHA","von Bibra, Anne","{'fsnum': '8817', 'name': 'von Bibra, Anne'}","100","12","","","","","Ballroom I (Women)","106","{'day': 'Tu', 'end': '14:55', 'location': 'CAD _STUDIO_1', 'start': '14:00'};{'day': 'Th', 'end': '15:35', 'location': 'CAD _STUDIO_1', 'start': '14:40'}","True","D","3","C","20033","Research","2003"
"0000006873","0.25","0000000349","DNCTE","19","3","6","4","6","ALS-A;PHA","von Bibra, Anne","{'fsnum': '8817', 'name': 'von Bibra, Anne'}","100","25","","","","","Int'l Dance I","109","{'day': 'Tu', 'end': '12:45', 'location': 'CAD _STUDIO_1', 'start': '23:50'};{'day': 'Th', 'end': '13:40', 'location': 'CAD _STUDIO_1', 'start': '12:45'}","True","","3","O","20033","Research","2003"
"0000006874","0.25","0000000350","DNCTE","14","0","3","2","9","ALS-A;PHA","Saterstrom, Sheryl","{'fsnum': '7059', 'name': 'Saterstrom, Sheryl'}","100","15","","","","","Fundamentally Dance","110","{'day': 'Mo', 'end': '12:45', 'location': 'CAD _STUDIO_2', 'start': '23:50'};{'day': 'We', 'end': '12:45', 'location': 'CAD _STUDIO_2', 'start': '23:50'}","True","","3","C","20033","Research","2003"
"0000006875","0.25","0000000351","DNCTE","20","2","5","1","12","ALS-A;PHA","Saterstrom, Sheryl","{'fsnum': '7059', 'name': 'Saterstrom, Sheryl'}","100","20","","","","","Modern Dance I (.25)","111","{'day': 'Mo', 'end': '13:50', 'location': 'CAD _STUDIO_2', 'start': '12:55'};{'day': 'We', 'end': '13:50', 'location': 'CAD _STUDIO_2', 'start': '12:55'}","True","A","3","C","20033","Research","2003"
"0000006876","0.25","0000000351","DNCTE","6","4","1","1","0","ALS-A;PHA","Roberts, Anthony","{'fsnum': '6691', 'name': 'Roberts, Anthony'}","100","25","","","","","Modern Dance I (.25)","111","{'day': 'Tu', 'end': '10:00', 'location': 'CAD _STUDIO_1', 'start': '09:05'};{'day': 'Th', 'end': '09:55', 'location': 'CAD _STUDIO_1', 'start': '09:00'}","True","B","3","O","20033","Research","2003"
"0000006877","0.25","0000000353","DNCTE","20","4","6","4","6","ALS-A;PHA","Klopchin, Heather J.","{'fsnum': '10044', 'name': 'Klopchin, Heather J.'}","100","20","","","","","Ballet I","121","{'day': 'Tu', 'end': '11:00', 'location': 'CAD _STUDIO_2', 'start': '10:05'};{'day': 'Th', 'end': '10:50', 'location': 'CAD _STUDIO_2', 'start': '09:55'}","True","A","3","C","20033","Research","2003"
"0000006878","0.25","0000000353","DNCTE","25","3","5","11","6","ALS-A;PHA","Bader, Jennifer","{'fsnum': '311', 'name': 'Bader, Jennifer'}","100","25","","","","","Ballet I","121","{'day': 'Tu', 'end': '12:45', 'location': 'CAD _STUDIO_2', 'start': '23:50'};{'day': 'Th', 'end': '13:40', 'location': 'CAD _STUDIO_2', 'start': '12:45'}","True","B","3","C","20033","Research","2003"
"0000006879","0.5","0000000354","DNCTE","24","1","1","3","19","PHA","Saterstrom, Sheryl","{'fsnum': '7059', 'name': 'Saterstrom, Sheryl'}","200","20","","","","","Body Moveable","201","{'day': 'Mo', 'end': '10:00', 'location': 'CAD _STUDIO_3', 'start': '09:05'};{'day': 'We', 'end': '10:00', 'location': 'CAD _STUDIO_3', 'start': '09:05'};{'day': 'Fr', 'end': '10:00', 'location': 'CAD _STUDIO_3', 'start': '09:05'}","False","","3","C","20033","Research","2003"
"0000006880","0.5","0000000357","DNCTE","1","0","0","0","1","ALS-A;PHA","Saterstrom, Sheryl","{'fsnum': '7059', 'name': 'Saterstrom, Sheryl'}","200","4","","","","","Modern Dance II","210","{'day': 'Tu', 'end': '11:00', 'location': 'CAD _STUDIO_3', 'start': '09:35'};{'day': 'Th', 'end': '10:50', 'location': 'CAD _STUDIO_3', 'start': '09:30'}","False","B","3","O","20033","Research","2003"
"0000006881","0.25","0000000358","DNCTE","6","2","1","1","2","ALS-A;PHA","Roberts, Anthony","{'fsnum': '6691', 'name': 'Roberts, Anthony'}","200","12","","","","","Modern Dance II","211","{'day': 'Mo', 'end': '15:30', 'location': 'CAD _STUDIO_2', 'start': '14:00'};{'day': 'We', 'end': '15:30', 'location': 'CAD _STUDIO_2', 'start': '14:00'}","False","A","3","O","20033","Research","2003"
"0000006882","0.25","0000000358","DNCTE","8","1","2","1","4","ALS-A;PHA","Saterstrom, Sheryl","{'fsnum': '7059', 'name': 'Saterstrom, Sheryl'}","200","12","","","","","Modern Dance II","211","{'day': 'Tu', 'end': '11:00', 'location': 'CAD _STUDIO_3', 'start': '09:35'};{'day': 'Th', 'end': '10:50', 'location': 'CAD _STUDIO_3', 'start': '09:30'}","False","B","3","O","20033","Research","2003"
"0000006883","0.5","0000000359","DNCTE","5","1","1","2","1","ALS-A;PHA","Klopchin, Heather J.","{'fsnum': '10044', 'name': 'Klopchin, Heather J.'}","200","4","","","","","Ballet II","220","{'day': 'Tu', 'end': '09:25', 'location': 'CAD _STUDIO_2', 'start': '08:00'};{'day': 'Th', 'end': '09:20', 'location': 'CAD _STUDIO_2', 'start': '08:00'}","False","","3","C","20033","Research","2003"
"0000006884","0.25","0000000360","DNCTE","14","5","4","0","5","ALS-A;PHA","Klopchin, Heather J.","{'fsnum': '10044', 'name': 'Klopchin, Heather J.'}","200","16","","","","","Ballet II","221","{'day': 'Tu', 'end': '09:25', 'location': 'CAD _STUDIO_2', 'start': '08:00'};{'day': 'Th', 'end': '09:20', 'location': 'CAD _STUDIO_2', 'start': '08:00'}","False","","3","C","20033","Research","2003"
"0000006885","0.25","0000000363","DNCTE","17","0","4","1","12","ALS-A;PHA","Roberts, Janice","{'fsnum': '3206', 'name': 'Roberts, Janice'}","300","10","","","","","Modern III","311","{'day': 'Mo', 'end': '15:30', 'location': 'CAD _STUDIO_1', 'start': '14:00'};{'day': 'We', 'end': '15:30', 'location': 'CAD _STUDIO_1', 'start': '14:00'};{'day': 'Fr', 'end': '15:30', 'location': 'CAD _STUDIO_1', 'start': '14:00'}","False","","3","C","20033","Research","2003"
"0000006886","0.25","0000000365","DNCTE","12","1","1","3","7","ALS-A;PHA","Bader, Jennifer","{'fsnum': '311', 'name': 'Bader, Jennifer'}","300","12","","","","","Ballet III","321","{'day': 'Tu', 'end': '14:45', 'location': 'CAD _STUDIO_2', 'start': '13:20'};{'day': 'Th', 'end': '15:35', 'location': 'CAD _STUDIO_2', 'start': '14:15'}","False","","3","C","20033","Research","2003"
"0000006887","1.0","0000000366","DNCTH","14","6","3","0","5","ALS-A","Klopchin, Heather J.","{'fsnum': '10044', 'name': 'Klopchin, Heather J.'}","100","20","","","","","Exploring Dance","100","{'day': 'Mo', 'end': '12:45', 'location': 'CAD 305', 'start': '23:50'};{'day': 'We', 'end': '12:45', 'location': 'CAD 305', 'start': '23:50'};{'day': 'Fr', 'end': '12:45', 'location': 'CAD 305', 'start': '23:50'}","False","","3","O","20033","Research","2003"
"0000006888","1.0","0000000370","DNCTH","14","1","5","4","4","ALS-A;ORC;WRI","Bauer, Susan","{'fsnum': '338', 'name': 'Bauer, Susan'}","200","20","","","","","Movement Analysis","232","{'day': 'Mo', 'end': '10:00', 'location': 'CAD _STUDIO_1', 'start': '09:05'};{'day': 'We', 'end': '10:00', 'location': 'CAD _STUDIO_1', 'start': '09:05'};{'day': 'Fr', 'end': '10:00', 'location': 'CAD _STUDIO_1', 'start': '09:05'}","False","","3","O","20033","Research","2003"
"0000006889","1.0","0000000376","DNCTH","13","0","6","4","3","","Roberts, Janice","{'fsnum': '3206', 'name': 'Roberts, Janice'}","300","16","","","","","Advanced Choreography","374","{'day': 'Tu', 'end': '13:10', 'location': 'CAD _STUDIO_3', 'start': '23:45'};{'day': 'Th', 'end': '14:05', 'location': 'CAD _STUDIO_3', 'start': '12:45'}","False","","3","C","20033","Research","2003"
"0000006890","1.0","0000000378","DNCTH","1","0","0","0","1","","Roberts, Anthony","{'fsnum': '6691', 'name': 'Roberts, Anthony'}","300","","","","","","IR/Family,Dance & Media","398","","False","","3","O","20033","Research","2003"
"0000006891","1.0","0000000378","DNCTH","1","0","0","0","1","","Roberts, Janice","{'fsnum': '3206', 'name': 'Roberts, Janice'}","300","","","","","","IR/Solo Performance","398","","False","A","3","O","20033","Research","2003"
"0000006892","1.0","0000000378","DNCTH","1","0","0","0","1","","Saterstrom, Sheryl","{'fsnum': '7059', 'name': 'Saterstrom, Sheryl'}","300","","","","","","IR/Group Choreography","398","","False","B","3","O","20033","Research","2003"
"0000006893","1.0","0000000378","DNCTH","1","0","0","0","1","","Saterstrom, Sheryl","{'fsnum': '7059', 'name': 'Saterstrom, Sheryl'}","300","","","","","","IR/Dance in Rural MN","398","","False","C","3","O","20033","Research","2003"
"0000006809","1.0","0000000259","ECON","19","10","2","4","3","HBS","Emery, Edward David","{'fsnum': '1741', 'name': 'Emery, Edward David'}","100","25","","","","","Principles of Econ","121","{'day': 'Mo', 'end': '08:55', 'location': 'OM 002', 'start': '08:00'};{'day': 'We', 'end': '08:55', 'location': 'OM 002', 'start': '08:00'};{'day': 'Fr', 'end': '08:55', 'location': 'OM 002', 'start': '08:00'}","False","A","3","O","20033","Research","2003"
"0000006810","1.0","0000000259","ECON","21","9","1","7","4","HBS","Emery, Edward David","{'fsnum': '1741', 'name': 'Emery, Edward David'}","100","25","","","","","Principles of Econ","121","{'day': 'Mo', 'end': '10:00', 'location': 'OM 002', 'start': '09:05'};{'day': 'We', 'end': '10:00', 'location': 'OM 002', 'start': '09:05'};{'day': 'Fr', 'end': '10:00', 'location': 'OM 002', 'start': '09:05'}","False","B","3","O","20033","Research","2003"
"0000006811","1.0","0000000259","ECON","28","19","0","5","4","HBS","Kramer, Daniel B.","{'fsnum': '15837', 'name': 'Kramer, Daniel B.'}","100","25","","","","","Principles of Econ","121","{'day': 'Mo', 'end': '13:50', 'location': 'HH 501', 'start': '12:55'};{'day': 'We', 'end': '13:50', 'location': 'HH 501', 'start': '12:55'};{'day': 'Fr', 'end': '13:50', 'location': 'HH 501', 'start': '12:55'}","False","C","3","C","20033","Research","2003"
"0000006812","1.0","0000000259","ECON","19","10","4","1","4","HBS","Kramer, Daniel B.","{'fsnum': '15837', 'name': 'Kramer, Daniel B.'}","100","25","","","","","Principles of Econ","121","{'day': 'Mo', 'end': '14:55', 'location': 'HH 501', 'start': '14:00'};{'day': 'We', 'end': '14:55', 'location': 'HH 501', 'start': '14:00'};{'day': 'Fr', 'end': '14:55', 'location': 'HH 501', 'start': '14:00'}","False","D","3","O","20033","Research","2003"
"0000006813","1.0","0000000259","ECON","22","10","3","8","1","HBS","Pomponio, Xun","{'fsnum': '6399', 'name': 'Pomponio, Xun'}","100","25","","","","","Principles of Econ","121","{'day': 'Tu', 'end': '11:00', 'location': 'HH 403', 'start': '09:35'};{'day': 'Th', 'end': '10:50', 'location': 'HH 403', 'start': '09:30'}","False","E","3","O","20033","Research","2003"
"0000006814","1.0","0000000259","ECON","21","13","1","4","3","HBS","Pomponio, Xun","{'fsnum': '6399', 'name': 'Pomponio, Xun'}","100","25","","","","","Principles of Econ","121","{'day': 'Tu', 'end': '13:10', 'location': 'HH 301', 'start': '23:45'};{'day': 'Th', 'end': '14:05', 'location': 'HH 301', 'start': '12:45'}","False","F","3","O","20033","Research","2003"
"0000006815","1.0","0000000263","ECON","26","9","3","5","9","","Kramer, Daniel B.","{'fsnum': '15837', 'name': 'Kramer, Daniel B.'}","200","25","","","","","Intro to Game Theory","222","{'day': 'Mo', 'end': '12:45', 'location': 'HH 501', 'start': '23:50'};{'day': 'We', 'end': '12:45', 'location': 'HH 501', 'start': '23:50'};{'day': 'Fr', 'end': '12:45', 'location': 'HH 501', 'start': '23:50'}","False","","3","C","20033","Research","2003"
"0000006816","1.0","0000000264","ECON","17","6","2","9","0","","Emery, Edward David","{'fsnum': '1741', 'name': 'Emery, Edward David'}","200","25","","","","","Economic Methods","233","{'day': 'Mo', 'end': '12:45', 'location': 'HH 516', 'start': '23:50'};{'day': 'We', 'end': '12:45', 'location': 'HH 516', 'start': '23:50'};{'day': 'Fr', 'end': '12:45', 'location': 'HH 516', 'start': '23:50'}","False","","3","O","20033","Research","2003"
"0000006817","1.0","0000000268","ECON","27","1","9","9","8","MCS-G;WRI","Schodt, David","{'fsnum': '7176', 'name': 'Schodt, David'}","200","25","","","","","Economic Development","243","{'day': 'Tu', 'end': '14:45', 'location': 'SC 184', 'start': '13:20'};{'day': 'Th', 'end': '15:35', 'location': 'SC 184', 'start': '14:15'}","False","","3","C","20033","Research","2003"
"0000006818","1.0","0000000269","ECON","26","2","7","11","6","","Becker, Anthony","{'fsnum': '348', 'name': 'Becker, Anthony'}","200","25","","","","","Bus, Govt & Marketpl","244","{'day': 'Tu', 'end': '11:00', 'location': 'HH 301', 'start': '09:35'};{'day': 'Th', 'end': '10:50', 'location': 'HH 301', 'start': '09:30'}","False","","3","C","20033","Research","2003"
"0000006819","1.0","0000000274","ECON","22","5","5","11","1","","Wojick, Paul","{'fsnum': '9114', 'name': 'Wojick, Paul'}","200","30","","","","","Macroeconomic Theory","261","{'day': 'Mo', 'end': '08:55', 'location': 'HH 413', 'start': '08:00'};{'day': 'We', 'end': '08:55', 'location': 'HH 413', 'start': '08:00'};{'day': 'Fr', 'end': '08:55', 'location': 'HH 413', 'start': '08:00'}","False","A","3","O","20033","Research","2003"
"0000006820","1.0","0000000274","ECON","29","3","9","15","2","","Wojick, Paul","{'fsnum': '9114', 'name': 'Wojick, Paul'}","200","30","","","","","Macroeconomic Theory","261","{'day': 'Mo', 'end': '10:00', 'location': 'OM 030', 'start': '09:05'};{'day': 'We', 'end': '10:00', 'location': 'OM 030', 'start': '09:05'};{'day': 'Fr', 'end': '10:00', 'location': 'OM 030', 'start': '09:05'}","False","B","3","C","20033","Research","2003"
"0000006821","1.0","0000000275","ECON","32","1","16","13","2","","Becker, Anthony","{'fsnum': '348', 'name': 'Becker, Anthony'}","200","30","","","","","Microeconomic Theory","262","{'day': 'Tu', 'end': '13:10', 'location': 'SC 129', 'start': '23:45'};{'day': 'Th', 'end': '14:05', 'location': 'SC 129', 'start': '12:45'}","False","A","3","C","20033","Research","2003"
"0000006822","1.0","0000000275","ECON","15","5","3","5","2","","Becker, Anthony","{'fsnum': '348', 'name': 'Becker, Anthony'}","200","30","","","","","Microeconomic Theory","262","{'day': 'Tu', 'end': '14:45', 'location': 'SC 129', 'start': '13:20'};{'day': 'Th', 'end': '15:35', 'location': 'SC 129', 'start': '14:15'}","False","B","3","O","20033","Research","2003"
"0000006823","1.0","0000000277","ECON","1","0","0","0","1","","Rekstad, Rhonda H.","{'fsnum': '15683', 'name': 'Rekstad, Rhonda H.'}","200","","","","","","IS/Career Outlook","298","","False","","3","O","20033","Research","2003"
"0000006824","1.0","0000000278","ECON","21","0","7","0","14","EIN","Judge, Rebecca","{'fsnum': '4137', 'name': 'Judge, Rebecca'}","300","25","","","","","Econ of Public Policy","371","{'day': 'Mo', 'end': '13:50', 'location': 'HH 302', 'start': '12:55'};{'day': 'We', 'end': '13:50', 'location': 'HH 302', 'start': '12:55'};{'day': 'Fr', 'end': '13:50', 'location': 'HH 302', 'start': '12:55'}","False","","3","C","20033","Research","2003"
"0000006825","1.0","0000000279","ECON","14","0","9","1","4","","Fitzgerald, Terry J.","{'fsnum': '14049', 'name': 'Fitzgerald, Terry J.'}","300","20","","","","","Money and Banking","374","{'day': 'Mo', 'end': '11:40', 'location': 'HH 514', 'start': '10:45'};{'day': 'We', 'end': '11:40', 'location': 'HH 514', 'start': '10:45'};{'day': 'Fr', 'end': '11:40', 'location': 'HH 514', 'start': '10:45'}","False","","3","O","20033","Research","2003"
"0000006826","1.0","0000000281","ECON","23","0","10","0","13","","Pomponio, Xun","{'fsnum': '6399', 'name': 'Pomponio, Xun'}","300","20","","","","","International Econ","382","{'day': 'Tu', 'end': '14:45', 'location': 'OM 030', 'start': '13:20'};{'day': 'Th', 'end': '15:35', 'location': 'OM 030', 'start': '14:15'}","False","","3","C","20033","Research","2003"
"0000006827","1.0","0000000285","ECON","1","0","0","0","1","","Fitzgerald, Terry J.","{'fsnum': '14049', 'name': 'Fitzgerald, Terry J.'}","300","","","","","","IR/Analysis Us Wealth","398","","False","","3","O","20033","Research","2003"
"0000006828","1.0","0000000286","ECON","15","0","3","0","12","","Soderlind, Steve","{'fsnum': '7636', 'name': 'Soderlind, Steve'}","300","20","","","","","Seminar","399","{'day': 'Mo', 'end': '08:55', 'location': 'HH 516', 'start': '08:00'};{'day': 'We', 'end': '08:55', 'location': 'HH 516', 'start': '08:00'};{'day': 'Fr', 'end': '08:55', 'location': 'HH 516', 'start': '08:00'}","False","","3","O","20033","Seminar","2003"
"0000006837","","0000000309","EDUC","42","1","15","1","25","","Storry, Mark","{'fsnum': '8074', 'name': 'Storry, Mark'}","200","50","","","","","Drugs & Alcohol","231","{'day': 'Th', 'end': '21:00', 'location': 'BMC 101', 'start': '19:00'}","True","","3","C","20033","Research","2003"
"0000006838","1.0","0000000311","EDUC","22","1","2","8","11","HBS;WRI","Welckle, John","{'fsnum': '8971', 'name': 'Welckle, John'}","200","30","","","","","Educ Psychology","290","{'day': 'Mo', 'end': '10:00', 'location': 'FH 10', 'start': '09:05'};{'day': 'We', 'end': '10:00', 'location': 'FH 10', 'start': '09:05'};{'day': 'Fr', 'end': '10:00', 'location': 'FH 10', 'start': '09:05'}","False","A","3","C","20033","Research","2003"
"0000006839","1.0","0000000311","EDUC","28","0","6","12","10","HBS;WRI","Welckle, John","{'fsnum': '8971', 'name': 'Welckle, John'}","200","30","","","","","Educ Psychology","290","{'day': 'Mo', 'end': '11:40', 'location': 'FH 10', 'start': '10:45'};{'day': 'We', 'end': '11:40', 'location': 'FH 10', 'start': '10:45'};{'day': 'Fr', 'end': '11:40', 'location': 'FH 10', 'start': '10:45'}","False","B","3","C","20033","Research","2003"
"0000006840","1.0","0000000311","EDUC","21","1","1","16","3","HBS","Forstner, Daniel R.","{'fsnum': '15723', 'name': 'Forstner, Daniel R.'}","200","30","","","","","Educ Psychology","290","{'day': 'Tu', 'end': '11:00', 'location': 'FH 10', 'start': '09:35'};{'day': 'Th', 'end': '10:50', 'location': 'FH 10', 'start': '09:30'}","False","D","3","C","20033","Research","2003"
"0000006841","","0000000312","EDUC","23","0","2","9","12","","Campbell, Heather;Pfarr-Baker, Rosemary A.","{'fsnum': '903', 'name': 'Campbell, Heather'};{'fsnum': '10410', 'name': 'Pfarr-Baker, Rosemary A.'}","200","24","","","","","Standards/Technology","291","{'day': 'Mo', 'end': '18:00', 'location': 'HH 205', 'start': '16:00'}","True","A","3","C","20033","Research","2003"
"0000006842","","0000000312","EDUC","20","1","3","7","9","","Campbell, Heather;Pfarr-Baker, Rosemary A.","{'fsnum': '903', 'name': 'Campbell, Heather'};{'fsnum': '10410', 'name': 'Pfarr-Baker, Rosemary A.'}","200","24","","","","","Standards/Technology","291","{'day': 'Mo', 'end': '20:30', 'location': 'HH 205', 'start': '18:30'}","True","B","3","C","20033","Research","2003"
"0000006843","","0000000312","EDUC","9","0","2","5","2","","Campbell, Heather;Pfarr-Baker, Rosemary A.","{'fsnum': '903', 'name': 'Campbell, Heather'};{'fsnum': '10410', 'name': 'Pfarr-Baker, Rosemary A.'}","200","24","","","","","Standards/Technology","291","{'day': 'Fr', 'end': '18:00', 'location': 'HH 205', 'start': '16:00'}","True","C","3","C","20033","Research","2003"
"0000006844","","0000000312","EDUC","14","0","2","5","7","","Campbell, Heather;Pfarr-Baker, Rosemary A.","{'fsnum': '903', 'name': 'Campbell, Heather'};{'fsnum': '10410', 'name': 'Pfarr-Baker, Rosemary A.'}","200","24","","","","","Standards/Technology","291","{'day': 'Fr', 'end': '20:30', 'location': 'HH 205', 'start': '18:30'}","True","D","3","C","20033","Research","2003"
"0000006845","0.5","0000000319","EDUC","20","0","4","0","16","","Forstner, Daniel R.","{'fsnum': '15723', 'name': 'Forstner, Daniel R.'}","300","25","","","","","Teaching Reading 5-12","321","{'day': 'Tu', 'end': '22:00', 'location': 'FH 10', 'start': '19:00'}","False","","3","O","20033","Research","2003"
"0000006846","0.5","0000000320","EDUC","12","0","2","0","10","","Forstner, Daniel R.","{'fsnum': '15723', 'name': 'Forstner, Daniel R.'}","300","25","","","","","Teaching Reading K-6","322","{'day': 'Tu', 'end': '22:00', 'location': 'FH 101', 'start': '19:00'}","False","","3","O","20033","Research","2003"
"0000006847","1.0","0000000321","EDUC","21","0","7","0","14","ORC","Kelly, Maria L.","{'fsnum': '10032', 'name': 'Kelly, Maria L.'}","300","20","","","","","Prin Secondary Educ","330","{'day': 'Mo', 'end': '10:00', 'location': 'FH 10L', 'start': '09:05'};{'day': 'We', 'end': '10:00', 'location': 'FH 10L', 'start': '09:05'};{'day': 'Fr', 'end': '10:00', 'location': 'FH 10L', 'start': '09:05'}","False","A","3","C","20033","Research","2003"
"0000006848","1.0","0000000321","EDUC","15","1","0","1","13","ORC","Harris, Martha","{'fsnum': '10033', 'name': 'Harris, Martha'}","300","20","","","","","Prin Secondary Educ","330","{'day': 'Tu', 'end': '11:00', 'location': 'FH 10L', 'start': '09:35'};{'day': 'Th', 'end': '10:50', 'location': 'FH 10L', 'start': '09:30'}","False","B","3","C","20033","Research","2003"
"0000006849","1.0","0000000322","EDUC","18","0","4","0","14","","Welckle, John","{'fsnum': '8971', 'name': 'Welckle, John'}","300","25","","","","","Social Studies Persp","334","{'day': 'Mo', 'end': '14:55', 'location': 'FH 10', 'start': '14:00'};{'day': 'We', 'end': '14:55', 'location': 'FH 10', 'start': '14:00'};{'day': 'Fr', 'end': '14:55', 'location': 'FH 10', 'start': '14:00'}","False","","3","C","20033","Research","2003"
"0000006850","1.0","0000000323","EDUC","3","0","0","0","3","","Hauck, Karna E.","{'fsnum': '13286', 'name': 'Hauck, Karna E.'}","300","10","","","","","Teaching of Art, K-12","341","{'day': 'Th', 'end': '21:00', 'location': 'CAD 204', 'start': '18:00'}","False","","3","C","20033","Research","2003"
"0000006851","1.0","0000000324","EDUC","4","0","0","0","4","","Freeman, Dona W.;Saterstrom, Sheryl","{'fsnum': '8982', 'name': 'Freeman, Dona W.'};{'fsnum': '7059', 'name': 'Saterstrom, Sheryl'}","300","5","","","","","Tchng of Dance & Thtr","343","","False","","3","C","20033","Research","2003"
"0000006852","1.0","0000000325","EDUC","11","0","2","0","9","","Harris, Martha","{'fsnum': '10033', 'name': 'Harris, Martha'}","300","15","","","","","Teaching of Comm/Lit","345","{'day': 'Tu', 'end': '14:45', 'location': 'FH 10L', 'start': '13:20'};{'day': 'Th', 'end': '15:35', 'location': 'FH 10L', 'start': '14:15'}","False","","3","C","20033","Research","2003"
"0000006853","1.0","0000000327","EDUC","11","0","2","0","9","","Wallace, Martha","{'fsnum': '8879', 'name': 'Wallace, Martha'}","300","15","","","","","Tchg of Mathematics","350","{'day': 'Mo', 'end': '08:55', 'location': 'SC 184', 'start': '08:00'};{'day': 'We', 'end': '08:55', 'location': 'SC 184', 'start': '08:00'};{'day': 'Fr', 'end': '08:55', 'location': 'SC 184', 'start': '08:00'}","False","","3","C","20033","Research","2003"
"0000006854","1.0","0000000328","EDUC","6","0","3","1","2","","Broner, Maggie","{'fsnum': '792', 'name': 'Broner, Maggie'}","300","10","","","","","Tchg of World Lang","353","{'day': 'Tu', 'end': '13:10', 'location': 'FH 10L', 'start': '23:45'};{'day': 'Th', 'end': '14:05', 'location': 'FH 10L', 'start': '12:45'}","False","","3","C","20033","Research","2003"
"0000006855","1.0","0000000329","EDUC","31","0","8","0","23","","Berger, Linda","{'fsnum': '417', 'name': 'Berger, Linda'}","300","25","","","","","Tchg Music-Elem Schls","355","{'day': 'Tu', 'end': '14:45', 'location': 'CHM 233', 'start': '13:20'};{'day': 'Th', 'end': '15:35', 'location': 'CHM 233', 'start': '14:15'}","False","","3","C","20033","Research","2003"
"0000006856","1.0","0000000333","EDUC","1","0","0","0","1","","Bezanson, Char Anne","{'fsnum': '557', 'name': 'Bezanson, Char Anne'}","300","10","","","","","Tchg of Science","364","{'day': 'Tu', 'end': '22:00', 'location': 'FH 10L', 'start': '19:00'}","False","","3","C","20033","Research","2003"
"0000006857","1.0","0000000334","EDUC","17","0","4","0","13","","Fowler, Larry;Kelly, Maria L.","{'fsnum': '2320', 'name': 'Fowler, Larry'};{'fsnum': '10032', 'name': 'Kelly, Maria L.'}","300","25","","","","","Tchg of Soc Studies","365","{'day': 'Mo', 'end': '19:30', 'location': 'FH 10', 'start': '18:00'};{'day': 'Th', 'end': '19:30', 'location': 'FH 10', 'start': '18:00'};{'day': 'Mo', 'end': '08:55', 'location': 'FH 10L', 'start': '08:00'};{'day': 'We', 'end': '08:55', 'location': 'FH 10L', 'start': '08:00'};{'day': 'Fr', 'end': '08:55', 'location': 'FH 10L', 'start': '08:00'}","False","","3","C","20033","Research","2003"
"0000006858","0.5","0000000335","EDUC","19","0","5","1","13","","Schelske, Mark","{'fsnum': '7148', 'name': 'Schelske, Mark'}","300","30","","","","","Counsel/Comm in Schls","372","{'day': 'Tu', 'end': '13:10', 'location': 'FH 10', 'start': '23:45'};{'day': 'Th', 'end': '14:05', 'location': 'FH 10', 'start': '12:45'}","False","A","3","C","20033","Research","2003"
"0000006859","0.5","0000000335","EDUC","17","0","6","0","11","","Schelske, Mark","{'fsnum': '7148', 'name': 'Schelske, Mark'}","300","30","","","","","Counsel/Comm in Schls","372","{'day': 'Tu', 'end': '14:45', 'location': 'FH 10', 'start': '13:20'};{'day': 'Th', 'end': '15:35', 'location': 'FH 10', 'start': '14:15'}","False","B","3","C","20033","Research","2003"
"0000006860","0.5","0000000336","EDUC","25","1","4","1","19","","Schelske, Mark","{'fsnum': '7148', 'name': 'Schelske, Mark'}","300","30","","","","","The Exceptional Child","375","{'day': 'Tu', 'end': '13:10', 'location': 'FH 10', 'start': '23:45'};{'day': 'Th', 'end': '14:05', 'location': 'FH 10', 'start': '12:45'}","False","A","3","C","20033","Research","2003"
"0000006861","0.5","0000000336","EDUC","13","0","6","0","7","","Schelske, Mark","{'fsnum': '7148', 'name': 'Schelske, Mark'}","300","30","","","","","The Exceptional Child","375","{'day': 'Tu', 'end': '14:45', 'location': 'FH 10', 'start': '13:20'};{'day': 'Th', 'end': '15:35', 'location': 'FH 10', 'start': '14:15'}","False","B","3","C","20033","Research","2003"
"0000006862","1.0","0000000337","EDUC","1","0","0","0","1","","Schelske, Mark","{'fsnum': '7148', 'name': 'Schelske, Mark'}","300","3","","","","","The Exceptional Child","376","{'day': 'Tu', 'end': '13:10', 'location': 'FH 10', 'start': '23:45'};{'day': 'Th', 'end': '14:05', 'location': 'FH 10', 'start': '12:45'}","False","A","3","C","20033","Research","2003"
"0000006863","1.0","0000000337","EDUC","1","0","1","0","0","","Schelske, Mark","{'fsnum': '7148', 'name': 'Schelske, Mark'}","300","3","","","","","The Exceptional Child","376","{'day': 'Tu', 'end': '14:45', 'location': 'FH 10', 'start': '13:20'};{'day': 'Th', 'end': '15:35', 'location': 'FH 10', 'start': '14:15'}","False","B","3","C","20033","Research","2003"
"0000006864","0.5","0000000340","EDUC","14","0","0","0","14","","Welckle, John","{'fsnum': '8971', 'name': 'Welckle, John'}","300","25","","","","","Senior Seminar Educ","381","{'day': 'Mo', 'end': '16:00', 'location': 'TBA', 'start': '20:00'};{'day': 'Tu', 'end': '16:00', 'location': 'TBA', 'start': '20:00'};{'day': 'We', 'end': '16:00', 'location': 'TBA', 'start': '20:00'};{'day': 'Th', 'end': '16:00', 'location': 'TBA', 'start': '20:00'};{'day': 'Fr', 'end': '16:00', 'location': 'TBA', 'start': '20:00'}","False","","3","O","20033","Research","2003"
"0000006865","","0000000341","EDUC","14","0","0","0","14","","Pfarr-Baker, Rosemary A.","{'fsnum': '10410', 'name': 'Pfarr-Baker, Rosemary A.'}","300","25","","","","","Human Relations","382","","True","","3","O","20033","Research","2003"
"0000006866","0.5","0000000342","EDUC","14","0","0","0","14","","Solid, Myron L.","{'fsnum': '7667', 'name': 'Solid, Myron L.'}","300","25","","","","","Issues in Education","385","{'day': 'Mo', 'end': '16:00', 'location': 'TBA', 'start': '20:00'};{'day': 'Tu', 'end': '16:00', 'location': 'TBA', 'start': '20:00'};{'day': 'We', 'end': '16:00', 'location': 'TBA', 'start': '20:00'};{'day': 'Th', 'end': '16:00', 'location': 'TBA', 'start': '20:00'};{'day': 'Fr', 'end': '16:00', 'location': 'TBA', 'start': '20:00'}","False","","3","O","20033","Research","2003"
"0000006867","3.0","0000000343","EDUC","14","0","0","0","14","","Pfarr-Baker, Rosemary A.","{'fsnum': '10410', 'name': 'Pfarr-Baker, Rosemary A.'}","300","25","","","","","Student Teaching","389","","False","","3","O","20033","Research","2003"
"0000006868","1.0","0000000345","EDUC","1","0","0","0","1","WRI","Welckle, John","{'fsnum': '8971', 'name': 'Welckle, John'}","300","","","","","","IR/Social Studies Sem","398","","False","","3","O","20033","Research","2003"
"0000006894","1.0","0000000392","ENGL","25","9","0","16","0","ALS-L;ORC;WRI","Wilson, Eliot K.","{'fsnum': '15823', 'name': 'Wilson, Eliot K.'}","100","25","","0","","0","Literary Studies","185","{'day': 'Mo', 'end': '11:40', 'location': 'RML 515', 'start': '10:45'};{'day': 'We', 'end': '11:40', 'location': 'RML 515', 'start': '10:45'};{'day': 'Fr', 'end': '11:40', 'location': 'RML 515', 'start': '10:45'}","False","A","3","C","20033","Research","2003"
"0000006895","1.0","0000000392","ENGL","25","7","1","16","1","ALS-L;ORC;WRI","Mbele, Joseph L.","{'fsnum': '5144', 'name': 'Mbele, Joseph L.'}","100","25","","0","","0","Literary Studies","185","{'day': 'Mo', 'end': '13:50', 'location': 'RML 515', 'start': '12:55'};{'day': 'We', 'end': '13:50', 'location': 'RML 515', 'start': '12:55'};{'day': 'Fr', 'end': '13:50', 'location': 'RML 515', 'start': '12:55'}","False","B","3","C","20033","Research","2003"
"0000006896","1.0","0000000392","ENGL","21","6","0","14","1","ALS-L;ORC;WRI","Postlethwaite, Diana","{'fsnum': '6403', 'name': 'Postlethwaite, Diana'}","100","25","","0","","0","Literary Studies","185","{'day': 'Tu', 'end': '13:10', 'location': 'RML 525', 'start': '23:45'};{'day': 'Th', 'end': '14:05', 'location': 'RML 525', 'start': '12:45'}","False","C","3","C","20033","Research","2003"
"0000006897","1.0","0000000397","ENGL","48","2","1","43","2","WRI","Marsalek, Karen E.;Trull, Mary E.","{'fsnum': '10015', 'name': 'Marsalek, Karen E.'};{'fsnum': '15822', 'name': 'Trull, Mary E.'}","200","60","","","","","Lit in Engl to 1650","221","{'day': 'Mo', 'end': '10:00', 'location': 'RML 525', 'start': '09:05'};{'day': 'We', 'end': '10:00', 'location': 'RML 525', 'start': '09:05'};{'day': 'Fr', 'end': '10:00', 'location': 'RML 525', 'start': '09:05'}","False","A","3","C","20033","Research","2003"
"0000006898","1.0","0000000399","ENGL","38","1","11","24","2","WRI","Wells, Colin;DuRocher, Richard","{'fsnum': '8973', 'name': 'Wells, Colin'};{'fsnum': '1548', 'name': 'DuRocher, Richard'}","200","60","","","","","Lit in Engl 1650-1850","222","{'day': 'Mo', 'end': '12:45', 'location': 'RML 525', 'start': '23:50'};{'day': 'We', 'end': '12:45', 'location': 'RML 525', 'start': '23:50'};{'day': 'Fr', 'end': '12:45', 'location': 'RML 525', 'start': '23:50'}","False","A","3","C","20033","Research","2003"
"0000006899","1.0","0000000401","ENGL","35","0","26","2","7","WRI","Allister, Mark","{'fsnum': '110', 'name': 'Allister, Mark'}","200","60","","","","","Lit in Engl 1850-Pres","223","{'day': 'Mo', 'end': '13:50', 'location': 'RML 525', 'start': '12:55'};{'day': 'We', 'end': '13:50', 'location': 'RML 525', 'start': '12:55'};{'day': 'Fr', 'end': '13:50', 'location': 'RML 525', 'start': '12:55'}","False","A","3","C","20033","Research","2003"
"0000006900","1.0","0000000405","ENGL","25","5","3","14","3","ALS-L;WRI","Trull, Mary E.","{'fsnum': '15822', 'name': 'Trull, Mary E.'}","200","30","","","","","Literary Eras: British","230","{'day': 'Mo', 'end': '11:40', 'location': 'RML 525', 'start': '10:45'};{'day': 'We', 'end': '11:40', 'location': 'RML 525', 'start': '10:45'};{'day': 'Fr', 'end': '11:40', 'location': 'RML 525', 'start': '10:45'}","False","","3","C","20033","Research","2003"
"0000006901","1.0","0000000406","ENGL","30","0","1","0","29","ALS-L;WRI","Hill, Jan C.","{'fsnum': '109', 'name': 'Hill, Jan C.'}","200","28","","","","","Children's Literature","233","{'day': 'Tu', 'end': '11:00', 'location': 'RML 515', 'start': '09:35'};{'day': 'Th', 'end': '10:50', 'location': 'RML 515', 'start': '09:30'}","False","","3","C","20033","Research","2003"
"0000006902","1.0","0000000407","ENGL","29","4","12","8","5","ALS-L;HWC;WRI","Wells, Colin","{'fsnum': '8973', 'name': 'Wells, Colin'}","200","30","","","","","Top: Historical/Lit","238","{'day': 'Mo', 'end': '10:00', 'location': 'RML 515', 'start': '09:05'};{'day': 'We', 'end': '10:00', 'location': 'RML 515', 'start': '09:05'};{'day': 'Fr', 'end': '10:00', 'location': 'RML 515', 'start': '09:05'}","False","","3","C","20033","Topic","2003"
"0000006903","1.0","0000000410","ENGL","56","0","25","22","9","ALS-L;MCS-D;WRI","Hepburn, Joan","{'fsnum': '3322', 'name': 'Hepburn, Joan'}","200","60","","","","","Amer Racial/Multi Lit","245","{'day': 'Tu', 'end': '09:25', 'location': 'RML 525', 'start': '08:00'};{'day': 'Th', 'end': '09:20', 'location': 'RML 525', 'start': '08:00'}","False","","3","C","20033","Research","2003"
"0000006904","1.0","0000000413","ENGL","18","0","8","1","9","WRI","Steen, Mary","{'fsnum': '7961', 'name': 'Steen, Mary'}","200","18","0","7","0","9","Creative Nonfiction","251","{'day': 'Tu', 'end': '14:45', 'location': 'RML 515', 'start': '13:20'};{'day': 'Th', 'end': '15:35', 'location': 'RML 515', 'start': '14:15'}","False","","3","C","20033","Research","2003"
"0000006905","1.0","0000000416","ENGL","12","0","4","1","7","WRI","Zorn, Paul","{'fsnum': '9206', 'name': 'Zorn, Paul'}","200","18","","","","","Science Writing","254","{'day': 'Mo', 'end': '12:45', 'location': 'SC 186', 'start': '23:50'};{'day': 'We', 'end': '12:45', 'location': 'SC 186', 'start': '23:50'};{'day': 'Fr', 'end': '12:45', 'location': 'SC 186', 'start': '23:50'}","False","","3","C","20033","Research","2003"
"0000006906","1.0","0000000417","ENGL","18","0","8","1","9","WRI","Hill, Jan C.","{'fsnum': '109', 'name': 'Hill, Jan C.'}","200","18","","","","","Journalistic Writing","255","{'day': 'Tu', 'end': '14:45', 'location': 'RML 420', 'start': '13:20'};{'day': 'Th', 'end': '15:35', 'location': 'RML 420', 'start': '14:15'}","False","","3","C","20033","Research","2003"
"0000006907","1.0","0000000418","ENGL","15","0","6","4","5","WRI","LeBlanc, Diane C.","{'fsnum': '13324', 'name': 'LeBlanc, Diane C.'}","200","18","0","6","5","6","Creative Writing I","257","{'day': 'Mo', 'end': '13:50', 'location': 'RML 420', 'start': '12:55'};{'day': 'We', 'end': '13:50', 'location': 'RML 420', 'start': '12:55'};{'day': 'Fr', 'end': '13:50', 'location': 'RML 420', 'start': '12:55'}","False","A","3","C","20033","Research","2003"
"0000006908","1.0","0000000418","ENGL","21","0","10","4","7","WRI","Heynen, James","{'fsnum': '3333', 'name': 'Heynen, James'}","200","18","0","6","3","6","Creative Writing I","257","{'day': 'Tu', 'end': '13:10', 'location': 'RML 515', 'start': '23:45'};{'day': 'Th', 'end': '14:05', 'location': 'RML 515', 'start': '12:45'}","False","B","3","C","20033","Research","2003"
"0000006909","1.0","0000000423","ENGL","30","0","11","5","14","","Marsalek, Karen E.","{'fsnum': '10015', 'name': 'Marsalek, Karen E.'}","200","30","","","","","Eng Lang/Linguistics","274","{'day': 'Mo', 'end': '14:55', 'location': 'RML 525', 'start': '14:00'};{'day': 'We', 'end': '14:55', 'location': 'RML 525', 'start': '14:00'};{'day': 'Fr', 'end': '14:55', 'location': 'RML 525', 'start': '14:00'}","False","","3","C","20033","Research","2003"
"0000006910","1.0","0000000434","ENGL","1","0","0","1","0","","Heynen, James","{'fsnum': '3333', 'name': 'Heynen, James'}","200","","","","","","IS/Ideas in Creat Wri","298","","False","","3","O","20033","Research","2003"
"0000006911","1.0","0000000434","ENGL","1","0","0","1","0","","Gonnerman, Katarzyna","{'fsnum': '2657', 'name': 'Gonnerman, Katarzyna'}","200","","","","","","IS/Russian Child Lit","298","","False","A","3","O","20033","Research","2003"
"0000006912","1.0","0000000434","ENGL","1","0","1","0","0","","Heynen, James","{'fsnum': '3333', 'name': 'Heynen, James'}","200","","","","","","IS/Creative Writing","298","","False","B","3","O","20033","Research","2003"
"0000006913","1.0","0000000442","ENGL","15","0","3","0","12","WRI","Wilson, Eliot K.","{'fsnum': '15823', 'name': 'Wilson, Eliot K.'}","300","15","","","","","Adv Creative Nonfict","373","{'day': 'Mo', 'end': '14:55', 'location': 'RML 520', 'start': '14:00'};{'day': 'We', 'end': '14:55', 'location': 'RML 520', 'start': '14:00'};{'day': 'Fr', 'end': '14:55', 'location': 'RML 520', 'start': '14:00'}","False","","3","C","20033","Research","2003"
"0000006914","1.0","0000000448","ENGL","15","0","5","0","10","EIN","DuRocher, Richard","{'fsnum': '1548', 'name': 'DuRocher, Richard'}","300","15","","","","","Br Auth-Milton/Ethics","393","{'day': 'Tu', 'end': '14:45', 'location': 'RML 520', 'start': '13:20'};{'day': 'Th', 'end': '15:35', 'location': 'RML 520', 'start': '14:15'}","False","","3","C","20033","Seminar","2003"
"0000006915","1.0","0000000451","ENGL","6","0","2","1","3","","Wilson, Eliot K.","{'fsnum': '15823', 'name': 'Wilson, Eliot K.'}","300","","","","","","IR/Award Winner Novel","398","","False","","3","O","20033","Research","2003"
"0000006916","1.0","0000000451","ENGL","2","0","0","0","2","","DuRocher, Richard","{'fsnum': '1548', 'name': 'DuRocher, Richard'}","300","","","","","","IR/Contemp Lit Theory","398","","False","A","3","O","20033","Research","2003"
"0000006917","1.0","0000000451","ENGL","1","0","0","0","1","","Hutchins, Elizabeth","{'fsnum': '3607', 'name': 'Hutchins, Elizabeth'}","300","","","","","","IR/Themes Youth Lit","398","","False","B","3","O","20033","Research","2003"
"0000006918","1.0","0000000451","ENGL","1","0","0","0","1","WRI","Postlethwaite, Diana","{'fsnum': '6403', 'name': 'Postlethwaite, Diana'}","300","","","","","","IR/Novel Writing","398","","False","C","3","O","20033","Research","2003"
"0000006919","1.0","0000000451","ENGL","1","0","1","0","0","","DuRocher, Richard","{'fsnum': '1548', 'name': 'DuRocher, Richard'}","300","","","","","","IR/Critical Theory","398","","False","D","3","O","20033","Research","2003"
"0000006920","1.0","0000000451","ENGL","1","0","0","0","1","","Wilson, Eliot K.","{'fsnum': '15823', 'name': 'Wilson, Eliot K.'}","300","","","","","","IR/Publishing Poetry","398","","False","E","3","O","20033","Research","2003"
"0000006921","1.0","0000000451","ENGL","1","0","0","0","1","WRI","Hill, Jan C.","{'fsnum': '109', 'name': 'Hill, Jan C.'}","300","","","","","","IR/Freelance Writing","398","","False","F","3","O","20033","Research","2003"
"0000006922","1.0","0000000451","ENGL","1","0","0","0","1","WRI","Wilson, Eliot K.","{'fsnum': '15823', 'name': 'Wilson, Eliot K.'}","300","","","","","","IR/Poetry and Fiction","398","","False","G","3","O","20033","Research","2003"
"0000006923","1.0","0000000451","ENGL","1","0","1","0","0","WRI","Zorn, Paul","{'fsnum': '9206', 'name': 'Zorn, Paul'}","300","","","","","","IR/Biomedical Writing","398","","False","H","3","O","20033","Research","2003"
"0000006924","1.0","0000000451","ENGL","1","0","0","0","1","","Koenig, Jennifer","{'fsnum': '4458', 'name': 'Koenig, Jennifer'}","300","","","","","","IR/Fict Faith 20th C","398","","False","I","3","O","20033","Research","2003"
"0000006925","1.0","0000000452","ENGL","15","0","0","0","15","","Cherewatuk, Karen","{'fsnum': '1076', 'name': 'Cherewatuk, Karen'}","300","15","","","","","Major Seminar","399","{'day': 'Mo', 'end': '13:50', 'location': 'RML 520', 'start': '12:55'};{'day': 'We', 'end': '13:50', 'location': 'RML 520', 'start': '12:55'};{'day': 'Fr', 'end': '13:50', 'location': 'RML 520', 'start': '12:55'}","False","A","3","C","20033","Seminar","2003"
"0000006926","1.0","0000000452","ENGL","18","0","0","0","18","","Mbele, Joseph L.","{'fsnum': '5144', 'name': 'Mbele, Joseph L.'}","300","15","","","","","Major Seminar","399","{'day': 'Tu', 'end': '11:00', 'location': 'RML 520', 'start': '09:35'};{'day': 'Th', 'end': '10:50', 'location': 'RML 520', 'start': '09:30'}","False","B","3","C","20033","Seminar","2003"
"0000006927","1.0","0000000452","ENGL","14","0","0","0","14","","Heynen, James","{'fsnum': '3333', 'name': 'Heynen, James'}","300","15","","","","","Major Seminar","399","{'day': 'Tu', 'end': '22:00', 'location': 'RML 520', 'start': '19:00'}","False","C","3","C","20033","Seminar","2003"
"0000006928","1.0","0000000454","ENVST","21","9","1","4","7","NST","Bakko, Eugene","{'fsnum': '325', 'name': 'Bakko, Eugene'}","100","24","8","6","7","6","Conservation Biology","125","{'day': 'Mo', 'end': '15:00', 'location': 'SC 129', 'start': '13:00'};{'day': 'We', 'end': '15:00', 'location': 'SC 129', 'start': '13:00'}","False","","3","C","20033","Research","2003"
"0000006929","1.0","0000000455","ENVST","21","12","1","3","5","NST","Welch, Brian C.","{'fsnum': '13277', 'name': 'Welch, Brian C.'}","100","24","12","6","8","5","Intro: Enviro Studies","137","{'day': 'Tu', 'end': '09:25', 'location': 'SC 129', 'start': '08:00'};{'day': 'Th', 'end': '09:20', 'location': 'SC 129', 'start': '08:00'}","False","A","3","C","20033","Research","2003"
"0000006930","1.0","0000000455","ENVST","22","6","2","10","4","NST","Welch, Brian C.","{'fsnum': '13277', 'name': 'Welch, Brian C.'}","100","24","11","8","10","6","Intro: Enviro Studies","137","{'day': 'Tu', 'end': '11:00', 'location': 'SC 129', 'start': '09:35'};{'day': 'Th', 'end': '10:50', 'location': 'SC 129', 'start': '09:30'}","False","B","3","C","20033","Research","2003"
"0000006931","1.0","0000000455","ENVST","21","5","5","7","4","NST","Jackson, Paul T.","{'fsnum': '3644', 'name': 'Jackson, Paul T.'}","100","24","6","7","6","5","Intro: Enviro Studies","137","{'day': 'Mo', 'end': '08:55', 'location': 'SC 130', 'start': '08:00'};{'day': 'We', 'end': '08:55', 'location': 'SC 130', 'start': '08:00'};{'day': 'Fr', 'end': '08:55', 'location': 'SC 130', 'start': '08:00'}","False","C","3","C","20033","Research","2003"
"0000006932","1.0","0000000456","ENVST","29","1","10","4","14","HBS","Lott, Anthony","{'fsnum': '15825', 'name': 'Lott, Anthony'}","200","28","","","","","Global Env Politics","201","{'day': 'Mo', 'end': '12:45', 'location': 'SC 130', 'start': '23:50'};{'day': 'We', 'end': '12:45', 'location': 'SC 130', 'start': '23:50'};{'day': 'Fr', 'end': '12:45', 'location': 'SC 130', 'start': '23:50'}","False","","3","C","20033","Research","2003"
"0000006933","1.0","0000000459","ENVST","17","3","2","5","7","HBS","Judge, Rebecca","{'fsnum': '4137', 'name': 'Judge, Rebecca'}","200","30","","","","","Enviro Policy/Regulat","232","{'day': 'Mo', 'end': '10:00', 'location': 'HH 307', 'start': '09:05'};{'day': 'We', 'end': '10:00', 'location': 'HH 307', 'start': '09:05'};{'day': 'Fr', 'end': '10:00', 'location': 'HH 307', 'start': '09:05'}","False","","3","O","20033","Research","2003"
"0000006934","1.0","0000000462","ENVST","23","0","10","6","7","HWC;ORC","Smith, Kendra","{'fsnum': '12921', 'name': 'Smith, Kendra'}","200","28","","","","","Saving Wild Places","259","{'day': 'Tu', 'end': '13:10', 'location': 'SC 188', 'start': '23:45'};{'day': 'Th', 'end': '14:05', 'location': 'SC 188', 'start': '12:45'}","False","","3","C","20033","Research","2003"
"0000006935","1.0","0000000463","ENVST","28","1","6","14","7","ALS-A;HWC","Brooks-Shirey, Heather M.","{'fsnum': '14840', 'name': 'Brooks-Shirey, Heather M.'}","200","30","","","","","Nature & Am Landscape","270","{'day': 'Tu', 'end': '13:10', 'location': 'CAD 305', 'start': '23:45'};{'day': 'Th', 'end': '14:05', 'location': 'CAD 305', 'start': '12:45'}","False","","3","O","20033","Research","2003"
"0000006936","1.0","0000000464","ENVST","1","0","0","0","1","","Umbanhowar, Charles Jr.","{'fsnum': '8616', 'name': 'Umbanhowar, Charles Jr.'}","200","","","","","","Academic Internship","294","","True","","3","O","20033","Research","2003"
"0000006937","1.0","0000000467","ENVST","1","0","0","0","1","","Umbanhowar, Charles Jr.","{'fsnum': '8616', 'name': 'Umbanhowar, Charles Jr.'}","300","","","","","","IR/Palaeoclimatology","398","","False","","3","O","20033","Research","2003"
"0000006938","1.0","0000000468","ENVST","19","0","1","0","18","","Breen, Sheryl D.","{'fsnum': '13316', 'name': 'Breen, Sheryl D.'}","300","15","","","","","Sem: Environ Studies","399","{'day': 'Mo', 'end': '14:30', 'location': 'BMC 109', 'start': '13:00'};{'day': 'We', 'end': '14:30', 'location': 'BMC 109', 'start': '13:00'}","False","","3","C","20033","Seminar","2003"
"0000007035","1.0","0000000649","FAMST","36","0","15","14","7","","Holt, C. George","{'fsnum': '3431', 'name': 'Holt, C. George'}","200","30","0","5","0","5","Family Relationships","242","{'day': 'Mo', 'end': '11:40', 'location': 'BMC 111', 'start': '10:45'};{'day': 'We', 'end': '11:40', 'location': 'BMC 111', 'start': '10:45'};{'day': 'Fr', 'end': '11:40', 'location': 'BMC 111', 'start': '10:45'}","False","","3","C","20033","Research","2003"
"0000007036","1.0","0000000651","FAMST","52","0","13","5","34","","Holt, C. George","{'fsnum': '3431', 'name': 'Holt, C. George'}","200","50","0","0","0","","Human Sexuality","253","{'day': 'Tu', 'end': '14:45', 'location': 'HH 501', 'start': '13:20'};{'day': 'Th', 'end': '15:35', 'location': 'HH 501', 'start': '14:15'}","False","","3","C","20033","Research","2003"
"0000007037","1.0","0000000653","FAMST","2","0","0","0","2","","Holt, C. George","{'fsnum': '3431', 'name': 'Holt, C. George'}","200","","","","","","Academic Internship","294","","True","","3","O","20033","Research","2003"
"0000007038","1.0","0000000655","FAMST","18","0","1","0","17","","Holt, C. George","{'fsnum': '3431', 'name': 'Holt, C. George'}","300","30","0","0","0","","Senior Seminar: Sp Top","391","{'day': 'Tu', 'end': '11:00', 'location': 'OM 030', 'start': '09:35'};{'day': 'Th', 'end': '10:50', 'location': 'OM 030', 'start': '09:30'}","False","","3","C","20033","Research","2003"
"0000006944","1.0","0000000477","FREN","26","14","4","1","7","","Hertich, Alexander","{'fsnum': '15931', 'name': 'Hertich, Alexander'}","100","30","","","","","Beginning French II","112","{'day': 'Mo', 'end': '12:45', 'location': 'OM 026', 'start': '23:50'};{'day': 'We', 'end': '12:45', 'location': 'OM 026', 'start': '23:50'};{'day': 'Fr', 'end': '12:45', 'location': 'OM 026', 'start': '23:50'}","False","","3","O","20033","Research","2003"
"0000006945","1.0","0000000479","FREN","29","17","3","5","4","","Hertich, Alexander","{'fsnum': '15931', 'name': 'Hertich, Alexander'}","200","30","","","","","Intermed French I","231","{'day': 'Mo', 'end': '10:00', 'location': 'OM 026', 'start': '09:05'};{'day': 'We', 'end': '10:00', 'location': 'OM 026', 'start': '09:05'};{'day': 'Fr', 'end': '10:00', 'location': 'OM 026', 'start': '09:05'}","False","","3","O","20033","Research","2003"
"0000006946","1.0","0000000480","FREN","16","11","1","1","3","FOL-F;MCS-G","Allen, Wendy","{'fsnum': '102', 'name': 'Allen, Wendy'}","200","25","","","","","Intermed French II","232","{'day': 'Mo', 'end': '08:55', 'location': 'OM 026', 'start': '08:00'};{'day': 'We', 'end': '08:55', 'location': 'OM 026', 'start': '08:00'};{'day': 'Fr', 'end': '08:55', 'location': 'OM 026', 'start': '08:00'}","False","A","3","O","20033","Research","2003"
"0000006947","1.0","0000000480","FREN","28","9","1","14","4","FOL-F;MCS-G","Hertich, Alexander","{'fsnum': '15931', 'name': 'Hertich, Alexander'}","200","25","","","","","Intermed French II","232","{'day': 'Mo', 'end': '11:40', 'location': 'OM 026', 'start': '10:45'};{'day': 'We', 'end': '11:40', 'location': 'OM 026', 'start': '10:45'};{'day': 'Fr', 'end': '11:40', 'location': 'OM 026', 'start': '10:45'}","False","B","3","C","20033","Research","2003"
"0000006948","1.0","0000000480","FREN","22","15","1","6","0","FOL-F;MCS-G","Barjasteh, Jolene","{'fsnum': '337', 'name': 'Barjasteh, Jolene'}","200","25","","","","","Intermed French II","232","{'day': 'Mo', 'end': '14:55', 'location': 'OM 026', 'start': '14:00'};{'day': 'We', 'end': '14:55', 'location': 'OM 026', 'start': '14:00'};{'day': 'Fr', 'end': '14:55', 'location': 'OM 026', 'start': '14:00'}","False","C","3","C","20033","Research","2003"
"0000006949","1.0","0000000485","FREN","24","16","0","7","1","ALS-L;FOL-F","Allen, Wendy","{'fsnum': '102', 'name': 'Allen, Wendy'}","200","25","","","","","Intro Literary Analy","253","{'day': 'Tu', 'end': '11:00', 'location': 'OM 026', 'start': '09:35'};{'day': 'Th', 'end': '10:50', 'location': 'OM 026', 'start': '09:30'}","False","","3","C","20033","Research","2003"
"0000006950","1.0","0000000488","FREN","11","2","1","6","2","FOL-F","Barjasteh, Jolene","{'fsnum': '337', 'name': 'Barjasteh, Jolene'}","200","20","","","","","Per Stud: 19 Cent Lit","273","{'day': 'Tu', 'end': '09:25', 'location': 'OM 026', 'start': '08:00'};{'day': 'Th', 'end': '09:20', 'location': 'OM 026', 'start': '08:00'}","False","","3","O","20033","Research","2003"
"0000006951","1.0","0000000493","FREN","10","0","3","1","6","FOL-F","Homler, Scott","{'fsnum': '3438', 'name': 'Homler, Scott'}","300","15","","","","","Genre: French Cinema","373","{'day': 'Tu', 'end': '13:10', 'location': 'OM 026', 'start': '23:45'};{'day': 'Th', 'end': '14:05', 'location': 'OM 026', 'start': '12:45'}","False","","3","O","20033","Research","2003"
"0000006952","1.0","0000000496","FREN","1","0","0","0","1","","Allen, Wendy","{'fsnum': '102', 'name': 'Allen, Wendy'}","300","","","","","","IR/North African Lit","398","","False","","3","O","20033","Research","2003"
"0000006983","1.0","0000000533","GCON","23","23","0","0","0","FYW;HWC","Judge, Rebecca","{'fsnum': '4137', 'name': 'Judge, Rebecca'}","100","23","","","","","Medieval Synthesis","116","{'day': 'Mo', 'end': '14:55', 'location': 'HH 302', 'start': '14:00'};{'day': 'We', 'end': '14:55', 'location': 'HH 302', 'start': '14:00'};{'day': 'Fr', 'end': '14:55', 'location': 'HH 302', 'start': '14:00'}","False","A","3","C","20033","Research","2003"
"0000006984","1.0","0000000533","GCON","21","18","0","0","3","FYW;HWC","Wells, Colin","{'fsnum': '8973', 'name': 'Wells, Colin'}","100","23","","","","","Medieval Synthesis","116","{'day': 'Mo', 'end': '14:55', 'location': 'Steensland', 'start': '14:00'};{'day': 'We', 'end': '14:55', 'location': 'Steensland', 'start': '14:00'};{'day': 'Fr', 'end': '14:55', 'location': 'Steensland', 'start': '14:00'}","False","B","3","C","20033","Research","2003"
"0000006985","1.0","0000000533","GCON","21","19","0","1","1","FYW;HWC","Wilson, Charles","{'fsnum': '9090', 'name': 'Wilson, Charles'}","100","23","","","","","Medieval Synthesis","116","{'day': 'Mo', 'end': '14:55', 'location': 'Steensland', 'start': '14:00'};{'day': 'We', 'end': '14:55', 'location': 'Steensland', 'start': '14:00'};{'day': 'Fr', 'end': '14:55', 'location': 'Steensland', 'start': '14:00'}","False","C","3","C","20033","Research","2003"
"0000006986","1.0","0000000533","GCON","23","19","0","2","2","FYW;HWC","Watt, Norman M.","{'fsnum': '8896', 'name': 'Watt, Norman M.'}","100","23","","","","","Medieval Synthesis","116","{'day': 'Mo', 'end': '14:55', 'location': 'OM 004', 'start': '14:00'};{'day': 'We', 'end': '14:55', 'location': 'OM 004', 'start': '14:00'};{'day': 'Fr', 'end': '14:55', 'location': 'OM 004', 'start': '14:00'}","False","D","3","C","20033","Research","2003"
"0000006987","1.0","0000000535","GCON","19","0","2","16","1","ALS-A;HWC;ORC;WRI","Barjasteh, Jolene","{'fsnum': '337', 'name': 'Barjasteh, Jolene'}","200","22","","","","","Dissenters/Defenders","218","{'day': 'Mo', 'end': '11:40', 'location': 'Steensland', 'start': '10:45'};{'day': 'We', 'end': '11:40', 'location': 'Steensland', 'start': '10:45'};{'day': 'Fr', 'end': '11:40', 'location': 'Steensland', 'start': '10:45'}","False","A","3","C","20033","Research","2003"
"0000006988","1.0","0000000535","GCON","19","0","0","19","0","ALS-A;HWC;ORC;WRI","Reece, Steve T.","{'fsnum': '6626', 'name': 'Reece, Steve T.'}","200","22","","","","","Dissenters/Defenders","218","{'day': 'Mo', 'end': '11:40', 'location': 'Steensland', 'start': '10:45'};{'day': 'We', 'end': '11:40', 'location': 'Steensland', 'start': '10:45'};{'day': 'Fr', 'end': '11:40', 'location': 'Steensland', 'start': '10:45'}","False","B","3","C","20033","Research","2003"
"0000006989","1.0","0000000535","GCON","22","0","0","21","1","ALS-A;HWC;ORC;WRI","Schuurman, Douglas","{'fsnum': '7248', 'name': 'Schuurman, Douglas'}","200","22","","","","","Dissenters/Defenders","218","{'day': 'Mo', 'end': '11:40', 'location': 'Steensland', 'start': '10:45'};{'day': 'We', 'end': '11:40', 'location': 'Steensland', 'start': '10:45'};{'day': 'Fr', 'end': '11:40', 'location': 'Steensland', 'start': '10:45'}","False","C","3","C","20033","Research","2003"
"0000006990","1.0","0000000538","GCON","16","0","4","1","11","EIN;WRI","Fairbanks, Rick A.","{'fsnum': '2022', 'name': 'Fairbanks, Rick A.'}","300","15","","","","","Ethical ISSues/Gr Con","310","{'day': 'Tu', 'end': '13:10', 'location': 'CAD 204', 'start': '23:45'};{'day': 'Th', 'end': '14:05', 'location': 'CD 204', 'start': '12:45'}","False","","3","C","20033","Research","2003"
"0000006953","1.0","0000000498","GE","18","17","0","0","1","FYW","Cherewatuk, Karen","{'fsnum': '1076', 'name': 'Cherewatuk, Karen'}","100","18","","","","","First-Year Writing","111","{'day': 'Mo', 'end': '11:40', 'location': 'RML 421', 'start': '10:45'};{'day': 'We', 'end': '11:40', 'location': 'RML 421', 'start': '10:45'};{'day': 'Fr', 'end': '11:40', 'location': 'RML 421', 'start': '10:45'}","False","A","3","C","20033","Research","2003"
"0000006954","1.0","0000000498","GE","17","15","0","0","2","FYW","Marsalek, Karen E.","{'fsnum': '10015', 'name': 'Marsalek, Karen E.'}","100","18","","","","","First-Year Writing","111","{'day': 'Mo', 'end': '12:45', 'location': 'RML 420', 'start': '23:50'};{'day': 'We', 'end': '12:45', 'location': 'RML 420', 'start': '23:50'};{'day': 'Fr', 'end': '12:45', 'location': 'RML 420', 'start': '23:50'}","False","B","3","C","20033","Research","2003"
"0000006955","1.0","0000000498","GE","16","14","0","0","2","FYW","DuRocher, Richard","{'fsnum': '1548', 'name': 'DuRocher, Richard'}","100","18","","","","","First-Year Writing","111","{'day': 'Tu', 'end': '09:25', 'location': 'RML 421', 'start': '08:00'};{'day': 'Th', 'end': '09:20', 'location': 'RML 421', 'start': '08:00'}","False","C","3","C","20033","Research","2003"
"0000006956","1.0","0000000498","GE","16","15","0","1","0","FYW","Steen, Mary","{'fsnum': '7961', 'name': 'Steen, Mary'}","100","18","","","","","First-Year Writing","111","{'day': 'Tu', 'end': '09:25', 'location': 'RML 515', 'start': '08:00'};{'day': 'Th', 'end': '09:20', 'location': 'RML 515', 'start': '08:00'}","False","D","3","C","20033","Research","2003"
"0000006957","1.0","0000000498","GE","19","18","0","0","1","FYW","Gorton, William A.","{'fsnum': '15068', 'name': 'Gorton, William A.'}","100","18","","","","","First-Year Writing","111","{'day': 'Tu', 'end': '11:00', 'location': 'OM 004', 'start': '09:35'};{'day': 'Th', 'end': '10:50', 'location': 'OM 004', 'start': '09:30'}","False","E","3","C","20033","Research","2003"
"0000006958","1.0","0000000498","GE","18","15","0","1","2","FYW","Hepburn, Joan","{'fsnum': '3322', 'name': 'Hepburn, Joan'}","100","18","","","","","First-Year Writing","111","{'day': 'Tu', 'end': '11:00', 'location': 'RML 420', 'start': '09:35'};{'day': 'Th', 'end': '10:50', 'location': 'RML 420', 'start': '09:30'}","False","F","3","C","20033","Research","2003"
"0000006959","1.0","0000000498","GE","17","16","0","0","1","FYW","Winstead, Mary V.","{'fsnum': '14858', 'name': 'Winstead, Mary V.'}","100","18","","","","","First-Year Writing","111","{'day': 'Tu', 'end': '11:00', 'location': 'RML 577', 'start': '09:35'};{'day': 'Th', 'end': '10:50', 'location': 'RML 577', 'start': '09:30'}","False","G","3","C","20033","Research","2003"
"0000006960","1.0","0000000498","GE","20","18","0","1","1","FYW","Postlethwaite, Diana","{'fsnum': '6403', 'name': 'Postlethwaite, Diana'}","100","18","","","","","First-Year Writing","111","{'day': 'Tu', 'end': '11:00', 'location': 'RML 525', 'start': '09:35'};{'day': 'Th', 'end': '10:50', 'location': 'RML 525', 'start': '09:30'}","False","H","3","C","20033","Research","2003"
"0000006961","1.0","0000000498","GE","18","17","0","0","1","FYW","Bauer, Susan","{'fsnum': '338', 'name': 'Bauer, Susan'}","100","18","","","","","First-Year Writing","111","{'day': 'Tu', 'end': '13:10', 'location': 'TB 216', 'start': '23:45'};{'day': 'Th', 'end': '14:05', 'location': 'TB 216', 'start': '12:45'}","False","I","3","C","20033","Research","2003"
"0000006962","1.0","0000000498","GE","19","17","0","1","1","FYW","Mbele, Joseph L.","{'fsnum': '5144', 'name': 'Mbele, Joseph L.'}","100","18","","","","","First-Year Writing","111","{'day': 'Tu', 'end': '13:10', 'location': 'RML 420', 'start': '23:45'};{'day': 'Th', 'end': '14:05', 'location': 'RML 420', 'start': '12:45'}","False","J","3","C","20033","Research","2003"
"0000006963","1.0","0000000498","GE","17","17","0","0","0","FYW","Steen, Mary","{'fsnum': '7961', 'name': 'Steen, Mary'}","100","18","","","","","First-Year Writing","111","{'day': 'Tu', 'end': '13:10', 'location': 'RML 520', 'start': '23:45'};{'day': 'Th', 'end': '14:05', 'location': 'RML 520', 'start': '12:45'}","False","K","3","C","20033","Research","2003"
"0000006964","1.0","0000000498","GE","17","15","0","0","2","FYW","Sabo, Anne G.","{'fsnum': '10029', 'name': 'Sabo, Anne G.'}","100","18","","","","","First-Year Writing","111","{'day': 'Tu', 'end': '13:10', 'location': 'OM 015', 'start': '23:45'};{'day': 'Th', 'end': '14:05', 'location': 'OM 015', 'start': '12:45'}","False","L","3","C","20033","Research","2003"
"0000006965","1.0","0000000498","GE","18","17","0","0","1","FYW","Heynen, James","{'fsnum': '3333', 'name': 'Heynen, James'}","100","18","","","","","First-Year Writing","111","{'day': 'Tu', 'end': '14:45', 'location': 'RML 525', 'start': '13:20'};{'day': 'Th', 'end': '15:35', 'location': 'RML 525', 'start': '14:15'}","False","M","3","C","20033","Research","2003"
"0000006966","1.0","0000000498","GE","12","11","0","0","1","FYW","Winstead, Mary V.","{'fsnum': '14858', 'name': 'Winstead, Mary V.'}","100","18","","","","","First-Year Writing","111","{'day': 'Tu', 'end': '14:45', 'location': 'RML 421', 'start': '13:20'};{'day': 'Th', 'end': '15:35', 'location': 'RML 421', 'start': '14:15'}","False","N","3","C","20033","Research","2003"
"0000006967","1.0","0000000498","GE","18","18","0","0","0","FYW","Borich, Barrie J.","{'fsnum': '16004', 'name': 'Borich, Barrie J.'}","100","18","","","","","First-Year Writing","111","{'day': 'Tu', 'end': '14:45', 'location': 'SC 130', 'start': '13:20'};{'day': 'Th', 'end': '15:35', 'location': 'SC 130', 'start': '14:15'}","False","O","3","C","20033","Research","2003"
"0000006968","1.0","0000000499","GEOG","24","1","4","1","18","","Dunning, Richard","{'fsnum': '1543', 'name': 'Dunning, Richard'}","200","35","","","","","Human Geography","232","{'day': 'Tu', 'end': '09:25', 'location': 'OM 035', 'start': '08:00'};{'day': 'Th', 'end': '09:20', 'location': 'OM 035', 'start': '08:00'}","False","","3","O","20033","Research","2003"
"0000006969","1.0","0000000504","GERM","8","2","1","2","3","","Rippley, Lavern","{'fsnum': '6671', 'name': 'Rippley, Lavern'}","100","30","","","","","Beginning German I","111","{'day': 'Tu', 'end': '09:25', 'location': 'OM 030', 'start': '08:00'};{'day': 'Th', 'end': '09:20', 'location': 'OM 030', 'start': '08:00'}","False","","3","O","20033","Research","2003"
"0000006970","1.0","0000000505","GERM","16","12","0","1","3","","Fink, Karl","{'fsnum': '2103', 'name': 'Fink, Karl'}","100","30","","","","","Beginning German II","112","{'day': 'Mo', 'end': '10:00', 'location': 'OM 004', 'start': '09:05'};{'day': 'We', 'end': '10:00', 'location': 'OM 004', 'start': '09:05'};{'day': 'Fr', 'end': '10:00', 'location': 'OM 004', 'start': '09:05'}","False","","3","O","20033","Research","2003"
"0000006971","1.0","0000000508","GERM","18","11","3","4","0","","Fink, Karl","{'fsnum': '2103', 'name': 'Fink, Karl'}","200","30","","","","","Intermed German I","231","{'day': 'Mo', 'end': '12:45', 'location': 'OM 004', 'start': '23:50'};{'day': 'We', 'end': '12:45', 'location': 'OM 004', 'start': '23:50'};{'day': 'Fr', 'end': '12:45', 'location': 'OM 004', 'start': '23:50'}","False","","3","O","20033","Research","2003"
"0000006972","1.0","0000000509","GERM","24","17","0","6","1","FOL-G","Von Schwerin-High, Frederike","{'fsnum': '8820', 'name': 'Von Schwerin-High, Frederike'}","200","15","","","","","Intermed German II","232","{'day': 'Mo', 'end': '08:55', 'location': 'OM 035', 'start': '08:00'};{'day': 'We', 'end': '08:55', 'location': 'OM 035', 'start': '08:00'};{'day': 'Fr', 'end': '08:55', 'location': 'OM 035', 'start': '08:00'}","False","A","3","C","20033","Research","2003"
"0000006973","1.0","0000000509","GERM","16","9","0","7","0","FOL-G","Rippley, Lavern","{'fsnum': '6671', 'name': 'Rippley, Lavern'}","200","25","","","","","Intermed German II","232","{'day': 'Mo', 'end': '11:40', 'location': 'OM 035', 'start': '10:45'};{'day': 'We', 'end': '11:40', 'location': 'OM 035', 'start': '10:45'};{'day': 'Fr', 'end': '11:40', 'location': 'OM 035', 'start': '10:45'}","False","B","3","O","20033","Research","2003"
"0000006974","1.0","0000000513","GERM","11","2","2","5","2","ALS-A;HWC","Achberger, Karen R.","{'fsnum': '50', 'name': 'Achberger, Karen R.'}","200","40","","","","","German Cinema","249","{'day': 'Mo', 'end': '21:00', 'location': 'BC Viking', 'start': '19:00'};{'day': 'Mo', 'end': '10:00', 'location': 'OM 035', 'start': '09:05'};{'day': 'We', 'end': '10:00', 'location': 'OM 035', 'start': '09:05'};{'day': 'Fr', 'end': '10:00', 'location': 'OM 035', 'start': '09:05'}","False","","3","O","20033","Research","2003"
"0000006975","0.25","0000000513","GERM","7","2","2","3","0","","Achberger, Karen R.","{'fsnum': '50', 'name': 'Achberger, Karen R.'}","200","40","","","","","FLC-German","249","{'day': 'We', 'end': '19:55', 'location': 'OM 035', 'start': '19:00'}","False","L","3","O","20033","Research","2003"
"0000006976","1.0","0000000514","GERM","19","3","3","9","4","FOL-G;ORC","Von Schwerin-High, Frederike","{'fsnum': '8820', 'name': 'Von Schwerin-High, Frederike'}","200","25","","","","","Speaking German","250","{'day': 'Mo', 'end': '12:45', 'location': 'OM 035', 'start': '23:50'};{'day': 'We', 'end': '12:45', 'location': 'OM 035', 'start': '23:50'};{'day': 'Fr', 'end': '12:45', 'location': 'OM 035', 'start': '23:50'}","False","","3","O","20033","Research","2003"
"0000006977","1.0","0000000516","GERM","23","6","1","8","8","FOL-G;WRI","Fink, Karl","{'fsnum': '2103', 'name': 'Fink, Karl'}","200","25","","","","","Exploring Non-Fiction","252","{'day': 'Mo', 'end': '11:40', 'location': 'RML 420', 'start': '10:45'};{'day': 'We', 'end': '11:40', 'location': 'RML 420', 'start': '10:45'};{'day': 'Fr', 'end': '11:40', 'location': 'RML 420', 'start': '10:45'}","False","","3","O","20033","Research","2003"
"0000006978","1.0","0000000520","GERM","6","1","1","4","0","FOL-G;HWC","Achberger, Karen R.","{'fsnum': '50', 'name': 'Achberger, Karen R.'}","200","25","","","","","Top: German Modernism","272","{'day': 'Mo', 'end': '13:50', 'location': 'OM 035', 'start': '12:55'};{'day': 'We', 'end': '13:50', 'location': 'OM 035', 'start': '12:55'};{'day': 'Fr', 'end': '13:50', 'location': 'OM 035', 'start': '12:55'}","False","","3","O","20033","Topic","2003"
"0000006979","1.0","0000000523","GERM","1","0","0","0","1","","Von Schwerin-High, Frederike","{'fsnum': '8820', 'name': 'Von Schwerin-High, Frederike'}","200","","","","","","IS/Nathan Der Welse","298","","False","","3","O","20033","Research","2003"
"0000006980","1.0","0000000525","GERM","6","1","2","0","3","FOL-G","Rippley, Lavern","{'fsnum': '6671', 'name': 'Rippley, Lavern'}","300","25","","","","","Top: Deutsche Novelle","371","{'day': 'Tu', 'end': '11:00', 'location': 'OM 035', 'start': '09:35'};{'day': 'Th', 'end': '10:50', 'location': 'OM 035', 'start': '09:30'}","False","","3","O","20033","Topic","2003"
"0000006981","1.0","0000000530","GERM","1","0","0","0","1","","Rippley, Lavern","{'fsnum': '6671', 'name': 'Rippley, Lavern'}","300","","","","","","IR/German Health Care","398","","False","","3","O","20033","Research","2003"
"0000006982","1.0","0000000530","GERM","1","0","0","0","1","","Fink, Karl","{'fsnum': '2103', 'name': 'Fink, Karl'}","300","","","","","","IR/German Trans & Anal","398","","False","A","3","O","20033","Research","2003"
"0000006991","1.0","0000000540","GREEK","18","7","4","5","2","","Bruss, Jon","{'fsnum': '14963', 'name': 'Bruss, Jon'}","100","25","","","","","Beginning Greek II","112","{'day': 'Mo', 'end': '08:55', 'location': 'OM 030', 'start': '08:00'};{'day': 'We', 'end': '08:55', 'location': 'OM 030', 'start': '08:00'};{'day': 'Fr', 'end': '08:55', 'location': 'OM 030', 'start': '08:00'}","False","","3","O","20033","Research","2003"
"0000006992","1.0","0000000542","GREEK","9","0","1","7","1","FOL-K","Bruss, Jon","{'fsnum': '14963', 'name': 'Bruss, Jon'}","200","15","","","","","New Testament Greek","253","{'day': 'Mo', 'end': '12:45', 'location': 'OM 003', 'start': '23:50'};{'day': 'We', 'end': '12:45', 'location': 'OM 003', 'start': '23:50'};{'day': 'Fr', 'end': '12:45', 'location': 'OM 003', 'start': '23:50'}","False","","3","O","20033","Research","2003"
"0000006993","1.0","0000000547","GREEK","7","0","5","1","1","FOL-K","Reece, Steve T.","{'fsnum': '6626', 'name': 'Reece, Steve T.'}","300","8","","","","","Greek Historians","373","{'day': 'Tu', 'end': '11:00', 'location': 'OM 036', 'start': '09:35'};{'day': 'Th', 'end': '10:50', 'location': 'OM 036', 'start': '09:30'}","False","","3","O","20033","Research","2003"
"0000006994","1.0","0000000551","GREEK","1","0","0","0","1","","Bruss, Jon","{'fsnum': '14963', 'name': 'Bruss, Jon'}","300","","","","","","IR/Advanced Nt Greek","398","","False","","3","O","20033","Research","2003"
"0000006995","1.0","0000000553","HIST","17","17","0","0","0","HWC","Nichol, Todd W.","{'fsnum': '14143', 'name': 'Nichol, Todd W.'}","100","19","","","","","Vikings","105","{'day': 'Tu', 'end': '14:45', 'location': 'HH 317', 'start': '13:20'};{'day': 'Th', 'end': '15:35', 'location': 'HH 317', 'start': '14:15'}","False","","3","C","20033","Research","2003"
"0000006996","1.0","0000000556","HIST","19","15","0","1","3","HWC","Nichols, Robert","{'fsnum': '5608', 'name': 'Nichols, Robert'}","100","19","","","","","Fall Russian Monarchy","108","{'day': 'Tu', 'end': '14:45', 'location': 'HH 515', 'start': '13:20'};{'day': 'Th', 'end': '15:35', 'location': 'HH 515', 'start': '14:15'}","False","","3","C","20033","Research","2003"
"0000006997","1.0","0000000557","HIST","18","18","0","0","0","HWC;WRI","Peters, Dolores","{'fsnum': '6245', 'name': 'Peters, Dolores'}","100","19","","","","","Europe/Great War","116","{'day': 'Tu', 'end': '13:10', 'location': 'OM 011', 'start': '23:45'};{'day': 'Th', 'end': '14:05', 'location': 'OM 011', 'start': '12:45'}","False","","3","C","20033","Research","2003"
"0000006998","1.0","0000000558","HIST","17","15","0","0","2","MCS-G;WRI","DeLaney, Jeane","{'fsnum': '1368', 'name': 'DeLaney, Jeane'}","100","19","","","","","Maya Colonial-Present","125","{'day': 'Mo', 'end': '11:40', 'location': 'HH 516', 'start': '10:45'};{'day': 'We', 'end': '11:40', 'location': 'HH 516', 'start': '10:45'};{'day': 'Fr', 'end': '11:40', 'location': 'HH 516', 'start': '10:45'}","False","","3","C","20033","Research","2003"
"0000006999","1.0","0000001787","HIST","12","11","0","0","1","HBS;MCS-G","Pohlandt-McCormick, Helena","{'fsnum': '10553', 'name': 'Pohlandt-McCormick, Helena'}","100","19","","","","","Life Hist/African Wmn","128","{'day': 'Mo', 'end': '10:00', 'location': 'HH 515', 'start': '09:05'};{'day': 'We', 'end': '10:00', 'location': 'HH 515', 'start': '09:05'};{'day': 'Fr', 'end': '10:00', 'location': 'HH 515', 'start': '09:05'}","False","","3","O","20033","Research","2003"
"0000007000","1.0","0000001791","HIST","17","14","0","0","3","HWC;MCS-D","Fitzgerald, Michael","{'fsnum': '2113', 'name': 'Fitzgerald, Michael'}","100","19","","","","","Slavery/Americas","132","{'day': 'Mo', 'end': '12:45', 'location': 'HH 301', 'start': '23:50'};{'day': 'We', 'end': '12:45', 'location': 'HH 301', 'start': '23:50'};{'day': 'Fr', 'end': '12:45', 'location': 'HH 301', 'start': '23:50'}","False","","3","C","20033","Research","2003"
"0000007001","1.0","0000000569","HIST","16","13","0","0","3","HWC;MCS-D","Fitzgerald, Michael","{'fsnum': '2113', 'name': 'Fitzgerald, Michael'}","100","19","","","","","Civil Rights Revolutn","145","{'day': 'Mo', 'end': '08:55', 'location': 'HH 515', 'start': '08:00'};{'day': 'We', 'end': '08:55', 'location': 'HH 515', 'start': '08:00'};{'day': 'Fr', 'end': '08:55', 'location': 'HH 515', 'start': '08:00'}","False","","3","C","20033","Research","2003"
"0000007002","1.0","0000000574","HIST","30","12","5","5","8","HWC","De Krey, Gary","{'fsnum': '1364', 'name': 'De Krey, Gary'}","100","35","","6","7","5","Europe,1500-Present","191","{'day': 'Mo', 'end': '11:40', 'location': 'HH 317', 'start': '10:45'};{'day': 'We', 'end': '11:40', 'location': 'HH 317', 'start': '10:45'};{'day': 'Fr', 'end': '11:40', 'location': 'HH 317', 'start': '10:45'}","False","","3","C","20033","Research","2003"
"0000007003","1.0","0000000576","HIST","29","11","4","6","8","MCS-G","Pohlandt-McCormick, Helena","{'fsnum': '10553', 'name': 'Pohlandt-McCormick, Helena'}","100","35","","","","","Global,1500-Present","196","{'day': 'Mo', 'end': '13:50', 'location': 'HH 403', 'start': '12:55'};{'day': 'We', 'end': '13:50', 'location': 'HH 403', 'start': '12:55'};{'day': 'Fr', 'end': '13:50', 'location': 'HH 403', 'start': '12:55'}","False","","3","O","20033","Research","2003"
"0000007004","1.0","0000001820","HIST","30","2","10","5","13","HWC;MCS-D","Fure-Slocum, Eric J.","{'fsnum': '10197', 'name': 'Fure-Slocum, Eric J.'}","200","30","","","","","U.S. Since 1865","206","{'day': 'Mo', 'end': '11:40', 'location': 'RML 577', 'start': '10:45'};{'day': 'We', 'end': '11:40', 'location': 'RML 577', 'start': '10:45'};{'day': 'Fr', 'end': '11:40', 'location': 'RML 577', 'start': '10:45'}","False","A","3","C","20033","Research","2003"
"0000007005","1.0","0000001820","HIST","33","0","11","9","13","HWC;MCS-D","Fure-Slocum, Eric J.","{'fsnum': '10197', 'name': 'Fure-Slocum, Eric J.'}","200","30","","","","","U.S. Since 1865","206","{'day': 'Mo', 'end': '10:00', 'location': 'RML 577', 'start': '09:05'};{'day': 'We', 'end': '10:00', 'location': 'RML 577', 'start': '09:05'};{'day': 'Fr', 'end': '10:00', 'location': 'RML 577', 'start': '09:05'}","False","B","3","C","20033","Research","2003"
"0000007006","1.0","0000000584","HIST","33","7","8","8","10","HWC","Carrington, J. L.","{'fsnum': '971', 'name': 'Carrington, J. L.'}","200","35","","","","","Early Middle Ages","209","{'day': 'Mo', 'end': '14:55', 'location': 'HH 403', 'start': '14:00'};{'day': 'We', 'end': '14:55', 'location': 'HH 403', 'start': '14:00'};{'day': 'Fr', 'end': '14:55', 'location': 'HH 403', 'start': '14:00'}","False","","3","O","20033","Research","2003"
"0000007007","1.0","0000000582","HIST","29","1","8","16","4","HWC","Howe, Tim R.","{'fsnum': '15815', 'name': 'Howe, Tim R.'}","200","35","","","","","Ancient Rome","211","{'day': 'Tu', 'end': '09:25', 'location': 'HH 501', 'start': '08:00'};{'day': 'Th', 'end': '09:20', 'location': 'HH 501', 'start': '08:00'}","False","","3","C","20033","Research","2003"
"0000007008","1.0","0000001815","HIST","18","7","2","7","2","HWC;ORC","Carrington, J. L.","{'fsnum': '971', 'name': 'Carrington, J. L.'}","200","16","","","","","Age of Renaissance","213","{'day': 'Tu', 'end': '14:45', 'location': 'OM 011', 'start': '13:20'};{'day': 'Th', 'end': '15:35', 'location': 'OM 011', 'start': '14:15'}","False","","3","C","20033","Research","2003"
"0000007009","1.0","0000000597","HIST","23","3","3","15","2","HWC","Nichols, Robert","{'fsnum': '5608', 'name': 'Nichols, Robert'}","200","35","","","","","20th Century Russia","223","{'day': 'Mo', 'end': '14:55', 'location': 'RML 421', 'start': '14:00'};{'day': 'We', 'end': '14:55', 'location': 'RML 421', 'start': '14:00'};{'day': 'Fr', 'end': '14:55', 'location': 'RML 421', 'start': '14:00'}","False","","3","O","20033","Research","2003"
"0000007010","0.25","0000000597","HIST","4","0","2","1","1","","Walter, Irina","{'fsnum': '8888', 'name': 'Walter, Irina'}","200","5","","","","","FLC-Russian","223","","False","L","3","O","20033","Research","2003"
"0000007011","1.0","0000000591","HIST","42","3","4","22","13","HWC;WRI","Nichol, Todd W.","{'fsnum': '14143', 'name': 'Nichol, Todd W.'}","200","35","","","","","Modern Scandinavia","224","{'day': 'Tu', 'end': '11:00', 'location': 'HH 317', 'start': '09:35'};{'day': 'Th', 'end': '10:50', 'location': 'HH 317', 'start': '09:30'}","False","","3","C","20033","Research","2003"
"0000007012","1.0","0000000594","HIST","27","9","6","8","4","HWC","Peters, Dolores","{'fsnum': '6245', 'name': 'Peters, Dolores'}","200","35","","","","","French Revol/Napoleon","235","{'day': 'Mo', 'end': '13:50', 'location': 'HH 413', 'start': '12:55'};{'day': 'We', 'end': '13:50', 'location': 'HH 413', 'start': '12:55'};{'day': 'Fr', 'end': '13:50', 'location': 'HH 413', 'start': '12:55'}","False","","3","O","20033","Research","2003"
"0000007013","1.0","0000000618","HIST","33","0","6","22","5","HWC;MCS-D","Fitzgerald, Michael","{'fsnum': '2113', 'name': 'Fitzgerald, Michael'}","200","35","","","","","African--Amer Hist","242","{'day': 'Tu', 'end': '11:00', 'location': 'HH 413', 'start': '09:35'};{'day': 'Th', 'end': '10:50', 'location': 'HH 413', 'start': '09:30'}","False","","3","C","20033","Research","2003"
"0000007014","1.0","0000000617","HIST","19","3","0","12","4","HWC","Smith, Kendra","{'fsnum': '12921', 'name': 'Smith, Kendra'}","200","35","","","","","Environmental History","246","{'day': 'Tu', 'end': '14:45', 'location': 'SC 188', 'start': '13:20'};{'day': 'Th', 'end': '15:35', 'location': 'SC 188', 'start': '14:15'}","False","","3","O","20033","Research","2003"
"0000007015","1.0","0000001836","HIST","39","0","1","3","35","HWC","Alexander, Deborah","{'fsnum': '16535', 'name': 'Alexander, Deborah'}","200","35","","","","","Top: Film and History","250","{'day': 'Mo', 'end': '22:00', 'location': 'HH 501', 'start': '19:00'}","False","","3","C","20033","Topic","2003"
"0000007016","1.0","0000000620","HIST","21","2","3","7","9","MCS-D","Hahn, Steve C.","{'fsnum': '13148', 'name': 'Hahn, Steve C.'}","200","35","","","","","Us Top: Native Amer","251","{'day': 'Mo', 'end': '14:55', 'location': 'RML 515', 'start': '14:00'};{'day': 'We', 'end': '14:55', 'location': 'RML 515', 'start': '14:00'};{'day': 'Fr', 'end': '14:55', 'location': 'RML 515', 'start': '14:00'}","False","","3","O","20033","Topic","2003"
"0000007017","1.0","0000000605","HIST","16","2","6","4","4","MCS-G","DeLaney, Jeane","{'fsnum': '1368', 'name': 'DeLaney, Jeane'}","200","35","","","","","Modern Latin America","281","{'day': 'Mo', 'end': '14:55', 'location': 'RML 577', 'start': '14:00'};{'day': 'We', 'end': '14:55', 'location': 'RML 577', 'start': '14:00'};{'day': 'Fr', 'end': '14:55', 'location': 'RML 577', 'start': '14:00'}","False","","3","O","20033","Research","2003"
"0000007018","0.25","0000000605","HIST","4","0","1","2","1","","Barnes-Karol, Gwen","{'fsnum': '332', 'name': 'Barnes-Karol, Gwen'}","200","10","","","","","FLC-Spanish","281","{'day': 'We', 'end': '19:30', 'location': 'OM 020', 'start': '18:30'}","False","L","3","O","20033","Research","2003"
"0000007019","1.0","0000000624","HIST","1","0","0","1","0","","Nichol, Todd W.","{'fsnum': '14143', 'name': 'Nichol, Todd W.'}","200","","","","","","Academic Internship","294","","True","","3","O","20033","Research","2003"
"0000007020","1.0","0000000625","HIST","1","0","0","0","1","","Fitzgerald, Michael","{'fsnum': '2113', 'name': 'Fitzgerald, Michael'}","200","","","","","","IS/Women in Civil War","298","","False","","3","O","20033","Research","2003"
"0000007021","1.0","0000000625","HIST","1","0","1","0","0","","Pohlandt-McCormick, Helena","{'fsnum': '10553', 'name': 'Pohlandt-McCormick, Helena'}","200","","","","","","IS/Asante in Conflict","298","","False","A","3","O","20033","Research","2003"
"0000007022","1.0","0000001860","HIST","17","0","6","1","10","","Carrington, J. L.","{'fsnum': '971', 'name': 'Carrington, J. L.'}","300","17","","","","","Eur Sem: Early Modern","309","{'day': 'Tu', 'end': '13:10', 'location': 'HH 514', 'start': '23:45'};{'day': 'Th', 'end': '14:05', 'location': 'HH 514', 'start': '12:45'}","False","","3","C","20033","Seminar","2003"
"0000007023","1.0","0000001862","HIST","19","0","7","3","9","","Nichols, Robert","{'fsnum': '5608', 'name': 'Nichols, Robert'}","300","18","","","","","Eur Sem: Stalin","314","{'day': 'Tu', 'end': '11:00', 'location': 'HH 302', 'start': '09:35'};{'day': 'Th', 'end': '10:50', 'location': 'HH 302', 'start': '09:30'}","False","","3","C","20033","Seminar","2003"
"0000007024","1.0","0000001869","HIST","23","0","10","1","12","","Hahn, Steve C.","{'fsnum': '13148', 'name': 'Hahn, Steve C.'}","300","18","","","","","Us Sem: Am Revolution","345","{'day': 'Tu', 'end': '13:10', 'location': 'HH 516', 'start': '23:45'};{'day': 'Th', 'end': '14:05', 'location': 'HH 516', 'start': '12:45'}","False","","3","C","20033","Seminar","2003"
"0000007025","1.0","0000000637","HIST","6","0","2","0","4","","Dennis, Joseph","{'fsnum': '15850', 'name': 'Dennis, Joseph'}","300","15","","","","","East Asian Seminar","360","{'day': 'Tu', 'end': '11:00', 'location': 'CAD 204', 'start': '09:35'};{'day': 'Th', 'end': '10:50', 'location': 'CAD 204', 'start': '09:30'}","False","","3","O","20033","Seminar","2003"
"0000007026","1.0","0000000642","HIST","1","0","0","0","1","","Howe, Tim R.","{'fsnum': '15815', 'name': 'Howe, Tim R.'}","300","","","","","","IR/Slavery: Roman/Mod","398","","False","","3","O","20033","Research","2003"
"0000007027","1.0","0000000642","HIST","1","0","1","0","0","","Howe, Tim R.","{'fsnum': '15815', 'name': 'Howe, Tim R.'}","300","","","","","","IR/Anc Motiv for War","398","","False","A","3","O","20033","Research","2003"
"0000007028","1.0","0000000642","HIST","1","0","0","0","1","","Fitzgerald, Michael","{'fsnum': '2113', 'name': 'Fitzgerald, Michael'}","300","","","","","","IR/Slave Free Relig","398","","False","B","3","O","20033","Research","2003"
"0000007029","1.0","0000000642","HIST","1","0","0","0","1","","Hahn, Steve C.","{'fsnum': '13148', 'name': 'Hahn, Steve C.'}","300","","","","","","IR/Manifest Destiny","398","","False","C","3","O","20033","Research","2003"
"0000007030","1.0","0000000642","HIST","1","0","0","1","0","","Pohlandt-McCormick, Helena","{'fsnum': '10553', 'name': 'Pohlandt-McCormick, Helena'}","300","","","","","","IR/Whites & Apartheid","398","","False","D","3","O","20033","Research","2003"
"0000007031","1.0","0000000642","HIST","1","0","0","0","1","","Fure-Slocum, Eric J.","{'fsnum': '10197', 'name': 'Fure-Slocum, Eric J.'}","300","","","","","","IR/Korten/Hmn Develop","398","","False","E","3","O","20033","Research","2003"
"0000007032","1.0","0000000642","HIST","1","0","1","0","0","","Howe, Tim R.","{'fsnum': '15815', 'name': 'Howe, Tim R.'}","300","","","","","","IR/Pedagogy of Hist","398","","False","F","3","O","20033","Research","2003"
"0000007033","1.0","0000000644","HSPST","1","0","0","0","1","","DeLaney, Jeane","{'fsnum': '1368', 'name': 'DeLaney, Jeane'}","200","","","","","","IS/Shining Path: Peru","298","","False","","3","O","20033","Research","2003"
"0000007034","1.0","0000000647","HSPST","1","0","0","0","1","","Chiappari, Chris L.","{'fsnum': '10036', 'name': 'Chiappari, Chris L.'}","300","","","","","","IR/Hispanics Northfld","398","","False","","3","O","20033","Research","2003"
"0000007063","0.25","0000000694","ID","4","0","1","0","3","ORC","Walczak, Mary","{'fsnum': '8868', 'name': 'Walczak, Mary'}","200","20","","","","","Comm Science and Math","230","","True","","3","C","20033","Research","2003"
"0000007064","1.0","0000000705","ID","2","0","2","0","0","ALS-A","Staff","{'fsnum': '', 'name': 'Staff'}","200","0","0","0","0","0","Theater in London","258","","False","","3","O","20033","Research","2003"
"0000007065","1.0","0000000710","ID","1","0","0","0","1","","Broner, Maggie","{'fsnum': '792', 'name': 'Broner, Maggie'}","300","","","","","","IR/Linguist Res Meth","398","","False","","3","O","20033","Research","2003"
"0000006939","1.0","0000000470","IDFA","8","0","3","3","2","WRI","Bauer, Susan","{'fsnum': '338', 'name': 'Bauer, Susan'}","200","10","","","","","Perspective-The Arts","274","{'day': 'Tu', 'end': '11:00', 'location': 'CHM 233', 'start': '09:35'};{'day': 'Th', 'end': '10:50', 'location': 'CHM 233', 'start': '09:30'}","False","","3","C","20033","Research","2003"
"0000006940","1.0","0000000471","IDFA","1","0","0","0","1","","Bauer, Susan","{'fsnum': '338', 'name': 'Bauer, Susan'}","200","","","","","","Academic Internship","294","","True","","3","O","20033","Research","2003"
"0000006941","1.0","0000000472","IDFA","1","0","0","0","1","","Bauer, Susan","{'fsnum': '338', 'name': 'Bauer, Susan'}","200","","","","","","IS/Cul Inf Chor Proc","298","","False","","3","O","20033","Research","2003"
"0000006942","1.0","0000000473","IDFA","9","0","0","1","8","WRI","Bauer, Susan","{'fsnum': '338', 'name': 'Bauer, Susan'}","300","10","","","","","Senior Studies","374","{'day': 'Tu', 'end': '11:00', 'location': 'CHM 224', 'start': '09:35'};{'day': 'Th', 'end': '10:50', 'location': 'CHM 224', 'start': '09:30'}","False","","3","O","20033","Research","2003"
"0000006943","1.0","0000000475","IDFA","1","0","1","0","0","","Bauer, Susan","{'fsnum': '338', 'name': 'Bauer, Susan'}","300","","","","","","IR/Movt/Lang Soc Cont","398","","False","","3","O","20033","Research","2003"
"0000007045","1.0","0000000679","IS","26","1","4","16","5","MAR;MCS-G","Allen, Richard","{'fsnum': '97', 'name': 'Allen, Richard'}","200","25","","","","","Geometry and Culture","208","{'day': 'Tu', 'end': '11:00', 'location': 'SC 186', 'start': '09:35'};{'day': 'Th', 'end': '10:50', 'location': 'SC 186', 'start': '09:30'}","False","","3","C","20033","Topic","2003"
"0000007046","1.0","0000000681","IS","20","1","5","0","14","BTS-T;NSC;NSL","Booth, David;Cole, Eric","{'fsnum': '712', 'name': 'Booth, David'};{'fsnum': '1206', 'name': 'Cole, Eric'}","200","16","","","","","Life: Biol & Theol","210","{'day': 'Mo', 'end': '16:00', 'location': 'SC 273', 'start': '13:00'};{'day': 'We', 'end': '14:55', 'location': 'CAD 204', 'start': '14:00'};{'day': 'Fr', 'end': '14:55', 'location': 'CAD 204', 'start': '14:00'}","False","","3","C","20033","Topic","2003"
"0000007047","0.5","0000000685","IS","8","0","2","3","3","","Benson, W. Bruce","{'fsnum': '368', 'name': 'Benson, W. Bruce'}","200","12","","","","","Coll: Authenticity","250","{'day': 'Tu', 'end': '14:45', 'location': 'TB 227', 'start': '13:20'}","False","","3","O","20033","Research","2003"
"0000007048","1.0","0000000687","IS","1","0","1","0","0","WRI","Sonnega, Bill","{'fsnum': '7676', 'name': 'Sonnega, Bill'}","200","","","","","","IS/Religion in Film","298","","False","","3","O","20033","Research","2003"
"0000007049","1.0","0000000690","IS","2","0","0","0","2","","Sonnega, Bill","{'fsnum': '7676', 'name': 'Sonnega, Bill'}","300","","","","","","Senior Project II","392","","False","A","3","O","20033","Research","2003"
"0000007050","1.0","0000000690","IS","1","0","0","0","1","","Breen, Sheryl D.","{'fsnum': '13316', 'name': 'Breen, Sheryl D.'}","300","","","","","","Senior Project II","392","","False","B","3","O","20033","Research","2003"
"0000007051","1.0","0000000690","IS","1","0","0","0","1","","Nitz, David","{'fsnum': '5620', 'name': 'Nitz, David'}","300","","","","","","Senior Project II","392","","False","C","3","O","20033","Research","2003"
"0000007052","1.0","0000000690","IS","1","0","0","0","1","","Farrell, James","{'fsnum': '2030', 'name': 'Farrell, James'}","300","","","","","","Senior Project II","392","","False","D","3","O","20033","Research","2003"
"0000007053","1.0","0000000690","IS","1","0","0","0","1","","Walter, Anne","{'fsnum': '8876', 'name': 'Walter, Anne'}","300","","","","","","Senior Project II","392","","False","E","3","O","20033","Research","2003"
"0000007054","1.0","0000000690","IS","1","0","0","0","1","","Pearson, Wesley","{'fsnum': '6161', 'name': 'Pearson, Wesley'}","300","","","","","","Senior Project II","392","","False","F","3","O","20033","Research","2003"
"0000007055","1.0","0000000690","IS","1","0","0","0","1","","Gross, Dana","{'fsnum': '2768', 'name': 'Gross, Dana'}","300","","","","","","Senior Project II","392","","False","G","3","O","20033","Research","2003"
"0000007056","1.0","0000000690","IS","1","0","0","0","1","","Gisselman, Gary C.","{'fsnum': '10426', 'name': 'Gisselman, Gary C.'}","300","","","","","","Senior Project II","392","","False","H","3","O","20033","Research","2003"
"0000007057","1.0","0000000690","IS","1","0","0","0","1","","Lagerquist, L. DeAne","{'fsnum': '4592', 'name': 'Lagerquist, L. DeAne'}","300","","","","","","Senior Project II","392","","False","I","3","O","20033","Research","2003"
"0000007058","1.0","0000000690","IS","1","0","0","0","1","","Williamson, Thomas A.","{'fsnum': '14223', 'name': 'Williamson, Thomas A.'}","300","","","","","","Senior Project II","392","","False","J","3","O","20033","Research","2003"
"0000007059","1.0","0000000690","IS","1","0","0","0","1","","Booth, David","{'fsnum': '712', 'name': 'Booth, David'}","300","","","","","","Senior Project II","392","","False","K","3","O","20033","Research","2003"
"0000007060","1.0","0000000690","IS","1","0","0","0","1","","Peters, Dolores","{'fsnum': '6245', 'name': 'Peters, Dolores'}","300","","","","","","Senior Project II","392","","False","L","3","O","20033","Research","2003"
"0000007061","1.0","0000000690","IS","1","0","0","0","1","","Hahn, Steve C.","{'fsnum': '13148', 'name': 'Hahn, Steve C.'}","300","","","","","","Senior Project II","392","","False","M","3","O","20033","Research","2003"
"0000007062","1.0","0000000692","IS","1","0","0","0","1","","Lovett, Mary Susan","{'fsnum': '4849', 'name': 'Lovett, Mary Susan'}","300","","","","","","IR/Film Prod/Finance","398","","False","","3","O","20033","Research","2003"
"0000007039","1.0","0000000660","JAPAN","7","6","0","0","1","","Ito, Rika","{'fsnum': '14203', 'name': 'Ito, Rika'}","100","20","","","","","Beginning Japanese II","112","{'day': 'Mo', 'end': '11:40', 'location': 'OM 002', 'start': '10:45'};{'day': 'We', 'end': '11:40', 'location': 'OM 002', 'start': '10:45'};{'day': 'Fr', 'end': '11:40', 'location': 'OM 002', 'start': '10:45'};{'day': 'Tu', 'end': '14:55', 'location': 'OM 002', 'start': '14:00'}","False","A","3","O","20033","Research","2003"
"0000007040","1.0","0000000660","JAPAN","9","7","0","1","1","","Ito, Rika","{'fsnum': '14203', 'name': 'Ito, Rika'}","100","20","","","","","Beginning Japanese II","112","{'day': 'Mo', 'end': '12:45', 'location': 'OM 002', 'start': '23:50'};{'day': 'We', 'end': '12:45', 'location': 'OM 002', 'start': '23:50'};{'day': 'Fr', 'end': '12:45', 'location': 'OM 002', 'start': '23:50'};{'day': 'Tu', 'end': '16:00', 'location': 'OM 002', 'start': '15:05'}","False","B","3","O","20033","Research","2003"
"0000007041","1.0","0000000660","JAPAN","7","5","0","0","2","","Ito, Rika","{'fsnum': '14203', 'name': 'Ito, Rika'}","100","20","","","","","Beginning Japanese II","112","{'day': 'Mo', 'end': '11:40', 'location': 'OM 002', 'start': '10:45'};{'day': 'We', 'end': '11:40', 'location': 'OM 002', 'start': '10:45'};{'day': 'Fr', 'end': '11:40', 'location': 'OM 002', 'start': '10:45'};{'day': 'Tu', 'end': '16:00', 'location': 'OM 002', 'start': '15:05'}","False","C","3","O","20033","Research","2003"
"0000007042","1.0","0000000660","JAPAN","4","2","0","1","1","","Ito, Rika","{'fsnum': '14203', 'name': 'Ito, Rika'}","100","20","","","","","Beginning Japanese II","112","{'day': 'Mo', 'end': '12:45', 'location': 'OM 002', 'start': '23:50'};{'day': 'We', 'end': '12:45', 'location': 'OM 002', 'start': '23:50'};{'day': 'Fr', 'end': '12:45', 'location': 'OM 002', 'start': '23:50'};{'day': 'Tu', 'end': '14:55', 'location': 'OM 002', 'start': '14:00'}","False","D","3","O","20033","Research","2003"
"0000007043","1.0","0000000664","JAPAN","16","2","2","10","2","FOL-J","Larson, Phyllis Hyland","{'fsnum': '4624', 'name': 'Larson, Phyllis Hyland'}","200","30","","","","","Intermed Japanese II","232","{'day': 'Mo', 'end': '13:50', 'location': 'OM 002', 'start': '12:55'};{'day': 'We', 'end': '13:50', 'location': 'OM 002', 'start': '12:55'};{'day': 'Fr', 'end': '13:50', 'location': 'OM 002', 'start': '12:55'};{'day': 'Tu', 'end': '16:00', 'location': 'OM 002', 'start': '15:05'}","False","","3","O","20033","Research","2003"
"0000007044","1.0","0000000667","JAPAN","6","0","3","1","2","FOL-J","Ito, Rika","{'fsnum': '14203', 'name': 'Ito, Rika'}","200","10","","","","","Advanced Japanese II","252","{'day': 'Mo', 'end': '14:55', 'location': 'OM 002', 'start': '14:00'};{'day': 'We', 'end': '14:55', 'location': 'OM 002', 'start': '14:00'};{'day': 'Fr', 'end': '14:55', 'location': 'OM 002', 'start': '14:00'}","False","","3","O","20033","Research","2003"
"0000007066","1.0","0000000712","LATIN","19","12","1","4","2","","Reece, Steve T.","{'fsnum': '6626', 'name': 'Reece, Steve T.'}","100","30","","","","","Beginning Latin II","112","{'day': 'Mo', 'end': '08:55', 'location': 'OM 031', 'start': '08:00'};{'day': 'We', 'end': '08:55', 'location': 'OM 031', 'start': '08:00'};{'day': 'Fr', 'end': '08:55', 'location': 'OM 031', 'start': '08:00'}","False","A","3","O","20033","Research","2003"
"0000007067","1.0","0000000712","LATIN","22","12","2","6","2","","Brunelle, Christopher M.","{'fsnum': '14999', 'name': 'Brunelle, Christopher M.'}","100","30","","","","","Beginning Latin II","112","{'day': 'Mo', 'end': '11:40', 'location': 'OM 031', 'start': '10:45'};{'day': 'We', 'end': '11:40', 'location': 'OM 031', 'start': '10:45'};{'day': 'Fr', 'end': '11:40', 'location': 'OM 031', 'start': '10:45'}","False","B","3","O","20033","Research","2003"
"0000007068","1.0","0000000714","LATIN","17","4","5","7","1","ALS-L;FOL-L","Brunelle, Christopher M.","{'fsnum': '14999', 'name': 'Brunelle, Christopher M.'}","200","15","","","","","Medieval Latin","235","{'day': 'Mo', 'end': '13:50', 'location': 'OM 031', 'start': '12:55'};{'day': 'We', 'end': '13:50', 'location': 'OM 031', 'start': '12:55'};{'day': 'Fr', 'end': '13:50', 'location': 'OM 031', 'start': '12:55'}","False","","3","C","20033","Research","2003"
"0000007069","1.0","0000000720","LATIN","10","2","3","4","1","FOL-L","Bruss, Jon","{'fsnum': '14963', 'name': 'Bruss, Jon'}","300","15","","","","","Roman Historians","372","{'day': 'Tu', 'end': '14:45', 'location': 'OM 004', 'start': '13:20'};{'day': 'Th', 'end': '15:35', 'location': 'OM 004', 'start': '14:15'}","False","","3","O","20033","Research","2003"
"0000007070","1.0","0000000728","MATH","30","12","4","7","7","MAR","Bailey, Randy","{'fsnum': '15828', 'name': 'Bailey, Randy'}","100","30","","0","10","0","Gateways/Mathematics","117","{'day': 'Mo', 'end': '11:40', 'location': 'SC 129', 'start': '10:45'};{'day': 'We', 'end': '11:40', 'location': 'SC 129', 'start': '10:45'};{'day': 'Fr', 'end': '11:40', 'location': 'SC 129', 'start': '10:45'}","False","","3","C","20033","Research","2003"
"0000007071","1.0","0000000731","MATH","8","8","0","0","0","MAR","Bolstad, Peder","{'fsnum': '661', 'name': 'Bolstad, Peder'}","100","25","","","","","Calculus I","120","{'day': 'Mo', 'end': '08:55', 'location': 'SC 188', 'start': '08:00'};{'day': 'We', 'end': '08:55', 'location': 'SC 188', 'start': '08:00'};{'day': 'Fr', 'end': '08:55', 'location': 'SC 188', 'start': '08:00'}","False","A","3","O","20033","Research","2003"
"0000007072","1.0","0000000731","MATH","27","19","0","5","3","MAR","Cederberg, Judith","{'fsnum': '1026', 'name': 'Cederberg, Judith'}","100","25","","","","","Calculus I","120","{'day': 'Mo', 'end': '13:50', 'location': 'SC 182', 'start': '12:55'};{'day': 'We', 'end': '13:50', 'location': 'SC 182', 'start': '12:55'};{'day': 'Fr', 'end': '13:50', 'location': 'SC 182', 'start': '12:55'}","False","B","3","C","20033","Research","2003"
"0000007073","1.0","0000000733","MATH","10","5","0","0","5","MAR","Taylor, Amelia J.","{'fsnum': '15808', 'name': 'Taylor, Amelia J.'}","100","25","","","","","Calculus II","126","{'day': 'Mo', 'end': '08:55', 'location': 'SC 182', 'start': '08:00'};{'day': 'We', 'end': '08:55', 'location': 'SC 182', 'start': '08:00'};{'day': 'Fr', 'end': '08:55', 'location': 'SC 182', 'start': '08:00'}","False","A","3","O","20033","Research","2003"
"0000007074","1.0","0000000733","MATH","20","16","0","1","3","MAR","Taylor, Amelia J.","{'fsnum': '15808', 'name': 'Taylor, Amelia J.'}","100","25","","","","","Calculus II","126","{'day': 'Mo', 'end': '13:50', 'location': 'SC 186', 'start': '12:55'};{'day': 'We', 'end': '13:50', 'location': 'SC 186', 'start': '12:55'};{'day': 'Fr', 'end': '13:50', 'location': 'SC 186', 'start': '12:55'}","False","B","3","O","20033","Research","2003"
"0000007075","1.0","0000000733","MATH","15","13","0","1","1","MAR","Corzatt, Clifton","{'fsnum': '1237', 'name': 'Corzatt, Clifton'}","100","25","","","","","Calculus II","126","{'day': 'Mo', 'end': '12:45', 'location': 'SC 188', 'start': '23:50'};{'day': 'We', 'end': '12:45', 'location': 'SC 188', 'start': '23:50'};{'day': 'Fr', 'end': '12:45', 'location': 'SC 188', 'start': '23:50'}","False","D","3","C","20033","Research","2003"
"0000007076","1.0","0000000733","MATH","19","17","0","0","2","MAR","Bloss, Matthew","{'fsnum': '14983', 'name': 'Bloss, Matthew'}","100","25","","","","","Calculus II","126","{'day': 'Mo', 'end': '10:00', 'location': 'SC 182', 'start': '09:05'};{'day': 'We', 'end': '10:00', 'location': 'SC 182', 'start': '09:05'};{'day': 'Fr', 'end': '10:00', 'location': 'SC 182', 'start': '09:05'}","False","E","3","C","20033","Research","2003"
"0000007077","1.0","0000000736","MATH","15","12","0","2","1","MAR","Cederberg, Judith","{'fsnum': '1026', 'name': 'Cederberg, Judith'}","200","22","","","","","Elem Linear Algebra","220","{'day': 'Mo', 'end': '08:55', 'location': 'SC 186', 'start': '08:00'};{'day': 'We', 'end': '08:55', 'location': 'SC 186', 'start': '08:00'};{'day': 'Fr', 'end': '08:55', 'location': 'SC 186', 'start': '08:00'}","False","A","3","C","20033","Research","2003"
"0000007078","1.0","0000000736","MATH","25","21","0","1","3","MAR","Zorn, Paul","{'fsnum': '9206', 'name': 'Zorn, Paul'}","200","22","","","","","Elem Linear Algebra","220","{'day': 'Mo', 'end': '10:00', 'location': 'SC 130', 'start': '09:05'};{'day': 'We', 'end': '10:00', 'location': 'SC 130', 'start': '09:05'};{'day': 'Fr', 'end': '10:00', 'location': 'SC 130', 'start': '09:05'}","False","B","3","C","20033","Research","2003"
"0000007079","1.0","0000000736","MATH","17","12","0","4","1","MAR","Cederberg, Judith","{'fsnum': '1026', 'name': 'Cederberg, Judith'}","200","22","","","","","Elem Linear Algebra","220","{'day': 'Mo', 'end': '11:40', 'location': 'SC 184', 'start': '10:45'};{'day': 'We', 'end': '11:40', 'location': 'SC 184', 'start': '10:45'};{'day': 'Fr', 'end': '11:40', 'location': 'SC 184', 'start': '10:45'}","False","C","3","O","20033","Research","2003"
"0000007080","1.0","0000000738","MATH","28","14","3","6","5","","Wallace, Martha","{'fsnum': '8879', 'name': 'Wallace, Martha'}","200","30","","","","","Multivariable Calc","226","{'day': 'Mo', 'end': '10:00', 'location': 'SC 184', 'start': '09:05'};{'day': 'We', 'end': '10:00', 'location': 'SC 184', 'start': '09:05'};{'day': 'Fr', 'end': '10:00', 'location': 'SC 184', 'start': '09:05'}","False","","3","C","20033","Research","2003"
"0000007081","0.25","0000000739","MATH","4","0","1","2","1","","McKelvey, Steven","{'fsnum': '5214', 'name': 'McKelvey, Steven'}","200","10","","","","","Quant Meth/Ecol & Evol","228","{'day': 'Fr', 'end': '15:30', 'location': 'SC 186', 'start': '14:00'}","False","","3","O","20033","Research","2003"
"0000007082","1.0","0000000740","MATH","25","1","1","20","3","","Bloss, Matthew","{'fsnum': '14983', 'name': 'Bloss, Matthew'}","200","30","","","","","Int Differ Equations","230","{'day': 'Mo', 'end': '12:45', 'location': 'SC 182', 'start': '23:50'};{'day': 'We', 'end': '12:45', 'location': 'SC 182', 'start': '23:50'};{'day': 'Fr', 'end': '12:45', 'location': 'SC 182', 'start': '23:50'}","False","","3","C","20033","Research","2003"
"0000007083","1.0","0000000742","MATH","6","1","1","2","2","","Molnar, David","{'fsnum': '13170', 'name': 'Molnar, David'}","200","30","","","","","Struct of Higher Math","234","{'day': 'Tu', 'end': '11:00', 'location': 'SC 188', 'start': '09:35'};{'day': 'Th', 'end': '10:50', 'location': 'SC 188', 'start': '09:30'}","False","","3","O","20033","Research","2003"
"0000007084","1.0","0000000745","MATH","13","2","2","7","2","WRI","Molnar, David","{'fsnum': '13170', 'name': 'Molnar, David'}","200","30","","","","","Elem Real Analysis","244","{'day': 'Mo', 'end': '11:40', 'location': 'SC 182', 'start': '10:45'};{'day': 'We', 'end': '11:40', 'location': 'SC 182', 'start': '10:45'};{'day': 'Fr', 'end': '11:40', 'location': 'SC 182', 'start': '10:45'}","False","A","3","O","20033","Research","2003"
"0000007085","1.0","0000000745","MATH","21","3","3","13","2","WRI","Zorn, Paul","{'fsnum': '9206', 'name': 'Zorn, Paul'}","200","15","","","","","Elem Real Analysis","244","{'day': 'Mo', 'end': '13:50', 'location': 'SC 188', 'start': '12:55'};{'day': 'We', 'end': '13:50', 'location': 'SC 188', 'start': '12:55'};{'day': 'Fr', 'end': '13:50', 'location': 'SC 188', 'start': '12:55'}","False","B","3","C","20033","Research","2003"
"0000007086","1.0","0000000747","MATH","16","0","10","4","2","WRI","Taylor, Amelia J.","{'fsnum': '15808', 'name': 'Taylor, Amelia J.'}","200","30","","","","","Abstract Algebra I","252","{'day': 'Mo', 'end': '12:45', 'location': 'SC 184', 'start': '23:50'};{'day': 'We', 'end': '12:45', 'location': 'SC 184', 'start': '23:50'};{'day': 'Fr', 'end': '12:45', 'location': 'SC 184', 'start': '23:50'}","False","A","3","O","20033","Research","2003"
"0000007087","1.0","0000000747","MATH","25","1","8","9","7","WRI","Corzatt, Clifton","{'fsnum': '1237', 'name': 'Corzatt, Clifton'}","200","25","","","","","Abstract Algebra I","252","{'day': 'Mo', 'end': '11:40', 'location': 'SC 188', 'start': '10:45'};{'day': 'We', 'end': '11:40', 'location': 'SC 188', 'start': '10:45'};{'day': 'Fr', 'end': '11:40', 'location': 'SC 188', 'start': '10:45'}","False","B","3","C","20033","Research","2003"
"0000007088","1.0","0000000748","MATH","22","1","7","10","4","","Legler, Julie M.","{'fsnum': '14114', 'name': 'Legler, Julie M.'}","200","30","","","","","Probability Theory","262","{'day': 'Mo', 'end': '10:00', 'location': 'SC 188', 'start': '09:05'};{'day': 'We', 'end': '10:00', 'location': 'SC 188', 'start': '09:05'};{'day': 'Fr', 'end': '10:00', 'location': 'SC 188', 'start': '09:05'}","False","","3","O","20033","Research","2003"
"0000007089","1.0","0000000749","MATH","16","0","5","0","11","","Castore, Glen M.","{'fsnum': '15918', 'name': 'Castore, Glen M.'}","200","30","","","","","Operations Research","266","{'day': 'Tu', 'end': '09:25', 'location': 'SC 184', 'start': '08:00'};{'day': 'Th', 'end': '09:20', 'location': 'SC 184', 'start': '08:00'}","False","","3","O","20033","Research","2003"
"0000007090","1.0","0000000750","MATH","16","0","5","5","6","","McKelvey, Steven","{'fsnum': '5214', 'name': 'McKelvey, Steven'}","200","25","","","","","Top: Math Bio","282","{'day': 'Mo', 'end': '13:50', 'location': 'SC 130', 'start': '12:55'};{'day': 'We', 'end': '13:50', 'location': 'SC 130', 'start': '12:55'};{'day': 'Fr', 'end': '13:50', 'location': 'SC 130', 'start': '12:55'}","False","A","3","O","20033","Topic","2003"
"0000007091","0.5","0000000750","MATH","9","3","1","2","3","","Molnar, David","{'fsnum': '13170', 'name': 'Molnar, David'}","200","25","","","","","Top: Problem Solving","282","{'day': 'Mo', 'end': '21:00', 'location': 'TBA', 'start': '19:00'}","False","B","3","O","20033","Topic","2003"
"0000007092","1.0","0000000752","MATH","1","1","0","0","0","","Molnar, David","{'fsnum': '13170', 'name': 'Molnar, David'}","200","","","","","","IS/Enumeration","298","","False","","3","O","20033","Research","2003"
"0000007093","1.0","0000001952","MATH","13","0","4","6","3","","Legler, Julie M.","{'fsnum': '14114', 'name': 'Legler, Julie M.'}","300","30","","","","","Math Statistics","312","{'day': 'Mo', 'end': '14:55', 'location': 'SC 182', 'start': '14:00'};{'day': 'We', 'end': '14:55', 'location': 'SC 182', 'start': '14:00'};{'day': 'Fr', 'end': '14:55', 'location': 'SC 182', 'start': '14:00'}","False","A","3","O","20033","Research","2003"
"0000007094","1.0","0000001952","MATH","22","0","13","3","6","","Roback, Paul J.","{'fsnum': '15751', 'name': 'Roback, Paul J.'}","300","30","","","","","Math Statistics","312","{'day': 'Mo', 'end': '14:55', 'location': 'SC 188', 'start': '14:00'};{'day': 'We', 'end': '14:55', 'location': 'SC 188', 'start': '14:00'};{'day': 'Fr', 'end': '14:55', 'location': 'SC 188', 'start': '14:00'}","False","B","3","C","20033","Research","2003"
"0000007095","1.0","0000000759","MATH","23","0","11","0","12","","Bloss, Matthew","{'fsnum': '14983', 'name': 'Bloss, Matthew'}","300","20","","","","","Combinatorics","364","{'day': 'Tu', 'end': '11:00', 'location': 'SC 182', 'start': '09:35'};{'day': 'Th', 'end': '10:50', 'location': 'SC 182', 'start': '09:30'}","False","","3","C","20033","Research","2003"
"0000007096","1.0","0000000762","MATH","12","0","3","2","7","","Dietz, Jill","{'fsnum': '1380', 'name': 'Dietz, Jill'}","300","15","","","","","Sem: Analtyical Method","382","{'day': 'Tu', 'end': '13:10', 'location': 'SC 182', 'start': '23:45'};{'day': 'Th', 'end': '14:05', 'location': 'SC 182', 'start': '12:45'}","False","","3","O","20033","Seminar","2003"
"0000007097","1.0","0000000767","MATH","1","0","1","0","0","","Molnar, David","{'fsnum': '13170', 'name': 'Molnar, David'}","300","","","","","","IR/Connection Game Ai","398","","False","","3","O","20033","Research","2003"
"0000007113","1.0","0000000792","MEDIA","32","6","8","5","13","ORC","Sonnega, Bill","{'fsnum': '7676', 'name': 'Sonnega, Bill'}","100","25","8","4","4","4","Mass Media","160","{'day': 'Tu', 'end': '11:00', 'location': 'TB 216', 'start': '09:35'};{'day': 'Th', 'end': '10:50', 'location': 'TB 216', 'start': '09:30'}","False","","3","C","20033","Research","2003"
"0000007114","1.0","0000000794","MEDIA","19","1","4","4","10","","Sonnega, Bill","{'fsnum': '7676', 'name': 'Sonnega, Bill'}","200","25","","","","","Media/Contemp Culture","260","{'day': 'Tu', 'end': '13:10', 'location': 'TB 227', 'start': '23:45'};{'day': 'Th', 'end': '14:05', 'location': 'TB 227', 'start': '12:45'}","False","","3","C","20033","Research","2003"
"0000007115","1.0","0000000795","MEDIA","1","0","0","0","1","","Sonnega, Bill","{'fsnum': '7676', 'name': 'Sonnega, Bill'}","200","","","","","","Academic Internship","294","","True","","3","O","20033","Research","2003"
"0000007116","1.0","0000000795","MEDIA","1","0","0","0","1","","Rekstad, Rhonda H.","{'fsnum': '15683', 'name': 'Rekstad, Rhonda H.'}","200","","","","","","Academic Internship","294","","True","A","3","O","20033","Research","2003"
"0000007117","1.0","0000000796","MEDIA","1","0","0","0","1","","Sonnega, Bill","{'fsnum': '7676', 'name': 'Sonnega, Bill'}","200","","","","","","IS/Media & Politics","298","","False","","3","O","20033","Research","2003"
"0000007098","1.0","0000000768","MGMT","27","5","6","12","4","","Emery, Mary Ann","{'fsnum': '1746', 'name': 'Emery, Mary Ann'}","200","30","","","","","Principles of Acct","225","{'day': 'Mo', 'end': '10:00', 'location': 'HH 413', 'start': '09:05'};{'day': 'We', 'end': '10:00', 'location': 'HH 413', 'start': '09:05'};{'day': 'Fr', 'end': '10:00', 'location': 'HH 413', 'start': '09:05'}","False","A","3","O","20033","Research","2003"
"0000007099","1.0","0000000768","MGMT","28","0","5","18","5","","Emery, Mary Ann","{'fsnum': '1746', 'name': 'Emery, Mary Ann'}","200","30","","","","","Principles of Acct","225","{'day': 'Mo', 'end': '11:40', 'location': 'HH 413', 'start': '10:45'};{'day': 'We', 'end': '11:40', 'location': 'HH 413', 'start': '10:45'};{'day': 'Fr', 'end': '11:40', 'location': 'HH 413', 'start': '10:45'}","False","B","3","C","20033","Research","2003"
"0000007100","1.0","0000000774","MGMT","38","0","24","0","14","","Goedde, Richard","{'fsnum': '2661', 'name': 'Goedde, Richard'}","200","35","","","","","Managerial/Cost Acct","237","{'day': 'Mo', 'end': '12:45', 'location': 'HH 413', 'start': '23:50'};{'day': 'We', 'end': '12:45', 'location': 'HH 413', 'start': '23:50'};{'day': 'Fr', 'end': '12:45', 'location': 'HH 413', 'start': '23:50'}","False","","3","C","20033","Research","2003"
"0000007101","1.0","0000000777","MGMT","30","0","9","3","18","HBS","Rutherford, Liska","{'fsnum': '16564', 'name': 'Rutherford, Liska'}","200","30","","","","","Marketing","250","{'day': 'Mo', 'end': '22:00', 'location': 'HH 403', 'start': '19:00'}","False","","3","C","20033","Research","2003"
"0000007102","1.0","0000000778","MGMT","28","1","13","8","6","HBS","Chutikamoltham, Siriwan","{'fsnum': '15806', 'name': 'Chutikamoltham, Siriwan'}","200","25","","","","","Management","251","{'day': 'Tu', 'end': '14:45', 'location': 'HH 413', 'start': '13:20'};{'day': 'Th', 'end': '15:35', 'location': 'HH 413', 'start': '14:15'}","False","","3","C","20033","Research","2003"
"0000007103","1.0","0000000779","MGMT","14","0","2","3","9","","Ophaug, John M.","{'fsnum': '14142', 'name': 'Ophaug, John M.'}","200","25","","","","","Legal Aspects of Bus","252","{'day': 'Tu', 'end': '09:25', 'location': 'HH 301', 'start': '08:00'};{'day': 'Th', 'end': '09:20', 'location': 'HH 301', 'start': '08:00'}","False","","3","O","20033","Research","2003"
"0000007104","1.0","0000000780","MGMT","25","0","9","3","13","","Rekstad, Rhonda H.","{'fsnum': '15683', 'name': 'Rekstad, Rhonda H.'}","200","30","","","","","Entrepreneurship","256","{'day': 'Mo', 'end': '13:50', 'location': 'OM 011', 'start': '12:55'};{'day': 'We', 'end': '13:50', 'location': 'OM 011', 'start': '12:55'};{'day': 'Fr', 'end': '13:50', 'location': 'OM 011', 'start': '12:55'}","False","","3","C","20033","Research","2003"
"0000007105","1.0","0000000783","MGMT","34","0","15","0","19","","Chutikamoltham, Siriwan","{'fsnum': '15806', 'name': 'Chutikamoltham, Siriwan'}","200","35","","","","","Corporate Finance","281","{'day': 'Tu', 'end': '13:10', 'location': 'HH 413', 'start': '23:45'};{'day': 'Th', 'end': '14:05', 'location': 'HH 413', 'start': '12:45'}","False","","3","C","20033","Research","2003"
"0000007106","1.0","0000000784","MGMT","1","0","0","0","1","","Sonnega, Bill","{'fsnum': '7676', 'name': 'Sonnega, Bill'}","200","","","","","","Academic Internship","294","","True","","3","O","20033","Research","2003"
"0000007107","1.0","0000000784","MGMT","1","0","0","0","1","","Wallace, Martha","{'fsnum': '8879', 'name': 'Wallace, Martha'}","200","","","","","","Academic Internship","294","","True","A","3","O","20033","Research","2003"
"0000007108","1.0","0000000784","MGMT","3","0","1","0","2","","Emery, Mary Ann","{'fsnum': '1746', 'name': 'Emery, Mary Ann'}","200","","","","","","Academic Internship","294","","True","B","3","O","20033","Research","2003"
"0000007109","1.0","0000000785","MGMT","1","0","0","0","1","","Rekstad, Rhonda H.","{'fsnum': '15683', 'name': 'Rekstad, Rhonda H.'}","200","","","","","","IS/Music Business","298","","False","","3","O","20033","Research","2003"
"0000007110","1.0","0000000785","MGMT","1","0","0","0","1","","Rekstad, Rhonda H.","{'fsnum': '15683', 'name': 'Rekstad, Rhonda H.'}","200","","","","","","IS/Coffee Business","298","","False","A","3","O","20033","Research","2003"
"0000007111","1.0","0000000787","MGMT","23","0","3","0","20","","Tracey, Timothy N.","{'fsnum': '16509', 'name': 'Tracey, Timothy N.'}","300","25","","","","","Mgmt Policy & Strat","383","{'day': 'Th', 'end': '22:00', 'location': 'HH 413', 'start': '19:00'}","False","","3","C","20033","Research","2003"
"0000007112","1.0","0000000789","MGMT","1","0","0","0","1","","Emery, Mary Ann","{'fsnum': '1746', 'name': 'Emery, Mary Ann'}","300","","","","","","IR/Intermed Acct II","398","","False","","3","O","20033","Research","2003"
"0000007118","0.25","0000000800","MUSIC","18","14","0","0","4","","Hodel, Marty","{'fsnum': '3404', 'name': 'Hodel, Marty'}","100","20","","","","","Ear/Keyboard II","112","{'day': 'Mo', 'end': '08:55', 'location': 'CHM 224', 'start': '08:00'};{'day': 'We', 'end': '08:55', 'location': 'CHM 224', 'start': '08:00'};{'day': 'Fr', 'end': '08:55', 'location': 'CHM 224', 'start': '08:00'}","False","A","3","C","20033","Research","2003"
"0000007119","0.25","0000000800","MUSIC","24","16","0","3","5","","Amundson, Steven","{'fsnum': '140', 'name': 'Amundson, Steven'}","100","20","","","","","Ear/Keyboard II","112","{'day': 'Mo', 'end': '10:00', 'location': 'CHM 224', 'start': '09:05'};{'day': 'We', 'end': '10:00', 'location': 'CHM 224', 'start': '09:05'};{'day': 'Fr', 'end': '10:00', 'location': 'CHM 224', 'start': '09:05'}","False","B","3","C","20033","Research","2003"
"0000007120","0.25","0000000800","MUSIC","19","13","0","1","5","","Amundson, Steven","{'fsnum': '140', 'name': 'Amundson, Steven'}","100","20","","","","","Ear/Keyboard II","112","{'day': 'Mo', 'end': '11:40', 'location': 'CHM 224', 'start': '10:45'};{'day': 'We', 'end': '11:40', 'location': 'CHM 224', 'start': '10:45'};{'day': 'Fr', 'end': '11:40', 'location': 'CHM 224', 'start': '10:45'}","False","C","3","C","20033","Research","2003"
"0000007121","0.25","0000000800","MUSIC","12","9","0","0","3","","McCutchen, Keith D.","{'fsnum': '15065', 'name': 'McCutchen, Keith D.'}","100","20","","","","","Ear/Keyboard II","112","{'day': 'Mo', 'end': '13:50', 'location': 'CHM 224', 'start': '12:55'};{'day': 'We', 'end': '13:50', 'location': 'CHM 224', 'start': '12:55'};{'day': 'Fr', 'end': '13:50', 'location': 'CHM 224', 'start': '12:55'}","False","D","3","O","20033","Research","2003"
"0000007122","0.75","0000000802","MUSIC","20","15","0","1","4","","Hodel, Marty","{'fsnum': '3404', 'name': 'Hodel, Marty'}","100","20","","","","","Theory II","114","{'day': 'Tu', 'end': '13:10', 'location': 'CHM 224', 'start': '23:45'};{'day': 'Th', 'end': '14:05', 'location': 'CHM 224', 'start': '12:45'}","False","A","3","C","20033","Research","2003"
"0000007123","0.75","0000000802","MUSIC","27","16","0","4","7","","Rodland, Catherine R.","{'fsnum': '13173', 'name': 'Rodland, Catherine R.'}","100","20","","","","","Theory II","114","{'day': 'Tu', 'end': '09:25', 'location': 'CHM 232', 'start': '08:00'};{'day': 'Th', 'end': '09:20', 'location': 'CHM 232', 'start': '08:00'}","False","B","3","C","20033","Research","2003"
"0000007124","0.75","0000000802","MUSIC","16","12","0","0","4","","McCutchen, Keith D.","{'fsnum': '15065', 'name': 'McCutchen, Keith D.'}","100","20","","","","","Theory II","114","{'day': 'Tu', 'end': '11:00', 'location': 'CHM 232', 'start': '09:35'};{'day': 'Th', 'end': '10:50', 'location': 'CHM 232', 'start': '09:30'}","False","C","3","C","20033","Research","2003"
"0000007125","0.75","0000000802","MUSIC","17","15","0","0","2","","McCutchen, Keith D.","{'fsnum': '15065', 'name': 'McCutchen, Keith D.'}","100","20","","","","","Theory II","114","{'day': 'Tu', 'end': '13:10', 'location': 'CHM 232', 'start': '23:45'};{'day': 'Th', 'end': '14:05', 'location': 'CHM 232', 'start': '12:45'}","False","D","3","C","20033","Research","2003"
"0000007126","0.25","0000000808","MUSIC","6","4","0","0","2","","Wee, Theo","{'fsnum': '8916', 'name': 'Wee, Theo'}","100","12","","","","","Piano Class II","162","{'day': 'Tu', 'end': '09:20', 'location': 'CHM 222', 'start': '08:25'};{'day': 'Th', 'end': '09:20', 'location': 'CHM 222', 'start': '08:25'}","False","A","3","O","20033","Research","2003"
"0000007127","0.25","0000000808","MUSIC","7","4","0","1","2","","Wee, Theo","{'fsnum': '8916', 'name': 'Wee, Theo'}","100","12","","","","","Piano Class II","162","{'day': 'Tu', 'end': '12:40', 'location': 'CHM 222', 'start': '23:45'};{'day': 'Th', 'end': '13:40', 'location': 'CHM 222', 'start': '12:45'}","False","B","3","O","20033","Research","2003"
"0000007128","0.25","0000000809","MUSIC","15","2","3","3","7","","Scholz-Carlson, Miriam","{'fsnum': '7179', 'name': 'Scholz-Carlson, Miriam'}","100","18","","","","","Intro Alexander Tech","163","{'day': 'Mo', 'end': '12:45', 'location': 'CHM 140', 'start': '23:50'};{'day': 'We', 'end': '12:45', 'location': 'CHM 140', 'start': '23:50'}","False","","3","O","20033","Research","2003"
"0000007129","0.25","0000000810","MUSIC","9","2","2","1","4","","Johnson, Sigrid","{'fsnum': '4103', 'name': 'Johnson, Sigrid'}","100","12","","","","","Voice Class","164","{'day': 'Mo', 'end': '10:00', 'location': 'CHM 233', 'start': '09:05'};{'day': 'We', 'end': '10:00', 'location': 'CHM 233', 'start': '09:05'}","False","A","3","O","20033","Research","2003"
"0000007130","0.25","0000000810","MUSIC","11","0","3","2","6","","Johnson, Sigrid","{'fsnum': '4103', 'name': 'Johnson, Sigrid'}","100","12","","","","","Voice Class","164","{'day': 'Mo', 'end': '11:40', 'location': 'CHM 233', 'start': '10:45'};{'day': 'We', 'end': '11:40', 'location': 'CHM 233', 'start': '10:45'}","False","B","3","C","20033","Research","2003"
"0000007131","0.25","0000000810","MUSIC","13","5","0","3","5","","Johnson, Sigrid","{'fsnum': '4103', 'name': 'Johnson, Sigrid'}","100","12","","","","","Voice Class","164","{'day': 'Mo', 'end': '13:50', 'location': 'CHM 233', 'start': '12:55'};{'day': 'We', 'end': '13:50', 'location': 'CHM 233', 'start': '12:55'}","False","C","3","C","20033","Research","2003"
"0000007132","0.25","0000000811","MUSIC","19","1","6","4","8","","Niemisto, Paul","{'fsnum': '5614', 'name': 'Niemisto, Paul'}","100","15","","","","","Brass Class","166","{'day': 'Mo', 'end': '10:00', 'location': 'CHM 138', 'start': '09:05'};{'day': 'We', 'end': '10:00', 'location': 'CHM 138', 'start': '09:05'};{'day': 'Fr', 'end': '10:00', 'location': 'CHM 138', 'start': '09:05'}","False","","3","C","20033","Research","2003"
"0000007133","0.25","0000000812","MUSIC","19","0","11","1","7","","Hagedorn, David","{'fsnum': '2878', 'name': 'Hagedorn, David'}","100","15","","","","","Percussion Class","167","{'day': 'Mo', 'end': '13:50', 'location': 'CHM 138', 'start': '12:55'};{'day': 'We', 'end': '13:50', 'location': 'CHM 138', 'start': '12:55'};{'day': 'Fr', 'end': '13:50', 'location': 'CHM 138', 'start': '12:55'}","False","","3","C","20033","Research","2003"
"0000007134","0.25","0000000816","MUSIC","26","0","1","19","6","","Rodland, Catherine R.","{'fsnum': '13173', 'name': 'Rodland, Catherine R.'}","200","28","","","","","Ear/Keyboard IV","212","{'day': 'Mo', 'end': '08:55', 'location': 'CHM 232', 'start': '08:00'};{'day': 'We', 'end': '08:55', 'location': 'CHM 232', 'start': '08:00'};{'day': 'Fr', 'end': '08:55', 'location': 'CHM 232', 'start': '08:00'}","False","A","3","O","20033","Research","2003"
"0000007135","0.25","0000000816","MUSIC","15","0","2","7","6","","Hagedorn, David","{'fsnum': '2878', 'name': 'Hagedorn, David'}","200","28","","","","","Ear/Keyboard IV","212","{'day': 'Mo', 'end': '10:00', 'location': 'CHM 232', 'start': '09:05'};{'day': 'We', 'end': '10:00', 'location': 'CHM 232', 'start': '09:05'};{'day': 'Fr', 'end': '10:00', 'location': 'CHM 232', 'start': '09:05'}","False","B","3","O","20033","Research","2003"
"0000007136","0.25","0000000816","MUSIC","22","2","2","15","3","","Hagedorn, David","{'fsnum': '2878', 'name': 'Hagedorn, David'}","200","28","","","","","Ear/Keyboard IV","212","{'day': 'Mo', 'end': '11:40', 'location': 'CHM 232', 'start': '10:45'};{'day': 'We', 'end': '11:40', 'location': 'CHM 232', 'start': '10:45'};{'day': 'Fr', 'end': '11:40', 'location': 'CHM 232', 'start': '10:45'}","False","C","3","O","20033","Research","2003"
"0000007137","0.75","0000000818","MUSIC","31","1","4","15","11","","Forsberg, Charles","{'fsnum': '2241', 'name': 'Forsberg, Charles'}","200","35","","","","","Theory IV","214","{'day': 'Tu', 'end': '09:25', 'location': 'CHM 239', 'start': '08:00'};{'day': 'Th', 'end': '09:20', 'location': 'CHM 239', 'start': '08:00'}","False","A","3","O","20033","Research","2003"
"0000007138","0.75","0000000818","MUSIC","31","0","0","26","5","","Forsberg, Charles","{'fsnum': '2241', 'name': 'Forsberg, Charles'}","200","35","","","","","Theory IV","214","{'day': 'Tu', 'end': '11:00', 'location': 'CHM 239', 'start': '09:35'};{'day': 'Th', 'end': '10:50', 'location': 'CHM 239', 'start': '09:30'}","False","B","3","C","20033","Research","2003"
"0000007139","1.0","0000000822","MUSIC","20","3","10","1","6","","Mahr, Timothy","{'fsnum': '5013', 'name': 'Mahr, Timothy'}","200","20","","","","","Composition I","223","{'day': 'Mo', 'end': '14:55', 'location': 'CHM 224', 'start': '14:00'};{'day': 'We', 'end': '14:55', 'location': 'CHM 224', 'start': '14:00'};{'day': 'Fr', 'end': '14:55', 'location': 'CHM 224', 'start': '14:00'}","False","","3","C","20033","Research","2003"
"0000007140","1.0","0000001974","MUSIC","12","2","4","4","2","ALS-A;ORC","Carter, David","{'fsnum': '973', 'name': 'Carter, David'}","200","30","","","","","The Art of Music","230","{'day': 'Mo', 'end': '13:50', 'location': 'CHM 232', 'start': '12:55'};{'day': 'We', 'end': '13:50', 'location': 'CHM 232', 'start': '12:55'};{'day': 'Fr', 'end': '13:50', 'location': 'CHM 232', 'start': '12:55'}","False","","3","O","20033","Research","2003"
"0000007141","1.0","0000000832","MUSIC","29","1","3","19","6","","Hanson, Alice","{'fsnum': '3030', 'name': 'Hanson, Alice'}","200","35","","","","","Hist & Lit Music II","242","{'day': 'Mo', 'end': '13:50', 'location': 'CHM 239', 'start': '12:55'};{'day': 'We', 'end': '13:50', 'location': 'CHM 239', 'start': '12:55'};{'day': 'Fr', 'end': '13:50', 'location': 'CHM 239', 'start': '12:55'}","False","A","3","O","20033","Research","2003"
"0000007142","1.0","0000000832","MUSIC","29","1","3","16","9","","Hanson, Alice","{'fsnum': '3030', 'name': 'Hanson, Alice'}","200","35","","","","","Hist & Lit Music II","242","{'day': 'Mo', 'end': '14:55', 'location': 'CHM 239', 'start': '14:00'};{'day': 'We', 'end': '14:55', 'location': 'CHM 239', 'start': '14:00'};{'day': 'Fr', 'end': '14:55', 'location': 'CHM 239', 'start': '14:00'}","False","B","3","O","20033","Research","2003"
"0000007143","0.5","0000000833","MUSIC","21","2","6","5","8","","Armstrong, Anton","{'fsnum': '263', 'name': 'Armstrong, Anton'}","200","20","","","","","Conducting","251","{'day': 'Tu', 'end': '11:00', 'location': 'CHM 140', 'start': '09:35'};{'day': 'Th', 'end': '10:50', 'location': 'CHM 140', 'start': '09:30'}","False","A","3","C","20033","Research","2003"
"0000007144","0.5","0000000833","MUSIC","29","1","5","12","11","","Amundson, Steven","{'fsnum': '140', 'name': 'Amundson, Steven'}","200","20","","","","","Conducting","251","{'day': 'Tu', 'end': '14:45', 'location': 'CHM 140', 'start': '13:20'};{'day': 'Th', 'end': '15:35', 'location': 'CHM 140', 'start': '14:15'}","False","B","3","C","20033","Research","2003"
"0000007145","0.5","0000000835","MUSIC","20","0","15","0","5","","Mahr, Timothy","{'fsnum': '5013', 'name': 'Mahr, Timothy'}","200","25","","","","","Instru Conducting","253","{'day': 'Tu', 'end': '11:00', 'location': 'CHM 138', 'start': '09:35'};{'day': 'Th', 'end': '10:50', 'location': 'CHM 138', 'start': '09:30'}","False","","3","O","20033","Research","2003"
"0000007146","0.25","0000000836","MUSIC","10","0","2","0","8","","Graber, Kenneth G.","{'fsnum': '2670', 'name': 'Graber, Kenneth G.'}","200","12","","","","","Kybd Proficiency Skil","261","{'day': 'Tu', 'end': '11:00', 'location': 'CHM 222', 'start': '09:35'};{'day': 'Th', 'end': '10:50', 'location': 'CHM 222', 'start': '09:30'}","False","","3","C","20033","Research","2003"
"0000007147","0.25","0000000841","MUSIC","9","3","2","1","3","","Een, Andrea","{'fsnum': '1565', 'name': 'Een, Andrea'}","200","15","","","","","Instr Chamber Music","275","{'day': 'Tu', 'end': '08:55', 'location': 'CHM 138', 'start': '08:00'};{'day': 'Th', 'end': '08:55', 'location': 'CHM 138', 'start': '08:00'}","False","","3","O","20033","Research","2003"
"0000007148","0.25","0000000841","MUSIC","1","0","0","0","1","","Een, Andrea","{'fsnum': '1565', 'name': 'Een, Andrea'}","200","","","","","","Instr Chamber Music","275","","False","A","3","O","20033","Research","2003"
"0000007149","0.25","0000000843","MUSIC","5","0","2","0","3","","Feldt, Alison J.","{'fsnum': '2059', 'name': 'Feldt, Alison J.'}","200","15","","","","","Vocal Solo Lit II","282","{'day': 'Mo', 'end': '12:45', 'location': 'CHM 224', 'start': '23:50'};{'day': 'Fr', 'end': '12:45', 'location': 'CHM 224', 'start': '23:50'}","False","","3","O","20033","Research","2003"
"0000007150","0.5","0000000844","MUSIC","15","0","5","1","9","","","","200","15","","","","","Choral Lit I","287","{'day': 'Mo', 'end': '21:00', 'location': 'CHM 239', 'start': '19:00'}","False","","3","C","20033","Research","2003"
"0000007151","1.0","0000000847","MUSIC","4","0","0","1","3","","Hardy, Janis","{'fsnum': '3105', 'name': 'Hardy, Janis'}","200","","","","","","IS/Courtroom Cosi","298","","False","","3","O","20033","Research","2003"
"0000007152","1.0","0000000847","MUSIC","1","0","0","0","1","","Winslow, Herbert E.","{'fsnum': '14225', 'name': 'Winslow, Herbert E.'}","200","","","","","","IS/Horn Lit, Ped","298","","False","A","3","O","20033","Research","2003"
"0000007153","1.0","0000000847","MUSIC","1","0","0","0","1","","Kallestad, Scott","{'fsnum': '4167', 'name': 'Kallestad, Scott'}","200","","","","","","IS/Saxophone Hist/Lit","298","","False","B","3","O","20033","Research","2003"
"0000007154","1.0","0000000847","MUSIC","1","0","0","1","0","","Hardy, Janis","{'fsnum': '3105', 'name': 'Hardy, Janis'}","200","","","","","","IS/Cose Fan Tutti","298","","False","C","3","O","20033","Research","2003"
"0000007155","1.0","0000000847","MUSIC","1","0","0","0","1","","Polley, Jo Ann","{'fsnum': '6395', 'name': 'Polley, Jo Ann'}","200","","","","","","IS/Woodwind Ped & Lit","298","","False","D","3","O","20033","Research","2003"
"0000007156","1.0","0000000847","MUSIC","2","0","0","0","2","","Niemisto, Paul","{'fsnum': '5614', 'name': 'Niemisto, Paul'}","200","","","","","","IS/Horn Pedagogy/Lit","298","","False","E","3","O","20033","Research","2003"
"0000007157","0.25","0000000848","MUSIC","3","0","0","0","3","","Armstrong, Anton","{'fsnum': '263', 'name': 'Armstrong, Anton'}","200","","","","","","Msm: Private Conduct","299","","False","A","3","C","20033","Topic","2003"
"0000007158","1.0","0000000850","MUSIC","5","0","4","0","1","","Hamlin, Peter S.","{'fsnum': '2958', 'name': 'Hamlin, Peter S.'}","300","10","","","","","Analysis/20th C Music","314","{'day': 'Mo', 'end': '10:00', 'location': 'CHM 239', 'start': '09:05'};{'day': 'We', 'end': '10:00', 'location': 'CHM 239', 'start': '09:05'};{'day': 'Fr', 'end': '10:00', 'location': 'CHM 239', 'start': '09:05'}","False","","3","O","20033","Research","2003"
"0000007159","1.0","0000000851","MUSIC","5","0","2","2","1","","Hamlin, Peter S.","{'fsnum': '2958', 'name': 'Hamlin, Peter S.'}","300","15","","","","","Composition II","324","{'day': 'Tu', 'end': '14:45', 'location': 'CHM 232', 'start': '13:20'};{'day': 'Th', 'end': '15:35', 'location': 'CHM 232', 'start': '14:15'}","False","","3","O","20033","Research","2003"
"0000007160","1.0","0000000852","MUSIC","2","0","0","0","2","","Hamlin, Peter S.","{'fsnum': '2958', 'name': 'Hamlin, Peter S.'}","300","5","","","","","Composition III","325","{'day': 'Tu', 'end': '14:45', 'location': 'CHM 232', 'start': '13:20'};{'day': 'Th', 'end': '15:35', 'location': 'CHM 232', 'start': '14:15'}","False","","3","C","20033","Research","2003"
"0000007161","1.0","0000000853","MUSIC","18","0","5","1","12","WRI","Gustafson, Donnamae","{'fsnum': '14003', 'name': 'Gustafson, Donnamae'}","300","30","","","","","Music/Renaissance Era","341","{'day': 'Mo', 'end': '11:40', 'location': 'CHM 239', 'start': '10:45'};{'day': 'We', 'end': '11:40', 'location': 'CHM 239', 'start': '10:45'};{'day': 'Fr', 'end': '11:40', 'location': 'CHM 239', 'start': '10:45'}","False","","3","O","20033","Research","2003"
"0000007162","1.0","0000000857","MUSIC","15","0","4","0","11","WRI","Hanson, Alice","{'fsnum': '3030', 'name': 'Hanson, Alice'}","300","30","","","","","Top: Opera","345","{'day': 'Tu', 'end': '14:45', 'location': 'CHM 239', 'start': '13:20'};{'day': 'Th', 'end': '15:35', 'location': 'CHM 239', 'start': '14:15'}","False","","3","O","20033","Topic","2003"
"0000007163","0.25","0000000861","MUSIC","15","0","7","1","7","","Armstrong, Anton","{'fsnum': '263', 'name': 'Armstrong, Anton'}","300","15","","","","","Child & Adolesc Voice","365","{'day': 'Mo', 'end': '11:40', 'location': 'CHM 140', 'start': '10:45'};{'day': 'We', 'end': '11:40', 'location': 'CHM 140', 'start': '10:45'}","False","","3","C","20033","Research","2003"
"0000007164","1.0","0000000866","MUSIC","1","0","1","0","0","WRI","Hamlin, Peter S.","{'fsnum': '2958', 'name': 'Hamlin, Peter S.'}","300","","","","","","IR/Music and Politics","398","","False","","3","O","20033","Research","2003"
"0000007165","1.0","0000000866","MUSIC","1","0","0","0","1","","Niemisto, Paul","{'fsnum': '5614', 'name': 'Niemisto, Paul'}","300","","","","","","IR/Trombone Ped & Lit","398","","False","A","3","O","20033","Research","2003"
"0000007166","1.0","0000000866","MUSIC","1","0","1","0","0","","Hardy, Janis","{'fsnum': '3105', 'name': 'Hardy, Janis'}","300","","","","","","IR/Opera Performance","398","","False","B","3","O","20033","Research","2003"
"0000007167","1.0","0000000916","NEURO","17","1","6","7","3","NSL;NST","Walter, Anne;Dickinson, Shelly D.","{'fsnum': '8876', 'name': 'Walter, Anne'};{'fsnum': '15747', 'name': 'Dickinson, Shelly D.'}","200","16","","","","","Intro to Neuroscience","234","{'day': 'Mo', 'end': '12:45', 'location': 'SC 210', 'start': '23:50'};{'day': 'We', 'end': '12:45', 'location': 'SC 210', 'start': '23:50'};{'day': 'Fr', 'end': '12:45', 'location': 'SC 210', 'start': '23:50'};{'day': 'Th', 'end': '17:15', 'location': 'SC 227', 'start': '14:15'}","False","","3","C","20033","Research","2003"
"0000007168","1.0","0000000922","NORW","20","17","1","2","0","","Homstad, Torild","{'fsnum': '9714', 'name': 'Homstad, Torild'}","100","25","","","","","Begin Norwegian II","112","{'day': 'Mo', 'end': '08:55', 'location': 'OM 015', 'start': '08:00'};{'day': 'We', 'end': '08:55', 'location': 'OM 015', 'start': '08:00'};{'day': 'Fr', 'end': '08:55', 'location': 'OM 015', 'start': '08:00'}","False","A","3","O","20033","Research","2003"
"0000007169","1.0","0000000922","NORW","24","19","0","4","1","","Aarsvold, Nancy","{'fsnum': '19', 'name': 'Aarsvold, Nancy'}","100","22","","","","","Begin Norwegian II","112","{'day': 'Mo', 'end': '10:00', 'location': 'OM 015', 'start': '09:05'};{'day': 'We', 'end': '10:00', 'location': 'OM 015', 'start': '09:05'};{'day': 'Fr', 'end': '10:00', 'location': 'OM 015', 'start': '09:05'}","False","B","3","C","20033","Research","2003"
"0000007170","1.0","0000000922","NORW","24","14","3","3","4","","Aarsvold, Nancy","{'fsnum': '19', 'name': 'Aarsvold, Nancy'}","100","20","","","","","Begin Norwegian II","112","{'day': 'Mo', 'end': '11:40', 'location': 'OM 015', 'start': '10:45'};{'day': 'We', 'end': '11:40', 'location': 'OM 015', 'start': '10:45'};{'day': 'Fr', 'end': '11:40', 'location': 'OM 015', 'start': '10:45'}","False","C","3","C","20033","Research","2003"
"0000007171","1.0","0000000926","NORW","5","0","2","2","1","FOL-N","Aarsvold, Nancy","{'fsnum': '19', 'name': 'Aarsvold, Nancy'}","200","25","","","","","Intermed Norwegian I","231","{'day': 'Mo', 'end': '12:45', 'location': 'OM 015', 'start': '23:50'};{'day': 'We', 'end': '12:45', 'location': 'OM 015', 'start': '23:50'};{'day': 'Fr', 'end': '12:45', 'location': 'OM 015', 'start': '23:50'}","False","","3","O","20033","Research","2003"
"0000007172","1.0","0000000927","NORW","10","4","0","5","1","FOL-N","O'Leary, Margaret H.","{'fsnum': '5815', 'name': ""O'Leary, Margaret H.""}","200","25","","","","","Intermed Norwegian II","232","{'day': 'Mo', 'end': '14:55', 'location': 'OM 015', 'start': '14:00'};{'day': 'We', 'end': '14:55', 'location': 'OM 015', 'start': '14:00'};{'day': 'Fr', 'end': '14:55', 'location': 'OM 015', 'start': '14:00'}","False","","3","O","20033","Research","2003"
"0000007173","1.0","0000000928","NORW","10","2","1","4","3","ALS-L;ORC","Sabo, Anne G.","{'fsnum': '10029', 'name': 'Sabo, Anne G.'}","200","25","","","","","Nordic Literature-Tr","233","{'day': 'Tu', 'end': '11:00', 'location': 'OM 015', 'start': '09:35'};{'day': 'Th', 'end': '10:50', 'location': 'OM 015', 'start': '09:30'}","False","","3","O","20033","Research","2003"
"0000007174","1.0","0000000934","NORW","7","1","2","0","4","ALS-L;FOL-N;WRI","Sabo, Anne G.","{'fsnum': '10029', 'name': 'Sabo, Anne G.'}","300","25","","","","","Norsk Lit Etter 1890","372","{'day': 'Mo', 'end': '14:55', 'location': 'OM 011', 'start': '14:00'};{'day': 'We', 'end': '14:55', 'location': 'OM 011', 'start': '14:00'};{'day': 'Fr', 'end': '14:55', 'location': 'OM 011', 'start': '14:00'}","False","","3","O","20033","Research","2003"
"0000007175","1.0","0000000935","NORW","11","0","4","1","6","EIN","Zempel, Solveig","{'fsnum': '9184', 'name': 'Zempel, Solveig'}","300","30","","","","","Ibsen-Tr","382","{'day': 'Tu', 'end': '14:45', 'location': 'OM 015', 'start': '13:20'};{'day': 'Th', 'end': '15:35', 'location': 'OM 015', 'start': '14:15'}","False","","3","O","20033","Research","2003"
"0000007176","0.25","0000000935","NORW","7","0","2","0","5","","Zempel, Solveig","{'fsnum': '9184', 'name': 'Zempel, Solveig'}","300","10","","","","","FLC-Norwegian","382","","False","L","3","O","20033","Research","2003"
"0000007177","2.0","0000000950","NURS","21","0","18","0","3","WRI","Neal, Diana;Johnson, Mary","{'fsnum': '5499', 'name': 'Neal, Diana'};{'fsnum': '4068', 'name': 'Johnson, Mary'}","300","21","","","","","Altr Hlth: Adult & Child","330","{'day': 'Mo', 'end': '08:55', 'location': 'H 215', 'start': '08:00'};{'day': 'We', 'end': '08:55', 'location': 'H 215', 'start': '08:00'};{'day': 'Fr', 'end': '08:55', 'location': 'H 215', 'start': '08:00'};{'day': 'Mo', 'end': '10:00', 'location': 'H 215', 'start': '09:05'};{'day': 'We', 'end': '10:00', 'location': 'H 215', 'start': '09:05'};{'day': 'Fr', 'end': '10:00', 'location': 'H 215', 'start': '09:05'};{'day': 'Tu', 'end': '14:30', 'location': 'H 215', 'start': '19:00'};{'day': 'Th', 'end': '14:30', 'location': 'H 215', 'start': '19:00'}","False","","3","C","20033","Research","2003"
"0000007178","1.0","0000000954","NURS","19","0","0","0","19","","Sateren, Judith","{'fsnum': '7051', 'name': 'Sateren, Judith'}","300","20","","","","","Alter Mental Health","360","{'day': 'Mo', 'end': '10:00', 'location': 'SC 18', 'start': '09:05'};{'day': 'We', 'end': '10:00', 'location': 'SC 18', 'start': '09:05'};{'day': 'Fr', 'end': '10:00', 'location': 'SC 18', 'start': '09:05'};{'day': 'Tu', 'end': '14:30', 'location': 'SC 18', 'start': '19:00'};{'day': 'Th', 'end': '14:30', 'location': 'SC 18', 'start': '19:00'}","False","","3","O","20033","Research","2003"
"0000007179","2.0","0000000957","NURS","19","0","0","0","19","WRI","Kuehn, Mary Beth;Glazebrook, Rita","{'fsnum': '4577', 'name': 'Kuehn, Mary Beth'};{'fsnum': '2650', 'name': 'Glazebrook, Rita'}","300","20","","","","","Nurs/Complex Systems","384","{'day': 'Mo', 'end': '11:40', 'location': 'SC 18', 'start': '10:45'};{'day': 'We', 'end': '11:40', 'location': 'SC 18', 'start': '10:45'};{'day': 'Fr', 'end': '11:40', 'location': 'SC 18', 'start': '10:45'};{'day': 'Mo', 'end': '12:45', 'location': 'SC 18', 'start': '23:50'};{'day': 'We', 'end': '12:45', 'location': 'SC 18', 'start': '23:50'};{'day': 'Fr', 'end': '12:45', 'location': 'SC 18', 'start': '23:50'};{'day': 'Tu', 'end': '15:30', 'location': 'SC 18', 'start': '19:00'};{'day': 'Th', 'end': '15:30', 'location': 'SC 18', 'start': '19:00'}","False","","3","O","20033","Research","2003"
"0000007199","0.25","0000000995","PEAC","1","0","1","0","0","PHA","Book, Cindy","{'fsnum': '694', 'name': 'Book, Cindy'}","100","","","","","","Individualized Pe","100","","True","","3","C","20033","Research","2003"
"0000007200","0.25","0000000996","PEAC","22","0","11","1","10","PHA","Thornton, William","{'fsnum': '8371', 'name': 'Thornton, William'}","100","24","","","","","Archery","101","{'day': 'Mo', 'end': '08:55', 'location': 'SAC_FH', 'start': '08:00'};{'day': 'We', 'end': '08:55', 'location': 'SAC_FH', 'start': '08:00'};{'day': 'Fr', 'end': '08:55', 'location': 'SAC_FH', 'start': '08:00'}","False","","3","C","20033","Research","2003"
"0000007201","0.25","0000000998","PEAC","12","0","1","0","11","PHA","Tegtmeyer, Judy","{'fsnum': '8272', 'name': 'Tegtmeyer, Judy'}","100","12","","","","","Rock Climbing","106","{'day': 'Mo', 'end': '10:00', 'location': 'Tostrud Ctr', 'start': '09:05'};{'day': 'We', 'end': '10:00', 'location': 'Tostrud Ctr', 'start': '09:05'}","False","A","3","C","20033","Research","2003"
"0000007202","0.25","0000000998","PEAC","12","0","3","0","9","PHA","","","100","12","","","","","Rock Climbing","106","{'day': 'Tu', 'end': '10:00', 'location': 'Tostrud Ctr', 'start': '09:05'};{'day': 'Th', 'end': '10:00', 'location': 'Tostrud Ctr', 'start': '09:05'}","False","B","3","C","20033","Research","2003"
"0000007203","0.25","0000000998","PEAC","12","0","0","0","12","PHA","Pratt, Kenneth","{'fsnum': '6408', 'name': 'Pratt, Kenneth'}","100","12","","","","","Rock Climbing","106","{'day': 'Mo', 'end': '11:40', 'location': 'Tostrud Ctr', 'start': '10:45'};{'day': 'We', 'end': '11:40', 'location': 'Tostrud Ctr', 'start': '10:45'}","False","C","3","C","20033","Research","2003"
"0000007204","0.25","0000000998","PEAC","12","1","1","1","9","PHA","Pratt, Kenneth","{'fsnum': '6408', 'name': 'Pratt, Kenneth'}","100","12","","","","","Rock Climbing","106","{'day': 'Tu', 'end': '11:00', 'location': 'Tostrud Ctr', 'start': '10:05'};{'day': 'Th', 'end': '10:50', 'location': 'Tostrud Ctr', 'start': '09:55'}","False","D","3","C","20033","Research","2003"
"0000007205","0.25","0000001001","PEAC","22","1","8","7","6","PHA","Kosmoski, Daniel","{'fsnum': '4502', 'name': 'Kosmoski, Daniel'}","100","24","","","","","Basketball","111","{'day': 'Tu', 'end': '11:00', 'location': 'SAC_GYM_C', 'start': '10:05'};{'day': 'Th', 'end': '10:50', 'location': 'SAC_GYM_C', 'start': '09:55'}","False","","3","C","20033","Research","2003"
"0000007206","0.25","0000001003","PEAC","25","3","2","6","14","PHA","Nesbit, Scott","{'fsnum': '5580', 'name': 'Nesbit, Scott'}","100","24","","","","","Ultimate Frisbee","117","{'day': 'Mo', 'end': '13:50', 'location': 'SAC_FH', 'start': '12:55'};{'day': 'We', 'end': '13:50', 'location': 'SAC_FH', 'start': '12:55'}","False","","3","C","20033","Research","2003"
"0000007207","0.25","0000001005","PEAC","12","7","1","2","2","PHA","Thornton, William","{'fsnum': '8371', 'name': 'Thornton, William'}","100","12","","","","","Lifeguard Training","122","{'day': 'Tu', 'end': '11:00', 'location': 'SAC_POOL', 'start': '09:35'};{'day': 'Th', 'end': '10:50', 'location': 'SAC_POOL', 'start': '09:30'}","False","A","3","C","20033","Research","2003"
"0000007208","0.25","0000001005","PEAC","9","2","1","4","2","PHA","Hauck, Bob","{'fsnum': '3165', 'name': 'Hauck, Bob'}","100","12","","","","","Lifeguard Training","122","{'day': 'Tu', 'end': '14:50', 'location': 'SAC_POOL', 'start': '13:20'};{'day': 'Th', 'end': '14:50', 'location': 'SAC_POOL', 'start': '13:20'}","False","B","3","O","20033","Research","2003"
"0000007209","0.25","0000001006","PEAC","10","0","3","2","5","PHA","Hauck, Bob","{'fsnum': '3165', 'name': 'Hauck, Bob'}","100","15","","","","","Water Safety Instruct","123","{'day': 'Mo', 'end': '13:50', 'location': 'SAC_POOL', 'start': '12:55'};{'day': 'We', 'end': '13:50', 'location': 'SAC_POOL', 'start': '12:55'};{'day': 'Fr', 'end': '13:50', 'location': 'SAC_POOL', 'start': '12:55'}","False","","3","O","20033","Research","2003"
"0000007210","0.25","0000001008","PEAC","20","3","5","4","8","PHA","Campion, John","{'fsnum': '920', 'name': 'Campion, John'}","100","24","","","","","Scuba Diving","126","{'day': 'Fr', 'end': '21:00', 'location': 'SAC_POOL', 'start': '18:00'}","False","","3","C","20033","Research","2003"
"0000007211","0.25","0000001010","PEAC","26","0","10","6","10","PHA","Anderson, Kurt","{'fsnum': '228', 'name': 'Anderson, Kurt'}","100","24","","","","","Swim Fitness","130","{'day': 'Mo', 'end': '08:55', 'location': 'SAC_POOL', 'start': '08:00'};{'day': 'We', 'end': '08:55', 'location': 'SAC_POOL', 'start': '08:00'}","False","","3","C","20033","Research","2003"
"0000007212","0.25","0000001011","PEAC","21","1","2","11","7","PHA","Cooling, Lori","{'fsnum': '4816', 'name': 'Cooling, Lori'}","100","24","","","","","Aerobics","131","{'day': 'Tu', 'end': '10:00', 'location': 'SAC_GYM_S', 'start': '09:05'};{'day': 'Th', 'end': '10:00', 'location': 'SAC_GYM_S', 'start': '09:05'}","False","","3","C","20033","Research","2003"
"0000007213","0.5","0000001012","PEAC","25","0","7","1","17","PHA","Book, Cindy","{'fsnum': '694', 'name': 'Book, Cindy'}","100","24","","","","","Individual Fitness.50","133","{'day': 'Mo', 'end': '14:55', 'location': 'SAC_GYM_S', 'start': '14:00'};{'day': 'We', 'end': '14:55', 'location': 'SAC_GYM_S', 'start': '14:00'};{'day': 'Fr', 'end': '14:55', 'location': 'SAC_GYM_S', 'start': '14:00'}","False","A","3","C","20033","Research","2003"
"0000007214","0.5","0000001012","PEAC","24","2","5","8","9","PHA","Book, Cindy","{'fsnum': '694', 'name': 'Book, Cindy'}","100","24","","","","","Individual Fitness.50","133","{'day': 'Mo', 'end': '13:50', 'location': 'SAC_GYM_S', 'start': '12:55'};{'day': 'We', 'end': '13:50', 'location': 'SAC_GYM_S', 'start': '12:55'};{'day': 'Fr', 'end': '13:50', 'location': 'SAC_GYM_S', 'start': '12:55'}","False","B","3","C","20033","Research","2003"
"0000007215","0.5","0000001012","PEAC","28","0","5","0","23","PHA","Goldsworthy, William Sean","{'fsnum': '2652', 'name': 'Goldsworthy, William Sean'}","100","24","","","","","Individual Fitness.50","133","{'day': 'Mo', 'end': '11:40', 'location': 'SAC_FH', 'start': '10:45'};{'day': 'We', 'end': '11:40', 'location': 'SAC_FH', 'start': '10:45'};{'day': 'Fr', 'end': '11:40', 'location': 'SAC_FH', 'start': '10:45'}","False","C","3","C","20033","Research","2003"
"0000007216","0.5","0000001013","PEAC","5","1","2","1","1","PHA","Tegtmeyer, Judy","{'fsnum': '8272', 'name': 'Tegtmeyer, Judy'}","100","24","","","","","Ski/Bike/Run  .50","134","{'day': 'Mo', 'end': '14:55', 'location': 'Tostrud Ctr', 'start': '14:00'};{'day': 'We', 'end': '14:55', 'location': 'Tostrud Ctr', 'start': '14:00'};{'day': 'Fr', 'end': '14:55', 'location': 'Tostrud Ctr', 'start': '14:00'}","False","","3","O","20033","Research","2003"
"0000007217","0.25","0000001015","PEAC","27","2","5","3","17","PHA","Kosmoski, Daniel","{'fsnum': '4502', 'name': 'Kosmoski, Daniel'}","100","24","","","","","Fitness Walking","136","{'day': 'Mo', 'end': '10:00', 'location': 'Tostrud Ctr', 'start': '09:05'};{'day': 'We', 'end': '10:00', 'location': 'Tostrud Ctr', 'start': '09:05'}","False","A","3","C","20033","Research","2003"
"0000007218","0.25","0000001015","PEAC","26","1","8","4","13","PHA","Kosmoski, Daniel","{'fsnum': '4502', 'name': 'Kosmoski, Daniel'}","100","24","","","","","Fitness Walking","136","{'day': 'Mo', 'end': '13:50', 'location': 'Tostrud Ctr', 'start': '12:55'};{'day': 'We', 'end': '13:50', 'location': 'Tostrud Ctr', 'start': '12:55'}","False","B","3","C","20033","Research","2003"
"0000007219","0.5","0000001016","PEAC","27","0","4","4","19","PHA","Pratt, Kenneth","{'fsnum': '6408', 'name': 'Pratt, Kenneth'}","100","24","","","","","Wt Training Co-Ed .50","140","{'day': 'Mo', 'end': '13:50', 'location': 'Tostrud Ctr', 'start': '12:55'};{'day': 'We', 'end': '13:50', 'location': 'Tostrud Ctr', 'start': '12:55'};{'day': 'Fr', 'end': '13:50', 'location': 'Tostrud Ctr', 'start': '12:55'}","False","","3","C","20033","Research","2003"
"0000007220","0.25","0000001017","PEAC","17","6","1","4","6","PHA","Meidt, Christopher J.","{'fsnum': '14897', 'name': 'Meidt, Christopher J.'}","100","24","","","","","Wt Training-Men","141","{'day': 'Tu', 'end': '10:00', 'location': 'MFH_WT_RM', 'start': '09:05'};{'day': 'Th', 'end': '10:00', 'location': 'MFH_WT_RM', 'start': '09:05'}","False","A","3","O","20033","Research","2003"
"0000007221","0.25","0000001017","PEAC","14","1","3","7","3","PHA","Meidt, Christopher J.","{'fsnum': '14897', 'name': 'Meidt, Christopher J.'}","100","24","","","","","Wt Training-Men","141","{'day': 'Tu', 'end': '08:55', 'location': 'MFH_WT_RM', 'start': '08:00'};{'day': 'Th', 'end': '08:55', 'location': 'MFH_WT_RM', 'start': '08:00'}","False","B","3","O","20033","Research","2003"
"0000007222","0.25","0000001018","PEAC","21","2","6","5","8","PHA","McCarthy, Robert K.","{'fsnum': '14953', 'name': 'McCarthy, Robert K.'}","100","24","","","","","Wt Training-Women","142","{'day': 'Mo', 'end': '08:55', 'location': 'Tostrud Ctr', 'start': '08:00'};{'day': 'We', 'end': '08:55', 'location': 'Tostrud Ctr', 'start': '08:00'}","False","A","3","C","20033","Research","2003"
"0000007223","0.25","0000001018","PEAC","24","0","8","5","11","PHA","McCarthy, Robert K.","{'fsnum': '14953', 'name': 'McCarthy, Robert K.'}","100","24","","","","","Wt Training-Women","142","{'day': 'Mo', 'end': '10:00', 'location': 'Tostrud Ctr', 'start': '09:05'};{'day': 'We', 'end': '10:00', 'location': 'Tostrud Ctr', 'start': '09:05'}","False","B","3","C","20033","Research","2003"
"0000007224","0.25","0000001020","PEAC","16","0","7","5","4","PHA","Kosmoski, Daniel","{'fsnum': '4502', 'name': 'Kosmoski, Daniel'}","100","24","","","","","Badminton","151","{'day': 'Tu', 'end': '13:50', 'location': 'SAC_GYM_N', 'start': '12:55'};{'day': 'Th', 'end': '13:50', 'location': 'SAC_GYM_N', 'start': '12:55'}","False","A","3","C","20033","Research","2003"
"0000007225","0.25","0000001020","PEAC","20","0","2","0","18","PHA","Thornton, William","{'fsnum': '8371', 'name': 'Thornton, William'}","100","24","","","","","Badminton","151","{'day': 'Mo', 'end': '13:50', 'location': 'SAC_GYM_N', 'start': '12:55'};{'day': 'We', 'end': '13:50', 'location': 'SAC_GYM_N', 'start': '12:55'}","False","B","3","C","20033","Research","2003"
"0000007226","0.25","0000001021","PEAC","8","0","4","3","1","PHA","Cooling, Lori","{'fsnum': '4816', 'name': 'Cooling, Lori'}","100","8","","","","","Racquetball (Wmn)","153","{'day': 'Tu', 'end': '11:00', 'location': 'SAC _RQ1', 'start': '10:05'};{'day': 'Th', 'end': '10:50', 'location': 'SAC _RQ1', 'start': '09:55'}","False","","3","C","20033","Research","2003"
"0000007227","0.25","0000001022","PEAC","17","0","8","0","9","PHA","Nesbit, Scott","{'fsnum': '5580', 'name': 'Nesbit, Scott'}","100","16","","","","","Tennis","157","{'day': 'Tu', 'end': '11:00', 'location': 'Tostrud Ctr', 'start': '10:05'};{'day': 'Th', 'end': '10:50', 'location': 'Tostrud Ctr', 'start': '09:55'}","False","A","3","C","20033","Research","2003"
"0000007228","0.25","0000001022","PEAC","16","0","7","2","7","PHA","Nesbit, Scott","{'fsnum': '5580', 'name': 'Nesbit, Scott'}","100","16","","","","","Tennis","157","{'day': 'Tu', 'end': '13:50', 'location': 'Tostrud Ctr', 'start': '12:55'};{'day': 'Th', 'end': '13:50', 'location': 'Tostrud Ctr', 'start': '12:55'}","False","B","3","C","20033","Research","2003"
"0000007229","0.25","0000001024","PEAC","20","4","1","9","6","PHA","Pratt, Kenneth","{'fsnum': '6408', 'name': 'Pratt, Kenneth'}","100","24","","","","","Self Defense","161","{'day': 'Tu', 'end': '13:50', 'location': 'SAC_WR_RM', 'start': '12:55'};{'day': 'Th', 'end': '13:50', 'location': 'SAC_WR_RM', 'start': '12:55'}","False","A","3","O","20033","Research","2003"
"0000007230","0.25","0000001024","PEAC","22","2","1","11","8","PHA","Pratt, Kenneth","{'fsnum': '6408', 'name': 'Pratt, Kenneth'}","100","24","","","","","Self Defense","161","{'day': 'Tu', 'end': '14:55', 'location': 'SAC_WR_RM', 'start': '14:00'};{'day': 'Th', 'end': '14:55', 'location': 'SAC_WR_RM', 'start': '14:00'}","False","B","3","O","20033","Research","2003"
"0000007231","0.25","0000001025","PEAC","5","5","0","0","0","PHA","Osiecki, Thomas","{'fsnum': '13350', 'name': 'Osiecki, Thomas'}","100","","","","","","Intercol Hockey Women","170","","False","","3","O","20033","Research","2003"
"0000007232","0.25","0000001027","PEAC","1","0","0","1","0","PHA","Wojick, Paul","{'fsnum': '9114', 'name': 'Wojick, Paul'}","100","","","","","","Intercol Skiing Women","172","","False","","3","O","20033","Research","2003"
"0000007233","0.25","0000001028","PEAC","3","0","1","2","0","PHA","McDonald, Matt","{'fsnum': '5195', 'name': 'McDonald, Matt'}","100","","","","","","Intercol Baseball","173","","False","","3","O","20033","Research","2003"
"0000007234","0.25","0000001029","PEAC","7","6","1","0","0","PHA","Kosmoski, Daniel","{'fsnum': '4502', 'name': 'Kosmoski, Daniel'}","100","","","","","","Intercol Basketball M","174","","False","","3","O","20033","Research","2003"
"0000007235","0.25","0000001030","PEAC","1","0","0","1","0","PHA","Buresh, Patrice","{'fsnum': '865', 'name': 'Buresh, Patrice'}","100","","","","","","Intercol Basketball W","175","","False","","3","O","20033","Research","2003"
"0000007236","0.25","0000001036","PEAC","7","4","2","0","1","PHA","Goldsworthy, William Sean","{'fsnum': '2652', 'name': 'Goldsworthy, William Sean'}","100","","","","","","Intercol Hockey Men","181","","False","","3","O","20033","Research","2003"
"0000007237","0.25","0000001037","PEAC","1","1","0","0","0","PHA","Carver, Siiri","{'fsnum': '12299', 'name': 'Carver, Siiri'}","100","","","","","","Intercol CC Skiing M","182","","False","","3","O","20033","Research","2003"
"0000007238","0.25","0000001038","PEAC","1","1","0","0","0","PHA","Carver, Siiri","{'fsnum': '12299', 'name': 'Carver, Siiri'}","100","","","","","","Intercol CC Skiing W","183","","False","","3","O","20033","Research","2003"
"0000007239","0.25","0000001041","PEAC","5","1","0","4","0","PHA","Cooling, Lori","{'fsnum': '4816', 'name': 'Cooling, Lori'}","100","","","","","","Intercol Softball","186","","False","","3","O","20033","Research","2003"
"0000007240","0.25","0000001042","PEAC","6","4","1","0","1","PHA","Hauck, David","{'fsnum': '3166', 'name': 'Hauck, David'}","100","","","","","","Intercol Swimming M","187","","False","","3","O","20033","Research","2003"
"0000007241","0.25","0000001043","PEAC","7","3","0","3","1","PHA","Hauck, Bob","{'fsnum': '3165', 'name': 'Hauck, Bob'}","100","","","","","","Intercol Swimming W","188","","False","","3","O","20033","Research","2003"
"0000007242","0.25","0000001044","PEAC","4","3","1","0","0","PHA","Nesbit, Scott","{'fsnum': '5580', 'name': 'Nesbit, Scott'}","100","","","","","","Intercol Tennis Men","189","","False","","3","O","20033","Research","2003"
"0000007243","0.25","0000001045","PEAC","3","1","0","0","2","PHA","Nesbit, Scott","{'fsnum': '5580', 'name': 'Nesbit, Scott'}","100","","","","","","Intercol Tennis Women","190","","False","","3","O","20033","Research","2003"
"0000007244","0.25","0000001046","PEAC","2","1","0","1","0","PHA","Thornton, William","{'fsnum': '8371', 'name': 'Thornton, William'}","100","","","","","","Intercol Track Men","191","","False","","3","O","20033","Research","2003"
"0000007245","0.25","0000001047","PEAC","7","3","0","4","0","PHA","Daymont, Christine","{'fsnum': '1358', 'name': 'Daymont, Christine'}","100","","","","","","Intercol Track Women","192","","False","","3","O","20033","Research","2003"
"0000007246","0.25","0000001049","PEAC","5","3","0","1","1","PHA","Pratt, Kenneth","{'fsnum': '6408', 'name': 'Pratt, Kenneth'}","100","","","","","","Intercol Wrestling","194","","False","","3","O","20033","Research","2003"
"0000007247","0.5","0000001050","PETH","23","5","5","4","9","","Meidt, Christopher J.","{'fsnum': '14897', 'name': 'Meidt, Christopher J.'}","200","24","","","","","Intro to Coaching","238","{'day': 'Mo', 'end': '10:00', 'location': 'SAC 112', 'start': '09:05'};{'day': 'We', 'end': '10:00', 'location': 'SAC 112', 'start': '09:05'};{'day': 'Fr', 'end': '10:00', 'location': 'SAC 112', 'start': '09:05'}","False","","3","C","20033","Research","2003"
"0000007248","1.0","0000001051","PETH","16","1","2","9","4","","Hagen, Daniel","{'fsnum': '2890', 'name': 'Hagen, Daniel'}","200","12","","","","","Prev/Care Sport Injur","255","{'day': 'Tu', 'end': '09:25', 'location': 'SAC 112', 'start': '08:00'};{'day': 'Th', 'end': '09:20', 'location': 'SAC 112', 'start': '08:00'};{'day': 'We', 'end': '12:45', 'location': 'SAC_TR_RM', 'start': '23:50'}","False","A","3","C","20033","Research","2003"
"0000007249","1.0","0000001051","PETH","15","0","3","8","4","","Hagen, Daniel","{'fsnum': '2890', 'name': 'Hagen, Daniel'}","200","12","","","","","Prev/Care Sport Injur","255","{'day': 'Tu', 'end': '09:25', 'location': 'SAC 112', 'start': '08:00'};{'day': 'Th', 'end': '09:20', 'location': 'SAC 112', 'start': '08:00'};{'day': 'We', 'end': '13:50', 'location': 'SAC_TR_RM', 'start': '12:55'}","False","B","3","C","20033","Research","2003"
"0000007250","1.0","0000001056","PETH","28","0","15","0","13","EIN;WRI","Wicks, Gary","{'fsnum': '9030', 'name': 'Wicks, Gary'}","200","24","","","","","Sport Ethic-Society","290","{'day': 'Mo', 'end': '11:40', 'location': 'SAC 112', 'start': '10:45'};{'day': 'We', 'end': '11:40', 'location': 'SAC 112', 'start': '10:45'};{'day': 'Fr', 'end': '11:40', 'location': 'SAC 112', 'start': '10:45'}","False","","3","C","20033","Research","2003"
"0000007251","0.25","0000001059","PETH","2","0","0","0","2","","Anderson, Kurt","{'fsnum': '228', 'name': 'Anderson, Kurt'}","300","24","","","","","Coaching Practicum","335","","False","","3","O","20033","Research","2003"
"0000007252","1.0","0000001060","PETH","16","1","8","7","0","","Wicks, Gary","{'fsnum': '9030', 'name': 'Wicks, Gary'}","300","24","","","","","Motor Learning","373","{'day': 'Mo', 'end': '13:50', 'location': 'SAC 143', 'start': '12:55'};{'day': 'We', 'end': '13:50', 'location': 'SAC 143', 'start': '12:55'};{'day': 'Fr', 'end': '13:50', 'location': 'SAC 143', 'start': '12:55'};{'day': 'Th', 'end': '14:45', 'location': 'SAC 143', 'start': '12:45'}","False","","3","O","20033","Research","2003"
"0000007253","1.0","0000001064","PETH","12","0","7","0","5","","Binstock, Greg","{'fsnum': '16557', 'name': 'Binstock, Greg'}","300","24","","","","","Physiology/Exercise","375","{'day': 'Mo', 'end': '10:00', 'location': 'SAC 143', 'start': '09:05'};{'day': 'We', 'end': '10:00', 'location': 'SAC 143', 'start': '09:05'};{'day': 'Fr', 'end': '10:00', 'location': 'SAC 143', 'start': '09:05'};{'day': 'Tu', 'end': '11:00', 'location': 'SAC 143', 'start': '08:00'}","False","","3","O","20033","Research","2003"
"0000007180","1.0","0000000964","PHIL","18","9","0","8","1","HWC;WRI","Rudd, Anthony J.","{'fsnum': '14139', 'name': 'Rudd, Anthony J.'}","100","18","","0","10","0","Making of Modern Mind","118","{'day': 'Mo', 'end': '11:40', 'location': 'HH 515', 'start': '10:45'};{'day': 'We', 'end': '11:40', 'location': 'HH 515', 'start': '10:45'};{'day': 'Fr', 'end': '11:40', 'location': 'HH 515', 'start': '10:45'}","False","A","3","C","20033","Research","2003"
"0000007181","1.0","0000000964","PHIL","14","8","0","5","1","HWC","Rudd, Anthony J.","{'fsnum': '14139', 'name': 'Rudd, Anthony J.'}","100","19","","0","10","0","Making of Modern Mind","118","{'day': 'Mo', 'end': '13:50', 'location': 'OM 004', 'start': '12:55'};{'day': 'We', 'end': '13:50', 'location': 'OM 004', 'start': '12:55'};{'day': 'Fr', 'end': '13:50', 'location': 'OM 004', 'start': '12:55'}","False","B","3","C","20033","Research","2003"
"0000007182","1.0","0000000968","PHIL","16","0","6","4","6","HBS;WRI","Rudd, Anthony J.","{'fsnum': '14139', 'name': 'Rudd, Anthony J.'}","200","25","","","","","Phil of Mind/Behavior","231","{'day': 'Mo', 'end': '14:55', 'location': 'OM 031', 'start': '14:00'};{'day': 'We', 'end': '14:55', 'location': 'OM 031', 'start': '14:00'};{'day': 'Fr', 'end': '14:55', 'location': 'OM 031', 'start': '14:00'}","False","","3","C","20033","Research","2003"
"0000007183","1.0","0000000971","PHIL","25","0","11","12","2","HWC;WRI","Gorham, Geoffrey","{'fsnum': '13199', 'name': 'Gorham, Geoffrey'}","200","20","","","","","Modern Philosophy","236","{'day': 'Mo', 'end': '13:50', 'location': 'HH 514', 'start': '12:55'};{'day': 'We', 'end': '13:50', 'location': 'HH 514', 'start': '12:55'};{'day': 'Fr', 'end': '13:50', 'location': 'HH 514', 'start': '12:55'}","False","","3","C","20033","Research","2003"
"0000007184","1.0","0000000972","PHIL","24","1","11","8","4","","Harper, Vicki L.","{'fsnum': '3121', 'name': 'Harper, Vicki L.'}","200","20","","","","","Formal Logic & Phil","240","{'day': 'Mo', 'end': '12:45', 'location': 'HH 302', 'start': '23:50'};{'day': 'We', 'end': '12:45', 'location': 'HH 302', 'start': '23:50'};{'day': 'Fr', 'end': '12:45', 'location': 'HH 302', 'start': '23:50'}","False","","3","C","20033","Research","2003"
"0000007185","1.0","0000000974","PHIL","30","0","12","6","12","ALS-A;WRI","Taliaferro, Charles","{'fsnum': '8230', 'name': 'Taliaferro, Charles'}","200","25","","","","","Aesthetics","243","{'day': 'Tu', 'end': '13:10', 'location': 'SH 002', 'start': '23:45'};{'day': 'Th', 'end': '14:05', 'location': 'SH 002', 'start': '12:45'}","False","","3","C","20033","Research","2003"
"0000007186","1.0","0000000977","PHIL","24","0","14","1","9","EIN","Gervais, Karen","{'fsnum': '2519', 'name': 'Gervais, Karen'}","200","25","","","","","Biomedical Ethics","250","{'day': 'Mo', 'end': '22:00', 'location': 'HH 413', 'start': '19:00'}","False","","3","C","20033","Research","2003"
"0000007187","1.0","0000000978","PHIL","24","8","4","8","4","MCS-G;WRI","Rambachan, Anantanand","{'fsnum': '6535', 'name': 'Rambachan, Anantanand'}","200","25","","","","","Asian Philosophy","251","{'day': 'Tu', 'end': '09:25', 'location': 'BMC 102', 'start': '08:00'};{'day': 'Th', 'end': '09:20', 'location': 'BMC 102', 'start': '08:00'}","False","","3","C","20033","Research","2003"
"0000007188","1.0","0000000979","PHIL","25","0","16","2","7","EIN;WRI","Harper, Vicki L.","{'fsnum': '3121', 'name': 'Harper, Vicki L.'}","200","25","","","","","Ethics/The Good Life","252","{'day': 'Mo', 'end': '14:55', 'location': 'HH 301', 'start': '14:00'};{'day': 'We', 'end': '14:55', 'location': 'HH 301', 'start': '14:00'};{'day': 'Fr', 'end': '14:55', 'location': 'HH 301', 'start': '14:00'}","False","A","3","C","20033","Research","2003"
"0000007189","1.0","0000000979","PHIL","26","0","15","3","8","EIN","Gorham, Geoffrey","{'fsnum': '13199', 'name': 'Gorham, Geoffrey'}","200","25","","","","","Ethics/The Good Life","252","{'day': 'Mo', 'end': '08:55', 'location': 'SH 002', 'start': '08:00'};{'day': 'We', 'end': '08:55', 'location': 'SH 002', 'start': '08:00'};{'day': 'Fr', 'end': '08:55', 'location': 'SH 002', 'start': '08:00'}","False","B","3","C","20033","Research","2003"
"0000007190","1.0","0000000979","PHIL","25","2","10","0","13","EIN","Gorham, Geoffrey","{'fsnum': '13199', 'name': 'Gorham, Geoffrey'}","200","25","","","","","Ethics/The Good Life","252","{'day': 'Mo', 'end': '11:40', 'location': 'HH 302', 'start': '10:45'};{'day': 'We', 'end': '11:40', 'location': 'HH 302', 'start': '10:45'};{'day': 'Fr', 'end': '11:40', 'location': 'HH 302', 'start': '10:45'}","False","C","3","C","20033","Research","2003"
"0000007191","1.0","0000000980","PHIL","24","0","11","7","6","EIN","Kindred, Paola L.","{'fsnum': '15851', 'name': 'Kindred, Paola L.'}","200","25","","","","","Law,Politics,Morality","254","{'day': 'Tu', 'end': '13:10', 'location': 'RML 577', 'start': '23:45'};{'day': 'Th', 'end': '14:05', 'location': 'RML 577', 'start': '12:45'}","False","A","3","C","20033","Research","2003"
"0000007192","1.0","0000000980","PHIL","24","8","7","3","6","EIN","Kindred, Paola L.","{'fsnum': '15851', 'name': 'Kindred, Paola L.'}","200","25","","","","","Law,Politics,Morality","254","{'day': 'Tu', 'end': '14:45', 'location': 'RML 577', 'start': '13:20'};{'day': 'Th', 'end': '15:35', 'location': 'RML 577', 'start': '14:15'}","False","B","3","O","20033","Research","2003"
"0000007193","1.0","0000000982","PHIL","40","2","14","4","20","EIN;WRI","Taliaferro, Charles","{'fsnum': '8230', 'name': 'Taliaferro, Charles'}","200","25","","","","","Environmental Ethics","257","{'day': 'Tu', 'end': '14:45', 'location': 'HH 516', 'start': '13:20'};{'day': 'Th', 'end': '15:35', 'location': 'HH 516', 'start': '14:15'}","False","","3","C","20033","Research","2003"
"0000007194","1.0","0000000986","PHIL","1","0","0","1","0","WRI","Marino, Gordon D.","{'fsnum': '5051', 'name': 'Marino, Gordon D.'}","200","","","","","","IS/Phil of Music","298","","False","","3","O","20033","Research","2003"
"0000007195","1.0","0000000989","PHIL","10","0","4","1","5","EIN;WRI","Langerak, Edward","{'fsnum': '4599', 'name': 'Langerak, Edward'}","300","15","","","","","Sem: Ethics/Thy/Value","373","{'day': 'Tu', 'end': '14:45', 'location': 'HH 302', 'start': '13:20'};{'day': 'Th', 'end': '15:35', 'location': 'HH 302', 'start': '14:15'}","False","","3","O","20033","Seminar","2003"
"0000007196","1.0","0000000993","PHIL","1","0","0","0","1","","Fairbanks, Rick A.","{'fsnum': '2022', 'name': 'Fairbanks, Rick A.'}","300","","","","","","IR/Meta-Ecology","398","","False","","3","O","20033","Research","2003"
"0000007197","1.0","0000000993","PHIL","1","0","0","0","1","","Harper, Vicki L.","{'fsnum': '3121', 'name': 'Harper, Vicki L.'}","300","","","","","","IR/Plato's Politics","398","","False","A","3","O","20033","Research","2003"
"0000007198","1.0","0000000994","PHIL","21","0","8","1","12","WRI","Taliaferro, Charles","{'fsnum': '8230', 'name': 'Taliaferro, Charles'}","300","15","","","","","Seminar","399","{'day': 'Tu', 'end': '11:00', 'location': 'OM 002', 'start': '09:35'};{'day': 'Th', 'end': '10:50', 'location': 'OM 002', 'start': '09:30'}","False","","3","C","20033","Seminar","2003"
"0000007254","1.0","0000001069","PHYS","53","9","16","12","16","NSC","Kolan, Amy","{'fsnum': '4480', 'name': 'Kolan, Amy'}","100","62","","","","","Intro Astronomy","112","{'day': 'Mo', 'end': '12:45', 'location': 'SC 170', 'start': '23:50'};{'day': 'We', 'end': '12:45', 'location': 'SC 170', 'start': '23:50'};{'day': 'Fr', 'end': '12:45', 'location': 'SC 170', 'start': '23:50'}","False","","3","C","20033","Research","2003"
"0000007255","1.0","0000001074","PHYS","39","0","23","8","8","NSC;NSL","Wickramasekara, Sujeev","{'fsnum': '15975', 'name': 'Wickramasekara, Sujeev'}","100","45","","","","","Principles Physics II","125","{'day': 'Mo', 'end': '08:55', 'location': 'SC 170', 'start': '08:00'};{'day': 'We', 'end': '08:55', 'location': 'SC 170', 'start': '08:00'};{'day': 'Fr', 'end': '08:55', 'location': 'SC 170', 'start': '08:00'}","False","A","3","C","20033","Research","2003"
"0000007257","1.0","0000001074","PHYS","48","0","30","6","12","NSC;NSL","Nitz, David","{'fsnum': '5620', 'name': 'Nitz, David'}","100","45","","","","","Principles Physics II","125","{'day': 'Mo', 'end': '10:00', 'location': 'SC 170', 'start': '09:05'};{'day': 'We', 'end': '10:00', 'location': 'SC 170', 'start': '09:05'};{'day': 'Fr', 'end': '10:00', 'location': 'SC 170', 'start': '09:05'}","False","B","3","C","20033","Research","2003"
"0000007256","","0000001075","PHYS","0","0","0","0","0","","Kolan, Amy","{'fsnum': '4480', 'name': 'Kolan, Amy'}","100","23","","","","","Prin Physics II/Lab","125","{'day': 'Mo', 'end': '15:25', 'location': 'SC 111', 'start': '12:55'}","False","A","3","C","20033","Lab","2003"
"0000007258","","0000001075","PHYS","0","0","0","0","0","","Kolan, Amy","{'fsnum': '4480', 'name': 'Kolan, Amy'}","100","23","","","","","Prin Physics II/Lab","125","{'day': 'Tu', 'end': '14:15', 'location': 'SC 111', 'start': '23:45'}","False","B","3","C","20033","Lab","2003"
"0000007259","","0000001075","PHYS","0","0","0","0","0","","Cederberg, James","{'fsnum': '1021', 'name': 'Cederberg, James'}","100","22","","","","","Prin Physics II/Lab","125","{'day': 'Th', 'end': '10:50', 'location': 'SC 111', 'start': '08:20'}","False","C","3","C","20033","Lab","2003"
"0000007260","","0000001075","PHYS","0","0","0","0","0","","Cederberg, James","{'fsnum': '1021', 'name': 'Cederberg, James'}","100","22","","","","","Prin Physics II/Lab","125","{'day': 'Th', 'end': '16:55', 'location': 'SC 111', 'start': '14:25'}","False","D","3","C","20033","Lab","2003"
"0000007261","","0000001075","PHYS","0","0","0","0","0","","Kolan, Amy","{'fsnum': '4480', 'name': 'Kolan, Amy'}","100","20","","","","","Principles Physics II","125","{'day': 'Tu', 'end': '16:30', 'location': 'SC 111', 'start': '14:00'}","False","E","3","O","20033","Lab","2003"
"0000007262","1.0","0000001078","PHYS","22","20","0","1","1","NSC;NSL","Cederberg, James","{'fsnum': '1021', 'name': 'Cederberg, James'}","100","32","","","","","Analytical II","127","{'day': 'Mo', 'end': '11:40', 'location': 'SC 170', 'start': '10:45'};{'day': 'We', 'end': '11:40', 'location': 'SC 170', 'start': '10:45'};{'day': 'Fr', 'end': '11:40', 'location': 'SC 170', 'start': '10:45'}","False","","3","O","20033","Research","2003"
"0000007263","","0000001079","PHYS","0","0","0","0","0","","Cederberg, James","{'fsnum': '1021', 'name': 'Cederberg, James'}","100","16","","","","","Analytical II/Lab","127","{'day': 'Mo', 'end': '15:25', 'location': 'SC 159', 'start': '12:55'}","False","A","3","O","20033","Lab","2003"
"0000007264","","0000001079","PHYS","0","0","0","0","0","","Cederberg, James","{'fsnum': '1021', 'name': 'Cederberg, James'}","100","16","","","","","Analytical II/Lab","127","{'day': 'Tu', 'end': '15:50', 'location': 'SC 159', 'start': '13:20'}","False","B","3","O","20033","Lab","2003"
"0000007265","1.0","0000001082","PHYS","22","1","2","18","1","","Wickramasekara, Sujeev","{'fsnum': '15975', 'name': 'Wickramasekara, Sujeev'}","200","24","","","","","Modern Physics","244","{'day': 'Mo', 'end': '10:00', 'location': 'SC 129', 'start': '09:05'};{'day': 'We', 'end': '10:00', 'location': 'SC 129', 'start': '09:05'};{'day': 'Fr', 'end': '10:00', 'location': 'SC 129', 'start': '09:05'}","False","","3","O","20033","Research","2003"
"0000007266","0.25","0000001083","PHYS","10","0","1","9","0","","Wickramasekara, Sujeev","{'fsnum': '15975', 'name': 'Wickramasekara, Sujeev'}","200","12","","","","","Modern Phys Lab (244)","245","{'day': 'Mo', 'end': '17:00', 'location': 'SC 151', 'start': '14:00'}","False","A","3","O","20033","Lab","2003"
"0000007267","0.25","0000001083","PHYS","13","1","1","9","2","","Wickramasekara, Sujeev","{'fsnum': '15975', 'name': 'Wickramasekara, Sujeev'}","200","12","","","","","Modern Phys Lab (244)","245","{'day': 'Tu', 'end': '16:20', 'location': 'SC 151', 'start': '13:20'}","False","B","3","C","20033","Lab","2003"
"0000007268","1.0","0000001084","PHYS","15","0","7","2","6","","Nitz, David","{'fsnum': '5620', 'name': 'Nitz, David'}","200","16","","","","","Electronic Circuits","246","{'day': 'Mo', 'end': '08:55', 'location': 'SC 129', 'start': '08:00'};{'day': 'We', 'end': '08:55', 'location': 'SC 129', 'start': '08:00'};{'day': 'Fr', 'end': '08:55', 'location': 'SC 129', 'start': '08:00'}","False","","3","O","20033","Research","2003"
"0000007269","","0000001085","PHYS","0","0","0","0","0","","Nitz, David","{'fsnum': '5620', 'name': 'Nitz, David'}","200","16","","","","","Electronics Lab","246","{'day': 'Fr', 'end': '17:00', 'location': 'SC 125', 'start': '14:00'}","False","","3","O","20033","Lab","2003"
"0000007270","1.0","0000001091","PHYS","1","0","0","0","1","","Kolan, Amy","{'fsnum': '4480', 'name': 'Kolan, Amy'}","200","","","","","","IS/Stat Mechanics","298","","False","","3","O","20033","Research","2003"
"0000007271","1.0","0000001093","PHYS","13","0","10","0","3","","Engbrecht, Jason J.","{'fsnum': '14912', 'name': 'Engbrecht, Jason J.'}","300","18","","","","","Maxwell's Equations","375","{'day': 'Mo', 'end': '11:40', 'location': 'SC 110', 'start': '10:45'};{'day': 'We', 'end': '11:40', 'location': 'SC 110', 'start': '10:45'};{'day': 'Fr', 'end': '11:40', 'location': 'SC 110', 'start': '10:45'}","False","","3","O","20033","Research","2003"
"0000007272","0.25","0000001097","PHYS","9","0","7","0","2","","Engbrecht, Jason J.","{'fsnum': '14912', 'name': 'Engbrecht, Jason J.'}","300","9","","","","","Adv Physics Lab (375)","385","{'day': 'Th', 'end': '15:45', 'location': 'SC 151', 'start': '12:45'}","False","A","3","C","20033","Lab","2003"
"0000007273","0.25","0000001097","PHYS","5","0","3","0","2","","Engbrecht, Jason J.","{'fsnum': '14912', 'name': 'Engbrecht, Jason J.'}","300","9","","","","","Adv Physics Lab (375)","385","{'day': 'Fr', 'end': '17:00', 'location': 'SC 151', 'start': '14:00'}","False","B","3","O","20033","Lab","2003"
"0000007274","0.25","0000001098","PHYS","1","0","0","0","1","","Nitz, David","{'fsnum': '5620', 'name': 'Nitz, David'}","300","","","","","","Adv Physics Lab (376)","386","","False","","3","C","20033","Lab","2003"
"0000007275","1.0","0000001101","PHYS","1","0","0","0","1","","Welch, Brian C.","{'fsnum': '13277', 'name': 'Welch, Brian C.'}","300","","","","","","IR/Glacial Geophysics","398","","False","","3","O","20033","Research","2003"
"0000007276","1.0","0000001103","PSCI","24","10","1","13","0","HBS;MCS-D","Hildreth, Roudy W.","{'fsnum': '16543', 'name': 'Hildreth, Roudy W.'}","100","25","","4","15","0","American Politics","111","{'day': 'Tu', 'end': '14:45', 'location': 'OM 026', 'start': '13:20'};{'day': 'Th', 'end': '15:35', 'location': 'OM 026', 'start': '14:15'}","False","","3","C","20033","Research","2003"
"0000007277","1.0","0000001104","PSCI","24","11","1","8","4","HBS;MCS-G","Brooks, D Christopher","{'fsnum': '14170', 'name': 'Brooks, D Christopher'}","100","30","","4","16","0","Comparative Politics","112","{'day': 'Mo', 'end': '08:55', 'location': 'HH 301', 'start': '08:00'};{'day': 'We', 'end': '08:55', 'location': 'HH 301', 'start': '08:00'};{'day': 'Fr', 'end': '08:55', 'location': 'HH 301', 'start': '08:00'}","False","A","3","C","20033","Research","2003"
"0000007278","1.0","0000001104","PSCI","27","10","3","11","3","HBS;MCS-G","Brooks, D Christopher","{'fsnum': '14170', 'name': 'Brooks, D Christopher'}","100","30","","4","13","0","Comparative Politics","112","{'day': 'Mo', 'end': '10:00', 'location': 'HH 301', 'start': '09:05'};{'day': 'We', 'end': '10:00', 'location': 'HH 301', 'start': '09:05'};{'day': 'Fr', 'end': '10:00', 'location': 'HH 301', 'start': '09:05'}","False","B","3","C","20033","Research","2003"
"0000007279","1.0","0000001104","PSCI","29","9","3","11","6","HBS;MCS-G","Thalhammer, Kris","{'fsnum': '8281', 'name': 'Thalhammer, Kris'}","100","30","","4","15","0","Comparative Politics","112","{'day': 'Tu', 'end': '09:25', 'location': 'HH 317', 'start': '08:00'};{'day': 'Th', 'end': '09:20', 'location': 'HH 317', 'start': '08:00'}","False","C","3","C","20033","Research","2003"
"0000007280","1.0","0000001110","PSCI","26","10","4","11","1","HBS","Lott, Anthony","{'fsnum': '15825', 'name': 'Lott, Anthony'}","100","30","","4","15","0","Int'l Relations","121","{'day': 'Tu', 'end': '09:25', 'location': 'HH 403', 'start': '08:00'};{'day': 'Th', 'end': '09:20', 'location': 'HH 403', 'start': '08:00'}","False","A","3","C","20033","Research","2003"
"0000007281","1.0","0000001110","PSCI","27","11","4","8","4","HBS","Lott, Anthony","{'fsnum': '15825', 'name': 'Lott, Anthony'}","100","30","","4","13","0","Int'l Relations","121","{'day': 'Tu', 'end': '14:45', 'location': 'HH 301', 'start': '13:20'};{'day': 'Th', 'end': '15:35', 'location': 'HH 301', 'start': '14:15'}","False","B","3","C","20033","Research","2003"
"0000007282","1.0","0000001113","PSCI","26","1","4","20","1","WRI","Breen, Sheryl D.","{'fsnum': '13316', 'name': 'Breen, Sheryl D.'}","200","20","","","","","Analyzing Politics","220","{'day': 'Mo', 'end': '12:45', 'location': 'HH 403', 'start': '23:50'};{'day': 'We', 'end': '12:45', 'location': 'HH 403', 'start': '23:50'};{'day': 'Fr', 'end': '12:45', 'location': 'HH 403', 'start': '23:50'}","False","","3","C","20033","Research","2003"
"0000007283","1.0","0000001129","PSCI","18","0","6","7","5","HWC","Brooks, D Christopher","{'fsnum': '14170', 'name': 'Brooks, D Christopher'}","200","20","","","","","Hist Class Pol Thght","259","{'day': 'Mo', 'end': '13:50', 'location': 'HH 516', 'start': '12:55'};{'day': 'We', 'end': '13:50', 'location': 'HH 516', 'start': '12:55'};{'day': 'Fr', 'end': '13:50', 'location': 'HH 516', 'start': '12:55'}","False","","3","C","20033","Research","2003"
"0000007284","1.0","0000001132","PSCI","22","0","12","9","1","MCS-G","Thalhammer, Kris","{'fsnum': '8281', 'name': 'Thalhammer, Kris'}","200","25","","","","","Latin Amer Politics","264","{'day': 'Mo', 'end': '11:40', 'location': 'OM 004', 'start': '10:45'};{'day': 'We', 'end': '11:40', 'location': 'OM 004', 'start': '10:45'};{'day': 'Fr', 'end': '11:40', 'location': 'OM 004', 'start': '10:45'}","False","","3","C","20033","Research","2003"
"0000007285","0.25","0000001132","PSCI","8","0","2","5","1","","Broner, Maggie","{'fsnum': '792', 'name': 'Broner, Maggie'}","200","10","","","","","FLC-Spanish","264","{'day': 'Th', 'end': '15:25', 'location': 'SH 002', 'start': '14:30'}","False","L","3","C","20033","Research","2003"
"0000007286","1.0","0000001133","PSCI","29","0","10","1","18","EIN","Beld, Jo M.","{'fsnum': '2334', 'name': 'Beld, Jo M.'}","200","20","","","","","Family Values","270","{'day': 'Tu', 'end': '11:00', 'location': 'OM 011', 'start': '09:35'};{'day': 'Th', 'end': '10:50', 'location': 'OM 011', 'start': '09:30'}","False","","3","C","20033","Research","2003"
"0000007287","1.0","0000001135","PSCI","16","2","4","5","5","","Hofrenning, Dan","{'fsnum': '3418', 'name': 'Hofrenning, Dan'}","200","20","","","","","Environmentl Politics","276","{'day': 'Mo', 'end': '13:50', 'location': 'HH 515', 'start': '12:55'};{'day': 'We', 'end': '13:50', 'location': 'HH 515', 'start': '12:55'};{'day': 'Fr', 'end': '13:50', 'location': 'HH 515', 'start': '12:55'}","False","","3","C","20033","Research","2003"
"0000007288","1.0","0000001139","PSCI","1","0","0","0","1","","Tegtmeyer Pak, Katherine S.","{'fsnum': '15754', 'name': 'Tegtmeyer Pak, Katherine S.'}","200","","","","","","Academic Internship","294","","True","","3","O","20033","Research","2003"
"0000007289","1.0","0000001139","PSCI","1","0","0","0","1","","Hofrenning, Dan","{'fsnum': '3418', 'name': 'Hofrenning, Dan'}","200","","","","","","Academic Internship","294","","True","A","3","O","20033","Research","2003"
"0000007290","1.0","0000001141","PSCI","1","0","0","0","1","","Breen, Sheryl D.","{'fsnum': '13316', 'name': 'Breen, Sheryl D.'}","200","","","","","","IS/Animal Law","298","","False","","3","O","20033","Research","2003"
"0000007291","1.0","0000001141","PSCI","1","0","0","0","1","","Gorton, William A.","{'fsnum': '15068', 'name': 'Gorton, William A.'}","200","","","","","","IS/Conserv Thoughts","298","","False","A","3","O","20033","Research","2003"
"0000007292","1.0","0000001141","PSCI","1","0","1","0","0","","Breen, Sheryl D.","{'fsnum': '13316', 'name': 'Breen, Sheryl D.'}","200","","","","","","IS/Pol Thought India","298","","False","B","3","O","20033","Research","2003"
"0000007293","1.0","0000001142","PSCI","10","0","0","0","10","","Staff","{'fsnum': '', 'name': 'Staff'}","200","15","","","","","Top: Urban Politics","299","{'day': 'Mo', 'end': '22:00', 'location': 'RML 515', 'start': '19:00'}","False","","3","C","20033","Topic","2003"
"0000007294","1.0","0000001143","PSCI","17","0","3","0","14","WRI","Hofrenning, Dan","{'fsnum': '3418', 'name': 'Hofrenning, Dan'}","300","15","","","","","Sem: American Politics","311","{'day': 'Mo', 'end': '10:00', 'location': 'HH 516', 'start': '09:05'};{'day': 'We', 'end': '10:00', 'location': 'HH 516', 'start': '09:05'};{'day': 'Fr', 'end': '10:00', 'location': 'HH 516', 'start': '09:05'}","False","","3","C","20033","Seminar","2003"
"0000007295","1.0","0000001145","PSCI","17","0","5","0","12","WRI","Thalhammer, Kris","{'fsnum': '8281', 'name': 'Thalhammer, Kris'}","300","15","","","","","Sem: Latin Am Politics","367","{'day': 'Mo', 'end': '14:55', 'location': 'HH 516', 'start': '14:00'};{'day': 'We', 'end': '14:55', 'location': 'HH 516', 'start': '14:00'};{'day': 'Fr', 'end': '14:55', 'location': 'HH 516', 'start': '14:00'}","False","","3","C","20033","Seminar","2003"
"0000007296","1.0","0000001148","PSCI","14","0","4","1","9","","Gorton, William A.","{'fsnum': '15068', 'name': 'Gorton, William A.'}","300","15","","","","","Sem: Amer Pol Thought","384","{'day': 'Tu', 'end': '14:45', 'location': 'OM 035', 'start': '13:20'};{'day': 'Th', 'end': '15:35', 'location': 'OM 035', 'start': '14:15'}","False","","3","O","20033","Research","2003"
"0000007297","1.0","0000001151","PSCI","1","0","0","0","1","","Gorton, William A.","{'fsnum': '15068', 'name': 'Gorton, William A.'}","300","","","","","","Academic Internship","394","","True","","3","O","20033","Research","2003"
"0000007298","1.0","0000001152","PSCI","1","0","0","0","1","","Lott, Anthony","{'fsnum': '15825', 'name': 'Lott, Anthony'}","300","","","","","","IR/Devlpmnt in Africa","398","","False","","3","O","20033","Research","2003"
"0000007299","1.0","0000001153","PSCI","15","0","8","0","7","WRI","Tegtmeyer Pak, Katherine S.","{'fsnum': '15754', 'name': 'Tegtmeyer Pak, Katherine S.'}","300","15","","","","","Sem: Transnl Migration","399","{'day': 'Mo', 'end': '22:00', 'location': 'HH 516', 'start': '19:00'}","False","","3","C","20033","Seminar","2003"
"0000007300","1.0","0000001154","PSYCH","127","80","5","28","14","HBS;NST","McMillan, Donna K.","{'fsnum': '5220', 'name': 'McMillan, Donna K.'}","100","125","","","","","Principles: Psych","125","{'day': 'Mo', 'end': '10:00', 'location': 'HH 501', 'start': '09:05'};{'day': 'We', 'end': '10:00', 'location': 'HH 501', 'start': '09:05'};{'day': 'Fr', 'end': '10:00', 'location': 'HH 501', 'start': '09:05'}","False","A","3","C","20033","Research","2003"
"0000007301","1.0","0000001154","PSYCH","114","69","6","23","16","HBS;NST","Wolfe, Uta","{'fsnum': '14184', 'name': 'Wolfe, Uta'}","100","125","","","","","Principles: Psych","125","{'day': 'Tu', 'end': '11:00', 'location': 'HH 501', 'start': '09:35'};{'day': 'Th', 'end': '10:50', 'location': 'HH 501', 'start': '09:30'}","False","B","3","O","20033","Research","2003"
"0000007302","0.25","0000001155","PSYCH","25","14","0","9","2","NSL","Sherman, Bonnie","{'fsnum': '7475', 'name': 'Sherman, Bonnie'}","100","30","","","","","Invest Explor Lab","126","{'day': 'Tu', 'end': '14:45', 'location': 'SC 280', 'start': '23:45'}","False","A","3","C","20033","Lab","2003"
"0000007303","0.25","0000001155","PSYCH","25","11","2","8","4","NSL","Sherman, Bonnie","{'fsnum': '7475', 'name': 'Sherman, Bonnie'}","100","30","","","","","Invest Explor Lab","126","{'day': 'We', 'end': '17:00', 'location': 'SC 280', 'start': '14:00'}","False","B","3","C","20033","Lab","2003"
"0000007304","1.0","0000001158","PSYCH","22","0","11","9","2","WRI","Gross, Dana","{'fsnum': '2768', 'name': 'Gross, Dana'}","200","20","","","","","Research Methods","231","{'day': 'Mo', 'end': '13:50', 'location': 'HH 301', 'start': '12:55'};{'day': 'We', 'end': '13:50', 'location': 'HH 301', 'start': '12:55'};{'day': 'Fr', 'end': '13:50', 'location': 'HH 301', 'start': '12:55'}","False","A","3","C","20033","Research","2003"
"0000007305","1.0","0000001158","PSYCH","20","0","7","9","4","WRI","Gross, Dana","{'fsnum': '2768', 'name': 'Gross, Dana'}","200","20","","","","","Research Methods","231","{'day': 'Mo', 'end': '14:55', 'location': 'HH 307', 'start': '14:00'};{'day': 'We', 'end': '14:55', 'location': 'HH 307', 'start': '14:00'};{'day': 'Fr', 'end': '14:55', 'location': 'HH 307', 'start': '14:00'}","False","B","3","C","20033","Research","2003"
"0000007306","1.0","0000001163","PSYCH","3","0","0","1","2","NSL;NST","Thorsheim, Howard","{'fsnum': '8376', 'name': 'Thorsheim, Howard'}","200","14","","","","","Cognit,Learn & Memory","237","{'day': 'Tu', 'end': '09:25', 'location': 'HH 307', 'start': '08:00'};{'day': 'Th', 'end': '09:20', 'location': 'HH 307', 'start': '08:00'};{'day': 'We', 'end': '13:45', 'location': 'HH 319', 'start': '22:45'}","False","A","3","O","20033","Research","2003"
"0000007307","1.0","0000001163","PSYCH","7","0","2","1","4","NSL;NST","Thorsheim, Howard","{'fsnum': '8376', 'name': 'Thorsheim, Howard'}","200","14","","","","","Cognit,Learn & Memory","237","{'day': 'Tu', 'end': '09:25', 'location': 'HH 307', 'start': '08:00'};{'day': 'Th', 'end': '17:00', 'location': 'HH 319', 'start': '14:00'};{'day': 'Th', 'end': '09:20', 'location': 'HH 307', 'start': '08:00'}","False","B","3","O","20033","Research","2003"
"0000007308","1.0","0000001165","PSYCH","32","1","9","15","7","NST","Dickinson, Shelly D.","{'fsnum': '15747', 'name': 'Dickinson, Shelly D.'}","200","30","","","","","Biopsychology","238","{'day': 'Mo', 'end': '10:00', 'location': 'HH 307', 'start': '09:05'};{'day': 'We', 'end': '10:00', 'location': 'HH 307', 'start': '09:05'};{'day': 'Fr', 'end': '10:00', 'location': 'HH 307', 'start': '09:05'}","False","","3","C","20033","Research","2003"
"0000007309","1.0","0000001168","PSYCH","30","3","2","18","7","","Endicott, Leilani","{'fsnum': '14881', 'name': 'Endicott, Leilani'}","200","30","","","","","Developmental Psych","241","{'day': 'Tu', 'end': '11:00', 'location': 'HH 307', 'start': '09:35'};{'day': 'Th', 'end': '10:50', 'location': 'HH 307', 'start': '09:30'}","False","A","3","C","20033","Research","2003"
"0000007310","1.0","0000001168","PSYCH","24","4","4","7","9","","Endicott, Leilani","{'fsnum': '14881', 'name': 'Endicott, Leilani'}","200","30","","","","","Developmental Psych","241","{'day': 'Tu', 'end': '13:10', 'location': 'HH 307', 'start': '23:45'};{'day': 'Th', 'end': '14:05', 'location': 'HH 307', 'start': '12:45'}","False","B","3","C","20033","Research","2003"
"0000007311","1.0","0000001172","PSYCH","28","0","16","2","10","","Brull, Harold;Gregory, William Scott","{'fsnum': '809', 'name': 'Brull, Harold'};{'fsnum': '2740', 'name': 'Gregory, William Scott'}","200","30","","","","","Indust/Organizations","250","{'day': 'Th', 'end': '22:00', 'location': 'HH 403', 'start': '19:00'}","False","","3","O","20033","Research","2003"
"0000007312","1.0","0000001176","PSYCH","25","0","9","5","11","","Anderson, Deborah","{'fsnum': '186', 'name': 'Anderson, Deborah'}","200","30","","","","","Abnormal Psych","264","{'day': 'Mo', 'end': '13:50', 'location': 'HH 307', 'start': '12:55'};{'day': 'We', 'end': '13:50', 'location': 'HH 307', 'start': '12:55'};{'day': 'Fr', 'end': '13:50', 'location': 'HH 307', 'start': '12:55'}","False","","3","C","20033","Research","2003"
"0000007313","1.0","0000001177","PSYCH","26","1","8","8","9","","McMillan, Donna K.","{'fsnum': '5220', 'name': 'McMillan, Donna K.'}","200","30","","","","","Psych of Personality","271","{'day': 'Mo', 'end': '11:40', 'location': 'HH 307', 'start': '10:45'};{'day': 'We', 'end': '11:40', 'location': 'HH 307', 'start': '10:45'};{'day': 'Fr', 'end': '11:40', 'location': 'HH 307', 'start': '10:45'}","False","A","3","C","20033","Research","2003"
"0000007314","1.0","0000001177","PSYCH","31","0","17","5","9","","McMillan, Donna K.","{'fsnum': '5220', 'name': 'McMillan, Donna K.'}","200","30","","","","","Psych of Personality","271","{'day': 'Mo', 'end': '12:45', 'location': 'HH 307', 'start': '23:50'};{'day': 'We', 'end': '12:45', 'location': 'HH 307', 'start': '23:50'};{'day': 'Fr', 'end': '12:45', 'location': 'HH 307', 'start': '23:50'}","False","B","3","C","20033","Research","2003"
"0000007315","1.0","0000001179","PSYCH","2","0","2","0","0","WRI","Huff, Charles","{'fsnum': '3556', 'name': 'Huff, Charles'}","200","","","","","","IS/Sports Psychology","298","","False","","3","O","20033","Research","2003"
"0000007316","1.0","0000001179","PSYCH","1","0","0","0","1","","Gross, Dana","{'fsnum': '2768', 'name': 'Gross, Dana'}","200","","","","","","IS/Immersion Educ","298","","False","A","3","O","20033","Research","2003"
"0000007317","1.0","0000001179","PSYCH","1","0","0","0","1","","Ross, Mary Ellen","{'fsnum': '6902', 'name': 'Ross, Mary Ellen'}","200","","","","","","IS/Counseling/Nursing","298","","False","B","3","O","20033","Research","2003"
"0000007318","1.0","0000001179","PSYCH","1","0","0","0","1","WRI","Gross, Dana","{'fsnum': '2768', 'name': 'Gross, Dana'}","200","","","","","","IS/Parent-Child Lang","298","","False","C","3","O","20033","Research","2003"
"0000007319","1.0","0000001179","PSYCH","1","0","0","0","1","","Sherman, Bonnie","{'fsnum': '7475', 'name': 'Sherman, Bonnie'}","200","","","","","","IS/Autism","298","","False","D","3","O","20033","Research","2003"
"0000007320","1.0","0000001181","PSYCH","18","0","4","0","14","","Ross, Mary Ellen","{'fsnum': '6902', 'name': 'Ross, Mary Ellen'}","300","18","","","","","Psych of Counseling","375","{'day': 'Mo', 'end': '12:45', 'location': 'HH 515', 'start': '23:50'};{'day': 'We', 'end': '12:45', 'location': 'HH 515', 'start': '23:50'};{'day': 'Fr', 'end': '12:45', 'location': 'HH 515', 'start': '23:50'}","False","","3","C","20033","Research","2003"
"0000007321","1.0","0000001186","PSYCH","15","0","6","0","9","","Anderson, Deborah","{'fsnum': '186', 'name': 'Anderson, Deborah'}","300","18","","","","","Sem: Psych of Women","390","{'day': 'Mo', 'end': '11:40', 'location': 'HH 301', 'start': '10:45'};{'day': 'We', 'end': '11:40', 'location': 'HH 301', 'start': '10:45'};{'day': 'Fr', 'end': '11:40', 'location': 'HH 301', 'start': '10:45'}","False","A","3","C","20033","Seminar","2003"
"0000007322","1.0","0000001186","PSYCH","6","0","4","0","2","","Sherman, Bonnie","{'fsnum': '7475', 'name': 'Sherman, Bonnie'}","300","18","","","","","Sem: Imagery/Spatial","390","{'day': 'Mo', 'end': '12:45', 'location': 'HH 204', 'start': '23:50'};{'day': 'We', 'end': '12:45', 'location': 'HH 204', 'start': '23:50'};{'day': 'Fr', 'end': '12:45', 'location': 'HH 204', 'start': '23:50'}","False","B","3","O","20033","Seminar","2003"
"0000007323","1.0","0000001186","PSYCH","16","0","9","0","7","","Gross, Dana","{'fsnum': '2768', 'name': 'Gross, Dana'}","300","18","","","","","Sem: Infancy","390","{'day': 'Tu', 'end': '13:10', 'location': 'HH 317', 'start': '23:45'};{'day': 'Th', 'end': '14:05', 'location': 'HH 317', 'start': '12:45'}","False","C","3","C","20033","Seminar","2003"
"0000007324","1.0","0000001186","PSYCH","4","0","1","0","3","ORC","Sherman, Bonnie","{'fsnum': '7475', 'name': 'Sherman, Bonnie'}","300","4","","","","","Sem: Preceptors","390","{'day': 'Fr', 'end': '14:55', 'location': 'HH 204', 'start': '14:00'}","False","D","3","C","20033","Seminar","2003"
"0000007325","1.0","0000001186","PSYCH","11","0","6","1","4","","Endicott, Leilani","{'fsnum': '14881', 'name': 'Endicott, Leilani'}","300","18","","","","","Sem: Adv Research Meth","390","{'day': 'Tu', 'end': '14:45', 'location': 'HH 307', 'start': '13:20'};{'day': 'Th', 'end': '15:35', 'location': 'HH 307', 'start': '14:15'}","False","E","3","O","20033","Seminar","2003"
"0000007326","1.0","0000001190","PSYCH","3","0","0","0","3","","Anderson, Deborah","{'fsnum': '186', 'name': 'Anderson, Deborah'}","300","","","","","","IR/Mindfulness & Health","398","","False","","3","O","20033","Research","2003"
"0000007327","1.0","0000001190","PSYCH","1","0","0","0","1","WRI","Thorsheim, Howard","{'fsnum': '8376', 'name': 'Thorsheim, Howard'}","300","","","","","","IR/Psychophysiology","398","","False","A","3","O","20033","Research","2003"
"0000007328","1.0","0000001190","PSYCH","1","0","1","0","0","WRI","Anderson, Deborah","{'fsnum': '186', 'name': 'Anderson, Deborah'}","300","","","","","","IR/Breaking Bad News","398","","False","B","3","O","20033","Research","2003"
"0000007329","1.0","0000001190","PSYCH","1","0","0","0","1","","McMillan, Donna K.","{'fsnum': '5220', 'name': 'McMillan, Donna K.'}","300","","","","","","IR/Pets Lower Stress","398","","False","C","3","O","20033","Research","2003"
"0000007330","1.0","0000001190","PSYCH","1","0","0","0","1","WRI","Huff, Charles","{'fsnum': '3556', 'name': 'Huff, Charles'}","300","","","","","","IR/Influence On Moral","398","","False","D","3","O","20033","Research","2003"
"0000007331","1.0","0000001190","PSYCH","1","0","0","0","1","","Gross, Dana","{'fsnum': '2768', 'name': 'Gross, Dana'}","300","","","","","","IR/Child Development","398","","False","E","3","O","20033","Research","2003"
"0000007332","1.0","0000001190","PSYCH","1","0","0","0","1","","McMillan, Donna K.","{'fsnum': '5220', 'name': 'McMillan, Donna K.'}","300","","","","","","IR/Psych/Meaning","398","","False","F","3","O","20033","Research","2003"
"0000007333","1.0","0000001190","PSYCH","1","0","1","0","0","","Gross, Dana","{'fsnum': '2768', 'name': 'Gross, Dana'}","300","","","","","","IR/Parent as Educator","398","","False","G","3","O","20033","Research","2003"
"0000007334","1.0","0000001190","PSYCH","1","0","0","0","1","","Wolfe, Uta","{'fsnum': '14184', 'name': 'Wolfe, Uta'}","300","","","","","","IR/Psycholinguistics","398","","False","H","3","O","20033","Research","2003"
"0000007335","1.0","0000001190","PSYCH","1","0","1","0","0","WRI","Gross, Dana","{'fsnum': '2768', 'name': 'Gross, Dana'}","300","","","","","","IR/Psych of Affluence","398","","False","I","3","O","20033","Research","2003"
"0000007336","1.0","0000001190","PSYCH","1","0","0","0","1","","McMillan, Donna K.","{'fsnum': '5220', 'name': 'McMillan, Donna K.'}","300","","","","","","IR/Dreams & Personality","398","","False","J","3","O","20033","Research","2003"
"0000007337","1.0","0000001191","REL","21","19","0","0","2","BTS-B","Stoltzfus, Philip E.","{'fsnum': '13278', 'name': 'Stoltzfus, Philip E.'}","100","25","","","","","Bible/Culture/Commun","121","{'day': 'Mo', 'end': '08:55', 'location': 'BMC 101', 'start': '08:00'};{'day': 'We', 'end': '08:55', 'location': 'BMC 101', 'start': '08:00'};{'day': 'Fr', 'end': '08:55', 'location': 'BMC 101', 'start': '08:00'}","False","A","3","C","20033","Research","2003"
"0000007338","1.0","0000001191","REL","18","15","0","0","3","BTS-B","Barbour, John","{'fsnum': '329', 'name': 'Barbour, John'}","100","25","","","","","Bible/Culture/Commun","121","{'day': 'Mo', 'end': '10:00', 'location': 'BMC 110', 'start': '09:05'};{'day': 'We', 'end': '10:00', 'location': 'BMC 110', 'start': '09:05'};{'day': 'Fr', 'end': '10:00', 'location': 'BMC 110', 'start': '09:05'}","False","B","3","C","20033","Research","2003"
"0000007339","1.0","0000001191","REL","25","22","0","0","3","BTS-B","Stansell, Gary","{'fsnum': '7921', 'name': 'Stansell, Gary'}","100","25","","","","","Bible/Culture/Commun","121","{'day': 'Mo', 'end': '11:40', 'location': 'BMC 102', 'start': '10:45'};{'day': 'We', 'end': '11:40', 'location': 'BMC 102', 'start': '10:45'};{'day': 'Fr', 'end': '11:40', 'location': 'BMC 102', 'start': '10:45'}","False","C","3","C","20033","Research","2003"
"0000007340","1.0","0000001191","REL","58","51","0","0","7","BTS-B","Santurri, Edmund","{'fsnum': '7020', 'name': 'Santurri, Edmund'}","100","60","","","","","Bible/Culture/Commun","121","{'day': 'Mo', 'end': '11:40', 'location': 'HH 501', 'start': '10:45'};{'day': 'We', 'end': '11:40', 'location': 'HH 501', 'start': '10:45'};{'day': 'Fr', 'end': '11:40', 'location': 'HH 501', 'start': '10:45'}","False","D","3","C","20033","Research","2003"
"0000007341","1.0","0000001191","REL","28","21","0","2","5","BTS-B","Booth, David","{'fsnum': '712', 'name': 'Booth, David'}","100","25","","","","","Bible/Culture/Commun","121","{'day': 'Mo', 'end': '12:45', 'location': 'BMC 110', 'start': '23:50'};{'day': 'We', 'end': '12:45', 'location': 'BMC 110', 'start': '23:50'};{'day': 'Fr', 'end': '12:45', 'location': 'BMC 110', 'start': '23:50'}","False","E","3","C","20033","Research","2003"
"0000007342","1.0","0000001191","REL","19","13","0","4","2","BTS-B","Stoltzfus, Philip E.","{'fsnum': '13278', 'name': 'Stoltzfus, Philip E.'}","100","25","","","","","Bible/Culture/Commun","121","{'day': 'Mo', 'end': '13:50', 'location': 'BMC 101', 'start': '12:55'};{'day': 'We', 'end': '13:50', 'location': 'BMC 101', 'start': '12:55'};{'day': 'Fr', 'end': '13:50', 'location': 'BMC 101', 'start': '12:55'}","False","F","3","C","20033","Research","2003"
"0000007343","1.0","0000001191","REL","22","20","0","1","1","BTS-B","Barbour, John","{'fsnum': '329', 'name': 'Barbour, John'}","100","25","","","","","Bible/Culture/Commun","121","{'day': 'Mo', 'end': '14:55', 'location': 'BMC 110', 'start': '14:00'};{'day': 'We', 'end': '14:55', 'location': 'BMC 110', 'start': '14:00'};{'day': 'Fr', 'end': '14:55', 'location': 'BMC 110', 'start': '14:00'}","False","G","3","C","20033","Research","2003"
"0000007344","1.0","0000001191","REL","26","23","0","0","3","BTS-B","Siemsen, Elaine G.","{'fsnum': '15034', 'name': 'Siemsen, Elaine G.'}","100","25","","","","","Bible/Culture/Commun","121","{'day': 'Tu', 'end': '09:25', 'location': 'BMC 110', 'start': '08:00'};{'day': 'Th', 'end': '09:20', 'location': 'BMC 110', 'start': '08:00'}","False","H","3","C","20033","Research","2003"
"0000007345","1.0","0000001191","REL","25","25","0","0","0","BTS-B","Lund, Eric","{'fsnum': '4838', 'name': 'Lund, Eric'}","100","25","","","","","Bible/Culture/Commun","121","{'day': 'Tu', 'end': '09:25', 'location': 'BMC 101', 'start': '08:00'};{'day': 'Th', 'end': '09:20', 'location': 'BMC 101', 'start': '08:00'}","False","I","3","C","20033","Research","2003"
"0000007346","1.0","0000001191","REL","27","25","0","1","1","BTS-B","Siemsen, Elaine G.","{'fsnum': '15034', 'name': 'Siemsen, Elaine G.'}","100","25","","","","","Bible/Culture/Commun","121","{'day': 'Tu', 'end': '11:00', 'location': 'BMC 111', 'start': '09:35'};{'day': 'Th', 'end': '10:50', 'location': 'BMC 111', 'start': '09:30'}","False","J","3","C","20033","Research","2003"
"0000007347","1.0","0000001191","REL","18","17","0","0","1","BTS-B","Stoltzfus, Philip E.","{'fsnum': '13278', 'name': 'Stoltzfus, Philip E.'}","100","25","","","","","Bible/Culture/Commun","121","{'day': 'Mo', 'end': '11:40', 'location': 'BMC 110', 'start': '10:45'};{'day': 'We', 'end': '11:40', 'location': 'BMC 110', 'start': '10:45'};{'day': 'Fr', 'end': '11:40', 'location': 'BMC 110', 'start': '10:45'}","False","K","3","C","20033","Research","2003"
"0000007348","1.0","0000001191","REL","25","22","0","0","3","BTS-B","Poehlmann, William","{'fsnum': '6381', 'name': 'Poehlmann, William'}","100","25","","","","","Bible/Culture/Commun","121","{'day': 'Tu', 'end': '14:45', 'location': 'BMC 102', 'start': '13:20'};{'day': 'Th', 'end': '15:35', 'location': 'BMC 102', 'start': '14:15'}","False","L","3","C","20033","Research","2003"
"0000007349","1.0","0000001191","REL","21","17","0","1","3","BTS-B","Gohdes-Luhman, Amy R.","{'fsnum': '10427', 'name': 'Gohdes-Luhman, Amy R.'}","100","25","","","","","Bible/Culture/Commun","121","{'day': 'Tu', 'end': '11:00', 'location': 'SH 002', 'start': '09:35'};{'day': 'Th', 'end': '10:50', 'location': 'SH 002', 'start': '09:30'}","False","M","3","C","20033","Research","2003"
"0000007350","1.0","0000001193","REL","27","0","9","16","2","BTS-T;WRI","Wilson, Charles","{'fsnum': '9090', 'name': 'Wilson, Charles'}","200","25","","","","","Classics and Moderns","202","{'day': 'Tu', 'end': '11:00', 'location': 'BMC 101', 'start': '09:35'};{'day': 'Th', 'end': '10:50', 'location': 'BMC 101', 'start': '09:30'}","False","A","3","C","20033","Research","2003"
"0000007351","1.0","0000001193","REL","27","2","5","18","2","BTS-T;WRI","Wilson, Charles","{'fsnum': '9090', 'name': 'Wilson, Charles'}","200","25","","","","","Classics and Moderns","202","{'day': 'Tu', 'end': '13:10', 'location': 'BMC 101', 'start': '23:45'};{'day': 'Th', 'end': '14:05', 'location': 'BMC 101', 'start': '12:45'}","False","B","3","C","20033","Research","2003"
"0000007352","1.0","0000001194","REL","25","2","4","18","1","BTS-T;WRI","Galbraith, Elizabeth C.","{'fsnum': '14954', 'name': 'Galbraith, Elizabeth C.'}","200","25","","","","","The Greats","203","{'day': 'Mo', 'end': '12:45', 'location': 'BMC 101', 'start': '23:50'};{'day': 'We', 'end': '12:45', 'location': 'BMC 101', 'start': '23:50'};{'day': 'Fr', 'end': '12:45', 'location': 'BMC 101', 'start': '23:50'}","False","A","3","C","20033","Research","2003"
"0000007353","1.0","0000001194","REL","25","0","8","16","1","BTS-T;WRI","Galbraith, Elizabeth C.","{'fsnum': '14954', 'name': 'Galbraith, Elizabeth C.'}","200","25","","","","","The Greats","203","{'day': 'Mo', 'end': '14:55', 'location': 'BMC 101', 'start': '14:00'};{'day': 'We', 'end': '14:55', 'location': 'BMC 101', 'start': '14:00'};{'day': 'Fr', 'end': '14:55', 'location': 'BMC 101', 'start': '14:00'}","False","B","3","C","20033","Research","2003"
"0000007354","1.0","0000001195","REL","27","2","3","19","3","BTS-T;WRI","Schillinger, Jamie A.","{'fsnum': '15819', 'name': 'Schillinger, Jamie A.'}","200","25","","","","","Chri Theol/Moral Life","207","{'day': 'Mo', 'end': '10:00', 'location': 'BMC 111', 'start': '09:05'};{'day': 'We', 'end': '10:00', 'location': 'BMC 111', 'start': '09:05'};{'day': 'Fr', 'end': '10:00', 'location': 'BMC 111', 'start': '09:05'}","False","A","3","C","20033","Research","2003"
"0000007355","1.0","0000001195","REL","23","2","7","12","2","BTS-T;WRI","Schillinger, Jamie A.","{'fsnum': '15819', 'name': 'Schillinger, Jamie A.'}","200","25","","","","","Chri Theol/Moral Life","207","{'day': 'Mo', 'end': '12:45', 'location': 'BMC 111', 'start': '23:50'};{'day': 'We', 'end': '12:45', 'location': 'BMC 111', 'start': '23:50'};{'day': 'Fr', 'end': '12:45', 'location': 'BMC 111', 'start': '23:50'}","False","B","3","C","20033","Research","2003"
"0000007356","1.0","0000001197","REL","27","0","10","12","5","BTS-T;WRI","Booth, David","{'fsnum': '712', 'name': 'Booth, David'}","200","25","","","","","Intro Feminist Theol","209","{'day': 'Mo', 'end': '13:50', 'location': 'BMC 110', 'start': '12:55'};{'day': 'We', 'end': '13:50', 'location': 'BMC 110', 'start': '12:55'};{'day': 'Fr', 'end': '13:50', 'location': 'BMC 110', 'start': '12:55'}","False","","3","C","20033","Research","2003"
"0000007357","1.0","0000001198","REL","27","3","3","21","0","BTS-T;WRI","Lund, Eric","{'fsnum': '4838', 'name': 'Lund, Eric'}","200","25","","","","","Chr Theol in History","212","{'day': 'Mo', 'end': '10:00', 'location': 'BMC 101', 'start': '09:05'};{'day': 'We', 'end': '10:00', 'location': 'BMC 101', 'start': '09:05'};{'day': 'Fr', 'end': '10:00', 'location': 'BMC 101', 'start': '09:05'}","False","","3","C","20033","Research","2003"
"0000007358","0.25","0000001198","REL","6","1","1","4","0","","Allen, Wendy","{'fsnum': '102', 'name': 'Allen, Wendy'}","200","10","","","","","FLC-French","212","{'day': 'Mo', 'end': '19:00', 'location': '', 'start': '18:00'}","False","L","3","C","20033","Research","2003"
"0000007359","1.0","0000001205","REL","27","3","13","8","3","BTS-T;WRI","Hanson, James","{'fsnum': '3061', 'name': 'Hanson, James'}","200","25","","","","","Jesus in Script/Trad","221","{'day': 'Tu', 'end': '13:10', 'location': 'BMC 110', 'start': '23:45'};{'day': 'Th', 'end': '14:05', 'location': 'BMC 110', 'start': '12:45'}","False","A","3","C","20033","Research","2003"
"0000007360","1.0","0000001205","REL","23","1","5","15","2","BTS-T;WRI","Hanson, James","{'fsnum': '3061', 'name': 'Hanson, James'}","200","25","","","","","Jesus in Script/Trad","221","{'day': 'Tu', 'end': '14:45', 'location': 'BMC 110', 'start': '13:20'};{'day': 'Th', 'end': '15:35', 'location': 'BMC 110', 'start': '14:15'}","False","B","3","C","20033","Research","2003"
"0000007361","1.0","0000001213","REL","25","0","6","16","3","BTS-T","Stansell, Gary","{'fsnum': '7921', 'name': 'Stansell, Gary'}","200","25","","","","","Theology of Creation","230","{'day': 'Tu', 'end': '14:45', 'location': 'BMC 101', 'start': '13:20'};{'day': 'Th', 'end': '15:35', 'location': 'BMC 101', 'start': '14:15'}","False","","3","C","20033","Research","2003"
"0000007362","1.0","0000001217","REL","17","1","3","9","4","MCS-G;WRI","Schillinger, Jamie A.","{'fsnum': '15819', 'name': 'Schillinger, Jamie A.'}","200","25","","","","","Islam-Rel & Community","246","{'day': 'Tu', 'end': '09:25', 'location': 'BMC 111', 'start': '08:00'};{'day': 'Th', 'end': '09:20', 'location': 'BMC 111', 'start': '08:00'}","False","","3","O","20033","Research","2003"
"0000007363","1.0","0000001218","REL","17","0","6","9","2","HWC;WRI","Friedman, Joan S.","{'fsnum': '16479', 'name': 'Friedman, Joan S.'}","200","20","","","","","Judaism","248","{'day': 'Tu', 'end': '11:00', 'location': 'BMC 109', 'start': '09:35'};{'day': 'Th', 'end': '10:50', 'location': 'BMC 109', 'start': '09:30'}","False","","3","C","20033","Research","2003"
"0000007364","1.0","0000001220","REL","21","1","9","5","6","MCS-G;WRI","Rambachan, Anantanand","{'fsnum': '6535', 'name': 'Rambachan, Anantanand'}","200","25","","","","","Hinduism","253","{'day': 'Tu', 'end': '11:00', 'location': 'BMC 102', 'start': '09:35'};{'day': 'Th', 'end': '10:50', 'location': 'BMC 102', 'start': '09:30'}","False","","3","C","20033","Research","2003"
"0000007365","1.0","0000001229","REL","27","3","9","8","7","HWC;WRI","Stansell, Gary","{'fsnum': '7921', 'name': 'Stansell, Gary'}","200","25","","","","","Hebrew Prophets","273","{'day': 'Mo', 'end': '10:00', 'location': 'BMC 102', 'start': '09:05'};{'day': 'We', 'end': '10:00', 'location': 'BMC 102', 'start': '09:05'};{'day': 'Fr', 'end': '10:00', 'location': 'BMC 102', 'start': '09:05'}","False","","3","C","20033","Research","2003"
"0000007366","1.0","0000001232","REL","28","1","2","1","24","EIN;WRI","Hanson, James","{'fsnum': '3061', 'name': 'Hanson, James'}","200","25","","","","","The Ethics of Jesus","276","{'day': 'Tu', 'end': '11:00', 'location': 'BMC 110', 'start': '09:35'};{'day': 'Th', 'end': '10:50', 'location': 'BMC 110', 'start': '09:30'}","False","","3","C","20033","Research","2003"
"0000007367","1.0","0000001234","REL","23","0","2","0","21","EIN;WRI","Reed, Barbara","{'fsnum': '6625', 'name': 'Reed, Barbara'}","200","25","","","","","Buddhism,Peace,Justic","289","{'day': 'Mo', 'end': '13:50', 'location': 'BMC 102', 'start': '12:55'};{'day': 'We', 'end': '13:50', 'location': 'BMC 102', 'start': '12:55'};{'day': 'Fr', 'end': '13:50', 'location': 'BMC 102', 'start': '12:55'}","False","A","3","C","20033","Research","2003"
"0000007368","1.0","0000001234","REL","20","0","5","0","15","EIN;WRI","Reed, Barbara","{'fsnum': '6625', 'name': 'Reed, Barbara'}","200","24","","","","","Buddhism,Peace,Justic","289","{'day': 'Mo', 'end': '14:55', 'location': 'BMC 102', 'start': '14:00'};{'day': 'We', 'end': '14:55', 'location': 'BMC 102', 'start': '14:00'};{'day': 'Fr', 'end': '14:55', 'location': 'BMC 102', 'start': '14:00'}","False","B","3","C","20033","Research","2003"
"0000007369","1.0","0000001236","REL","1","0","0","0","1","","Stansell, Gary","{'fsnum': '7921', 'name': 'Stansell, Gary'}","200","","","","","","Academic Internship","294","","True","","3","O","20033","Research","2003"
"0000007370","1.0","0000001237","REL","27","0","4","1","22","EIN;WRI","Rambachan, Anantanand","{'fsnum': '6535', 'name': 'Rambachan, Anantanand'}","200","25","","","","","Rel Pluralsm/Communit","295","{'day': 'Tu', 'end': '13:10', 'location': 'BMC 102', 'start': '23:45'};{'day': 'Th', 'end': '14:05', 'location': 'BMC 102', 'start': '12:45'}","False","","3","C","20033","Research","2003"
"0000007371","1.0","0000001239","REL","1","0","0","0","1","","Schillinger, Jamie A.","{'fsnum': '15819', 'name': 'Schillinger, Jamie A.'}","200","","","","","","IS/Beginning Arabic","298","","False","","3","O","20033","Research","2003"
"0000007372","1.0","0000001239","REL","1","0","0","1","0","WRI","Santurri, Edmund","{'fsnum': '7020', 'name': 'Santurri, Edmund'}","200","","","","","","IS/Phil in Dostoevsky","298","","False","A","3","O","20033","Research","2003"
"0000007373","1.0","0000001239","REL","1","0","1","0","0","","Booth, David","{'fsnum': '712', 'name': 'Booth, David'}","200","","","","","","IS/Post Modern Theol","298","","False","B","3","O","20033","Research","2003"
"0000007374","1.0","0000001239","REL","1","0","0","0","1","","Stoltzfus, Philip E.","{'fsnum': '13278', 'name': 'Stoltzfus, Philip E.'}","200","","","","","","IS/Liberation Theol","298","","False","C","3","O","20033","Research","2003"
"0000007375","1.0","0000001239","REL","1","0","0","0","1","","Poehlmann, William","{'fsnum': '6381', 'name': 'Poehlmann, William'}","200","","","","","","IS/Sacred Text Study","298","","False","D","3","O","20033","Research","2003"
"0000007376","1.0","0000001241","REL","15","2","5","6","2","BTS-T;WRI","Poehlmann, William","{'fsnum': '6381', 'name': 'Poehlmann, William'}","300","20","","","","","Hist Chr Thought I","302","{'day': 'Mo', 'end': '08:55', 'location': 'BMC 109', 'start': '08:00'};{'day': 'We', 'end': '08:55', 'location': 'BMC 109', 'start': '08:00'};{'day': 'Fr', 'end': '08:55', 'location': 'BMC 109', 'start': '08:00'}","False","","3","O","20033","Research","2003"
"0000007377","1.0","0000001250","REL","9","0","4","1","4","","Odell, Margaret","{'fsnum': '5800', 'name': 'Odell, Margaret'}","300","15","","","","","Bib Sem: Myths of Orig","391","{'day': 'Tu', 'end': '14:45', 'location': 'BMC 109', 'start': '13:20'};{'day': 'Th', 'end': '15:35', 'location': 'BMC 109', 'start': '14:15'}","False","","3","O","20033","Seminar","2003"
"0000007378","1.0","0000001257","REL","1","0","0","0","1","","Rambachan, Anantanand","{'fsnum': '6535', 'name': 'Rambachan, Anantanand'}","300","","","","","","IR/Bhagavad Gita","398","","False","","3","O","20033","Research","2003"
"0000007379","1.0","0000001257","REL","1","0","0","0","1","","Wilson, Charles","{'fsnum': '9090', 'name': 'Wilson, Charles'}","300","","","","","","IR/10th C. Theology","398","","False","A","3","O","20033","Research","2003"
"0000007380","1.0","0000001257","REL","1","0","0","0","1","","Wilson, Charles","{'fsnum': '9090', 'name': 'Wilson, Charles'}","300","","","","","","IR/Contemp Theology","398","","False","B","3","O","20033","Research","2003"
"0000007381","1.0","0000001257","REL","1","0","0","0","1","","Hanson, James","{'fsnum': '3061', 'name': 'Hanson, James'}","300","","","","","","IR/Jesus: God Or Man?","398","","False","C","3","O","20033","Research","2003"
"0000007382","1.0","0000001257","REL","1","0","0","0","1","","Santurri, Edmund","{'fsnum': '7020', 'name': 'Santurri, Edmund'}","300","","","","","","IR/Rel/Dostoevsky","398","","False","D","3","O","20033","Research","2003"
"0000007383","1.0","0000001258","REL","15","0","3","0","12","WRI","Galbraith, Elizabeth C.","{'fsnum': '14954', 'name': 'Galbraith, Elizabeth C.'}","300","15","","","","","Th Sem: Holocaust","399","{'day': 'Mo', 'end': '11:40', 'location': 'BMC 109', 'start': '10:45'};{'day': 'We', 'end': '11:40', 'location': 'BMC 109', 'start': '10:45'};{'day': 'Fr', 'end': '11:40', 'location': 'BMC 109', 'start': '10:45'}","False","","3","C","20033","Seminar","2003"
"0000007384","1.0","0000001261","RUSSN","13","8","0","4","1","","Robinson, Marc","{'fsnum': '6710', 'name': 'Robinson, Marc'}","100","10","","","","","Beginning Russian II","112","{'day': 'Mo', 'end': '12:45', 'location': 'OM 011', 'start': '23:50'};{'day': 'We', 'end': '12:45', 'location': 'OM 011', 'start': '23:50'};{'day': 'Fr', 'end': '12:45', 'location': 'OM 011', 'start': '23:50'};{'day': 'Tu', 'end': '12:45', 'location': 'OM 004', 'start': '23:50'}","False","A","3","C","20033","Research","2003"
"0000007385","1.0","0000001261","RUSSN","7","3","1","3","0","","Robinson, Marc","{'fsnum': '6710', 'name': 'Robinson, Marc'}","100","10","","","","","Beginning Russian II","112","{'day': 'Mo', 'end': '14:55', 'location': 'OM 035', 'start': '14:00'};{'day': 'We', 'end': '14:55', 'location': 'OM 035', 'start': '14:00'};{'day': 'Fr', 'end': '14:55', 'location': 'OM 035', 'start': '14:00'};{'day': 'Tu', 'end': '12:45', 'location': 'OM 004', 'start': '23:50'}","False","B","3","O","20033","Research","2003"
"0000007386","1.0","0000001261","RUSSN","4","4","0","0","0","","Robinson, Marc","{'fsnum': '6710', 'name': 'Robinson, Marc'}","100","10","","","","","Beginning Russian II","112","{'day': 'Mo', 'end': '12:45', 'location': 'OM 011', 'start': '23:50'};{'day': 'We', 'end': '12:45', 'location': 'OM 011', 'start': '23:50'};{'day': 'Fr', 'end': '12:45', 'location': 'OM 011', 'start': '23:50'};{'day': 'Tu', 'end': '14:55', 'location': 'OM 003', 'start': '14:00'}","False","C","3","O","20033","Research","2003"
"0000007387","1.0","0000001261","RUSSN","3","1","0","0","2","","Robinson, Marc","{'fsnum': '6710', 'name': 'Robinson, Marc'}","100","10","","","","","Beginning Russian II","112","{'day': 'Mo', 'end': '14:55', 'location': 'OM 035', 'start': '14:00'};{'day': 'We', 'end': '14:55', 'location': 'OM 035', 'start': '14:00'};{'day': 'Fr', 'end': '14:55', 'location': 'OM 035', 'start': '14:00'};{'day': 'Tu', 'end': '14:55', 'location': 'OM 003', 'start': '14:00'}","False","D","3","O","20033","Research","2003"
"0000007388","1.0","0000001266","RUSSN","12","1","2","9","0","FOL-R","Walter, Irina","{'fsnum': '8888', 'name': 'Walter, Irina'}","200","15","","","","","Intermed Russian II","232","{'day': 'Mo', 'end': '12:45', 'location': 'OM 031', 'start': '23:50'};{'day': 'We', 'end': '12:45', 'location': 'OM 031', 'start': '23:50'};{'day': 'Fr', 'end': '12:45', 'location': 'OM 031', 'start': '23:50'};{'day': 'Tu', 'end': '12:45', 'location': 'OM 002', 'start': '23:50'}","False","","3","O","20033","Research","2003"
"0000007389","1.0","0000001270","RUSSN","8","0","6","0","2","FOL-R","Walter, Irina","{'fsnum': '8888', 'name': 'Walter, Irina'}","200","15","","","","","Russ Culture & Civ","254","{'day': 'Mo', 'end': '13:50', 'location': 'OM 003', 'start': '12:55'};{'day': 'We', 'end': '13:50', 'location': 'OM 003', 'start': '12:55'};{'day': 'Fr', 'end': '13:50', 'location': 'OM 003', 'start': '12:55'}","False","","3","O","20033","Research","2003"
"0000007390","1.0","0000001277","RUSSN","16","0","0","6","10","WRI","Robinson, Marc","{'fsnum': '6710', 'name': 'Robinson, Marc'}","300","20","","","","","Dostoevsky-Tr","371","{'day': 'Mo', 'end': '11:40', 'location': 'OM 011', 'start': '10:45'};{'day': 'We', 'end': '11:40', 'location': 'OM 011', 'start': '10:45'};{'day': 'Fr', 'end': '11:40', 'location': 'OM 011', 'start': '10:45'}","False","","3","O","20033","Research","2003"
"0000007391","1.0","0000001278","RUSSN","8","0","1","0","7","FOL-R;ORC","Walter, Irina","{'fsnum': '8888', 'name': 'Walter, Irina'}","300","10","","","","","The Russian Press","372","{'day': 'Mo', 'end': '14:55', 'location': 'OM 003', 'start': '14:00'};{'day': 'We', 'end': '14:55', 'location': 'OM 003', 'start': '14:00'};{'day': 'Fr', 'end': '14:55', 'location': 'OM 003', 'start': '14:00'}","False","","3","O","20033","Research","2003"
"0000007392","1.0","0000001283","RUSST","1","0","0","0","1","","Robinson, Marc","{'fsnum': '6710', 'name': 'Robinson, Marc'}","200","","","","","","IS/Beyond Perestrolka","298","","False","","3","O","20033","Research","2003"
"0000007393","1.0","0000001289","SOAN","32","11","8","9","4","HBS;MCS-D","Thaden-Koch, Brooke","{'fsnum': '16540', 'name': 'Thaden-Koch, Brooke'}","100","25","2","5","2","5","Intro to Sociology","121","{'day': 'Mo', 'end': '13:50', 'location': 'SC 170', 'start': '12:55'};{'day': 'We', 'end': '13:50', 'location': 'SC 170', 'start': '12:55'};{'day': 'Fr', 'end': '13:50', 'location': 'SC 170', 'start': '12:55'}","False","","3","C","20033","Research","2003"
"0000007394","1.0","0000001294","SOAN","26","8","4","8","6","HBS;MCS-G","Williamson, Thomas A.","{'fsnum': '14223', 'name': 'Williamson, Thomas A.'}","100","25","","5","","5","Int/Cult Anthropology","128","{'day': 'Mo', 'end': '10:00', 'location': 'OM 031', 'start': '09:05'};{'day': 'We', 'end': '10:00', 'location': 'OM 031', 'start': '09:05'};{'day': 'Fr', 'end': '10:00', 'location': 'OM 031', 'start': '09:05'}","False","A","3","C","20033","Research","2003"
"0000007395","1.0","0000001294","SOAN","24","4","4","9","7","HBS;MCS-G","Williamson, Thomas A.","{'fsnum': '14223', 'name': 'Williamson, Thomas A.'}","100","25","","5","","5","Int/Cult Anthropology","128","{'day': 'Mo', 'end': '11:40', 'location': 'OM 030', 'start': '10:45'};{'day': 'We', 'end': '11:40', 'location': 'OM 030', 'start': '10:45'};{'day': 'Fr', 'end': '11:40', 'location': 'OM 030', 'start': '10:45'}","False","B","3","C","20033","Research","2003"
"0000007396","1.0","0000001294","SOAN","26","17","1","6","2","HBS;MCS-G","Chiappari, Chris L.","{'fsnum': '10036', 'name': 'Chiappari, Chris L.'}","100","25","","","","","Int/Cult Anthropology","128","{'day': 'Tu', 'end': '09:25', 'location': 'HH 413', 'start': '08:00'};{'day': 'Th', 'end': '09:20', 'location': 'HH 413', 'start': '08:00'}","False","C","3","C","20033","Research","2003"
"0000007397","1.0","0000001301","SOAN","17","0","2","4","11","HBS;MCS-G","Peterson, Samiha","{'fsnum': '6309', 'name': 'Peterson, Samiha'}","200","25","","","","","The Arab World","236","{'day': 'Tu', 'end': '13:10', 'location': 'HH 403', 'start': '23:45'};{'day': 'Th', 'end': '14:05', 'location': 'HH 403', 'start': '12:45'}","False","A","3","C","20033","Research","2003"
"0000007398","1.0","0000001301","SOAN","19","3","1","7","8","HBS;MCS-G","Peterson, Samiha","{'fsnum': '6309', 'name': 'Peterson, Samiha'}","200","25","","","","","The Arab World","236","{'day': 'Tu', 'end': '14:45', 'location': 'HH 403', 'start': '13:20'};{'day': 'Th', 'end': '15:35', 'location': 'HH 403', 'start': '14:15'}","False","B","3","O","20033","Research","2003"
"0000007399","1.0","0000001303","SOAN","24","7","3","7","7","HBS;MCS-G","Williamson, Thomas A.","{'fsnum': '14223', 'name': 'Williamson, Thomas A.'}","200","25","","","","","Contemp Issue/SE Asia","239","{'day': 'Mo', 'end': '13:50', 'location': 'HH 317', 'start': '12:55'};{'day': 'We', 'end': '13:50', 'location': 'HH 317', 'start': '12:55'};{'day': 'Fr', 'end': '13:50', 'location': 'HH 317', 'start': '12:55'}","False","","3","O","20033","Research","2003"
"0000007400","1.0","0000001305","SOAN","24","7","6","4","7","MCS-D","Chiappari, Chris L.","{'fsnum': '10036', 'name': 'Chiappari, Chris L.'}","200","25","","","","","Social Movements","243","{'day': 'Tu', 'end': '14:45', 'location': 'OM 001', 'start': '13:20'};{'day': 'Th', 'end': '15:35', 'location': 'OM 001', 'start': '14:15'}","False","","3","C","20033","Research","2003"
"0000007401","1.0","0000001309","SOAN","28","3","12","3","10","HBS;MCS-G","Anderson, Carolyn","{'fsnum': '179', 'name': 'Anderson, Carolyn'}","200","25","","","","","Indigenous Cultures","249","{'day': 'Mo', 'end': '10:00', 'location': 'HH 403', 'start': '09:05'};{'day': 'We', 'end': '10:00', 'location': 'HH 403', 'start': '09:05'};{'day': 'Fr', 'end': '10:00', 'location': 'HH 403', 'start': '09:05'}","False","A","3","C","20033","Research","2003"
"0000007402","1.0","0000001309","SOAN","21","4","5","9","3","HBS;MCS-G","Anderson, Carolyn","{'fsnum': '179', 'name': 'Anderson, Carolyn'}","200","25","","","","","Indigenous Cultures","249","{'day': 'Mo', 'end': '12:45', 'location': 'TB 227', 'start': '23:50'};{'day': 'We', 'end': '12:45', 'location': 'TB 227', 'start': '23:50'};{'day': 'Fr', 'end': '12:45', 'location': 'TB 227', 'start': '23:50'}","False","B","3","O","20033","Research","2003"
"0000007403","1.0","0000001310","SOAN","24","0","2","5","17","HBS;MCS-D","Thaden-Koch, Brooke","{'fsnum': '16540', 'name': 'Thaden-Koch, Brooke'}","200","25","","","","","Marriage & the Family","260","{'day': 'Tu', 'end': '13:10', 'location': 'SC 278', 'start': '23:45'};{'day': 'Th', 'end': '14:05', 'location': 'SC 278', 'start': '12:45'}","False","A","3","C","20033","Research","2003"
"0000007404","1.0","0000001310","SOAN","27","7","7","10","3","HBS;MCS-D","Thaden-Koch, Brooke","{'fsnum': '16540', 'name': 'Thaden-Koch, Brooke'}","200","25","","","","","Marriage & the Family","260","{'day': 'Tu', 'end': '14:45', 'location': 'SC 278', 'start': '13:20'};{'day': 'Th', 'end': '15:35', 'location': 'SC 278', 'start': '14:15'}","False","B","3","C","20033","Research","2003"
"0000007405","1.0","0000001311","SOAN","31","1","12","4","14","HBS;MCS-G","Nordstrom-Loeb, Bruce","{'fsnum': '5728', 'name': 'Nordstrom-Loeb, Bruce'}","200","25","","","","","Gender/X-Cult/Perspec","261","{'day': 'Mo', 'end': '14:55', 'location': 'BMC 111', 'start': '14:00'};{'day': 'We', 'end': '14:55', 'location': 'BMC 111', 'start': '14:00'};{'day': 'Fr', 'end': '14:55', 'location': 'BMC 111', 'start': '14:00'}","False","","3","C","20033","Research","2003"
"0000007406","1.0","0000001312","SOAN","23","1","8","10","4","HBS","Chiappari, Chris L.","{'fsnum': '10036', 'name': 'Chiappari, Chris L.'}","200","25","","","","","Rel, Culture, Society","265","{'day': 'Tu', 'end': '11:00', 'location': 'OM 031', 'start': '09:35'};{'day': 'Th', 'end': '10:50', 'location': 'OM 031', 'start': '09:30'}","False","","3","O","20033","Research","2003"
"0000007407","1.0","0000001313","SOAN","14","0","6","7","1","HWC","Peterson, Samiha","{'fsnum': '6309', 'name': 'Peterson, Samiha'}","200","25","","","","","Sociological Theory","291","{'day': 'Tu', 'end': '09:25', 'location': 'HH 515', 'start': '08:00'};{'day': 'Th', 'end': '09:20', 'location': 'HH 515', 'start': '08:00'}","False","","3","O","20033","Research","2003"
"0000007408","1.0","0000001316","SOAN","1","0","0","0","1","","Anderson, Carolyn","{'fsnum': '179', 'name': 'Anderson, Carolyn'}","200","","","","","","IS/Ojibwe Museums","298","","False","","3","O","20033","Research","2003"
"0000007409","1.0","0000001316","SOAN","1","0","0","0","1","","Williamson, Thomas A.","{'fsnum': '14223', 'name': 'Williamson, Thomas A.'}","200","","","","","","IS/Changing the World","298","","False","A","3","O","20033","Research","2003"
"0000007410","1.0","0000001318","SOAN","14","0","10","0","4","WRI","Anderson, Carolyn","{'fsnum': '179', 'name': 'Anderson, Carolyn'}","300","25","","","","","Ethnograph Rsch Meth","373","{'day': 'Mo', 'end': '14:55', 'location': 'HH 515', 'start': '14:00'};{'day': 'We', 'end': '14:55', 'location': 'HH 515', 'start': '14:00'};{'day': 'Fr', 'end': '14:55', 'location': 'HH 515', 'start': '14:00'}","False","","3","O","20033","Research","2003"
"0000007411","1.0","0000001320","SOAN","1","0","0","0","1","","Chiappari, Chris L.","{'fsnum': '10036', 'name': 'Chiappari, Chris L.'}","300","","","","","","IR/Immigrant Labor-MN","398","","False","","3","O","20033","Research","2003"
"0000007412","1.0","0000001321","SOAN","18","0","0","0","18","EIN","Nordstrom-Loeb, Bruce","{'fsnum': '5728', 'name': 'Nordstrom-Loeb, Bruce'}","300","25","","","","","Soc/Anthro and Ethics","399","{'day': 'Mo', 'end': '12:45', 'location': 'HH 514', 'start': '23:50'};{'day': 'We', 'end': '12:45', 'location': 'HH 514', 'start': '23:50'};{'day': 'Fr', 'end': '12:45', 'location': 'HH 514', 'start': '23:50'}","False","","3","O","20033","Research","2003"
"0000007413","1.0","0000001324","SPAN","13","6","3","1","3","","Olson, Barbara","{'fsnum': '15750', 'name': 'Olson, Barbara'}","100","18","","","","","Beginning Spanish I","111","{'day': 'Mo', 'end': '12:45', 'location': 'OM 020', 'start': '23:50'};{'day': 'We', 'end': '12:45', 'location': 'OM 020', 'start': '23:50'};{'day': 'Fr', 'end': '12:45', 'location': 'OM 020', 'start': '23:50'}","False","","3","O","20033","Research","2003"
"0000007414","1.0","0000001325","SPAN","15","8","0","4","3","","McClanahan, Joseph","{'fsnum': '15807', 'name': 'McClanahan, Joseph'}","100","16","","","","","Beginning Spanish II","112","{'day': 'Mo', 'end': '13:50', 'location': 'OM 020', 'start': '12:55'};{'day': 'We', 'end': '13:50', 'location': 'OM 020', 'start': '12:55'};{'day': 'Fr', 'end': '13:50', 'location': 'OM 020', 'start': '12:55'}","False","A","3","O","20033","Research","2003"
"0000007415","1.0","0000001325","SPAN","16","10","3","0","3","","McClanahan, Joseph","{'fsnum': '15807', 'name': 'McClanahan, Joseph'}","100","16","","","","","Beginning Spanish II","112","{'day': 'Mo', 'end': '08:55', 'location': 'OM 020', 'start': '08:00'};{'day': 'We', 'end': '08:55', 'location': 'OM 020', 'start': '08:00'};{'day': 'Fr', 'end': '08:55', 'location': 'OM 020', 'start': '08:00'}","False","B","3","C","20033","Research","2003"
"0000007416","1.0","0000001326","SPAN","18","14","1","0","3","","Narváez, León","{'fsnum': '5471', 'name': 'Narváez, León'}","200","22","","","","","Intermed Spanish I","231","{'day': 'Mo', 'end': '10:00', 'location': 'OM 020', 'start': '09:05'};{'day': 'We', 'end': '10:00', 'location': 'OM 020', 'start': '09:05'};{'day': 'Fr', 'end': '10:00', 'location': 'OM 020', 'start': '09:05'}","False","B","3","C","20033","Research","2003"
"0000007417","1.0","0000001326","SPAN","19","7","2","9","1","","Lynd, Juliet A.","{'fsnum': '13139', 'name': 'Lynd, Juliet A.'}","200","22","","","","","Intermed Spanish I","231","{'day': 'Mo', 'end': '11:40', 'location': 'OM 020', 'start': '10:45'};{'day': 'We', 'end': '11:40', 'location': 'OM 020', 'start': '10:45'};{'day': 'Fr', 'end': '11:40', 'location': 'OM 020', 'start': '10:45'}","False","C","3","C","20033","Research","2003"
"0000007418","1.0","0000001326","SPAN","25","19","1","1","4","","Barnes-Karol, Gwen","{'fsnum': '332', 'name': 'Barnes-Karol, Gwen'}","200","26","","","","","Intermed Spanish I","231","{'day': 'Mo', 'end': '12:45', 'location': 'OM 030', 'start': '23:50'};{'day': 'We', 'end': '12:45', 'location': 'OM 030', 'start': '23:50'};{'day': 'Fr', 'end': '12:45', 'location': 'OM 030', 'start': '23:50'}","False","D","3","C","20033","Research","2003"
"0000007419","1.0","0000001326","SPAN","22","18","0","3","1","","Lynd, Juliet A.","{'fsnum': '13139', 'name': 'Lynd, Juliet A.'}","200","20","","","","","Intermed Spanish I","231","{'day': 'Mo', 'end': '13:50', 'location': 'OM 020', 'start': '12:55'};{'day': 'We', 'end': '13:50', 'location': 'OM 020', 'start': '12:55'};{'day': 'Fr', 'end': '13:50', 'location': 'OM 020', 'start': '12:55'}","False","E","3","C","20033","Research","2003"
"0000007420","1.0","0000001327","SPAN","16","13","0","0","3","FOL-S;MCS-D","Odd, Joan","{'fsnum': '5798', 'name': 'Odd, Joan'}","200","22","","","","","Intermed Spanish II","232","{'day': 'Mo', 'end': '10:00', 'location': 'OM 021', 'start': '09:05'};{'day': 'We', 'end': '10:00', 'location': 'OM 021', 'start': '09:05'};{'day': 'Fr', 'end': '10:00', 'location': 'OM 021', 'start': '09:05'}","False","A","3","C","20033","Research","2003"
"0000007421","1.0","0000001327","SPAN","21","18","0","1","2","FOL-S;MCS-D","Odd, Joan","{'fsnum': '5798', 'name': 'Odd, Joan'}","200","22","","","","","Intermed Spanish II","232","{'day': 'Mo', 'end': '11:40', 'location': 'OM 021', 'start': '10:45'};{'day': 'We', 'end': '11:40', 'location': 'OM 021', 'start': '10:45'};{'day': 'Fr', 'end': '11:40', 'location': 'OM 021', 'start': '10:45'}","False","B","3","C","20033","Research","2003"
"0000007422","1.0","0000001327","SPAN","21","16","1","2","2","FOL-S;MCS-D","Odd, Joan","{'fsnum': '5798', 'name': 'Odd, Joan'}","200","22","","","","","Intermed Spanish II","232","{'day': 'Mo', 'end': '12:45', 'location': 'OM 021', 'start': '23:50'};{'day': 'We', 'end': '12:45', 'location': 'OM 021', 'start': '23:50'};{'day': 'Fr', 'end': '12:45', 'location': 'OM 021', 'start': '23:50'}","False","C","3","C","20033","Research","2003"
"0000007423","1.0","0000001327","SPAN","21","14","1","3","3","FOL-S;MCS-D","Cropsey, Kris A.","{'fsnum': '14153', 'name': 'Cropsey, Kris A.'}","200","22","","","","","Intermed Spanish II","232","{'day': 'Tu', 'end': '09:25', 'location': 'OM 020', 'start': '08:00'};{'day': 'Th', 'end': '09:20', 'location': 'OM 020', 'start': '08:00'}","False","D","3","C","20033","Research","2003"
"0000007424","1.0","0000001327","SPAN","23","10","2","8","3","FOL-S;MCS-D","Cropsey, Kris A.","{'fsnum': '14153', 'name': 'Cropsey, Kris A.'}","200","18","","","","","Intermed Spanish II","232","{'day': 'Tu', 'end': '11:00', 'location': 'OM 020', 'start': '09:35'};{'day': 'Th', 'end': '10:50', 'location': 'OM 020', 'start': '09:30'}","False","E","3","C","20033","Research","2003"
"0000007425","1.0","0000001327","SPAN","25","18","2","2","3","FOL-S;MCS-D","Odd, Joan","{'fsnum': '5798', 'name': 'Odd, Joan'}","200","22","","","","","Intermed Spanish II","232","{'day': 'Tu', 'end': '13:10', 'location': 'OM 020', 'start': '23:45'};{'day': 'Th', 'end': '14:05', 'location': 'OM 020', 'start': '12:45'}","False","F","3","C","20033","Research","2003"
"0000007426","1.0","0000001327","SPAN","24","22","0","0","2","FOL-S;MCS-D","McClanahan, Joseph","{'fsnum': '15807', 'name': 'McClanahan, Joseph'}","200","22","","","","","Intermed Spanish II","232","{'day': 'Tu', 'end': '14:45', 'location': 'OM 021', 'start': '13:20'};{'day': 'Th', 'end': '15:35', 'location': 'OM 021', 'start': '14:15'}","False","G","3","C","20033","Research","2003"
"0000007427","1.0","0000001331","SPAN","24","16","0","6","2","FOL-S","Barnes-Karol, Gwen","{'fsnum': '332', 'name': 'Barnes-Karol, Gwen'}","200","26","","","","","Cult & Civ of Spain","251","{'day': 'Tu', 'end': '13:10', 'location': 'OM 021', 'start': '23:45'};{'day': 'Th', 'end': '14:05', 'location': 'OM 021', 'start': '12:45'}","False","","3","O","20033","Research","2003"
"0000007428","1.0","0000001332","SPAN","15","4","1","10","0","FOL-S","Lynd, Juliet A.","{'fsnum': '13139', 'name': 'Lynd, Juliet A.'}","200","38","","","","","Cult & Civ of Lat Am","254","{'day': 'Mo', 'end': '14:55', 'location': 'OM 021', 'start': '14:00'};{'day': 'We', 'end': '14:55', 'location': 'OM 021', 'start': '14:00'};{'day': 'Fr', 'end': '14:55', 'location': 'OM 021', 'start': '14:00'}","False","A","3","C","20033","Research","2003"
"0000007429","1.0","0000001332","SPAN","13","3","1","8","1","FOL-S","Narváez, León","{'fsnum': '5471', 'name': 'Narváez, León'}","200","","","","","","Cult & Civ of Lat Am","254","{'day': 'Mo', 'end': '14:55', 'location': 'OM 030', 'start': '14:00'};{'day': 'We', 'end': '14:55', 'location': 'OM 030', 'start': '14:00'};{'day': 'Fr', 'end': '14:55', 'location': 'OM 030', 'start': '14:00'}","False","B","3","C","20033","Research","2003"
"0000007430","1.0","0000001333","SPAN","28","1","4","16","7","FOL-S","Broner, Maggie","{'fsnum': '792', 'name': 'Broner, Maggie'}","200","25","","","","","Hispanic Linguistics","261","{'day': 'Mo', 'end': '13:50', 'location': 'OM 021', 'start': '12:55'};{'day': 'We', 'end': '13:50', 'location': 'OM 021', 'start': '12:55'};{'day': 'Fr', 'end': '13:50', 'location': 'OM 021', 'start': '12:55'}","False","","3","C","20033","Research","2003"
"0000007431","1.0","0000001352","SPAN","11","0","3","1","7","ALS-L;FOL-S","Strichartz, Ariel","{'fsnum': '14955', 'name': 'Strichartz, Ariel'}","300","25","","","","","Lat Am Lit to 1940","387","{'day': 'Tu', 'end': '11:00', 'location': 'OM 021', 'start': '09:35'};{'day': 'Th', 'end': '10:50', 'location': 'OM 021', 'start': '09:30'}","False","","3","O","20033","Research","2003"
"0000007455","1.0","0000001402","STAT","26","2","4","16","4","MAR","Ericksen, Gerald","{'fsnum': '1861', 'name': 'Ericksen, Gerald'}","100","25","","","","","Prin of Statistics","110","{'day': 'Mo', 'end': '08:55', 'location': 'RML 477', 'start': '08:00'};{'day': 'We', 'end': '08:55', 'location': 'RML 477', 'start': '08:00'};{'day': 'Fr', 'end': '08:55', 'location': 'RML 477', 'start': '08:00'}","False","A","3","C","20033","Research","2003"
"0000007456","1.0","0000001402","STAT","29","5","9","9","6","MAR","Bailey, Randy","{'fsnum': '15828', 'name': 'Bailey, Randy'}","100","25","","","","","Prin of Statistics","110","{'day': 'Mo', 'end': '12:45', 'location': 'SC 129', 'start': '23:50'};{'day': 'We', 'end': '12:45', 'location': 'SC 129', 'start': '23:50'};{'day': 'Fr', 'end': '12:45', 'location': 'SC 129', 'start': '23:50'}","False","B","3","C","20033","Research","2003"
"0000007457","1.0","0000001402","STAT","30","5","6","14","5","MAR","Wallace, Martha","{'fsnum': '8879', 'name': 'Wallace, Martha'}","100","25","","","","","Prin of Statistics","110","{'day': 'Mo', 'end': '11:50', 'location': 'RML 477', 'start': '10:45'};{'day': 'We', 'end': '11:50', 'location': 'RML 477', 'start': '10:45'};{'day': 'Fr', 'end': '11:50', 'location': 'RML 477', 'start': '10:45'}","False","C","3","C","20033","Research","2003"
"0000007458","1.0","0000001403","STAT","27","6","2","15","4","MAR","Legler, Julie M.","{'fsnum': '14114', 'name': 'Legler, Julie M.'}","200","25","","","","","Statistics for Science","212","{'day': 'Mo', 'end': '13:50', 'location': 'SC 184', 'start': '12:55'};{'day': 'We', 'end': '13:50', 'location': 'SC 184', 'start': '12:55'};{'day': 'Fr', 'end': '13:50', 'location': 'SC 184', 'start': '12:55'}","False","A","3","C","20033","Research","2003"
"0000007459","1.0","0000001403","STAT","26","9","1","10","6","MAR","Chance, Beth","{'fsnum': '15862', 'name': 'Chance, Beth'}","200","25","","","","","Statistics for Science","212","{'day': 'Mo', 'end': '15:25', 'location': 'SC 184', 'start': '14:00'};{'day': 'We', 'end': '15:25', 'location': 'SC 184', 'start': '14:00'}","False","B","3","C","20033","Research","2003"
"0000007460","1.0","0000001404","STAT","16","0","11","4","1","","Fitzgerald, Terry J.","{'fsnum': '14049', 'name': 'Fitzgerald, Terry J.'}","200","30","","","","","Stat Problem Solving","263","{'day': 'Mo', 'end': '12:45', 'location': 'SC 282', 'start': '23:50'};{'day': 'We', 'end': '12:45', 'location': 'SC 282', 'start': '23:50'};{'day': 'Fr', 'end': '12:45', 'location': 'SC 282', 'start': '23:50'}","False","A","3","O","20033","Research","2003"
"0000007461","1.0","0000001404","STAT","17","0","8","8","1","","Fitzgerald, Terry J.","{'fsnum': '14049', 'name': 'Fitzgerald, Terry J.'}","200","30","","","","","Stat Problem Solving","263","{'day': 'Mo', 'end': '13:50', 'location': 'SC 282', 'start': '12:55'};{'day': 'We', 'end': '13:50', 'location': 'SC 282', 'start': '12:55'};{'day': 'Fr', 'end': '13:50', 'location': 'SC 282', 'start': '12:55'}","False","B","3","O","20033","Research","2003"
"0000007462","1.0","0000001406","STAT","6","0","0","0","6","","Roback, Paul J.","{'fsnum': '15751', 'name': 'Roback, Paul J.'}","200","25","","","","","Design of Experiments","266","{'day': 'Tu', 'end': '11:00', 'location': 'SC 184', 'start': '09:35'};{'day': 'Th', 'end': '10:50', 'location': 'SC 184', 'start': '09:30'}","False","","3","O","20033","Research","2003"
"0000007463","1.0","0000001414","STAT","1","0","0","0","1","","Roback, Paul J.","{'fsnum': '15751', 'name': 'Roback, Paul J.'}","300","","","","","","IR/Missing Data-Stats","398","","False","","3","O","20033","Research","2003"
"0000007432","1.0","0000001363","SWRK","22","0","11","4","7","HBS","Carlsen, Mary","{'fsnum': '938', 'name': 'Carlsen, Mary'}","200","35","0","21","5","10","Social Policy","258","{'day': 'Mo', 'end': '12:45', 'location': 'HH 317', 'start': '23:50'};{'day': 'We', 'end': '12:45', 'location': 'HH 317', 'start': '23:50'};{'day': 'Fr', 'end': '12:45', 'location': 'HH 317', 'start': '23:50'}","False","","3","C","20033","Research","2003"
"0000007433","1.0","0000001364","SWRK","9","0","9","0","0","","Lennox, Naurine","{'fsnum': '4761', 'name': 'Lennox, Naurine'}","200","20","","","","","Social Work Methds II","261","{'day': 'Tu', 'end': '11:00', 'location': 'HH 516', 'start': '09:35'};{'day': 'Th', 'end': '10:50', 'location': 'HH 516', 'start': '09:30'}","False","","3","O","20033","Research","2003"
"0000007434","1.0","0000001365","SWRK","11","0","9","1","1","","Overvoorde, Charlynn","{'fsnum': '15001', 'name': 'Overvoorde, Charlynn'}","200","20","","","","","Eval/Sw Practice/Prog","274","{'day': 'Tu', 'end': '13:10', 'location': 'SC 130', 'start': '23:45'};{'day': 'Th', 'end': '14:05', 'location': 'SC 130', 'start': '12:45'}","False","","3","O","20033","Research","2003"
"0000007435","1.0","0000001366","SWRK","1","0","0","0","1","","Carlsen, Mary","{'fsnum': '938', 'name': 'Carlsen, Mary'}","200","","","","","","Academic Internship","294","","True","","3","O","20033","Research","2003"
"0000007436","1.0","0000001371","SWRK","14","0","0","0","14","","Carlsen, Mary","{'fsnum': '938', 'name': 'Carlsen, Mary'}","300","20","","","","","Social Worker as Prof","381","{'day': 'Tu', 'end': '13:10', 'location': 'OM 030', 'start': '23:45'};{'day': 'Th', 'end': '14:05', 'location': 'OM 030', 'start': '12:45'}","False","","3","O","20033","Research","2003"
"0000007437","1.0","0000001374","THEAT","22","0","9","0","13","ALS-A;ORC","Wollenberg, Andrea","{'fsnum': '15854', 'name': 'Wollenberg, Andrea'}","100","20","","","","","Oral Interpretation","100","{'day': 'Mo', 'end': '12:45', 'location': 'TB 216', 'start': '23:50'};{'day': 'We', 'end': '12:45', 'location': 'TB 216', 'start': '23:50'};{'day': 'Fr', 'end': '12:45', 'location': 'TB 216', 'start': '23:50'}","False","","3","C","20033","Research","2003"
"0000007438","1.0","0000001375","THEAT","52","24","3","10","15","ALS-A","Gisselman, Gary C.","{'fsnum': '10426', 'name': 'Gisselman, Gary C.'}","100","55","","","","","Intro to Theater","110","{'day': 'Mo', 'end': '10:00', 'location': 'CAD 305', 'start': '09:05'};{'day': 'We', 'end': '10:00', 'location': 'CAD 305', 'start': '09:05'};{'day': 'Fr', 'end': '10:00', 'location': 'CAD 305', 'start': '09:05'}","False","","3","O","20033","Research","2003"
"0000007439","1.0","0000001376","THEAT","18","0","2","1","15","ALS-A;ORC","Herrera, Emil","{'fsnum': '15980', 'name': 'Herrera, Emil'}","100","18","","","","","Acting for Non-Majors","115","{'day': 'Tu', 'end': '09:25', 'location': 'TB Haugen', 'start': '08:00'};{'day': 'Th', 'end': '09:20', 'location': 'TB Haugen', 'start': '08:00'}","False","","3","C","20033","Research","2003"
"0000007440","1.0","0000001378","THEAT","21","9","1","5","6","ALS-A;ORC;PHA","Freeman, Dona W.","{'fsnum': '8982', 'name': 'Freeman, Dona W.'}","100","18","","","","","Beginning Acting","130","{'day': 'Tu', 'end': '14:45', 'location': 'TB Haugen', 'start': '13:20'};{'day': 'Th', 'end': '15:35', 'location': 'TB Haugen', 'start': '14:15'}","False","","3","C","20033","Research","2003"
"0000007441","1.0","0000001379","THEAT","19","5","2","2","10","ALS-A","Freeman, Dona W.;McKeel, James","{'fsnum': '8982', 'name': 'Freeman, Dona W.'};{'fsnum': '5210', 'name': 'McKeel, James'}","100","18","","","","","Acting--Lyric Stage","131","{'day': 'Tu', 'end': '13:10', 'location': 'CHM_URNESS', 'start': '23:45'};{'day': 'Th', 'end': '14:05', 'location': 'CHM_URNESS', 'start': '12:45'}","False","","3","C","20033","Research","2003"
"0000007442","1.0","0000001384","THEAT","12","2","3","3","4","","Wollenberg, Andrea","{'fsnum': '15854', 'name': 'Wollenberg, Andrea'}","200","16","","","","","Intermediate Acting","230","{'day': 'Mo', 'end': '10:00', 'location': 'TB Haugen', 'start': '09:05'};{'day': 'We', 'end': '10:00', 'location': 'TB Haugen', 'start': '09:05'};{'day': 'Fr', 'end': '10:00', 'location': 'TB Haugen', 'start': '09:05'}","False","","3","O","20033","Research","2003"
"0000007443","0.25","0000001386","THEAT","21","3","6","7","5","ALS-A","Gisselman, Gary C.","{'fsnum': '10426', 'name': 'Gisselman, Gary C.'}","200","10","","","","","Thtr Prac: Act/Direct","233","","True","","3","C","20033","Research","2003"
"0000007444","1.0","0000001389","THEAT","14","1","5","1","7","","Bjorklund, Brian","{'fsnum': '611', 'name': 'Bjorklund, Brian'}","200","12","","","","","Draw/Paintng/Theatre","252","{'day': 'Mo', 'end': '11:40', 'location': 'TB 42', 'start': '10:45'};{'day': 'We', 'end': '11:40', 'location': 'TB 42', 'start': '10:45'};{'day': 'Fr', 'end': '11:40', 'location': 'TB 42', 'start': '10:45'}","False","","3","C","20033","Research","2003"
"0000007445","0.25","0000001390","THEAT","16","1","1","9","5","ALS-A","Freeman, Dona W.","{'fsnum': '8982', 'name': 'Freeman, Dona W.'}","200","15","","","","","Th Prac: Scenery/Prop","253","","True","","3","C","20033","Research","2003"
"0000007446","1.0","0000001392","THEAT","29","0","11","7","11","ALS-L;HWC","Sonnega, Bill","{'fsnum': '7676', 'name': 'Sonnega, Bill'}","200","25","","","","","Hist/Theat-Since 1700","271","{'day': 'Mo', 'end': '13:50', 'location': 'TB 216', 'start': '12:55'};{'day': 'We', 'end': '13:50', 'location': 'TB 216', 'start': '12:55'};{'day': 'Fr', 'end': '13:50', 'location': 'TB 216', 'start': '12:55'}","False","","3","C","20033","Research","2003"
"0000007447","1.0","0000001395","THEAT","1","0","0","1","0","","Sonnega, Bill","{'fsnum': '7676', 'name': 'Sonnega, Bill'}","200","","","","","","IS/Playwriting","298","","False","","3","O","20033","Research","2003"
"0000007448","1.0","0000001395","THEAT","1","0","0","0","1","","Sonnega, Bill","{'fsnum': '7676', 'name': 'Sonnega, Bill'}","200","","","","","","IS/Producing Theatre","298","","False","A","3","O","20033","Research","2003"
"0000007449","1.0","0000001395","THEAT","1","0","0","0","1","","Gisselman, Gary C.","{'fsnum': '10426', 'name': 'Gisselman, Gary C.'}","200","","","","","","IS/Dir: Shp of Thngs","298","","False","B","3","O","20033","Research","2003"
"0000007450","1.0","0000001395","THEAT","1","0","0","1","0","","Freeman, Dona W.","{'fsnum': '8982', 'name': 'Freeman, Dona W.'}","200","","","","","","IS/Elizabethan Acting","298","","False","C","3","O","20033","Research","2003"
"0000007451","1.0","0000001396","THEAT","17","0","7","2","8","","Gisselman, Gary C.","{'fsnum': '10426', 'name': 'Gisselman, Gary C.'}","300","12","","","","","Adv Stage Direction","338","{'day': 'Tu', 'end': '11:00', 'location': 'TB Haugen', 'start': '09:35'};{'day': 'Th', 'end': '10:50', 'location': 'TB 227', 'start': '09:30'}","False","","3","C","20033","Research","2003"
"0000007452","1.0","0000001401","THEAT","3","0","0","3","0","WRI","Freeman, Dona W.","{'fsnum': '8982', 'name': 'Freeman, Dona W.'}","300","","","","","","IR/Elizabethan Acting","398","","False","","3","O","20033","Research","2003"
"0000007453","1.0","0000001401","THEAT","1","0","0","1","0","WRI","Freeman, Dona W.","{'fsnum': '8982', 'name': 'Freeman, Dona W.'}","300","","","","","","IR/Sinfully Human","398","","False","A","3","O","20033","Research","2003"
"0000007454","1.0","0000001401","THEAT","2","0","0","0","2","","Freeman, Dona W.","{'fsnum': '8982', 'name': 'Freeman, Dona W.'}","300","","","","","","IR/Elizabethan Acting","398","","False","B","3","O","20033","Research","2003"
"0000007503","1.0","0000001476","WMNST","20","1","5","4","10","MCS-D;WRI","LeBlanc, Diane C.","{'fsnum': '13324', 'name': 'LeBlanc, Diane C.'}","100","21","","","","10","Intro Women's Studies","121","{'day': 'Mo', 'end': '12:45', 'location': 'RML 421', 'start': '23:50'};{'day': 'We', 'end': '12:45', 'location': 'RML 421', 'start': '23:50'};{'day': 'Fr', 'end': '12:45', 'location': 'RML 421', 'start': '23:50'}","False","","3","C","20033","Research","2003"
"0000007504","1.0","0000001478","WMNST","1","0","0","0","1","","Booth, David","{'fsnum': '712', 'name': 'Booth, David'}","200","","","","","","IS/Hist & Theo of Fem","298","","False","","3","O","20033","Research","2003"
"0000007505","1.0","0000001481","WMNST","10","0","0","0","10","","Breen, Sheryl D.","{'fsnum': '13316', 'name': 'Breen, Sheryl D.'}","300","15","0","0","0","15","Sem: Women Cross-Cult","399","{'day': 'Tu', 'end': '14:45', 'location': 'HH 514', 'start': '13:20'};{'day': 'Th', 'end': '15:35', 'location': 'HH 514', 'start': '14:15'}","False","","3","C","20033","Seminar","2003"

