"clbid","credits","crsid","department","description","enrolled","enrollment_fy","enrollment_jr","enrollment_so","enrollment_sr","gereqs","instructors","instructors_full","level","max","max_fy","max_jr","max_so","max_sr","name","notes","number","offerings","pn","prerequisites","section","semester","status","term","title","type","year"
"0000078476","1.0","0000018612","AFAM","","0","0","0","0","0","","Staff","{'fsnum': '', 'name': 'Staff'}","200","","","","","","Academic Internship","","294","","True","","","2","C","20112","","Research","2011"
"0000078673","1.0","0000018613","AFAM","","0","0","0","0","0","","Staff","{'fsnum': '', 'name': 'Staff'}","200","","","","","","IS/","","298","","False","","","2","O","20112","Independent Study","Research","2011"
"0000078477","1.0","0000018614","AFAM","","0","0","0","0","0","","Staff","{'fsnum': '', 'name': 'Staff'}","300","","","","","","Academic Internship","","394","","True","","","2","C","20112","","Research","2011"
"0000078616","1.0","0000018615","AFAM","","0","0","0","0","0","","Staff","{'fsnum': '', 'name': 'Staff'}","300","","","","","","IR/","","398","","False","","","2","O","20112","Independent Research","Research","2011"
"0000078388","1.0","0000000011","AMST","","0","0","0","0","0","","Staff","{'fsnum': '', 'name': 'Staff'}","200","","","","","","Academic Internship","","294","","True","","","2","C","20112","Internship","Research","2011"
"0000078671","1.0","0000000012","AMST","","0","0","0","0","0","","Staff","{'fsnum': '', 'name': 'Staff'}","200","","","","","","IS/","","298","","False","","","2","O","20112","Independent Study","Research","2011"
"0000078473","1.0","0000000014","AMST","","0","0","0","0","0","","Staff","{'fsnum': '', 'name': 'Staff'}","300","","","","","","Academic Internship","","394","","True","","","2","C","20112","Internship","Research","2011"
"0000078614","1.0","0000000015","AMST","","0","0","0","0","0","","Staff","{'fsnum': '', 'name': 'Staff'}","300","","","","","","IR/","","398","","False","","","2","O","20112","Independent Research","Research","2011"
"0000078471","1.0","0000001486","ARMS","","0","0","0","0","0","","Staff","{'fsnum': '', 'name': 'Staff'}","200","","","","","","Academic Internship","","294","","True","","","2","C","20112","","Research","2011"
"0000078670","1.0","0000001487","ARMS","","0","0","0","0","0","","Staff","{'fsnum': '', 'name': 'Staff'}","200","","","","","","IS/","","298","","False","","","2","O","20112","Independent Study","Research","2011"
"0000078472","1.0","0000001488","ARMS","","0","0","0","0","0","","Staff","{'fsnum': '', 'name': 'Staff'}","300","","","","","","Academic Internship","","394","","True","","","2","C","20112","","Research","2011"
"0000078613","1.0","0000001489","ARMS","","0","0","0","0","0","","Staff","{'fsnum': '', 'name': 'Staff'}","300","","","","","","IR/","","398","","False","","","2","O","20112","Independent Research","Research","2011"
"0000080577","1.0","0000020054","ART","This foundation-level studio course introduces the aesthetic, conceptual, and technical foundations of two-dimensional art-making and ways two-dimensional media inform the creation and understanding of art in cultural contexts. Students explore the form and space of two-dimensional images through a wide variety of materials and media. The course emphasizes strategies for idea generation. Students engage in dynamic activity, spirited investigation, and thoughtful creative expression. Materials fee. Offered each semester.","23","10","5","2","6","ALS-A","Griep, Mary","{'fsnum': '2757', 'name': 'Griep, Mary'}","100","22","","","","","Foundation 2-D Media","","102","{'day': 'Mo', 'end': '15:00', 'location': 'CAD 216', 'start': '13:00'};{'day': 'Tu', 'end': '15:00', 'location': 'CAD 216', 'start': '13:00'};{'day': 'We', 'end': '15:00', 'location': 'CAD 216', 'start': '13:00'};{'day': 'Th', 'end': '15:00', 'location': 'CAD 216', 'start': '13:00'};{'day': 'Fr', 'end': '15:00', 'location': 'CAD 216', 'start': '13:00'};{'day': 'Mo', 'end': '10:00', 'location': 'CAD 216', 'start': '09:00'};{'day': 'Tu', 'end': '10:00', 'location': 'CAD 216', 'start': '09:00'};{'day': 'We', 'end': '10:00', 'location': 'CAD 216', 'start': '09:00'};{'day': 'Th', 'end': '10:00', 'location': 'CAD 216', 'start': '09:00'};{'day': 'Fr', 'end': '10:00', 'location': 'CAD 216', 'start': '09:00'};{'day': 'Mo', 'end': '12:00', 'location': 'CAD 216', 'start': '22:40'};{'day': 'Tu', 'end': '12:00', 'location': 'CAD 216', 'start': '22:40'};{'day': 'We', 'end': '12:00', 'location': 'CAD 216', 'start': '22:40'};{'day': 'Th', 'end': '12:00', 'location': 'CAD 216', 'start': '22:40'};{'day': 'Fr', 'end': '12:00', 'location': 'CAD 216', 'start': '22:40'}","False","False","","2","C","20112","Foundation Two-Dimensional Media","Research","2011"
"0000080575","1.0","0000001496","ART","This course introduces students to the ceramic processes of wheel throwing and hand building as means for creating works of art. Students learn terminology and critical approaches to ceramics. Students develop critical skills and the ability to analyze and interpret ceramic art work. Class emphasizes creative approaches to solving visual problems through ceramic work. Slide presentations on contemporary and historical ceramics provide background for assignments and highlight the role of ceramics in various cultural contexts. Materials fee. Offered each semester. Credit will not be given for both Art 121 and Art 207. Counts toward biomedical studies concentration.","17","7","0","0","10","ALS-A","Fisher, Kathryne","{'fsnum': '10981', 'name': 'Fisher, Kathryne'}","200","18","","","","","Ceramics","","207","{'day': 'Mo', 'end': '15:00', 'location': 'CAD 115', 'start': '13:00'};{'day': 'Tu', 'end': '15:00', 'location': 'CAD 115', 'start': '13:00'};{'day': 'We', 'end': '15:00', 'location': 'CAD 115', 'start': '13:00'};{'day': 'Th', 'end': '15:00', 'location': 'CAD 115', 'start': '13:00'};{'day': 'Fr', 'end': '15:00', 'location': 'CAD 115', 'start': '13:00'};{'day': 'Mo', 'end': '10:00', 'location': 'CAD 115', 'start': '09:00'};{'day': 'Tu', 'end': '10:00', 'location': 'CAD 115', 'start': '09:00'};{'day': 'We', 'end': '10:00', 'location': 'CAD 115', 'start': '09:00'};{'day': 'Th', 'end': '10:00', 'location': 'CAD 115', 'start': '09:00'};{'day': 'Fr', 'end': '10:00', 'location': 'CAD 115', 'start': '09:00'};{'day': 'Mo', 'end': '12:00', 'location': 'CAD 115', 'start': '22:40'};{'day': 'Tu', 'end': '12:00', 'location': 'CAD 115', 'start': '22:40'};{'day': 'We', 'end': '12:00', 'location': 'CAD 115', 'start': '22:40'};{'day': 'Th', 'end': '12:00', 'location': 'CAD 115', 'start': '22:40'};{'day': 'Fr', 'end': '12:00', 'location': 'CAD 115', 'start': '22:40'}","False","False","","2","C","20112","","Research","2011"
"0000078491","1.0","0000000044","ART","This course, designed for students who want to heighten their drawing skills, emphasizes using expressive qualities of drawing by investigating various media, techniques, and content. Assignments are both traditional and nontraditional within historical and contemporary perspectives. Experimentation is encouraged. Students are encouraged to develop a personal visual language. The course culminates in the production of a series of drawings that relate thematically. Critical thinking and discussion skills are important. Prerequisite: Art 102. Materials fee. Offered annually.","11","2","1","2","6","","Arneson, Wendell","{'fsnum': '276', 'name': 'Arneson, Wendell'}","200","22","","","","","Advanced Drawing","Open to all students who meet the prerequisite.","233","{'day': 'Mo', 'end': '15:00', 'location': 'CAD 214', 'start': '13:00'};{'day': 'Tu', 'end': '15:00', 'location': 'CAD 214', 'start': '13:00'};{'day': 'We', 'end': '15:00', 'location': 'CAD 214', 'start': '13:00'};{'day': 'Th', 'end': '15:00', 'location': 'CAD 214', 'start': '13:00'};{'day': 'Fr', 'end': '15:00', 'location': 'CAD 214', 'start': '13:00'};{'day': 'Mo', 'end': '10:00', 'location': 'CAD 214', 'start': '09:00'};{'day': 'Tu', 'end': '10:00', 'location': 'CAD 214', 'start': '09:00'};{'day': 'We', 'end': '10:00', 'location': 'CAD 214', 'start': '09:00'};{'day': 'Th', 'end': '10:00', 'location': 'CAD 214', 'start': '09:00'};{'day': 'Fr', 'end': '10:00', 'location': 'CAD 214', 'start': '09:00'};{'day': 'Mo', 'end': '12:00', 'location': 'CAD 214', 'start': '22:40'};{'day': 'Tu', 'end': '12:00', 'location': 'CAD 214', 'start': '22:40'};{'day': 'We', 'end': '12:00', 'location': 'CAD 214', 'start': '22:40'};{'day': 'Th', 'end': '12:00', 'location': 'CAD 214', 'start': '22:40'};{'day': 'Fr', 'end': '12:00', 'location': 'CAD 214', 'start': '22:40'}","False","Art 102. Materials fee. Offered annually.","","2","O","20112","","Research","2011"
"0000080578","1.0","0000000047","ART","This course explores video as a creative medium. Students learn basic video production and editing techniques, producing a number of individual and group projects. During the semester students examine a wide variety of videos and films, exploring experimental, documentary, and narrative approaches. The class also considers the history of video art and its relationship to other time-based and static art forms. Prerequisite: Art 104 or Art 117 or permission of the instructor. Materials fee. Offered alternate years. Counts toward film studies concentration.","11","0","3","4","4","ALS-A","Alvarez, Guido","{'fsnum': '21134', 'name': 'Alvarez, Guido'}","200","15","","","","","Video Art Production","","239","{'day': 'Mo', 'end': '15:00', 'location': 'CAD 100', 'start': '21:00'};{'day': 'Tu', 'end': '15:00', 'location': 'CAD 100', 'start': '21:00'};{'day': 'We', 'end': '15:00', 'location': 'CAD 100', 'start': '21:00'};{'day': 'Th', 'end': '15:00', 'location': 'CAD 100', 'start': '21:00'};{'day': 'Fr', 'end': '15:00', 'location': 'CAD 100', 'start': '21:00'}","False","Art 104 or Art 117 or permission of the instructor. Materials fee. Offered alternate years. Counts toward film studies concentration.","","2","O","20112","","Research","2011"
"0000078716","1.0","0000000048","ART","This course provides intensive exposure to career opportunities in: architecture, painting, sculpture, printmaking, ceramics, photography, illustration, video, digital media, and design of all kinds (from toys to exhibitions at the Metropolitan Museum of Art). Working five to seven hours a day, students will interview over 25 artist professionals during the month, visit more than 100 galleries and museums, and write extensively about artists and artwork. This course does not count toward the minimum major in studio art or art history. Prerequisite: Art 253 (preferred) or Art 252. Offered during Interim.","18","0","1","11","6","","Dell, Irve","{'fsnum': '1369', 'name': 'Dell, Irve'}","200","18","","","","","Manhattan Art Interim","This is an off-campus course.","246","","False","Art 253 (preferred) or Art 252. Offered during Interim.","","2","C","20112","Manhattan Interim in New York City","Research","2011"
"0000082195","1.0","0000000050","ART","This lecture course surveys how art (mostly painting and sculpture) in Europe unfolded in remarkable ways relative to values signaled by the French Revolution. The course examines Neo-Classical art as it expresses Enlightenment thinking, the tumultuous Romantic and Realist imagery and times, and ends with Impressionism. Offered periodically during Interim. Open to first-year students.","23","5","2","13","3","ALS-A;HWC","Rohn, Matthew","{'fsnum': '6758', 'name': 'Rohn, Matthew'}","200","30","","","","","Art 1776-1880","","251","{'day': 'Mo', 'end': '12:40', 'location': 'CAD 305', 'start': '22:40'};{'day': 'Tu', 'end': '12:40', 'location': 'CAD 305', 'start': '22:40'};{'day': 'We', 'end': '12:40', 'location': 'CAD 305', 'start': '22:40'};{'day': 'Th', 'end': '12:40', 'location': 'CAD 305', 'start': '22:40'};{'day': 'Fr', 'end': '12:40', 'location': 'CAD 305', 'start': '22:40'}","False","False","","2","O","20112","Art 1776-1880, Revolutionary Art","Research","2011"
"0000078497","1.0","0000000052","ART","This course is an introduction to modern and postmodern art and thought after World War II through a survey of painting, sculpture, and new-media arts. Students learn about celebrated art and artists, major values such as issues of identity informing their work, and ways of analyzing and making sense of newer art. Offered annually. Prerequisite: at least one college art history or studio art course recommended. Counts towards American studies major.","20","4","2","6","8","ALS-A;HWC","Tradowsky, Christopher","{'fsnum': '21187', 'name': 'Tradowsky, Christopher'}","200","30","","","","","Art Since 1945","Open to First-Year Students.","253","{'day': 'Mo', 'end': '15:00', 'location': 'CAD 305', 'start': '13:00'};{'day': 'Tu', 'end': '15:00', 'location': 'CAD 305', 'start': '13:00'};{'day': 'We', 'end': '15:00', 'location': 'CAD 305', 'start': '13:00'};{'day': 'Th', 'end': '15:00', 'location': 'CAD 305', 'start': '13:00'};{'day': 'Fr', 'end': '15:00', 'location': 'CAD 305', 'start': '13:00'}","False","at least one college art history or studio art course recommended. Counts towards American studies major.","","2","O","20112","","Research","2011"
"0000080576","1.0","0000000054","ART","This course is an intensive introduction to the history of the art and architecture of Florence. Through a study of Florence's topography, its built environment, and painted and sculpted imagery, students study the history of Florence from its inception as a Roman colony through the 19th century when Florence was the capital of the newly unified Italian nation. The study of Florence is enriched by travel to other Tuscan cities such as Cortona, Siena, and Lucca. Offered during Interim in alternate years.","21","0","7","3","11","ALS-A","Thompson, Nancy M.","{'fsnum': '13137', 'name': 'Thompson, Nancy M.'}","200","20","","","","","Ital Art in Context","This is an off-campus course.","255","","False","False","","2","C","20112","Italian Art in Context","Research","2011"
"0000078389","1.0","0000000068","ART","","1","0","0","0","1","","Griep, Mary","{'fsnum': '2757', 'name': 'Griep, Mary'}","200","","","","","","Academic Internship","","294","","True","","","2","C","20112","","Research","2011"
"0000078679","1.0","0000000069","ART","Independent Study in studio art prerequisites: four foundation courses and two upper-division courses in area of study.;Independent Study in art history prerequisites: two upper-division courses in area of study.","1","0","1","0","0","","Arneson, Wendell","{'fsnum': '276', 'name': 'Arneson, Wendell'}","200","","","","","","IS/Mixed Media Drawing","","298","","False","False","","2","O","20112","Independent Study","Research","2011"
"0000085438","1.0","0000000069","ART","Independent Study in studio art prerequisites: four foundation courses and two upper-division courses in area of study.;Independent Study in art history prerequisites: two upper-division courses in area of study.","1","0","0","0","1","","Griep, Mary","{'fsnum': '2757', 'name': 'Griep, Mary'}","200","","","","","","IS/Career: Illustration","","298","","False","False","A","2","C","20112","Independent Study","Research","2011"
"0000085541","1.0","0000000069","ART","Independent Study in studio art prerequisites: four foundation courses and two upper-division courses in area of study.;Independent Study in art history prerequisites: two upper-division courses in area of study.","1","0","0","0","1","","Alvarez, Guido","{'fsnum': '21134', 'name': 'Alvarez, Guido'}","200","","","","","","IS/Visual Communications","","298","","False","False","B","2","O","20112","Independent Study","Research","2011"
"0000085560","1.0","0000000069","ART","Independent Study in studio art prerequisites: four foundation courses and two upper-division courses in area of study.;Independent Study in art history prerequisites: two upper-division courses in area of study.","1","0","0","0","1","","Alvarez, Guido","{'fsnum': '21134', 'name': 'Alvarez, Guido'}","200","","","","","","IS/American Roadtrip","","298","","False","False","C","2","O","20112","Independent Study","Research","2011"
"0000078390","1.0","0000000073","ART","","0","0","0","0","0","","Staff","{'fsnum': '', 'name': 'Staff'}","300","","","","","","Academic Internship","","394","","True","","","2","C","20112","","Research","2011"
"0000078633","1.0","0000000075","ART","Independent Research in studio art prerequisites: four foundation courses and three courses in area of study.;Independent Research in art history prerequisites: three courses in area of study.","1","0","0","0","1","","Griep, Mary","{'fsnum': '2757', 'name': 'Griep, Mary'}","300","","","","","","IR/Professional Design","","398","","False","False","","2","O","20112","Independent Research: Art History","Research","2011"
"0000081421","1.0","0000000075","ART","Independent Research in studio art prerequisites: four foundation courses and three courses in area of study.;Independent Research in art history prerequisites: three courses in area of study.","5","0","0","0","5","","Saurer, John","{'fsnum': '7064', 'name': 'Saurer, John'}","300","","","","","","IR/Art Apprenticeship 2","","398","","False","False","A","2","C","20112","Independent Research: Art History","Research","2011"
"0000080709","1.0","0000000261","AS/EC","This course tracks economic development in China with emphasis on Shanghai. The course examines the emergence and evolution of markets in rural, urban, commercial, and financial centers and how the changes affect culture, attitudes, customs, and life of the people. Shanghai will be compared with other Chinese cities, including Nanjing, Suzhou, Hangzhou and Hong Kong. The role of Hong Kong in China's reform and its integration since 1997 is also discussed. Prerequisites: one of Economics 110-121 or permission of instructor. Offered alternate Interims.","30","0","14","7","9","HBS;MCG;MCS-G","Pomponio, Xun","{'fsnum': '6399', 'name': 'Pomponio, Xun'}","200","19","","","","","Econ Progress China","This is an off-campus course.","218","","False","Prerequisites: one of Economics 110-121 or permission of instructor. Offered alternate Interims.","","2","C","20112","Economic Progress in China","Research","2011"
"0000078726","1.0","0000018523","AS/PS","Currents of nationalism, regionalism and globalization organize political life around the world. What trends and policies promote regional integration? What forces frustrate integration? To answer these questions this course investigates security, economic, and cultural relations at the beginning of the 21st century within Asia and between Asia and Russia and the U.S. This course looks at the historical interaction of national, regional and global forces for additional answers. Prerequisite: previous course in Asian studies or political science, or permission of instructor.","15","1","4","7","3","HBS;MCG;MCS-G","Tegtmeyer Pak, Katherine S.","{'fsnum': '15754', 'name': 'Tegtmeyer Pak, Katherine S.'}","200","30","","","","","Nation/Region/Globe/Asia","","245","{'day': 'Mo', 'end': '12:40', 'location': 'HH 403', 'start': '22:40'};{'day': 'Tu', 'end': '12:40', 'location': 'HH 403', 'start': '22:40'};{'day': 'We', 'end': '12:40', 'location': 'HH 403', 'start': '22:40'};{'day': 'Th', 'end': '12:40', 'location': 'HH 403', 'start': '22:40'};{'day': 'Fr', 'end': '12:40', 'location': 'HH 403', 'start': '22:40'}","False","previous course in Asian studies or political science, or permission of instructor.","","2","O","20112","Nationalism, Regionalism, Globalization in Asia","Research","2011"
"0000080657","1.0","0000001303","AS/SA","Southeast Asia is a diverse region, stretching from the sleek high-rises of Singapore to hermetic Rangoon; from Islam to Buddhism; from computer chip manufacture to swidden agriculture. Students read ethnographies, novels, and local histories to better understand Southeast Asian family life, religion, language, and education. Through focusing on the experience of modernity, students examine how Southeast Asians make sense of their group affiliations, their pasts and their futures. The course aims to challenge contemporary understandings of place, entitlement, and home both in Southeast Asia and beyond. Offered annually in the fall or spring semester or during Interim.","24","3","10","7","4","HBS;MCG;MCS-G","Williamson, Thomas A.","{'fsnum': '14223', 'name': 'Williamson, Thomas A.'}","200","25","","","","","Modern Southeast Asia","This course is open to first-year students.                                     ;This course has class-year limits.","239","{'day': 'Mo', 'end': '13:00', 'location': 'HH 317', 'start': '22:40'};{'day': 'Tu', 'end': '13:00', 'location': 'HH 317', 'start': '22:40'};{'day': 'We', 'end': '13:00', 'location': 'HH 317', 'start': '22:40'};{'day': 'Th', 'end': '13:00', 'location': 'HH 317', 'start': '22:40'};{'day': 'Fr', 'end': '13:00', 'location': 'HH 317', 'start': '22:40'}","False","False","","2","C","20112","","Research","2011"
"0000080697","1.0","0000024133","ASIAN","Students learn about Japanese and South Korean culture through the study of film. By watching and discussing a wide variety of films from these countries, students both gain insight into these societies and acquire the skills of critical film analysis. They also consider the implications of viewing subtitled films and explore the use of film as a mode of communication and language acquisition. Offered every other year.","26","8","3","6","9","MCG;MCS-G;ORC","Hoogenboom, Tomoko","{'fsnum': '14072', 'name': 'Hoogenboom, Tomoko'}","100","30","","","","","Japan & Korea thru Films","","144","{'day': 'Mo', 'end': '15:00', 'location': 'TOH 312', 'start': '13:00'};{'day': 'Tu', 'end': '15:00', 'location': 'TOH 312', 'start': '13:00'};{'day': 'We', 'end': '15:00', 'location': 'TOH 312', 'start': '13:00'};{'day': 'Th', 'end': '15:00', 'location': 'TOH 312', 'start': '13:00'};{'day': 'Fr', 'end': '15:00', 'location': 'TOH 312', 'start': '13:00'};{'day': 'Mo', 'end': '12:00', 'location': 'TOH 312', 'start': '22:40'};{'day': 'Tu', 'end': '12:00', 'location': 'TOH 312', 'start': '22:40'};{'day': 'We', 'end': '12:00', 'location': 'TOH 312', 'start': '22:40'};{'day': 'Th', 'end': '12:00', 'location': 'TOH 312', 'start': '22:40'};{'day': 'Fr', 'end': '12:00', 'location': 'TOH 312', 'start': '22:40'}","False","False","","2","O","20112","Japanese and Korean Cultures Through Film","Research","2011"
"0000078499","1.0","0000018780","ASIAN","Students pursue guided fieldwork experience in the country whose language they study, either Japan or China. Activities and readings in this course build on the topics from Asian Studies 210 and three semesters of language study. Students continue to explore their understanding of Asia through ethnographic observation, interviews, and site visits. Students develop projects and follow a process of inquiry that will help them understand how ordinary people construct ""Asian"" culture and society today. Prerequisite: Asian Studies 210. Offered during Interim.","28","0","0","28","0","","Ito, Rika","{'fsnum': '14203', 'name': 'Ito, Rika'}","200","30","","","","","AsianCon2:Meet Sojourners","Registration restricted to students in the Asian Con program.                   ;This is an off-campus course.","215","","False","Asian Studies 210. Offered during Interim.","","2","C","20112","Asian Conversations II: Encountering Asia","Research","2011"
"0000085413","1.0","0000019742","ASIAN","Students pursue guided fieldwork experience in the United States. Activities and readings in this course build on the topics from Asian Studies 210 and three semesters of language study. Students reflect on the experience of Asians in America through readings, site visits, and local interviews. Students develop projects and follow a process of inquiry that will help them understand how ordinary people construct ""Asian"" culture and society today. Prerequisite: Asian Studies 210. Offered during Interim.","1","0","0","1","0","","Staff","{'fsnum': '', 'name': 'Staff'}","200","1","","","","","AsianCon2:Asia in America","","216","","False","Asian Studies 210. Offered during Interim.","","2","C","20112","Asian Conversations II: Encountering Asia in America","Research","2011"
"0000080580","1.0","0000019727","ASIAN","This core course of Asian Studies introduces students to modern Chinese literature and society. It examines canonical and popular works of Chinese writings including fiction, drama, autobiography, correspondences, and poetry written in classical and modern styles from the late nineteenth century to the early twenty-first century. Films also serve as supplementary material when appropriate. Students read texts in translation and approach them in the context of modern Chinese society. They also study the literature as it reflects China's interaction with the West and the country's struggle to define itself as a modern nation. Offered annually.","30","3","8","13","6","ALS-L;MCG;MCS-G;WRI","Chen, Luying","{'fsnum': '19296', 'name': 'Chen, Luying'}","200","30","","","","","Modern Chinese Lit & Soc","","237","{'day': 'Mo', 'end': '15:00', 'location': 'TOH 314', 'start': '13:00'};{'day': 'Tu', 'end': '15:00', 'location': 'TOH 314', 'start': '13:00'};{'day': 'We', 'end': '15:00', 'location': 'TOH 314', 'start': '13:00'};{'day': 'Th', 'end': '15:00', 'location': 'TOH 314', 'start': '13:00'};{'day': 'Fr', 'end': '15:00', 'location': 'TOH 314', 'start': '13:00'}","False","False","","2","C","20112","Modern Chinese Literature and Society","Research","2011"
"0000078391","1.0","0000000093","ASIAN","","1","0","1","0","0","","Entenmann, Robert","{'fsnum': '1821', 'name': 'Entenmann, Robert'}","200","","","","","","Academic Internship","","294","","True","","","2","C","20112","","Research","2011"
"0000078686","1.0","0000000094","ASIAN","","1","0","1","0","0","","Kucera, Karil J.","{'fsnum': '14964', 'name': 'Kucera, Karil J.'}","200","","","","","","IS/Minority ID Korea","","298","","False","","","2","O","20112","Independent Study","Research","2011"
"0000085345","1.0","0000000094","ASIAN","","1","0","1","0","0","","Entenmann, Robert","{'fsnum': '1821', 'name': 'Entenmann, Robert'}","200","","","","","","IS/Christianity in China","","298","","False","","A","2","C","20112","Independent Study","Research","2011"
"0000085561","1.0","0000000094","ASIAN","","1","0","1","0","0","","Reed, Barbara","{'fsnum': '6625', 'name': 'Reed, Barbara'}","200","","","","","","IS/Thai Buddhism","","298","","False","","B","2","O","20112","Independent Study","Research","2011"
"0000078392","1.0","0000000096","ASIAN","","0","0","0","0","0","","Staff","{'fsnum': '', 'name': 'Staff'}","300","","","","","","Academic Internship","","394","","True","","","2","C","20112","","Research","2011"
"0000078591","1.0","0000000097","ASIAN","","0","0","0","0","0","","Staff","{'fsnum': '', 'name': 'Staff'}","300","","","","","","IR/","","398","","False","","","2","O","20112","Independent Research","Research","2011"
"0000080708","1.0","0000024136","BI/ES","This course offers students the opportunity to study first-hand the most diverse ecosystems on earth. This intensive field-oriented course explores lowland rain forest, montane forest, dry forest, and coastal and agricultural ecosystems through projects and field trips. Students read and discuss texts and primary literature specific to ecology, evolution, conservation, and agricultural practices of each area, and keep reflective journals. Prerequisite: one science course. Offered in alternate years during interim.","18","0","6","5","7","","Shea, Kathleen L.","{'fsnum': '7450', 'name': 'Shea, Kathleen L.'}","200","16","","","","","Tropical Ecology","This is an off-campus course.","286","","False","one science course. Offered in alternate years during interim.","","2","C","20112","Tropical Ecology in Costa Rica","Research","2011"
"0000078779","1.0","0000000104","BIO","Issues of women's biology including views of the evolving female and biological determinism are examined. Core material covers anatomy, development, the biological basis of gender, reproduction, sexual response, the menstrual cycle and aging, and aspects of women's health such as eating disorders, cancers, and hormonal treatments. Students participate in significant amounts of group work and oral presentation. The course is open to both men and women. Offered during Interim.","14","4","1","6","3","IST;NSC","Resnick, Tamar","{'fsnum': '22867', 'name': 'Resnick, Tamar'}","100","24","","","","","The Biology of Women","This course has class year limits.","124","{'day': 'Mo', 'end': '15:00', 'location': 'RNS 210', 'start': '13:00'};{'day': 'Tu', 'end': '15:00', 'location': 'RNS 210', 'start': '13:00'};{'day': 'Th', 'end': '15:00', 'location': 'RNS 210', 'start': '13:00'};{'day': 'Fr', 'end': '15:00', 'location': 'RNS 210', 'start': '13:00'};{'day': 'Mo', 'end': '12:00', 'location': 'RNS 210', 'start': '22:40'};{'day': 'Tu', 'end': '12:00', 'location': 'RNS 210', 'start': '22:40'};{'day': 'Th', 'end': '12:00', 'location': 'RNS 210', 'start': '22:40'};{'day': 'Fr', 'end': '12:00', 'location': 'RNS 210', 'start': '22:40'}","False","False","","2","O","20112","","Research","2011"
"0000078521","1.0","0000000106","BIO","This core course explores major principles of cellular and molecular biology and it or the Chemistry/Biology 125-127 series is a prerequisite for all level II biology courses. Emphases include the structural and chemical composition of cells, crucial metabolic pathways, fundamentals of cell division, basic genetics, and the scientific method. Materials integrate concepts with problem-solving. Students are introduced to state-of-the-art library search technologies and scientific writing. Students attend lectures plus one 2.5-hour laboratory per week. Offered annually in the fall semester and during Interim. Counts towards exercise science major.","22","18","1","2","1","IST;NSC;NSL;SED","Fruehling, Sara E.","{'fsnum': '17588', 'name': 'Fruehling, Sara E.'}","100","20","","","","","Cell Bio & Genetics","Students in Bio 125 must also register for lab Bio 125 L.","125","{'day': 'Mo', 'end': '15:00', 'location': 'RNS 390', 'start': '13:00'};{'day': 'Tu', 'end': '15:00', 'location': 'RNS 390', 'start': '13:00'};{'day': 'We', 'end': '15:00', 'location': 'RNS 390', 'start': '13:00'};{'day': 'Th', 'end': '15:00', 'location': 'RNS 390', 'start': '13:00'};{'day': 'Fr', 'end': '15:00', 'location': 'RNS 390', 'start': '13:00'}","False","False","","2","C","20112","Cellular Biology and Genetics","Research","2011"
"0000078522","","0000000107","BIO","","22","18","1","2","1","","Fruehling, Sara E.","{'fsnum': '17588', 'name': 'Fruehling, Sara E.'}","100","20","","","","","Cell Bio & Genetics Lab","","125","{'day': 'Mo', 'end': '10:00', 'location': 'RNS 394', 'start': '08:00'};{'day': 'Tu', 'end': '10:00', 'location': 'RNS 394', 'start': '08:00'};{'day': 'We', 'end': '10:00', 'location': 'RNS 394', 'start': '08:00'};{'day': 'Th', 'end': '10:00', 'location': 'RNS 394', 'start': '08:00'};{'day': 'Fr', 'end': '10:00', 'location': 'RNS 394', 'start': '08:00'};{'day': 'Mo', 'end': '12:00', 'location': 'RNS 394', 'start': '22:40'};{'day': 'Tu', 'end': '12:00', 'location': 'RNS 394', 'start': '22:40'};{'day': 'We', 'end': '12:00', 'location': 'RNS 394', 'start': '22:40'};{'day': 'Th', 'end': '12:00', 'location': 'RNS 394', 'start': '22:40'};{'day': 'Fr', 'end': '12:00', 'location': 'RNS 394', 'start': '22:40'}","False","","","2","C","20112","","Lab","2011"
"0000085318","1.0","0000025184","BIO","Water is a beautifully simple molecule that is essential to survival (precious). Rivers have run dry, aquifers are overdrawn, and pollution is widespread (precarious). Much of the world lacks access to safe drinking water or water for basic sanitation, and water wars have been predicted (problematic). Students examine water from a scientific perspective - chemical, physiological, ecological - and delve into the political, economic, and societal implications of water. Offered occasionally during Interim.","21","3","5","8","5","IST","Van Wylen, David","{'fsnum': '8768', 'name': 'Van Wylen, David'}","100","24","","","","","Water:Prec, Precar, &Prob","This course has class-year limits.","128","{'day': 'Mo', 'end': '10:00', 'location': 'RNS 190', 'start': '09:00'};{'day': 'Tu', 'end': '10:00', 'location': 'RNS 190', 'start': '09:00'};{'day': 'We', 'end': '10:00', 'location': 'RNS 190', 'start': '09:00'};{'day': 'Th', 'end': '10:00', 'location': 'RNS 190', 'start': '09:00'};{'day': 'Fr', 'end': '10:00', 'location': 'RNS 190', 'start': '09:00'};{'day': 'Mo', 'end': '12:00', 'location': 'RNS 190', 'start': '22:40'};{'day': 'Tu', 'end': '12:00', 'location': 'RNS 190', 'start': '22:40'};{'day': 'We', 'end': '12:00', 'location': 'RNS 190', 'start': '22:40'};{'day': 'Th', 'end': '12:00', 'location': 'RNS 190', 'start': '22:40'};{'day': 'Fr', 'end': '12:00', 'location': 'RNS 190', 'start': '22:40'}","False","False","","2","O","20112","Water: Precious, Precararious, & Problematic","Research","2011"
"0000080967","1.0","0000024279","BIO","What makes a human healthy? What makes an environment healthy? This course explores these questions in the Sonoran Desert and diverse nearby habitats. Students carry out labs and exercises on physiological challenges to and acclimation of the human body, and field research projects on ecology and adaptations of a plant or animal group of their choice. They synthesize these different activities through academic exploration of factors that influence and connect both human physiology and ecological adaption. Data for the field research projects is gathered while utilizing a wide variety of physical techniques, such as hiking, rock climbing, and caving. Offered every 2nd or 3rd Interim. Not open to first-year students. Counts toward biology major.","21","0","5","11","5","IST;SED;SPM","Porterfield, Jean C.;Tegtmeyer, Judy","{'fsnum': '14015', 'name': 'Porterfield, Jean C.'};{'fsnum': '8272', 'name': 'Tegtmeyer, Judy'}","100","24","","","","","Bodies and Biomes Arizona","This is an off-campus course.","130","","False","False","","2","C","20112","Bodies and Biomes in Arizona","Research","2011"
"0000078783","1.0","0000000114","BIO","Why do biologists do what they do? How is biology actually done? Students investigate the reasons biological science is done the way it is today. Students have the opportunity to design and perform their own experiments while learning the process of scientific investigation. Designed primarily for non-majors. Offered during Interim.","24","6","6","5","7","IST;NSC;NSL;SED","Giannini, John","{'fsnum': '2593', 'name': 'Giannini, John'}","100","24","6","6","6","6","Thinking & Doing Bio","Students in Bio 135 must also register for lab Bio 135 L.                       ;This course has class-year limits.","135","{'day': 'Mo', 'end': '10:00', 'location': 'RNS 455', 'start': '09:00'};{'day': 'Tu', 'end': '10:00', 'location': 'RNS 455', 'start': '09:00'};{'day': 'We', 'end': '10:00', 'location': 'RNS 455', 'start': '09:00'};{'day': 'Th', 'end': '10:00', 'location': 'RNS 455', 'start': '09:00'};{'day': 'Fr', 'end': '10:00', 'location': 'RNS 455', 'start': '09:00'}","False","False","","2","C","20112","Thinking and Doing Biology","Research","2011"
"0000080701","","0000000115","BIO","","24","6","6","5","7","","Giannini, John","{'fsnum': '2593', 'name': 'Giannini, John'}","100","24","6","6","6","6","Thinking & Doing Bio Lab","","135","{'day': 'Mo', 'end': '13:00', 'location': 'RNS 455', 'start': '22:40'};{'day': 'Tu', 'end': '13:00', 'location': 'RNS 455', 'start': '22:40'};{'day': 'We', 'end': '13:00', 'location': 'RNS 455', 'start': '22:40'};{'day': 'Th', 'end': '13:00', 'location': 'RNS 455', 'start': '22:40'};{'day': 'Fr', 'end': '13:00', 'location': 'RNS 455', 'start': '22:40'}","False","","","2","C","20112","","Lab","2011"
"0000080582","1.0","0000000147","BIO","Following introductory lectures on campus, the class travels on extended field trips to desert locations in Arizona and adjacent states. Students examine interrelationships of desert plants and animals, their adaptations to the harsh desert environment, and the role of primitive and modern humans in this ecosystem. Prerequisite: three courses in biology or consent of instructor. Apply through the Office of International and Off-Campus Studies. Offered during Interim.","16","0","4","6","6","","Freedberg, Steven","{'fsnum': '18288', 'name': 'Freedberg, Steven'}","200","16","","","","","Desert Biology","This is an off-campus course.","282","","False","three courses in biology or consent of instructor. Apply through the Office of International and Off-Campus Studies. Offered during Interim.","","2","C","20112","","Research","2011"
"0000078745","1.0","0000000148","BIO","This course is a service/learning experience. Week one is spent on campus learning basic clinical techniques, examining emerging disease, and studying existing health care issues. Students spend three weeks in Cuzco, Peru, assessing patient needs in a public hospital, a homeless shelter, orphanages, and a small village. Week four involves discussion and writing reflective journals. Prerequisites: Biology 125 or Chemistry/Biology 125-127, and Biology 291. Apply through the Office of International and Off-Campus Studies. Offered during Interim. Counts toward biomedical studies concentration.","18","0","10","0","8","","Johnson, Theodore","{'fsnum': '4110', 'name': 'Johnson, Theodore'}","200","18","","","","","Peruvian Medical Exp","This is an off-campus course.","284","","False","Prerequisites: Biology 125 or Chemistry/Biology 125-127, and Biology 291. Apply through the Office of International and Off-Campus Studies. Offered during Interim. Counts toward biomedical studies concentration.","","2","C","20112","Peruvian Medical Experience","Research","2011"
"0000078393","1.0","0000000153","BIO","Internships are designed to provide career-testing opportunities. Students interested in an internship should consult with the Center for Experiential Learning, enlist a faculty supervisor, and complete an internship application. Internships do not count toward the biology major requirements.","7","0","3","2","2","","Porterfield, Jean C.","{'fsnum': '14015', 'name': 'Porterfield, Jean C.'}","200","","","","","","Academic Internship","","294","","True","False","","2","C","20112","Internship","Research","2011"
"0000085589","1.0","0000000153","BIO","Internships are designed to provide career-testing opportunities. Students interested in an internship should consult with the Center for Experiential Learning, enlist a faculty supervisor, and complete an internship application. Internships do not count toward the biology major requirements.","1","0","1","0","0","","Van Wylen, David","{'fsnum': '8768', 'name': 'Van Wylen, David'}","200","","","","","","Academic Internship","","294","","True","False","A","2","O","20112","Internship","Research","2011"
"0000085464","1.0","0000000153","BIO","Internships are designed to provide career-testing opportunities. Students interested in an internship should consult with the Center for Experiential Learning, enlist a faculty supervisor, and complete an internship application. Internships do not count toward the biology major requirements.","2","0","0","2","0","","Angell, Diane K.","{'fsnum': '256', 'name': 'Angell, Diane K.'}","200","","","","","","Academic Internship","","294","","True","False","B","2","O","20112","Internship","Research","2011"
"0000085543","1.0","0000000153","BIO","Internships are designed to provide career-testing opportunities. Students interested in an internship should consult with the Center for Experiential Learning, enlist a faculty supervisor, and complete an internship application. Internships do not count toward the biology major requirements.","1","0","1","0","0","","Cole, Eric","{'fsnum': '1206', 'name': 'Cole, Eric'}","200","","","","","","Academic Internship","","294","","True","False","C","2","O","20112","Internship","Research","2011"
"0000085551","1.0","0000000153","BIO","Internships are designed to provide career-testing opportunities. Students interested in an internship should consult with the Center for Experiential Learning, enlist a faculty supervisor, and complete an internship application. Internships do not count toward the biology major requirements.","5","0","3","1","1","","Johnson, Theodore","{'fsnum': '4110', 'name': 'Johnson, Theodore'}","200","","","","","","Academic Internship","","294","","True","False","D","2","O","20112","Internship","Research","2011"
"0000085556","1.0","0000000153","BIO","Internships are designed to provide career-testing opportunities. Students interested in an internship should consult with the Center for Experiential Learning, enlist a faculty supervisor, and complete an internship application. Internships do not count toward the biology major requirements.","1","0","1","0","0","","Demas, Jay","{'fsnum': '21211', 'name': 'Demas, Jay'}","200","","","","","","Academic Internship","","294","","True","False","E","2","O","20112","Internship","Research","2011"
"0000085595","1.0","0000000153","BIO","Internships are designed to provide career-testing opportunities. Students interested in an internship should consult with the Center for Experiential Learning, enlist a faculty supervisor, and complete an internship application. Internships do not count toward the biology major requirements.","1","0","0","0","1","","Giannini, John","{'fsnum': '2593', 'name': 'Giannini, John'}","200","","","","","","Academic Internship","","294","","True","False","F","2","O","20112","Internship","Research","2011"
"0000078696","1.0","0000000154","BIO","Independent study allows students to study in an area not covered in the regular biology course offerings. The student undertakes substantial independent study in a defined biological field, meets regularly with faculty supervisor, and prepares some form of presentation of the material learned. The student must obtain permission of supervisor and complete an independent study form available from the Registrar's Office or its Web site.","0","0","0","0","0","","Staff","{'fsnum': '', 'name': 'Staff'}","200","","","","","","IS/","","298","","False","False","","2","O","20112","Independent Study","Research","2011"
"0000085562","1.0","0000000154","BIO","Independent study allows students to study in an area not covered in the regular biology course offerings. The student undertakes substantial independent study in a defined biological field, meets regularly with faculty supervisor, and prepares some form of presentation of the material learned. The student must obtain permission of supervisor and complete an independent study form available from the Registrar's Office or its Web site.","1","0","0","0","1","","Angell, Diane K.","{'fsnum': '256', 'name': 'Angell, Diane K.'}","200","","","","","","IS/Educating About Water","","298","","False","False","A","2","O","20112","Independent Study","Research","2011"
"0000085577","1.0","0000000154","BIO","Independent study allows students to study in an area not covered in the regular biology course offerings. The student undertakes substantial independent study in a defined biological field, meets regularly with faculty supervisor, and prepares some form of presentation of the material learned. The student must obtain permission of supervisor and complete an independent study form available from the Registrar's Office or its Web site.","1","0","0","0","1","WRI","Angell, Diane K.","{'fsnum': '256', 'name': 'Angell, Diane K.'}","200","","","","","","IS/Health Communications","","298","","False","False","B","2","C","20112","Independent Study","Research","2011"
"0000080707","1.0","0000024135","BIO","This course introduces students to intensive research at St. Olaf and the Boulder Laboratory for 3-D Electron Microscopy of Cells at the University of Colorado. In Boulder, students prepare samples for electron microscopy and immuno-gold Electron Microscopy, capture EM-images, and generate 3-D Tomograms. At St. Olaf students generate 3-D computer models of their datasets. Prerequisite: Biology 125. Offered in alternate years during Interim.","10","0","4","1","5","","Cole, Eric","{'fsnum': '1206', 'name': 'Cole, Eric'}","300","10","","","","","Electron Microscopy","This is an off-campus course.","348","{'day': 'Mo', 'end': '10:00', 'location': 'RNS 246', 'start': '09:00'};{'day': 'Tu', 'end': '10:00', 'location': 'RNS 246', 'start': '09:00'};{'day': 'We', 'end': '10:00', 'location': 'RNS 246', 'start': '09:00'};{'day': 'Th', 'end': '10:00', 'location': 'RNS 246', 'start': '09:00'};{'day': 'Fr', 'end': '10:00', 'location': 'RNS 246', 'start': '09:00'};{'day': 'Mo', 'end': '14:00', 'location': 'RNS 246', 'start': '22:40'};{'day': 'Tu', 'end': '14:00', 'location': 'RNS 246', 'start': '22:40'};{'day': 'We', 'end': '14:00', 'location': 'RNS 246', 'start': '22:40'};{'day': 'Th', 'end': '14:00', 'location': 'RNS 246', 'start': '22:40'};{'day': 'Fr', 'end': '14:00', 'location': 'RNS 246', 'start': '22:40'}","False","Biology 125. Offered in alternate years during Interim.","","2","C","20112","Research in Electron Microscopy","Research","2011"
"0000085379","1.0","0000000172","BIO","Neurons form the basis of cellular communication in the central nervous system, and the synapses through which this communication occurs are highly plastic and subject to alterations by environmental factors such as learning, inflammation, stress, and drugs. This course investigates how changes in synaptic signaling can ultimately give rise to the expression of a variety of behaviors and psychopathologies. Class work includes presenting, writing about, and discussing a number of journal articles, literature reviews, and texts. Prerequisites: Biology 125, or Chemistry/Biology 125-127, and progress towards a major in any of the natural sciences.","16","0","0","0","16","","Rozeske, Robert R.","{'fsnum': '14656', 'name': 'Rozeske, Robert R.'}","300","16","0","","0","","Top: Synapses to Behavior","Open to Juniors and Seniors only.","391","{'day': 'Mo', 'end': '10:00', 'location': 'RNS 124', 'start': '09:00'};{'day': 'Tu', 'end': '10:00', 'location': 'RNS 124', 'start': '09:00'};{'day': 'We', 'end': '10:00', 'location': 'RNS 124', 'start': '09:00'};{'day': 'Th', 'end': '10:00', 'location': 'RNS 124', 'start': '09:00'};{'day': 'Mo', 'end': '12:40', 'location': 'RNS 124', 'start': '22:40'};{'day': 'Tu', 'end': '12:40', 'location': 'RNS 124', 'start': '22:40'};{'day': 'We', 'end': '12:40', 'location': 'RNS 124', 'start': '22:40'};{'day': 'Th', 'end': '12:40', 'location': 'RNS 124', 'start': '22:40'}","False","Prerequisites: Biology 125, or Chemistry/Biology 125-127, and progress towards a major in any of the natural sciences.","","2","C","20112","Selected Topics","Topic","2011"
"0000078394","1.0","0000000174","BIO","Biology 394 is for students who have completed one internship (Biology 294) and wish to complete a second internship. Students interested in an internship should consult with the Center for Experiential Learning, locate a faculty supervisor, and complete an internship form.","1","0","0","0","1","","Van Wylen, David","{'fsnum': '8768', 'name': 'Van Wylen, David'}","300","","","","","","Academic Internship","","394","","True","False","","2","C","20112","Internship","Research","2011"
"0000085554","1.0","0000000174","BIO","Biology 394 is for students who have completed one internship (Biology 294) and wish to complete a second internship. Students interested in an internship should consult with the Center for Experiential Learning, locate a faculty supervisor, and complete an internship form.","1","0","0","0","1","","Fruehling, Sara E.","{'fsnum': '17588', 'name': 'Fruehling, Sara E.'}","300","","","","","","Academic Internship","","394","","True","False","B","2","O","20112","Internship","Research","2011"
"0000078639","1.0","0000000175","BIO","Independent research is offered for students dedicated to an in-depth research experience. In conjunction with a faculty supervisor, a student conceives and performs a research project leading to the writing of a major research paper and a poster presentation. Independent research requires permission of a supervisor, a secondary faculty reader of the paper, and completion of an independent research form available at the Registrar's Office or its Web site.","1","0","1","0","0","","Swift, Michael;Jackson, Paul T.","{'fsnum': '8210', 'name': 'Swift, Michael'};{'fsnum': '3644', 'name': 'Jackson, Paul T.'}","300","","","","","","IR/Hoover Dump Investigat","","398","","False","False","","2","O","20112","Independent Research","Research","2011"
"0000078478","1.0","0000018616","BMOLS","","0","0","0","0","0","","Staff","{'fsnum': '', 'name': 'Staff'}","200","","","","","","Academic Internship","","294","","True","","","2","C","20112","","Research","2011"
"0000078674","1.0","0000018617","BMOLS","","0","0","0","0","0","","Staff","{'fsnum': '', 'name': 'Staff'}","200","","","","","","IS/","","298","","False","","","2","O","20112","Independent Study","Research","2011"
"0000078479","1.0","0000018618","BMOLS","","0","0","0","0","0","","Staff","{'fsnum': '', 'name': 'Staff'}","300","","","","","","Academic Internship","","394","","True","","","2","C","20112","","Research","2011"
"0000078617","1.0","0000018619","BMOLS","","1","0","0","0","1","","Muth, Greg W.","{'fsnum': '14961', 'name': 'Muth, Greg W.'}","300","","","","","","IR/GC/MS Lipid Analysis","","398","","False","","","2","O","20112","Independent Research","Research","2011"
"0000078583","1.0","0000018803","CH/BI","This course introduces physical chemistry with an emphasis on thermodynamics and kinetics of biologically relevant systems. Topics include probability as the driving force for chemical reactions; the relationship between chemical bonding energetics, entropy, and equilibria; oxidation-reduction reactions and electrochemistry; and rates of reactions, including enzyme-catalyzed reactions. Laboratory experiments and activities illustrate lecture topics and introduce new concepts. Prerequisites: Chemistry/Biology 125 and Mathematics 120 or 121. Offered during Interim.","47","43","1","3","0","","Schwinefus, Jeff J.;Listenberger, Laura","{'fsnum': '14915', 'name': 'Schwinefus, Jeff J.'};{'fsnum': '21061', 'name': 'Listenberger, Laura'}","100","56","","29","","","Integrated Chem/Bio II","Students in CH/BI 126 must also register for lab CH/BI 126 AL or BL.            ;Open only to those students who have completed CH/BI 125.","126","{'day': 'Mo', 'end': '10:00', 'location': 'RNS 310', 'start': '08:00'};{'day': 'Tu', 'end': '10:00', 'location': 'RNS 310', 'start': '08:00'};{'day': 'We', 'end': '10:00', 'location': 'RNS 310', 'start': '08:00'};{'day': 'Th', 'end': '10:00', 'location': 'RNS 310', 'start': '08:00'};{'day': 'Fr', 'end': '10:00', 'location': 'RNS 310', 'start': '08:00'};{'day': 'Mo', 'end': '12:40', 'location': 'RNS 310', 'start': '22:40'};{'day': 'Tu', 'end': '12:40', 'location': 'RNS 310', 'start': '22:40'};{'day': 'We', 'end': '12:40', 'location': 'RNS 310', 'start': '22:40'};{'day': 'Th', 'end': '12:40', 'location': 'RNS 310', 'start': '22:40'};{'day': 'Fr', 'end': '12:40', 'location': 'RNS 310', 'start': '22:40'}","False","Prerequisites: Chemistry/Biology 125 and Mathematics 120 or 121. Offered during Interim.","","2","O","20112","Integrated Chem/Bio II: Thermodynamics and Kinetics with Bio Relevance","Research","2011"
"0000078581","","0000018804","CH/BI","","22","20","0","2","0","","Schwinefus, Jeff J.;Listenberger, Laura","{'fsnum': '14915', 'name': 'Schwinefus, Jeff J.'};{'fsnum': '21061', 'name': 'Listenberger, Laura'}","100","22","","","","","Integrate Chem/Bio II Lab","","126","{'day': 'Mo', 'end': '15:00', 'location': 'RNS 355', 'start': '12:30'};{'day': 'Tu', 'end': '15:00', 'location': 'RNS 355', 'start': '12:30'};{'day': 'We', 'end': '15:00', 'location': 'RNS 355', 'start': '12:30'};{'day': 'Th', 'end': '15:00', 'location': 'RNS 355', 'start': '12:30'}","False","","A","2","C","20112","","Lab","2011"
"0000078582","","0000018804","CH/BI","","25","23","1","1","0","","Schwinefus, Jeff J.;Listenberger, Laura","{'fsnum': '14915', 'name': 'Schwinefus, Jeff J.'};{'fsnum': '21061', 'name': 'Listenberger, Laura'}","100","32","","","","","Integrate Chem/Bio II Lab","","126","{'day': 'Mo', 'end': '15:00', 'location': 'RNS 350', 'start': '12:30'};{'day': 'Tu', 'end': '15:00', 'location': 'RNS 350', 'start': '12:30'};{'day': 'We', 'end': '15:00', 'location': 'RNS 350', 'start': '12:30'};{'day': 'Th', 'end': '15:00', 'location': 'RNS 350', 'start': '12:30'}","False","","B","2","O","20112","","Lab","2011"
"0000078501","1.0","0000000189","CHEM","This course, a continuation of Chemistry 121, examines atomic and molecular structure, including classical and quantum theories, bonding models, molecular orbitals and coordination chemistry. Chemistry 121 and 123 together are equivalent in content to Chemistry 125 and are designed to prepare students for Chemistry 126. Prerequisite: Chemistry 121. Offered during Interim.","46","34","0","9","3","","Marlier, Elodie","{'fsnum': '22843', 'name': 'Marlier, Elodie'}","100","40","","","","","Atom/Molec Structure","","123","{'day': 'Mo', 'end': '10:00', 'location': 'RNS 390', 'start': '08:00'};{'day': 'Tu', 'end': '10:00', 'location': 'RNS 390', 'start': '08:00'};{'day': 'We', 'end': '10:00', 'location': 'RNS 390', 'start': '08:00'};{'day': 'Th', 'end': '10:00', 'location': 'RNS 390', 'start': '08:00'};{'day': 'Fr', 'end': '10:00', 'location': 'RNS 390', 'start': '08:00'}","False","Chemistry 121. Offered during Interim.","A","2","C","20112","Atomic and Molecular Structure","Research","2011"
"0000078502","1.0","0000000189","CHEM","This course, a continuation of Chemistry 121, examines atomic and molecular structure, including classical and quantum theories, bonding models, molecular orbitals and coordination chemistry. Chemistry 121 and 123 together are equivalent in content to Chemistry 125 and are designed to prepare students for Chemistry 126. Prerequisite: Chemistry 121. Offered during Interim.","32","14","0","15","3","","Pearson, Wesley","{'fsnum': '6161', 'name': 'Pearson, Wesley'}","100","40","","","","","Atom/Molec Structure","","123","{'day': 'Mo', 'end': '12:40', 'location': 'RNS 390', 'start': '22:40'};{'day': 'Tu', 'end': '12:40', 'location': 'RNS 390', 'start': '22:40'};{'day': 'We', 'end': '12:40', 'location': 'RNS 390', 'start': '22:40'};{'day': 'Th', 'end': '12:40', 'location': 'RNS 390', 'start': '22:40'};{'day': 'Fr', 'end': '12:40', 'location': 'RNS 390', 'start': '22:40'}","False","Chemistry 121. Offered during Interim.","B","2","O","20112","Atomic and Molecular Structure","Research","2011"
"0000078386","1.0","0000000190","CHEM","Students study contemporary questions concerning the environment from the fundamental properties of matter to human impact on natural processes, including damage to and protection of the environment. Students discover how chemistry intersects with everyday living, especially the abilities and limitations of science to address environmental issues. Laboratory work explores the characteristics and analysis of hazardous and beneficial materials. Counts toward environmental studies major and concentration; does not count toward chemistry major. Offered during Interim.","22","5","7","2","8","IST;NSC;NSL;SED","Muth, Greg W.","{'fsnum': '14961', 'name': 'Muth, Greg W.'}","100","24","","","","","A Matter of Environ","Students in Chemistry 124 must also register for lab Chemistry 124 L.","124","{'day': 'Mo', 'end': '10:00', 'location': 'RNS 410', 'start': '08:00'};{'day': 'Tu', 'end': '10:00', 'location': 'RNS 410', 'start': '08:00'};{'day': 'We', 'end': '10:00', 'location': 'RNS 410', 'start': '08:00'};{'day': 'Th', 'end': '10:00', 'location': 'RNS 410', 'start': '08:00'};{'day': 'Fr', 'end': '10:00', 'location': 'RNS 410', 'start': '08:00'}","False","False","","2","C","20112","A Matter of the Environment with Lab","Research","2011"
"0000078387","","0000000191","CHEM","","22","5","7","2","8","","Muth, Greg W.","{'fsnum': '14961', 'name': 'Muth, Greg W.'}","100","24","","","","","A Matter of Environ Lab","","124","{'day': 'Tu', 'end': '15:30', 'location': 'RNS 454', 'start': '12:30'};{'day': 'We', 'end': '15:30', 'location': 'RNS 454', 'start': '12:30'};{'day': 'Th', 'end': '15:30', 'location': 'RNS 454', 'start': '12:30'}","False","","","2","C","20112","","Lab","2011"
"0000078743","1.0","0000000198","CHEM","Students study the structure, bonding, and reactions of compounds containing metal-carbon bonds. Special topics include applications of organometallic chemistry to the synthesis of organic compounds, homogeneous catalysis, and biochemistry. Examples illustrate organometallic chemistry as a bridge between organic and inorganic chemistry. Students use bibliographic and electronic searching software to prepare research papers based on the current literature. Prerequisite: Chemistry 247. Offered during Interim.","12","0","1","7","4","WRI","Kalyani, Dipannita","{'fsnum': '22808', 'name': 'Kalyani, Dipannita'}","200","16","","","","","Organometallic Chem","","252","{'day': 'Mo', 'end': '15:00', 'location': 'RNS 435', 'start': '13:00'};{'day': 'Tu', 'end': '15:00', 'location': 'RNS 435', 'start': '13:00'};{'day': 'We', 'end': '15:00', 'location': 'RNS 435', 'start': '13:00'};{'day': 'Th', 'end': '15:00', 'location': 'RNS 435', 'start': '13:00'};{'day': 'Fr', 'end': '15:00', 'location': 'RNS 435', 'start': '13:00'}","False","Chemistry 247. Offered during Interim.","","2","C","20112","Organometallic Chemistry","Research","2011"
"0000080614","1.0","0000000203","CHEM","In this course students gain an appreciation for the drug development process, including how natural products are isolated, how their structures relate to activities, and how research into the mechanism of disease leads to the targeted development of drugs. Issues relating to medicinal chemistry in a developing-world context, medicinal plants, and the chemical basis of folk medicine are discussed. Prerequisites: Chemistry 248 and 254. Offered alternate years during Interim. Counts toward biomedical studies concentration.","16","0","8","0","8","","Hanson, Robert","{'fsnum': '3090', 'name': 'Hanson, Robert'}","200","16","","","","","Med Chem in Jamaica","This is an off-campus course.","260","","False","Prerequisites: Chemistry 248 and 254. Offered alternate years during Interim. Counts toward biomedical studies concentration.","","2","C","20112","Medicinal Chemistry in Jamaica: An International Perspective","Research","2011"
"0000078395","1.0","0000000204","CHEM","","1","0","1","0","0","","Beussman, Douglas J.","{'fsnum': '15745', 'name': 'Beussman, Douglas J.'}","200","","","","","","Academic Internship","","294","","True","","","2","C","20112","Internship","Research","2011"
"0000078648","1.0","0000000205","CHEM","","0","0","0","0","0","","Staff","{'fsnum': '', 'name': 'Staff'}","200","","","","","","IS/","","298","","False","","","2","O","20112","Independent Study","Research","2011"
"0000081435","1.0","0000000215","CHEM","In the laboratory, students investigate and identify organic compounds, singly and in mixtures. Lectures and discussion sessions investigate various spectroscopic methods and their applications to the elucidation of the structure of organic compounds. Prerequisite: Chemistry 248 and 254. Offered during Interim.","7","0","3","0","4","","Gittins, Peter J.","{'fsnum': '21144', 'name': 'Gittins, Peter J.'}","300","12","","","","","Organic Analys/Theory","Lab time to be arranged.                                                        ;Students in Chemistry 380 must also register for lab Chemistry 380 L.","380","{'day': 'Mo', 'end': '12:40', 'location': 'RNS 435', 'start': '22:40'};{'day': 'Tu', 'end': '12:40', 'location': 'RNS 435', 'start': '22:40'};{'day': 'We', 'end': '12:40', 'location': 'RNS 435', 'start': '22:40'};{'day': 'Th', 'end': '12:40', 'location': 'RNS 435', 'start': '22:40'};{'day': 'Fr', 'end': '12:40', 'location': 'RNS 435', 'start': '22:40'}","False","Chemistry 248 and 254. Offered during Interim.","","2","O","20112","Organic Analysis and Theory","Research","2011"
"0000081436","","0000000216","CHEM","","7","0","3","0","4","","Gittins, Peter J.","{'fsnum': '21144', 'name': 'Gittins, Peter J.'}","300","12","","","","","Organic Analys/Theory Lab","","380","","False","","","2","O","20112","","Lab","2011"
"0000078396","1.0","0000000222","CHEM","","0","0","0","0","0","","Staff","{'fsnum': '', 'name': 'Staff'}","300","","","","","","Academic Internship","","394","","True","","","2","C","20112","Internship","Research","2011"
"0000078630","1.0","0000000223","CHEM","","1","0","0","0","1","","Beussman, Douglas J.","{'fsnum': '15745', 'name': 'Beussman, Douglas J.'}","300","","","","","","IR/GS-MS of Human Scent","","398","","False","","","2","O","20112","Independent Research","Research","2011"
"0000085585","1.0","0000000223","CHEM","","0","0","0","0","0","","Beussman, Douglas J.","{'fsnum': '15745', 'name': 'Beussman, Douglas J.'}","300","","","","","","IR/Organomet Synthesis","","398","","False","","A","2","O","20112","Independent Research","Research","2011"
"0000085594","1.0","0000000223","CHEM","","1","0","0","0","1","WRI","Klein, Jennifer C.","{'fsnum': '21990', 'name': 'Klein, Jennifer C.'}","300","","","","","","IR/Molecular Dynamics","","398","","False","","B","2","O","20112","Independent Research","Research","2011"
"0000085601","1.0","0000000223","CHEM","","1","0","1","0","0","","Beussman, Douglas J.","{'fsnum': '15745', 'name': 'Beussman, Douglas J.'}","300","","","","","","IR/Maldi-TOF Proteomics","","398","","False","","C","2","O","20112","Independent Research","Research","2011"
"0000078399","1.0","0000000248","CHIN","","0","0","0","0","0","","Staff","{'fsnum': '', 'name': 'Staff'}","200","","","","","","Academic Internship","","294","","True","","","2","C","20112","","Research","2011"
"0000078650","1.0","0000000249","CHIN","","0","0","0","0","0","","Staff","{'fsnum': '', 'name': 'Staff'}","200","","","","","","IS/","","298","","False","","","2","O","20112","Independent Study","Research","2011"
"0000078400","1.0","0000000251","CHIN","","0","0","0","0","0","","Staff","{'fsnum': '', 'name': 'Staff'}","300","","","","","","Academic Internship","","394","","True","","","2","C","20112","","Research","2011"
"0000078592","1.0","0000000252","CHIN","","0","0","0","0","0","","Staff","{'fsnum': '', 'name': 'Staff'}","300","","","","","","IR/","","398","","False","","","2","O","20112","Independent Research","Research","2011"
"0000082416","1.0","0000022438","CLASS","This course introduces a variety of documents (both literary and artistic) to investigate cultural interactions between ancient Greece and the East in the first millennium BCE. By studying the mythological Trojan War, the Persian War, and Alexander the Great's decade of campaigns, students consider how the ancient Greeks related to the alien cultures with which they were in continual contact: what did it mean to be ""Greek"" or ""barbarian"" in the ancient world? Offered periodically during Interim. Counts towards ancient studies major.","27","5","1","15","6","HWC","Caldesi-Valeri, Valerio","{'fsnum': '21949', 'name': 'Caldesi-Valeri, Valerio'}","100","30","","","","","W Greeks & E Barbarians","","121","{'day': 'Mo', 'end': '15:00', 'location': 'TOH 214', 'start': '13:00'};{'day': 'Tu', 'end': '15:00', 'location': 'TOH 214', 'start': '13:00'};{'day': 'We', 'end': '15:00', 'location': 'TOH 214', 'start': '13:00'};{'day': 'Th', 'end': '15:00', 'location': 'TOH 214', 'start': '13:00'};{'day': 'Fr', 'end': '15:00', 'location': 'TOH 214', 'start': '13:00'}","False","False","","2","C","20112","""Western"" Greeks and Eastern ""Barbarians"" in Antiquity","Research","2011"
"0000080402","1.0","0000000228","CLASS","Ovid was the most witty and popular Roman poet of his time, and his 12,000-line Metamorphoses has influenced more European literature and art than any other classical Latin text. By analyzing two modern English translations and studying other poems, stories, and artwork based on the Metamorphoses, students gain an understanding of the nature of Ovid's storytelling and the power that it has exerted on our cultural tradition. Offered periodically during Interim. Counts towards ancient studies major.","26","6","6","10","4","ALS-L","Brunelle, Christopher M.","{'fsnum': '14999', 'name': 'Brunelle, Christopher M.'}","100","30","","","","","The Neverending Myth","","129","{'day': 'Mo', 'end': '12:40', 'location': 'TOH 308', 'start': '22:40'};{'day': 'Tu', 'end': '12:40', 'location': 'TOH 308', 'start': '22:40'};{'day': 'We', 'end': '12:40', 'location': 'TOH 308', 'start': '22:40'};{'day': 'Th', 'end': '12:40', 'location': 'TOH 308', 'start': '22:40'};{'day': 'Fr', 'end': '12:40', 'location': 'TOH 308', 'start': '22:40'}","False","False","","2","C","20112","The Neverending Myth: Ovid's Metamorphoses","Research","2011"
"0000078530","1.0","0000000232","CLASS","This course introduces students to the history and art of ancient Greece. It covers more than two thousand years of Greek civilization, from the bronze age through the archaic, classical, and Hellenistic periods. The itinerary takes students to every major region of Greece, with extended stays in Athens, Crete, and the Peloponnese. When not visiting museums and archaeological sites and learning about ancient Greek culture, students have the opportunity to experience modern Greek culture as well. Offered annually. Counts towards ancient studies major.","31","0","11","12","8","ALS-A;HWC","Groton, Anne","{'fsnum': '2771', 'name': 'Groton, Anne'}","200","30","","","","","Class Studies Greece","This is an off-campus course.","251","","False","False","","2","C","20112","Classical Studies in Greece","Research","2011"
"0000078397","1.0","0000000233","CLASS","","0","0","0","0","0","","Staff","{'fsnum': '', 'name': 'Staff'}","200","","","","","","Academic Internship","","294","","True","","","2","C","20112","","Research","2011"
"0000078649","1.0","0000000234","CLASS","","0","0","0","0","0","","Staff","{'fsnum': '', 'name': 'Staff'}","200","","","","","","IS/","","298","","False","","","2","O","20112","Independent Study","Research","2011"
"0000078398","1.0","0000000235","CLASS","","0","0","0","0","0","","Staff","{'fsnum': '', 'name': 'Staff'}","300","","","","","","Academic Internship","","394","","True","","","2","C","20112","","Research","2011"
"0000078624","1.0","0000000236","CLASS","","0","0","0","0","0","","Staff","{'fsnum': '', 'name': 'Staff'}","300","","","","","","IR/","","398","","False","","","2","O","20112","Independent Research","Research","2011"
"0000078403","1.0","0000000299","CSCI","This is an intermediate-level version of Computer Science 394.","0","0","0","0","0","","Staff","{'fsnum': '', 'name': 'Staff'}","200","","","","","","Academic Internship","","294","","True","False","","2","C","20112","Internship","Research","2011"
"0000078652","1.0","0000000300","CSCI","","1","0","0","0","1","","Brown, Richard","{'fsnum': '806', 'name': 'Brown, Richard'}","200","","","","","","IS/Pll Design Patterns","","298","","False","","","2","O","20112","Independent Study","Research","2011"
"0000080581","1.0","0000000304","CSCI","This course is devoted to team research/development projects, employing established software development methodologies. Projects frequently have an interdisciplinary nature, involving consultation with faculty and/or students in other fields, and taking advantage of the particular backgrounds of team members. One or more research papers, posters, etc., on results are ordinarily expected. Prerequisites: Two or more core courses in computer science or permission of instructor. Offered alternate years.","20","1","5","4","10","","Hall-Holt, Olaf A.","{'fsnum': '16583', 'name': 'Hall-Holt, Olaf A.'}","300","15","","","","","Advanced Team Project","","350","{'day': 'Mo', 'end': '15:00', 'location': 'RNS 203', 'start': '13:00'};{'day': 'Tu', 'end': '15:00', 'location': 'RNS 203', 'start': '13:00'};{'day': 'We', 'end': '15:00', 'location': 'RNS 203', 'start': '13:00'};{'day': 'Th', 'end': '15:00', 'location': 'RNS 203', 'start': '13:00'};{'day': 'Fr', 'end': '15:00', 'location': 'RNS 203', 'start': '13:00'};{'day': 'Mo', 'end': '10:00', 'location': 'RNS 203', 'start': '08:00'};{'day': 'Tu', 'end': '10:00', 'location': 'RNS 203', 'start': '08:00'};{'day': 'We', 'end': '10:00', 'location': 'RNS 203', 'start': '08:00'};{'day': 'Th', 'end': '10:00', 'location': 'RNS 203', 'start': '08:00'};{'day': 'Fr', 'end': '10:00', 'location': 'RNS 203', 'start': '08:00'}","False","Prerequisites: Two or more core courses in computer science or permission of instructor. Offered alternate years.","","2","C","20112","","Research","2011"
"0000078404","1.0","0000000306","CSCI","Students gain experience in computer-industry positions. Projects have included contributions to team programming, implementation of solid modeling (NURBS), documentation, business applications of computing, and applications of computer graphics in medical research. Internship experiences (whether for credit or not) are strongly encouraged for anyone considering a career in computing.","0","0","0","0","0","","Staff","{'fsnum': '', 'name': 'Staff'}","300","","","","","","Academic Internship","","394","","True","False","","2","C","20112","Internship","Research","2011"
"0000078594","1.0","0000000307","CSCI","Recent projects, usually executed by individuals and coordinated with ongoing undergraduate research projects, include cluster-assisted computer vision for robots, parallel computing in computer science education, neural networks, applications of genetic algorithms to scheduling, computational Bayesian image reconstruction, and design of software to assist choreographers.","0","0","0","0","0","","Staff","{'fsnum': '', 'name': 'Staff'}","300","","","","","","IR/","","398","","False","False","","2","O","20112","Independent Research","Research","2011"
"0000078407","1.0","0000000374","DANCE","","0","0","0","0","0","","Staff","{'fsnum': '', 'name': 'Staff'}","200","","","","","","Academic Internship","","294","","True","","","2","C","20112","Internship","Research","2011"
"0000078653","1.0","0000000375","DANCE","","0","0","0","0","0","","Staff","{'fsnum': '', 'name': 'Staff'}","200","","","","","","IS/","","298","","False","","","2","O","20112","Independent Study","Research","2011"
"0000078408","1.0","0000000377","DANCE","","0","0","0","0","0","","Staff","{'fsnum': '', 'name': 'Staff'}","300","","","","","","Academic Internship","","394","","True","","","2","C","20112","Internship","Research","2011"
"0000078595","1.0","0000000378","DANCE","","0","0","0","0","0","","Staff","{'fsnum': '', 'name': 'Staff'}","300","","","","","","IR/","","398","","False","","","2","O","20112","Independent Research","Research","2011"
"0000085319","1.0","0000025187","ECON","This course explores the changing structure of American business, the role of the individual in business development, and the challenges and opportunities that the corporate system poses for individuals, government, and society in general. The course uses basic economic concepts but does not require extensive knowledge of economic theory. The course follows a topics-based approach, considering the evolution of business and contemporary issues confronting corporations. Class discussions, small group activities, and guest speakers provide a varied pedagogical approach. Offered occasionally during Interim.","22","13","2","2","5","HBS","Dalgaard, Bruce","{'fsnum': '1333', 'name': 'Dalgaard, Bruce'}","100","19","","","","","American Business","","114","{'day': 'Mo', 'end': '12:40', 'location': 'TOH 212', 'start': '22:40'};{'day': 'Tu', 'end': '12:40', 'location': 'TOH 212', 'start': '22:40'};{'day': 'We', 'end': '12:40', 'location': 'TOH 212', 'start': '22:40'};{'day': 'Th', 'end': '12:40', 'location': 'TOH 212', 'start': '22:40'};{'day': 'Fr', 'end': '12:40', 'location': 'TOH 212', 'start': '22:40'}","False","False","","2","C","20112","Development of American Business","Research","2011"
"0000078401","1.0","0000000276","ECON","","2","0","1","0","1","","Soderlind, Steve","{'fsnum': '7636', 'name': 'Soderlind, Steve'}","200","","","","","","Academic Internship","","294","","True","","","2","C","20112","","Research","2011"
"0000078651","1.0","0000000277","ECON","","0","0","0","0","0","","Staff","{'fsnum': '', 'name': 'Staff'}","200","","","","","","IS/","","298","","False","","","2","O","20112","Independent Study","Research","2011"
"0000085564","1.0","0000000277","ECON","","1","0","1","0","0","WRI","Pomponio, Xun","{'fsnum': '6399', 'name': 'Pomponio, Xun'}","200","","","","","","IS/Rural China Growth","","298","","False","","A","2","O","20112","Independent Study","Research","2011"
"0000078402","1.0","0000000284","ECON","Academic Internship.","1","0","1","0","0","","Soderlind, Steve","{'fsnum': '7636', 'name': 'Soderlind, Steve'}","300","","","","","","Academic Internship","","394","","True","False","","2","C","20112","","Research","2011"
"0000078593","1.0","0000000285","ECON","","0","0","0","0","0","","Staff","{'fsnum': '', 'name': 'Staff'}","300","","","","","","IR/","","398","","False","","","2","O","20112","Independent Research","Research","2011"
"0000078767","1.0","0000000308","EDUC","In this course, students examine how schools and communities in the Twin Cities interact to provide support and developmental opportunities for school-age children. Through lectures, readings, discussions, field trips, and in-school and co-curricular placements, students gain an understanding and awareness of how race, class, ethnicity, national origin, and gender shape the complex character of urban youth and schools. Students spend one week in orientation activities on campus and two weeks in the Twin Cities. During the time in the Twin Cities, St. Olaf students participate as tutors and classroom assistants during the school day and then assist in various after-school and community programs. The last week of Interim is spent back on campus discussing the experience. Counts toward major: ARMS. Counts toward concentration: ARMS. Fulfills Education 382: Human Relations requirement. Open to first-year students. Offered during Interim. Counts towards ARMS and American studies majors and ARMS concentration.","20","9","0","3","8","MCD;MCS-D","McDonald, Eric","{'fsnum': '18464', 'name': 'McDonald, Eric'}","100","25","","0","","0","Schools & Communities","Open to First-Year Students and Sophomores only.                                ;Admission by interview.","170","{'day': 'Mo', 'end': '10:00', 'location': 'BC 143', 'start': '08:00'};{'day': 'Tu', 'end': '10:00', 'location': 'BC 143', 'start': '08:00'};{'day': 'We', 'end': '10:00', 'location': 'BC 143', 'start': '08:00'};{'day': 'Th', 'end': '10:00', 'location': 'BC 143', 'start': '08:00'};{'day': 'Fr', 'end': '10:00', 'location': 'BC 143', 'start': '08:00'};{'day': 'Mo', 'end': '12:40', 'location': 'BC 143', 'start': '22:40'};{'day': 'Tu', 'end': '12:40', 'location': 'BC 143', 'start': '22:40'};{'day': 'We', 'end': '12:40', 'location': 'BC 143', 'start': '22:40'};{'day': 'Th', 'end': '12:40', 'location': 'BC 143', 'start': '22:40'};{'day': 'Fr', 'end': '12:40', 'location': 'BC 143', 'start': '22:40'}","True","False","","2","C","20112","Urban Schools & Communities","Research","2011"
"0000078405","1.0","0000000313","EDUC","","1","0","0","0","1","","Kelly, Maria L.","{'fsnum': '10032', 'name': 'Kelly, Maria L.'}","200","","","","","","Academic Internship","","294","","True","","","2","C","20112","","Research","2011"
"0000078701","1.0","0000000314","EDUC","","1","0","0","0","1","","McClure, Robert W.","{'fsnum': '16582', 'name': 'McClure, Robert W.'}","200","","","","","","IS/Human Geog/Peace Acad.","","298","","False","","","2","O","20112","Independent Study","Research","2011"
"0000078719","1.0","0000000338","EDUC","Students examine the influence of race, class and multiculturalism in American schools by participating as teachers' assistants and tutors in two distinctly different K-12 schools. Kamehameha, in Honolulu, is an affluent, urban, private, Hawaiian cultural immersion school. The Kailua Kona schools, on the big island, are rural, public, mixed-race environments. Students discover the challenges and benefits associated with teaching in a diverse racial, cultural and socio-economic environments. Through guest lectures, readings, field trips and seminars, students learn about the truly unique geographic and cultural setting of the Hawaiian islands. This environment makes an excellent framework to examine diversity on the mainland. Counts toward major: ARMS. Counts toward concentration: ARMS. Fulfills Education 382: Human Relations requirement. Prerequisite: Education 330 or Education 260, consent of instructor. Offered during Interim. Counts towards ARMS and American studies majors and ARMS concentration.","0","0","0","0","0","MCD;MCS-D","Campbell, Heather","{'fsnum': '903', 'name': 'Campbell, Heather'}","300","0","0","","","","Multi-Cult Ed Hawaii","This is an off-campus course.  Admission by interview.","378","","True","Education 330 or Education 260, consent of instructor. Offered during Interim. Counts towards ARMS and American studies majors and ARMS concentration.","","2","X","20112","Multicultural Education in Hawaii: Seminar and Practicum","Research","2011"
"0000078802","1.0","0000000339","EDUC","This program provides an opportunity for students to gain direct teaching experience by serving as an intern/paraprofessional for a teacher in a Minneapolis/St. Paul public school. The Interim will heighten students' sensitivities to the complexities of multicultural, urban education and provide exposure to models used to foster educational and personal success in diverse student populations. On/off-campus orientation will be followed by four weeks of full-time work in a classroom with a host teacher and participation in weekly seminars with the college instructor. Reading assignments, journals, and guest speakers will complement the experience. Counts toward major: ARMS. Fulfills Education 382: Human Relations Requirement. Prerequisite: Education 290 or consent of instructor. Apply through Education Department by Oct. 15. Offered during Interim. Counts towards ARMS major and concentration and American studies major.","19","0","7","0","12","MCD;MCS-D","Pfarr-Baker, Rosemary A.","{'fsnum': '10410', 'name': 'Pfarr-Baker, Rosemary A.'}","300","32","0","","","","Urban Sem & Practicum","Admission by interview.","379","","True","Education 290 or consent of instructor. Apply through Education Department by Oct. 15. Offered during Interim. Counts towards ARMS major and concentration and American studies major.","A","2","C","20112","Urban Education Practicum and Seminar","Research","2011"
"0000085380","1.0","0000000339","EDUC","This program provides an opportunity for students to gain direct teaching experience by serving as an intern/paraprofessional for a teacher in a Minneapolis/St. Paul public school. The Interim will heighten students' sensitivities to the complexities of multicultural, urban education and provide exposure to models used to foster educational and personal success in diverse student populations. On/off-campus orientation will be followed by four weeks of full-time work in a classroom with a host teacher and participation in weekly seminars with the college instructor. Reading assignments, journals, and guest speakers will complement the experience. Counts toward major: ARMS. Fulfills Education 382: Human Relations Requirement. Prerequisite: Education 290 or consent of instructor. Apply through Education Department by Oct. 15. Offered during Interim. Counts towards ARMS major and concentration and American studies major.","4","0","1","0","3","MCD;MCS-D","Campbell, Heather","{'fsnum': '903', 'name': 'Campbell, Heather'}","300","18","","","","","Urban Ed Practicum","Admission by interview.","379","","True","Education 290 or consent of instructor. Apply through Education Department by Oct. 15. Offered during Interim. Counts towards ARMS major and concentration and American studies major.","B","2","C","20112","Urban Education Practicum and Seminar","Research","2011"
"0000078406","1.0","0000000344","EDUC","","1","0","0","0","1","","Kelly, Maria L.","{'fsnum': '10032', 'name': 'Kelly, Maria L.'}","300","","","","","","Academic Internship","","394","","True","","","2","C","20112","Internship","Research","2011"
"0000078622","1.0","0000000345","EDUC","","0","0","0","0","0","","Staff","{'fsnum': '', 'name': 'Staff'}","300","","","","","","IR/","","398","","False","","","2","O","20112","Independent Research","Research","2011"
"0000082436","1.0","0000000384","ENGL","This course introduces students to poetry from a range of perspectives including, but not limited to the poet's life; the application of categories of analysis such as race, gender, and nationality; poetry as literary craft; and the aesthetic appreciation of poems. To experience the literary medium of poetry in the fullest sense, students are required to write about, memorize, orally interpret/recite, and compose their own poetry.","30","29","0","0","1","ALS-L;ORC","Titus, Mary","{'fsnum': '8415', 'name': 'Titus, Mary'}","100","30","","","","","Intro to Poetry","","123","{'day': 'Mo', 'end': '12:40', 'location': 'RML 515', 'start': '22:40'};{'day': 'Tu', 'end': '12:40', 'location': 'RML 515', 'start': '22:40'};{'day': 'We', 'end': '12:40', 'location': 'RML 515', 'start': '22:40'};{'day': 'Th', 'end': '12:40', 'location': 'RML 515', 'start': '22:40'};{'day': 'Fr', 'end': '12:40', 'location': 'RML 515', 'start': '22:40'}","False","False","","2","C","20112","Introduction to Poetry","Research","2011"
"0000080622","1.0","0000000385","ENGL","This course introduces students to literary analysis through dramatic texts and performance. Activities may include trips to see local productions, student in-class performances, staged readings, and viewing filmed productions. Plays are drawn from varied genres, two or more historical periods, and both traditional and experimental approaches.","30","10","9","4","7","ALS-L;ORC","Naito, Jon T.","{'fsnum': '21893', 'name': 'Naito, Jon T.'}","100","30","","","","","Intro to Drama","","124","{'day': 'Mo', 'end': '15:00', 'location': 'RML 515', 'start': '13:00'};{'day': 'Tu', 'end': '15:00', 'location': 'RML 515', 'start': '13:00'};{'day': 'We', 'end': '15:00', 'location': 'RML 515', 'start': '13:00'};{'day': 'Th', 'end': '15:00', 'location': 'RML 515', 'start': '13:00'};{'day': 'Fr', 'end': '15:00', 'location': 'RML 515', 'start': '13:00'}","False","False","","2","C","20112","Introduction to Drama","Research","2011"
"0000080711","1.0","0000000421","ENGL","Students will study selected writers of the Eastern Caribbean islands of Barbados, Trinidad, Saint Lucia and others. The study of literature is supplemented by guest lectures and speakers, as well as field trips to sites of cultural and environmental interest. Accommodation includes stays in private homes. Prerequisite: FYW. Offered in alternate years during Interim.","22","0","15","1","6","ALS-L;MCG","Cherewatuk, Karen","{'fsnum': '1076', 'name': 'Cherewatuk, Karen'}","200","24","","","","","Lit Eastern Caribbean","This is an off-campus course.","212","","False","FYW. Offered in alternate years during Interim.","","2","C","20112","Literature of the Eastern Caribbean","Research","2011"
"0000085320","1.0","0000025192","ENGL","This course examines the Beat movement in American literature and culture from its emergence","24","6","5","7","6","ALS-L","Wells, Colin","{'fsnum': '8973', 'name': 'Wells, Colin'}","200","30","","","","","Beat Generation","","261","{'day': 'Mo', 'end': '15:00', 'location': 'RML 525', 'start': '13:00'};{'day': 'Tu', 'end': '15:00', 'location': 'RML 525', 'start': '13:00'};{'day': 'We', 'end': '15:00', 'location': 'RML 525', 'start': '13:00'};{'day': 'Th', 'end': '15:00', 'location': 'RML 525', 'start': '13:00'};{'day': 'Fr', 'end': '15:00', 'location': 'RML 525', 'start': '13:00'}","False","False","","2","C","20112","The Beat Generation","Research","2011"
"0000081009","1.0","0000022130","ENGL","These courses emphasize the study of literature united by specific or shared formal elements rather than by theme, topic, historical period, or national origin. The genre studied may be broad, such as narrative fiction, or narrowly defined, such as the elegy. The course focuses on the study of literature through a critical exploration of form. May be repeated if topics are different. Prerequisite: FYW. Click on course title in the class and lab for more information about the course for that term.","33","0","9","15","9","ALS-L","Gallego, Carlos","{'fsnum': '22837', 'name': 'Gallego, Carlos'}","200","30","","","","","Top: Pop Culture Studies","","280","{'day': 'Mo', 'end': '12:40', 'location': 'RML 525', 'start': '22:40'};{'day': 'Tu', 'end': '12:40', 'location': 'RML 525', 'start': '22:40'};{'day': 'We', 'end': '12:40', 'location': 'RML 525', 'start': '22:40'};{'day': 'Th', 'end': '12:40', 'location': 'RML 525', 'start': '22:40'};{'day': 'Fr', 'end': '12:40', 'location': 'RML 525', 'start': '22:40'}","False","FYW. Click on course title in the class and lab for more information about the course for that term.","","2","C","20112","Topics in Genre","Topic","2011"
"0000081032","1.0","0000000393","ENGL","The personal essay may contain rumination, memoir, anecdote, diatribe, scholarship, fantasy, and moral philosophy. Students read and write about the personal essay from its origins to the present day as well as craft their own personal essays. Readings range from founding father Montaigne to classic practitioners Charles Lamb and Virginia Woolf; students also explore International essayists such as Wole Soyinka and American voices from Thoreau to Annie Dillard. Offered during Interim.","18","2","9","0","7","ALS-L;WRI","Dunning, Jenny","{'fsnum': '18290', 'name': 'Dunning, Jenny'}","200","19","","","","","Personal Essay","","288","{'day': 'Mo', 'end': '15:00', 'location': 'RML 520', 'start': '13:00'};{'day': 'Tu', 'end': '15:00', 'location': 'RML 520', 'start': '13:00'};{'day': 'We', 'end': '15:00', 'location': 'RML 520', 'start': '13:00'};{'day': 'Th', 'end': '15:00', 'location': 'RML 520', 'start': '13:00'};{'day': 'Fr', 'end': '15:00', 'location': 'RML 520', 'start': '13:00'}","False","False","","2","C","20112","Reading and Writing the Personal Essay","Research","2011"
"0000080623","1.0","0000000417","ENGL","Students critically examine a variety of national, metro, and local media. Students then learn to write their own news copy, including hard news, features, editorials, arts and entertainment reviews, sports, business, and travel stories. Students also learn UPI/AP style copy editing and proofreading, important skills for students applying for internships and print media jobs. Prerequisite: FYW.","15","2","2","0","11","WRI","Hill, Jan C.","{'fsnum': '109', 'name': 'Hill, Jan C.'}","200","14","","","","","Journalistic Writing","","289","{'day': 'Mo', 'end': '12:40', 'location': 'RML 420', 'start': '22:40'};{'day': 'Tu', 'end': '12:40', 'location': 'RML 420', 'start': '22:40'};{'day': 'We', 'end': '12:40', 'location': 'RML 420', 'start': '22:40'};{'day': 'Th', 'end': '12:40', 'location': 'RML 420', 'start': '22:40'};{'day': 'Fr', 'end': '12:40', 'location': 'RML 420', 'start': '22:40'}","False","FYW.","","2","C","20112","","Research","2011"
"0000078409","1.0","0000000433","ENGL","","0","0","0","0","0","","Staff","{'fsnum': '', 'name': 'Staff'}","200","","","","","","Academic Internship","","294","","True","","","2","C","20112","Internship","Research","2011"
"0000078692","1.0","0000000434","ENGL","","1","0","1","0","0","","Gallego, Carlos","{'fsnum': '22837', 'name': 'Gallego, Carlos'}","200","","","","","","IS/Intdscp: Postcol Study","","298","","False","","","2","O","20112","Independent Study","Research","2011"
"0000080624","1.0","0000000436","ENGL","Students explore specific periods in American literature and examine the relationship between literary texts and movements and their particular cultural, political, and historical contexts. Each offering of this course examines a different literary era and emphasizes specific literary and historical issues. Prerequisites: English 185 plus one additional course of relevant background. Click on course title in the class and lab for more information about the course for that term. Counts towards American studies major.","16","0","0","0","16","","Holly, Carol","{'fsnum': '3424', 'name': 'Holly, Carol'}","300","15","","","","","Top: Sex,Madness&Marriage","","340","{'day': 'Mo', 'end': '12:40', 'location': 'RML 520', 'start': '22:40'};{'day': 'Tu', 'end': '12:40', 'location': 'RML 520', 'start': '22:40'};{'day': 'We', 'end': '12:40', 'location': 'RML 520', 'start': '22:40'};{'day': 'Th', 'end': '12:40', 'location': 'RML 520', 'start': '22:40'};{'day': 'Fr', 'end': '12:40', 'location': 'RML 520', 'start': '22:40'}","False","Prerequisites: English 185 plus one additional course of relevant background. Click on course title in the class and lab for more information about the course for that term. Counts towards American studies major.","","2","C","20112","Advanced Studies in Literary Eras: American","Topic","2011"
"0000078410","1.0","0000000449","ENGL","","0","0","0","0","0","","Staff","{'fsnum': '', 'name': 'Staff'}","300","","","","","","Academic Internship","","394","","True","","","2","C","20112","Internship","Research","2011"
"0000078621","1.0","0000000451","ENGL","","0","0","0","0","0","","Staff","{'fsnum': '', 'name': 'Staff'}","300","","","","","","IR/","","398","","False","","","2","O","20112","Independent Research","Research","2011"
"0000078590","1.0","0000000455","ENVST","This interdisciplinary course uses basic concepts of environmental science to explore global environmental issues. Topics are drawn from recent texts and current periodic literature, and participants will recognize many of the themes from coverage in the media. Because most environmental problems involve issues beyond the sciences, the class examines the economic, political, and ethical dimensions of environmental questions and environmental decision-making. Offered each semester.","13","3","4","5","1","IST;NST","Swift, Michael","{'fsnum': '8210', 'name': 'Swift, Michael'}","100","28","","","","","Intro: Env Studies","","137","{'day': 'Mo', 'end': '15:00', 'location': 'RNS 290', 'start': '13:00'};{'day': 'Tu', 'end': '15:00', 'location': 'RNS 290', 'start': '13:00'};{'day': 'We', 'end': '15:00', 'location': 'RNS 290', 'start': '13:00'};{'day': 'Th', 'end': '15:00', 'location': 'RNS 290', 'start': '13:00'};{'day': 'Fr', 'end': '15:00', 'location': 'RNS 290', 'start': '13:00'};{'day': 'Mo', 'end': '10:00', 'location': 'RNS 290', 'start': '08:00'};{'day': 'Tu', 'end': '10:00', 'location': 'RNS 290', 'start': '08:00'};{'day': 'We', 'end': '10:00', 'location': 'RNS 290', 'start': '08:00'};{'day': 'Th', 'end': '10:00', 'location': 'RNS 290', 'start': '08:00'};{'day': 'Fr', 'end': '10:00', 'location': 'RNS 290', 'start': '08:00'}","False","False","","2","O","20112","Introduction to Environmental Studies","Research","2011"
"0000080586","1.0","0000018778","ENVST","Students study topics related to the environment. Topics vary from year to year at the discretion of the instructor. Topics may include Environment and Theology, Environmental Justice, Ecotourism, and Literature of the Poles. Class is largely discussion-based but may include a lab/field work component depending on the topic. May be repeated if topics are different. Offered annually.","16","2","7","0","7","EIN","Garvey, Michelle","{'fsnum': '22972', 'name': 'Garvey, Michelle'}","200","18","","","","","Top: Food, Politics & Env","","281","{'day': 'Mo', 'end': '15:00', 'location': 'RNS 400', 'start': '13:00'};{'day': 'Tu', 'end': '15:00', 'location': 'RNS 400', 'start': '13:00'};{'day': 'We', 'end': '15:00', 'location': 'RNS 400', 'start': '13:00'};{'day': 'Th', 'end': '15:00', 'location': 'RNS 400', 'start': '13:00'};{'day': 'Fr', 'end': '15:00', 'location': 'RNS 400', 'start': '13:00'}","False","False","","2","C","20112","Topics in Environmental Studies","Topic","2011"
"0000080585","1.0","0000021769","ENVST","Sample Topic: Literature of the Poles;The earth's polar regions are today experiencing the greatest environmental change anywhere on earth. This course explores the historical, literary, and artistic works from places of great beauty and natural extremes: accounts from the turn-of-the-century heroic expeditions; early- to mid-20th-century photographers, writers, and scientists; and the works of contemporary artists photographers, writers, film makers, and scientists who depict conditions and change in the polar regions today.","15","0","8","5","2","ALS-L","Jacobel, Robert","{'fsnum': '3646', 'name': 'Jacobel, Robert'}","200","14","","","","","Top: Polar Literature","","283","{'day': 'Mo', 'end': '10:00', 'location': 'RNS 206', 'start': '08:00'};{'day': 'Tu', 'end': '10:00', 'location': 'RNS 206', 'start': '08:00'};{'day': 'We', 'end': '10:00', 'location': 'RNS 206', 'start': '08:00'};{'day': 'Th', 'end': '10:00', 'location': 'RNS 206', 'start': '08:00'};{'day': 'Fr', 'end': '10:00', 'location': 'RNS 206', 'start': '08:00'};{'day': 'Mo', 'end': '12:40', 'location': 'RNS 206', 'start': '22:40'};{'day': 'Tu', 'end': '12:40', 'location': 'RNS 206', 'start': '22:40'};{'day': 'We', 'end': '12:40', 'location': 'RNS 206', 'start': '22:40'};{'day': 'Th', 'end': '12:40', 'location': 'RNS 206', 'start': '22:40'};{'day': 'Fr', 'end': '12:40', 'location': 'RNS 206', 'start': '22:40'}","False","False","","2","C","20112","Topics with ALS-L","Research","2011"
"0000078411","1.0","0000000464","ENVST","","1","0","0","1","0","","Hill, Jan C.;Jackson, Paul T.","{'fsnum': '109', 'name': 'Hill, Jan C.'};{'fsnum': '3644', 'name': 'Jackson, Paul T.'}","200","","","","","","Academic Internship","","294","","True","","","2","C","20112","Internship","Research","2011"
"0000085597","1.0","0000000464","ENVST","","1","0","1","0","0","","Jackson, Paul T.","{'fsnum': '3644', 'name': 'Jackson, Paul T.'}","200","","","","","","Academic Internship","","294","","True","","A","2","O","20112","Internship","Research","2011"
"0000078654","1.0","0000000465","ENVST","","1","0","1","0","0","","Judge, Rebecca","{'fsnum': '4137', 'name': 'Judge, Rebecca'}","200","","","","","","IS/Sustainable Societies","","298","","False","","","2","O","20112","Independent Study","Research","2011"
"0000085600","1.0","0000000465","ENVST","","1","0","1","0","0","","Angell, Diane K.","{'fsnum': '256', 'name': 'Angell, Diane K.'}","200","","","","","","IS/Developing AG Research","","298","","False","","A","2","O","20112","Independent Study","Research","2011"
"0000078412","1.0","0000000466","ENVST","","0","0","0","0","0","","Staff","{'fsnum': '', 'name': 'Staff'}","300","","","","","","Academic Internship","","394","","True","","","2","C","20112","Internship","Research","2011"
"0000078641","1.0","0000000467","ENVST","","1","0","0","0","1","","Jackson, Paul T.","{'fsnum': '3644', 'name': 'Jackson, Paul T.'}","300","","","","","","IR/Landfill Investigation","","398","","False","","","2","O","20112","Independent Research","Research","2011"
"0000078446","1.0","0000001057","ESTH","","1","0","0","0","1","","Book, Cindy","{'fsnum': '694', 'name': 'Book, Cindy'}","200","","","","","","Academic Internship","","294","","True","","","2","C","20112","Internship","Research","2011"
"0000085593","1.0","0000001057","ESTH","","1","0","1","0","0","","Goldsworthy, William Sean","{'fsnum': '2652', 'name': 'Goldsworthy, William Sean'}","200","","","","","","Academic Internship","","294","","True","","A","2","O","20112","Internship","Research","2011"
"0000078664","1.0","0000001058","ESTH","","1","0","1","0","0","","Book, Cindy","{'fsnum': '694', 'name': 'Book, Cindy'}","200","","","","","","IS/ACL Injury Prevention","","298","","False","","","2","O","20112","Independent Study","Research","2011"
"0000078447","1.0","0000001067","ESTH","","3","0","1","0","2","","Book, Cindy","{'fsnum': '694', 'name': 'Book, Cindy'}","300","","","","","","Academic Internship","","394","","True","","","2","C","20112","Internship","Research","2011"
"0000085588","1.0","0000001067","ESTH","","1","0","1","0","0","","McCarthy, Robert K.","{'fsnum': '14953', 'name': 'McCarthy, Robert K.'}","300","","","","","","Academic Internship","","394","","True","","A","2","O","20112","Internship","Research","2011"
"0000085591","1.0","0000001067","ESTH","","0","0","0","0","0","","Book, Cindy","{'fsnum': '694', 'name': 'Book, Cindy'}","300","","","","","","Academic Internship","","394","","True","","B","2","O","20112","Internship","Research","2011"
"0000078606","1.0","0000001068","ESTH","Research","0","0","0","0","0","","Staff","{'fsnum': '', 'name': 'Staff'}","300","","","","","","IR/","","398","","False","False","","2","O","20112","Independent Research","Research","2011"
"0000078423","1.0","0000000653","FAMST","","1","0","0","0","1","","Chandran, Devyani","{'fsnum': '21065', 'name': 'Chandran, Devyani'}","200","","","","","","Academic Internship","","294","","True","","","2","C","20112","Internship","Research","2011"
"0000078689","1.0","0000000654","FAMST","","1","0","0","0","1","","Chandran, Devyani","{'fsnum': '21065', 'name': 'Chandran, Devyani'}","200","","","","","","IS/Respite Care","","298","","False","","","2","O","20112","Independent Study","Research","2011"
"0000078424","1.0","0000000656","FAMST","","0","0","0","0","0","","Staff","{'fsnum': '', 'name': 'Staff'}","300","","","","","","Academic Internship","","394","","True","","","2","C","20112","","Research","2011"
"0000078599","1.0","0000000657","FAMST","","0","0","0","0","0","","Staff","{'fsnum': '', 'name': 'Staff'}","300","","","","","","IR/","","398","","False","","","2","O","20112","Independent Research","Research","2011"
"0000078546","1.0","0000021394","FREN","Students study French language and Moroccan culture in the imperial city of Fes. An immersion experience that includes home stays with local French-speaking families, the course focuses on Moroccan culture yesterday and today, emphasizing the multicultural aspects of Morocco and facilitating student interaction with the local population. Field trips to various sites in and around Fes, day-long visits to Meknès and Moulay Idriss, and a longer excursion to Marrakech and Casablanca. Review of second-year French grammar is integrated into the reading and discussion of texts pertaining to Morocco's history and culture and their relation to present-day Morocco. Taught in French. Prerequisite: French 231 or placement in French 232. Offered during Interim. Open to first-year students.","12","4","2","6","0","FOL-F;MCG;MCS-G","Bekhechi, Amine R.","{'fsnum': '19456', 'name': 'Bekhechi, Amine R.'}","200","18","","","","","Fr Lang/Moroccan Culture","Open to all students who meet the requirements.                                 ;This is an off-campus course.","235","","False","French 231 or placement in French 232. Offered during Interim. Open to first-year students.","","2","C","20112","French Language and Moroccan Culture in Fes","Research","2011"
"0000078773","1.0","0000000482","FREN","This course provides an on-campus immersion experience for students interested in improving their oral language proficiency. Students engage in small and large group discussion, give individual and group oral presentations, and review grammar and registers of language. They also explore the notions of communicative competence and oral proficiency in order to become more effective speakers. Taught in French. Prerequisite: French 232, 235, or equivalent. Offered during Interim. Counts toward film studies concentration.","12","3","2","3","4","FOL-F;ORC","Biem, Jean E.","{'fsnum': '21921', 'name': 'Biem, Jean E.'}","200","18","","","","","Speaking of French","Open to all students who meet the requirements.","250","{'day': 'Mo', 'end': '15:30', 'location': 'TOH 310', 'start': '22:40'};{'day': 'Tu', 'end': '15:30', 'location': 'TOH 310', 'start': '22:40'};{'day': 'We', 'end': '15:30', 'location': 'TOH 310', 'start': '22:40'};{'day': 'Th', 'end': '15:30', 'location': 'TOH 310', 'start': '22:40'};{'day': 'Fr', 'end': '15:30', 'location': 'TOH 310', 'start': '22:40'}","False","French 232, 235, or equivalent. Offered during Interim. Counts toward film studies concentration.","","2","O","20112","Speaking","Research","2011"
"0000078574","1.0","0000000489","FREN","Students delve into advanced language work and on-the-spot investigation of French culture, past and present, including theater, film, visual arts, the French court, and the medieval cathedral through background readings and visits to important monuments. Students read, discuss, see, and critique plays ranging from the classical to the contemporary. Taught in French. Prerequisite: One French 250-level course (two recommended). Offered during Interim.","9","0","5","4","0","","Allen, Wendy","{'fsnum': '102', 'name': 'Allen, Wendy'}","200","18","","","","","ID French St--Paris","Open to all students who meet the requirements.                                 ;This is an off-campus course.","275","","False","One French 250-level course (two recommended). Offered during Interim.","","2","C","20112","Interdisciplinary French Studies in Paris","Research","2011"
"0000078413","1.0","0000000490","FREN","","0","0","0","0","0","","Staff","{'fsnum': '', 'name': 'Staff'}","200","","","","","","Academic Internship","","294","","True","","","2","C","20112","","Research","2011"
"0000078655","1.0","0000000491","FREN","","0","0","0","0","0","","Staff","{'fsnum': '', 'name': 'Staff'}","200","","","","","","IS/","","298","","False","","","2","O","20112","Independent Study","Research","2011"
"0000078414","1.0","0000000494","FREN","","0","0","0","0","0","","Staff","{'fsnum': '', 'name': 'Staff'}","300","","","","","","Academic Internship","","394","","True","","","2","C","20112","","Research","2011"
"0000078596","1.0","0000000496","FREN","","0","0","0","0","0","","Staff","{'fsnum': '', 'name': 'Staff'}","300","","","","","","IR/","","398","","False","","","2","O","20112","Independent Research","Research","2011"
"0000078758","1.0","0000000532","GCON","Students explore the Greek and Hebrew legacies in Roman society and in the New Testament, discussing various attempts to find personal fulfillment in political life, in stoicism and Epicureanism, and in the teachings of Christ and St. Paul. Students read works by Cicero, Horace, Virgil, Epictetus, the writers of Christian scripture and study the artistry of Roman portraiture. Prerequisite: Great Conversation 113. Offered during Interim. Counts towards ancient studies major.","21","20","0","1","0","BTS-B;WRI","Barbour, John","{'fsnum': '329', 'name': 'Barbour, John'}","100","22","","","","","Romans & Christians","Open to Great Conversation students only.","115","{'day': 'Mo', 'end': '12:40', 'location': 'HH 514', 'start': '22:40'};{'day': 'Tu', 'end': '12:40', 'location': 'HH 514', 'start': '22:40'};{'day': 'We', 'end': '12:40', 'location': 'HH 514', 'start': '22:40'};{'day': 'Th', 'end': '12:40', 'location': 'HH 514', 'start': '22:40'};{'day': 'Fr', 'end': '12:40', 'location': 'HH 514', 'start': '22:40'}","False","Great Conversation 113. Offered during Interim. Counts towards ancient studies major.","A","2","C","20112","The Tradition Continuing: The Romans and the Christians","Research","2011"
"0000078759","1.0","0000000532","GCON","Students explore the Greek and Hebrew legacies in Roman society and in the New Testament, discussing various attempts to find personal fulfillment in political life, in stoicism and Epicureanism, and in the teachings of Christ and St. Paul. Students read works by Cicero, Horace, Virgil, Epictetus, the writers of Christian scripture and study the artistry of Roman portraiture. Prerequisite: Great Conversation 113. Offered during Interim. Counts towards ancient studies major.","19","19","0","0","0","BTS-B;WRI","Grenberg, Jeanine","{'fsnum': '2752', 'name': 'Grenberg, Jeanine'}","100","19","","","","","Romans & Christians","Open to Great Conversation students only.","115","{'day': 'Mo', 'end': '12:40', 'location': 'HH 515', 'start': '22:40'};{'day': 'Tu', 'end': '12:40', 'location': 'HH 515', 'start': '22:40'};{'day': 'We', 'end': '12:40', 'location': 'HH 515', 'start': '22:40'};{'day': 'Th', 'end': '12:40', 'location': 'HH 515', 'start': '22:40'};{'day': 'Fr', 'end': '12:40', 'location': 'HH 515', 'start': '22:40'}","False","Great Conversation 113. Offered during Interim. Counts towards ancient studies major.","B","2","C","20112","The Tradition Continuing: The Romans and the Christians","Research","2011"
"0000078760","1.0","0000000532","GCON","Students explore the Greek and Hebrew legacies in Roman society and in the New Testament, discussing various attempts to find personal fulfillment in political life, in stoicism and Epicureanism, and in the teachings of Christ and St. Paul. Students read works by Cicero, Horace, Virgil, Epictetus, the writers of Christian scripture and study the artistry of Roman portraiture. Prerequisite: Great Conversation 113. Offered during Interim. Counts towards ancient studies major.","18","13","0","0","5","BTS-B;WRI","Howe, Tim R.","{'fsnum': '15815', 'name': 'Howe, Tim R.'}","100","19","","","","","Romans & Christians","Open to Great Conversation students only.","115","{'day': 'Mo', 'end': '12:40', 'location': 'HH 516', 'start': '22:40'};{'day': 'Tu', 'end': '12:40', 'location': 'HH 516', 'start': '22:40'};{'day': 'We', 'end': '12:40', 'location': 'HH 516', 'start': '22:40'};{'day': 'Th', 'end': '12:40', 'location': 'HH 516', 'start': '22:40'};{'day': 'Fr', 'end': '12:40', 'location': 'HH 516', 'start': '22:40'}","False","Great Conversation 113. Offered during Interim. Counts towards ancient studies major.","C","2","C","20112","The Tradition Continuing: The Romans and the Christians","Research","2011"
"0000078761","1.0","0000000532","GCON","Students explore the Greek and Hebrew legacies in Roman society and in the New Testament, discussing various attempts to find personal fulfillment in political life, in stoicism and Epicureanism, and in the teachings of Christ and St. Paul. Students read works by Cicero, Horace, Virgil, Epictetus, the writers of Christian scripture and study the artistry of Roman portraiture. Prerequisite: Great Conversation 113. Offered during Interim. Counts towards ancient studies major.","18","18","0","0","0","BTS-B;WRI","Galbraith, Elizabeth C.","{'fsnum': '14954', 'name': 'Galbraith, Elizabeth C.'}","100","19","","","","","Romans & Christians","Open to Great Conversation students only.","115","{'day': 'Mo', 'end': '12:40', 'location': 'BMC 101', 'start': '22:40'};{'day': 'Tu', 'end': '12:40', 'location': 'BMC 101', 'start': '22:40'};{'day': 'We', 'end': '12:40', 'location': 'BMC 101', 'start': '22:40'};{'day': 'Th', 'end': '12:40', 'location': 'BMC 101', 'start': '22:40'};{'day': 'Fr', 'end': '12:40', 'location': 'BMC 101', 'start': '22:40'}","False","Great Conversation 113. Offered during Interim. Counts towards ancient studies major.","D","2","C","20112","The Tradition Continuing: The Romans and the Christians","Research","2011"
"0000078762","1.0","0000000532","GCON","Students explore the Greek and Hebrew legacies in Roman society and in the New Testament, discussing various attempts to find personal fulfillment in political life, in stoicism and Epicureanism, and in the teachings of Christ and St. Paul. Students read works by Cicero, Horace, Virgil, Epictetus, the writers of Christian scripture and study the artistry of Roman portraiture. Prerequisite: Great Conversation 113. Offered during Interim. Counts towards ancient studies major.","21","19","0","0","2","BTS-B;WRI","Willcoxon, Jeanne I.","{'fsnum': '17418', 'name': 'Willcoxon, Jeanne I.'}","100","22","","","","","Romans & Christians","Open to Great Conversation students only.","115","{'day': 'Mo', 'end': '12:40', 'location': 'BMC 110', 'start': '22:40'};{'day': 'Tu', 'end': '12:40', 'location': 'BMC 110', 'start': '22:40'};{'day': 'We', 'end': '12:40', 'location': 'BMC 110', 'start': '22:40'};{'day': 'Th', 'end': '12:40', 'location': 'BMC 110', 'start': '22:40'};{'day': 'Fr', 'end': '12:40', 'location': 'BMC 110', 'start': '22:40'}","False","Great Conversation 113. Offered during Interim. Counts towards ancient studies major.","E","2","C","20112","The Tradition Continuing: The Romans and the Christians","Research","2011"
"0000078763","1.0","0000000532","GCON","Students explore the Greek and Hebrew legacies in Roman society and in the New Testament, discussing various attempts to find personal fulfillment in political life, in stoicism and Epicureanism, and in the teachings of Christ and St. Paul. Students read works by Cicero, Horace, Virgil, Epictetus, the writers of Christian scripture and study the artistry of Roman portraiture. Prerequisite: Great Conversation 113. Offered during Interim. Counts towards ancient studies major.","19","19","0","0","0","BTS-B;WRI","Soderlind, Steve","{'fsnum': '7636', 'name': 'Soderlind, Steve'}","100","19","","","","","Romans & Christians","Open to Great Conversation students only.","115","{'day': 'Mo', 'end': '12:40', 'location': 'BMC 111', 'start': '22:40'};{'day': 'Tu', 'end': '12:40', 'location': 'BMC 111', 'start': '22:40'};{'day': 'We', 'end': '12:40', 'location': 'BMC 111', 'start': '22:40'};{'day': 'Th', 'end': '12:40', 'location': 'BMC 111', 'start': '22:40'};{'day': 'Fr', 'end': '12:40', 'location': 'BMC 111', 'start': '22:40'}","False","Great Conversation 113. Offered during Interim. Counts towards ancient studies major.","F","2","C","20112","The Tradition Continuing: The Romans and the Christians","Research","2011"
"0000080587","1.0","0000000506","GERM","Reading and discussion of writings that ultimately go back to oral traditions, including chapbooks such as the Nibelungenlied, Till Eulenspiegel, and Faust, fables created on models from antiquity during the eighteenth century, fairy tales collected by the Brothers Grimm, and Kunstmärchen (literary fairy tales by known writers). The course emphasizes both the literary aspects of the works and their historical contexts.","54","6","13","28","7","ALS-L;HWC","Rippley, Lavern","{'fsnum': '6671', 'name': 'Rippley, Lavern'}","100","50","","","","","Folk/Fairy/Fables-Tr","In English.","147","{'day': 'Mo', 'end': '15:00', 'location': 'RNS 150', 'start': '13:00'};{'day': 'Tu', 'end': '15:00', 'location': 'RNS 150', 'start': '13:00'};{'day': 'We', 'end': '15:00', 'location': 'RNS 150', 'start': '13:00'};{'day': 'Th', 'end': '15:00', 'location': 'RNS 150', 'start': '13:00'};{'day': 'Fr', 'end': '15:00', 'location': 'RNS 150', 'start': '13:00'}","False","False","","2","C","20112","Fairy Tales, Folktales and Fables","Research","2011"
"0000078492","1.0","0000000512","GERM","Students examine the transformation of German political culture from feudal society to modern institutions of art, science, education and commerce. While the French Revolution (1789) is the historical axis on which this change turned, the life of Goethe (1749-1832) spans the period in which Germany made significant progress toward unity and democracy. Illustrative materials in digital and video form supplement the readings.","23","2","11","6","4","ALS-L;HWC;WRI","Fink, Karl","{'fsnum': '2103', 'name': 'Fink, Karl'}","200","19","","","","","Age of Goethe-Tr","In English, no prerequisites.  This course is open to first-year students.","246","{'day': 'Mo', 'end': '12:40', 'location': 'TOH 314', 'start': '22:40'};{'day': 'Tu', 'end': '12:40', 'location': 'TOH 314', 'start': '22:40'};{'day': 'We', 'end': '12:40', 'location': 'TOH 314', 'start': '22:40'};{'day': 'Th', 'end': '12:40', 'location': 'TOH 314', 'start': '22:40'};{'day': 'Fr', 'end': '12:40', 'location': 'TOH 314', 'start': '22:40'}","False","False","","2","C","20112","The Age of Goethe","Research","2011"
"0000080588","1.0","0000000513","GERM","A survey of German films from Caligari (1919) to The Counterfeiters (2008), this course examines 20th-century German history through the lens of Germany's most renowned films. Students develop analytical and critical skills in ""reading"" films as cultural products and as cinematic works of art. The course focuses on the increasing social and political importance of mass media for understanding the past. Counts toward film studies concentration.","25","5","3","12","5","ALS-A;HWC","Achberger, Karen R.","{'fsnum': '50', 'name': 'Achberger, Karen R.'}","200","30","","","","","German Cinema","In English. Open to first-year students.","249","{'day': 'Mo', 'end': '12:40', 'location': 'TOH 108', 'start': '22:40'};{'day': 'Tu', 'end': '12:40', 'location': 'TOH 108', 'start': '22:40'};{'day': 'We', 'end': '12:40', 'location': 'TOH 108', 'start': '22:40'};{'day': 'Th', 'end': '12:40', 'location': 'TOH 108', 'start': '22:40'};{'day': 'Fr', 'end': '12:40', 'location': 'TOH 108', 'start': '22:40'}","False","False","","2","O","20112","","Research","2011"
"0000080879","","0000021927","GERM","","2","1","0","0","1","","Achberger, Karen R.","{'fsnum': '50', 'name': 'Achberger, Karen R.'}","200","10","","","","","FLC - German","You may register for the FLAC component separately at any time after web reg.","249","","True","","","2","O","20112","","FLAC","2011"
"0000078415","1.0","0000000522","GERM","Students spend four weeks during Interim or summer in an individually selected German or Austrian workplace. Opportunities include work in health care, communications, and manufacturing as well as non-profit organizations, libraries, businesses, laboratories, offices, and churches. Assignment of position varies with availability in host institutions. Prerequisite: at least one 250-level course.","0","0","0","0","0","","Staff","{'fsnum': '', 'name': 'Staff'}","200","","","","","","Academic Internship","","294","","True","at least one 250-level course.","","2","C","20112","Internship","Research","2011"
"0000078656","1.0","0000000523","GERM","","0","0","0","0","0","","Staff","{'fsnum': '', 'name': 'Staff'}","200","","","","","","IS/","","298","","False","","","2","O","20112","Independent Study","Research","2011"
"0000085521","1.0","0000000523","GERM","","1","0","0","1","0","","Fink, Karl","{'fsnum': '2103', 'name': 'Fink, Karl'}","200","","","","","","IS/Math Methods in German","","298","","False","","A","2","O","20112","Independent Study","Research","2011"
"0000078416","1.0","0000000529","GERM","Students spend four weeks during Interim or summer in the German or Austrian workplace. Opportunities include working in health care, communications, and manufacturing as well as non-profit organizations, libraries, businesses, laboratories, offices, and churches. Assignment of position varies with availability of host institutions. Prerequisite: at least one 270-level cou","0","0","0","0","0","","Staff","{'fsnum': '', 'name': 'Staff'}","300","","","","","","Academic Internship","","394","","True","at least one 270-level cou","","2","C","20112","Internship","Research","2011"
"0000078625","1.0","0000000530","GERM","","1","0","1","0","0","","Fink, Karl","{'fsnum': '2103', 'name': 'Fink, Karl'}","300","","","","","","IR/WWI Diary Translation","","398","","False","","","2","O","20112","Independent Research","Research","2011"
"0000085584","1.0","0000000530","GERM","","1","0","1","0","0","","Fink, Karl","{'fsnum': '2103', 'name': 'Fink, Karl'}","300","","","","","","IR/Swiss Multi Lang Ed","","398","","False","","A","2","O","20112","Independent Research","Research","2011"
"0000078417","1.0","0000000543","GREEK","","0","0","0","0","0","","Staff","{'fsnum': '', 'name': 'Staff'}","200","","","","","","Academic Internship","","294","","True","","","2","C","20112","","Research","2011"
"0000078657","1.0","0000000544","GREEK","","0","0","0","0","0","","Staff","{'fsnum': '', 'name': 'Staff'}","200","","","","","","IS/","","298","","False","","","2","O","20112","Independent Study","Research","2011"
"0000078418","1.0","0000000550","GREEK","","0","0","0","0","0","","Staff","{'fsnum': '', 'name': 'Staff'}","300","","","","","","Academic Internship","","394","","True","","","2","C","20112","Academic Inernship","Research","2011"
"0000078597","1.0","0000000551","GREEK","","0","0","0","0","0","","Staff","{'fsnum': '', 'name': 'Staff'}","300","","","","","","IR/","","398","","False","","","2","O","20112","Independent Research","Research","2011"
"0000085321","1.0","0000025200","HIST","","17","16","0","0","1","HWC","De Krey, Gary","{'fsnum': '1364', 'name': 'De Krey, Gary'}","100","18","","0","0","0","Elizabethan England","Open to first-year students only.","117","{'day': 'Mo', 'end': '12:40', 'location': 'RML 421', 'start': '22:40'};{'day': 'Tu', 'end': '12:40', 'location': 'RML 421', 'start': '22:40'};{'day': 'We', 'end': '12:40', 'location': 'RML 421', 'start': '22:40'};{'day': 'Th', 'end': '12:40', 'location': 'RML 421', 'start': '22:40'};{'day': 'Fr', 'end': '12:40', 'location': 'RML 421', 'start': '22:40'}","False","","","2","O","20112","","Research","2011"
"0000080589","1.0","0000023949","HIST","Norwegian folklore tells of a place east of the moon and west of the sun where dreams are realized. For hundreds of thousands of immigrants from Norway this fabled place was America. They called it, as does St. Olaf's own college hymn, Fram, Fram, ""a home in the west."" This course explores the stories of Norwegian America through its literature and other forms of popular writing created from the 19th through the 21st centuries. It considers, among other forms, novels, shorts stories, drama, children's literature, memoirs, letters, diaries, travel accounts, biographies, journalism, popular history, and film. Offered alternate years.","16","14","0","0","2","HWC","Nichol, Todd W.","{'fsnum': '14143', 'name': 'Nichol, Todd W.'}","100","18","","0","0","0","The Western Home","Open to first-year students only.","169","{'day': 'Mo', 'end': '12:40', 'location': 'HH 302', 'start': '22:40'};{'day': 'Tu', 'end': '12:40', 'location': 'HH 302', 'start': '22:40'};{'day': 'We', 'end': '12:40', 'location': 'HH 302', 'start': '22:40'};{'day': 'Th', 'end': '12:40', 'location': 'HH 302', 'start': '22:40'};{'day': 'Fr', 'end': '12:40', 'location': 'HH 302', 'start': '22:40'}","False","False","","2","O","20112","The Western Home: Stories of Norwegian America","Research","2011"
"0000081149","1.0","0000000602","HIST","Students analyze women's experience and notions of gender in Europe since 1700. Themes include the definition of domestic ideology from the Enlightenment through industrialization to the Victorian period, gendering citizenship in the nation-state, the impact of science and technology on women's lives and bodies, the development of feminism(s), and women and gender in socialist and fascist regimes. Offered periodically. Counts toward women's studies major and concentration.","28","2","10","9","7","HWC","Kuxhausen, Anna","{'fsnum': '17470', 'name': 'Kuxhausen, Anna'}","200","30","","","","","Wmn/Gender/Mod Europe","Open to first-year students.","239","{'day': 'Mo', 'end': '12:40', 'location': 'TOH 214', 'start': '22:40'};{'day': 'Tu', 'end': '12:40', 'location': 'TOH 214', 'start': '22:40'};{'day': 'We', 'end': '12:40', 'location': 'TOH 214', 'start': '22:40'};{'day': 'Th', 'end': '12:40', 'location': 'TOH 214', 'start': '22:40'};{'day': 'Fr', 'end': '12:40', 'location': 'TOH 214', 'start': '22:40'}","False","False","","2","C","20112","Women and Gender in Modern Europe","Research","2011"
"0000080712","1.0","0000024137","HIST","How do Cubans view their past, and how does this shape their understanding of the present? This course focuses on the 1959 Revolution and historical memory. Students explore through visits to museums, memorials, and monuments how the government has sought to influence the ways Cubans remember the revolution and the later turn toward socialism. Students also study present-day Cuba through visits to health clinics, cooperatives, and schools, as well as lectures from local experts. Offered in alternate years during Interim.","21","0","8","4","9","MCG;MCS-G","DeLaney, Jeane","{'fsnum': '1368', 'name': 'DeLaney, Jeane'}","200","23","","","","","Revolutionary Cuba","This is an off-campus course.","244","","False","False","","2","C","20112","","Research","2011"
"0000081125","","0000024460","HIST","","10","0","3","3","4","","DeLaney, Jeane","{'fsnum': '1368', 'name': 'DeLaney, Jeane'}","200","10","","","","","FLC - Spanish","","244","","True","","","2","C","20112","","FLAC","2011"
"0000081388","1.0","0000024731","HIST","This Interim course introduces students to the rewards and challenges of public and local history. As the title suggests, we will learn not only studying but also doing public history. Focusing on Northfield and Rice County at the beginning of the 20th century, we will work with the local and state historical organizations to develop materials for the wider public, including possibly a display, educational resources, and articles. We also will work to place these local histories in broader contexts, by studying migration and immigration, the history of childhood and schools, and Progressive-era America.","10","0","1","2","7","","Fure-Slocum, Eric J.","{'fsnum': '10197', 'name': 'Fure-Slocum, Eric J.'}","200","18","","","","","Top: Doing Public History","This course does not fulfill HWC.","293","{'day': 'Mo', 'end': '15:00', 'location': 'HH 514', 'start': '13:00'};{'day': 'Tu', 'end': '15:00', 'location': 'HH 514', 'start': '13:00'};{'day': 'We', 'end': '15:00', 'location': 'HH 514', 'start': '13:00'};{'day': 'Th', 'end': '15:00', 'location': 'HH 514', 'start': '13:00'};{'day': 'Fr', 'end': '15:00', 'location': 'HH 514', 'start': '13:00'}","False","False","","2","O","20112","","Research","2011"
"0000078419","1.0","0000000624","HIST","","0","0","0","0","0","","Staff","{'fsnum': '', 'name': 'Staff'}","200","","","","","","Academic Internship","","294","","True","","","2","C","20112","Internship","Research","2011"
"0000078682","1.0","0000000625","HIST","","1","0","0","1","0","","Iddrisu, Abdulai","{'fsnum': '21082', 'name': 'Iddrisu, Abdulai'}","200","","","","","","IS/PRI in Mexico","","298","","False","","","2","O","20112","Independent Study","Research","2011"
"0000078420","1.0","0000000640","HIST","","0","0","0","0","0","","Staff","{'fsnum': '', 'name': 'Staff'}","300","","","","","","Academic Internship","","394","","True","","","2","C","20112","Internship","Research","2011"
"0000078623","1.0","0000000642","HIST","","2","0","0","0","2","","Howe, Tim R.","{'fsnum': '15815', 'name': 'Howe, Tim R.'}","300","","","","","","IR/Philip Historiography","","398","","False","","","2","O","20112","Independent Research","Research","2011"
"0000085523","1.0","0000000642","HIST","","1","0","1","0","0","","Carrington, J. L.","{'fsnum': '971', 'name': 'Carrington, J. L.'}","300","","","","","","IR/Medieval Warfare","","398","","False","","A","2","O","20112","Independent Research","Research","2011"
"0000078421","1.0","0000000643","HSPST","","1","0","0","0","1","","Nordstrom-Loeb, Bruce","{'fsnum': '5728', 'name': 'Nordstrom-Loeb, Bruce'}","200","","","","","","Academic Internship","","294","","True","","","2","C","20112","","Research","2011"
"0000078658","1.0","0000000644","HSPST","","1","0","1","0","0","","Chiappari, Chris L.","{'fsnum': '10036', 'name': 'Chiappari, Chris L.'}","200","","","","","","IS/Revolutionary Feminism","","298","","False","","","2","O","20112","Independent Study","Research","2011"
"0000078422","1.0","0000000646","HSPST","","0","0","0","0","0","","Staff","{'fsnum': '', 'name': 'Staff'}","300","","","","","","Academic Internship","","394","","True","","","2","C","20112","","Research","2011"
"0000078598","1.0","0000000647","HSPST","","0","0","0","0","0","","Staff","{'fsnum': '', 'name': 'Staff'}","300","","","","","","IR/","","398","","False","","","2","O","20112","Independent Research","Research","2011"
"0000078571","1.0","0000000704","ID","Students will explore health care in a clinical and hospital setting through association with a physician in one of the clinics that are a part of the metro area Fairview Health System or the Family Practice Medical Center of Willmar, Minnesota. Students will follow the physician, who serves as their primary mentor, or other designated physicians through their daily activities in pertinent clinical and hospital settings. Students will observe the delivery of health care in primary and specialty areas and in practices dealing with all age groups. Emergency health care and physician support areas are other aspects of medicine to which students will be exposed. Students will keep a journal detailing their observations and their interpretation of and reaction to these observations and will write a research paper on an aspect of current medical care and practice. Selection is based on a review of all applicants (preference given to junior or senior pre-medical students with demonstrated strong academic achievement). P/N grading. Offered annually during Interim. Counts toward biomedical studies concentration.","12","0","2","7","3","","Pearson, Wesley","{'fsnum': '6161', 'name': 'Pearson, Wesley'}","200","14","","","","","Hospital Health Care","This is an off-campus course.","255","","True","False","","2","C","20112","The Physician in Clinical and Hospital Health Care","Research","2011"
"0000078782","1.0","0000000705","ID","A full immersion in the art of theatre, students will attend approximately 22 performances at London and Stratford theatres. The course will include the reading of play texts, dramatic criticism, group discussions and backstage tours. England, a theatrical center of the English-speaking world, enables students to experience a wide variety of theatrical performances ranging from traditional to modern. Excursions to Stratford-upon-Avon, Stonehenge, Canterbury and Oxford offer additional cultural perspectives. Offered annually during Interim.","24","0","13","5","6","ALS-A","Postlethwaite, Diana","{'fsnum': '6403', 'name': 'Postlethwaite, Diana'}","200","28","","","","","Theater in London","This is an off-campus course.","258","","False","False","","2","C","20112","","Research","2011"
"0000078427","1.0","0000000707","ID","","1","0","0","0","1","","Walter, Anne","{'fsnum': '8876', 'name': 'Walter, Anne'}","200","","","","","","Academic Internship","","294","","True","","","2","C","20112","","Research","2011"
"0000085459","1.0","0000000707","ID","","1","0","1","0","0","","McDonald, Eric","{'fsnum': '18464', 'name': 'McDonald, Eric'}","200","","","","","","Academic Internship","","294","","True","","A","2","C","20112","","Research","2011"
"0000085608","1.0","0000000707","ID","","1","0","1","0","0","","McClure, Robert W.","{'fsnum': '16582', 'name': 'McClure, Robert W.'}","200","","","","","","Academic Internship","","294","","True","","B","2","O","20112","","Research","2011"
"0000085615","1.0","0000000707","ID","","1","0","1","0","0","","Stromme, David A.","{'fsnum': '19528', 'name': 'Stromme, David A.'}","200","","","","","","Academic Internship","","294","","True","","C","2","O","20112","","Research","2011"
"0000078695","1.0","0000000708","ID","","1","0","0","0","1","","Huff, Charles","{'fsnum': '3556', 'name': 'Huff, Charles'}","200","","","","","","IS/ Teaching of Comp Sci","","298","","False","","","2","O","20112","Independent Study","Research","2011"
"0000078428","1.0","0000000709","ID","","0","0","0","0","0","","Staff","{'fsnum': '', 'name': 'Staff'}","300","","","","","","Academic Internship","","394","","True","","","2","C","20112","","Research","2011"
"0000078757","1.0","0000019436","ID","This course provides a comprehensive research opportunity, including an introduction to relevant background material, technical instruction, identification of a meaningful project, and data collection. The topic is determined by the faculty member in charge of the course and may relate to his/her research interests. Prerequisite: Determined by individual instructor. Offered based on department decision.","4","0","0","0","4","","Demas, Jay","{'fsnum': '21211', 'name': 'Demas, Jay'}","300","8","","","","","Research: Mayo Scholars","","396","{'day': 'Mo', 'end': '15:00', 'location': 'RNS 226', 'start': '13:00'};{'day': 'Tu', 'end': '15:00', 'location': 'RNS 226', 'start': '13:00'};{'day': 'We', 'end': '15:00', 'location': 'RNS 226', 'start': '13:00'};{'day': 'Th', 'end': '15:00', 'location': 'RNS 226', 'start': '13:00'};{'day': 'Fr', 'end': '15:00', 'location': 'RNS 226', 'start': '13:00'};{'day': 'Mo', 'end': '10:00', 'location': 'RNS 226', 'start': '08:00'};{'day': 'Tu', 'end': '10:00', 'location': 'RNS 226', 'start': '08:00'};{'day': 'We', 'end': '10:00', 'location': 'RNS 226', 'start': '08:00'};{'day': 'Th', 'end': '10:00', 'location': 'RNS 226', 'start': '08:00'};{'day': 'Fr', 'end': '10:00', 'location': 'RNS 226', 'start': '08:00'};{'day': 'Mo', 'end': '12:40', 'location': 'RNS 226', 'start': '22:40'};{'day': 'Tu', 'end': '12:40', 'location': 'RNS 226', 'start': '22:40'};{'day': 'We', 'end': '12:40', 'location': 'RNS 226', 'start': '22:40'};{'day': 'Th', 'end': '12:40', 'location': 'RNS 226', 'start': '22:40'};{'day': 'Fr', 'end': '12:40', 'location': 'RNS 226', 'start': '22:40'}","False","Determined by individual instructor. Offered based on department decision.","","2","O","20112","Directed Undergraduate Research: ""Topic Description""","Research","2011"
"0000078600","1.0","0000000710","ID","","0","0","0","0","0","","Staff","{'fsnum': '', 'name': 'Staff'}","300","","","","","","IR/","","398","","False","","","2","O","20112","Independent Research","Research","2011"
"0000078470","1.0","0000000471","IDFA","","0","0","0","0","0","","Staff","{'fsnum': '', 'name': 'Staff'}","200","0","","","","","Academic Internship","","294","","True","","","2","C","20112","","Research","2011"
"0000078672","1.0","0000000472","IDFA","","0","0","0","0","0","","Staff","{'fsnum': '', 'name': 'Staff'}","200","","","","","","IS/","","298","","False","","","2","O","20112","","Research","2011"
"0000078474","1.0","0000000474","IDFA","","0","0","0","0","0","","Staff","{'fsnum': '', 'name': 'Staff'}","300","","","","","","Academic Internship","","394","","True","","","2","C","20112","","Research","2011"
"0000078615","1.0","0000000475","IDFA","","0","0","0","0","0","","Staff","{'fsnum': '', 'name': 'Staff'}","300","","","","","","IR/","","398","","False","","","2","O","20112","","Research","2011"
"0000078729","","0000001322","INTD","","0","0","0","0","0","","Staff","{'fsnum': '', 'name': 'Staff'}","100","","","","","","No Interim","","100","","True","","","2","O","20112","","Research","2011"
"0000078786","1.0","0000022947","IS","Students in this seminar will use design process as a technique to creatively and efficiently tackle large projects in a group setting. We will focus on the construction of a working Rube Goldberg Machine, a whimsical and creative yet complicated and demanding task, using the design process. Students will examine formal techniques for identifying goals, brainstorming ideas, establishing timelines, prototyping ideas, and creating formal presentations. Hands-on skills will also be taught and utilized throughout the construction process. A background in science is not necessary; it is in fact one goal of this seminar to bring together science and non-science majors in creative collaboration.","16","0","11","2","3","IST;ORC","Engbrecht, Jason J.","{'fsnum': '14912', 'name': 'Engbrecht, Jason J.'}","200","16","0","","","","Top: Collaborative Design","Not open to first-year-students.","219","{'day': 'Mo', 'end': '15:30', 'location': 'RNS 293', 'start': '13:00'};{'day': 'Tu', 'end': '15:30', 'location': 'RNS 293', 'start': '13:00'};{'day': 'We', 'end': '15:30', 'location': 'RNS 293', 'start': '13:00'};{'day': 'Th', 'end': '15:30', 'location': 'RNS 293', 'start': '13:00'};{'day': 'Fr', 'end': '15:30', 'location': 'RNS 293', 'start': '13:00'};{'day': 'Mo', 'end': '10:00', 'location': 'RNS 293', 'start': '08:30'};{'day': 'Tu', 'end': '10:00', 'location': 'RNS 293', 'start': '08:30'};{'day': 'We', 'end': '10:00', 'location': 'RNS 293', 'start': '08:30'};{'day': 'Th', 'end': '10:00', 'location': 'RNS 293', 'start': '08:30'};{'day': 'Fr', 'end': '10:00', 'location': 'RNS 293', 'start': '08:30'}","False","False","","2","C","20112","","Topic","2011"
"0000078425","1.0","0000000686","IS","","0","0","0","0","0","","Staff","{'fsnum': '', 'name': 'Staff'}","200","","","","","","Academic Internship","","294","{'day': 'Mo', 'end': '12:30', 'location': 'TOH 200', 'start': '21:00'};{'day': 'We', 'end': '12:30', 'location': 'TOH 200', 'start': '21:00'};{'day': 'Fr', 'end': '12:30', 'location': 'TOH 200', 'start': '21:00'}","True","","","2","C","20112","","Research","2011"
"0000078694","1.0","0000000687","IS","","0","0","0","0","0","","Staff","{'fsnum': '', 'name': 'Staff'}","200","","","","","","IS/","","298","","False","","","2","O","20112","","Research","2011"
"0000078426","1.0","0000000691","IS","","1","0","0","0","1","","Beussman, Douglas J.","{'fsnum': '15745', 'name': 'Beussman, Douglas J.'}","300","","","","","","Academic Internship","","394","","True","","","2","C","20112","","Research","2011"
"0000078626","1.0","0000000692","IS","","0","0","0","0","0","","Staff","{'fsnum': '', 'name': 'Staff'}","300","","","","","","IR/","","398","","False","","","2","O","20112","","Research","2011"
"0000078481","1.0","0000000668","JAPAN","","0","0","0","0","0","","Staff","{'fsnum': '', 'name': 'Staff'}","200","","","","","","Academic Internship","","294","","True","","","2","C","20112","","Research","2011"
"0000078675","1.0","0000000669","JAPAN","","0","0","0","0","0","","Staff","{'fsnum': '', 'name': 'Staff'}","200","","","","","","IS/","","298","","False","","","2","O","20112","Independent Study","Research","2011"
"0000078480","1.0","0000000670","JAPAN","","0","0","0","0","0","","Staff","{'fsnum': '', 'name': 'Staff'}","300","","","","","","Academic Internship","","394","","True","","","2","C","20112","","Research","2011"
"0000078618","1.0","0000000671","JAPAN","","0","0","0","0","0","","Staff","{'fsnum': '', 'name': 'Staff'}","300","","","","","","IR/","","398","","False","","","2","O","20112","Independent Research","Research","2011"
"0000078429","1.0","0000000716","LATIN","","0","0","0","0","0","","Staff","{'fsnum': '', 'name': 'Staff'}","200","","","","","","Academic Internship","","294","","True","","","2","C","20112","","Research","2011"
"0000078659","1.0","0000000717","LATIN","","0","0","0","0","0","","Staff","{'fsnum': '', 'name': 'Staff'}","200","","","","","","IS/","","298","","False","","","2","O","20112","Independent Study","Research","2011"
"0000078430","1.0","0000000725","LATIN","","0","0","0","0","0","","Staff","{'fsnum': '', 'name': 'Staff'}","300","","","","","","Academic Internship","","394","","True","","","2","C","20112","","Research","2011"
"0000078601","1.0","0000000726","LATIN","","1","0","1","0","0","","Reece, Steve T.","{'fsnum': '6626', 'name': 'Reece, Steve T.'}","300","","","","","","IR/Translating Hilary","","398","","False","","","2","O","20112","Independent Research","Research","2011"
"0000080592","1.0","0000000728","MATH","This course explores the nature of mathematics and its role in contemporary society. The content and format of the course vary depending on the instructor's interests. In particular, the course may focus on one or two mathematical topics in depth or survey a wider range of topics. Recent topics have included environmental modeling, social choice, routes and networks, scheduling, and symmetry. The course requires no prerequisites beyond high school algebra and geometry. Offered each semester.","23","8","4","7","4","AQR;MAR","Pierce, Ian","{'fsnum': '22847', 'name': 'Pierce, Ian'}","100","24","10","","","","Gateways/Mathematics","","117","{'day': 'Mo', 'end': '10:00', 'location': 'RNS 204', 'start': '08:00'};{'day': 'Tu', 'end': '10:00', 'location': 'RNS 204', 'start': '08:00'};{'day': 'We', 'end': '10:00', 'location': 'RNS 204', 'start': '08:00'};{'day': 'Th', 'end': '10:00', 'location': 'RNS 204', 'start': '08:00'};{'day': 'Fr', 'end': '10:00', 'location': 'RNS 204', 'start': '08:00'};{'day': 'Mo', 'end': '12:40', 'location': 'RNS 204', 'start': '22:40'};{'day': 'Tu', 'end': '12:40', 'location': 'RNS 204', 'start': '22:40'};{'day': 'We', 'end': '12:40', 'location': 'RNS 204', 'start': '22:40'};{'day': 'Th', 'end': '12:40', 'location': 'RNS 204', 'start': '22:40'};{'day': 'Fr', 'end': '12:40', 'location': 'RNS 204', 'start': '22:40'}","False","False","","2","C","20112","Gateways to Mathematics","Research","2011"
"0000078540","1.0","0000000736","MATH","This course beautifully illustrates the nature of mathematics as a blend of technique, theory, abstraction, and applications. The important problem of solving systems of linear equations leads to the study of matrix algebra, determinants, vector spaces, bases and dimension, linear transformations, and eigenvalues. Prerequisite: Mathematics 120 or 121. Offered each semester and periodically during Interim.","23","22","0","0","1","AQR;MAR","Dietz, Jill","{'fsnum': '1380', 'name': 'Dietz, Jill'}","200","22","","4","","4","Elem Linear Algebra","Open to first-year students who have completed Math 120.                        ;This course has class-year limits.","220","{'day': 'Mo', 'end': '15:00', 'location': 'TOH 184', 'start': '13:00'};{'day': 'Tu', 'end': '15:00', 'location': 'TOH 184', 'start': '13:00'};{'day': 'We', 'end': '15:00', 'location': 'TOH 184', 'start': '13:00'};{'day': 'Th', 'end': '15:00', 'location': 'TOH 184', 'start': '13:00'};{'day': 'Fr', 'end': '15:00', 'location': 'TOH 184', 'start': '13:00'};{'day': 'Mo', 'end': '10:00', 'location': 'TOH 184', 'start': '08:00'};{'day': 'Tu', 'end': '10:00', 'location': 'TOH 184', 'start': '08:00'};{'day': 'We', 'end': '10:00', 'location': 'TOH 184', 'start': '08:00'};{'day': 'Th', 'end': '10:00', 'location': 'TOH 184', 'start': '08:00'};{'day': 'Fr', 'end': '10:00', 'location': 'TOH 184', 'start': '08:00'};{'day': 'Mo', 'end': '12:40', 'location': 'TOH 184', 'start': '22:40'};{'day': 'Tu', 'end': '12:40', 'location': 'TOH 184', 'start': '22:40'};{'day': 'We', 'end': '12:40', 'location': 'TOH 184', 'start': '22:40'};{'day': 'Th', 'end': '12:40', 'location': 'TOH 184', 'start': '22:40'};{'day': 'Fr', 'end': '12:40', 'location': 'TOH 184', 'start': '22:40'}","False","Mathematics 120 or 121. Offered each semester and periodically during Interim.","","2","C","20112","Elementary Linear Algebra","Research","2011"
"0000078739","1.0","0000021801","MATH","This course introduces the study of patterns and relationships satisfied by natural numbers. Topics include divisibility, modular arithmetic, prime numbers, congruences, primitive roots, and quadratic residues. The course is offered in Budapest, Hungary, a world center for research mathematics. The course includes several hours of Hungarian language instruction and lectures by Hungarian mathematicians and scholars. Prerequisite: Mathematics 220 or permission of instructor. Offered most Interims.","23","0","3","19","1","","Corzatt, Clifton","{'fsnum': '1237', 'name': 'Corzatt, Clifton'}","200","24","","","","","Number Theory - Budapest","This is an off-campus course.","239","","False","Mathematics 220 or permission of instructor. Offered most Interims.","","2","C","20112","","Research","2011"
"0000078431","1.0","0000000751","MATH","","0","0","0","0","0","","Staff","{'fsnum': '', 'name': 'Staff'}","200","","","","","","Academic Internship","","294","","True","","","2","C","20112","Internship","Research","2011"
"0000078684","1.0","0000000752","MATH","","0","0","0","0","0","","Staff","{'fsnum': '', 'name': 'Staff'}","200","","","","","","IS/","","298","","False","","","2","O","20112","Independent Study","Research","2011"
"0000078553","1.0","0000000758","MATH","Properties of axiomatic systems are illustrated with finite geometries and applied in a synthetic examination of Euclid's original postulates, well-known Euclidean theorems, and non-Euclidean geometries. Euclidean, similarity, and affine transformations are studied analytically. These transformations are generalized to obtain results in projective geometry or used to generate fractals in an exploration of fractal geometry. Dynamic geometry software and hands-on labs are used to explore both the transformations and properties of these geometries. Prerequisite: Mathematics 220, and Mathematics 244 or 252. Offered annually during Interim.","24","0","6","1","17","","Matsuura, Ryota","{'fsnum': '21867', 'name': 'Matsuura, Ryota'}","300","24","0","6","0","18","Geometry","This course has class-year limits.                                              ;Seniors must be pre-approved by MSCS chair for this course.","356","{'day': 'Mo', 'end': '15:00', 'location': 'RNS 208', 'start': '13:00'};{'day': 'Tu', 'end': '15:00', 'location': 'RNS 208', 'start': '13:00'};{'day': 'We', 'end': '15:00', 'location': 'RNS 208', 'start': '13:00'};{'day': 'Th', 'end': '15:00', 'location': 'RNS 208', 'start': '13:00'};{'day': 'Fr', 'end': '15:00', 'location': 'RNS 208', 'start': '13:00'};{'day': 'Mo', 'end': '12:40', 'location': 'RNS 208', 'start': '22:40'};{'day': 'Tu', 'end': '12:40', 'location': 'RNS 208', 'start': '22:40'};{'day': 'We', 'end': '12:40', 'location': 'RNS 208', 'start': '22:40'};{'day': 'Th', 'end': '12:40', 'location': 'RNS 208', 'start': '22:40'};{'day': 'Fr', 'end': '12:40', 'location': 'RNS 208', 'start': '22:40'}","False","Mathematics 220, and Mathematics 244 or 252. Offered annually during Interim.","","2","C","20112","","Research","2011"
"0000080594","1.0","0000000762","MATH","Students work intensively on a special topic in mathematics. Topics vary from year to year. May be repeated if topics are different. Offered most years.","24","0","6","1","17","","Smith, Kay E.","{'fsnum': '7593', 'name': 'Smith, Kay E.'}","300","23","0","6","0","17","Sem: Cryptography","This course has class-year limits.                                              ;Seniors must be pre-approved by MSCS chair for this course.","382","{'day': 'Mo', 'end': '15:00', 'location': 'TOH 186', 'start': '13:00'};{'day': 'Tu', 'end': '15:00', 'location': 'TOH 186', 'start': '13:00'};{'day': 'We', 'end': '15:00', 'location': 'TOH 186', 'start': '13:00'};{'day': 'Th', 'end': '15:00', 'location': 'TOH 186', 'start': '13:00'};{'day': 'Fr', 'end': '15:00', 'location': 'TOH 186', 'start': '13:00'};{'day': 'Mo', 'end': '12:40', 'location': 'TOH 186', 'start': '22:40'};{'day': 'Tu', 'end': '12:40', 'location': 'TOH 186', 'start': '22:40'};{'day': 'We', 'end': '12:40', 'location': 'TOH 186', 'start': '22:40'};{'day': 'Th', 'end': '12:40', 'location': 'TOH 186', 'start': '22:40'};{'day': 'Fr', 'end': '12:40', 'location': 'TOH 186', 'start': '22:40'}","False","False","","2","C","20112","Topics in Mathematics","Seminar","2011"
"0000078717","1.0","0000000765","MATH","Students work in groups on substantial problems posed by, and of current interest to, area businesses and government agencies. The student groups decide on promising approaches to their problem and carry out the necessary investigations with minimal faculty involvement. Each group reports the results of its investigations with a paper and an hour-long presentation to the sponsoring organization. Prerequisite: Permission of instructor. Offered annually during Interim.","16","0","0","0","16","ORC","Richey, Matthew;Roback, Paul J.","{'fsnum': '6658', 'name': 'Richey, Matthew'};{'fsnum': '15751', 'name': 'Roback, Paul J.'}","300","15","0","","","","Mathematics Practicum","Registration by permission of instructor only.","390","{'day': 'Mo', 'end': '17:00', 'location': 'RNS 297', 'start': '13:00'};{'day': 'Tu', 'end': '17:00', 'location': 'RNS 297', 'start': '13:00'};{'day': 'We', 'end': '17:00', 'location': 'RNS 297', 'start': '13:00'};{'day': 'Th', 'end': '17:00', 'location': 'RNS 297', 'start': '13:00'};{'day': 'Fr', 'end': '17:00', 'location': 'RNS 297', 'start': '13:00'};{'day': 'Mo', 'end': '10:00', 'location': 'RNS 297', 'start': '09:00'};{'day': 'Tu', 'end': '10:00', 'location': 'RNS 297', 'start': '09:00'};{'day': 'We', 'end': '10:00', 'location': 'RNS 297', 'start': '09:00'};{'day': 'Th', 'end': '10:00', 'location': 'RNS 297', 'start': '09:00'};{'day': 'Fr', 'end': '10:00', 'location': 'RNS 297', 'start': '09:00'};{'day': 'Mo', 'end': '12:40', 'location': 'RNS 297', 'start': '22:40'};{'day': 'Tu', 'end': '12:40', 'location': 'RNS 297', 'start': '22:40'};{'day': 'We', 'end': '12:40', 'location': 'RNS 297', 'start': '22:40'};{'day': 'Th', 'end': '12:40', 'location': 'RNS 297', 'start': '22:40'};{'day': 'Fr', 'end': '12:40', 'location': 'RNS 297', 'start': '22:40'}","False","Permission of instructor. Offered annually during Interim.","","2","C","20112","","Research","2011"
"0000078475","1.0","0000000766","MATH","","0","0","0","0","0","","Staff","{'fsnum': '', 'name': 'Staff'}","300","","","","","","Academic Internship","","394","","True","","","2","C","20112","Internship","Research","2011"
"0000078634","1.0","0000000767","MATH","","0","0","0","0","0","","Staff","{'fsnum': '', 'name': 'Staff'}","300","","","","","","IR/","","398","","False","","","2","O","20112","Independent Research","Research","2011"
"0000085449","1.0","0000000767","MATH","","1","0","0","0","1","","Corzatt, Clifton","{'fsnum': '1237', 'name': 'Corzatt, Clifton'}","300","","","","","","IR/Advanced Number Theory","","398","","False","","A","2","O","20112","Independent Research","Research","2011"
"0000085322","1.0","0000025194","MEDIA","","20","5","2","2","11","WRI","Richards, Rebecca S.","{'fsnum': '22838', 'name': 'Richards, Rebecca S.'}","200","18","4","","","","Cybercultures","This course has spaces open to first-year students.","220","{'day': 'Mo', 'end': '12:40', 'location': 'RML 115', 'start': '22:40'};{'day': 'Tu', 'end': '12:40', 'location': 'RML 115', 'start': '22:40'};{'day': 'We', 'end': '12:40', 'location': 'RML 115', 'start': '22:40'};{'day': 'Th', 'end': '12:40', 'location': 'RML 115', 'start': '22:40'};{'day': 'Fr', 'end': '12:40', 'location': 'RML 115', 'start': '22:40'}","False","","","2","C","20112","","Research","2011"
"0000078434","1.0","0000000795","MEDIA","","1","0","1","0","0","","Hill, Jan C.","{'fsnum': '109', 'name': 'Hill, Jan C.'}","200","","","","","","Academic Internship","","294","","True","","","2","C","20112","Internship","Research","2011"
"0000085587","1.0","0000000795","MEDIA","","2","0","0","0","2","","Sonnega, Bill","{'fsnum': '7676', 'name': 'Sonnega, Bill'}","200","","","","","","Academic Internship","","294","","True","","A","2","O","20112","Internship","Research","2011"
"0000085596","1.0","0000000795","MEDIA","","1","0","0","0","1","","Richards, Rebecca S.","{'fsnum': '22838', 'name': 'Richards, Rebecca S.'}","200","","","","","","Academic Internship","","294","","True","","B","2","O","20112","Internship","Research","2011"
"0000078661","1.0","0000000796","MEDIA","","0","0","0","0","0","","Staff","{'fsnum': '', 'name': 'Staff'}","200","","","","","","IS/","","298","","False","","","2","O","20112","Independent Study","Research","2011"
"0000078435","1.0","0000000797","MEDIA","","0","0","0","0","0","","Staff","{'fsnum': '', 'name': 'Staff'}","300","","","","","","Academic Internship","","394","","True","","","2","C","20112","Internship","Research","2011"
"0000078603","1.0","0000000798","MEDIA","","0","0","0","0","0","","Staff","{'fsnum': '', 'name': 'Staff'}","300","","","","","","IR/","","398","","False","","","2","O","20112","Independent Research","Research","2011"
"0000078482","1.0","0000018620","MEDVL","","0","0","0","0","0","","Staff","{'fsnum': '', 'name': 'Staff'}","200","","","","","","Academic Internship","","294","","True","","","2","C","20112","","Research","2011"
"0000078676","1.0","0000018621","MEDVL","","0","0","0","0","0","","Staff","{'fsnum': '', 'name': 'Staff'}","200","","","","","","IS/","","298","","False","","","2","O","20112","","Research","2011"
"0000078483","1.0","0000018622","MEDVL","","0","0","0","0","0","","Staff","{'fsnum': '', 'name': 'Staff'}","300","","","","","","Academic Internship","","394","","True","","","2","C","20112","","Research","2011"
"0000078619","1.0","0000000791","MEDVL","","0","0","0","0","0","","Staff","{'fsnum': '', 'name': 'Staff'}","300","","","","","","IR/","","398","","False","","","2","O","20112","","Research","2011"
"0000078744","1.0","0000000771","MGMT","This practical course provides information needed for informed decision making in major areas of personal finance, including budgeting, basic tax planning, insurance, investments, major purchases and retirement planning. Offered during Interim.","31","0","1","3","27","","Hirsch, Richard M.","{'fsnum': '22826', 'name': 'Hirsch, Richard M.'}","200","30","0","","","","Personal Finance","Closed to first-year students.","231","{'day': 'Mo', 'end': '15:00', 'location': 'HH 413', 'start': '13:00'};{'day': 'Tu', 'end': '15:00', 'location': 'HH 413', 'start': '13:00'};{'day': 'We', 'end': '15:00', 'location': 'HH 413', 'start': '13:00'};{'day': 'Th', 'end': '15:00', 'location': 'HH 413', 'start': '13:00'};{'day': 'Fr', 'end': '15:00', 'location': 'HH 413', 'start': '13:00'}","False","False","","2","C","20112","","Research","2011"
"0000078432","1.0","0000000784","MGMT","","12","0","2","3","7","","Goedde, Richard","{'fsnum': '2661', 'name': 'Goedde, Richard'}","200","","","","","","Academic Internship","","294","","True","","","2","C","20112","Internship","Research","2011"
"0000085458","1.0","0000000784","MGMT","","1","0","1","0","0","","Hirsch, Richard M.","{'fsnum': '22826', 'name': 'Hirsch, Richard M.'}","200","","","","","","Academic Internship","","294","","True","","A","2","C","20112","Internship","Research","2011"
"0000085599","1.0","0000000784","MGMT","","1","0","0","1","0","","Dalgaard, Bruce","{'fsnum': '1333', 'name': 'Dalgaard, Bruce'}","200","","","","","","Academic Internship","","294","","True","","B","2","O","20112","Internship","Research","2011"
"0000085616","1.0","0000000784","MGMT","","1","0","0","0","1","","Wojick, Paul","{'fsnum': '9114', 'name': 'Wojick, Paul'}","200","","","","","","Academic Internship","","294","","True","","C","2","O","20112","Internship","Research","2011"
"0000078660","1.0","0000000785","MGMT","","0","0","0","0","0","","Staff","{'fsnum': '', 'name': 'Staff'}","200","","","","","","IS/","","298","","False","","","2","O","20112","Independent Study","Research","2011"
"0000078433","1.0","0000000788","MGMT","","1","0","0","0","1","","Goedde, Richard","{'fsnum': '2661', 'name': 'Goedde, Richard'}","300","","","","","","Academic Internship","","394","","True","","","2","C","20112","Internship","Research","2011"
"0000078602","1.0","0000000789","MGMT","Independent Study","1","0","0","0","1","WRI","Goedde, Richard","{'fsnum': '2661', 'name': 'Goedde, Richard'}","300","","","","","","IR/Value Averaging","","398","","False","False","","2","O","20112","Independent Research","Research","2011"
"0000080596","1.0","0000000805","MUSIC","Students gain an overview of the history and development of orchestral music by looking at style, instrumentation, and musical vocabulary in a substantial selection of landmark works. Students attend four professional orchestral concerts and/or rehearsals in Minneapolis/St. Paul. The ability to read musical scores is helpful but not required. Activity fee. Generally offered during Interim.","8","1","0","3","4","ALS-A","Carter, David","{'fsnum': '973', 'name': 'Carter, David'}","100","35","","","","","Orchestral Music","","132","{'day': 'Mo', 'end': '13:00', 'location': 'CHM 232', 'start': '22:40'};{'day': 'Tu', 'end': '13:00', 'location': 'CHM 232', 'start': '22:40'};{'day': 'We', 'end': '13:00', 'location': 'CHM 232', 'start': '22:40'};{'day': 'Th', 'end': '13:00', 'location': 'CHM 232', 'start': '22:40'}","False","False","","2","O","20112","","Research","2011"
"0000078570","1.0","0000000824","MUSIC","This course presents a study of the historical development of jazz, from its roots in blues and ragtime at the ""beginning"" of the 20th century to the present, focusing on its principal forms and styles, its role in American culture, and contributions of major artists. Offered during Interim. Counts towards American studies and ARMS majors and ARMS and Africa & the Americas concentrations.","34","11","5","11","7","ALS-A;MCD;MCS-D","Hoekstra, Gerald","{'fsnum': '3413', 'name': 'Hoekstra, Gerald'}","200","35","","","","","History of Jazz","Open to all students.","231","{'day': 'Mo', 'end': '15:00', 'location': 'CHM 239', 'start': '13:00'};{'day': 'Tu', 'end': '15:00', 'location': 'CHM 239', 'start': '13:00'};{'day': 'We', 'end': '15:00', 'location': 'CHM 239', 'start': '13:00'};{'day': 'Th', 'end': '15:00', 'location': 'CHM 239', 'start': '13:00'};{'day': 'Fr', 'end': '15:00', 'location': 'CHM 239', 'start': '13:00'}","False","False","","2","C","20112","","Research","2011"
"0000080595","1.0","0000018331","MUSIC","An in-depth look at how musical conventions, styles, and forms of music convey drama, emotion, and meaning in dance, opera, musical theater, and film. How does music partner with movement, texts, and visual images to portray time, place, and plot while simultaneously revealing a character's mental state, conveying political messages, or predicting the future? Intended for non-music majors, the course covers basic listening skills and vocabulary for description and analysis. Offered during Interim.","9","3","0","2","4","ALS-A","Hanson, Alice","{'fsnum': '3030', 'name': 'Hanson, Alice'}","200","35","","","","","Theatrical Music","","236","{'day': 'Mo', 'end': '10:00', 'location': 'CHM 239', 'start': '09:00'};{'day': 'Tu', 'end': '10:00', 'location': 'CHM 239', 'start': '09:00'};{'day': 'We', 'end': '10:00', 'location': 'CHM 239', 'start': '09:00'};{'day': 'Th', 'end': '10:00', 'location': 'CHM 239', 'start': '09:00'};{'day': 'Mo', 'end': '12:00', 'location': 'CHM 239', 'start': '22:40'};{'day': 'Tu', 'end': '12:00', 'location': 'CHM 239', 'start': '22:40'};{'day': 'We', 'end': '12:00', 'location': 'CHM 239', 'start': '22:40'};{'day': 'Th', 'end': '12:00', 'location': 'CHM 239', 'start': '22:40'}","False","False","","2","O","20112","","Research","2011"
"0000078742","1.0","0000000840","MUSIC","Participants prepare for performance of a one-act opera or opera scenes. Students receive coaching and performance experience through individual and group singing/acting exercises. The course culminates with staged and costumed public performances. May be repeated once. A class fee may be required. Offered during Interim.","9","4","1","1","3","","McKeel, James","{'fsnum': '5210', 'name': 'McKeel, James'}","200","19","","","","","Opera Workshop","Friday coachings TBA                                                            ;Registration by audition and permission only.","269","{'day': 'Mo', 'end': '15:00', 'location': 'CHM Urness', 'start': '13:30'};{'day': 'Tu', 'end': '15:00', 'location': 'CHM Urness', 'start': '13:30'};{'day': 'We', 'end': '15:00', 'location': 'CHM Urness', 'start': '13:30'};{'day': 'Th', 'end': '15:00', 'location': 'CHM Urness', 'start': '13:30'};{'day': 'Mo', 'end': '12:30', 'location': 'CHM Urness', 'start': '22:40'};{'day': 'Tu', 'end': '12:30', 'location': 'CHM Urness', 'start': '22:40'};{'day': 'We', 'end': '12:30', 'location': 'CHM Urness', 'start': '22:40'};{'day': 'Th', 'end': '12:30', 'location': 'CHM Urness', 'start': '22:40'}","False","False","","2","C","20112","","Research","2011"
"0000078436","1.0","0000000846","MUSIC","","1","0","0","0","1","","McWilliams, Kent M.","{'fsnum': '14107', 'name': 'McWilliams, Kent M.'}","200","","","","","","Academic Internship","","294","","True","","","2","C","20112","Internship","Research","2011"
"0000078681","1.0","0000000847","MUSIC","","1","0","1","0","0","","Amundson, Steven","{'fsnum': '140', 'name': 'Amundson, Steven'}","200","","","","","","IS/Orchestral Conducting","","298","","False","","","2","O","20112","Independent Study","Research","2011"
"0000085455","1.0","0000000847","MUSIC","","2","0","0","0","2","","Rodland, Catherine R.","{'fsnum': '13173', 'name': 'Rodland, Catherine R.'}","200","","","","","","IS/Organ Pedagogy & Lit","","298","","False","","A","2","O","20112","Independent Study","Research","2011"
"0000085522","1.0","0000000847","MUSIC","","1","0","0","0","1","WRI","Rodland, Catherine R.","{'fsnum': '13173', 'name': 'Rodland, Catherine R.'}","200","","","","","","IS/Organ Pedagogy & Lit","","298","","False","","B","2","O","20112","Independent Study","Research","2011"
"0000085524","1.0","0000000847","MUSIC","","1","0","0","0","1","","Ramirez, Catherine","{'fsnum': '21899', 'name': 'Ramirez, Catherine'}","200","","","","","","IS/Flute Pedagogy","","298","","False","","C","2","O","20112","Independent Study","Research","2011"
"0000078437","1.0","0000000865","MUSIC","","0","0","0","0","0","","Staff","{'fsnum': '', 'name': 'Staff'}","300","","","","","","Academic Internship","","394","","True","","","2","C","20112","Internship","Research","2011"
"0000078628","1.0","0000000866","MUSIC","","0","0","0","0","0","","Staff","{'fsnum': '', 'name': 'Staff'}","300","","","","","","IR/","","398","","False","","","2","O","20112","Independent Research","Research","2011"
"0000078438","1.0","0000000917","NEURO","","0","0","0","0","0","","Staff","{'fsnum': '', 'name': 'Staff'}","200","","","","","","Academic Internship","","294","","True","","","2","C","20112","","Research","2011"
"0000078662","1.0","0000000918","NEURO","","1","0","0","0","1","","Loebach, Jeremy","{'fsnum': '21097', 'name': 'Loebach, Jeremy'}","200","","","","","","IS/Multisens Integration","","298","","False","","","2","O","20112","","Research","2011"
"0000078439","1.0","0000000919","NEURO","","0","0","0","0","0","","Staff","{'fsnum': '', 'name': 'Staff'}","300","","","","","","Academic Internship","","394","","True","","","2","C","20112","","Research","2011"
"0000078632","1.0","0000000920","NEURO","","0","0","0","0","0","","Staff","{'fsnum': '', 'name': 'Staff'}","300","","","","","","IR/","","398","","False","","","2","O","20112","","Research","2011"
"0000078791","1.0","0000019734","NORW","Recently there has been an explosion in Nordic literature translated into English, providing unprecedented access to contemporary literary texts produced in Norway, Sweden, Denmark, Finland, and Iceland. In this course students read and analyze contemporary Nordic literary texts and examine those societies through a literary perspective. Sample topics: ""Murder Nordic Style: Contemporary Crime Fiction"" and ""Gender and Nordic Society."" Taught in English. Offered annually or periodically.","29","8","5","9","7","ALS-L","O'Leary, Margaret H.","{'fsnum': '5815', 'name': ""O'Leary, Margaret H.""}","200","28","","","","","Top: Nordic Crime Fiction","This course is open to first-year students.","224","{'day': 'Mo', 'end': '15:00', 'location': 'TOH 308', 'start': '13:00'};{'day': 'Tu', 'end': '15:00', 'location': 'TOH 308', 'start': '13:00'};{'day': 'We', 'end': '15:00', 'location': 'TOH 308', 'start': '13:00'};{'day': 'Th', 'end': '15:00', 'location': 'TOH 308', 'start': '13:00'};{'day': 'Fr', 'end': '15:00', 'location': 'TOH 308', 'start': '13:00'}","False","False","","2","C","20112","Topics in Contemporary Nordic Literature: A Window on Society","Topic","2011"
"0000078440","1.0","0000000931","NORW","","0","0","0","0","0","","Staff","{'fsnum': '', 'name': 'Staff'}","200","","","","","","Academic Internship","","294","","True","","","2","C","20112","Internship","Research","2011"
"0000078663","1.0","0000000932","NORW","","0","0","0","0","0","","Staff","{'fsnum': '', 'name': 'Staff'}","200","","","","","","IS/","","298","","False","","","2","O","20112","Independent Study","Research","2011"
"0000078441","1.0","0000000936","NORW","","0","0","0","0","0","","Staff","{'fsnum': '', 'name': 'Staff'}","300","","","","","","Academic Internship","","394","","True","","","2","C","20112","Internship","Research","2011"
"0000078604","1.0","0000000937","NORW","","0","0","0","0","0","","Staff","{'fsnum': '', 'name': 'Staff'}","300","","","","","","IR/","","398","","False","","","2","O","20112","Independent Research","Research","2011"
"0000078740","1.0","0000000939","NURS","This course explores the sources, chemical composition, and metabolic behavior of nutrients. Nutritional requirements for a balanced diet are examined as well as the consequences of excesses and deficiencies. Students use nutrition tools and guidelines to make sound food choices, learn how to read food labels, and consider factors affecting food consumption. Class activities increase students' awareness of a healthy diet, help students evaluate nutrition behaviors, and facilitate a nutritionally sound lifestyle. Prerequisite: High school biology and chemistry strongly recommended. Offered annually during Interim and in the spring semester. Counts towards exercise science major and biomedical studies concentration.","28","9","5","11","3","IST;NST","Glazebrook, Rita","{'fsnum': '2650', 'name': 'Glazebrook, Rita'}","100","30","","","","","Nutrition & Wellness","","110","{'day': 'Mo', 'end': '10:00', 'location': 'HH 501', 'start': '08:00'};{'day': 'Tu', 'end': '10:00', 'location': 'HH 501', 'start': '08:00'};{'day': 'We', 'end': '10:00', 'location': 'HH 501', 'start': '08:00'};{'day': 'Th', 'end': '10:00', 'location': 'HH 501', 'start': '08:00'};{'day': 'Fr', 'end': '10:00', 'location': 'HH 501', 'start': '08:00'}","False","High school biology and chemistry strongly recommended. Offered annually during Interim and in the spring semester. Counts towards exercise science major and biomedical studies concentration.","A","2","C","20112","Nutrition and Wellness","Research","2011"
"0000078741","1.0","0000000939","NURS","This course explores the sources, chemical composition, and metabolic behavior of nutrients. Nutritional requirements for a balanced diet are examined as well as the consequences of excesses and deficiencies. Students use nutrition tools and guidelines to make sound food choices, learn how to read food labels, and consider factors affecting food consumption. Class activities increase students' awareness of a healthy diet, help students evaluate nutrition behaviors, and facilitate a nutritionally sound lifestyle. Prerequisite: High school biology and chemistry strongly recommended. Offered annually during Interim and in the spring semester. Counts towards exercise science major and biomedical studies concentration.","27","13","10","1","3","IST;NST","Kuehn, Mary Beth","{'fsnum': '4577', 'name': 'Kuehn, Mary Beth'}","100","30","","","","","Nutrition & Wellness","","110","{'day': 'Mo', 'end': '10:00', 'location': 'HH 501', 'start': '08:00'};{'day': 'Tu', 'end': '10:00', 'location': 'HH 501', 'start': '08:00'};{'day': 'We', 'end': '10:00', 'location': 'HH 501', 'start': '08:00'};{'day': 'Th', 'end': '10:00', 'location': 'HH 501', 'start': '08:00'};{'day': 'Fr', 'end': '10:00', 'location': 'HH 501', 'start': '08:00'}","False","High school biology and chemistry strongly recommended. Offered annually during Interim and in the spring semester. Counts towards exercise science major and biomedical studies concentration.","B","2","C","20112","Nutrition and Wellness","Research","2011"
"0000085518","1.0","0000000939","NURS","This course explores the sources, chemical composition, and metabolic behavior of nutrients. Nutritional requirements for a balanced diet are examined as well as the consequences of excesses and deficiencies. Students use nutrition tools and guidelines to make sound food choices, learn how to read food labels, and consider factors affecting food consumption. Class activities increase students' awareness of a healthy diet, help students evaluate nutrition behaviors, and facilitate a nutritionally sound lifestyle. Prerequisite: High school biology and chemistry strongly recommended. Offered annually during Interim and in the spring semester. Counts towards exercise science major and biomedical studies concentration.","25","6","4","12","3","IST;NST","Neal, Diana","{'fsnum': '5499', 'name': 'Neal, Diana'}","100","30","","","","","Nutrition & Wellness","","110","{'day': 'Mo', 'end': '10:00', 'location': 'HH 501', 'start': '08:00'};{'day': 'Tu', 'end': '10:00', 'location': 'HH 501', 'start': '08:00'};{'day': 'We', 'end': '10:00', 'location': 'HH 501', 'start': '08:00'};{'day': 'Th', 'end': '10:00', 'location': 'HH 501', 'start': '08:00'};{'day': 'Fr', 'end': '10:00', 'location': 'HH 501', 'start': '08:00'}","False","High school biology and chemistry strongly recommended. Offered annually during Interim and in the spring semester. Counts towards exercise science major and biomedical studies concentration.","C","2","O","20112","Nutrition and Wellness","Research","2011"
"0000081478","1.0","0000000940","NURS","This course examines how contemporary culture influences present-day wellness perspectives. Values, lifestyle, daily stresses, and corresponding coping mechanisms affecting one's well-being are explored. Students study health behaviors as a function of social influences and, conversely, the impact of unhealthy coping behaviors on the social enterprise. This course also includes an exploration of wellness from the perspective of non-western cultures. Offered annually during Interim. Counts towards American studies major and film studies concentration.","0","0","0","0","0","HBS","Staff","{'fsnum': '', 'name': 'Staff'}","100","0","","","","","Images of Wellness","This course has been canceled.","120","{'day': 'Mo', 'end': '15:00', 'location': 'TOH 210', 'start': '13:00'};{'day': 'We', 'end': '15:00', 'location': 'TOH 210', 'start': '13:00'};{'day': 'Mo', 'end': '12:40', 'location': 'TOH 210', 'start': '22:40'};{'day': 'We', 'end': '12:40', 'location': 'TOH 210', 'start': '22:40'};{'day': 'Fr', 'end': '12:40', 'location': 'TOH 210', 'start': '22:40'}","False","False","","2","X","20112","","Research","2011"
"0000078566","1.0","0000022792","NURS","This course explores health and culture in Oceania, examining sources of influence such as the colonial experience, regional and global interdependence, the impact of nuclear testing, and the co-existence of traditional and ""modern"" values. Students examine these cultures on Oahu Hawai'i, Kosrae, and Pohnpei in the Federated States of Micronesia (FSM), through ethnographic readings, guest lectures, field trips, and as participant observers at events. Offered annually during Interim.","18","0","6","2","10","MCG;MCS-G","MacNaughton, Neil","{'fsnum': '21060', 'name': 'MacNaughton, Neil'}","200","25","","","","","Health/Culture/Oceania","This is an off-campus course.","221","","False","False","","2","C","20112","Health and Culture in Oceania","Research","2011"
"0000078442","1.0","0000000942","NURS","Does not count toward the major.","0","0","0","0","0","","Staff","{'fsnum': '', 'name': 'Staff'}","200","","","","","","Academic Internship","","294","","True","False","","2","C","20112","Internship","Research","2011"
"0000078688","1.0","0000000943","NURS","Does not count toward the major.","0","0","0","0","0","","Staff","{'fsnum': '', 'name': 'Staff'}","200","","","","","","IS/","","298","","False","False","","2","O","20112","Independent Study","Research","2011"
"0000085433","1.0","0000000943","NURS","Does not count toward the major.","2","0","0","0","2","","Kuehn, Mary Beth","{'fsnum': '4577', 'name': 'Kuehn, Mary Beth'}","200","","","","","","IS/Nursing Education","","298","","False","False","A","2","C","20112","Independent Study","Research","2011"
"0000085434","1.0","0000000943","NURS","Does not count toward the major.","0","0","0","0","0","","Staff","{'fsnum': '', 'name': 'Staff'}","200","","","","","","IS/","","298","","False","False","B","2","O","20112","Independent Study","Research","2011"
"0000078443","1.0","0000000961","NURS","Does not count toward the major.","1","0","0","0","1","","Glazebrook, Rita","{'fsnum': '2650', 'name': 'Glazebrook, Rita'}","300","","","","","","Academic Internship","","394","","True","False","","2","C","20112","Internship","Research","2011"
"0000078605","1.0","0000000963","NURS","Does not count toward the major.","1","0","0","0","1","WRI","Kuehn, Mary Beth","{'fsnum': '4577', 'name': 'Kuehn, Mary Beth'}","300","","","","","","IR/Writing to Publish","","398","","False","False","","2","O","20112","Independent Research","Research","2011"
"0000078746","1.0","0000000966","PHIL","Literature provides rich resources for thinking through central philosophical questions, including the metaphysics and ethics of freedom; the problem of evil; the role of character in choice and action; the nature of morality; rebellion and human solidarity; God's existence and relation to the world; and the nature of truth. Designed primarily for first-year students, this course explores philosophical ideas in literary works of several different genres by studying plot, character, point of view, imagery, and symbolism. Offered during Interim.","22","20","0","2","0","ALS-L;WRI","Harper, Vicki L.","{'fsnum': '3121', 'name': 'Harper, Vicki L.'}","100","19","","0","","0","Philosophy in Lit","Open to First-Year Students and Sophomores only.","120","{'day': 'Mo', 'end': '15:00', 'location': 'HH 403', 'start': '13:00'};{'day': 'Tu', 'end': '15:00', 'location': 'HH 403', 'start': '13:00'};{'day': 'We', 'end': '15:00', 'location': 'HH 403', 'start': '13:00'};{'day': 'Th', 'end': '15:00', 'location': 'HH 403', 'start': '13:00'};{'day': 'Fr', 'end': '15:00', 'location': 'HH 403', 'start': '13:00'}","False","False","","2","C","20112","Philosophy in Literature","Research","2011"
"0000081028","1.0","0000024362","PHIL","Judo is an Olympic sport and martial art widely known for its dynamic throws, slick submissions, and grueling conditioning. However, the founder of judo also intended it to be a system of moral education rooted in the philosophical traditions of Japan. In this course students learn the physical aspects of judo through intensive practice and the philosophical aspects of judo through studying Zen Buddhism and the writings of judo's founder, Jigoro Kano. Offered during Interim.","18","14","0","0","4","SPM","Muñoz-Hutchinson, Danny","{'fsnum': '21884', 'name': 'Muñoz-Hutchinson, Danny'}","100","18","","","","","Zen and Art of Judo","","127","{'day': 'Mo', 'end': '12:40', 'location': 'SAC Wr Rm', 'start': '22:40'};{'day': 'Tu', 'end': '12:40', 'location': 'SAC Wr Rm', 'start': '22:40'};{'day': 'We', 'end': '12:40', 'location': 'SAC Wr Rm', 'start': '22:40'};{'day': 'Th', 'end': '12:40', 'location': 'SAC Wr Rm', 'start': '22:40'};{'day': 'Fr', 'end': '12:40', 'location': 'SAC Wr Rm', 'start': '22:40'}","False","False","","2","C","20112","Zen and the Art of Judo","Research","2011"
"0000078769","1.0","0000019738","PHIL","An exploration of problems about the nature of space and time that are of common interest to philosophers and scientists: Do space and time have boundaries? Are space and time independent of minds and bodies? How are space and time conceived in classical vs. relativistic physics? What is the geometry of space? Is time travel possible? What is God's relation to space and time? Offered during Interim.","29","0","8","12","9","IST;NST","Cunningham, Arthur","{'fsnum': '20236', 'name': 'Cunningham, Arthur'}","200","30","0","","","","Space and Time","Not open to first-year students.","246","{'day': 'Mo', 'end': '15:00', 'location': 'RNS 190', 'start': '13:00'};{'day': 'Tu', 'end': '15:00', 'location': 'RNS 190', 'start': '13:00'};{'day': 'We', 'end': '15:00', 'location': 'RNS 190', 'start': '13:00'};{'day': 'Th', 'end': '15:00', 'location': 'RNS 190', 'start': '13:00'};{'day': 'Fr', 'end': '15:00', 'location': 'RNS 190', 'start': '13:00'}","False","False","","2","C","20112","","Research","2011"
"0000080597","1.0","0000000977","PHIL","This course clarifies central concepts and distinctions developed in the literature of moral philosophy and applications of those concepts and distinctions to concrete moral problems that arise in the practice of medicine. Issues may include euthanasia, abortion, medical paternalism, allocation of scarce medical resources, culturally sensitive medical care, pandemics, and conflicts of loyalty in managed care. Readings are drawn from both philosophical and medical discussions. Prerequisite: completion of BTS-T or permission of instructor. Offered annually. Counts toward biomedical studies and neuroscience concentrations.","20","0","4","2","14","EIN","Gervais, Karen","{'fsnum': '2519', 'name': 'Gervais, Karen'}","200","22","0","4","1","","Biomedical Ethics","There will be an additional meeting time on Mondays from 7:00-9:30 p.m.         ;Prerequisite: Completion of BTS-T or permission of instructor.                  ;Open only to seniors during web registration.","250","{'day': 'Mo', 'end': '10:00', 'location': 'HH 413', 'start': '08:00'};{'day': 'We', 'end': '10:00', 'location': 'HH 413', 'start': '08:00'};{'day': 'Fr', 'end': '10:00', 'location': 'HH 413', 'start': '08:00'}","False","completion of BTS-T or permission of instructor. Offered annually. Counts toward biomedical studies and neuroscience concentrations.","","2","C","20112","","Research","2011"
"0000085411","1.0","0000000980","PHIL","This course considers the relationships between moral principles, law, and the practice of governments. Topics may include the ""Just War"" debate, censorship, property rights and distributive justice, natural law, political liberalism and its critics, whether governments should act in accordance with specific moral principles or remain neutral, the tensions between individual rights and the good of the community, and the role of religion in public life. Prerequisite: completion of BTS-T or permission of instructor. Offered most years.","20","0","5","0","15","EIN","Fuerstein, Michael","{'fsnum': '21885', 'name': 'Fuerstein, Michael'}","200","22","0","3","0","","Law,Politics,Morality","Prerequisite: Completion of BTS-T or permission of instructor.                  ;Open only to seniors during web registration.","254","{'day': 'Mo', 'end': '15:00', 'location': 'HH 516', 'start': '13:00'};{'day': 'Tu', 'end': '15:00', 'location': 'HH 516', 'start': '13:00'};{'day': 'We', 'end': '15:00', 'location': 'HH 516', 'start': '13:00'};{'day': 'Th', 'end': '15:00', 'location': 'HH 516', 'start': '13:00'};{'day': 'Fr', 'end': '15:00', 'location': 'HH 516', 'start': '13:00'}","False","completion of BTS-T or permission of instructor. Offered most years.","","2","C","20112","Law, Politics, and Morality","Research","2011"
"0000078549","1.0","0000000984","PHIL","Students examine Freud's thesis that our thoughts and actions spring from the darkness of our unconscious. Because Freud based his theory on a small sample of case studies, the course scrutinizes this qualitative data and discusses the role of case studies in the study of human behavior. Students evaluate the criteria for a scientific theory of human behavior and consider whether Freud's theory meets them. Offered during Interim.","22","3","6","8","5","HBS","Marino, Gordon D.","{'fsnum': '5051', 'name': 'Marino, Gordon D.'}","200","30","","","","","Freud/Human Behavior","Closed to first-year students during web registration.","261","{'day': 'Mo', 'end': '15:00', 'location': 'RML 421', 'start': '13:00'};{'day': 'Tu', 'end': '15:00', 'location': 'RML 421', 'start': '13:00'};{'day': 'We', 'end': '15:00', 'location': 'RML 421', 'start': '13:00'};{'day': 'Th', 'end': '15:00', 'location': 'RML 421', 'start': '13:00'};{'day': 'Fr', 'end': '15:00', 'location': 'RML 421', 'start': '13:00'}","False","False","","2","O","20112","Freud and the Study of Human Behavior","Research","2011"
"0000078444","1.0","0000000985","PHIL","","0","0","0","0","0","","Staff","{'fsnum': '', 'name': 'Staff'}","200","","","","","","Academic Internship","","294","","True","","","2","C","20112","","Research","2011"
"0000078680","1.0","0000000986","PHIL","","0","0","0","0","0","","Staff","{'fsnum': '', 'name': 'Staff'}","200","","","","","","IS/","","298","","False","","","2","O","20112","Independent Study","Research","2011"
"0000078445","1.0","0000000992","PHIL","","0","0","0","0","0","","Staff","{'fsnum': '', 'name': 'Staff'}","300","","","","","","Academic Internship","","394","","True","","","2","C","20112","","Research","2011"
"0000078627","1.0","0000000993","PHIL","Prerequisite: one level III course in philosophy.","0","0","0","0","0","","Staff","{'fsnum': '', 'name': 'Staff'}","300","","","","","","IR/","","398","","False","one level III course in philosophy.","","2","O","20112","Independent Research","Research","2011"
"0000078722","1.0","0000001086","PHYS","This course offers an introduction to the physics of sound waves, the biological, physical and psychological origins of sound perception, and the synthesis of sounds and sound production in different instruments. Students explore these topics, as well as sound recording and reproduction systems, through lectures, discussions, laboratory experiments, and student presentations. Prerequisite: proficiency in algebra and geometry. No musical experience necessary. Offered during Interim.","29","3","1","14","11","IST;NSC;NSL;SED","Nitz, David","{'fsnum': '5620', 'name': 'Nitz, David'}","200","30","0","","","","Musical Acoustics","Students in Physics 252 must also register for lab Physics 252 L.               ;Closed to First-Year Students during web registration.","252","{'day': 'Mo', 'end': '10:00', 'location': 'RNS 210', 'start': '08:30'};{'day': 'Tu', 'end': '10:00', 'location': 'RNS 210', 'start': '08:30'};{'day': 'We', 'end': '10:00', 'location': 'RNS 210', 'start': '08:30'};{'day': 'Th', 'end': '10:00', 'location': 'RNS 210', 'start': '08:30'};{'day': 'Fr', 'end': '10:00', 'location': 'RNS 210', 'start': '08:30'}","False","proficiency in algebra and geometry. No musical experience necessary. Offered during Interim.","","2","C","20112","","Research","2011"
"0000078723","","0000001087","PHYS","","29","3","1","14","11","","Martsberger, Carolyn M.","{'fsnum': '22862', 'name': 'Martsberger, Carolyn M.'}","200","30","0","","","","Musical Acoustics Lab","","252","{'day': 'Mo', 'end': '15:30', 'location': 'RNS 292', 'start': '13:00'};{'day': 'Tu', 'end': '15:30', 'location': 'RNS 292', 'start': '13:00'};{'day': 'We', 'end': '15:30', 'location': 'RNS 292', 'start': '13:00'};{'day': 'Th', 'end': '15:30', 'location': 'RNS 292', 'start': '13:00'};{'day': 'Fr', 'end': '15:30', 'location': 'RNS 292', 'start': '13:00'}","False","","","2","C","20112","","Lab","2011"
"0000078448","1.0","0000001090","PHYS","","0","0","0","0","0","","Staff","{'fsnum': '', 'name': 'Staff'}","200","","","","","","Academic Internship","","294","","True","","","2","C","20112","Internship","Research","2011"
"0000078665","1.0","0000001091","PHYS","","0","0","0","0","0","","Staff","{'fsnum': '', 'name': 'Staff'}","200","","","","","","IS/","","298","","False","","","2","O","20112","Independent Study","Research","2011"
"0000082488","1.0","0000001091","PHYS","","1","0","1","0","0","","Dahl, David A.","{'fsnum': '1345', 'name': 'Dahl, David A.'}","200","","","","","","IS/Elect Circuits Wash U","","298","","False","","A","2","C","20112","Independent Study","Research","2011"
"0000078449","1.0","0000001100","PHYS","","1","0","0","0","1","","Nitz, David","{'fsnum': '5620', 'name': 'Nitz, David'}","300","","","","","","Academic Internship","","394","","True","","","2","C","20112","Internship","Research","2011"
"0000078629","1.0","0000001101","PHYS","","1","0","0","0","1","","Engbrecht, Jason J.","{'fsnum': '14912', 'name': 'Engbrecht, Jason J.'}","300","","","","","","IR/Underwater Robotics","","398","","False","","","2","O","20112","Independent Research","Research","2011"
"0000080598","1.0","0000001109","PSCI","What makes a person capable of repression? Who obeys morally unjust orders to torture or kill innocent victims? What causes genocide? Who risks his or her life to defend others' rights? Using case studies from around the world, this course looks at various explanations for the range of ways individuals respond to immoral government actions, with special emphasis on theories of political psychology.","28","24","2","0","2","HBS","Thalhammer, Kris","{'fsnum': '8281', 'name': 'Thalhammer, Kris'}","100","30","","","","","Politics Human Rights","","117","{'day': 'Mo', 'end': '12:40', 'location': 'HH 307', 'start': '22:40'};{'day': 'Tu', 'end': '12:40', 'location': 'HH 307', 'start': '22:40'};{'day': 'We', 'end': '12:40', 'location': 'HH 307', 'start': '22:40'};{'day': 'Th', 'end': '12:40', 'location': 'HH 307', 'start': '22:40'};{'day': 'Fr', 'end': '12:40', 'location': 'HH 307', 'start': '22:40'}","False","False","","2","C","20112","Politics and Human Rights","Research","2011"
"0000078781","1.0","0000017196","PSCI","The goal of this course is to introduce students to the long tradition of debate concerning the nature and legitimacy of war. The course explores the reality of war, the revulsion of violence and the possibility of just war through texts ranging from Thucydides, Aquinas, and Freud. The course explores contemporary debates in light of moral and empirical arguments learned.","47","11","4","26","6","HBS;HWC","Lott, Anthony;Casson, Douglas J.","{'fsnum': '15825', 'name': 'Lott, Anthony'};{'fsnum': '17420', 'name': 'Casson, Douglas J.'}","100","50","","","","","The Problem of War","","119","{'day': 'Mo', 'end': '15:00', 'location': 'HH 501', 'start': '13:00'};{'day': 'Tu', 'end': '15:00', 'location': 'HH 501', 'start': '13:00'};{'day': 'We', 'end': '15:00', 'location': 'HH 501', 'start': '13:00'};{'day': 'Th', 'end': '15:00', 'location': 'HH 501', 'start': '13:00'};{'day': 'Fr', 'end': '15:00', 'location': 'HH 501', 'start': '13:00'}","False","False","","2","C","20112","","Research","2011"
"0000085323","1.0","0000025198","PSCI","In a democratic state, the media play an important role in linking the people to elected officials and political institutions. The course is principally concerned with this connection. By analyzing broad and varied forms of political communication and studying scholarship on the role of media in society, students explore the structure of American media with respect to political institutions, the effects media can have on individuals' political attitudes, and the role the media plays in political campaigns and governance. Prerequisite: None, but one course in political science is recommended. Offered alternature years during Interim.","19","2","5","8","4","HBS","Hendriks, Henriet","{'fsnum': '22855', 'name': 'Hendriks, Henriet'}","200","19","","","","","Media and Politics","","211","{'day': 'Mo', 'end': '15:00', 'location': 'HH 515', 'start': '13:00'};{'day': 'Tu', 'end': '15:00', 'location': 'HH 515', 'start': '13:00'};{'day': 'We', 'end': '15:00', 'location': 'HH 515', 'start': '13:00'};{'day': 'Th', 'end': '15:00', 'location': 'HH 515', 'start': '13:00'};{'day': 'Fr', 'end': '15:00', 'location': 'HH 515', 'start': '13:00'}","False","None, but one course in political science is recommended. Offered alternature years during Interim.","","2","C","20112","","Research","2011"
"0000078749","1.0","0000019831","PSCI","The course is based on the Adriatic Coast of Slovenia with travel to Italy, Croatia and Bosnia to students study processes of political identity formation in a part of Europe that has seen the collapse of multi-ethnic empires and the multi-ethnic state of Yugoslavia. Students work in groups representing the concepts used by Charles Tilly to analyze political identity. In group reports, students will construct analytical images of political identities in Piran, Triest, Vukovar, Belgrade, Sarajevo and Mostar.","21","0","6","8","7","HBS;MCG;MCS-G","Dale, J. Patrick","{'fsnum': '1343', 'name': 'Dale, J. Patrick'}","200","25","","","","","Polit Identity Cent Euro","This is an off-campus course.","240","","False","False","","2","C","20112","Changing Political Identities in Coastal Central Europe","Research","2011"
"0000078450","1.0","0000001139","PSCI","Internships are available in a wide variety of public and private institutions including the state legislature, lobbying agencies, law firms, media organizations, corporate public affairs, and executive agencies.","1","0","0","1","0","","Thalhammer, Kris","{'fsnum': '8281', 'name': 'Thalhammer, Kris'}","200","","","","","","Academic Internship","","294","","True","False","","2","C","20112","Internship","Research","2011"
"0000085566","1.0","0000001139","PSCI","Internships are available in a wide variety of public and private institutions including the state legislature, lobbying agencies, law firms, media organizations, corporate public affairs, and executive agencies.","1","0","0","0","1","","Udani, Adriano","{'fsnum': '22816', 'name': 'Udani, Adriano'}","200","","","","","","Academic Internship","","294","","True","False","A","2","O","20112","Internship","Research","2011"
"0000085590","1.0","0000001139","PSCI","Internships are available in a wide variety of public and private institutions including the state legislature, lobbying agencies, law firms, media organizations, corporate public affairs, and executive agencies.","3","0","1","1","1","","Casson, Douglas J.","{'fsnum': '17420', 'name': 'Casson, Douglas J.'}","200","","","","","","Academic Internship","","294","","True","False","B","2","O","20112","Internship","Research","2011"
"0000085607","1.0","0000001139","PSCI","Internships are available in a wide variety of public and private institutions including the state legislature, lobbying agencies, law firms, media organizations, corporate public affairs, and executive agencies.","1","0","1","0","0","","Hofrenning, Dan","{'fsnum': '3418', 'name': 'Hofrenning, Dan'}","200","","","","","","Academic Internship","","294","","True","False","C","2","O","20112","Internship","Research","2011"
"0000078699","1.0","0000001141","PSCI","After completion of three courses in political science, students may approach a member of the department faculty and propose a course of study not currently offered to be conducted in tutorial fashion.","0","0","0","0","0","","Staff","{'fsnum': '', 'name': 'Staff'}","200","","","","","","IS/","","298","","False","False","","2","O","20112","Independent Study","Research","2011"
"0000078451","1.0","0000001151","PSCI","Students with ideas for internships are encouraged to approach instructors within the department in order to arrange supervision for credit. For Level III credit students must have successfully completed a Level II internship in the same area. Prerequisite: Political Science 294.","0","0","0","0","0","","Staff","{'fsnum': '', 'name': 'Staff'}","300","","","","","","Academic Internship","","394","","True","Political Science 294.","","2","C","20112","Internship","Research","2011"
"0000078607","1.0","0000001152","PSCI","Students who have taken five political science courses, one of which is in the area of the proposed research, may propose an independent research project to a member of the departmental faculty. Prerequisite: Political Science 220 and one course in the subfield or permission of instructor.","0","0","0","0","0","","Staff","{'fsnum': '', 'name': 'Staff'}","300","","","","","","IR/","","398","","False","Political Science 220 and one course in the subfield or permission of instructor.","","2","O","20112","Independent Research","Research","2011"
"0000078768","1.0","0000022442","PSYCH","This course explores children's socioemotional and self development in cultural context. Students examine larger theoretical frameworks and developmental patterns concerning socioemotional development, paying special attention to the various familial and cultural contexts that lead to the creation of individual selves and cultural beings. Some of the questions the course explores include: How do children become emotional beings? How do cultural factors shape our sense of self and identity, our motivations, and interactions with others? Prerequisite: Psychology 125. Offered during Interim.","24","5","4","8","7","MCG;MCS-G","Cho, Grace E.","{'fsnum': '20130', 'name': 'Cho, Grace E.'}","200","25","5","","","","SocioEmot Dev/Culture","Open to First-Year Students.  This course has class year limits.","220","{'day': 'Mo', 'end': '15:00', 'location': 'RNS 204', 'start': '13:00'};{'day': 'Tu', 'end': '15:00', 'location': 'RNS 204', 'start': '13:00'};{'day': 'We', 'end': '15:00', 'location': 'RNS 204', 'start': '13:00'};{'day': 'Th', 'end': '15:00', 'location': 'RNS 204', 'start': '13:00'};{'day': 'Fr', 'end': '15:00', 'location': 'RNS 204', 'start': '13:00'}","False","Psychology 125. Offered during Interim.","","2","C","20112","Socioemotional Development in Cultural Context","Research","2011"
"0000080600","1.0","0000022443","PSYCH","How do we hear? What do we hear? How do we know? This course examines the perception of the acoustic world through our sense of hearing. Topics include the structure of sound itself (acoustics), how sound is encoded and processed by the brain, and how we come to understand sound as something beyond a physical stimulus (representation, meaning, and interpretation). Additional topics include speech perception, music, hearing loss, and cochlear implants. Prerequisite: Psychology 125 recommended. Offered during Interim.","36","10","10","7","9","IST;MCD;MCS-D;NST","Loebach, Jeremy","{'fsnum': '21097', 'name': 'Loebach, Jeremy'}","200","30","","","","","Psychology of Hearing","","222","{'day': 'Mo', 'end': '15:00', 'location': 'RNS 310', 'start': '13:00'};{'day': 'Tu', 'end': '15:00', 'location': 'RNS 310', 'start': '13:00'};{'day': 'We', 'end': '15:00', 'location': 'RNS 310', 'start': '13:00'};{'day': 'Th', 'end': '15:00', 'location': 'RNS 310', 'start': '13:00'};{'day': 'Fr', 'end': '15:00', 'location': 'RNS 310', 'start': '13:00'}","False","Psychology 125 recommended. Offered during Interim.","","2","C","20112","","Research","2011"
"0000080715","1.0","0000024140","PSYCH","This course explores childhood and family life in modern India through site visits, observations, lectures, and readings, addressing questions such as: How does India's unique history and culture, population growth, and economic development affect parenting practices, children's self-concept, relationships, and education? How do adolescents in India understand and experience gender roles and the transition to adulthood? How do Indian psychologists and social workers integrate traditional and contemporary approaches in this religiously and linguistically diverse nation? Prerequisite: Psychology 125 or Asian Studies 121 or Family Studies 232 or 242 or permission of the instructor. Offered every 3-4 years during Interim.","20","0","7","2","11","HBS;MCG;MCS-G","Gross, Dana","{'fsnum': '2768', 'name': 'Gross, Dana'}","200","18","","","","","Human Development/India","This is an off-campus course.","223","","False","Psychology 125 or Asian Studies 121 or Family Studies 232 or 242 or permission of the instructor. Offered every 3-4 years during Interim.","","2","C","20112","Human Development in Cross-Cultural Context","Research","2011"
"0000080601","1.0","0000001157","PSYCH","Learn to use methods of 21st-century neuroscience to study current questions about mind-body relationships. Psychophysiology, an area of cognitive neuroscience, reveals new insights about cognition and emotions by measuring accompanying changes in physiological activity such as brain waves, heart activity, and facial muscle movements. Students work in teams to gain hands-on laboratory experience and training in principles and techniques of electro-encephalography, electro-cardiology, and electromyography. Prerequisite: Psychology 125. Offered during Interim. Counts toward biomedical studies and neuroscience concentrations.","12","4","3","4","1","","Thorsheim, Howard","{'fsnum': '8376', 'name': 'Thorsheim, Howard'}","200","15","","","","","Psychophysiology","","225","{'day': 'Mo', 'end': '15:00', 'location': 'RNS 240', 'start': '13:00'};{'day': 'Tu', 'end': '15:00', 'location': 'RNS 240', 'start': '13:00'};{'day': 'We', 'end': '15:00', 'location': 'RNS 240', 'start': '13:00'};{'day': 'Th', 'end': '15:00', 'location': 'RNS 240', 'start': '13:00'};{'day': 'Fr', 'end': '15:00', 'location': 'RNS 240', 'start': '13:00'};{'day': 'Mo', 'end': '12:00', 'location': 'RNS 240', 'start': '22:40'};{'day': 'Tu', 'end': '12:00', 'location': 'RNS 240', 'start': '22:40'};{'day': 'We', 'end': '12:00', 'location': 'RNS 240', 'start': '22:40'};{'day': 'Th', 'end': '12:00', 'location': 'RNS 240', 'start': '22:40'};{'day': 'Fr', 'end': '12:00', 'location': 'RNS 240', 'start': '22:40'}","False","Psychology 125. Offered during Interim. Counts toward biomedical studies and neuroscience concentrations.","","2","C","20112","","Research","2011"
"0000078452","1.0","0000001178","PSYCH","","1","0","0","0","1","","Oriña, M. Minda","{'fsnum': '20155', 'name': 'Oriña, M. Minda'}","200","","","","","","Academic Internship","","294","","True","","","2","C","20112","","Research","2011"
"0000085568","1.0","0000001178","PSYCH","","1","0","1","0","0","","McMillan, Donna K.","{'fsnum': '5220', 'name': 'McMillan, Donna K.'}","200","","","","","","Academic Internship","","294","","True","","A","2","O","20112","","Research","2011"
"0000078678","1.0","0000001179","PSYCH","This opportunity to investigate in depth a topic of interest, typically culminating in a library research-based paper, is strongly recommended as preparation for Psychology 398. Prerequisite: Psychology 125, at least three courses in the department, and permission of instructor. Psychology 230 is strongly recommended. Offered each semester.","0","0","0","0","0","","Staff","{'fsnum': '', 'name': 'Staff'}","200","","","","","","IS/","","298","","False","Psychology 125, at least three courses in the department, and permission of instructor. Psychology 230 is strongly recommended. Offered each semester.","","2","O","20112","Independent Study","Research","2011"
"0000078453","1.0","0000001188","PSYCH","Internship","0","0","0","0","0","","Staff","{'fsnum': '', 'name': 'Staff'}","300","","","","","","Academic Internship","","394","","True","False","","2","C","20112","","Research","2011"
"0000078608","1.0","0000001190","PSYCH","Students have the opportunity to work in depth on a research project of interest under the supervision of a member of the psychology department faculty. Prerequisite: Statistics 110, 212 or 263, Psychology 230, four additional courses in the department, and permission of instructor. Psychology 298 is strongly recommended. Offered each semester. Depending on course topic, may count toward the neuroscience concentration","0","0","0","0","0","","Staff","{'fsnum': '', 'name': 'Staff'}","300","","","","","","IR/","","398","","False","Statistics 110, 212 or 263, Psychology 230, four additional courses in the department, and permission of instructor. Psychology 298 is strongly recommended. Offered each semester. Depending on course topic, may count toward the neuroscience concentration","","2","O","20112","Independent Research","Research","2011"
"0000082575","1.0","0000001196","REL","This course traces the significance of essential Christian theological doctrines (e.g., God, Christ, sin, salvation) for contemporary understandings of human beings and human behavior. Selected comparisons with alternative and/or complementary views of human nature (for example, philosophical, psychological, sociological, literary) are also included. Prerequisite: BTS-B.","25","4","4","14","3","BTS-T","Jothen, Peder J.","{'fsnum': '17549', 'name': 'Jothen, Peder J.'}","200","25","","","","","Chr Theol/Human Exist","","208","{'day': 'Mo', 'end': '15:00', 'location': 'BMC 111', 'start': '13:00'};{'day': 'Tu', 'end': '15:00', 'location': 'BMC 111', 'start': '13:00'};{'day': 'We', 'end': '15:00', 'location': 'BMC 111', 'start': '13:00'};{'day': 'Th', 'end': '15:00', 'location': 'BMC 111', 'start': '13:00'};{'day': 'Fr', 'end': '15:00', 'location': 'BMC 111', 'start': '13:00'}","False","BTS-B.","","2","C","20112","Christian Theology and Human Existence","Research","2011"
"0000085324","1.0","0000025197","REL","Food holds a central place in many world religions. In their feasts and fasts, holy and forbidden foods, community suppers, festivals, and food shelves, people of faith develop and express their theologies. This course examines food beliefs and practices for religion, in particular the theological significance of food in Christianity and how it compares with other faith traditions. Th relation of food to the doctrines of God, Christ, and salvation will have special attention. Prerequisite: BTS-B. Offered alternate years during Interim.","46","1","15","24","6","BTS-T","Benjamin, Mara H.;Anderson, Mary E.","{'fsnum': '20159', 'name': 'Benjamin, Mara H.'};{'fsnum': '17411', 'name': 'Anderson, Mary E.'}","200","50","","","","","Theology of Food","","210","{'day': 'Mo', 'end': '10:00', 'location': 'RML 525', 'start': '08:00'};{'day': 'Tu', 'end': '10:00', 'location': 'RML 525', 'start': '08:00'};{'day': 'We', 'end': '10:00', 'location': 'RML 525', 'start': '08:00'};{'day': 'Th', 'end': '10:00', 'location': 'RML 525', 'start': '08:00'};{'day': 'Fr', 'end': '10:00', 'location': 'RML 525', 'start': '08:00'}","False","BTS-B. Offered alternate years during Interim.","","2","C","20112","","Research","2011"
"0000080606","1.0","0000023943","REL","This course explores the interface between religion and politics in the lives and thought of Mahatma Gandhi, Reinhold Niebuhr, and Martin Luther King, Jr. Focus will be upon the distinctive ways in which each one appropriated the theological resources of his tradition to justify and analyze the connection between religion and politics. Prerequisite: BTS-B. Offered alternate Interims.","79","12","22","37","8","BTS-T","Rambachan, Anantanand;Santurri, Edmund;Alexander, Torin D.","{'fsnum': '6535', 'name': 'Rambachan, Anantanand'};{'fsnum': '7020', 'name': 'Santurri, Edmund'};{'fsnum': '21062', 'name': 'Alexander, Torin D.'}","200","75","","","","","Gandhi, Niebuhr. and King","","242","{'day': 'Mo', 'end': '12:40', 'location': 'RNS 150', 'start': '22:40'};{'day': 'Tu', 'end': '12:40', 'location': 'RNS 150', 'start': '22:40'};{'day': 'We', 'end': '12:40', 'location': 'RNS 150', 'start': '22:40'};{'day': 'Th', 'end': '12:40', 'location': 'RNS 150', 'start': '22:40'};{'day': 'Fr', 'end': '12:40', 'location': 'RNS 150', 'start': '22:40'}","False","BTS-B. Offered alternate Interims.","","2","C","20112","The Religious and the Political: Gandhi, Niebuhr, and King","Research","2011"
"0000081100","1.0","0000001225","REL","This course examines religion in Italy and Germany at several decisive turning points in the past and today. Students analyze Catholic theology and church practices, from ancient times to the Renaissance, through site visits and events in Rome (city of the popes) and Florence. They examine emergence of Protestantism through activities in the region around Wittenberg, birthplace of Martin Luther's Reformation. They compare the influence of religion in Italian and German culture.","24","0","11","10","3","BTS-T","Lund, Eric","{'fsnum': '4838', 'name': 'Lund, Eric'}","200","24","","","","","Rome and Wittenberg","This is an off-campus course.","262","","False","False","","2","C","20112","Catholic Rome, Lutheran Wittenberg","Research","2011"
"0000081119","","0000023011","REL","","5","0","2","3","0","","Lund, Eric","{'fsnum': '4838', 'name': 'Lund, Eric'}","200","10","","","","","FLC - German","","262","","True","","","2","C","20112","","FLAC","2011"
"0000080603","1.0","0000021444","REL","This course explores the notion of sacred place and examines specific sites sacred to ancient people, to Christians, Muslims, and Jews. Students visit both natural places and constructed sites (i.e., temples, churches, mosques, and synagogues). Students attend to scholarly theory, sites' physical characteristics and history, ongoing human interaction, inter-religious dynamics, and their own responses. The interplay of religion, social life, and political power relative to sacred space provides additional thematic focus. Offered during Interim. Counts towards ancient studies major.","24","0","8","8","8","HWC","Lagerquist, L. DeAne","{'fsnum': '4592', 'name': 'Lagerquist, L. DeAne'}","200","20","","","","","Sacred Place: Greece/Turk","This is an off-campus course.","272","","False","False","","2","C","20112","Sacred Place in Greece and Turkey","Research","2011"
"0000078454","1.0","0000001236","REL","","0","0","0","0","0","","Staff","{'fsnum': '', 'name': 'Staff'}","200","","","","","","Academic Internship","","294","","True","","","2","C","20112","","Research","2011"
"0000078687","1.0","0000001239","REL","","1","0","0","0","1","","Booth, David","{'fsnum': '712', 'name': 'Booth, David'}","200","","","","","","IS/Gender in Theology","","298","","False","","","2","O","20112","Independent Study","Research","2011"
"0000085437","1.0","0000001239","REL","","1","0","0","0","1","","Galbraith, Elizabeth C.","{'fsnum': '14954', 'name': 'Galbraith, Elizabeth C.'}","200","","","","","","IS/Theol of J. Ratzinger","","298","","False","","A","2","C","20112","Independent Study","Research","2011"
"0000078455","1.0","0000001253","REL","","1","0","0","0","1","","Lagerquist, L. DeAne","{'fsnum': '4592', 'name': 'Lagerquist, L. DeAne'}","300","","","","","","Academic Internship","","394","","True","","","2","C","20112","Internship","Research","2011"
"0000078638","1.0","0000001257","REL","","1","0","0","0","1","","Wilson, Charles","{'fsnum': '9090', 'name': 'Wilson, Charles'}","300","","","","","","IR/Modern Chr. Theology","","398","","False","","","2","O","20112","Independent Research","Research","2011"
"0000078456","1.0","0000001275","RUSSN","","0","0","0","0","0","","Staff","{'fsnum': '', 'name': 'Staff'}","200","","","","","","Academic Internship","","294","","True","","","2","C","20112","","Research","2011"
"0000078666","1.0","0000001276","RUSSN","","0","0","0","0","0","","Staff","{'fsnum': '', 'name': 'Staff'}","200","","","","","","IS/","","298","","False","","","2","O","20112","Independent Study","Research","2011"
"0000078457","1.0","0000001279","RUSSN","","0","0","0","0","0","","Staff","{'fsnum': '', 'name': 'Staff'}","300","","","","","","Academic Internship","","394","","True","","","2","C","20112","","Research","2011"
"0000078631","1.0","0000001280","RUSSN","Independent Research is required for all students seeking credit for a senior project.","0","0","0","0","0","","Staff","{'fsnum': '', 'name': 'Staff'}","300","","","","","","IR/","","398","","False","False","","2","O","20112","Independent Research","Research","2011"
"0000078484","1.0","0000001282","RUSST","","0","0","0","0","0","","Staff","{'fsnum': '', 'name': 'Staff'}","200","","","","","","Academic Internship","","294","","True","","","2","C","20112","","Research","2011"
"0000078677","1.0","0000001283","RUSST","","0","0","0","0","0","","Staff","{'fsnum': '', 'name': 'Staff'}","200","","","","","","IS/","","298","","False","","","2","O","20112","","Research","2011"
"0000078485","1.0","0000001284","RUSST","","0","0","0","0","0","","Staff","{'fsnum': '', 'name': 'Staff'}","300","","","","","","Academic Internship","","394","","True","","","2","C","20112","","Research","2011"
"0000078620","1.0","0000001285","RUSST","","0","0","0","0","0","","Staff","{'fsnum': '', 'name': 'Staff'}","300","","","","","","IR/","","398","","False","","","2","O","20112","","Research","2011"
"0000078805","1.0","0000021601","SCICN","This course engages students in scientific inquiry while investigating its broader significance. Students perform experiments from a variety of disciplines to encounter landmark ideas and to investigate the range of quantitative approaches used to proceed from raw data to conclusions. The human ability to recognize patterns and develop models is examined to understand scientific methods and to assess the power, limits, and current status of the natural and behavioral sciences. Prerequisite: Science Conversation 213. Offered during Interim.","23","0","0","23","0","HWC;IST;SED","Schuurman, Douglas;Dickinson, Shelly D.","{'fsnum': '7248', 'name': 'Schuurman, Douglas'};{'fsnum': '15747', 'name': 'Dickinson, Shelly D.'}","200","24","","","","","Well-Ordered Universe","Open to Science Conversation students only.","215","{'day': 'Mo', 'end': '12:10', 'location': 'RNS 410', 'start': '22:40'};{'day': 'Tu', 'end': '12:10', 'location': 'RNS 410', 'start': '22:40'};{'day': 'We', 'end': '12:10', 'location': 'RNS 410', 'start': '22:40'};{'day': 'Th', 'end': '12:10', 'location': 'RNS 410', 'start': '22:40'};{'day': 'Fr', 'end': '12:10', 'location': 'RNS 410', 'start': '22:40'};{'day': 'Mo', 'end': '16:30', 'location': 'RNS 410', 'start': '13:30'};{'day': 'Tu', 'end': '16:30', 'location': 'RNS 410', 'start': '13:30'};{'day': 'We', 'end': '16:30', 'location': 'RNS 410', 'start': '13:30'};{'day': 'Th', 'end': '16:30', 'location': 'RNS 410', 'start': '13:30'}","False","Science Conversation 213. Offered during Interim.","","2","C","20112","The Well-Ordered Universe: Patterns and Models in Science","Research","2011"
"0000085325","1.0","0000025199","SOAN","This course introduces students to the study of crime and the criminal justice system from a sociological perspective. Topics include types of crime; theories of crime causation; the role of the criminal justice system in social control; the racial and social class implications of the criminal law and law enforcement strategies; and drug policy. Offered annually.","21","11","4","2","4","HBS","Thornhill, Theodore E.","{'fsnum': '22807', 'name': 'Thornhill, Theodore E.'}","100","30","","","","","Crime, Law, and Society","","119","{'day': 'Mo', 'end': '15:00', 'location': 'HH 307', 'start': '13:00'};{'day': 'Tu', 'end': '15:00', 'location': 'HH 307', 'start': '13:00'};{'day': 'We', 'end': '15:00', 'location': 'HH 307', 'start': '13:00'};{'day': 'Th', 'end': '15:00', 'location': 'HH 307', 'start': '13:00'};{'day': 'Fr', 'end': '15:00', 'location': 'HH 307', 'start': '13:00'}","False","False","","2","C","20112","","Research","2011"
"0000080656","1.0","0000023944","SOAN","This course focuses on the theories, political goals, strategies, and activities of the emerging trends of Islamic feminisms. After mapping the landscape of this movement and identifying its different manifestations, students investigate Islamic feminists' readings and interpretations of the Quran, Hadith, and Islamic history. The course examines methods Islamic feminists use in interpreting and reinterpreting such sources, politics and strategies they employ, and the impact of their work on Muslim women's lives worldwide. Offered during Interim.","22","5","5","6","6","MCG;MCS-G","Al Atiyat, Ibtesam","{'fsnum': '21084', 'name': 'Al Atiyat, Ibtesam'}","200","30","","","","","Intro Islamic Feminisms","","235","{'day': 'Mo', 'end': '15:00', 'location': 'BMC 110', 'start': '13:00'};{'day': 'Tu', 'end': '15:00', 'location': 'BMC 110', 'start': '13:00'};{'day': 'We', 'end': '15:00', 'location': 'BMC 110', 'start': '13:00'};{'day': 'Th', 'end': '15:00', 'location': 'BMC 110', 'start': '13:00'};{'day': 'Fr', 'end': '15:00', 'location': 'BMC 110', 'start': '13:00'}","False","False","","2","O","20112","Introduction to Islamic Feminisms","Research","2011"
"0000078562","1.0","0000018485","SOAN","This course explores the lives of gay, lesbian, bisexual, and transgender people from several social science perspectives. Students examine whether gender and sexual orientation (both heterosexual and homosexual) are socially constructed or biologically natural, and what cross-cultural and historical examples can tell us. Students also study controversies over the family and religious status of GLBT people, why homosexuality has become such a political issue, and movements for change. Offered during Interim. Counts towards American studies major.","29","3","7","11","8","HBS","Nordstrom-Loeb, Bruce","{'fsnum': '5728', 'name': 'Nordstrom-Loeb, Bruce'}","200","30","","","","","GLBT Lives and Issues","","246","{'day': 'Mo', 'end': '12:40', 'location': 'HH 413', 'start': '22:40'};{'day': 'Tu', 'end': '12:40', 'location': 'HH 413', 'start': '22:40'};{'day': 'We', 'end': '12:40', 'location': 'HH 413', 'start': '22:40'};{'day': 'Th', 'end': '12:40', 'location': 'HH 413', 'start': '22:40'};{'day': 'Fr', 'end': '12:40', 'location': 'HH 413', 'start': '22:40'}","False","False","","2","C","20112","","Research","2011"
"0000078458","1.0","0000001315","SOAN","","2","0","1","0","1","","Williamson, Thomas A.","{'fsnum': '14223', 'name': 'Williamson, Thomas A.'}","200","","","","","","Academic Internship","","294","","True","","","2","C","20112","Internship","Research","2011"
"0000078691","1.0","0000001316","SOAN","","0","0","0","0","0","","Staff","{'fsnum': '', 'name': 'Staff'}","200","","","","","","IS/","","298","","False","","","2","O","20112","Independent Study","Research","2011"
"0000085454","1.0","0000001316","SOAN","","1","0","0","0","1","","Williamson, Thomas A.","{'fsnum': '14223', 'name': 'Williamson, Thomas A.'}","200","","","","","","IS/Health Humanitarianism","","298","","False","","A","2","O","20112","Independent Study","Research","2011"
"0000078459","1.0","0000001319","SOAN","","0","0","0","0","0","","Staff","{'fsnum': '', 'name': 'Staff'}","300","","","","","","Academic Internship","","394","","True","","","2","C","20112","Internship","Research","2011"
"0000078640","1.0","0000001320","SOAN","","0","0","0","0","0","","Staff","{'fsnum': '', 'name': 'Staff'}","300","","","","","","IR/","","398","","False","","","2","O","20112","Independent Research","Research","2011"
"0000078505","1.0","0000001324","SPAN","Students begin learning Spanish through listening, speaking, reading, and writing about topics familiar to them, including family, academic, and social life, in an intercultural context. They reinforce these skills through complementary exercises in the World Languages Center. Open only to students with no prior experience in Spanish or who have placed into Spanish 111. Offered during Interim.","17","6","1","8","2","","Carullo, Sylvia","{'fsnum': '977', 'name': 'Carullo, Sylvia'}","100","18","12","2","4","0","Beginning Spanish I","This course has class year limits.                                              ;This course is closed to seniors during web registration.","111","{'day': 'Mo', 'end': '10:00', 'location': 'TOH 110', 'start': '09:00'};{'day': 'Tu', 'end': '10:00', 'location': 'TOH 110', 'start': '09:00'};{'day': 'We', 'end': '10:00', 'location': 'TOH 110', 'start': '09:00'};{'day': 'Th', 'end': '10:00', 'location': 'TOH 110', 'start': '09:00'};{'day': 'Fr', 'end': '10:00', 'location': 'TOH 110', 'start': '09:00'};{'day': 'Mo', 'end': '12:40', 'location': 'TOH 110', 'start': '22:40'};{'day': 'Tu', 'end': '12:40', 'location': 'TOH 110', 'start': '22:40'};{'day': 'We', 'end': '12:40', 'location': 'TOH 110', 'start': '22:40'};{'day': 'Th', 'end': '12:40', 'location': 'TOH 110', 'start': '22:40'};{'day': 'Fr', 'end': '12:40', 'location': 'TOH 110', 'start': '22:40'}","False","False","","2","C","20112","","Research","2011"
"0000078587","1.0","0000001326","SPAN","Through exploring the geographic and human diversity of the Spanish-speaking world, students develop increasingly complex skills for analyzing and communicating in Spanish. They study such essential dimensions of that world as: (1) geography and development; (2) environmental challenges and solutions; (3) population and demographic changes and challenges; and (4) ethnic diversity. Prerequisite: Spanish 112 or placement. Offered each semester and during Interim.","18","12","0","5","1","","Villate-Isaza, Alberto","{'fsnum': '20192', 'name': 'Villate-Isaza, Alberto'}","200","19","12","","","","Intermed Spanish I","Open to all students who meet the requirements.                                 ;This course has class-year limits.","231","{'day': 'Mo', 'end': '15:00', 'location': 'TOH 112', 'start': '13:00'};{'day': 'Tu', 'end': '15:00', 'location': 'TOH 112', 'start': '13:00'};{'day': 'We', 'end': '15:00', 'location': 'TOH 112', 'start': '13:00'};{'day': 'Th', 'end': '15:00', 'location': 'TOH 112', 'start': '13:00'};{'day': 'Fr', 'end': '15:00', 'location': 'TOH 112', 'start': '13:00'};{'day': 'Mo', 'end': '11:40', 'location': 'TOH 112', 'start': '10:40'};{'day': 'Tu', 'end': '11:40', 'location': 'TOH 112', 'start': '10:40'};{'day': 'We', 'end': '11:40', 'location': 'TOH 112', 'start': '10:40'};{'day': 'Th', 'end': '11:40', 'location': 'TOH 112', 'start': '10:40'};{'day': 'Fr', 'end': '11:40', 'location': 'TOH 112', 'start': '10:40'}","False","Spanish 112 or placement. Offered each semester and during Interim.","","2","C","20112","Intermediate Spanish I","Research","2011"
"0000078588","1.0","0000001327","SPAN","Students explore the diverse histories, circumstances, and contributions of Latinos in the U.S. by reading essays, news accounts, short fiction and autobiographies, viewing videos and TV broadcasts. They consolidate their language skills and continue to develop their ability to analyze and communicate in Spanish by writing compositions, making oral presentations, and engaging in interactive group activities. They also review Spanish structures difficult for speakers of English. Prerequisite: Spanish 231 or placement. Offered each semester.","21","12","3","2","4","FOL-S;MCD;MCS-D","Strichartz, Ariel","{'fsnum': '14955', 'name': 'Strichartz, Ariel'}","200","19","12","","","","Intermed Spanish II","Open to all students who meet the requirements.                                 ;This course has class year limits.","232","{'day': 'Mo', 'end': '10:00', 'location': 'TOH 316', 'start': '09:00'};{'day': 'Tu', 'end': '10:00', 'location': 'TOH 316', 'start': '09:00'};{'day': 'We', 'end': '10:00', 'location': 'TOH 316', 'start': '09:00'};{'day': 'Th', 'end': '10:00', 'location': 'TOH 316', 'start': '09:00'};{'day': 'Fr', 'end': '10:00', 'location': 'TOH 316', 'start': '09:00'};{'day': 'Mo', 'end': '12:40', 'location': 'TOH 316', 'start': '22:40'};{'day': 'Tu', 'end': '12:40', 'location': 'TOH 316', 'start': '22:40'};{'day': 'We', 'end': '12:40', 'location': 'TOH 316', 'start': '22:40'};{'day': 'Th', 'end': '12:40', 'location': 'TOH 316', 'start': '22:40'};{'day': 'Fr', 'end': '12:40', 'location': 'TOH 316', 'start': '22:40'}","False","Spanish 231 or placement. Offered each semester.","","2","C","20112","Intermediate Spanish II","Research","2011"
"0000078585","1.0","0000001328","SPAN","This course provides students with an intensive linguistic and cultural immersion experience in Ecuador. In-class activities focus on development of language skills and cross-cultural awareness. Outside of class, students improve their language proficiency and explore the cultural identity of Ecuador through a three-and-a-half-week home stay with a family in Quito; excursions and activities in and around the city of Quito; and field trips to the indigenous market of Otavalo, the Amazon region, and other areas in rural Ecuador. Completes foreign language requirement. Prerequisite: Spanish 231 with a minimum grade of B- or equivalent preparation. Open to first-year students.","22","5","2","13","2","FOL-S;MCG;MCS-G","Cropsey, Kris A.","{'fsnum': '14153', 'name': 'Cropsey, Kris A.'}","200","22","","","","","Inter Span II-Ecuador","Open to all students who meet the requirements.                                 ;This is an off-campus course.","233","","False","Spanish 231 with a minimum grade of B- or equivalent preparation. Open to first-year students.","","2","C","20112","Intermediate Spanish II in Ecuador","Research","2011"
"0000078584","1.0","0000001329","SPAN","Students explore geographic, economic, political, and ethnic dimensions of life in Costa Rica by combining intensive course work with such cross-cultural experiences as a homestay in San Jose, field work, visits to sites of cultural interest, and excursions to the Atlantic and Pacific coasts. They consolidate their language skills and continue to develop their skills for analyzing and communicating in Spanish through compositions, oral presentations, and interviews of Costa Ricans. Prerequisite: Spanish 231 or placement.","16","5","2","9","0","FOL-S;MCG;MCS-G","Haugsland, Jessica A.","{'fsnum': '13964', 'name': 'Haugsland, Jessica A.'}","200","22","","","","","Inter Span II-C Rica","Open to all students who meet the requirements.                                 ;This is an off-campus course.","234","","False","Spanish 231 or placement.","","2","C","20112","Intermediate Spanish II in Costa Rica","Research","2011"
"0000078532","1.0","0000001338","SPAN","Students analyze patterns of continuity and change in Spain, Latin America, and/or the Hispanic U.S. Using readings from the press, academic sources, and governmental as well as non-governmental documents, students read, discuss, and write about issues at an advanced level of linguistic and analytical sophistication. The course includes study of at least one substantive literary work. Possible themes include love, family and marriage, or crossing borders and the challenges of migration. Taught in Spanish. Prerequisite: Spanish 250.","16","0","6","5","5","ORC","Barnes-Karol, Gwen","{'fsnum': '332', 'name': 'Barnes-Karol, Gwen'}","200","19","0","","","","Contemporary Issues","This course has class-year limits.                                              ;Closed to first-year students during web registration.","274","{'day': 'Mo', 'end': '15:00', 'location': 'TOH 114', 'start': '22:40'};{'day': 'Tu', 'end': '15:00', 'location': 'TOH 114', 'start': '22:40'};{'day': 'We', 'end': '15:00', 'location': 'TOH 114', 'start': '22:40'};{'day': 'Th', 'end': '15:00', 'location': 'TOH 114', 'start': '22:40'};{'day': 'Fr', 'end': '15:00', 'location': 'TOH 114', 'start': '22:40'}","False","Spanish 250.","","2","C","20112","Contemporary Issues in the Spanish-Speaking World","Research","2011"
"0000078460","1.0","0000001341","SPAN","","0","0","0","0","0","","Staff","{'fsnum': '', 'name': 'Staff'}","200","","","","","","Academic Internship","","294","","True","","","2","C","20112","","Research","2011"
"0000078667","1.0","0000001342","SPAN","","0","0","0","0","0","","Staff","{'fsnum': '', 'name': 'Staff'}","200","","","","","","IS/","","298","","False","","","2","O","20112","Independent Study","Research","2011"
"0000078461","1.0","0000001354","SPAN","","0","0","0","0","0","","Staff","{'fsnum': '', 'name': 'Staff'}","300","","","","","","Academic Internship","","394","","True","","","2","C","20112","","Research","2011"
"0000078609","1.0","0000001355","SPAN","","0","0","0","0","0","","Staff","{'fsnum': '', 'name': 'Staff'}","300","","","","","","IR/","","398","","False","","","2","O","20112","Independent Research","Research","2011"
"0000080876","1.0","0000001407","STAT","This course investigates three essential questions: How do we reliably measure something? How do we design valid research? How do we analyze research results? Topics include ANOVA designs (e.g., interaction crossing and/or nesting groups), data reduction methods, and principles of measurement. Interdisciplinary groups will work together throughout the term. These teams will teach a design topic during the last week of class. Prerequisites: Statistics 110 or 212 or 263 and either Psychology 230, Education 290, Sociology/Anthropology 371, or permission of the instructor.","5","0","2","1","2","","Lane-Getaz, Sharon","{'fsnum': '19267', 'name': 'Lane-Getaz, Sharon'}","200","15","","","","","Top: Stat Social Research","","282","","False","Prerequisites: Statistics 110 or 212 or 263 and either Psychology 230, Education 290, Sociology/Anthropology 371, or permission of the instructor.","","2","O","20112","Topics: Intermediate Stats Methods for Social Research","Topic","2011"
"0000078466","1.0","0000001409","STAT","","0","0","0","0","0","","Staff","{'fsnum': '', 'name': 'Staff'}","200","","","","","","Academic Internship","","294","","True","","","2","C","20112","Internship","Research","2011"
"0000078668","1.0","0000001410","STAT","","0","0","0","0","0","","Staff","{'fsnum': '', 'name': 'Staff'}","200","","","","","","IS/","","298","","False","","","2","O","20112","Independent Study","Research","2011"
"0000078467","1.0","0000001413","STAT","","0","0","0","0","0","","Staff","{'fsnum': '', 'name': 'Staff'}","300","","","","","","Academic Internship","","394","","True","","","2","C","20112","Internship","Research","2011"
"0000078611","1.0","0000001414","STAT","","1","0","0","0","1","","Legler, Julie M.","{'fsnum': '14114', 'name': 'Legler, Julie M.'}","300","","","","","","IR/Bayesian Modeling","","398","","False","","","2","O","20112","Independent Research","Research","2011"
"0000078573","1.0","0000001357","SWRK","Students explore service to human beings as a profession, a vocation, and a volunteer commitment. Who needs help? Who helps? Where? How? What motivates people to help? Using the liberal arts as a foundation for helping people, students study vocational opportunities in areas such as health care, social services, ministry, youth work, and the arts. The class includes lectures, discussions, speakers, and field visits; additional fee. Open only to first year students and sophomores. Offered during Interim.","28","20","0","5","3","WRI","Chandran, Devyani","{'fsnum': '21065', 'name': 'Chandran, Devyani'}","100","30","25","0","5","0","I Want to Help People","Open to First-Year Students and Sophomores only.","120","{'day': 'Tu', 'end': '10:00', 'location': 'BMC 102', 'start': '08:00'};{'day': 'We', 'end': '10:00', 'location': 'BMC 102', 'start': '08:00'};{'day': 'Th', 'end': '10:00', 'location': 'BMC 102', 'start': '08:00'};{'day': 'Fr', 'end': '10:00', 'location': 'BMC 102', 'start': '08:00'};{'day': 'We', 'end': '15:00', 'location': 'BMC 102', 'start': '13:00'};{'day': 'Th', 'end': '15:00', 'location': 'BMC 102', 'start': '13:00'};{'day': 'We', 'end': '12:40', 'location': 'BMC 102', 'start': '22:40'};{'day': 'Th', 'end': '12:40', 'location': 'BMC 102', 'start': '22:40'}","False","False","","2","C","20112","","Research","2011"
"0000080599","1.0","0000001362","SWRK","Families in central Mexico survive and thrive in their communities. Students explore how public and private organizations work with informal systems to assist those challenged by poverty, injustice, poor health, addictions and global economic pressures. Development opportunities for, and contributions of, women are emphasized. Speakers, site visits to agencies and programs, home-stays, indigenous village immersion, and an orientation to Mexico City are included. Prerequisite: one social science course (including Psychology). Offered occasionally during Interim. Counts toward biomedical studies concentration.","12","0","3","6","3","MCD;MCG;MCS-G","Lennox, Naurine","{'fsnum': '4761', 'name': 'Lennox, Naurine'}","200","25","0","10","7","8","Fam Soc Srv Cntrl Mex","This is an off-campus course.","256","","False","one social science course (including Psychology). Offered occasionally during Interim. Counts toward biomedical studies concentration.","","2","C","20112","Family Social Services in Central Mexico","Research","2011"
"0000078462","1.0","0000001366","SWRK","","1","0","0","0","1","","Carlsen, Mary","{'fsnum': '938', 'name': 'Carlsen, Mary'}","200","","","","","","Academic Internship","","294","","True","","","2","C","20112","Internship","Research","2011"
"0000078683","1.0","0000001367","SWRK","","0","0","0","0","0","","Staff","{'fsnum': '', 'name': 'Staff'}","200","","","","","","IS/","","298","","False","","","2","O","20112","Independent Study","Research","2011"
"0000078463","1.0","0000001372","SWRK","","1","0","0","0","1","","Lennox, Naurine","{'fsnum': '4761', 'name': 'Lennox, Naurine'}","300","","","","","","Academic Internship","","394","","True","","","2","C","20112","","Research","2011"
"0000078610","1.0","0000001373","SWRK","","0","0","0","0","0","","Staff","{'fsnum': '', 'name': 'Staff'}","300","","","","","","IR/","","398","","False","","","2","O","20112","Independent Research","Research","2011"
"0000078751","1.0","0000001380","THEAT","This course studies theatre performance through the full-scale mounting of a production during the month of January, followed by public performances at the beginning of spring semester. Students enroll in the class through either an acting audition or a production position interview held in late October or early November. No previous experience is necessary. Selected participants are notified prior to Interim registration. Details about the audition/interview and scripts are available by calling the Theater Department office, x3240. Offered during Interim.","19","12","0","7","0","ALS-A","Edwards, Todd F.","{'fsnum': '18468', 'name': 'Edwards, Todd F.'}","100","18","","","","","Prod Theater: Intro","Admission by audition/interview.","133","{'day': 'Mo', 'end': '22:00', 'location': 'TB Kelsey', 'start': '19:00'};{'day': 'Tu', 'end': '22:00', 'location': 'TB Kelsey', 'start': '19:00'};{'day': 'We', 'end': '22:00', 'location': 'TB Kelsey', 'start': '19:00'};{'day': 'Th', 'end': '22:00', 'location': 'TB Kelsey', 'start': '19:00'};{'day': 'Fr', 'end': '22:00', 'location': 'TB Kelsey', 'start': '19:00'};{'day': 'Mo', 'end': '10:00', 'location': 'TB Kelsey', 'start': '09:00'};{'day': 'Tu', 'end': '10:00', 'location': 'TB Kelsey', 'start': '09:00'};{'day': 'We', 'end': '10:00', 'location': 'TB Kelsey', 'start': '09:00'};{'day': 'Th', 'end': '10:00', 'location': 'TB Kelsey', 'start': '09:00'};{'day': 'Fr', 'end': '10:00', 'location': 'TB Kelsey', 'start': '09:00'};{'day': 'Mo', 'end': '17:00', 'location': 'TB Kelsey', 'start': '22:40'};{'day': 'Tu', 'end': '17:00', 'location': 'TB Kelsey', 'start': '22:40'};{'day': 'We', 'end': '17:00', 'location': 'TB Kelsey', 'start': '22:40'};{'day': 'Th', 'end': '17:00', 'location': 'TB Kelsey', 'start': '22:40'};{'day': 'Fr', 'end': '17:00', 'location': 'TB Kelsey', 'start': '22:40'}","True","False","","2","C","20112","Producing Theater: Introductory","Research","2011"
"0000078750","1.0","0000001387","THEAT","Designed for the student with previous course work and production work in theater, this course studies theatre performance through the full-scale mounting of a production during the month of January, followed by public performances at the beginning of spring semester. Students enroll in the course through either an acting audition or a production position interview held in late October or early November. Selected participants are notified prior to Interim registration. Details about the audition/interview and scripts are available by calling the Theater Department Office, x 3240. Prerequisite: Theater 133 or permission of instructor. Offered during Interim.","17","0","7","3","7","","Wilson, Karen","{'fsnum': '9093', 'name': 'Wilson, Karen'}","200","18","","","","","Prod Theater: Advanced","Admission by audition/interview.","234","{'day': 'Mo', 'end': '22:00', 'location': 'TB Haugen', 'start': '19:00'};{'day': 'Tu', 'end': '22:00', 'location': 'TB Haugen', 'start': '19:00'};{'day': 'We', 'end': '22:00', 'location': 'TB Haugen', 'start': '19:00'};{'day': 'Th', 'end': '22:00', 'location': 'TB Haugen', 'start': '19:00'};{'day': 'Fr', 'end': '22:00', 'location': 'TB Haugen', 'start': '19:00'};{'day': 'Mo', 'end': '10:00', 'location': 'TB Haugen', 'start': '09:00'};{'day': 'Tu', 'end': '10:00', 'location': 'TB Haugen', 'start': '09:00'};{'day': 'We', 'end': '10:00', 'location': 'TB Haugen', 'start': '09:00'};{'day': 'Th', 'end': '10:00', 'location': 'TB Haugen', 'start': '09:00'};{'day': 'Fr', 'end': '10:00', 'location': 'TB Haugen', 'start': '09:00'};{'day': 'Mo', 'end': '17:00', 'location': 'TB Haugen', 'start': '22:40'};{'day': 'Tu', 'end': '17:00', 'location': 'TB Haugen', 'start': '22:40'};{'day': 'We', 'end': '17:00', 'location': 'TB Haugen', 'start': '22:40'};{'day': 'Th', 'end': '17:00', 'location': 'TB Haugen', 'start': '22:40'};{'day': 'Fr', 'end': '17:00', 'location': 'TB Haugen', 'start': '22:40'}","True","Theater 133 or permission of instructor. Offered during Interim.","","2","C","20112","Producing Theater: Advanced","Research","2011"
"0000078464","1.0","0000001394","THEAT","Prerequisite: at least three previous courses in department.","0","0","0","0","0","","Staff","{'fsnum': '', 'name': 'Staff'}","200","","","","","","Academic Internship","","294","","True","at least three previous courses in department.","","2","C","20112","Internships","Research","2011"
"0000078685","1.0","0000001395","THEAT","Prerequisite: at least three previous courses in department.","0","0","0","0","0","","Staff","{'fsnum': '', 'name': 'Staff'}","200","","","","","","IS/","","298","","False","at least three previous courses in department.","","2","O","20112","Independent Study","Research","2011"
"0000078465","1.0","0000001400","THEAT","Prerequisite: at least five previous courses in department.","0","0","0","0","0","","Staff","{'fsnum': '', 'name': 'Staff'}","300","","","","","","Academic Internship","","394","","True","at least five previous courses in department.","","2","C","20112","Internship","Research","2011"
"0000078637","1.0","0000001401","THEAT","Prerequisite: at least five previous courses in the department.","1","0","0","0","1","","Gisselman, Gary C.","{'fsnum': '10426', 'name': 'Gisselman, Gary C.'}","300","","","","","","IR/Professional Direction","","398","","False","at least five previous courses in the department.","","2","O","20112","Independent Research","Research","2011"
"0000078468","1.0","0000001477","WMNST","","0","0","0","0","0","","Staff","{'fsnum': '', 'name': 'Staff'}","200","","","","","","Academic Internship","","294","","True","","","2","C","20112","Internships","Research","2011"
"0000078669","1.0","0000001478","WMNST","","0","0","0","0","0","","Staff","{'fsnum': '', 'name': 'Staff'}","200","","","","","","IS/","","298","","False","","","2","O","20112","Independent Study","Research","2011"
"0000078469","1.0","0000001479","WMNST","","1","0","1","0","0","","Richards, Rebecca S.","{'fsnum': '22838', 'name': 'Richards, Rebecca S.'}","300","","","","","","Academic Internship","","394","","True","","","2","C","20112","Internships","Research","2011"
"0000078612","1.0","0000001480","WMNST","","0","0","0","0","0","","Staff","{'fsnum': '', 'name': 'Staff'}","300","","","","","","IR/","","398","","False","","","2","O","20112","Independent Research","Research","2011"

