"clbid","credits","crsid","department","description","enrolled","enrollment_fy","enrollment_jr","enrollment_so","enrollment_sr","gereqs","instructors","instructors_full","level","max","max_fy","max_jr","max_so","max_sr","name","notes","number","offerings","pn","prerequisites","section","semester","status","term","title","type","year"
"0000089246","1.0","0000024298","ALSO","Students learn a language such as Arabic, Korean, or Italian in a guided, independent study program offered through the World Languages Center. They meet with a native speaker conversation partner for three hours a week, in addition to ten hours of study on their own and mandatory tutorial sessions. Syllabi and tests are developed and administered in consultation with an expert outside examiner. Students in this program are strongly encouraged to take courses in the general curriculum that provide important cultural context for the study of their language. The language(s) offered in any semester depend(s) on student interest, usually requiring 2-5 students to offer a section. Prerequisite: Completion of FOL requirement. For additional course info see http://www.stolaf.edu/services/wlc/also.html","3","0","0","2","1","","Debska-McWilliams, Renata","{'fsnum': '16720', 'name': 'Debska-McWilliams, Renata'}","100","10","0","","","","Top: Beginning Arabic I","Permission of instructor required to register.                                  ;Prerequisite: Completion of FOL requirement.","100","{'day': 'Mo', 'end': '13:50', 'location': 'TOH 153', 'start': '12:55'};{'day': 'We', 'end': '13:50', 'location': 'TOH 153', 'start': '12:55'};{'day': 'Fr', 'end': '13:50', 'location': 'TOH 153', 'start': '12:55'}","False","Completion of FOL requirement. For additional course info see http://www.stolaf.edu/services/wlc/also.html","A","1","O","20131","Alternate Language Study Option","Research","2013"
"0000089247","1.0","0000024298","ALSO","Students learn a language such as Arabic, Korean, or Italian in a guided, independent study program offered through the World Languages Center. They meet with a native speaker conversation partner for three hours a week, in addition to ten hours of study on their own and mandatory tutorial sessions. Syllabi and tests are developed and administered in consultation with an expert outside examiner. Students in this program are strongly encouraged to take courses in the general curriculum that provide important cultural context for the study of their language. The language(s) offered in any semester depend(s) on student interest, usually requiring 2-5 students to offer a section. Prerequisite: Completion of FOL requirement. For additional course info see http://www.stolaf.edu/services/wlc/also.html","3","0","1","1","1","","Debska-McWilliams, Renata","{'fsnum': '16720', 'name': 'Debska-McWilliams, Renata'}","100","10","0","","","","Top: Beginning Arabic I","Permission of instructor required to register.                                  ;Prerequisite: Completion of FOL requirement.","100","{'day': 'Mo', 'end': '14:55', 'location': 'TOH 153', 'start': '14:00'};{'day': 'We', 'end': '14:55', 'location': 'TOH 153', 'start': '14:00'};{'day': 'Fr', 'end': '14:55', 'location': 'TOH 153', 'start': '14:00'}","False","Completion of FOL requirement. For additional course info see http://www.stolaf.edu/services/wlc/also.html","B","1","O","20131","Alternate Language Study Option","Research","2013"
"0000089248","1.0","0000025427","ALSO","Students learn a language such as Arabic, Korean, or Italian in a guided, independent study program offered through the World Languages Center. They meet with a native speaker conversation partner for three hours a week, in addition to ten hours of study on their own and mandatory tutorial sessions. Syllabi and tests are developed and administered in consultation with an expert outside examiner. Students in this program are strongly encouraged to take courses in the general curriculum that provide important cultural context for the study of their language. The language(s) offered in any semester depend(s) on student interest, usually requiring 2-5 students to offer a section. Prerequisite: Completion of FOL requirement. For additional course info see http://www.stolaf.edu/services/wlc/also.html","5","0","3","0","2","","Debska-McWilliams, Renata","{'fsnum': '16720', 'name': 'Debska-McWilliams, Renata'}","100","10","0","","","","Top: Beginning Korean I","Permission of instructor required to register.                                  ;Prerequisite: Completion of FOL requirement.","102","{'day': 'Tu', 'end': '14:45', 'location': 'TOH 153', 'start': '13:20'};{'day': 'Th', 'end': '15:35', 'location': 'TOH 153', 'start': '14:15'}","False","Completion of FOL requirement. For additional course info see http://www.stolaf.edu/services/wlc/also.html","","1","O","20131","Alternative Language Study Option","Topic","2013"
"0000091346","1.0","0000026647","ALSO","Students learn a language such as Arabic, Korean, or Italian in a guided, independent study program offered through the World Languages Center. They meet with a native speaker conversation partner for three hours a week, in addition to ten hours of study on their own and mandatory tutorial sessions. Syllabi and tests are developed and administered in consultation with an expert outside examiner. Students in this program are strongly encouraged to take courses in the general curriculum that provide important cultural context for the study of their language. The language(s) offered in any semester depend(s) on student interest, usually requiring 2-5 students to offer a section. Prerequisite: Completion of FOL requirement. For additional course info see http://www.stolaf.edu/services/wlc/also.html","4","1","3","0","0","","Debska-McWilliams, Renata","{'fsnum': '16720', 'name': 'Debska-McWilliams, Renata'}","100","10","0","","","","Top: Beginning Italian I","Prerequisite: Permission of instructor required to register.                    ;Prerequisite: Completion of FOL requirement.","104","{'day': 'Mo', 'end': '11:40', 'location': 'TOH 153', 'start': '10:45'};{'day': 'We', 'end': '11:40', 'location': 'TOH 153', 'start': '10:45'};{'day': 'Fr', 'end': '11:40', 'location': 'TOH 153', 'start': '10:45'}","False","Completion of FOL requirement. For additional course info see http://www.stolaf.edu/services/wlc/also.html","A","1","O","20131","Alternative Language Study Option","Topic","2013"
"0000091345","1.0","0000026647","ALSO","Students learn a language such as Arabic, Korean, or Italian in a guided, independent study program offered through the World Languages Center. They meet with a native speaker conversation partner for three hours a week, in addition to ten hours of study on their own and mandatory tutorial sessions. Syllabi and tests are developed and administered in consultation with an expert outside examiner. Students in this program are strongly encouraged to take courses in the general curriculum that provide important cultural context for the study of their language. The language(s) offered in any semester depend(s) on student interest, usually requiring 2-5 students to offer a section. Prerequisite: Completion of FOL requirement. For additional course info see http://www.stolaf.edu/services/wlc/also.html","5","0","1","0","4","","Debska-McWilliams, Renata","{'fsnum': '16720', 'name': 'Debska-McWilliams, Renata'}","100","10","0","","","","Top: Beginning Italian I","Prerequisite: Permission of instructor required to register.                    ;Prerequisite: Completion of FOL requirement.","104","{'day': 'Mo', 'end': '12:45', 'location': 'TOH 153', 'start': '23:50'};{'day': 'We', 'end': '12:45', 'location': 'TOH 153', 'start': '23:50'};{'day': 'Fr', 'end': '12:45', 'location': 'TOH 153', 'start': '23:50'}","False","Completion of FOL requirement. For additional course info see http://www.stolaf.edu/services/wlc/also.html","B","1","O","20131","Alternative Language Study Option","Topic","2013"
"0000092033","1.0","0000026901","ALSO","","0","0","0","0","0","","Staff","{'fsnum': '', 'name': 'Staff'}","200","5","","","","","IS/","","298","","False","","","1","O","20131","","Research","2013"
"0000093381","1.0","0000026901","ALSO","","2","0","0","0","2","","Debska-McWilliams, Renata","{'fsnum': '16720', 'name': 'Debska-McWilliams, Renata'}","200","","","","","","IS/Adv Intermed Arabic","","298","","False","","A","1","O","20131","","Research","2013"
"0000093389","1.0","0000026901","ALSO","","0","0","0","0","0","","Staff","{'fsnum': '', 'name': 'Staff'}","200","","","","","","New Course","","298","","False","","B","1","O","20131","","Research","2013"
"0000093390","1.0","0000027643","ALSO","","1","0","0","0","1","","Debska-McWilliams, Renata","{'fsnum': '16720', 'name': 'Debska-McWilliams, Renata'}","300","","","","","","IR/Advanced Arabic","","398","","False","","","1","O","20131","","Research","2013"
"0000088454","1.0","0000000176","AMCON","Spanning two centuries, from the founding of the colonies to the close of the Civil War, this course begins the discussion of questions central to the entire sequence: ""What is an American?"" ""What does it mean to be free?"" Students explore the institutions, images, and stories of Euro-Americans, African Americans, and Native Americans.Topics and texts range from the Declaration of Independence and Thomas Jefferson's architecture to the Narrative of the Life of Frederick Douglass and the coming of the Civil War. Offered annually in the fall semester. Counts towards American studies major.","22","20","0","0","2","","Allister, Mark","{'fsnum': '110', 'name': 'Allister, Mark'}","100","19","","0","0","0","Declaring Ind: 1607-1865","Open to American Conversations students only.","101","{'day': 'Mo', 'end': '13:50', 'location': 'HH 317', 'start': '12:55'};{'day': 'We', 'end': '13:50', 'location': 'HH 317', 'start': '12:55'};{'day': 'Fr', 'end': '13:50', 'location': 'HH 317', 'start': '12:55'}","False","False","A","1","C","20131","Declaring Independence: 1607-1865","Research","2013"
"0000088455","1.0","0000000176","AMCON","Spanning two centuries, from the founding of the colonies to the close of the Civil War, this course begins the discussion of questions central to the entire sequence: ""What is an American?"" ""What does it mean to be free?"" Students explore the institutions, images, and stories of Euro-Americans, African Americans, and Native Americans.Topics and texts range from the Declaration of Independence and Thomas Jefferson's architecture to the Narrative of the Life of Frederick Douglass and the coming of the Civil War. Offered annually in the fall semester. Counts towards American studies major.","19","18","0","0","1","","Fure-Slocum, Eric J.","{'fsnum': '10197', 'name': 'Fure-Slocum, Eric J.'}","100","19","","0","0","0","Declaring Ind: 1607-1865","Open to American Conversations students only.","101","{'day': 'Mo', 'end': '13:50', 'location': 'HH 319', 'start': '12:55'};{'day': 'We', 'end': '13:50', 'location': 'HH 319', 'start': '12:55'};{'day': 'Fr', 'end': '13:50', 'location': 'HH 319', 'start': '12:55'}","False","False","B","1","C","20131","Declaring Independence: 1607-1865","Research","2013"
"0000089090","1.0","0000000178","AMCON","Burgeoning cities and industrialism, an emerging market economy, changing opportunities for women, an influx of immigrants, and the migration of African Americans to urban centers -- all opened questions of freedom of expression, distribution of resources, and American identity. Topics and texts range from the Statue of Liberty and the World's Columbian Exposition to the Model T Ford and the Harlem Renaissance. Prerequisite: American Conversations 101 and 102. Offered annually in the fall semester. Counts towards American studies major.","20","0","0","17","3","ALS-L;MCD;MCS-D;WRI","Wells, Colin","{'fsnum': '8973', 'name': 'Wells, Colin'}","200","19","0","0","","0","Remaking Am: 1865-1945","Open to American Conversations students only.","201","{'day': 'Mo', 'end': '12:45', 'location': 'HH 317', 'start': '23:50'};{'day': 'We', 'end': '12:45', 'location': 'HH 317', 'start': '23:50'};{'day': 'Fr', 'end': '12:45', 'location': 'HH 317', 'start': '23:50'}","False","American Conversations 101 and 102. Offered annually in the fall semester. Counts towards American studies major.","A","1","C","20131","Re-making America, 1865-1945","Research","2013"
"0000089091","1.0","0000000178","AMCON","Burgeoning cities and industrialism, an emerging market economy, changing opportunities for women, an influx of immigrants, and the migration of African Americans to urban centers -- all opened questions of freedom of expression, distribution of resources, and American identity. Topics and texts range from the Statue of Liberty and the World's Columbian Exposition to the Model T Ford and the Harlem Renaissance. Prerequisite: American Conversations 101 and 102. Offered annually in the fall semester. Counts towards American studies major.","19","1","0","18","0","ALS-L;MCD;MCS-D;WRI","Willcoxon, Jeanne I.","{'fsnum': '17418', 'name': 'Willcoxon, Jeanne I.'}","200","19","0","0","17","0","Remaking Am: 1865-1945","Open to American Conversations students only.","201","{'day': 'Mo', 'end': '12:45', 'location': 'HH 319', 'start': '23:50'};{'day': 'We', 'end': '12:45', 'location': 'HH 319', 'start': '23:50'};{'day': 'Fr', 'end': '12:45', 'location': 'HH 319', 'start': '23:50'}","False","American Conversations 101 and 102. Offered annually in the fall semester. Counts towards American studies major.","B","1","C","20131","Re-making America, 1865-1945","Research","2013"
"0000089011","1.0","0000000004","AMST","This analysis of modern American society introduces theories and methods of culture studies, beginning with anthropological definitions of culture and including perspectives of sociology, political science, history, art history, and English. Students examine the moral ecology of everyday life in America, looking at the cultural meanings of work, clothes, food, family, gender, buildings, bodies, television, advertising, and education. Counts toward women's and gender studies major and concentration. Offered annually in the fall semester.","26","0","7","5","14","HBS;MCD;MCS-D","Titus, Mary","{'fsnum': '8415', 'name': 'Titus, Mary'}","100","25","","","","","Perspect Am Culture","","100","{'day': 'Mo', 'end': '11:40', 'location': 'OM 30', 'start': '10:45'};{'day': 'We', 'end': '11:40', 'location': 'OM 30', 'start': '10:45'};{'day': 'Fr', 'end': '11:40', 'location': 'OM 30', 'start': '10:45'}","False","False","","1","C","20131","American Culture: Interdisciplinary Perspectives","Research","2013"
"0000088127","1.0","0000000011","AMST","","0","0","0","0","0","","Staff","{'fsnum': '', 'name': 'Staff'}","200","","","","","","Academic Internship","","294","","True","","","1","C","20131","Internship","Research","2013"
"0000088856","1.0","0000000012","AMST","","0","0","0","0","0","","Staff","{'fsnum': '', 'name': 'Staff'}","200","","","","","","IS/","","298","","False","","","1","O","20131","Independent Study","Research","2013"
"0000088128","1.0","0000000014","AMST","","0","0","0","0","0","","Staff","{'fsnum': '', 'name': 'Staff'}","300","","","","","","Academic Internship","","394","","True","","","1","C","20131","Internship","Research","2013"
"0000088769","1.0","0000000015","AMST","","0","0","0","0","0","","Staff","{'fsnum': '', 'name': 'Staff'}","300","","","","","","IR/","","398","","False","","","1","O","20131","Independent Research","Research","2013"
"0000091263","1.0","0000000091","AR/AS","This course highlights major visual arts movements within China over the last century, from the end of the imperial era to current times. Students look at a variety of issues: class and gender; China in the world art market, Chinese art past and present, and a variety of ""isms"" now seen as defining Chinese art. A major theme is to define ""visual culture"" in all its nuances.","20","1","7","5","7","ALS-A;MCG;MCS-G","Kucera, Karil J.","{'fsnum': '14964', 'name': 'Kucera, Karil J.'}","200","26","0","","","","Vis Cult/Modern China","Closed to first-year students except with permission of instructor.  Contact    ;Professor Kucera at kucera@stolaf.edu","270","{'day': 'Tu', 'end': '11:00', 'location': 'TOH 110', 'start': '09:35'};{'day': 'Th', 'end': '10:50', 'location': 'TOH 110', 'start': '09:30'}","False","False","","1","O","20131","Visual Culture of Modern China","Research","2013"
"0000091735","0.25","0000026698","AR/AS","","9","0","4","2","3","","Wong, Ka F.;Kucera, Karil J.","{'fsnum': '23552', 'name': 'Wong, Ka F.'};{'fsnum': '14964', 'name': 'Kucera, Karil J.'}","200","10","0","","","","FLC - Chinese","","270","{'day': 'Tu', 'end': '18:00', 'location': 'TOH 308', 'start': '17:00'}","False","","","1","O","20131","","FLAC","2013"
"0000088726","1.0","0000001482","ARMS","This course provides an introduction to the cultural and historical background of four groups in the United States: African Americans, Native Americans, Latinos and Asian Americans. Emphasis is on race relations and the distinguishing characteristics of these cultures as reflected in the academic disciplines of the creative and performing arts, the humanities, the social and behavioral sciences and the general area of popular culture. Contributions to cultural pluralism are accentuated as well as the special issues of identity faced by these Americans. This course emphasizes literary texts. Counts toward American studies major and Africa and the Americas concentration.","0","0","0","0","0","ALS-L;MCD;MCS-D","Staff","{'fsnum': '', 'name': 'Staff'}","100","0","","","","","Intro to Arms","See RACE 121.","121","{'day': 'Tu', 'end': '14:45', 'location': '', 'start': '13:20'};{'day': 'Th', 'end': '15:35', 'location': '', 'start': '14:15'}","False","False","","1","X","20131","Introduction to Race and Ethnic Studies","Research","2013"
"0000088205","1.0","0000001486","ARMS","","0","0","0","0","0","","Staff","{'fsnum': '', 'name': 'Staff'}","200","","","","","","Academic Internship","","294","","True","","","1","C","20131","","Research","2013"
"0000088862","1.0","0000001487","ARMS","","0","0","0","0","0","","Staff","{'fsnum': '', 'name': 'Staff'}","200","","","","","","IS/","","298","","False","","","1","O","20131","Independent Study","Research","2013"
"0000088206","1.0","0000001488","ARMS","","0","0","0","0","0","","Staff","{'fsnum': '', 'name': 'Staff'}","300","","","","","","Academic Internship","","394","","True","","","1","C","20131","","Research","2013"
"0000088760","1.0","0000001489","ARMS","","0","0","0","0","0","","Staff","{'fsnum': '', 'name': 'Staff'}","300","","","","","","IR/","","398","","False","","","1","O","20131","Independent Research","Research","2013"
"0000088537","1.0","0000020054","ART","This foundation-level studio course introduces the aesthetic, conceptual, and technical foundations of two-dimensional art-making and the ways two-dimensional media inform the creation and understanding of art in cultural contexts. Students explore the form and space of two-dimensional images through a wide variety of materials and media. The course emphasizes strategies for idea generation. Students engage in dynamic activity, spirited investigation, and thoughtful creative expression. Materials fee. Offered each semester.","21","12","1","1","7","ALS-A","Ewald, Jill","{'fsnum': '1987', 'name': 'Ewald, Jill'}","100","22","","","","","Foundation 2-D Media","This course has class year limits.","102","{'day': 'Mo', 'end': '10:00', 'location': 'CAD 216', 'start': '08:00'};{'day': 'We', 'end': '10:00', 'location': 'CAD 216', 'start': '08:00'};{'day': 'Fr', 'end': '10:00', 'location': 'CAD 216', 'start': '08:00'}","False","False","A","1","C","20131","Foundation Two-Dimensional Media","Research","2013"
"0000088538","1.0","0000020054","ART","This foundation-level studio course introduces the aesthetic, conceptual, and technical foundations of two-dimensional art-making and the ways two-dimensional media inform the creation and understanding of art in cultural contexts. Students explore the form and space of two-dimensional images through a wide variety of materials and media. The course emphasizes strategies for idea generation. Students engage in dynamic activity, spirited investigation, and thoughtful creative expression. Materials fee. Offered each semester.","19","8","1","6","4","ALS-A","Saurer, John","{'fsnum': '7064', 'name': 'Saurer, John'}","100","22","","","","","Foundation 2-D Media","This course has class year limits.","102","{'day': 'Tu', 'end': '11:00', 'location': 'CAD 216', 'start': '08:00'};{'day': 'Th', 'end': '10:50', 'location': 'CAD 216', 'start': '08:00'}","False","False","B","1","C","20131","Foundation Two-Dimensional Media","Research","2013"
"0000091258","1.0","0000020054","ART","This foundation-level studio course introduces the aesthetic, conceptual, and technical foundations of two-dimensional art-making and the ways two-dimensional media inform the creation and understanding of art in cultural contexts. Students explore the form and space of two-dimensional images through a wide variety of materials and media. The course emphasizes strategies for idea generation. Students engage in dynamic activity, spirited investigation, and thoughtful creative expression. Materials fee. Offered each semester.","21","16","0","0","5","ALS-A","Ewald, Jill","{'fsnum': '1987', 'name': 'Ewald, Jill'}","100","22","","","","","Foundation 2-D Media","","102","{'day': 'Mo', 'end': '12:45', 'location': 'CAD 216', 'start': '22:45'};{'day': 'We', 'end': '12:45', 'location': 'CAD 216', 'start': '22:45'};{'day': 'Fr', 'end': '12:45', 'location': 'CAD 216', 'start': '22:45'}","False","False","C","1","C","20131","Foundation Two-Dimensional Media","Research","2013"
"0000088540","1.0","0000020056","ART","This foundation-level studio course introduces the aesthetic, conceptual, and technical foundations of three-dimensional art-making and the ways three-dimensional media inform the creation and understanding of art in cultural contexts. Students explore three-dimensional form and space through a wide variety of materials and media. The course emphasizes strategies for idea generation. Students engage in dynamic activity, spirited investigation, and thoughtful creative expression. Materials fee. Offered each semester. Counts toward biomedical studies concentration (for students through class of 2016).","23","7","2","9","5","ALS-A","Dell, Irve","{'fsnum': '1369', 'name': 'Dell, Irve'}","100","21","","","","","Foundation 3-D Media","This course has class year limits.","103","{'day': 'Tu', 'end': '11:00', 'location': 'CAD 106', 'start': '08:00'};{'day': 'Th', 'end': '11:00', 'location': 'CAD 106', 'start': '08:00'}","False","False","","1","C","20131","Foundation Three-Dimensional Media","Research","2013"
"0000088535","1.0","0000020055","ART","This foundation-level studio course introduces the aesthetic, conceptual, and technical foundations of new media art-making and the ways new media inform the creation and understanding of art in cultural contexts. Students explore the form and space of new media with an emphasis on time-based, interactive, and digital formats. The course emphasizes strategies for idea generation. Students engage in dynamic activity, spirited investigation, and thoughtful creative expression. Materials fee. Offered each semester. Counts toward film studies concentration.","17","1","4","5","7","ALS-A","Nelson, Peter B.","{'fsnum': '13653', 'name': 'Nelson, Peter B.'}","100","17","","4","5","3","Foundation New Media","This course has class year limits.","104","{'day': 'Mo', 'end': '10:00', 'location': 'CAD 100', 'start': '08:00'};{'day': 'We', 'end': '10:00', 'location': 'CAD 100', 'start': '08:00'};{'day': 'Fr', 'end': '10:00', 'location': 'CAD 100', 'start': '08:00'}","False","False","","1","C","20131","","Research","2013"
"0000089015","1.0","0000000029","ART","This course introduces students to analog and digital photographic processes as means for creating works of art. Students learn terminology and critical approaches to photography. The course includes presentations on concepts and photographers' works, discussions of articles, and regular critiques. Students are introduced to the history of the medium through presentations, readings, and hands-on work such as constructing a camera obscura. Students develop critical skills and the ability to analyze and interpret photographic work. Materials fee. Offered each semester.","15","2","3","4","6","ALS-A","Ojala, Margaret","{'fsnum': '5816', 'name': 'Ojala, Margaret'}","200","14","","3","5","3","Photography","This course has class-year limits.","205","{'day': 'Mo', 'end': '14:55', 'location': 'CAD 102', 'start': '12:55'};{'day': 'We', 'end': '14:55', 'location': 'CAD 102', 'start': '12:55'};{'day': 'Fr', 'end': '14:55', 'location': 'CAD 102', 'start': '12:55'}","False","False","","1","C","20131","","Research","2013"
"0000088399","1.0","0000001496","ART","This course introduces students to the ceramic processes of wheel throwing and hand building as means for creating works of art. Students learn terminology and critical approaches to ceramics. Students develop critical skills and the ability to analyze and interpret ceramic art work. The course emphasizes creative approaches to solving visual problems through ceramic work. Slide presentations on contemporary and historical ceramics provide background for assignments and highlight the role of ceramics in various cultural contexts. Materials fee. Offered each semester. Counts toward biomedical studies concentration (for students through class of 2016).","15","2","4","5","4","ALS-A","Gallas, Ron","{'fsnum': '2492', 'name': 'Gallas, Ron'}","200","16","","5","6","3","Ceramics","This course has class-year limits.","207","{'day': 'Tu', 'end': '11:00', 'location': 'CAD 115', 'start': '08:00'};{'day': 'Th', 'end': '10:50', 'location': 'CAD 115', 'start': '08:00'}","False","False","A","1","C","20131","","Research","2013"
"0000088400","1.0","0000001496","ART","This course introduces students to the ceramic processes of wheel throwing and hand building as means for creating works of art. Students learn terminology and critical approaches to ceramics. Students develop critical skills and the ability to analyze and interpret ceramic art work. The course emphasizes creative approaches to solving visual problems through ceramic work. Slide presentations on contemporary and historical ceramics provide background for assignments and highlight the role of ceramics in various cultural contexts. Materials fee. Offered each semester. Counts toward biomedical studies concentration (for students through class of 2016).","19","2","4","6","7","ALS-A","Gallas, Ron","{'fsnum': '2492', 'name': 'Gallas, Ron'}","200","18","","5","6","3","Ceramics","This course has class-year limits.","207","{'day': 'Tu', 'end': '14:45', 'location': 'CAD 115', 'start': '23:45'};{'day': 'Th', 'end': '15:45', 'location': 'CAD 115', 'start': '12:45'}","False","False","B","1","C","20131","","Research","2013"
"0000091696","1.0","0000000033","ART","This course develops and stimulates research into the emotional/expressive properties of painting. By investigating thematic, compositional, and technical problems, students develop a personalized approach to ideas and content. Students learn the importance of process, flexibility, alternatives, and the recognition that a painting has a life of its own. Prerequisite: Art 102. Materials fee. Offered annually.","19","1","3","6","9","","Weeks, Michon","{'fsnum': '23761', 'name': 'Weeks, Michon'}","200","22","0","","","","Oil/Acrylic Painting","Not open to first year students.","221","{'day': 'Mo', 'end': '14:55', 'location': 'CAD 214', 'start': '12:55'};{'day': 'We', 'end': '14:55', 'location': 'CAD 214', 'start': '12:55'};{'day': 'Fr', 'end': '14:55', 'location': 'CAD 214', 'start': '12:55'}","False","Art 102. Materials fee. Offered annually.","","1","O","20131","","Research","2013"
"0000089115","1.0","0000000035","ART","This sculpture course introduces lost wax bronze casting, an art and industrial process that changed the course of human civilization. Students learn to cast, finish, and present cast metal work, building upon concepts from the foundation course and exploring the next level of sculpture topics, issues, and concerns. The course makes use of hands-on instruction, readings, slide talks, and discussion. Materials fee. Offered annually in the fall semester.","16","1","4","1","10","","Dell, Irve","{'fsnum': '1369', 'name': 'Dell, Irve'}","200","15","","","","","Sculpt: Metal Casting","","223","{'day': 'Tu', 'end': '14:45', 'location': 'CAD 105', 'start': '23:45'};{'day': 'Th', 'end': '15:45', 'location': 'CAD 105', 'start': '12:45'}","False","False","","1","C","20131","Sculpture/Metal Casting","Research","2013"
"0000091259","1.0","0000000037","ART","Through a sequence of architectural design projects, students learn drawing (hand drafting and computer-aided drawing and design) and architectural design processes that require the integration of social, artistic, technical, and environmental issues typical of real projects. Visiting architects are involved. Field trips to experience spaces/places augment the studio work. Prerequisite: Art 102 and Art 103 or equivalents or permission of instructor. Materials fee. Offered alternate years.","13","0","6","3","4","","Edwins, Steven","{'fsnum': '1564', 'name': 'Edwins, Steven'}","200","18","","","","","Arch Drawing/Design I","","225","{'day': 'Mo', 'end': '12:45', 'location': 'CAD 116', 'start': '22:45'};{'day': 'We', 'end': '12:45', 'location': 'CAD 116', 'start': '22:45'};{'day': 'Fr', 'end': '12:45', 'location': 'CAD 116', 'start': '22:45'}","False","Art 102 and Art 103 or equivalents or permission of instructor. Materials fee. Offered alternate years.","","1","C","20131","Architectural Drawing and Design I","Research","2013"
"0000089073","1.0","0000000039","ART","This course provides a strong foundation in the array of copper plate processes of etching, aquatint, lift ground, soft ground, and polymer plate printmaking processes as well as in painterly monoprinting techniques. Students address personal sources of ideas, experimentation, drawing skills and compositional concerns and draw upon examples of master printmakers to discuss how images reflect culture. Critical thinking skills are necessary in discussion and critiques. Prerequisite: Art 102. Materials fee. Offered annually.","15","0","5","5","5","","Saurer, John","{'fsnum': '7064', 'name': 'Saurer, John'}","200","14","","","","","Printmkg: Intaglio/Mono","","227","{'day': 'Tu', 'end': '14:45', 'location': 'CAD 212', 'start': '23:45'};{'day': 'Th', 'end': '15:45', 'location': 'CAD 212', 'start': '12:45'}","False","Art 102. Materials fee. Offered annually.","","1","C","20131","Printmaking: Intaglio and Monoprints","Research","2013"
"0000091260","1.0","0000020057","ART","This course focuses on the creative use of digital video. Students study all aspects of video production from concept to screening, including idea generation, pre-production planning, storyboarding, lighting, shooting, editing, and sound design. Additionally, students regularly screen, analyze, and discuss contemporary and historic video art and avant-garde films. Students produce short video projects with special emphasis on conceptual thinking and experimentation. Prerequisites: Art 104 or permission of instructor. Materials fee. Offered alternate years. Counts toward film studies and media studies concentrations.","10","0","3","0","7","ALS-A","Nelson, Peter B.","{'fsnum': '13653', 'name': 'Nelson, Peter B.'}","200","15","","","","","Video Art","","229","{'day': 'Mo', 'end': '12:45', 'location': 'CAD 100', 'start': '22:45'};{'day': 'We', 'end': '12:45', 'location': 'CAD 100', 'start': '22:45'};{'day': 'Fr', 'end': '12:45', 'location': 'CAD 100', 'start': '22:45'}","False","Prerequisites: Art 104 or permission of instructor. Materials fee. Offered alternate years. Counts toward film studies and media studies concentrations.","","1","O","20131","","Research","2013"
"0000088266","1.0","0000000051","ART","This course introduces modern industrial culture and thought through a study of painting, sculpture, architecture, and related arts. Students learn about the strikingly new modes of art created in Europe and the United States after 1880, examining work by Edvard Munch, Frank Lloyd Wright, Pablo Picasso, Hannah Höch, and many others. Offered annually.","31","2","4","17","8","ALS-A;HWC","Tradowsky, Christopher","{'fsnum': '21187', 'name': 'Tradowsky, Christopher'}","200","30","","","","","Art 1880-1950","","252","{'day': 'Tu', 'end': '14:45', 'location': 'CAD 305', 'start': '13:20'};{'day': 'Th', 'end': '15:35', 'location': 'CAD 305', 'start': '14:15'}","False","False","","1","C","20131","Art 1880-1945 ""The Shock of the New""","Research","2013"
"0000091261","1.0","0000000053","ART","This course explores painting, sculpture, architecture, and urban development in Italy from c. 1300 to c. 1600. The course focuses on the major urban centers of the period: Florence, Rome, and Venice. Students address the ways in which art functioned in its original Renaissance context and explore issues of artistic identity and the importance of patronage in the period. Offered periodically.","29","2","6","9","12","ALS-A;HWC","Tradowsky, Christopher","{'fsnum': '21187', 'name': 'Tradowsky, Christopher'}","200","30","","","","","Italian Renaissance","","254","{'day': 'Tu', 'end': '11:00', 'location': 'CAD 305', 'start': '09:35'};{'day': 'Th', 'end': '10:50', 'location': 'CAD 305', 'start': '09:30'}","False","False","","1","C","20131","Italian Renaissance Art","Research","2013"
"0000091773","1.0","0000000055","ART","Since its invention, photography has shaped our ways of seeing, our social history, and our identities. Photography is also a compelling form of artistic expression. This course is an introduction to the history of photography from its origins to the present, including the role of photography in society and in the fine arts. Students learn the skills of formal visual analysis and critical thinking about the power of the photographic image in our lives. No prerequisities. Offered periodically. Counts toward media studies and film studies concentrations.","19","2","5","5","7","ALS-A;ORC","Ojala, Margaret","{'fsnum': '5816', 'name': 'Ojala, Margaret'}","200","20","","","","","History of Photography","","256","{'day': 'Mo', 'end': '10:00', 'location': 'CAD 102', 'start': '09:05'};{'day': 'We', 'end': '10:00', 'location': 'CAD 102', 'start': '09:05'};{'day': 'Fr', 'end': '10:00', 'location': 'CAD 102', 'start': '09:05'}","False","False","","1","C","20131","A History of Photography","Research","2013"
"0000091262","1.0","0000000059","ART","This course examines architectural monuments and their symbolic forms combined with evidence of earthly and divine concepts. From cave dwellings to geodesic domes, from Eastern to Western systems, students review sacred and profane structures from a variety of cultures. Each student investigates a living reality of space, function, and form found in human-built environments. Offered periodically.","19","5","3","5","6","ALS-A","Rohn, Matthew","{'fsnum': '6758', 'name': 'Rohn, Matthew'}","200","30","","","","","World Architecture","","261","{'day': 'Mo', 'end': '14:55', 'location': 'CAD 305', 'start': '14:00'};{'day': 'We', 'end': '14:55', 'location': 'CAD 305', 'start': '14:00'};{'day': 'Fr', 'end': '14:55', 'location': 'CAD 305', 'start': '14:00'}","False","False","","1","O","20131","History of World Architecture","Research","2013"
"0000088129","1.0","0000000068","ART","","0","0","0","0","0","","Staff","{'fsnum': '', 'name': 'Staff'}","200","","","","","","Academic Internship","","294","","True","","","1","C","20131","","Research","2013"
"0000088905","1.0","0000000069","ART","Independent Study in studio art prerequisites: four foundation courses and two upper-division courses in area of study.;Independent Study in art history prerequisites: two upper-division courses in area of study.","0","0","0","0","0","","Staff","{'fsnum': '', 'name': 'Staff'}","200","","","","","","IS/","","298","","False","False","","1","O","20131","Independent Study","Research","2013"
"0000093295","1.0","0000000069","ART","Independent Study in studio art prerequisites: four foundation courses and two upper-division courses in area of study.;Independent Study in art history prerequisites: two upper-division courses in area of study.","1","0","0","0","1","","Rohn, Matthew","{'fsnum': '6758', 'name': 'Rohn, Matthew'}","200","","","","","","IS/Art & Anatomy","","298","","False","False","A","1","O","20131","Independent Study","Research","2013"
"0000093370","1.0","0000000069","ART","Independent Study in studio art prerequisites: four foundation courses and two upper-division courses in area of study.;Independent Study in art history prerequisites: two upper-division courses in area of study.","1","0","0","0","1","","Nelson, Peter B.","{'fsnum': '13653', 'name': 'Nelson, Peter B.'}","200","","","","","","IS/T-Shirt Design","","298","","False","False","B","1","O","20131","Independent Study","Research","2013"
"0000089270","1.0","0000000070","ART","This course enables the advanced studio art student to pursue further work in any chosen two or three dimensional medium or combination of media including performance, installation, and collaborative ways of working. This course is organized around an interdisciplinary theme set each year by the instructor. Within a seminar format, students read, discuss, and write on the selected topic in conjunction with topic-driven individual studio work and critiques. Prerequisites: three foundation studio courses plus a minimum of two level II studio courses. Offered annually.","12","0","0","0","12","","Weeks, Michon","{'fsnum': '23761', 'name': 'Weeks, Michon'}","300","18","","","","","Topics Sem/Studio Art","","340","{'day': 'Mo', 'end': '12:45', 'location': 'CAD 103', 'start': '22:45'};{'day': 'We', 'end': '12:45', 'location': 'CAD 103', 'start': '22:45'};{'day': 'Fr', 'end': '12:45', 'location': 'CAD 103', 'start': '22:45'}","False","Prerequisites: three foundation studio courses plus a minimum of two level II studio courses. Offered annually.","","1","O","20131","Topics Seminar in Studio Art","Topic","2013"
"0000088130","1.0","0000000073","ART","","0","0","0","0","0","","Staff","{'fsnum': '', 'name': 'Staff'}","300","","","","","","Academic Internship","","394","","True","","","1","C","20131","","Research","2013"
"0000088777","1.0","0000000075","ART","Independent Research in studio art prerequisites: four foundation courses and three courses in area of study.;Independent Research in art history prerequisites: three courses in area of study.","0","0","0","0","0","","Staff","{'fsnum': '', 'name': 'Staff'}","300","","","","","","IR/","","398","","False","False","","1","O","20131","Independent Research: Art History","Research","2013"
"0000092059","1.0","0000000075","ART","Independent Research in studio art prerequisites: four foundation courses and three courses in area of study.;Independent Research in art history prerequisites: three courses in area of study.","1","0","1","0","0","","Tradowsky, Christopher","{'fsnum': '21187', 'name': 'Tradowsky, Christopher'}","300","","","","","","IR/Art & Semiotic Theory","","398","","False","False","A","1","O","20131","Independent Research: Art History","Research","2013"
"0000092106","1.0","0000000075","ART","Independent Research in studio art prerequisites: four foundation courses and three courses in area of study.;Independent Research in art history prerequisites: three courses in area of study.","1","0","0","0","1","","Kucera, Karil J.","{'fsnum': '14964', 'name': 'Kucera, Karil J.'}","300","","","","","","IR/Contemp Art in China","","398","","False","False","B","1","O","20131","Independent Research: Art History","Research","2013"
"0000092117","1.0","0000000075","ART","Independent Research in studio art prerequisites: four foundation courses and three courses in area of study.;Independent Research in art history prerequisites: three courses in area of study.","1","0","0","0","1","WRI","Kucera, Karil J.","{'fsnum': '14964', 'name': 'Kucera, Karil J.'}","300","","","","","","IR/Myth In Ancient Art","","398","","False","False","C","1","O","20131","Independent Research: Art History","Research","2013"
"0000092824","1.0","0000000075","ART","Independent Research in studio art prerequisites: four foundation courses and three courses in area of study.;Independent Research in art history prerequisites: three courses in area of study.","5","0","0","0","5","","Saurer, John","{'fsnum': '7064', 'name': 'Saurer, John'}","300","","","","","","IR/Art Apprenticeship 1","","398","","False","False","D","1","C","20131","Independent Research: Art History","Research","2013"
"0000093297","1.0","0000000075","ART","Independent Research in studio art prerequisites: four foundation courses and three courses in area of study.;Independent Research in art history prerequisites: three courses in area of study.","1","0","0","0","1","","Gallas, Ron","{'fsnum': '2492', 'name': 'Gallas, Ron'}","300","","","","","","IR/Crystalline Glaze Dev","","398","","False","False","E","1","O","20131","Independent Research: Art History","Research","2013"
"0000093347","1.0","0000000075","ART","Independent Research in studio art prerequisites: four foundation courses and three courses in area of study.;Independent Research in art history prerequisites: three courses in area of study.","1","0","0","0","1","","Gallas, Ron","{'fsnum': '2492', 'name': 'Gallas, Ron'}","300","","","","","","IR/Ceramic Surfaces","","398","","False","False","F","1","O","20131","Independent Research: Art History","Research","2013"
"0000088412","1.0","0000000608","AS/HI","This course studies Chinese civilization from its beginnings to the end of the 19th century, providing an overview of traditional Chinese thought, culture, institutions, and society. Students examine the development of philosophy and religion, achievements in art and literature, and social and economic change. This course also considers foreign conquest dynasties, Chinese expansion into Inner Asia, and China's relations with the West. Foreign Language Across the Curriculum course available in Chinese for students at the third-year level in the language. Offered most years.","21","3","6","6","6","ALS-L;MCG;MCS-G","Entenmann, Robert","{'fsnum': '1821', 'name': 'Entenmann, Robert'}","200","30","","","","","Chinese Civilization","","250","{'day': 'Mo', 'end': '14:55', 'location': 'RML 525', 'start': '14:00'};{'day': 'We', 'end': '14:55', 'location': 'RML 525', 'start': '14:00'};{'day': 'Fr', 'end': '14:55', 'location': 'RML 525', 'start': '14:00'}","False","False","","1","O","20131","","Research","2013"
"0000088121","0.25","0000016220","AS/HI","","2","0","0","1","1","","Entenmann, Robert","{'fsnum': '1821', 'name': 'Entenmann, Robert'}","200","10","","","","","FLC - Chinese","","250","","False","","","1","O","20131","","FLAC","2013"
"0000091349","1.0","0000001220","AS/RE","This course, surveying the general nature and assumptions of Hindu thought, focuses on the diversity of doctrines and practices within some of its major traditions. Students analyze selections from authoritative Sanskrit texts like the Upanishads and Bhagavad-gita, directing special attention to the central issues and developments in Hindu-Christian dialogue.","24","2","11","5","6","MCG;MCS-G","Rambachan, Anantanand","{'fsnum': '6535', 'name': 'Rambachan, Anantanand'}","200","24","","","","","Hinduism","","253","{'day': 'Tu', 'end': '09:25', 'location': 'OM 240', 'start': '08:00'};{'day': 'Th', 'end': '09:20', 'location': 'OM 240', 'start': '08:00'}","False","False","","1","C","20131","","Research","2013"
"0000088367","1.0","0000001234","AS/RE","Students examine contemporary Buddhist moral teachings on social issues such as violence and peacemaking, human rights and social justice, and humanity and the environment. Coursework focuses on the writings of Vietnamese monk and peace activist Thich Nhat Hanh, Tibetan leader-in-exile Tenzin Gyatso (Fourteenth Dalai Lama), American ecologist Joanna Macy, and others. Students consider the moral paradigms of Christianity and Buddhism: Christ and the Bodhisattva. Prerequisite: completion of BTS-T or permission of instructor.","23","0","0","0","23","EIN","Reed, Barbara","{'fsnum': '6625', 'name': 'Reed, Barbara'}","200","22","0","","0","","Buddhism, Peace, Justice","Prerequisite: Completion of BTS-T or permission of the instructor.              ;Open only to rising Seniors during web registration.  Juniors may               ;add on a space available basis during the drop/add period.","289","{'day': 'Mo', 'end': '13:50', 'location': 'OM 340', 'start': '12:55'};{'day': 'We', 'end': '13:50', 'location': 'OM 340', 'start': '12:55'};{'day': 'Fr', 'end': '13:50', 'location': 'OM 340', 'start': '12:55'}","False","completion of BTS-T or permission of instructor.","A","1","C","20131","Buddhism, Peace and Justice","Research","2013"
"0000088368","1.0","0000001234","AS/RE","Students examine contemporary Buddhist moral teachings on social issues such as violence and peacemaking, human rights and social justice, and humanity and the environment. Coursework focuses on the writings of Vietnamese monk and peace activist Thich Nhat Hanh, Tibetan leader-in-exile Tenzin Gyatso (Fourteenth Dalai Lama), American ecologist Joanna Macy, and others. Students consider the moral paradigms of Christianity and Buddhism: Christ and the Bodhisattva. Prerequisite: completion of BTS-T or permission of instructor.","21","0","5","0","16","EIN","Reed, Barbara","{'fsnum': '6625', 'name': 'Reed, Barbara'}","200","22","0","","0","","Buddhism, Peace, Justice","Prerequisite: Completion of BTS-T or permission of the instructor.              ;Open only to rising Seniors web registration.  Rising Juniors may add on a space;available basis during the drop/add period.","289","{'day': 'Mo', 'end': '14:55', 'location': 'OM 340', 'start': '14:00'};{'day': 'We', 'end': '14:55', 'location': 'OM 340', 'start': '14:00'};{'day': 'Fr', 'end': '14:55', 'location': 'OM 340', 'start': '14:00'}","False","completion of BTS-T or permission of instructor.","B","1","C","20131","Buddhism, Peace and Justice","Research","2013"
"0000088273","1.0","0000018779","ASIAN","How do pilgrims, travelers and migrants make sense of their journeys in Asia? Students explore maps, histories, tales, and guides that define Asia today and in years past, including several classic Asian texts; study how cultural, linguistic, economic, religious, social, and political connections and divisions create and sustain communities in Asia; and plan related projects for their Interim course. Prerequisite: Chinese 112 or Japanese 112 or permission of instructor. Must be accepted into Asian Conversations program to register. Offered annually in the fall semester.","34","1","1","32","0","","Kucera, Karil J.;Ito, Rika","{'fsnum': '14964', 'name': 'Kucera, Karil J.'};{'fsnum': '14203', 'name': 'Ito, Rika'}","200","38","","","","","AsianCon1:MappingJourneys","Registration for this course restricted to those students who have applied to   ;the Asian Conversations program and been accepted into it.","210","{'day': 'Tu', 'end': '13:10', 'location': 'RNS 150', 'start': '23:45'};{'day': 'Th', 'end': '14:05', 'location': 'RNS 150', 'start': '12:45'}","False","Chinese 112 or Japanese 112 or permission of instructor. Must be accepted into Asian Conversations program to register. Offered annually in the fall semester.","","1","C","20131","Asian Conversations I: Mapping Journeys","Research","2013"
"0000091685","1.0","0000000089","ASIAN","This course looks at language as it creates and responds to its cultural and social environments. Students compare and contrast major aspects of language use in Japan and the United States. Students explore the general underlying elements of talk (e.g., standard vs. regional dialects, language attitude and ideologies, politeness, gendered speech patterns, communication styles) and learn to understand how speakers convey subtle meanings, sometimes unconsciously. Knowledge of Japanese is helpful but not necessary. Taught in English.","23","1","10","8","4","HBS;MCG;MCS-G;ORC","Ito, Rika","{'fsnum': '14203', 'name': 'Ito, Rika'}","200","23","","","","","Talking in Japan/US","","240","{'day': 'Mo', 'end': '10:00', 'location': 'TB 216', 'start': '09:05'};{'day': 'We', 'end': '10:00', 'location': 'TB 216', 'start': '09:05'};{'day': 'Fr', 'end': '10:00', 'location': 'TB 216', 'start': '09:05'}","False","False","","1","C","20131","Talking in Japan and the U.S.: Language, Identity, and Beyond","Research","2013"
"0000091193","1.0","0000017590","ASIAN","This course introduces students to the art form of brush-written Chinese calligraphy. Students explore the aesthetic concepts, the evolution of different styles, and the practical techniques of Chinese calligraphy. Class lectures complement hands-on practice in which students master the basic strokes, the structure and compositions, and the line movements that are involved in producing artistic calligraphy. No knowledge of Chinese language is required. All readings and visual demonstrations will be in English. Materials fee.","18","2","7","6","3","ALS-A;MCG;MCS-G","Wan, Pin Pin","{'fsnum': '8890', 'name': 'Wan, Pin Pin'}","200","18","","","","","Chinese Calligraphy","","268","{'day': 'Tu', 'end': '13:10', 'location': 'HH 307', 'start': '23:45'};{'day': 'Th', 'end': '14:05', 'location': 'HH 307', 'start': '12:45'}","False","False","","1","C","20131","The Art of Chinese Calligraphy: Techniques and Appreciation","Research","2013"
"0000088630","0.25","0000000092","ASIAN","This course introduces students to the interdisciplinary nature of Asian Studies and provides preparation for research abroad and in the senior seminar. Students gain grounding in the approaches of different disciplines to a common body of knowledge through presentations by departmental faculty, and use resources available to researchers in Asian Studies in a systematic and in-depth way. The course introduces students to bibliographic management software. Designed to be taken early in the major.","11","0","2","6","3","","MacPherson, Kristina","{'fsnum': '3550', 'name': 'MacPherson, Kristina'}","200","24","","","","","ID Approaches to Asia","","275","{'day': 'Mo', 'end': '21:00', 'location': 'RML 477', 'start': '19:00'}","False","False","","1","O","20131","Interdisciplinary Approaches to Asia","Research","2013"
"0000088863","1.0","0000000094","ASIAN","","0","0","0","0","0","","Staff","{'fsnum': '', 'name': 'Staff'}","200","","","","","","IS/","","298","","False","","","1","O","20131","Independent Study","Research","2013"
"0000093296","1.0","0000000094","ASIAN","","1","0","0","0","1","","Entenmann, Robert","{'fsnum': '1821', 'name': 'Entenmann, Robert'}","200","","","","","","IS/Health & Envir China","","298","","False","","A","1","O","20131","Independent Study","Research","2013"
"0000088626","1.0","0000016962","ASIAN","The Universal Declaration of Human Rights proclaims that ""the inherent dignity and ... the equal and inalienable rights of all members of the human family [are] the foundation of freedom, justice and peace in the world."" Who speaks to human rights in East Asia? What ethical perspectives are voiced? Case studies presented through memoirs, films, reports, and multidisciplinary analyses provide the material for exploring diverse normative claims about individual rights in East Asia. Prerequisites: Asian Studies 275 or permission of the instructor and completion of BTS-T. Offered annually.","16","0","0","0","16","EIN;WRI","Tegtmeyer Pak, Katherine S.","{'fsnum': '15754', 'name': 'Tegtmeyer Pak, Katherine S.'}","300","19","0","0","0","","Human Rights/AsianContext","Prerequisite: Completion of BTS-T or permission of instructor.                  ;Open only to rising Seniors during web registration, Juniors may add later if   ;space is available.","397","{'day': 'Tu', 'end': '14:45', 'location': 'HH 317', 'start': '13:20'};{'day': 'Th', 'end': '15:35', 'location': 'HH 317', 'start': '14:15'}","False","Prerequisites: Asian Studies 275 or permission of the instructor and completion of BTS-T. Offered annually.","","1","C","20131","Seminar: Human Rights/Asian Context","Research","2013"
"0000088752","1.0","0000000097","ASIAN","","0","0","0","0","0","","Staff","{'fsnum': '', 'name': 'Staff'}","300","","","","","","IR/","","398","","False","","","1","O","20131","Independent Research","Research","2013"
"0000088620","1.0","0000000102","BIO","Contemporary issues in human biology direct the study of how our bodies work. This knowledge is relevant to the decisions required in daily living. Specific topics vary, but may include nutrition, cancer, immune responses, exercise, and reproduction. Learning in this course utilizes lecture, discussion, and laboratory formats. The course includes lectures plus one two-hour laboratory per week. Offered annually.","70","2","14","30","24","HWC;IST;NSC;NSL;SED","Van Wylen, David","{'fsnum': '8768', 'name': 'Van Wylen, David'}","100","66","","","","","Human Biology","Students in Bio 123 must also register for one lab Bio 123 AL, BL, or CL.","123","{'day': 'Tu', 'end': '13:10', 'location': 'RNS 310', 'start': '23:45'};{'day': 'Th', 'end': '14:05', 'location': 'RNS 310', 'start': '12:45'}","False","False","","1","C","20131","","Research","2013"
"0000088623","","0000000103","BIO","","23","1","5","10","7","","Van Wylen, David","{'fsnum': '8768', 'name': 'Van Wylen, David'}","100","22","","","","","Human Biology Lab","","123","{'day': 'We', 'end': '16:00', 'location': 'RNS 254', 'start': '14:00'}","False","","A","1","C","20131","","Lab","2013"
"0000088621","","0000000103","BIO","","23","1","4","10","8","","Van Wylen, David","{'fsnum': '8768', 'name': 'Van Wylen, David'}","100","22","","","","","Human Biology Lab","","123","{'day': 'Th', 'end': '11:00', 'location': 'RNS 254', 'start': '09:00'}","False","","B","1","C","20131","","Lab","2013"
"0000088622","","0000000103","BIO","","24","0","5","10","9","","Van Wylen, David","{'fsnum': '8768', 'name': 'Van Wylen, David'}","100","22","","","","","Human Biology Lab","","123","{'day': 'Th', 'end': '16:15', 'location': 'RNS 254', 'start': '14:15'}","False","","C","1","C","20131","","Lab","2013"
"0000088496","1.0","0000000108","BIO","In this core course, students study the mechanisms of evolution, the evolutionary history of biological diversity, and the diversity of life. The structure and function of organisms are compared within an ecological/evolutionary context. Key adaptations to survival are examined among organisms from bacteria and protists to plants, fungi, and animals. Labs investigate population genetics, phylogeny, form, and behavior of selected organisms and provide experience in experimental design and scientific writing. Students attend lectures plus one 2.5-hour laboratory per week. Prerequisite: Biology 125 or Chemistry/Biology 125-127. The last offering of this course is Fall 2013.","36","1","4","25","6","NSC;NSL;SED","Swift, Michael","{'fsnum': '8210', 'name': 'Swift, Michael'}","100","44","0","","","","Evolution and Diversity","Students in Bio 126 must also register for one lab Bio 126 AL or BL.            ;Not open to first-year students.","126","{'day': 'Mo', 'end': '08:55', 'location': 'RNS 390', 'start': '08:00'};{'day': 'We', 'end': '08:55', 'location': 'RNS 390', 'start': '08:00'};{'day': 'Fr', 'end': '08:55', 'location': 'RNS 390', 'start': '08:00'}","False","Biology 125 or Chemistry/Biology 125-127. The last offering of this course is Fall 2013.","","1","C","20131","","Research","2013"
"0000088493","","0000000109","BIO","","17","1","2","11","3","","Swift, Michael","{'fsnum': '8210', 'name': 'Swift, Michael'}","100","22","0","","","","Evolution & Diversity Lab","Not open to first-year students.","126","{'day': 'Th', 'end': '10:30', 'location': 'RNS 398', 'start': '08:00'}","False","","A","1","C","20131","","Lab","2013"
"0000088494","","0000000109","BIO","","19","0","2","14","3","","Swift, Michael","{'fsnum': '8210', 'name': 'Swift, Michael'}","100","22","0","","","","Evolution & Diversity Lab","Not open to first-year students.","126","{'day': 'Th', 'end': '16:45', 'location': 'RNS 398', 'start': '14:15'}","False","","B","1","C","20131","","Lab","2013"
"0000091774","1.0","0000026712","BIO","The study of the anatomy and physiology of the human body is founded on a thorough understanding of the structure and function of cells and tissues. Students attend lectures plus one 3-hour lab per week. Nursing and exercise science majors may pre-register for this course. This course may not be taken after completion of Biology 125, Chemistry/Biology 227, or Biology 227, all of which serve as a prerequisite for Biology 243: Human Anatomy and Physiology. Offered in the fall semester.","53","26","3","17","7","IST;SED","Crisp, Kevin M.","{'fsnum': '17430', 'name': 'Crisp, Kevin M.'}","100","48","","","","","Human A&P:Cells & Tissues","Students in Bio 143 must also register for one lab Bio 143 AL or BL.","143","{'day': 'Tu', 'end': '13:10', 'location': 'RNS 410', 'start': '23:45'};{'day': 'Th', 'end': '14:05', 'location': 'RNS 410', 'start': '12:45'}","False","False","","1","C","20131","Human Anatomy and Physiology: Cells and Tissues","Research","2013"
"0000091775","","0000026713","BIO","","23","15","1","6","1","","Crisp, Kevin M.","{'fsnum': '17430', 'name': 'Crisp, Kevin M.'}","100","24","","","","","Cells and Tissues Lab","","143","{'day': 'Mo', 'end': '16:00', 'location': 'RNS 398', 'start': '13:00'}","False","","A","1","C","20131","","Lab","2013"
"0000091776","","0000026713","BIO","","19","7","2","9","1","","Crisp, Kevin M.","{'fsnum': '17430', 'name': 'Crisp, Kevin M.'}","100","24","","","","","Cells and Tissues Lab","","143","{'day': 'Tu', 'end': '11:00', 'location': 'RNS 398', 'start': '08:00'}","False","","B","1","C","20131","","Lab","2013"
"0000093165","","0000026713","BIO","","11","5","0","2","4","","Stewart, Christopher J.","{'fsnum': '24524', 'name': 'Stewart, Christopher J.'}","100","10","","","","","Cells and Tissues Lab","","143","{'day': 'Mo', 'end': '22:00', 'location': '', 'start': '19:00'}","False","","C","1","C","20131","","Lab","2013"
"0000091333","1.0","0000026649","BIO","This course is the gateway for the biology major, guiding students as they develop the context, skills, and modern framework on which to continue their study of biology. Students explore the history, evolution, and diversity of life in the context of genetics and comparative genomics. The laboratory emphasizes question-asking, problem-solving, and exploring biodiversity, and students have multiple opportunities to practice and communicate their science. Students attend lectures plus one 3-hour laboratory/discussion per week. Offered each semester.","42","2","1","38","1","IST;SED","Angell, Diane K.","{'fsnum': '256', 'name': 'Angell, Diane K.'}","100","44","","","","","Biodiversity Foundations","Students in Bio 150A must also register for one lab Bio 150 AL or BL.","150","{'day': 'Mo', 'end': '11:40', 'location': 'RNS 410', 'start': '10:45'};{'day': 'We', 'end': '11:40', 'location': 'RNS 410', 'start': '10:45'};{'day': 'Fr', 'end': '11:40', 'location': 'RNS 410', 'start': '10:45'}","False","False","A","1","C","20131","Evolutionary Foundations of Biodiversity","Research","2013"
"0000091334","1.0","0000026649","BIO","This course is the gateway for the biology major, guiding students as they develop the context, skills, and modern framework on which to continue their study of biology. Students explore the history, evolution, and diversity of life in the context of genetics and comparative genomics. The laboratory emphasizes question-asking, problem-solving, and exploring biodiversity, and students have multiple opportunities to practice and communicate their science. Students attend lectures plus one 3-hour laboratory/discussion per week. Offered each semester.","47","0","1","46","0","IST;SED","Freedberg, Steven","{'fsnum': '18288', 'name': 'Freedberg, Steven'}","100","44","","","","","Biodiversity Foundations","Students in Bio 150B must also register for one lab Bio 150 CL or DL.","150","{'day': 'Mo', 'end': '12:45', 'location': 'RNS 410', 'start': '23:50'};{'day': 'We', 'end': '12:45', 'location': 'RNS 410', 'start': '23:50'};{'day': 'Fr', 'end': '12:45', 'location': 'RNS 410', 'start': '23:50'}","False","False","B","1","C","20131","Evolutionary Foundations of Biodiversity","Research","2013"
"0000091335","1.0","0000026649","BIO","This course is the gateway for the biology major, guiding students as they develop the context, skills, and modern framework on which to continue their study of biology. Students explore the history, evolution, and diversity of life in the context of genetics and comparative genomics. The laboratory emphasizes question-asking, problem-solving, and exploring biodiversity, and students have multiple opportunities to practice and communicate their science. Students attend lectures plus one 3-hour laboratory/discussion per week. Offered each semester.","33","7","1","25","0","IST;SED","Umbanhowar, Charles Jr.","{'fsnum': '8616', 'name': 'Umbanhowar, Charles Jr.'}","100","44","","","","","Biodiversity Foundations","Students in Bio 150C must also register for one lab Bio 150 EL or FL.","150","{'day': 'Mo', 'end': '10:00', 'location': 'RNS 410', 'start': '09:05'};{'day': 'We', 'end': '10:00', 'location': 'RNS 410', 'start': '09:05'};{'day': 'Fr', 'end': '10:00', 'location': 'RNS 410', 'start': '09:05'}","False","False","C","1","O","20131","Evolutionary Foundations of Biodiversity","Research","2013"
"0000091336","","0000026650","BIO","","21","2","0","18","1","","Angell, Diane K.","{'fsnum': '256', 'name': 'Angell, Diane K.'}","100","22","","","","","Biodiversity Found Lab","","150","{'day': 'Mo', 'end': '16:00', 'location': 'RNS 255', 'start': '13:00'}","False","","A","1","C","20131","","Lab","2013"
"0000091337","","0000026650","BIO","","21","0","1","20","0","","Angell, Diane K.","{'fsnum': '256', 'name': 'Angell, Diane K.'}","100","22","","","","","Biodiversity Found Lab","","150","{'day': 'Tu', 'end': '11:00', 'location': 'RNS 255', 'start': '08:00'}","False","","B","1","C","20131","","Lab","2013"
"0000091338","","0000026650","BIO","","24","0","0","24","0","","Freedberg, Steven","{'fsnum': '18288', 'name': 'Freedberg, Steven'}","100","22","","","","","Biodiversity Found Lab","","150","{'day': 'Tu', 'end': '16:20', 'location': 'RNS 255', 'start': '13:20'}","False","","C","1","C","20131","","Lab","2013"
"0000091339","","0000026650","BIO","","23","0","1","22","0","","Freedberg, Steven","{'fsnum': '18288', 'name': 'Freedberg, Steven'}","100","22","","","","","Biodiversity Found Lab","","150","{'day': 'We', 'end': '17:00', 'location': 'RNS 255', 'start': '14:00'}","False","","D","1","C","20131","","Lab","2013"
"0000091340","","0000026650","BIO","","11","5","1","5","0","","Umbanhowar, Charles Jr.","{'fsnum': '8616', 'name': 'Umbanhowar, Charles Jr.'}","100","22","","","","","Biodiversity Found Lab","","150","{'day': 'Th', 'end': '11:00', 'location': 'RNS 255', 'start': '08:00'}","False","","E","1","O","20131","","Lab","2013"
"0000091341","","0000026650","BIO","","22","2","0","20","0","","Umbanhowar, Charles Jr.","{'fsnum': '8616', 'name': 'Umbanhowar, Charles Jr.'}","100","22","","","","","Biodiversity Found Lab","","150","{'day': 'Th', 'end': '15:45', 'location': 'RNS 255', 'start': '12:45'}","False","","F","1","C","20131","","Lab","2013"
"0000088709","1.0","0000000122","BIO","Genetics examines relationships between genotype and phenotype in prokaryotic and eukaryotic organisms from classical and molecular perspectives. Lectures in this core course cover ideas and technologies contributing to understanding mechanisms of gene transmission and regulation. Laboratories utilize model organisms to investigate classical and molecular modes of inheritance. Students attend lectures plus one three-hour laboratory per week. Prerequisites: Biology 150, and Chemistry 125 or 121/123 or Chemistry/Biology 125; or Biology 125 and Chemistry 125 or 121/123 or Chemistry/Biology 125. Counts as ""genetics"" core category. Offered each semester. Counts toward neuroscience concentration.","40","0","22","14","4","","Kandl, Kim A.","{'fsnum': '13100', 'name': 'Kandl, Kim A.'}","200","40","0","","","","Intermediate Genetics","Students in Bio 233A must also register for one lab Bio 233 AL or BL.           ;Not open to first-year students.","233","{'day': 'Mo', 'end': '10:00', 'location': 'RNS 390', 'start': '09:05'};{'day': 'We', 'end': '10:00', 'location': 'RNS 390', 'start': '09:05'};{'day': 'Fr', 'end': '10:00', 'location': 'RNS 390', 'start': '09:05'}","False","Prerequisites: Biology 150, and Chemistry 125 or 121/123 or Chemistry/Biology 125; or Biology 125 and Chemistry 125 or 121/123 or Chemistry/Biology 125. Counts as ""genetics"" core category. Offered each semester. Counts toward neuroscience concentration.","A","1","C","20131","","Research","2013"
"0000088710","1.0","0000000122","BIO","Genetics examines relationships between genotype and phenotype in prokaryotic and eukaryotic organisms from classical and molecular perspectives. Lectures in this core course cover ideas and technologies contributing to understanding mechanisms of gene transmission and regulation. Laboratories utilize model organisms to investigate classical and molecular modes of inheritance. Students attend lectures plus one three-hour laboratory per week. Prerequisites: Biology 150, and Chemistry 125 or 121/123 or Chemistry/Biology 125; or Biology 125 and Chemistry 125 or 121/123 or Chemistry/Biology 125. Counts as ""genetics"" core category. Offered each semester. Counts toward neuroscience concentration.","45","1","22","8","14","","Porterfield, Jean C.","{'fsnum': '14015', 'name': 'Porterfield, Jean C.'}","200","40","0","","","","Intermediate Genetics","Students in Bio 233B must also register for one lab Bio 233 CL or DL.           ;Not open to first-year students.","233","{'day': 'Mo', 'end': '11:40', 'location': 'RNS 290', 'start': '10:45'};{'day': 'We', 'end': '11:40', 'location': 'RNS 290', 'start': '10:45'};{'day': 'Fr', 'end': '11:40', 'location': 'RNS 290', 'start': '10:45'}","False","Prerequisites: Biology 150, and Chemistry 125 or 121/123 or Chemistry/Biology 125; or Biology 125 and Chemistry 125 or 121/123 or Chemistry/Biology 125. Counts as ""genetics"" core category. Offered each semester. Counts toward neuroscience concentration.","B","1","C","20131","","Research","2013"
"0000088712","","0000000123","BIO","","21","0","16","3","2","","Kandl, Kim A.","{'fsnum': '13100', 'name': 'Kandl, Kim A.'}","200","20","0","","","","Intermediate Genetics Lab","","233","{'day': 'Mo', 'end': '16:00', 'location': 'RNS 394', 'start': '13:00'}","False","","A","1","C","20131","","Lab","2013"
"0000088711","","0000000123","BIO","","19","0","6","11","2","","Kandl, Kim A.","{'fsnum': '13100', 'name': 'Kandl, Kim A.'}","200","20","0","","","","Intermediate Genetics Lab","","233","{'day': 'Tu', 'end': '11:00', 'location': 'RNS 394', 'start': '08:00'}","False","","B","1","C","20131","","Lab","2013"
"0000088713","","0000000123","BIO","","22","1","12","5","4","","Porterfield, Jean C.","{'fsnum': '14015', 'name': 'Porterfield, Jean C.'}","200","20","0","","","","Intermediate Genetics Lab","","233","{'day': 'Tu', 'end': '16:20', 'location': 'RNS 394', 'start': '13:20'}","False","","C","1","C","20131","","Lab","2013"
"0000088714","","0000000123","BIO","","23","0","10","3","10","","Porterfield, Jean C.","{'fsnum': '14015', 'name': 'Porterfield, Jean C.'}","200","20","0","","","","Intermediate Genetics Lab","","233","{'day': 'We', 'end': '17:00', 'location': 'RNS 394', 'start': '14:00'}","False","","D","1","C","20131","","Lab","2013"
"0000088616","1.0","0000000126","BIO","Students journey toward greater understanding of the human body through an integrated study of the structure of the body (anatomy) and how organs such as the brain, heart, and kidney perform their remarkable functions (physiology). The course is designed primarily for students intending careers in the health sciences. Students attend lectures plus one three-hour laboratory per week. Prerequisite: Biology 143, or Biology 150 and 227, or Biology 125, or Chemistry/Biology 125-227. Offered annually. Counts towards exercise science major and neuroscience concentration.","73","1","20","42","10","","Kermott, Louis Henry","{'fsnum': '4284', 'name': 'Kermott, Louis Henry'}","200","60","0","","","","Human Anatomy & Physiol","Students in Bio 243 must also register for one lab Bio 243 AL, BL, or CL.       ;Not open to first-year students.","243","{'day': 'Mo', 'end': '08:55', 'location': 'RNS 150', 'start': '08:00'};{'day': 'We', 'end': '08:55', 'location': 'RNS 150', 'start': '08:00'};{'day': 'Fr', 'end': '08:55', 'location': 'RNS 150', 'start': '08:00'}","False","Biology 143, or Biology 150 and 227, or Biology 125, or Chemistry/Biology 125-227. Offered annually. Counts towards exercise science major and neuroscience concentration.","","1","C","20131","Human Anatomy and Physiology","Research","2013"
"0000088617","","0000000127","BIO","","25","0","2","20","3","","Kermott, Louis Henry","{'fsnum': '4284', 'name': 'Kermott, Louis Henry'}","200","20","0","","","","Human Anatomy & Physiol L","","243","{'day': 'Mo', 'end': '16:00', 'location': 'RNS 254', 'start': '13:00'}","False","","A","1","C","20131","","Lab","2013"
"0000088618","","0000000127","BIO","","25","1","8","12","4","","Kermott, Louis Henry","{'fsnum': '4284', 'name': 'Kermott, Louis Henry'}","200","20","0","","","","Human Anatomy & Physiol L","","243","{'day': 'Tu', 'end': '11:00', 'location': 'RNS 254', 'start': '08:00'}","False","","B","1","C","20131","","Lab","2013"
"0000088619","","0000000127","BIO","","23","0","10","10","3","","Kermott, Louis Henry","{'fsnum': '4284', 'name': 'Kermott, Louis Henry'}","200","20","0","","","","Human Anatomy & Physiol L","","243","{'day': 'Tu', 'end': '16:20', 'location': 'RNS 254', 'start': '13:20'}","False","","C","1","C","20131","","Lab","2013"
"0000088258","1.0","0000000128","BIO","How do animals do what they need to do to survive in all sorts of environments? Why are others able to exist in only very particular conditions? These are the sorts of questions students explore as they navigate the basic systems that provide circulation, ventilation, movement, digestion, and waste removal. Students look at how these processes are coordinated by the nervous and endocrine systems and how they vary across the animal kingdom to help organisms survive in dry, hot deserts, in dark, deep oceans, and places in between. In the weekly three-hour lab, they conduct quantitative physiological measurements to assess functions such as temperature control, respiration rates, and salt and water balance. Prerequisites: Biology 150, or Biology 125 and 126, or Chemistry/Biology 125-227 and Biology 126. Counts as ""comparative organismal biology"" core category. Counts toward neuroscience concentration.","30","0","13","5","12","","Walter, Anne","{'fsnum': '8876', 'name': 'Walter, Anne'}","200","45","0","","","","Animal Physiology","Students in Bio 247 must also register for one lab Bio 247 AL, BL or CL.        ;Not open to first-year students.","247","{'day': 'Tu', 'end': '11:00', 'location': 'RNS 410', 'start': '09:35'};{'day': 'Th', 'end': '10:50', 'location': 'RNS 410', 'start': '09:30'}","False","Prerequisites: Biology 150, or Biology 125 and 126, or Chemistry/Biology 125-227 and Biology 126. Counts as ""comparative organismal biology"" core category. Counts toward neuroscience concentration.","","1","O","20131","","Research","2013"
"0000088259","","0000000129","BIO","","8","0","5","0","3","","Walter, Anne","{'fsnum': '8876', 'name': 'Walter, Anne'}","200","15","0","","","","Animal Physiology Lab","","247","{'day': 'Tu', 'end': '16:20', 'location': 'RNS 250', 'start': '13:20'}","False","","A","1","O","20131","","Lab","2013"
"0000091276","","0000000129","BIO","","11","0","5","3","3","","Walter, Anne","{'fsnum': '8876', 'name': 'Walter, Anne'}","200","15","0","","","","Animal Physiology Lab","","247","{'day': 'We', 'end': '17:00', 'location': 'RNS 250', 'start': '14:00'}","False","","B","1","O","20131","","Lab","2013"
"0000088260","","0000000129","BIO","","11","0","3","2","6","","Walter, Anne","{'fsnum': '8876', 'name': 'Walter, Anne'}","200","15","0","","","","Animal Physiology Lab","","247","{'day': 'Th', 'end': '15:45', 'location': 'RNS 250', 'start': '12:45'}","False","","C","1","O","20131","","Lab","2013"
"0000088749","1.0","0000000130","BIO","This course traces the path of invertebrate evolution from single-celled protozoans to the most primitive chordates. Emphasis is placed upon major breakthroughs in design that enable organisms to exploit new ecological habitats. Laboratories are designed to introduce students to the major invertebrate groups via observation of living animals and through dissection. Students attend lectures plus one three-hour laboratory per week. Prerequisites: Biology 150, or Biology 125 and 126, or Chemistry/Biology 125-227 and Biology 126. Offered alternate years. Counts as ""comparative organismal biology"" core category. Counts toward neuroscience concentration.","13","1","4","2","6","","Cole, Eric","{'fsnum': '1206', 'name': 'Cole, Eric'}","200","30","0","","","","Invertebrate Biology","Students in Bio 248 must also register for one lab Bio 248 AL or BL.            ;Not open to first-year students.","248","{'day': 'Mo', 'end': '08:55', 'location': 'RNS 208', 'start': '08:00'};{'day': 'We', 'end': '08:55', 'location': 'RNS 208', 'start': '08:00'};{'day': 'Fr', 'end': '08:55', 'location': 'RNS 208', 'start': '08:00'}","False","Prerequisites: Biology 150, or Biology 125 and 126, or Chemistry/Biology 125-227 and Biology 126. Offered alternate years. Counts as ""comparative organismal biology"" core category. Counts toward neuroscience concentration.","","1","O","20131","","Research","2013"
"0000088751","","0000000131","BIO","","8","1","2","0","5","","Cole, Eric","{'fsnum': '1206', 'name': 'Cole, Eric'}","200","15","0","","","","Invertebrate Biology Lab","","248","{'day': 'We', 'end': '17:00', 'location': 'RNS 246', 'start': '14:00'}","False","","A","1","O","20131","","Lab","2013"
"0000088750","","0000000131","BIO","","5","0","2","2","1","","Cole, Eric","{'fsnum': '1206', 'name': 'Cole, Eric'}","200","15","0","","","","Invertebrate Biology Lab","","248","{'day': 'Th', 'end': '17:15', 'location': 'RNS 246', 'start': '14:15'}","False","","B","1","O","20131","","Lab","2013"
"0000091277","1.0","0000000134","BIO","This course begins with an in-depth look at a plant cell and its physiology, followed by a discussion of whole plant physiology as it relates to cellular functions. Students attend lectures plus one three-hour laboratory per week. Prerequisites: Biology 227, or Biology 125 and 126, and Chemistry 125 and 126, or Chemistry/Biology 125-227 and Biology 126. Counts as ""comparative organismal biology"" core category.","30","0","7","2","21","","Giannini, John","{'fsnum': '2593', 'name': 'Giannini, John'}","200","32","0","","","","Plant Physiology","Students in Bio 251 must also register for one lab Bio 251 AL or BL.            ;Not open to first-year students.","251","{'day': 'Mo', 'end': '10:00', 'location': 'RNS 190', 'start': '09:05'};{'day': 'We', 'end': '10:00', 'location': 'RNS 190', 'start': '09:05'};{'day': 'Fr', 'end': '10:00', 'location': 'RNS 190', 'start': '09:05'}","False","Prerequisites: Biology 227, or Biology 125 and 126, and Chemistry 125 and 126, or Chemistry/Biology 125-227 and Biology 126. Counts as ""comparative organismal biology"" core category.","","1","C","20131","","Research","2013"
"0000091278","","0000000135","BIO","","14","0","2","0","12","","Giannini, John","{'fsnum': '2593', 'name': 'Giannini, John'}","200","16","0","","","","Plant Physiology Lab","","251","{'day': 'Mo', 'end': '16:00', 'location': 'RNS 455', 'start': '13:00'}","False","","A","1","C","20131","","Lab","2013"
"0000091279","","0000000135","BIO","","16","0","5","2","9","","Giannini, John","{'fsnum': '2593', 'name': 'Giannini, John'}","200","16","0","","","","Plant Physiology Lab","","251","{'day': 'Tu', 'end': '11:00', 'location': 'RNS 455', 'start': '08:00'}","False","","B","1","C","20131","","Lab","2013"
"0000088465","1.0","0000000139","BIO","Ecology focuses on the study of the interrelationships that determine the distribution and abundance of organisms. This core course examines organism-environment interactions and the study of populations, communities and ecosystems. Consideration is given to use of ecological studies in ecosystem management. Students attend lectures plus one three-hour laboratory per week. Prerequisites: Biology 150, or Biology 125 and 126, or Chemistry/Biology 125-227 and Biology 126. Counts as ""ecology"" core category. Offered each semester. Counts toward environmental studies major (all tracks) and concentration.","68","0","17","12","39","NSC;NSL;SED","Whittinghill, Kyle A.","{'fsnum': '25382', 'name': 'Whittinghill, Kyle A.'}","200","66","0","","","","Ecological Principles","Students in Bio 261 must also register for one lab Bio 261 AL, BL, or CL.       ;Not open to first-year students.","261","{'day': 'Mo', 'end': '12:45', 'location': 'RNS 310', 'start': '23:50'};{'day': 'We', 'end': '12:45', 'location': 'RNS 310', 'start': '23:50'};{'day': 'Fr', 'end': '12:45', 'location': 'RNS 310', 'start': '23:50'}","False","Prerequisites: Biology 150, or Biology 125 and 126, or Chemistry/Biology 125-227 and Biology 126. Counts as ""ecology"" core category. Offered each semester. Counts toward environmental studies major (all tracks) and concentration.","","1","C","20131","","Research","2013"
"0000088466","","0000000140","BIO","","20","0","4","2","14","","Whittinghill, Kyle A.","{'fsnum': '25382', 'name': 'Whittinghill, Kyle A.'}","200","22","0","","","","Ecological Principles Lab","","261","{'day': 'We', 'end': '16:00', 'location': 'RNS 440', 'start': '13:00'}","False","","A","1","C","20131","","Lab","2013"
"0000088467","","0000000140","BIO","","24","0","8","2","14","","Whittinghill, Kyle A.","{'fsnum': '25382', 'name': 'Whittinghill, Kyle A.'}","200","22","0","","","","Ecological Principles Lab","","261","{'day': 'Th', 'end': '11:00', 'location': 'RNS 440', 'start': '08:00'}","False","","B","1","C","20131","","Lab","2013"
"0000088468","","0000000140","BIO","","24","0","5","8","11","","Whittinghill, Kyle A.","{'fsnum': '25382', 'name': 'Whittinghill, Kyle A.'}","200","22","0","","","","Ecological Principles Lab","","261","{'day': 'Th', 'end': '15:45', 'location': 'RNS 440', 'start': '12:45'}","False","","C","1","C","20131","","Lab","2013"
"0000089260","0.25","0000000152","BIO","For science majors, learning to read the primary literature and other professional sources is an important transition from classroom learning to post-graduate endeavors. Students read, present, and discuss scientific literature in a field selected by participating faculty. The goal is to garner sufficient expertise to allow critical analysis of the particular field. Requires permission of instructor. May be repeated if topics are different.","18","0","16","0","2","","Johnson, Theodore","{'fsnum': '4110', 'name': 'Johnson, Theodore'}","200","18","0","","","","Top: Med Care in Peru","Registration by permission of instructor only.","291","{'day': 'Fr', 'end': '17:00', 'location': 'RNS 190', 'start': '15:00'}","False","False","","1","C","20131","Topics in Biological Research","Topic","2013"
"0000088131","0.5","0000000153","BIO","Internships are designed to provide career-testing opportunities. Students interested in an internship should consult with the Piper Center for Vocation and Career, enlist a faculty supervisor, and complete an internship application. Internships do not count toward the biology major requirements.","0","0","0","0","0","","Staff","{'fsnum': '', 'name': 'Staff'}","200","","","","","","Academic Internship","","294","","True","False","","1","C","20131","Internship","Research","2013"
"0000093164","1.0","0000000153","BIO","Internships are designed to provide career-testing opportunities. Students interested in an internship should consult with the Piper Center for Vocation and Career, enlist a faculty supervisor, and complete an internship application. Internships do not count toward the biology major requirements.","1","0","0","0","1","","Crisp, Kevin M.","{'fsnum': '17430', 'name': 'Crisp, Kevin M.'}","200","","","","","","Academic Internship","","294","","True","False","A","1","O","20131","Internship","Research","2013"
"0000088894","1.0","0000000154","BIO","Independent study allows students to study in an area not covered in the regular biology course offerings. The student undertakes substantial independent study in a defined biological field, meets regularly with faculty supervisor, and prepares some form of presentation of the material learned. The student must obtain permission of supervisor and complete an independent study form available from the Office of the Registrar and Academic Advising or its Web site.","0","0","0","0","0","","Staff","{'fsnum': '', 'name': 'Staff'}","200","","","","","","IS/","","298","","False","False","","1","O","20131","Independent Study","Research","2013"
"0000092062","1.0","0000000154","BIO","Independent study allows students to study in an area not covered in the regular biology course offerings. The student undertakes substantial independent study in a defined biological field, meets regularly with faculty supervisor, and prepares some form of presentation of the material learned. The student must obtain permission of supervisor and complete an independent study form available from the Office of the Registrar and Academic Advising or its Web site.","12","0","1","0","11","","Crisp, Kevin M.","{'fsnum': '17430', 'name': 'Crisp, Kevin M.'}","200","","","","","","IS/Human Gross Anatomy","","298","","False","False","A","1","O","20131","Independent Study","Research","2013"
"0000093382","1.0","0000000154","BIO","Independent study allows students to study in an area not covered in the regular biology course offerings. The student undertakes substantial independent study in a defined biological field, meets regularly with faculty supervisor, and prepares some form of presentation of the material learned. The student must obtain permission of supervisor and complete an independent study form available from the Office of the Registrar and Academic Advising or its Web site.","1","0","0","1","0","","Walter, Anne","{'fsnum': '8876', 'name': 'Walter, Anne'}","200","","","","","","IS/Evolution Cooperation","","298","","False","False","B","1","O","20131","Independent Study","Research","2013"
"0000091287","1.0","0000020158","BIO","Students apply computational techniques and tools to the analysis of biological data. From mining large genetic sequence databases to simulating population dynamics, computer programming is rapidly becoming essential to the study of a broad range of biological systems. This course introduces computer programming to biologists and allows for the creative application of this skill to an array of biological questions, with an emphasis on advanced genetics topics. Prerequisites: Biology 227 and 233, or Biology 126 and 233. Offered alternate years.","13","0","4","0","9","","Freedberg, Steven","{'fsnum': '18288', 'name': 'Freedberg, Steven'}","300","16","0","","0","","Prin of Bioinformatics","Students in Bio 315 must also register for lab Bio 315 L.                       ;Open to rising seniors and juniors only.","315","{'day': 'Mo', 'end': '10:00', 'location': 'RNS 160D', 'start': '09:05'};{'day': 'We', 'end': '10:00', 'location': 'RNS 160D', 'start': '09:05'};{'day': 'Fr', 'end': '10:00', 'location': 'RNS 160D', 'start': '09:05'}","False","Prerequisites: Biology 227 and 233, or Biology 126 and 233. Offered alternate years.","","1","C","20131","Principles of Bioinformatics","Research","2013"
"0000091770","","0000020822","BIO","","13","0","4","0","9","","Freedberg, Steven","{'fsnum': '18288', 'name': 'Freedberg, Steven'}","300","16","0","","0","","Prin of Bioinform Lab","Open to rising seniors and juniors only.","315","{'day': 'Mo', 'end': '16:00', 'location': 'RNS 160D', 'start': '13:00'}","False","","","1","C","20131","","Lab","2013"
"0000091284","1.0","0000000159","BIO","Molecular biology techniques are bringing about a revolution in understanding living organisms. Students study the structure and function of macromolecules, methods currently used to clone and analyze genes, and new insights into basic biological processes which these methods provide. The course uses lecture and discussion topics with one project-oriented three-hour laboratory per week. Prerequisite: Biology 233.","24","0","5","0","19","","Bowers, Lisa M.","{'fsnum': '23548', 'name': 'Bowers, Lisa M.'}","300","22","0","","0","","Molecular Biology","Students in Bio 364 must also register for one lab Bio 364 AL or BL.            ;Open to rising seniors and juniors only.","364","{'day': 'Tu', 'end': '13:10', 'location': 'RNS 390', 'start': '23:45'};{'day': 'Th', 'end': '14:05', 'location': 'RNS 390', 'start': '12:45'}","False","Biology 233.","","1","C","20131","","Research","2013"
"0000091285","","0000000160","BIO","","12","0","2","0","10","","Bowers, Lisa M.","{'fsnum': '23548', 'name': 'Bowers, Lisa M.'}","300","11","0","","0","","Molecular Biology Lab","Open to rising seniors and juniors only.","364","{'day': 'We', 'end': '17:00', 'location': 'RNS 393', 'start': '14:00'}","False","","A","1","C","20131","","Lab","2013"
"0000091286","","0000000160","BIO","","12","0","3","0","9","","Bowers, Lisa M.","{'fsnum': '23548', 'name': 'Bowers, Lisa M.'}","300","11","0","","0","","Molecular Biology Lab","Open to rising seniors and juniors only.","364","{'day': 'Th', 'end': '17:15', 'location': 'RNS 393', 'start': '14:15'}","False","","B","1","C","20131","","Lab","2013"
"0000088504","1.0","0000000161","BIO","This course focuses on learning modern field and laboratory methods to test ecological hypotheses. Students work on group and individual projects to collect and analyze data and give oral and written presentations on projects. Class periods focus on discussion of primary literature and project results. Class trips include visits to local natural areas. Students attend lecture/discussion plus one four-hour laboratory per week. Prerequisite: Biology 261. Counts toward environmental studies major (natural science track).","15","0","1","0","14","ORC;WRI","Shea, Kathleen L.","{'fsnum': '7450', 'name': 'Shea, Kathleen L.'}","300","14","0","","0","","Field Ecology","Must also register for Bio 371L and Bio 371D.                                   ;Open to rising seniors and juniors only.","371","{'day': 'Tu', 'end': '14:20', 'location': 'RNS 426', 'start': '13:20'}","False","Biology 261. Counts toward environmental studies major (natural science track).","","1","C","20131","","Research","2013"
"0000088506","","0000000162","BIO","","15","0","1","0","14","","Shea, Kathleen L.","{'fsnum': '7450', 'name': 'Shea, Kathleen L.'}","300","14","0","","0","","Field Ecology Lab","Open to rising seniors and juniors only.","371","{'day': 'Tu', 'end': '17:30', 'location': 'RNS 440', 'start': '14:30'}","False","","","1","C","20131","","Lab","2013"
"0000088505","","0000000163","BIO","","15","0","1","0","14","","Shea, Kathleen L.","{'fsnum': '7450', 'name': 'Shea, Kathleen L.'}","300","14","0","","0","","Field Ecology Disc","Open to rising seniors and juniors only.","371","{'day': 'Th', 'end': '16:05', 'location': 'RNS 426', 'start': '14:15'}","False","","","1","C","20131","","Discussion","2013"
"0000093264","0.25","0000026494","BIO","Students work on special projects during one afternoon of laboratory per week. Each student must have the sponsorship of a faculty member. This course does not count toward the biology major. P/N only. Offered each semester. May be repeated if topic is different.","6","0","0","3","3","","Porterfield, Jean C.","{'fsnum': '14015', 'name': 'Porterfield, Jean C.'}","300","5","","","","","Supplemental Research","","375","","True","False","","1","C","20131","Advanced Supplemental Research","Research","2013"
"0000091281","1.0","0000000166","BIO","Immunology focuses on the structure, development and function of the immune system. The course explores the molecular and cellular basis of the immune responses. The application of immunological principles to allergy, autoimmunity, AIDS, transplantation, and cancer are included. Students attend lectures plus a two-hour discussion per week. Prerequisite: Biology 227 and 233, or Biology 125 and 233.","36","0","2","0","34","WRI","Johnson, Theodore","{'fsnum': '4110', 'name': 'Johnson, Theodore'}","300","20","0","","0","","Immunology","Students registering for Bio 382 must also register for disc Bio 382 AD or BD.  ;Open to rising seniors and juniors only.","382","{'day': 'Mo', 'end': '11:40', 'location': 'RNS 190', 'start': '10:45'};{'day': 'We', 'end': '11:40', 'location': 'RNS 190', 'start': '10:45'};{'day': 'Fr', 'end': '11:40', 'location': 'RNS 190', 'start': '10:45'}","False","Biology 227 and 233, or Biology 125 and 233.","","1","C","20131","","Research","2013"
"0000091282","","0000000168","BIO","","19","0","0","0","19","","Johnson, Theodore","{'fsnum': '4110', 'name': 'Johnson, Theodore'}","300","10","0","","0","","Immunology Disc","Open to rising seniors and juniors only.","382","{'day': 'Tu', 'end': '15:20', 'location': 'RNS 356A', 'start': '13:20'}","False","","A","1","C","20131","","Discussion","2013"
"0000091283","","0000000168","BIO","","17","0","2","0","15","","Johnson, Theodore","{'fsnum': '4110', 'name': 'Johnson, Theodore'}","300","10","0","","0","","Immunology Disc","","382","{'day': 'We', 'end': '16:00', 'location': 'RNS 356A', 'start': '14:00'}","False","","B","1","C","20131","","Discussion","2013"
"0000088132","1.0","0000000174","BIO","Biology 394 is for students who have completed one internship (Biology 294) and wish to complete a second internship. Students interested in an internship should consult with the Piper Center for Vocation and Career, locate a faculty supervisor, and complete an internship form. Internships do not count toward the biology major requirements.","0","0","0","0","0","","Staff","{'fsnum': '', 'name': 'Staff'}","300","","","","","","Academic Internship","","394","","True","False","","1","C","20131","Internship","Research","2013"
"0000093059","1.0","0000000174","BIO","Biology 394 is for students who have completed one internship (Biology 294) and wish to complete a second internship. Students interested in an internship should consult with the Piper Center for Vocation and Career, locate a faculty supervisor, and complete an internship form. Internships do not count toward the biology major requirements.","0","0","0","0","0","","Crisp, Kevin M.","{'fsnum': '17430', 'name': 'Crisp, Kevin M.'}","300","","","","","","Academic Internship","","394","","True","False","A","1","O","20131","Internship","Research","2013"
"0000088799","1.0","0000000175","BIO","Independent research is offered for students dedicated to an in-depth research experience. In conjunction with a faculty supervisor, a student conceives and performs a research project leading to the writing of a major research paper and a poster presentation. Independent research requires permission of a supervisor, a secondary faculty reader of the paper, and completion of an independent research form available at the Office of the Registrar and Academic Advising or its Web site.","1","0","0","0","1","","Freedberg, Steven","{'fsnum': '18288', 'name': 'Freedberg, Steven'}","300","","","","","","IR/Evolution of Sociality","","398","","False","False","","1","O","20131","Independent Research","Research","2013"
"0000093167","1.0","0000000175","BIO","Independent research is offered for students dedicated to an in-depth research experience. In conjunction with a faculty supervisor, a student conceives and performs a research project leading to the writing of a major research paper and a poster presentation. Independent research requires permission of a supervisor, a secondary faculty reader of the paper, and completion of an independent research form available at the Office of the Registrar and Academic Advising or its Web site.","1","0","0","0","1","","Crisp, Kevin M.","{'fsnum': '17430', 'name': 'Crisp, Kevin M.'}","300","","","","","","IR/Wireless Electrophys","","398","","False","False","A","1","O","20131","Independent Research","Research","2013"
"0000093287","1.0","0000000175","BIO","Independent research is offered for students dedicated to an in-depth research experience. In conjunction with a faculty supervisor, a student conceives and performs a research project leading to the writing of a major research paper and a poster presentation. Independent research requires permission of a supervisor, a secondary faculty reader of the paper, and completion of an independent research form available at the Office of the Registrar and Academic Advising or its Web site.","1","0","0","0","1","","Bowers, Lisa M.","{'fsnum': '23548', 'name': 'Bowers, Lisa M.'}","300","","","","","","IR/Caulobacter Genetics","","398","","False","False","B","1","O","20131","Independent Research","Research","2013"
"0000093288","1.0","0000000175","BIO","Independent research is offered for students dedicated to an in-depth research experience. In conjunction with a faculty supervisor, a student conceives and performs a research project leading to the writing of a major research paper and a poster presentation. Independent research requires permission of a supervisor, a secondary faculty reader of the paper, and completion of an independent research form available at the Office of the Registrar and Academic Advising or its Web site.","1","0","0","0","1","","Listenberger, Laura","{'fsnum': '21061', 'name': 'Listenberger, Laura'}","300","","","","","","IR/Lipid Biochemistry","","398","","False","False","C","1","O","20131","Independent Research","Research","2013"
"0000093359","1.0","0000000175","BIO","Independent research is offered for students dedicated to an in-depth research experience. In conjunction with a faculty supervisor, a student conceives and performs a research project leading to the writing of a major research paper and a poster presentation. Independent research requires permission of a supervisor, a secondary faculty reader of the paper, and completion of an independent research form available at the Office of the Registrar and Academic Advising or its Web site.","1","0","0","0","1","","Kandl, Kim A.","{'fsnum': '13100', 'name': 'Kandl, Kim A.'}","300","","","","","","IR/C. Elegans Genetics","","398","","False","False","D","1","O","20131","Independent Research","Research","2013"
"0000093374","1.0","0000000175","BIO","Independent research is offered for students dedicated to an in-depth research experience. In conjunction with a faculty supervisor, a student conceives and performs a research project leading to the writing of a major research paper and a poster presentation. Independent research requires permission of a supervisor, a secondary faculty reader of the paper, and completion of an independent research form available at the Office of the Registrar and Academic Advising or its Web site.","1","0","1","0","0","","Listenberger, Laura","{'fsnum': '21061', 'name': 'Listenberger, Laura'}","300","","","","","","IR/Lipid Research","","398","","False","False","E","1","O","20131","Independent Research","Research","2013"
"0000093375","1.0","0000000175","BIO","Independent research is offered for students dedicated to an in-depth research experience. In conjunction with a faculty supervisor, a student conceives and performs a research project leading to the writing of a major research paper and a poster presentation. Independent research requires permission of a supervisor, a secondary faculty reader of the paper, and completion of an independent research form available at the Office of the Registrar and Academic Advising or its Web site.","1","0","0","0","1","","Cole, Eric","{'fsnum': '1206', 'name': 'Cole, Eric'}","300","","","","","","IR/Advanced Cell Biology","","398","","False","False","F","1","O","20131","Independent Research","Research","2013"
"0000088773","1.0","0000018619","BMOLS","","0","0","0","0","0","","Staff","{'fsnum': '', 'name': 'Staff'}","300","","","","","","IR/","","398","","False","","","1","O","20131","Independent Research","Research","2013"
"0000088653","1.0","0000018795","CH/BI","This course introduces chemical concepts that are important for students pursuing a study of chemistry or biology. Topics include atomic structure, the periodic table, bonding interactions within and between particles, water and its solutions, biological membranes, chemical reaction types, chemical stoichiometry, equilibrium systems, acids and bases, introduction to protein structure. Examples are often pulled from the realm of biological molecules and processes. Students attend three classes and one three-hour laboratory each week. Prerequisites: high school biology, chemistry and physics. Placement via online placement exam is required. Concurrent registration in Mathematics 120 is recommended. Offered annually in the fall semester.","46","44","0","0","2","IST;NSC;NSL;SED","Muth, Greg W.","{'fsnum': '14961', 'name': 'Muth, Greg W.'}","100","48","","","","","Integrated Chem/Bio I","Students in CH/BI 125 must also register for lab section CH/BI 125AL or BL.     ;Closed until first-year student registration in September.","125","{'day': 'Mo', 'end': '10:00', 'location': 'RNS 290', 'start': '09:05'};{'day': 'We', 'end': '10:00', 'location': 'RNS 290', 'start': '09:05'};{'day': 'Fr', 'end': '10:00', 'location': 'RNS 290', 'start': '09:05'}","False","Prerequisites: high school biology, chemistry and physics. Placement via online placement exam is required. Concurrent registration in Mathematics 120 is recommended. Offered annually in the fall semester.","","1","O","20131","Integrated Chem/Bio I: Chemical Concepts with Biological Applications","Research","2013"
"0000088654","","0000018796","CH/BI","","24","23","0","0","1","","Muth, Greg W.","{'fsnum': '14961', 'name': 'Muth, Greg W.'}","100","24","","","","","Integrated Chem/Bio I Lab","","125","{'day': 'Tu', 'end': '11:00', 'location': 'RNS 454', 'start': '08:00'}","False","","A","1","C","20131","","Lab","2013"
"0000088655","","0000018796","CH/BI","","22","21","0","0","1","","Muth, Greg W.","{'fsnum': '14961', 'name': 'Muth, Greg W.'}","100","24","","","","","Integrated Chem/Bio I Lab","Closed until first-year student registration in September.","125","{'day': 'Tu', 'end': '14:45', 'location': 'RNS 454', 'start': '23:45'}","False","","B","1","O","20131","","Lab","2013"
"0000088558","1.0","0000000187","CHEM","This course provides a study of chemical stoichiometry and equilibrium at a level and pace appropriate to students with little or no background in chemistry. The combination of this course and Chemistry 123 (offered during Interim) provides coverage of topics equivalent to those in Chemistry 125. Students planning to continue in chemistry should consider concurrent registration in Mathematics 120. Students attend three classes and one three-hour laboratory per week. Offered annually in the fall semester.","57","35","1","17","4","NSC;NSL;SED","Abdella, Beth","{'fsnum': '25', 'name': 'Abdella, Beth'}","100","40","","4","14","3","General Chemistry","Students registering for Chem 121 must also register for one Chem 121 lab.      ;This course has class year limits.                                              ;Intended for potential bio and chem majors.","121","{'day': 'Mo', 'end': '11:40', 'location': 'RNS 310', 'start': '10:45'};{'day': 'We', 'end': '11:40', 'location': 'RNS 310', 'start': '10:45'};{'day': 'Fr', 'end': '11:40', 'location': 'RNS 310', 'start': '10:45'}","False","False","A","1","C","20131","","Research","2013"
"0000088559","1.0","0000000187","CHEM","This course provides a study of chemical stoichiometry and equilibrium at a level and pace appropriate to students with little or no background in chemistry. The combination of this course and Chemistry 123 (offered during Interim) provides coverage of topics equivalent to those in Chemistry 125. Students planning to continue in chemistry should consider concurrent registration in Mathematics 120. Students attend three classes and one three-hour laboratory per week. Offered annually in the fall semester.","60","47","2","10","1","NSC;NSL;SED","Roberts, Bill P.","{'fsnum': '19399', 'name': 'Roberts, Bill P.'}","100","60","","4","14","3","General Chemistry","Students registering for Chem 121 must also register for one Chem 121 lab.      ;This course has class year limits.                                              ;Intended for potential bio and chem majors.","121","{'day': 'Tu', 'end': '11:00', 'location': 'RNS 310', 'start': '09:35'};{'day': 'Th', 'end': '10:50', 'location': 'RNS 310', 'start': '09:30'}","False","False","B","1","C","20131","","Research","2013"
"0000088556","","0000000188","CHEM","","31","21","0","7","3","","Abdella, Beth","{'fsnum': '25', 'name': 'Abdella, Beth'}","100","24","","","","","Gen Chemistry/Lab","","121","{'day': 'We', 'end': '17:00', 'location': 'RNS 350', 'start': '14:00'}","False","","A","1","C","20131","","Lab","2013"
"0000088557","","0000000188","CHEM","","9","4","1","3","1","","Abdella, Beth","{'fsnum': '25', 'name': 'Abdella, Beth'}","100","24","","","","","Gen Chemistry/Lab","","121","{'day': 'Th', 'end': '11:00', 'location': 'RNS 350', 'start': '08:00'}","False","","B","1","C","20131","","Lab","2013"
"0000088561","","0000000188","CHEM","","32","24","2","6","0","","Terrell, Cassidy R.","{'fsnum': '23817', 'name': 'Terrell, Cassidy R.'}","100","24","","","","","General Chemistry Lab","","121","{'day': 'Th', 'end': '15:50', 'location': 'RNS 350', 'start': '12:50'}","False","","C","1","C","20131","","Lab","2013"
"0000088562","","0000000188","CHEM","","27","22","0","5","0","","Terrell, Cassidy R.","{'fsnum': '23817', 'name': 'Terrell, Cassidy R.'}","100","24","","","","","General Chemistry Lab","","121","{'day': 'Fr', 'end': '16:00', 'location': 'RNS 350', 'start': '13:00'}","False","","D","1","C","20131","","Lab","2013"
"0000088563","","0000000188","CHEM","","18","10","0","7","1","","Abdella, Beth","{'fsnum': '25', 'name': 'Abdella, Beth'}","100","24","","","","","General Chemistry Lab","","121","{'day': 'Tu', 'end': '11:00', 'location': 'RNS 350', 'start': '08:00'}","False","","E","1","C","20131","","Lab","2013"
"0000089183","1.0","0000000192","CHEM","This study of chemical stoichiometry, equilibrium, acid-base chemistry, coordination chemistry, and atomic and molecular structure supplies the fundamental background on which all later chemistry courses depend. It includes applications of equilibrium principles to acid-base chemistry. Students attend three classes and one three-hour laboratory each week. Prerequisites: high school chemistry and physics. Students planning to continue in chemistry should consider concurrent registration in Mathematics 120. Placement via online placement exam is required. The course cannot be taken in conjunction with or after credit in Chemistry 121. Offered annually in the fall semester.","43","26","2","14","1","NSC;NSL;SED","Miessler, Gary","{'fsnum': '5287', 'name': 'Miessler, Gary'}","100","45","","4","10","3","Struct Chem & Equilib","Students registering for Chem 125 must also register for one Chem 125 lab.      ;This course has class year limits.","125","{'day': 'Mo', 'end': '11:40', 'location': 'RNS 390', 'start': '10:45'};{'day': 'We', 'end': '11:40', 'location': 'RNS 390', 'start': '10:45'};{'day': 'Fr', 'end': '11:40', 'location': 'RNS 390', 'start': '10:45'}","False","Prerequisites: high school chemistry and physics. Students planning to continue in chemistry should consider concurrent registration in Mathematics 120. Placement via online placement exam is required. The course cannot be taken in conjunction with or after credit in Chemistry 121. Offered annually in the fall semester.","A","1","C","20131","Structural Chemistry and Equilibrium","Research","2013"
"0000089184","1.0","0000000192","CHEM","This study of chemical stoichiometry, equilibrium, acid-base chemistry, coordination chemistry, and atomic and molecular structure supplies the fundamental background on which all later chemistry courses depend. It includes applications of equilibrium principles to acid-base chemistry. Students attend three classes and one three-hour laboratory each week. Prerequisites: high school chemistry and physics. Students planning to continue in chemistry should consider concurrent registration in Mathematics 120. Placement via online placement exam is required. The course cannot be taken in conjunction with or after credit in Chemistry 121. Offered annually in the fall semester.","33","19","0","13","1","NSC;NSL;SED","Miessler, Gary","{'fsnum': '5287', 'name': 'Miessler, Gary'}","100","40","","4","10","3","Struct Chem & Equilib","Students registering for Chem 125 must also register for one Chem 125 lab.      ;This course has class year limits.","125","{'day': 'Mo', 'end': '12:45', 'location': 'RNS 390', 'start': '23:50'};{'day': 'We', 'end': '12:45', 'location': 'RNS 390', 'start': '23:50'};{'day': 'Fr', 'end': '12:45', 'location': 'RNS 390', 'start': '23:50'}","False","Prerequisites: high school chemistry and physics. Students planning to continue in chemistry should consider concurrent registration in Mathematics 120. Placement via online placement exam is required. The course cannot be taken in conjunction with or after credit in Chemistry 121. Offered annually in the fall semester.","B","1","C","20131","Structural Chemistry and Equilibrium","Research","2013"
"0000089182","1.0","0000000192","CHEM","This study of chemical stoichiometry, equilibrium, acid-base chemistry, coordination chemistry, and atomic and molecular structure supplies the fundamental background on which all later chemistry courses depend. It includes applications of equilibrium principles to acid-base chemistry. Students attend three classes and one three-hour laboratory each week. Prerequisites: high school chemistry and physics. Students planning to continue in chemistry should consider concurrent registration in Mathematics 120. Placement via online placement exam is required. The course cannot be taken in conjunction with or after credit in Chemistry 121. Offered annually in the fall semester.","27","22","0","5","0","NSC;NSL;SED","Fogarty, Keir","{'fsnum': '23839', 'name': 'Fogarty, Keir'}","100","40","","4","10","3","Struct Chem & Equilib","Students registering for Chem 125 must also register for one Chem 125 lab.      ;This course has class year limits.","125","{'day': 'Tu', 'end': '09:25', 'location': 'RNS 390', 'start': '08:00'};{'day': 'Th', 'end': '09:20', 'location': 'RNS 390', 'start': '08:00'}","False","Prerequisites: high school chemistry and physics. Students planning to continue in chemistry should consider concurrent registration in Mathematics 120. Placement via online placement exam is required. The course cannot be taken in conjunction with or after credit in Chemistry 121. Offered annually in the fall semester.","C","1","C","20131","Structural Chemistry and Equilibrium","Research","2013"
"0000089185","1.0","0000000192","CHEM","This study of chemical stoichiometry, equilibrium, acid-base chemistry, coordination chemistry, and atomic and molecular structure supplies the fundamental background on which all later chemistry courses depend. It includes applications of equilibrium principles to acid-base chemistry. Students attend three classes and one three-hour laboratory each week. Prerequisites: high school chemistry and physics. Students planning to continue in chemistry should consider concurrent registration in Mathematics 120. Placement via online placement exam is required. The course cannot be taken in conjunction with or after credit in Chemistry 121. Offered annually in the fall semester.","33","28","1","3","1","NSC;NSL;SED","Fogarty, Keir","{'fsnum': '23839', 'name': 'Fogarty, Keir'}","100","40","","4","10","3","Struct Chem & Equilib","Students registering for Chem 125 must also register for one Chem 125 lab.      ;This course has class year limits.","125","{'day': 'Tu', 'end': '11:00', 'location': 'RNS 390', 'start': '09:35'};{'day': 'Th', 'end': '10:50', 'location': 'RNS 390', 'start': '09:30'}","False","Prerequisites: high school chemistry and physics. Students planning to continue in chemistry should consider concurrent registration in Mathematics 120. Placement via online placement exam is required. The course cannot be taken in conjunction with or after credit in Chemistry 121. Offered annually in the fall semester.","D","1","C","20131","Structural Chemistry and Equilibrium","Research","2013"
"0000089186","","0000000193","CHEM","","22","13","0","9","0","","Marlier, Elodie","{'fsnum': '22843', 'name': 'Marlier, Elodie'}","100","24","","","6","","Struct Chem & Equilib Lab","","125","{'day': 'Mo', 'end': '17:00', 'location': 'RNS 355', 'start': '14:00'}","False","","A","1","C","20131","","Lab","2013"
"0000089188","","0000000193","CHEM","","21","18","0","2","1","","Marlier, Elodie","{'fsnum': '22843', 'name': 'Marlier, Elodie'}","100","24","","","6","","Struct Chem & Equilib Lab","","125","{'day': 'Tu', 'end': '11:00', 'location': 'RNS 355', 'start': '08:00'}","False","","B","1","C","20131","","Lab","2013"
"0000089189","","0000000193","CHEM","","23","13","2","8","0","","Marlier, Elodie","{'fsnum': '22843', 'name': 'Marlier, Elodie'}","100","24","","","6","","Struct Chem & Equilib Lab","","125","{'day': 'Tu', 'end': '14:45', 'location': 'RNS 355', 'start': '23:45'}","False","","C","1","C","20131","","Lab","2013"
"0000089187","","0000000193","CHEM","","23","14","2","6","1","","Jackson, Paul T.","{'fsnum': '3644', 'name': 'Jackson, Paul T.'}","100","24","","","6","","Struct Chem & Equilib Lab","","125","{'day': 'Tu', 'end': '18:00', 'location': 'RNS 355', 'start': '15:00'}","False","","D","1","C","20131","","Lab","2013"
"0000089190","","0000000193","CHEM","","17","16","0","0","1","","Miessler, Gary","{'fsnum': '5287', 'name': 'Miessler, Gary'}","100","24","","","6","","Struct Chem & Equilib Lab","","125","{'day': 'We', 'end': '17:00', 'location': 'RNS 355', 'start': '14:00'}","False","","E","1","C","20131","","Lab","2013"
"0000089191","","0000000193","CHEM","","10","6","0","4","0","","Pearson, Wesley","{'fsnum': '6161', 'name': 'Pearson, Wesley'}","100","24","","","6","","Struct Chem & Equilib Lab","","125","{'day': 'Th', 'end': '11:00', 'location': 'RNS 355', 'start': '08:00'}","False","","F","1","C","20131","","Lab","2013"
"0000089192","","0000000193","CHEM","","23","17","0","6","0","","Jackson, Paul T.","{'fsnum': '3644', 'name': 'Jackson, Paul T.'}","100","24","","","6","","Struct Chem & Equilib Lab","","125","{'day': 'Th', 'end': '15:50', 'location': 'RNS 355', 'start': '12:50'}","False","","G","1","C","20131","","Lab","2013"
"0000089002","1.0","0000000196","CHEM","Organic chemistry is the study of compounds containing carbon, emphasizing the structures and mechanisms of reaction of these molecules. This course focuses on structure, nomenclature, and reactions of aliphatic and alicyclic compounds, including aspects of stereochemistry and spectroscopic identification of these compounds. A full treatment of introductory organic chemistry requires subsequent enrollment in Chemistry 248. Prerequisite: Chemistry 126, or Chemistry/Biology 227, or permission of instructor. Offered annually in the fall semester.","30","0","4","24","2","NSC","Pearson, Wesley","{'fsnum': '6161', 'name': 'Pearson, Wesley'}","200","50","","","","2","Organic Chemistry I","Students in Chem 247 must also register for one Chem 253 lab.","247","{'day': 'Mo', 'end': '08:55', 'location': 'RNS 310', 'start': '08:00'};{'day': 'We', 'end': '08:55', 'location': 'RNS 310', 'start': '08:00'};{'day': 'Fr', 'end': '08:55', 'location': 'RNS 310', 'start': '08:00'}","False","Chemistry 126, or Chemistry/Biology 227, or permission of instructor. Offered annually in the fall semester.","A","1","O","20131","","Research","2013"
"0000089003","1.0","0000000196","CHEM","Organic chemistry is the study of compounds containing carbon, emphasizing the structures and mechanisms of reaction of these molecules. This course focuses on structure, nomenclature, and reactions of aliphatic and alicyclic compounds, including aspects of stereochemistry and spectroscopic identification of these compounds. A full treatment of introductory organic chemistry requires subsequent enrollment in Chemistry 248. Prerequisite: Chemistry 126, or Chemistry/Biology 227, or permission of instructor. Offered annually in the fall semester.","51","0","1","45","5","NSC","Kalyani, Dipannita","{'fsnum': '22808', 'name': 'Kalyani, Dipannita'}","200","50","","","","2","Organic Chemistry I","Students in Chem 247 must also register for one Chem 253 lab.","247","{'day': 'Mo', 'end': '10:00', 'location': 'RNS 310', 'start': '09:05'};{'day': 'We', 'end': '10:00', 'location': 'RNS 310', 'start': '09:05'};{'day': 'Fr', 'end': '10:00', 'location': 'RNS 310', 'start': '09:05'}","False","Chemistry 126, or Chemistry/Biology 227, or permission of instructor. Offered annually in the fall semester.","B","1","C","20131","","Research","2013"
"0000089004","1.0","0000000196","CHEM","Organic chemistry is the study of compounds containing carbon, emphasizing the structures and mechanisms of reaction of these molecules. This course focuses on structure, nomenclature, and reactions of aliphatic and alicyclic compounds, including aspects of stereochemistry and spectroscopic identification of these compounds. A full treatment of introductory organic chemistry requires subsequent enrollment in Chemistry 248. Prerequisite: Chemistry 126, or Chemistry/Biology 227, or permission of instructor. Offered annually in the fall semester.","49","2","4","41","2","NSC","Marlier, Elodie","{'fsnum': '22843', 'name': 'Marlier, Elodie'}","200","50","","","","2","Organic Chemistry I","Students in Chem 247 must also register for one Chem 253 lab.","247","{'day': 'Mo', 'end': '13:50', 'location': 'RNS 310', 'start': '12:55'};{'day': 'We', 'end': '13:50', 'location': 'RNS 310', 'start': '12:55'};{'day': 'Fr', 'end': '13:50', 'location': 'RNS 310', 'start': '12:55'}","False","Chemistry 126, or Chemistry/Biology 227, or permission of instructor. Offered annually in the fall semester.","C","1","C","20131","","Research","2013"
"0000089205","0.25","0000000199","CHEM","This laboratory course introduces students to the synthesis and characterization of organic, organometallic and inorganic compounds and serves as a general introduction to green chemistry. Students purify the materials they produce by techniques such as chromatography and characterize them using optical rotation measurements, infrared spectroscopy, and nuclear magnetic resonance spectroscopy. Students attend one three-hour laboratory each week. P/N only. Prerequisites: previous or concurrent registration in Chemistry 247. Offered annually in the fall semester.","0","0","0","0","0","","Staff","{'fsnum': '', 'name': 'Staff'}","200","0","","6","","2","Synthesis Lab I","This lab has been canceled.","253","{'day': 'Mo', 'end': '14:50', 'location': '', 'start': '23:50'}","True","Prerequisites: previous or concurrent registration in Chemistry 247. Offered annually in the fall semester.","A","1","X","20131","Synthesis Laboratory I","Lab","2013"
"0000089206","0.25","0000000199","CHEM","This laboratory course introduces students to the synthesis and characterization of organic, organometallic and inorganic compounds and serves as a general introduction to green chemistry. Students purify the materials they produce by techniques such as chromatography and characterize them using optical rotation measurements, infrared spectroscopy, and nuclear magnetic resonance spectroscopy. Students attend one three-hour laboratory each week. P/N only. Prerequisites: previous or concurrent registration in Chemistry 247. Offered annually in the fall semester.","20","0","2","18","0","","Kalyani, Dipannita","{'fsnum': '22808', 'name': 'Kalyani, Dipannita'}","200","20","","6","","2","Synthesis Lab I","","253","{'day': 'Mo', 'end': '18:00', 'location': 'RNS 340', 'start': '15:00'}","True","Prerequisites: previous or concurrent registration in Chemistry 247. Offered annually in the fall semester.","B","1","C","20131","Synthesis Laboratory I","Lab","2013"
"0000089207","0.25","0000000199","CHEM","This laboratory course introduces students to the synthesis and characterization of organic, organometallic and inorganic compounds and serves as a general introduction to green chemistry. Students purify the materials they produce by techniques such as chromatography and characterize them using optical rotation measurements, infrared spectroscopy, and nuclear magnetic resonance spectroscopy. Students attend one three-hour laboratory each week. P/N only. Prerequisites: previous or concurrent registration in Chemistry 247. Offered annually in the fall semester.","18","2","4","9","3","","Pearson, Wesley","{'fsnum': '6161', 'name': 'Pearson, Wesley'}","200","20","","6","","2","Synthesis Lab I","","253","{'day': 'Tu', 'end': '11:00', 'location': 'RNS 340', 'start': '08:00'}","True","Prerequisites: previous or concurrent registration in Chemistry 247. Offered annually in the fall semester.","C","1","C","20131","Synthesis Laboratory I","Lab","2013"
"0000089211","0.25","0000000199","CHEM","This laboratory course introduces students to the synthesis and characterization of organic, organometallic and inorganic compounds and serves as a general introduction to green chemistry. Students purify the materials they produce by techniques such as chromatography and characterize them using optical rotation measurements, infrared spectroscopy, and nuclear magnetic resonance spectroscopy. Students attend one three-hour laboratory each week. P/N only. Prerequisites: previous or concurrent registration in Chemistry 247. Offered annually in the fall semester.","22","0","3","19","0","","Roberts, Bill P.","{'fsnum': '19399', 'name': 'Roberts, Bill P.'}","200","20","","6","","2","Synthesis Lab I","","253","{'day': 'Tu', 'end': '14:45', 'location': 'RNS 340', 'start': '23:45'}","True","Prerequisites: previous or concurrent registration in Chemistry 247. Offered annually in the fall semester.","D","1","C","20131","Synthesis Laboratory I","Lab","2013"
"0000089208","0.25","0000000199","CHEM","This laboratory course introduces students to the synthesis and characterization of organic, organometallic and inorganic compounds and serves as a general introduction to green chemistry. Students purify the materials they produce by techniques such as chromatography and characterize them using optical rotation measurements, infrared spectroscopy, and nuclear magnetic resonance spectroscopy. Students attend one three-hour laboratory each week. P/N only. Prerequisites: previous or concurrent registration in Chemistry 247. Offered annually in the fall semester.","19","0","1","17","1","","Roberts, Bill P.","{'fsnum': '19399', 'name': 'Roberts, Bill P.'}","200","20","","6","","2","Synthesis Lab I","","253","{'day': 'Tu', 'end': '18:00', 'location': 'RNS 340', 'start': '15:00'}","True","Prerequisites: previous or concurrent registration in Chemistry 247. Offered annually in the fall semester.","E","1","C","20131","Synthesis Laboratory I","Lab","2013"
"0000089209","0.25","0000000199","CHEM","This laboratory course introduces students to the synthesis and characterization of organic, organometallic and inorganic compounds and serves as a general introduction to green chemistry. Students purify the materials they produce by techniques such as chromatography and characterize them using optical rotation measurements, infrared spectroscopy, and nuclear magnetic resonance spectroscopy. Students attend one three-hour laboratory each week. P/N only. Prerequisites: previous or concurrent registration in Chemistry 247. Offered annually in the fall semester.","20","0","1","17","2","","Pearson, Wesley","{'fsnum': '6161', 'name': 'Pearson, Wesley'}","200","20","","6","","2","Synthesis Lab I","","253","{'day': 'We', 'end': '17:00', 'location': 'RNS 340', 'start': '14:00'}","True","Prerequisites: previous or concurrent registration in Chemistry 247. Offered annually in the fall semester.","F","1","C","20131","Synthesis Laboratory I","Lab","2013"
"0000089210","0.25","0000000199","CHEM","This laboratory course introduces students to the synthesis and characterization of organic, organometallic and inorganic compounds and serves as a general introduction to green chemistry. Students purify the materials they produce by techniques such as chromatography and characterize them using optical rotation measurements, infrared spectroscopy, and nuclear magnetic resonance spectroscopy. Students attend one three-hour laboratory each week. P/N only. Prerequisites: previous or concurrent registration in Chemistry 247. Offered annually in the fall semester.","20","0","1","19","0","","Kalyani, Dipannita","{'fsnum': '22808', 'name': 'Kalyani, Dipannita'}","200","20","","6","","2","Synthesis Lab I","","253","{'day': 'Th', 'end': '11:00', 'location': 'RNS 340', 'start': '08:00'}","True","Prerequisites: previous or concurrent registration in Chemistry 247. Offered annually in the fall semester.","G","1","C","20131","Synthesis Laboratory I","Lab","2013"
"0000089212","0.25","0000000199","CHEM","This laboratory course introduces students to the synthesis and characterization of organic, organometallic and inorganic compounds and serves as a general introduction to green chemistry. Students purify the materials they produce by techniques such as chromatography and characterize them using optical rotation measurements, infrared spectroscopy, and nuclear magnetic resonance spectroscopy. Students attend one three-hour laboratory each week. P/N only. Prerequisites: previous or concurrent registration in Chemistry 247. Offered annually in the fall semester.","21","0","2","15","4","","Roberts, Bill P.","{'fsnum': '19399', 'name': 'Roberts, Bill P.'}","200","20","","6","","2","Synthesis Lab I","","253","{'day': 'Th', 'end': '15:50', 'location': 'RNS 340', 'start': '12:50'}","True","Prerequisites: previous or concurrent registration in Chemistry 247. Offered annually in the fall semester.","H","1","C","20131","Synthesis Laboratory I","Lab","2013"
"0000088242","1.0","0000000201","CHEM","Students not only investigate the theory of modern analytical chemistry, but also examine the statistical treatment of errors, equilibrium, activities, acid/base chemistry, spectroscopy, electrochemistry, and separations. The accompanying lab course, Chemistry 256, illustrates the topics discussed in Chemistry 255. Students taking this course use computers for solving problems. Prerequisite: Chemistry 126 or Chemistry/Biology 227 or permission of the instructor. Concurrent registration in Chemistry 256 is required. Offered each semester. Counts toward environmental studies major (all tracks) and concentration.","26","0","15","3","8","","Walczak, Mary","{'fsnum': '8868', 'name': 'Walczak, Mary'}","200","48","","","","","Analytical Chem","Students in Chem 255 must also register for one Chem 256 lab.","255","{'day': 'Tu', 'end': '09:25', 'location': 'RNS 410', 'start': '08:00'};{'day': 'Th', 'end': '09:20', 'location': 'RNS 410', 'start': '08:00'}","False","Chemistry 126 or Chemistry/Biology 227 or permission of the instructor. Concurrent registration in Chemistry 256 is required. Offered each semester. Counts toward environmental studies major (all tracks) and concentration.","","1","C","20131","Analytical Chemistry","Research","2013"
"0000088253","0.25","0000000202","CHEM","Students enrolled in this lab course practice techniques of modern analytical chemistry using state-of-the-art instrumentation, including pH meters, liquid chromatographs, and a variety of spectrophotometers. Data acquisition via computer-interfaced instrumentation and electronic record-keeping is emphasized. Students practice and develop group skills by working in ""companies"" throughout the semester. P/N only. Prerequisite: concurrent registration in Chemistry 255. Offered each semester. Counts toward environmental studies major (all tracks) and concentration.","0","0","0","0","0","","Walczak, Mary","{'fsnum': '8868', 'name': 'Walczak, Mary'}","200","0","","","","","Analytical Lab","","256","{'day': 'Mo', 'end': '17:00', 'location': '', 'start': '13:00'}","True","concurrent registration in Chemistry 255. Offered each semester. Counts toward environmental studies major (all tracks) and concentration.","A","1","X","20131","Analytical Laboratory","Lab","2013"
"0000088252","0.25","0000000202","CHEM","Students enrolled in this lab course practice techniques of modern analytical chemistry using state-of-the-art instrumentation, including pH meters, liquid chromatographs, and a variety of spectrophotometers. Data acquisition via computer-interfaced instrumentation and electronic record-keeping is emphasized. Students practice and develop group skills by working in ""companies"" throughout the semester. P/N only. Prerequisite: concurrent registration in Chemistry 255. Offered each semester. Counts toward environmental studies major (all tracks) and concentration.","12","0","8","1","3","","Walczak, Mary","{'fsnum': '8868', 'name': 'Walczak, Mary'}","200","16","","","","","Analytical Lab","","256","{'day': 'Tu', 'end': '15:45', 'location': 'RNS 446', 'start': '23:45'}","True","concurrent registration in Chemistry 255. Offered each semester. Counts toward environmental studies major (all tracks) and concentration.","B","1","C","20131","Analytical Laboratory","Lab","2013"
"0000088254","0.25","0000000202","CHEM","Students enrolled in this lab course practice techniques of modern analytical chemistry using state-of-the-art instrumentation, including pH meters, liquid chromatographs, and a variety of spectrophotometers. Data acquisition via computer-interfaced instrumentation and electronic record-keeping is emphasized. Students practice and develop group skills by working in ""companies"" throughout the semester. P/N only. Prerequisite: concurrent registration in Chemistry 255. Offered each semester. Counts toward environmental studies major (all tracks) and concentration.","13","0","7","2","4","","Walczak, Mary","{'fsnum': '8868', 'name': 'Walczak, Mary'}","200","16","","","","","Analytical Lab","","256","{'day': 'We', 'end': '17:00', 'location': 'RNS 446', 'start': '13:00'}","True","concurrent registration in Chemistry 255. Offered each semester. Counts toward environmental studies major (all tracks) and concentration.","C","1","O","20131","Analytical Laboratory","Lab","2013"
"0000088133","1.0","0000000204","CHEM","","0","0","0","0","0","","Staff","{'fsnum': '', 'name': 'Staff'}","200","","","","","","Academic Internship","","294","","True","","","1","C","20131","Internship","Research","2013"
"0000088867","1.0","0000000205","CHEM","","0","0","0","0","0","","Staff","{'fsnum': '', 'name': 'Staff'}","200","","","","","","IS/","","298","","False","","","1","O","20131","Independent Study","Research","2013"
"0000092735","1.0","0000000205","CHEM","","1","0","0","0","1","","Beussman, Douglas J.","{'fsnum': '15745', 'name': 'Beussman, Douglas J.'}","200","","","","","","IS/Malaria Drug History","","298","","False","","A","1","O","20131","Independent Study","Research","2013"
"0000093188","1.0","0000000205","CHEM","","1","0","0","0","1","","Pearson, Wesley","{'fsnum': '6161', 'name': 'Pearson, Wesley'}","200","","","","","","IS/Polymerchemistry","","298","","False","","B","1","O","20131","Independent Study","Research","2013"
"0000089017","0.25","0000000206","CHEM","Students perform experiments that illustrate the principles of physical chemistry and utilize modern instrumentation. Students characterize the thermodynamic properties of a biopolymer, perform spectroscopic measurements of molecular energy levels, calculate quantum mechanical quantities using computer workstations, and investigate the thermodynamics and kinetics of chemical reactions. Students also develop their scientific writing skills by preparing reports in the style of scientific publications. P/N only. Prerequisite: concurrent registration in Chemistry 371. Offered each semester.","14","0","1","0","13","WRI","Schwinefus, Jeff J.","{'fsnum': '14915', 'name': 'Schwinefus, Jeff J.'}","300","13","","","","","Physical Lab","","357","{'day': 'Mo', 'end': '17:00', 'location': 'RNS 392', 'start': '13:00'}","True","concurrent registration in Chemistry 371. Offered each semester.","A","1","C","20131","Physical Laboratory","Lab","2013"
"0000089018","0.25","0000000206","CHEM","Students perform experiments that illustrate the principles of physical chemistry and utilize modern instrumentation. Students characterize the thermodynamic properties of a biopolymer, perform spectroscopic measurements of molecular energy levels, calculate quantum mechanical quantities using computer workstations, and investigate the thermodynamics and kinetics of chemical reactions. Students also develop their scientific writing skills by preparing reports in the style of scientific publications. P/N only. Prerequisite: concurrent registration in Chemistry 371. Offered each semester.","15","0","2","0","13","WRI","Fogarty, Keir","{'fsnum': '23839', 'name': 'Fogarty, Keir'}","300","13","","","","","Physical Lab","","357","{'day': 'Tu', 'end': '15:45', 'location': 'RNS 392', 'start': '23:45'}","True","concurrent registration in Chemistry 371. Offered each semester.","B","1","C","20131","Physical Laboratory","Lab","2013"
"0000089019","0.25","0000000206","CHEM","Students perform experiments that illustrate the principles of physical chemistry and utilize modern instrumentation. Students characterize the thermodynamic properties of a biopolymer, perform spectroscopic measurements of molecular energy levels, calculate quantum mechanical quantities using computer workstations, and investigate the thermodynamics and kinetics of chemical reactions. Students also develop their scientific writing skills by preparing reports in the style of scientific publications. P/N only. Prerequisite: concurrent registration in Chemistry 371. Offered each semester.","15","0","1","0","14","WRI","Schwinefus, Jeff J.","{'fsnum': '14915', 'name': 'Schwinefus, Jeff J.'}","300","13","","","","","Physical Lab","","357","{'day': 'We', 'end': '17:00', 'location': 'RNS 392', 'start': '13:00'}","True","concurrent registration in Chemistry 371. Offered each semester.","C","1","C","20131","Physical Laboratory","Lab","2013"
"0000089016","1.0","0000000207","CHEM","Students delve further into the topics of kinetics, thermodynamics and atomic and molecular structure that were introduced in the first-year courses, with an emphasis on the mathematical aspects of chemistry. Specific topics include reaction mechanisms, the laws of thermodynamics, statistical thermodynamics, equilibrium, quantum mechanics, spectroscopy, and molecular orbital theory. Prerequisites: Chemistry 126 or Chemistry/Biology 227 or permission of instructor and concurrent registration in Chemistry 357. Previous completion of Physics 124 or 130 is recommended. Offered each semester.","44","0","4","0","40","IST","Schwinefus, Jeff J.","{'fsnum': '14915', 'name': 'Schwinefus, Jeff J.'}","300","39","0","","0","","Physical Chemistry","Students in Chem 371 must also register for one Chem 357 lab.                   ;Open only to rising Juniors and rising Seniors.","371","{'day': 'Mo', 'end': '08:55', 'location': 'RNS 290', 'start': '08:00'};{'day': 'We', 'end': '08:55', 'location': 'RNS 290', 'start': '08:00'};{'day': 'Fr', 'end': '08:55', 'location': 'RNS 290', 'start': '08:00'}","False","Prerequisites: Chemistry 126 or Chemistry/Biology 227 or permission of instructor and concurrent registration in Chemistry 357. Previous completion of Physics 124 or 130 is recommended. Offered each semester.","","1","C","20131","","Research","2013"
"0000088501","0.25","0000000209","CHEM","This lab course is highly recommended to enhance the study of biochemistry and as preparation for further research in biochemistry and related fields. The course focuses on the isolation, purification, manipulation, and characterization of proteins, DNA, and RNA. The course aims to provide continuity in experimentation that is investigative in nature. Emphasis is placed on the collection, interpretation, and presentation of data. P/N only. Prerequisite: previous or concurrent registration in Chemistry 379. Offered each semester. Counts toward neuroscience concentration.","10","0","1","0","9","","Terrell, Cassidy R.","{'fsnum': '23817', 'name': 'Terrell, Cassidy R.'}","300","10","0","","0","","Experimental Biochem","Open only to rising Seniors and Juniors during web registration.","373","{'day': 'Tu', 'end': '17:20', 'location': 'RNS 393', 'start': '13:20'}","True","previous or concurrent registration in Chemistry 379. Offered each semester. Counts toward neuroscience concentration.","","1","C","20131","Experimental Biochemistry","Lab","2013"
"0000088231","0.25","0000000211","CHEM","Students work on special projects during one afternoon of laboratory per week. Each student must have the sponsorship of a staff member. P/N only. Offered each semester. May be repeated if topic is different.","8","0","2","1","5","","Schwinefus, Jeff J.","{'fsnum': '14915', 'name': 'Schwinefus, Jeff J.'}","300","20","","","","","Advanced Lab","","375","","True","False","","1","O","20131","Advanced Laboratory","Lab","2013"
"0000088642","0.25","0000000213","CHEM","Students explore how instrumentation is used to study analytical applications, problem solving, and how people and instruments operate together to investigate chemical questions. Specific lab experiences include interfacing chemical instruments with computers and subsequent signal processing, mass spectrometry, electrochemistry, and various spectroscopic (AA, ICP, UV) and separation techniques. A laboratory robot is used for sample preparation and analysis. P/N only. Prerequisite: concurrent registration in Chemistry 382. Offered annually in the fall semester.","4","0","0","0","4","","Beussman, Douglas J.","{'fsnum': '15745', 'name': 'Beussman, Douglas J.'}","300","4","","","","","Instr Analysis Lab","","378","{'day': 'Tu', 'end': '17:20', 'location': 'RNS 450', 'start': '13:20'}","True","concurrent registration in Chemistry 382. Offered annually in the fall semester.","A","1","C","20131","Instrumental Analysis Laboratory","Lab","2013"
"0000088643","0.25","0000000213","CHEM","Students explore how instrumentation is used to study analytical applications, problem solving, and how people and instruments operate together to investigate chemical questions. Specific lab experiences include interfacing chemical instruments with computers and subsequent signal processing, mass spectrometry, electrochemistry, and various spectroscopic (AA, ICP, UV) and separation techniques. A laboratory robot is used for sample preparation and analysis. P/N only. Prerequisite: concurrent registration in Chemistry 382. Offered annually in the fall semester.","4","0","0","0","4","","Beussman, Douglas J.","{'fsnum': '15745', 'name': 'Beussman, Douglas J.'}","300","4","","","","","Instr Analysis Lab","","378","{'day': 'We', 'end': '17:00', 'location': 'RNS 450', 'start': '13:00'}","True","concurrent registration in Chemistry 382. Offered annually in the fall semester.","B","1","C","20131","Instrumental Analysis Laboratory","Lab","2013"
"0000092043","0.25","0000000213","CHEM","Students explore how instrumentation is used to study analytical applications, problem solving, and how people and instruments operate together to investigate chemical questions. Specific lab experiences include interfacing chemical instruments with computers and subsequent signal processing, mass spectrometry, electrochemistry, and various spectroscopic (AA, ICP, UV) and separation techniques. A laboratory robot is used for sample preparation and analysis. P/N only. Prerequisite: concurrent registration in Chemistry 382. Offered annually in the fall semester.","1","0","0","0","1","","Beussman, Douglas J.","{'fsnum': '15745', 'name': 'Beussman, Douglas J.'}","300","4","","","","","Instr Analysis Lab","","378","{'day': 'Mo', 'end': '17:00', 'location': '', 'start': '13:00'}","True","concurrent registration in Chemistry 382. Offered annually in the fall semester.","C","1","O","20131","Instrumental Analysis Laboratory","Lab","2013"
"0000092044","0.25","0000000213","CHEM","Students explore how instrumentation is used to study analytical applications, problem solving, and how people and instruments operate together to investigate chemical questions. Specific lab experiences include interfacing chemical instruments with computers and subsequent signal processing, mass spectrometry, electrochemistry, and various spectroscopic (AA, ICP, UV) and separation techniques. A laboratory robot is used for sample preparation and analysis. P/N only. Prerequisite: concurrent registration in Chemistry 382. Offered annually in the fall semester.","4","0","0","0","4","","Beussman, Douglas J.","{'fsnum': '15745', 'name': 'Beussman, Douglas J.'}","300","4","","","","","Instr Analysis Lab","","378","{'day': 'Th', 'end': '17:20', 'location': 'RNS 450', 'start': '13:20'}","True","concurrent registration in Chemistry 382. Offered annually in the fall semester.","D","1","C","20131","Instrumental Analysis Laboratory","Lab","2013"
"0000088348","1.0","0000000214","CHEM","This course presents fundamental biological processes at the molecular level and serves as a general introduction to biochemistry. Topics include the structure and function of proteins, carbohydrates, lipids and nucleic acids, enzyme catalysis and regulation, bioenergetics and an introduction to carbohydrate metabolism. Subsequent enrollment in Chemistry 385 is recommended for students desiring greater breadth and depth in the subject. Prerequisite: Chemistry 248. Offered each semester. Counts toward neuroscience concentration.","35","0","18","0","17","IST","Muth, Greg W.","{'fsnum': '14961', 'name': 'Muth, Greg W.'}","300","45","","","","","Biochemistry I","","379","{'day': 'Mo', 'end': '12:45', 'location': 'RNS 290', 'start': '23:50'};{'day': 'We', 'end': '12:45', 'location': 'RNS 290', 'start': '23:50'};{'day': 'Fr', 'end': '12:45', 'location': 'RNS 290', 'start': '23:50'}","False","Chemistry 248. Offered each semester. Counts toward neuroscience concentration.","A","1","O","20131","","Research","2013"
"0000088349","1.0","0000000214","CHEM","This course presents fundamental biological processes at the molecular level and serves as a general introduction to biochemistry. Topics include the structure and function of proteins, carbohydrates, lipids and nucleic acids, enzyme catalysis and regulation, bioenergetics and an introduction to carbohydrate metabolism. Subsequent enrollment in Chemistry 385 is recommended for students desiring greater breadth and depth in the subject. Prerequisite: Chemistry 248. Offered each semester. Counts toward neuroscience concentration.","42","0","18","1","23","IST","Terrell, Cassidy R.","{'fsnum': '23817', 'name': 'Terrell, Cassidy R.'}","300","35","","","","","Biochemistry I","","379","{'day': 'Tu', 'end': '11:00', 'location': 'RNS 290', 'start': '09:35'};{'day': 'Th', 'end': '10:50', 'location': 'RNS 290', 'start': '09:30'}","False","Chemistry 248. Offered each semester. Counts toward neuroscience concentration.","B","1","C","20131","","Research","2013"
"0000088647","1.0","0000000217","CHEM","Students study how an instrument functions mechanically, mathematically, optically, and electronically, and then how its parts are linked together. Topics covered include basic electronics and computer interfacing, spectrophotometric instruments, mass spectrometers, electrochemical instrumentation, and various separation methods. Prerequisites: Chemistry 255, 256. Previous or concurrent enrollment in Physics 125 or 131 is recommended. Concurrent registration in Chemistry 378 is required. Offered annually in the fall semester.","13","0","0","0","13","","Beussman, Douglas J.","{'fsnum': '15745', 'name': 'Beussman, Douglas J.'}","300","16","","","","","Instrumental Analysis","Students in Chem 382 must also register for one Chem 378 lab.","382","{'day': 'Mo', 'end': '11:40', 'location': 'RNS 435', 'start': '10:45'};{'day': 'We', 'end': '11:40', 'location': 'RNS 435', 'start': '10:45'};{'day': 'Fr', 'end': '11:40', 'location': 'RNS 435', 'start': '10:45'}","False","Prerequisites: Chemistry 255, 256. Previous or concurrent enrollment in Physics 125 or 131 is recommended. Concurrent registration in Chemistry 378 is required. Offered annually in the fall semester.","","1","O","20131","","Research","2013"
"0000088134","1.0","0000000222","CHEM","","0","0","0","0","0","","Staff","{'fsnum': '', 'name': 'Staff'}","300","","","","","","Academic Internship","","394","","True","","","1","C","20131","Internship","Research","2013"
"0000089099","1.0","0000019352","CHEM","This course provides a comprehensive research opportunity, including an introduction to relevant background material, technical instruction, identification of a meaningful project, and data collection. The topic is determined by the faculty member in charge of the course and may relate to his/her research interests. Prerequisite: determined by individual instructor. Offered based on department decision. May be offered as a 1.00 credit course or .50 credit course.","6","0","0","1","5","","Kalyani, Dipannita","{'fsnum': '22808', 'name': 'Kalyani, Dipannita'}","300","6","","","","","Res: Organometallic Catal","Registration by invitation only.  Closed during web registration.","396","","False","determined by individual instructor. Offered based on department decision. May be offered as a 1.00 credit course or .50 credit course.","","1","C","20131","Directed Undergraduate Research: ""Topic Description""","Research","2013"
"0000088811","1.0","0000000223","CHEM","","0","0","0","0","0","","Fogarty, Keir","{'fsnum': '23839', 'name': 'Fogarty, Keir'}","300","","","","","","IR/Cellular Profiling","","398","","False","","","1","O","20131","Independent Research","Research","2013"
"0000093184","1.0","0000000223","CHEM","","1","0","1","0","0","WRI","Marlier, Elodie","{'fsnum': '22843', 'name': 'Marlier, Elodie'}","300","","","","","","IR/Low-Valent Inorg Synth","","398","","False","","A","1","O","20131","Independent Research","Research","2013"
"0000093279","1.0","0000000223","CHEM","","1","0","0","0","1","","Beussman, Douglas J.","{'fsnum': '15745', 'name': 'Beussman, Douglas J.'}","300","","","","","","IR/GC-MS of Human Scent","","398","","False","","B","1","O","20131","Independent Research","Research","2013"
"0000093289","1.0","0000000223","CHEM","","2","0","0","0","2","","Beussman, Douglas J.","{'fsnum': '15745', 'name': 'Beussman, Douglas J.'}","300","","","","","","IR/IRMS Fiber Analysis","","398","","False","","C","1","O","20131","Independent Research","Research","2013"
"0000093302","1.0","0000000223","CHEM","","0","0","0","0","0","","Muth, Greg W.","{'fsnum': '14961', 'name': 'Muth, Greg W.'}","300","","","","","","IR/Library Synthesis I","","398","","False","","D","1","O","20131","Independent Research","Research","2013"
"0000093352","1.0","0000000223","CHEM","","1","0","0","0","1","","Muth, Greg W.","{'fsnum': '14961', 'name': 'Muth, Greg W.'}","300","","","","","","IR/Optimizing Algal Comm","","398","","False","","E","1","O","20131","Independent Research","Research","2013"
"0000093369","1.0","0000000223","CHEM","","1","0","0","0","1","","Fogarty, Keir","{'fsnum': '23839', 'name': 'Fogarty, Keir'}","300","","","","","","IR/Cellular Profiling","","398","","False","","F","1","O","20131","Independent Research","Research","2013"
"0000093391","1.0","0000000223","CHEM","","1","0","0","0","1","","Muth, Greg W.","{'fsnum': '14961', 'name': 'Muth, Greg W.'}","300","","","","","","IR/Algal Biofuels","","398","","False","","G","1","O","20131","Independent Research","Research","2013"
"0000088289","1.0","0000000237","CHIN","This course offers an introduction to speaking, reading, and writing Chinese, as well as mastery of basic grammar and command of 250 characters for reading and writing. Class meets four times weekly. Individual language laboratory visits are also required. Offered annually in the fall semester.","17","12","1","3","1","","Wong, Ka F.","{'fsnum': '23552', 'name': 'Wong, Ka F.'}","100","17","","","","","Beginning Chinese I","Students in Chinese 111A must also register for one lab Chinese 111AL, BL or CL.","111","{'day': 'Mo', 'end': '10:00', 'location': 'TOH 308', 'start': '09:05'};{'day': 'We', 'end': '10:00', 'location': 'TOH 308', 'start': '09:05'};{'day': 'Fr', 'end': '10:00', 'location': 'TOH 308', 'start': '09:05'}","False","False","A","1","C","20131","","Research","2013"
"0000088290","1.0","0000000237","CHIN","This course offers an introduction to speaking, reading, and writing Chinese, as well as mastery of basic grammar and command of 250 characters for reading and writing. Class meets four times weekly. Individual language laboratory visits are also required. Offered annually in the fall semester.","8","3","1","2","2","","Wong, Ka F.","{'fsnum': '23552', 'name': 'Wong, Ka F.'}","100","17","","","","","Beginning Chinese I","Students in Chinese 111B must also register for one lab Chinese 111AL, BL or CL.","111","{'day': 'Mo', 'end': '12:45', 'location': 'TOH 308', 'start': '23:50'};{'day': 'We', 'end': '12:45', 'location': 'TOH 308', 'start': '23:50'};{'day': 'Fr', 'end': '12:45', 'location': 'TOH 308', 'start': '23:50'}","False","False","B","1","O","20131","","Research","2013"
"0000088291","1.0","0000000237","CHIN","This course offers an introduction to speaking, reading, and writing Chinese, as well as mastery of basic grammar and command of 250 characters for reading and writing. Class meets four times weekly. Individual language laboratory visits are also required. Offered annually in the fall semester.","14","10","0","4","0","","Wong, Ka F.","{'fsnum': '23552', 'name': 'Wong, Ka F.'}","100","17","","","","","Beginning Chinese I","Students in Chinese 111C must also register for one lab Chinese 111AL, BL or CL.","111","{'day': 'Mo', 'end': '14:55', 'location': 'RNS 435', 'start': '14:00'};{'day': 'We', 'end': '14:55', 'location': 'RNS 435', 'start': '14:00'};{'day': 'Fr', 'end': '14:55', 'location': 'RNS 435', 'start': '14:00'}","False","False","C","1","O","20131","","Research","2013"
"0000088292","","0000000238","CHIN","","9","2","1","6","0","","Wong, Ka F.","{'fsnum': '23552', 'name': 'Wong, Ka F.'}","100","17","","","","","Beginning Chinese I Lab","","111","{'day': 'Tu', 'end': '11:00', 'location': 'TOH 175', 'start': '09:35'}","False","","A","1","O","20131","","Lab","2013"
"0000088293","","0000000238","CHIN","","15","10","1","2","2","","Wong, Ka F.","{'fsnum': '23552', 'name': 'Wong, Ka F.'}","100","17","","","","","Beginning Chinese I Lab","","111","{'day': 'Tu', 'end': '13:10', 'location': 'TOH 175', 'start': '23:45'}","False","","B","1","O","20131","","Lab","2013"
"0000088294","","0000000238","CHIN","","15","12","0","1","2","","Wong, Ka F.","{'fsnum': '23552', 'name': 'Wong, Ka F.'}","100","17","","","","","Beginning Chinese I Lab","","111","{'day': 'Tu', 'end': '14:45', 'location': 'TOH 308', 'start': '13:20'}","False","","C","1","C","20131","","Lab","2013"
"0000088665","1.0","0000000241","CHIN","Students continue to develop listening and reading comprehension and use of basic structures through speaking and writing. The vocabulary for reading and writing increases to 750 characters. Class meets four times weekly. Individual language laboratory visits are also required. Offered annually in the fall semester.","23","2","1","20","0","FOL-C","Shih, Hsiang-Lin","{'fsnum': '25327', 'name': 'Shih, Hsiang-Lin'}","200","19","","","","","Intermed Chinese I","Students in Chinese 231A must also register for one lab Chinese 231AL, BL or CL.","231","{'day': 'Mo', 'end': '11:40', 'location': 'TOH 308', 'start': '10:45'};{'day': 'We', 'end': '11:40', 'location': 'TOH 308', 'start': '10:45'};{'day': 'Fr', 'end': '11:40', 'location': 'TOH 308', 'start': '10:45'}","False","False","A","1","C","20131","Intermediate Chinese I","Research","2013"
"0000088666","1.0","0000000241","CHIN","Students continue to develop listening and reading comprehension and use of basic structures through speaking and writing. The vocabulary for reading and writing increases to 750 characters. Class meets four times weekly. Individual language laboratory visits are also required. Offered annually in the fall semester.","16","3","0","13","0","FOL-C","Shih, Hsiang-Lin","{'fsnum': '25327', 'name': 'Shih, Hsiang-Lin'}","200","19","","","","","Intermed Chinese I","Students in Chinese 231B must also register for one lab Chinese 231AL, BL or CL.","231","{'day': 'Mo', 'end': '13:50', 'location': 'TOH 308', 'start': '12:55'};{'day': 'We', 'end': '13:50', 'location': 'TOH 308', 'start': '12:55'};{'day': 'Fr', 'end': '13:50', 'location': 'TOH 308', 'start': '12:55'}","False","False","B","1","C","20131","Intermediate Chinese I","Research","2013"
"0000092991","1.0","0000000241","CHIN","Students continue to develop listening and reading comprehension and use of basic structures through speaking and writing. The vocabulary for reading and writing increases to 750 characters. Class meets four times weekly. Individual language laboratory visits are also required. Offered annually in the fall semester.","11","10","0","1","0","FOL-C","Shih, Hsiang-Lin","{'fsnum': '25327', 'name': 'Shih, Hsiang-Lin'}","200","18","","","","","Intermed Chinese I","Students in Chinese 231C must also register for one lab Chinese 231AL, BL or CL.","231","{'day': 'Mo', 'end': '14:55', 'location': 'TOH 308', 'start': '14:00'};{'day': 'We', 'end': '14:55', 'location': 'TOH 308', 'start': '14:00'};{'day': 'Fr', 'end': '14:55', 'location': 'TOH 308', 'start': '14:00'}","False","False","C","1","O","20131","Intermediate Chinese I","Research","2013"
"0000088667","","0000000242","CHIN","","19","2","0","17","0","","Shih, Hsiang-Lin","{'fsnum': '25327', 'name': 'Shih, Hsiang-Lin'}","200","19","","","","","Intermed Chinese I Lab","","231","{'day': 'Th', 'end': '10:50', 'location': 'TOH 308', 'start': '09:30'}","False","","A","1","C","20131","","Lab","2013"
"0000088668","","0000000242","CHIN","","21","4","1","16","0","","Shih, Hsiang-Lin","{'fsnum': '25327', 'name': 'Shih, Hsiang-Lin'}","200","19","","","","","Intermed Chinese I Lab","","231","{'day': 'Th', 'end': '09:20', 'location': 'TOH 308', 'start': '08:00'}","False","","B","1","C","20131","","Lab","2013"
"0000092992","","0000000242","CHIN","","10","7","0","3","0","","Shih, Hsiang-Lin","{'fsnum': '25327', 'name': 'Shih, Hsiang-Lin'}","200","18","","","","","Intermed Chinese I Lab","","231","{'day': 'Th', 'end': '14:05', 'location': 'TOH 175', 'start': '12:45'}","False","","C","1","O","20131","","Lab","2013"
"0000088137","1.0","0000000248","CHIN","","0","0","0","0","0","","Staff","{'fsnum': '', 'name': 'Staff'}","200","","","","","","Academic Internship","","294","","True","","","1","C","20131","","Research","2013"
"0000088855","1.0","0000000249","CHIN","","0","0","0","0","0","","Staff","{'fsnum': '', 'name': 'Staff'}","200","","","","","","IS/","","298","","False","","","1","O","20131","Independent Study","Research","2013"
"0000088226","1.0","0000000245","CHIN","This course provides continued practice in speaking, reading, and writing at the third-year level. Our text introduces students to Chinese geography and history and modern written style. Conducted entirely in Chinese. These courses are recommended for students seeking a concentration in Chinese language. Prerequisite: Chinese 232 or equivalent.","20","0","13","7","0","FOL-C","Reed, Barbara","{'fsnum': '6625', 'name': 'Reed, Barbara'}","300","24","","","","","Advanced Chinese I","","301","{'day': 'Mo', 'end': '10:00', 'location': 'TOH 316', 'start': '09:05'};{'day': 'We', 'end': '10:00', 'location': 'TOH 316', 'start': '09:05'};{'day': 'Fr', 'end': '10:00', 'location': 'TOH 316', 'start': '09:05'}","False","Chinese 232 or equivalent.","","1","O","20131","","Research","2013"
"0000091194","1.0","0000021524","CHIN","In this fourth-year-level Chinese course, students explore a specified topic or theme in language, in various text/media (literature, newspaper, television, and film), in culture/civilization, or in a combination of these, through close examination of texts (written or visual), discussion, analysis, and interpretation of selected materials. Specific topics vary by instructor and semester. May be repeated if topics are different. Taught in Chinese. Prerequisite: Chinese 302 or equivalent.","15","0","1","0","14","","Wan, Pin Pin","{'fsnum': '8890', 'name': 'Wan, Pin Pin'}","300","18","","","","","Special Topics in Chinese","","320","{'day': 'Mo', 'end': '10:00', 'location': 'TOH 300', 'start': '09:05'};{'day': 'We', 'end': '10:00', 'location': 'TOH 300', 'start': '09:05'};{'day': 'Fr', 'end': '10:00', 'location': 'TOH 300', 'start': '09:05'}","False","Chinese 302 or equivalent.","","1","O","20131","","Research","2013"
"0000088138","1.0","0000000251","CHIN","","0","0","0","0","0","","Staff","{'fsnum': '', 'name': 'Staff'}","300","","","","","","Academic Internship","","394","","True","","","1","C","20131","","Research","2013"
"0000088753","1.0","0000000252","CHIN","","0","0","0","0","0","","Staff","{'fsnum': '', 'name': 'Staff'}","300","","","","","","IR/","","398","","False","","","1","O","20131","Independent Research","Research","2013"
"0000088135","1.0","0000000233","CLASS","","0","0","0","0","0","","Staff","{'fsnum': '', 'name': 'Staff'}","200","","","","","","Academic Internship","","294","","True","","","1","C","20131","","Research","2013"
"0000088842","1.0","0000000234","CLASS","","0","0","0","0","0","","Staff","{'fsnum': '', 'name': 'Staff'}","200","","","","","","IS/","","298","","False","","","1","O","20131","Independent Study","Research","2013"
"0000088136","1.0","0000000235","CLASS","","0","0","0","0","0","","Staff","{'fsnum': '', 'name': 'Staff'}","300","","","","","","Academic Internship","","394","","True","","","1","C","20131","","Research","2013"
"0000088768","1.0","0000000236","CLASS","","1","0","0","0","1","","May, James","{'fsnum': '5130', 'name': 'May, James'}","300","","","","","","IR/Plutarch's Alex.-Caes.","","398","","False","","","1","O","20131","Independent Research","Research","2013"
"0000089056","1.0","0000000287","CSCI","This course introduces students to computer science (CS), a field devoted to creative problem solving with computers. Students explore fundamental concepts, including recursion, iteration, object-oriented software design, algorithm efficiency, levels of naming, computer design, and computing ethics. Students apply these concepts daily, and produce applied projects, individually and in teams. Special application areas include digital humanities. Offered each semester.","20","0","2","12","6","AQR;MAR","Allen, Richard","{'fsnum': '97', 'name': 'Allen, Richard'}","100","30","","","","","Principles Comp Sci","","121","{'day': 'Mo', 'end': '10:00', 'location': 'RNS 203', 'start': '09:05'};{'day': 'We', 'end': '10:00', 'location': 'RNS 203', 'start': '09:05'};{'day': 'Fr', 'end': '10:00', 'location': 'RNS 203', 'start': '09:05'}","False","False","","1","C","20131","Principles of Computer Science","Research","2013"
"0000088434","1.0","0000024127","CSCI","This course focuses on handling data: visualization, finding patterns, and communicating with data. Exploration of fundamental concepts, including recursion, iteration, algorithm efficiency, loops, decision structures, encapsulation, and computing ethics. Students work individually and in teams to apply basic principles and structures to create programs that model graphical, mathematical, and scientific processes. Prerequisite: Calculus or consent of the instructor.","33","11","5","5","12","AQR;MAR","Hall-Holt, Olaf A.","{'fsnum': '16583', 'name': 'Hall-Holt, Olaf A.'}","100","40","","","","","Comp Sci for Science/Math","","125","{'day': 'Mo', 'end': '12:45', 'location': 'RNS 203', 'start': '23:50'};{'day': 'We', 'end': '12:45', 'location': 'RNS 203', 'start': '23:50'};{'day': 'Fr', 'end': '12:45', 'location': 'RNS 203', 'start': '23:50'}","False","Calculus or consent of the instructor.","","1","C","20131","Computer Science for Scientists and Mathematicians","Research","2013"
"0000088593","1.0","0000000291","CSCI","This course offers students a structured descriptive survey of the organizational principles of computer hardware, emphasizing trade-offs among architectural choices and representative examples. Programming exercises explore how these topics relate to fine contrasting programming languages. Topics include virtual machines, overview of computer organization, forms of parallelism, machine-level implementation of programming language features, memory organization, digital logic, microprogrammed and RISC architectures, multi-core architectures, performance enhancements, assembly programming, and architecture of networks and their protocols. Prerequisite: Computer Science 121 or Computer Science 125 or consent of the instructor. Offered annually.","30","5","9","12","4","","Brown, Richard","{'fsnum': '806', 'name': 'Brown, Richard'}","200","35","","","","","Hardware Design","","241","{'day': 'Mo', 'end': '13:50', 'location': 'RNS 203', 'start': '12:55'};{'day': 'We', 'end': '13:50', 'location': 'RNS 203', 'start': '12:55'};{'day': 'Fr', 'end': '13:50', 'location': 'RNS 203', 'start': '12:55'}","False","Computer Science 121 or Computer Science 125 or consent of the instructor. Offered annually.","","1","O","20131","","Research","2013"
"0000089155","1.0","0000000292","CSCI","This course provides an introduction to the structure and creation of computer software, using the C++ programming language and emphasizing object-oriented programming and software life-cycle methodology. Concepts and skills are applied in a team project based on the waterfall model of software development. Topics include object-oriented programming, specification, high-level memory management, indirect addressing, formal methods, tools including UML, team software process, requirements analysis, software design strategies, and elementary ethical analysis of software systems. Prerequisite: Computer Science 121 or Computer Science 125 or Computer Science 241 or Physics 130 or Math 252 or permission of instructor. Concurrent registration in Computer Science 252 is required. Offered both semesters.","18","1","1","7","9","","Hall-Holt, Olaf A.","{'fsnum': '16583', 'name': 'Hall-Holt, Olaf A.'}","200","25","","","","","Software Design","This course has class-year limits.                                              ;Students in CSCI 251 must also register for one lab CSCI 252 AL or BL.","251","{'day': 'Mo', 'end': '14:55', 'location': 'RNS 203', 'start': '14:00'};{'day': 'We', 'end': '14:55', 'location': 'RNS 203', 'start': '14:00'};{'day': 'Fr', 'end': '14:55', 'location': 'RNS 203', 'start': '14:00'}","False","Computer Science 121 or Computer Science 125 or Computer Science 241 or Physics 130 or Math 252 or permission of instructor. Concurrent registration in Computer Science 252 is required. Offered both semesters.","","1","O","20131","Software Design and Implementation","Research","2013"
"0000089156","0.25","0000000293","CSCI","Students investigate the implementation of software using strategies and concepts presented in Computer Science 251, explore standard technologies for creation and management of multi- module software systems, and carry out stages of a life cycle-based team software project, through hands-on computational exercises and with direct support provided in a small group context. Prerequisite: concurrent registration in Computer Science 251. Offered both semesters.","18","1","1","7","9","","Hall-Holt, Olaf A.","{'fsnum': '16583', 'name': 'Hall-Holt, Olaf A.'}","200","20","","","","","Software Design/Lab","","252","{'day': 'We', 'end': '17:00', 'location': 'RNS 202', 'start': '15:00'}","False","concurrent registration in Computer Science 251. Offered both semesters.","A","1","C","20131","Software Design and Implementation Lab","Lab","2013"
"0000089157","0.25","0000000293","CSCI","Students investigate the implementation of software using strategies and concepts presented in Computer Science 251, explore standard technologies for creation and management of multi- module software systems, and carry out stages of a life cycle-based team software project, through hands-on computational exercises and with direct support provided in a small group context. Prerequisite: concurrent registration in Computer Science 251. Offered both semesters.","0","0","0","0","0","","Hall-Holt, Olaf A.","{'fsnum': '16583', 'name': 'Hall-Holt, Olaf A.'}","200","20","","","","","Software Design/Lab","","252","{'day': 'Th', 'end': '14:45', 'location': 'RNS 202', 'start': '12:45'}","False","concurrent registration in Computer Science 251. Offered both semesters.","B","1","O","20131","Software Design and Implementation Lab","Lab","2013"
"0000091245","1.0","0000000296","CSCI","This course examines the features of modern operating systems, including detailed consideration of Linux and other example systems. Projects range from system-level programming to kernel modifications. Topics include operating system principles, implementation as system calls, process scheduling and dispatch, inter-process communication, low-level memory management, device management, file systems, security and protection mechanisms, and scripting. Prerequisites: completion of or concurrent enrollment in Computer Science 241 and Computer Science 251, or permission of instructor. Offered alternate years.","18","0","10","3","5","","Brown, Richard","{'fsnum': '806', 'name': 'Brown, Richard'}","200","18","","","","","Operating Systems","","273","{'day': 'Tu', 'end': '09:25', 'location': 'RNS 203', 'start': '08:00'};{'day': 'Th', 'end': '09:20', 'location': 'RNS 203', 'start': '08:00'}","False","Prerequisites: completion of or concurrent enrollment in Computer Science 241 and Computer Science 251, or permission of instructor. Offered alternate years.","A","1","C","20131","","Research","2013"
"0000092908","1.0","0000000296","CSCI","This course examines the features of modern operating systems, including detailed consideration of Linux and other example systems. Projects range from system-level programming to kernel modifications. Topics include operating system principles, implementation as system calls, process scheduling and dispatch, inter-process communication, low-level memory management, device management, file systems, security and protection mechanisms, and scripting. Prerequisites: completion of or concurrent enrollment in Computer Science 241 and Computer Science 251, or permission of instructor. Offered alternate years.","13","0","3","4","6","","Brown, Richard","{'fsnum': '806', 'name': 'Brown, Richard'}","200","18","","","","","Operating Systems","","273","{'day': 'Tu', 'end': '11:00', 'location': '', 'start': '09:35'};{'day': 'Th', 'end': '10:50', 'location': '', 'start': '09:30'}","False","Prerequisites: completion of or concurrent enrollment in Computer Science 241 and Computer Science 251, or permission of instructor. Offered alternate years.","B","1","O","20131","","Research","2013"
"0000088141","1.0","0000000299","CSCI","This is an intermediate-level version of Computer Science 394.","0","0","0","0","0","","Staff","{'fsnum': '', 'name': 'Staff'}","200","","","","","","Academic Internship","","294","","True","False","","1","C","20131","Internship","Research","2013"
"0000093386","0.5","0000000299","CSCI","This is an intermediate-level version of Computer Science 394.","1","0","0","0","1","","Brown, Richard","{'fsnum': '806', 'name': 'Brown, Richard'}","200","","","","","","Academic Internship","","294","","True","False","A","1","O","20131","Internship","Research","2013"
"0000088891","1.0","0000000300","CSCI","","0","0","0","0","0","","Staff","{'fsnum': '', 'name': 'Staff'}","200","","","","","","IS/","","298","","False","","","1","O","20131","Independent Study","Research","2013"
"0000093189","1.0","0000000300","CSCI","","1","0","1","0","0","WRI","Hall-Holt, Olaf A.","{'fsnum': '16583', 'name': 'Hall-Holt, Olaf A.'}","200","","","","","","IS/CSci & Sustainability","","298","","False","","A","1","O","20131","Independent Study","Research","2013"
"0000091739","1.0","0000000290","CSCI","Students learn about formal languages, automata, and other topics concerned with the theoretical basis and limitations of computation. The course covers automata theory including regular languages and context-free languages, computability theory, complexity theory including classes P and NP, and cryptographic algorithms. Prerequisite: Computer Science 231 or Mathematics 244 or 252, or permission of instructor. Offered alternate years. Counts toward neuroscience concentration.","20","0","3","1","16","","Allen, Richard","{'fsnum': '97', 'name': 'Allen, Richard'}","300","30","","","","","Theory of Computation","","333","{'day': 'Mo', 'end': '11:40', 'location': 'RNS 203', 'start': '10:45'};{'day': 'We', 'end': '11:40', 'location': 'RNS 203', 'start': '10:45'};{'day': 'Fr', 'end': '11:40', 'location': 'RNS 203', 'start': '10:45'}","False","Computer Science 231 or Mathematics 244 or 252, or permission of instructor. Offered alternate years. Counts toward neuroscience concentration.","","1","C","20131","","Research","2013"
"0000088142","1.0","0000000306","CSCI","Students gain experience in computer-industry positions. Projects have included contributions to team programming, implementation of solid modeling (NURBS), documentation, business applications of computing, and applications of computer graphics in medical research. Internship experiences (whether for credit or not) are strongly encouraged for anyone considering a career in computing.","0","0","0","0","0","","Staff","{'fsnum': '', 'name': 'Staff'}","300","","","","","","Academic Internship","","394","","True","False","","1","C","20131","Internship","Research","2013"
"0000088832","1.0","0000000307","CSCI","Recent projects, usually executed by individuals and coordinated with ongoing undergraduate research projects, include cluster-assisted computer vision for robots, parallel computing in computer science education, neural networks, applications of genetic algorithms to scheduling, computational Bayesian image reconstruction, and design of software to assist choreographers.","0","0","0","0","0","","Staff","{'fsnum': '', 'name': 'Staff'}","300","","","","","","IR/","","398","","False","False","","1","O","20131","Independent Research","Research","2013"
"0000088727","1.0","0000000366","DANCE","This introduction to dance course allows students to broadly experience dance. Students explore dance from the following perspectives: historical, cultural and social, creative and expressive, performing, critical and aesthetic, and kinesthetic. The intention of the course is to broaden students' perceptions about dance. Lectures, student presentations, experiential movement labs, and viewing of both live and recorded dance performances are all components of the course. No dance experience required. Ticket/transportation fee required. Offered annually in the fall semester.","42","15","10","14","3","ALS-A;ORC","Klopchin, Heather J.","{'fsnum': '10044', 'name': 'Klopchin, Heather J.'}","100","35","","","","","Intro to Dance","","100","{'day': 'Mo', 'end': '13:50', 'location': 'CAD 305', 'start': '12:55'};{'day': 'We', 'end': '13:50', 'location': 'CAD 305', 'start': '12:55'};{'day': 'Fr', 'end': '13:50', 'location': 'CAD 305', 'start': '12:55'}","False","False","","1","C","20131","Introduction to Dance","Research","2013"
"0000088285","0.25","0000000347","DANCE","Ballroom classes are taught from a social/aesthetic perspective. In this course, students learn fundamental steps, rhythms, and styling in foxtrot, slow waltz, Viennese waltz, east coast swing, and cha cha. Offered each semester.","19","0","6","6","7","ALS-A;PHA;SPM","von Bibra, Anne","{'fsnum': '8817', 'name': 'von Bibra, Anne'}","100","20","","","","","Ballroom I (Men)","","106","{'day': 'Tu', 'end': '11:00', 'location': 'CAD Studio 1', 'start': '10:05'};{'day': 'Th', 'end': '10:50', 'location': 'CAD Studio 1', 'start': '09:55'}","True","False","A","1","C","20131","Ballroom I","Research","2013"
"0000088286","0.25","0000000347","DANCE","Ballroom classes are taught from a social/aesthetic perspective. In this course, students learn fundamental steps, rhythms, and styling in foxtrot, slow waltz, Viennese waltz, east coast swing, and cha cha. Offered each semester.","21","3","5","3","10","ALS-A;PHA;SPM","von Bibra, Anne","{'fsnum': '8817', 'name': 'von Bibra, Anne'}","100","16","","","","","Ballroom I (Women)","","106","{'day': 'Tu', 'end': '11:00', 'location': 'CAD Studio 1', 'start': '10:05'};{'day': 'Th', 'end': '10:50', 'location': 'CAD Studio 1', 'start': '09:55'}","True","False","B","1","C","20131","Ballroom I","Research","2013"
"0000088720","0.25","0000000349","DANCE","International dance classes emphasize dance in its varied cultural contexts. This course surveys dance from around the world with emphasis on European and Near Eastern forms. Ticket/transportation fee required. Offered most semesters.","26","8","7","5","6","ALS-A;PHA;SPM","von Bibra, Anne","{'fsnum': '8817', 'name': 'von Bibra, Anne'}","100","35","","","","","Intl Dance I","","109","{'day': 'Tu', 'end': '14:55', 'location': 'CAD Studio 1', 'start': '14:00'};{'day': 'Th', 'end': '15:35', 'location': 'CAD Studio 1', 'start': '14:40'}","True","False","","1","O","20131","International Dance I: A Survey","Research","2013"
"0000088952","0.25","0000000351","DANCE","This course introduces modern dance as a style of dance and a dance aesthetic. It explores at a beginning level a range of movement vocabulary, body awareness, and creative process. Teaching faculty bring their individual movement backgrounds to the class content. Offered each semester. May be repeated several times with permission of instructor.","23","4","2","9","8","ALS-A;PHA;SPM","Roberts, Anthony","{'fsnum': '6691', 'name': 'Roberts, Anthony'}","100","25","","","","","Modern Dance I","","111","{'day': 'Mo', 'end': '11:40', 'location': 'CAD Studio 1', 'start': '10:45'};{'day': 'Fr', 'end': '11:40', 'location': 'CAD Studio 1', 'start': '10:45'}","True","False","A","1","C","20131","","Research","2013"
"0000088953","0.25","0000000351","DANCE","This course introduces modern dance as a style of dance and a dance aesthetic. It explores at a beginning level a range of movement vocabulary, body awareness, and creative process. Teaching faculty bring their individual movement backgrounds to the class content. Offered each semester. May be repeated several times with permission of instructor.","18","7","0","10","1","ALS-A;PHA;SPM","Roberts, Anthony","{'fsnum': '6691', 'name': 'Roberts, Anthony'}","100","22","","","","","Modern Dance I","","111","{'day': 'Tu', 'end': '12:45', 'location': 'CAD Studio 2', 'start': '23:50'};{'day': 'Th', 'end': '13:40', 'location': 'CAD Studio 2', 'start': '12:45'}","True","False","B","1","C","20131","","Research","2013"
"0000089044","0.25","0000017677","DANCE","Play is powerful in learning. It is engaging, energizing, and enlightening. This class explores a range of physical activities designed to develop physical skill, confidence, and intelligence--all in the spirit of play. It incorporates activities for developing body organization and alignment while challenging students' imagination and creative sensibilities. Tumbling, terraining, contact improvisation, and ball play represent a few of the included activities. Offered annually in the fall semester.","22","1","7","3","11","PHA;SPM","Saterstrom, Sheryl","{'fsnum': '7059', 'name': 'Saterstrom, Sheryl'}","100","20","","","","","Power Play","","115","{'day': 'Tu', 'end': '13:10', 'location': 'CAD Studio 3', 'start': '23:45'};{'day': 'Th', 'end': '14:05', 'location': 'CAD Studio 3', 'start': '12:45'}","True","False","","1","C","20131","","Research","2013"
"0000088279","0.25","0000000353","DANCE","This course provides students with an introduction to ballet technique, vocabulary, proper body alignment and body awareness. Outside work includes practicing, reading, writing and concert attendance. May be repeated with permission of instructor. Offered each semester.","20","4","4","8","4","ALS-A;PHA;SPM","Klopchin, Heather J.","{'fsnum': '10044', 'name': 'Klopchin, Heather J.'}","100","17","","","","","Ballet I","","121","{'day': 'Tu', 'end': '11:00', 'location': 'CAD Studio 2', 'start': '10:05'};{'day': 'Th', 'end': '10:50', 'location': 'CAD Studio 2', 'start': '09:55'}","True","False","","1","C","20131","","Research","2013"
"0000091247","0.5","0000000354","DANCE","An introduction to experiential anatomy using a range of physical movement and embodied awareness practices. Exploring the human body's structure and function provides the foundation for moving in healthy, expressive, and creative ways. Emphasis is placed on living with awareness in daily life as a foundation for more specialized performance activities such as dance and sport. Prerequisites: Dance 111 or 115, or permission of instructor. Offered annually in the fall semester. Counts toward biomedical studies concentration.","15","0","6","8","1","PHA;SPM","Saterstrom, Sheryl","{'fsnum': '7059', 'name': 'Saterstrom, Sheryl'}","200","18","","","","","Body Moveable","","201","{'day': 'Mo', 'end': '12:45', 'location': 'CAD Studio 3', 'start': '23:50'};{'day': 'We', 'end': '12:45', 'location': 'CAD Studio 3', 'start': '23:50'};{'day': 'Fr', 'end': '12:45', 'location': 'CAD Studio 3', 'start': '23:50'}","False","Prerequisites: Dance 111 or 115, or permission of instructor. Offered annually in the fall semester. Counts toward biomedical studies concentration.","","1","C","20131","The Body Moveable","Research","2013"
"0000088954","0.5","0000000357","DANCE","Students expand their understanding of modern dance by building on the components of Modern Dance I, adding attention to movement qualities, elements of space, dance vocabulary and of technique with an emphasis on phrasing and sequencing movement. Some sections may also include a focus on performing skills. Open to majors and other students with instructor's permission. Prerequisite: Dance 111 and permission of instructor. 211 may be repeated with permission of instructor. May require ticket/transportation fee. Offered each semester.","0","0","0","0","0","ALS-A;PHA;SPM","Roberts, Anthony","{'fsnum': '6691', 'name': 'Roberts, Anthony'}","200","5","","","","","Modern Dance II","Permission of instructor required.","210","{'day': 'Mo', 'end': '15:30', 'location': 'CAD Studio 2', 'start': '14:00'};{'day': 'We', 'end': '15:30', 'location': 'CAD Studio 2', 'start': '14:00'}","False","Dance 111 and permission of instructor. 211 may be repeated with permission of instructor. May require ticket/transportation fee. Offered each semester.","A","1","O","20131","","Research","2013"
"0000088956","0.5","0000000357","DANCE","Students expand their understanding of modern dance by building on the components of Modern Dance I, adding attention to movement qualities, elements of space, dance vocabulary and of technique with an emphasis on phrasing and sequencing movement. Some sections may also include a focus on performing skills. Open to majors and other students with instructor's permission. Prerequisite: Dance 111 and permission of instructor. 211 may be repeated with permission of instructor. May require ticket/transportation fee. Offered each semester.","4","2","2","0","0","ALS-A;PHA;SPM","Klopchin, Heather J.","{'fsnum': '10044', 'name': 'Klopchin, Heather J.'}","200","5","","","","","Modern Dance II","Permission of instructor required.","210","{'day': 'Tu', 'end': '09:25', 'location': 'CAD Studio 1', 'start': '08:00'};{'day': 'Th', 'end': '09:20', 'location': 'CAD Studio 1', 'start': '08:00'}","False","Dance 111 and permission of instructor. 211 may be repeated with permission of instructor. May require ticket/transportation fee. Offered each semester.","B","1","O","20131","","Research","2013"
"0000088955","0.25","0000000358","DANCE","Students expand their understanding of modern dance by building on the components of Modern Dance I, adding attention to movement qualities, elements of space, dance vocabulary and of technique with an emphasis on phrasing and sequencing movement. Some sections may also include a focus on performing skills. Open to majors and other students with instructor's permission. Prerequisite: Dance 111 and permission of instructor. Offered each semester.","11","2","3","4","2","ALS-A;PHA;SPM","Roberts, Anthony","{'fsnum': '6691', 'name': 'Roberts, Anthony'}","200","19","","","","","Modern Dance II","Permission of instructor required.","211","{'day': 'Mo', 'end': '15:30', 'location': 'CAD Studio 2', 'start': '14:00'};{'day': 'We', 'end': '15:30', 'location': 'CAD Studio 2', 'start': '14:00'}","False","Dance 111 and permission of instructor. Offered each semester.","A","1","O","20131","","Research","2013"
"0000088957","0.25","0000000358","DANCE","Students expand their understanding of modern dance by building on the components of Modern Dance I, adding attention to movement qualities, elements of space, dance vocabulary and of technique with an emphasis on phrasing and sequencing movement. Some sections may also include a focus on performing skills. Open to majors and other students with instructor's permission. Prerequisite: Dance 111 and permission of instructor. Offered each semester.","18","7","6","4","1","ALS-A;PHA;SPM","Klopchin, Heather J.","{'fsnum': '10044', 'name': 'Klopchin, Heather J.'}","200","20","","","","","Modern Dance II","Permission of instructor required.","211","{'day': 'Tu', 'end': '09:25', 'location': 'CAD Studio 1', 'start': '08:00'};{'day': 'Th', 'end': '09:20', 'location': 'CAD Studio 1', 'start': '08:00'}","False","Dance 111 and permission of instructor. Offered each semester.","B","1","O","20131","","Research","2013"
"0000088267","0.5","0000022778","DANCE","This movement intensive class is a blend of the art and the science of the body in dancing. It integrates an artistic approach to moving with a physical experience that deepens awareness of the body in motion and enhances understanding of body structure and function. This class also links to the content and focus in Dance 201 The Body Moveable and Dance 301 Advanced Body Moveable. Prerequisite: Dance 111 or Dance 121 or Dance 210/211 or Dance 220/221, or permission of instructor. Offered each semester.","8","0","4","4","0","","Saterstrom, Sheryl","{'fsnum': '7059', 'name': 'Saterstrom, Sheryl'}","200","8","","","","","Articulate Body","","212","{'day': 'Mo', 'end': '13:50', 'location': 'CAD Studio 1', 'start': '12:55'};{'day': 'We', 'end': '13:50', 'location': 'CAD Studio 1', 'start': '12:55'};{'day': 'Fr', 'end': '13:50', 'location': 'CAD Studio 1', 'start': '12:55'}","False","Dance 111 or Dance 121 or Dance 210/211 or Dance 220/221, or permission of instructor. Offered each semester.","","1","C","20131","","Research","2013"
"0000088268","0.25","0000025120","DANCE","This movement intensive class is a blend of the art and the science of the body in dancing. It integrates an artistic approach to moving with a physical experience that deepens awareness of the body in motion and enhances understanding of body structure and function. This class also links to the content and focus in Dance 201 The Body Moveable and Dance 301 Advanced Body Moveable. Prerequisite: Dance 111 or Dance 121 or Dance 210/211 or Dance 220/221, or permission of instructor. Offered each semester.","1","0","1","0","0","","Saterstrom, Sheryl","{'fsnum': '7059', 'name': 'Saterstrom, Sheryl'}","200","8","","","","","Articulate Body","","213","{'day': 'Mo', 'end': '13:50', 'location': 'CAD Studio 1', 'start': '12:55'};{'day': 'We', 'end': '13:50', 'location': 'CAD Studio 1', 'start': '12:55'};{'day': 'Fr', 'end': '13:50', 'location': 'CAD Studio 1', 'start': '12:55'}","False","Dance 111 or Dance 121 or Dance 210/211 or Dance 220/221, or permission of instructor. Offered each semester.","","1","O","20131","","Research","2013"
"0000088281","0.5","0000000359","DANCE","This course offers an expansion of ballet vocabulary and technique with an emphasis on movement quality, clarity and efficiency. Outside work includes practicing, reading, writing and concert attendance. Open to majors and other students with instructor's permission. Prerequisite: Dance 121 and Dance 130/131 and/or permission of the instructor. Offered each semester. 221 may be repeated with permission of instructor.","3","3","0","0","0","ALS-A;PHA;SPM","Klopchin, Heather J.","{'fsnum': '10044', 'name': 'Klopchin, Heather J.'}","200","4","","","","","Ballet II","Permission of instructor required.","220","{'day': 'Tu', 'end': '14:45', 'location': 'CAD Studio 2', 'start': '13:20'};{'day': 'Th', 'end': '15:35', 'location': 'CAD Studio 2', 'start': '14:15'}","False","Dance 121 and Dance 130/131 and/or permission of the instructor. Offered each semester. 221 may be repeated with permission of instructor.","","1","C","20131","","Research","2013"
"0000088282","0.25","0000000360","DANCE","This course offers an expansion of ballet vocabulary and technique with an emphasis on movement quality, clarity and efficiency. Outside work includes practicing, reading, writing and concert attendance. Open to majors and other students with instructor's permission. Prerequisite: Dance 121 and Dance 130/131 and/or permission of the instructor. Offered each semester. May be repeated eight times with permission of instructor.","15","7","5","2","1","ALS-A;PHA;SPM","Klopchin, Heather J.","{'fsnum': '10044', 'name': 'Klopchin, Heather J.'}","200","16","","","","","Ballet II","Permission of instructor required.","221","{'day': 'Tu', 'end': '14:45', 'location': 'CAD Studio 2', 'start': '13:20'};{'day': 'Th', 'end': '15:35', 'location': 'CAD Studio 2', 'start': '14:15'}","False","Dance 121 and Dance 130/131 and/or permission of the instructor. Offered each semester. May be repeated eight times with permission of instructor.","","1","C","20131","","Research","2013"
"0000088416","1.0","0000000369","DANCE","A basic course in principles and methods for creating dances, this course focuses on the elements of dance composition and improvisation, the relationship of form and content, and the relationship of the dancer and the dance. It is appropriate for students interested in any or all forms of dance and for those interested in other forms of composition (music, visual art, etc.). Offered annually in the fall semester.","11","0","2","7","2","ALS-A","Roberts, Janice","{'fsnum': '3206', 'name': 'Roberts, Janice'}","200","12","","","","","Choreography & Improv","","231","{'day': 'Tu', 'end': '13:10', 'location': 'CAD Studio 1', 'start': '23:45'};{'day': 'Th', 'end': '14:05', 'location': 'CAD Studio 1', 'start': '12:45'}","False","False","","1","O","20131","Fundamentals of Choreography and Improvisation","Research","2013"
"0000088871","1.0","0000000375","DANCE","","0","0","0","0","0","","Staff","{'fsnum': '', 'name': 'Staff'}","200","","","","","","IS/","","298","","False","","","1","O","20131","Independent Study","Research","2013"
"0000093166","1.0","0000000375","DANCE","","1","0","0","0","1","","Klopchin, Heather J.","{'fsnum': '10044', 'name': 'Klopchin, Heather J.'}","200","","","","","","IS/Queer F. Body in Dance","","298","","False","","A","1","O","20131","Independent Study","Research","2013"
"0000088958","0.5","0000000362","DANCE","This course builds on the concepts and components of Modern Dance I and II. Open to majors and other students with instructor's permission. Prerequisite: Dance 210/211 or 250/251 (at least twice) and/or permission of the instructor. Offered each semester. 311 may be repeated with permission of instructor.","0","0","0","0","0","ALS-A;PHA;SPM","Roberts, Janice","{'fsnum': '3206', 'name': 'Roberts, Janice'}","300","4","","","","","Modern III","Permission of instructor required.","310","{'day': 'Mo', 'end': '15:30', 'location': 'CAD Studio 1', 'start': '14:00'};{'day': 'We', 'end': '15:30', 'location': 'CAD Studio 1', 'start': '14:00'};{'day': 'Fr', 'end': '15:30', 'location': 'CAD Studio 1', 'start': '14:00'}","False","Dance 210/211 or 250/251 (at least twice) and/or permission of the instructor. Offered each semester. 311 may be repeated with permission of instructor.","","1","C","20131","","Research","2013"
"0000088959","0.25","0000000363","DANCE","This course builds on the concepts and components of Modern Dance I and II. Open to majors and other students with instructor's permission. Prerequisite: Dance 210/211 (at least twice) and/or permission of the instructor. Offered each semester. May be repeated eight times with permission of instructor.","12","0","6","0","6","ALS-A;PHA;SPM","Roberts, Janice","{'fsnum': '3206', 'name': 'Roberts, Janice'}","300","10","","","","","Modern III","Permission of instructor required.","311","{'day': 'Mo', 'end': '15:30', 'location': 'CAD Studio 1', 'start': '14:00'};{'day': 'We', 'end': '15:30', 'location': 'CAD Studio 1', 'start': '14:00'};{'day': 'Fr', 'end': '15:30', 'location': 'CAD Studio 1', 'start': '14:00'}","False","Dance 210/211 (at least twice) and/or permission of the instructor. Offered each semester. May be repeated eight times with permission of instructor.","","1","C","20131","","Research","2013"
"0000088283","0.5","0000000364","DANCE","This course offers a further exploration of ballet vocabulary and technique for the advanced dancer with an emphasis on clarity, intention, and musicality. Open to majors and other students with instructor's permission. Prerequisite: Dance 221. 321 may be repeated with permission of instructor. Offered each semester.","0","0","0","0","0","ALS-A;PHA;SPM","Bader, Jennifer","{'fsnum': '311', 'name': 'Bader, Jennifer'}","300","5","","","","","Ballet III","Permission of instructor required.","320","{'day': 'Tu', 'end': '09:25', 'location': 'CAD Studio 2', 'start': '08:00'};{'day': 'Th', 'end': '09:20', 'location': 'CAD Studio 2', 'start': '08:00'}","False","Dance 221. 321 may be repeated with permission of instructor. Offered each semester.","","1","C","20131","","Research","2013"
"0000088284","0.25","0000000365","DANCE","This course offers a further exploration of ballet vocabulary and technique for the advanced dancer with an emphasis on clarity, intention, and musicality. Open to majors and other students with instructor's permission. Prerequisite: Dance 221. 321 may be repeated with permission of instructor. Offered each semester.","7","0","0","4","3","ALS-A;PHA;SPM","Bader, Jennifer","{'fsnum': '311', 'name': 'Bader, Jennifer'}","300","9","","","","","Ballet III","Permission of instructor required.","321","{'day': 'Tu', 'end': '09:25', 'location': 'CAD Studio 2', 'start': '08:00'};{'day': 'Th', 'end': '09:20', 'location': 'CAD Studio 2', 'start': '08:00'}","False","Dance 221. 321 may be repeated with permission of instructor. Offered each semester.","","1","C","20131","","Research","2013"
"0000088765","1.0","0000000378","DANCE","","0","0","0","0","0","","Staff","{'fsnum': '', 'name': 'Staff'}","300","","","","","","IR/","","398","","False","","","1","O","20131","Independent Research","Research","2013"
"0000089128","1.0","0000000379","DANCE","In this culminating dance major course, students develop and execute their final senior projects in their individual areas of specialty, including planning for and promoting the presentation of their projects. Students prepare for dance and other career options by developing professional correspondence documents, learning and practicing interviewing skills, creating video samples of their work, and leading discussions on dance-related topics relevant to the individual student. Open to dance majors only. Offered annually in the fall semester.","6","0","0","0","6","","Roberts, Anthony","{'fsnum': '6691', 'name': 'Roberts, Anthony'}","300","10","0","0","0","","Sem: Senior Dance","Open to Seniors only.","399","{'day': 'Tu', 'end': '11:00', 'location': 'CAD 204', 'start': '09:35'};{'day': 'Th', 'end': '10:50', 'location': 'CAD 204', 'start': '09:30'}","False","False","","1","C","20131","Senior Dance Seminar","Seminar","2013"
"0000089059","1.0","0000000259","ECON","This course takes an analytical approach to economic reasoning and contemporary issues. The course introduces microeconomic and macroeconomic theories with applications to relevant topics, such as employment, growth, environmental protection, affirmative action, exchange rate fluctuations, taxes, and welfare reform. Students explore economics as an intelligent approach to understanding our daily lives as citizens, workers, managers and consumers. Offered each semester. Counts toward environmental studies major (social science track).","30","1","8","16","5","HBS","Soderlind, Steve","{'fsnum': '7636', 'name': 'Soderlind, Steve'}","100","25","","","","","Principles of Econ","","121","{'day': 'Mo', 'end': '11:40', 'location': 'HH 413', 'start': '10:45'};{'day': 'We', 'end': '11:40', 'location': 'HH 413', 'start': '10:45'};{'day': 'Fr', 'end': '11:40', 'location': 'HH 413', 'start': '10:45'}","False","False","A","1","C","20131","Principles of Economics","Research","2013"
"0000089060","1.0","0000000259","ECON","This course takes an analytical approach to economic reasoning and contemporary issues. The course introduces microeconomic and macroeconomic theories with applications to relevant topics, such as employment, growth, environmental protection, affirmative action, exchange rate fluctuations, taxes, and welfare reform. Students explore economics as an intelligent approach to understanding our daily lives as citizens, workers, managers and consumers. Offered each semester. Counts toward environmental studies major (social science track).","25","1","5","14","5","HBS","Soderlind, Steve","{'fsnum': '7636', 'name': 'Soderlind, Steve'}","100","25","","","","","Principles of Econ","","121","{'day': 'Mo', 'end': '14:55', 'location': 'HH 413', 'start': '14:00'};{'day': 'We', 'end': '14:55', 'location': 'HH 413', 'start': '14:00'};{'day': 'Fr', 'end': '14:55', 'location': 'HH 413', 'start': '14:00'}","False","False","B","1","C","20131","Principles of Economics","Research","2013"
"0000089061","1.0","0000000259","ECON","This course takes an analytical approach to economic reasoning and contemporary issues. The course introduces microeconomic and macroeconomic theories with applications to relevant topics, such as employment, growth, environmental protection, affirmative action, exchange rate fluctuations, taxes, and welfare reform. Students explore economics as an intelligent approach to understanding our daily lives as citizens, workers, managers and consumers. Offered each semester. Counts toward environmental studies major (social science track).","25","13","2","7","3","HBS","Pomponio, Xun","{'fsnum': '6399', 'name': 'Pomponio, Xun'}","100","25","","","","","Principles of Econ","","121","{'day': 'Tu', 'end': '13:10', 'location': 'HH 413', 'start': '23:45'};{'day': 'Th', 'end': '14:05', 'location': 'HH 413', 'start': '12:45'}","False","False","C","1","C","20131","Principles of Economics","Research","2013"
"0000089063","1.0","0000000259","ECON","This course takes an analytical approach to economic reasoning and contemporary issues. The course introduces microeconomic and macroeconomic theories with applications to relevant topics, such as employment, growth, environmental protection, affirmative action, exchange rate fluctuations, taxes, and welfare reform. Students explore economics as an intelligent approach to understanding our daily lives as citizens, workers, managers and consumers. Offered each semester. Counts toward environmental studies major (social science track).","25","13","4","4","4","HBS","Pomponio, Xun","{'fsnum': '6399', 'name': 'Pomponio, Xun'}","100","25","","","","","Principles of Econ","","121","{'day': 'Tu', 'end': '11:00', 'location': 'HH 413', 'start': '09:35'};{'day': 'Th', 'end': '10:50', 'location': 'HH 413', 'start': '09:30'}","False","False","D","1","C","20131","Principles of Economics","Research","2013"
"0000089064","1.0","0000000259","ECON","This course takes an analytical approach to economic reasoning and contemporary issues. The course introduces microeconomic and macroeconomic theories with applications to relevant topics, such as employment, growth, environmental protection, affirmative action, exchange rate fluctuations, taxes, and welfare reform. Students explore economics as an intelligent approach to understanding our daily lives as citizens, workers, managers and consumers. Offered each semester. Counts toward environmental studies major (social science track).","27","16","2","4","5","HBS","Hodgson, Ashley","{'fsnum': '22839', 'name': 'Hodgson, Ashley'}","100","25","","","","","Principles of Econ","","121","{'day': 'Tu', 'end': '09:25', 'location': 'HH 413', 'start': '08:00'};{'day': 'Th', 'end': '09:20', 'location': 'HH 413', 'start': '08:00'}","False","False","E","1","C","20131","Principles of Economics","Research","2013"
"0000091732","1.0","0000000259","ECON","This course takes an analytical approach to economic reasoning and contemporary issues. The course introduces microeconomic and macroeconomic theories with applications to relevant topics, such as employment, growth, environmental protection, affirmative action, exchange rate fluctuations, taxes, and welfare reform. Students explore economics as an intelligent approach to understanding our daily lives as citizens, workers, managers and consumers. Offered each semester. Counts toward environmental studies major (social science track).","26","25","0","0","1","HBS","Hodgson, Ashley","{'fsnum': '22839', 'name': 'Hodgson, Ashley'}","100","25","","0","0","0","Principles of Econ","Open to first year students only.","121","{'day': 'Tu', 'end': '14:45', 'location': 'HH 413', 'start': '13:20'};{'day': 'Th', 'end': '15:35', 'location': 'HH 413', 'start': '14:15'}","False","False","F","1","C","20131","Principles of Economics","Research","2013"
"0000088485","1.0","0000000267","ECON","The powerful insights of microeconomic analysis inform this consideration of environmental policy and regulation. Coursework emphasizes issues germane to setting and attaining specific environmental objectives - how much pollution to allow, how much to encourage preservation, how much cutting to permit. By considering whether and how to assign monetary values to goods like species diversity and climactic stability, students gain practical experience applying benefit-cost analysis to environmental decisions. Prerequisite: one of Economics 110-121 or permission of instructor. Offered most years. Counts towards American studies major. Counts toward environmental studies major (all tracks) and concentration.","24","1","10","4","9","","Judge, Rebecca","{'fsnum': '4137', 'name': 'Judge, Rebecca'}","200","25","","","","","Environmental Econ","","242","{'day': 'Mo', 'end': '13:50', 'location': 'RNS 290', 'start': '12:55'};{'day': 'We', 'end': '13:50', 'location': 'RNS 290', 'start': '12:55'};{'day': 'Fr', 'end': '13:50', 'location': 'RNS 290', 'start': '12:55'}","False","one of Economics 110-121 or permission of instructor. Offered most years. Counts towards American studies major. Counts toward environmental studies major (all tracks) and concentration.","","1","O","20131","Environmental Economics","Research","2013"
"0000091252","1.0","0000000268","ECON","Students in this course learn and apply economic analysis, tempered by an appreciation for the political and institutional contexts of the less developed countries, to gain an understanding of these countries' economies. Using cases involving both written and oral analysis, students explore topics such as economic growth in Brazil, trade strategies in Singapore, poverty and income distribution in Taiwan, or macroeconomic performance in Mexico. Prerequisite: one of Economics 110-121 or permission of instructor. Offered annually. Counts toward environmental studies major (social science track) and Latin American major and concentration.","26","4","11","6","5","MCG;MCS-G","Binder, Seth","{'fsnum': '25322', 'name': 'Binder, Seth'}","200","25","","","","","Economic Development","","243","{'day': 'Tu', 'end': '13:10', 'location': 'TOH 112', 'start': '23:45'};{'day': 'Th', 'end': '14:05', 'location': 'TOH 112', 'start': '12:45'}","False","one of Economics 110-121 or permission of instructor. Offered annually. Counts toward environmental studies major (social science track) and Latin American major and concentration.","A","1","C","20131","","Research","2013"
"0000091253","1.0","0000000268","ECON","Students in this course learn and apply economic analysis, tempered by an appreciation for the political and institutional contexts of the less developed countries, to gain an understanding of these countries' economies. Using cases involving both written and oral analysis, students explore topics such as economic growth in Brazil, trade strategies in Singapore, poverty and income distribution in Taiwan, or macroeconomic performance in Mexico. Prerequisite: one of Economics 110-121 or permission of instructor. Offered annually. Counts toward environmental studies major (social science track) and Latin American major and concentration.","24","2","10","3","9","MCG;MCS-G","Binder, Seth","{'fsnum': '25322', 'name': 'Binder, Seth'}","200","25","","","","","Economic Development","","243","{'day': 'Tu', 'end': '14:45', 'location': 'TOH 112', 'start': '13:20'};{'day': 'Th', 'end': '15:35', 'location': 'TOH 112', 'start': '14:15'}","False","one of Economics 110-121 or permission of instructor. Offered annually. Counts toward environmental studies major (social science track) and Latin American major and concentration.","B","1","C","20131","","Research","2013"
"0000091254","1.0","0000000270","ECON","The health care sector in the U.S. is undergoing rapid change that affects patients, providers and payers. Managed care and managed competition are restructuring the delivery of health care services and reducing costs, while frustrating physicians and patients. The course examines the economic factors leading to the changes, current issues and controversies, and federal health policies. Students interested in nursing, medicine, and the sciences are encouraged to enroll. Prerequisites: one of Economics 110-121 or permission of instructor. Offered most years.Counts towards American studies major. Counts toward biomedical studies concentration.","24","0","11","5","8","HBS","Hodgson, Ashley","{'fsnum': '22839', 'name': 'Hodgson, Ashley'}","200","25","","","","","Health Care Econ","","245","{'day': 'Tu', 'end': '13:10', 'location': 'HH 403', 'start': '23:45'};{'day': 'Th', 'end': '14:05', 'location': 'HH 403', 'start': '12:45'}","False","Prerequisites: one of Economics 110-121 or permission of instructor. Offered most years.Counts towards American studies major. Counts toward biomedical studies concentration.","","1","C","20131","Economics of Health Care","Research","2013"
"0000089289","1.0","0000000272","ECON","This class applies economic principles to issues of urban development. Topics include urban economic history, location analysis, policy analysis (especially concerning poverty, housing, transportation and education), land use controls, and macroeconomic forecasting. Prerequisites: one of Economics 110-121 or permission of instructor. Offered annually.","30","0","16","5","9","","Soderlind, Steve","{'fsnum': '7636', 'name': 'Soderlind, Steve'}","200","25","","","","","Urban Economics","","249","{'day': 'Mo', 'end': '08:55', 'location': 'HH 413', 'start': '08:00'};{'day': 'We', 'end': '08:55', 'location': 'HH 413', 'start': '08:00'};{'day': 'Fr', 'end': '08:55', 'location': 'HH 413', 'start': '08:00'}","False","Prerequisites: one of Economics 110-121 or permission of instructor. Offered annually.","","1","C","20131","","Research","2013"
"0000088940","1.0","0000000274","ECON","This course addresses the economic institutions and forces that determine levels of income, output, employment, and prices in our society. Questions related to employment prospects and standard of living provide an important focus. Classical and Keynesian perspectives are employed in attempting to understand these matters, the macroeconomic problems in market economies and the policies that economists prescribe as remedies for these problems. Prerequisites: Calculus I and one of Economics 110-121 or permission of the instructor. Offered each semester.","23","2","2","16","3","","Pernecky, Mark","{'fsnum': '6199', 'name': 'Pernecky, Mark'}","200","25","","","","","Macroeconomic Theory","","261","{'day': 'Mo', 'end': '13:50', 'location': 'HH 307', 'start': '12:55'};{'day': 'We', 'end': '13:50', 'location': 'HH 307', 'start': '12:55'};{'day': 'Fr', 'end': '13:50', 'location': 'HH 307', 'start': '12:55'}","False","Prerequisites: Calculus I and one of Economics 110-121 or permission of the instructor. Offered each semester.","A","1","C","20131","Intermediate Macroeconomic Theory","Research","2013"
"0000088941","1.0","0000000274","ECON","This course addresses the economic institutions and forces that determine levels of income, output, employment, and prices in our society. Questions related to employment prospects and standard of living provide an important focus. Classical and Keynesian perspectives are employed in attempting to understand these matters, the macroeconomic problems in market economies and the policies that economists prescribe as remedies for these problems. Prerequisites: Calculus I and one of Economics 110-121 or permission of the instructor. Offered each semester.","24","0","9","13","2","","Pernecky, Mark","{'fsnum': '6199', 'name': 'Pernecky, Mark'}","200","25","","","","","Macroeconomic Theory","","261","{'day': 'Mo', 'end': '14:55', 'location': 'HH 307', 'start': '14:00'};{'day': 'We', 'end': '14:55', 'location': 'HH 307', 'start': '14:00'};{'day': 'Fr', 'end': '14:55', 'location': 'HH 307', 'start': '14:00'}","False","Prerequisites: Calculus I and one of Economics 110-121 or permission of the instructor. Offered each semester.","B","1","C","20131","Intermediate Macroeconomic Theory","Research","2013"
"0000088950","1.0","0000000275","ECON","Microeconomics is the study of the resource allocation decisions by households, producers, and firms and the resources allocation process in various types of market structures. Students are trained in the use of economic models and optimizing techniques to address a variety of real-world problems, including case studies from business and public policy. Prerequisites: Calculus I and one of Economics 110-121 or permission of the instructor. Offered each semester.","21","0","4","15","2","","Judge, Rebecca","{'fsnum': '4137', 'name': 'Judge, Rebecca'}","200","25","","","","","Microeconomic Theory","","262","{'day': 'Mo', 'end': '10:00', 'location': 'HH 413', 'start': '09:05'};{'day': 'We', 'end': '10:00', 'location': 'HH 413', 'start': '09:05'};{'day': 'Fr', 'end': '10:00', 'location': 'HH 413', 'start': '09:05'}","False","Prerequisites: Calculus I and one of Economics 110-121 or permission of the instructor. Offered each semester.","A","1","C","20131","Intermediate Microeconomic Theory","Research","2013"
"0000088951","1.0","0000000275","ECON","Microeconomics is the study of the resource allocation decisions by households, producers, and firms and the resources allocation process in various types of market structures. Students are trained in the use of economic models and optimizing techniques to address a variety of real-world problems, including case studies from business and public policy. Prerequisites: Calculus I and one of Economics 110-121 or permission of the instructor. Offered each semester.","20","0","11","6","3","","Judge, Rebecca","{'fsnum': '4137', 'name': 'Judge, Rebecca'}","200","25","","","","","Microeconomic Theory","","262","{'day': 'Mo', 'end': '12:45', 'location': 'HH 413', 'start': '23:50'};{'day': 'We', 'end': '12:45', 'location': 'HH 413', 'start': '23:50'};{'day': 'Fr', 'end': '12:45', 'location': 'HH 413', 'start': '23:50'}","False","Prerequisites: Calculus I and one of Economics 110-121 or permission of the instructor. Offered each semester.","B","1","C","20131","Intermediate Microeconomic Theory","Research","2013"
"0000088139","1.0","0000000276","ECON","","0","0","0","0","0","","Staff","{'fsnum': '', 'name': 'Staff'}","200","","","","","","Academic Internship","","294","","True","","","1","C","20131","","Research","2013"
"0000088859","1.0","0000000277","ECON","","0","0","0","0","0","","Staff","{'fsnum': '', 'name': 'Staff'}","200","","","","","","IS/","","298","","False","","","1","O","20131","Independent Study","Research","2013"
"0000093383","1.0","0000000277","ECON","","1","0","0","0","1","","Hodgson, Ashley;Williamson, Thomas A.","{'fsnum': '22839', 'name': 'Hodgson, Ashley'};{'fsnum': '14223', 'name': 'Williamson, Thomas A.'}","200","","","","","","IS/Internat'l Health/Care","","298","","False","","A","1","O","20131","Independent Study","Research","2013"
"0000088961","1.0","0000000279","ECON","This course addresses the institutions that comprise modern monetary systems and the influence that these systems have on levels of income, output, employment, and prices in market economies. Monetary theory and monetary policy, including both the nature of our central bank and the role that it plays in our monetary system, are also addressed in some detail. Prerequisite: Economics 261 and Statistics 263 or Statistics 272 or permission of instructor. Offered annually. Counts towards American studies major.","22","0","1","0","21","WRI","Wojick, Paul","{'fsnum': '9114', 'name': 'Wojick, Paul'}","300","15","0","0","0","","Money and Banking","Open only to rising Seniors during web registration.  Juniors may add on a      ;space-available basis during drop/add period with permission of instructor","374","{'day': 'Mo', 'end': '08:55', 'location': 'HH 403', 'start': '08:00'};{'day': 'We', 'end': '08:55', 'location': 'HH 403', 'start': '08:00'};{'day': 'Fr', 'end': '08:55', 'location': 'HH 403', 'start': '08:00'}","False","Economics 261 and Statistics 263 or Statistics 272 or permission of instructor. Offered annually. Counts towards American studies major.","A","1","C","20131","","Research","2013"
"0000088962","1.0","0000000279","ECON","This course addresses the institutions that comprise modern monetary systems and the influence that these systems have on levels of income, output, employment, and prices in market economies. Monetary theory and monetary policy, including both the nature of our central bank and the role that it plays in our monetary system, are also addressed in some detail. Prerequisite: Economics 261 and Statistics 263 or Statistics 272 or permission of instructor. Offered annually. Counts towards American studies major.","19","0","0","0","19","WRI","Wojick, Paul","{'fsnum': '9114', 'name': 'Wojick, Paul'}","300","18","0","0","0","","Money and Banking","Open only to rising Seniors during web registration.  Juniors may add on a      ;space-available basis during drop/add period with permission of instructor","374","{'day': 'Mo', 'end': '10:00', 'location': 'HH 514', 'start': '09:05'};{'day': 'We', 'end': '10:00', 'location': 'HH 514', 'start': '09:05'};{'day': 'Fr', 'end': '10:00', 'location': 'HH 514', 'start': '09:05'}","False","Economics 261 and Statistics 263 or Statistics 272 or permission of instructor. Offered annually. Counts towards American studies major.","B","1","C","20131","","Research","2013"
"0000088924","1.0","0000000280","ECON","What do workers want from work? What do employers want from workers? Pressing policy issues exist for workers competing in the global economy. Unions, unemployment insurance, welfare and the minimum wage enhance the prospects of many, while leaving others even worse off. This course utilizes microeconomic theory, statistics and institutional analysis to understand labor markets. Prerequisites: Economics 262 and Statistics 263 or Statistics 272 or permission of instructor. Offered most years. Counts towards American studies major.","19","0","0","0","19","EIN;WRI","Pernecky, Mark","{'fsnum': '6199', 'name': 'Pernecky, Mark'}","300","19","0","0","0","","Labor Econ/Empl Rel","Prerequisite: Completion of BTS-T or permission of instructor.                  ;Open only to rising Seniors during web registration.","376","{'day': 'Mo', 'end': '11:40', 'location': 'OM 20', 'start': '10:45'};{'day': 'We', 'end': '11:40', 'location': 'OM 20', 'start': '10:45'};{'day': 'Fr', 'end': '11:40', 'location': 'OM 20', 'start': '10:45'}","False","Prerequisites: Economics 262 and Statistics 263 or Statistics 272 or permission of instructor. Offered most years. Counts towards American studies major.","","1","C","20131","Labor Economics and Employment Relations","Research","2013"
"0000091255","1.0","0000000281","ECON","This course offers the students an integrated approach of theory, policy, and enterprise to understand international trade and investment. The course focuses on the costs and benefits of global economic interdependence for students who plan to enter an international business career or to work for government and international organizations in activities affected by international economic relations. Prerequisites: Economics 261 and 262, and Statistics 263 or 272, or permission of instructor. Offered annually.","15","0","6","0","9","WRI","Pomponio, Xun","{'fsnum': '6399', 'name': 'Pomponio, Xun'}","300","15","0","0","0","","International Econ","Open only to rising Seniors during web registration.  Juniors may add on a      ;space-available basis during drop/add period with permission of instructor","382","{'day': 'Tu', 'end': '14:45', 'location': 'HH 302', 'start': '13:20'};{'day': 'Th', 'end': '15:35', 'location': 'HH 302', 'start': '14:15'}","False","Prerequisites: Economics 261 and 262, and Statistics 263 or 272, or permission of instructor. Offered annually.","","1","C","20131","International Economics","Research","2013"
"0000088469","1.0","0000000282","ECON","Ideal for students interested in applying statistical models to economic problems, this course emphasizes theoretical foundations, mathematical structure and applications of major econometric techniques, including ordinary least squares, generalized least squares, dummy variables, non-linear transformations, instrumental variables, simultaneous equation modeling, and time series models. Students in the class complete a sophisticated economic research project of their choice. Prerequisites: Economics 261 and either Statistics 263 or 272 or permission of instructor. Offered annually.","18","0","0","0","18","WRI","Becker, Anthony","{'fsnum': '348', 'name': 'Becker, Anthony'}","300","15","0","0","0","","Econometrics","Open only to rising Seniors during web registration.  Juniors may add on a      ;space-available basis during drop/add period with permission of instructor","385","{'day': 'Mo', 'end': '10:00', 'location': 'OM 110', 'start': '09:05'};{'day': 'We', 'end': '10:00', 'location': 'OM 110', 'start': '09:05'};{'day': 'Fr', 'end': '10:00', 'location': 'OM 110', 'start': '09:05'}","False","Prerequisites: Economics 261 and either Statistics 263 or 272 or permission of instructor. Offered annually.","","1","C","20131","","Research","2013"
"0000088140","1.0","0000000284","ECON","Academic Internship.","0","0","0","0","0","","Staff","{'fsnum': '', 'name': 'Staff'}","300","","","","","","Academic Internship","","394","","True","False","","1","C","20131","","Research","2013"
"0000088804","1.0","0000000285","ECON","","0","0","0","0","0","","Staff","{'fsnum': '', 'name': 'Staff'}","300","","","","","","IR/","","398","","False","","","1","O","20131","Independent Research","Research","2013"
"0000093377","1.0","0000000285","ECON","","1","0","0","0","1","","Soderlind, Steve","{'fsnum': '7636', 'name': 'Soderlind, Steve'}","300","","","","","","IR/A Labor Market Crisis","","398","","False","","A","1","O","20131","Independent Research","Research","2013"
"0000088463","","0000000309","EDUC","Students examine issues related to chemical use/abuse in our society. The course, required of all candidates for a teaching license, enhances problem identification and helping skills in students' professional and personal lives. Students develop an understanding of enabling and intervening behaviors and gain knowledge about the role of schools in addressing these and other chemical abuse concerns. P/N only. Offered each semester, evenings.","15","0","5","9","1","","Storry, Mark","{'fsnum': '8074', 'name': 'Storry, Mark'}","200","50","0","","","","Drugs & Alcohol","","231","{'day': 'Th', 'end': '21:00', 'location': 'TOH 210', 'start': '19:00'}","True","False","","1","O","20131","Drugs and Alcohol","Research","2013"
"0000088480","1.0","0000017247","EDUC","This course focuses on issues surrounding first and second language acquisition in children and adults. It examines socio-cultural, linguistic, and psychological factors that affect language learning, cultural identity, and school performance, highlighting political influences on the education of linguistic minorities. This is a theory and foundations course required for students seeking MN teaching licensure in ESL; it is also relevant for students who wish to teach English as a foreign language abroad. Required 20-hour field experience. Offered annually in the fall semester.","27","0","5","5","17","MCD;MCS-D","Aguilar-Valdez, Jean R.","{'fsnum': '25319', 'name': 'Aguilar-Valdez, Jean R.'}","200","30","0","","","","English Lang Learners","","246","{'day': 'Tu', 'end': '09:25', 'location': 'TOH 214', 'start': '08:00'};{'day': 'Th', 'end': '09:20', 'location': 'TOH 214', 'start': '08:00'}","False","False","","1","C","20131","English Language Learners: Issues in Education","Research","2013"
"0000088541","1.0","0000024363","EDUC","This introductory course addresses the educational experience in the United States with specific focus on the experience of non-dominant groups within the U.S. Students examine the philosophy, history, politics, and sociology of the U.S. educational system. Topics are addressed through a central text as well as current literature and supplementary readings, highlighting the interaction of schools and communities. Students gain practical experience in an educational setting through a required field experience. In a final project, students develop and express their own philosophy of education based on their particular area of interest. Required 20-hour field experience. Offered every year.","15","0","4","6","5","MCD","Kelly, Maria L.","{'fsnum': '10032', 'name': 'Kelly, Maria L.'}","200","18","0","","","","Foundations in Education","","260","{'day': 'Mo', 'end': '13:50', 'location': 'TOH 210', 'start': '12:55'};{'day': 'We', 'end': '13:50', 'location': 'TOH 210', 'start': '12:55'};{'day': 'Fr', 'end': '13:50', 'location': 'TOH 210', 'start': '12:55'}","False","False","A","1","C","20131","","Research","2013"
"0000092063","1.0","0000024363","EDUC","This introductory course addresses the educational experience in the United States with specific focus on the experience of non-dominant groups within the U.S. Students examine the philosophy, history, politics, and sociology of the U.S. educational system. Topics are addressed through a central text as well as current literature and supplementary readings, highlighting the interaction of schools and communities. Students gain practical experience in an educational setting through a required field experience. In a final project, students develop and express their own philosophy of education based on their particular area of interest. Required 20-hour field experience. Offered every year.","16","0","4","5","7","MCD","Leer, Elizabeth A.","{'fsnum': '14224', 'name': 'Leer, Elizabeth A.'}","200","18","0","","","","Foundations in Education","","260","{'day': 'Mo', 'end': '13:50', 'location': 'TOH 212', 'start': '12:55'};{'day': 'We', 'end': '13:50', 'location': 'TOH 212', 'start': '12:55'};{'day': 'Fr', 'end': '13:50', 'location': 'TOH 212', 'start': '12:55'}","False","False","B","1","C","20131","","Research","2013"
"0000088471","1.0","0000000311","EDUC","Students study theories of and research into human behavior, growth, and development. Through lectures, discussions, case studies and field experiences, students analyze the impact of applied psychology upon schools, teachers, and students. Students also examine the interaction between individual characteristics and needs and political, economic and philosophical issues confronting contemporary American students. Required 20-hour field experience. Recommended to be taken sophomore year to begin the licensure sequence. Offered each semester.","59","0","1","44","14","HBS","McClure, Robert W.","{'fsnum': '16582', 'name': 'McClure, Robert W.'}","200","60","0","","","","Educ Psychology","","290","{'day': 'Tu', 'end': '09:25', 'location': 'TOH 210', 'start': '08:00'};{'day': 'Th', 'end': '09:20', 'location': 'TOH 210', 'start': '08:00'}","False","False","","1","C","20131","Educational Psychology","Research","2013"
"0000089165","","0000000312","EDUC","In this course students learn how to integrate technology into classroom instruction. This course meets for three evening sessions in a computer laboratory setting. Students are required to take this course concurrently with Education 330: Principles of Education. Offered each semester.","8","0","3","0","5","","Campbell, Heather","{'fsnum': '903', 'name': 'Campbell, Heather'}","200","24","0","","","","Standards/Technology","","291","{'day': 'Mo', 'end': '18:00', 'location': 'TOH 275', 'start': '16:00'}","True","False","A","1","O","20131","Standards and Technology","Research","2013"
"0000089166","","0000000312","EDUC","In this course students learn how to integrate technology into classroom instruction. This course meets for three evening sessions in a computer laboratory setting. Students are required to take this course concurrently with Education 330: Principles of Education. Offered each semester.","17","0","9","0","8","","Campbell, Heather","{'fsnum': '903', 'name': 'Campbell, Heather'}","200","24","0","","","","Standards/Technology","","291","{'day': 'Mo', 'end': '20:30', 'location': 'TOH 275', 'start': '18:30'}","True","False","B","1","O","20131","Standards and Technology","Research","2013"
"0000088143","0.5","0000000313","EDUC","","0","0","0","0","0","","Staff","{'fsnum': '', 'name': 'Staff'}","200","","0","","0","","Academic Internship","","294","","True","","","1","C","20131","","Research","2013"
"0000096716","0.25","0000000313","EDUC","","1","0","0","0","1","","Anderson, Kurt","{'fsnum': '228', 'name': 'Anderson, Kurt'}","200","","","","","","Academic Internship","","294","","True","","A","1","O","20131","","Research","2013"
"0000088878","1.0","0000000314","EDUC","","0","0","0","0","0","WRI","Staff","{'fsnum': '', 'name': 'Staff'}","200","","0","","0","","IS/","","298","","False","","","1","O","20131","Independent Study","Research","2013"
"0000089065","1.0","0000000321","EDUC","This course is designed to assist students in developing their own teacher style as they prepare to become full-time teachers. Topics include the roles and responsibilities of teachers, methods of instruction, planning, classroom management, assessment and reporting and other current educational issues. Through micro-teaching and school-based field experiences, they also practice instructional skills and techniques. Required 20-hour field experience. Prerequisite: Education 290 and approval of teacher education application. Offered each semester.","8","0","2","0","6","ORC","Leer, Elizabeth A.","{'fsnum': '14224', 'name': 'Leer, Elizabeth A.'}","300","18","0","","0","","Principles of Educ","Open to rising Seniors and Juniors only.","330","{'day': 'Mo', 'end': '10:00', 'location': 'TOH 214', 'start': '09:05'};{'day': 'We', 'end': '10:00', 'location': 'TOH 214', 'start': '09:05'};{'day': 'Fr', 'end': '10:00', 'location': 'TOH 214', 'start': '09:05'}","False","Education 290 and approval of teacher education application. Offered each semester.","A","1","O","20131","Principles of Education, K-12","Research","2013"
"0000089066","1.0","0000000321","EDUC","This course is designed to assist students in developing their own teacher style as they prepare to become full-time teachers. Topics include the roles and responsibilities of teachers, methods of instruction, planning, classroom management, assessment and reporting and other current educational issues. Through micro-teaching and school-based field experiences, they also practice instructional skills and techniques. Required 20-hour field experience. Prerequisite: Education 290 and approval of teacher education application. Offered each semester.","0","0","0","0","0","ORC","Leer, Elizabeth A.","{'fsnum': '14224', 'name': 'Leer, Elizabeth A.'}","300","0","0","","0","","Principles of Educ","This section has been canceled.","330","{'day': 'Mo', 'end': '11:40', 'location': '', 'start': '10:45'};{'day': 'We', 'end': '11:40', 'location': '', 'start': '10:45'};{'day': 'Fr', 'end': '11:40', 'location': '', 'start': '10:45'}","False","Education 290 and approval of teacher education application. Offered each semester.","B","1","X","20131","Principles of Education, K-12","Research","2013"
"0000089067","1.0","0000000321","EDUC","This course is designed to assist students in developing their own teacher style as they prepare to become full-time teachers. Topics include the roles and responsibilities of teachers, methods of instruction, planning, classroom management, assessment and reporting and other current educational issues. Through micro-teaching and school-based field experiences, they also practice instructional skills and techniques. Required 20-hour field experience. Prerequisite: Education 290 and approval of teacher education application. Offered each semester.","18","0","11","0","7","ORC","Aguilar-Valdez, Jean R.","{'fsnum': '25319', 'name': 'Aguilar-Valdez, Jean R.'}","300","18","0","","0","","Principles of Educ","Open to rising Seniors and Juniors only.","330","{'day': 'Tu', 'end': '11:00', 'location': 'TOH 214', 'start': '09:35'};{'day': 'Th', 'end': '10:50', 'location': 'TOH 214', 'start': '09:30'}","False","Education 290 and approval of teacher education application. Offered each semester.","C","1","C","20131","Principles of Education, K-12","Research","2013"
"0000092132","1.0","0000000322","EDUC","This course examines basic assumptions about social science, primal thought, feminism, humanities, history, post-modernism, and thematic social studies. Students pursue methodologies of structuring knowledge and means of advancing knowledge in each discipline. Students learn how to relate their social studies subject matter to the total social studies curriculum. Offered annually in the spring semester.","1","0","0","0","1","WRI","Kelly, Maria L.","{'fsnum': '10032', 'name': 'Kelly, Maria L.'}","300","1","0","","","","Social Studies Persp","","334","","False","False","","1","C","20131","Social Studies Perspectives","Research","2013"
"0000089218","1.0","0000000328","EDUC","This course provides the basic professional knowledge and skills needed for successful entry into the field of modern language teaching. Through readings, class discussions, and active participation in teaching situations, students become familiar with both the theory and the practice of language teaching and are introduced to the issues faced by the profession at large in the beginning of the 21st century. Required field experience component. Prerequisite: Education 330. Offered annually in the fall semester.","4","0","0","0","4","","Cropsey, Kris A.","{'fsnum': '14153', 'name': 'Cropsey, Kris A.'}","300","18","0","","0","","Tchg of World Lang","Open to rising Seniors and Juniors only.","353","{'day': 'Mo', 'end': '14:55', 'location': 'TOH 200', 'start': '14:00'};{'day': 'We', 'end': '14:55', 'location': 'TOH 200', 'start': '14:00'};{'day': 'Fr', 'end': '14:55', 'location': 'TOH 200', 'start': '14:00'}","False","Education 330. Offered annually in the fall semester.","","1","O","20131","Teaching of World Languages, K-12","Research","2013"
"0000089215","0.5","0000000330","EDUC","The goal of the course is to acquire the knowledge, skills, and understandings necessary to develop, implement and assess a general music program for grades 5-12. Required field experience component. Prerequisite: Education 330, 355. Offered annually in the first half of the fall semester.","9","0","0","0","9","WRI","Berger, Linda","{'fsnum': '417', 'name': 'Berger, Linda'}","300","30","0","","0","","Tchg Music-Mid/High S","Open to rising Seniors and Juniors only.","356","{'day': 'Tu', 'end': '14:45', 'location': 'CHM 233', 'start': '13:20'};{'day': 'Th', 'end': '15:35', 'location': 'CHM 233', 'start': '14:15'}","False","Education 330, 355. Offered annually in the first half of the fall semester.","","1","O","20131","Teaching of Music in the Middle and High School","Research","2013"
"0000089216","0.5","0000000331","EDUC","This course focuses on the many aspects involved in coordinating and teaching a secondary choral program. It includes discussions on extra-curricular activities, grading and record keeping, curriculum, repertoire and program planning, professional development, and other pertinent and related topics. Students gain practical knowledge and skills necessary to successfully manage a vocal music program. Prerequisite: Education 330. Offered annually in the fall semester.","4","0","0","0","4","","Lee, Nancy A.","{'fsnum': '19460', 'name': 'Lee, Nancy A.'}","300","18","0","","0","","Tchg Music-Sec Schls","","358","{'day': 'Mo', 'end': '21:00', 'location': 'CHM 224', 'start': '19:00'}","False","Education 330. Offered annually in the fall semester.","","1","O","20131","Teaching of Vocal Music in the Secondary School","Research","2013"
"0000089217","0.5","0000000332","EDUC","Prospective band and orchestra teachers study the skills and knowledge necessary for successfully conducting instrumental music. The course includes teaching philosophy and strategies, repertoire and program planning, budgeting and scheduling, musical materials and scoring, recruiting and evaluation and specialized topics such as jazz ensemble and marching band. Prerequisite: Education 330. Offered annually in the fall semester.","3","0","0","0","3","","Mahr, Timothy","{'fsnum': '5013', 'name': 'Mahr, Timothy'}","300","18","0","","0","","Tchg of Instru Music","Open to rising Seniors and Juniors only.","359","{'day': 'Tu', 'end': '13:10', 'location': 'CHM 138', 'start': '23:45'};{'day': 'Th', 'end': '14:05', 'location': 'CHM 138', 'start': '12:45'}","False","Education 330. Offered annually in the fall semester.","","1","O","20131","Teaching of Instrumental Music","Research","2013"
"0000088448","0.5","0000000335","EDUC","Prospective teachers learn strategies to use when communicating with students who are experiencing personal difficulties. Communication with parents, family members and other professionals who have a vested interest in the student's well-being is emphasized. Professional ethics and liability are major components of the course. The course uses role playing to help students develop communication expertise. Topics include confidentiality, professional liability and boundaries, crisis intervention, abuse and neglect, mental health, and reporting and making referrals. Recommended junior year. Prerequisite: Education 260, 290, or permission of instructor. Offered each semester.","17","0","7","0","10","","Kelly, Maria L.","{'fsnum': '10032', 'name': 'Kelly, Maria L.'}","300","30","0","","0","","Counsel/Comm Schools","Open to rising Seniors and Juniors only.","372","{'day': 'Tu', 'end': '13:10', 'location': 'TOH 212', 'start': '23:45'}","False","Education 260, 290, or permission of instructor. Offered each semester.","A","1","O","20131","Counseling and Communication in Schools","Research","2013"
"0000088449","0.5","0000000335","EDUC","Prospective teachers learn strategies to use when communicating with students who are experiencing personal difficulties. Communication with parents, family members and other professionals who have a vested interest in the student's well-being is emphasized. Professional ethics and liability are major components of the course. The course uses role playing to help students develop communication expertise. Topics include confidentiality, professional liability and boundaries, crisis intervention, abuse and neglect, mental health, and reporting and making referrals. Recommended junior year. Prerequisite: Education 260, 290, or permission of instructor. Offered each semester.","8","0","1","0","7","","Kelly, Maria L.","{'fsnum': '10032', 'name': 'Kelly, Maria L.'}","300","18","0","","0","","Counsel/Comm Schools","Open to rising Seniors and Juniors only.","372","{'day': 'Tu', 'end': '14:45', 'location': 'TOH 212', 'start': '13:20'}","False","Education 260, 290, or permission of instructor. Offered each semester.","B","1","O","20131","Counseling and Communication in Schools","Research","2013"
"0000089085","0.5","0000022779","EDUC","This course focuses on evidence-based best practices in reading instruction that can be used across the curriculum by secondary teachers. Students acquire the necessary knowledge, skills, and strategies to teach reading in the teaching candidate's content area(s). Ten hours of field experience required. Prerequisite: Education 330 or permission of the instructor. Offered each semester.","12","0","0","0","12","","Campbell, Heather","{'fsnum': '903', 'name': 'Campbell, Heather'}","300","30","0","","0","","Reading in Content Area","Open to rising Seniors and Juniors only.","374","{'day': 'Tu', 'end': '13:10', 'location': 'TOH 214', 'start': '23:45'}","False","Education 330 or permission of the instructor. Offered each semester.","","1","O","20131","Reading in the Content Area","Research","2013"
"0000088460","0.5","0000000336","EDUC","Future teachers identify and acquire skills to serve exceptional students more effectively in the regular classroom. Students read and discuss to expand their knowledge of the broad spectrum of resources available for students with disabilities, second language learners, and those labeled ""at-risk."" Historical perspectives as well as inclusion, collaboration, curriculum development, and other current topics are included. Prerequisite: Education 290 or permission of instructor. Offered each semester.","13","0","2","0","11","","Campbell, Heather","{'fsnum': '903', 'name': 'Campbell, Heather'}","300","30","0","","","","Diff Instruction (0.50)","","375","{'day': 'Th', 'end': '14:05', 'location': 'TOH 214', 'start': '12:45'}","False","Education 290 or permission of instructor. Offered each semester.","","1","O","20131","Differentiated Instruction for Exceptional Learners","Research","2013"
"0000089147","0.5","0000000340","EDUC","Offered concurrently with student teaching, this course meets during and after student teaching. It focuses on professional development, including personal philosophies of teaching/education, professional ethics, and portfolio development. Seminar sessions also address specific issues pertaining to the student teacher experience including classroom management, differentiated instruction, assessment, and planning. Student teachers only. Offered each semester.","19","0","0","0","19","","Lane-Getaz, Sharon","{'fsnum': '19267', 'name': 'Lane-Getaz, Sharon'}","300","43","0","0","0","","Senior Seminar Educ","","381","{'day': 'Mo', 'end': '16:00', 'location': 'TBA', 'start': '20:00'};{'day': 'Tu', 'end': '16:00', 'location': 'TBA', 'start': '20:00'};{'day': 'We', 'end': '16:00', 'location': 'TBA', 'start': '20:00'};{'day': 'Th', 'end': '16:00', 'location': 'TBA', 'start': '20:00'};{'day': 'Fr', 'end': '16:00', 'location': 'TBA', 'start': '20:00'}","False","False","","1","O","20131","Senior Seminar","Research","2013"
"0000088625","","0000000341","EDUC","All candidates must have a multicultural field experience to help develop their competence in teaching in multicultural environments. A minimum of 80 hours of field experience in a multicultural school environment (an Interim or its equivalent) is required prior to student teaching. All field experiences must be pre-approved. Below is a summary of options: Education 170: Urban Schools and Communities; Education 347: Teaching English as a Second Language; Education 378: Multicultural Education in Hawaii; Education 379: Urban Education Seminar and Practicum; or pre-approved internships in multicultural schools with special cognitive component. See Education Department faculty and web site for advice and information. Education 382 is not a course. Rather it is a recording mechanism indicating St. Olaf students who have completed their multicultural education requirement. Students register for Education 382 during their professional semester. Offered each semester.","19","0","0","0","19","","Pfarr-Baker, Rosemary A.","{'fsnum': '10410', 'name': 'Pfarr-Baker, Rosemary A.'}","300","43","0","0","0","","Human Relations","","382","","True","False","","1","O","20131","","Research","2013"
"0000088908","0.5","0000000342","EDUC","In this reflective capstone course, teacher candidates reflect upon the influences that technology, cultural diversity, personal health, and chemical abuse have upon schooling, home life, community stability, and, ultimately, their own students' achievement. Student teachers examine school governance and administration, finance, contemporary issues, and employment preparation. Students build upon student teaching to determine the essential knowledge and skills of educators as change agents and their future roles as first-year teachers. Student teachers only. Offered each semester.","19","0","0","0","19","","McClure, Robert W.","{'fsnum': '16582', 'name': 'McClure, Robert W.'}","300","43","0","0","0","","Issues in Education","","385","{'day': 'Mo', 'end': '16:00', 'location': 'TBA', 'start': '20:00'};{'day': 'Tu', 'end': '16:00', 'location': 'TBA', 'start': '20:00'};{'day': 'We', 'end': '16:00', 'location': 'TBA', 'start': '20:00'};{'day': 'Th', 'end': '16:00', 'location': 'TBA', 'start': '20:00'};{'day': 'Fr', 'end': '16:00', 'location': 'TBA', 'start': '20:00'}","False","False","","1","O","20131","","Research","2013"
"0000089199","3.0","0000000343","EDUC","Students are assigned to a full-time internship in schools under the guidance of a competent cooperating teacher and supervised by faculty from both the content area department and the Education Department. Student teaching provides the best possible introduction to the teaching experience. Student teachers practice all classroom teaching skills required to assure competency to begin their first year of teaching. Minimum of 14 full-time weeks teaching, including orientation sessions and required seminars. Student teachers only -- seniors or college graduates. Offered each semester.","16","0","0","0","16","","Pfarr-Baker, Rosemary A.","{'fsnum': '10410', 'name': 'Pfarr-Baker, Rosemary A.'}","300","43","0","0","0","","Student Teaching","","389","{'day': 'Mo', 'end': '16:00', 'location': '', 'start': '19:30'};{'day': 'Tu', 'end': '16:00', 'location': '', 'start': '19:30'};{'day': 'We', 'end': '16:00', 'location': '', 'start': '19:30'};{'day': 'Th', 'end': '16:00', 'location': '', 'start': '19:30'};{'day': 'Fr', 'end': '16:00', 'location': '', 'start': '19:30'}","False","False","","1","O","20131","","Research","2013"
"0000092073","1.5","0000024290","EDUC","Student teaching provides the best possible introduction to the teaching experience. Student teachers practice all classroom teaching skills required to assure competency to begin their first year of teaching. Students are assigned to a full-time internship in schools under the guidance of a competent cooperating teacher and supervised by faculty from both the content area department and the Education Department. Includes orientation sessions, full-time teaching, and required seminars. Only student teachers can enroll: seniors or college graduates seeking dual licensure. Offered each semester.","0","0","0","0","0","","Staff","{'fsnum': '', 'name': 'Staff'}","300","","0","","","","Student Teach/Dual Licens","","390","","False","False","","1","O","20131","Student Teaching for Dual Licensure: Subject Area","Research","2013"
"0000092074","1.5","0000024290","EDUC","Student teaching provides the best possible introduction to the teaching experience. Student teachers practice all classroom teaching skills required to assure competency to begin their first year of teaching. Students are assigned to a full-time internship in schools under the guidance of a competent cooperating teacher and supervised by faculty from both the content area department and the Education Department. Includes orientation sessions, full-time teaching, and required seminars. Only student teachers can enroll: seniors or college graduates seeking dual licensure. Offered each semester.","1","0","0","0","1","","Pfarr-Baker, Rosemary A.","{'fsnum': '10410', 'name': 'Pfarr-Baker, Rosemary A.'}","300","5","0","","","","Student Teach/Chemistry","","390","","False","False","A","1","O","20131","Student Teaching for Dual Licensure: Subject Area","Research","2013"
"0000092075","1.5","0000024290","EDUC","Student teaching provides the best possible introduction to the teaching experience. Student teachers practice all classroom teaching skills required to assure competency to begin their first year of teaching. Students are assigned to a full-time internship in schools under the guidance of a competent cooperating teacher and supervised by faculty from both the content area department and the Education Department. Includes orientation sessions, full-time teaching, and required seminars. Only student teachers can enroll: seniors or college graduates seeking dual licensure. Offered each semester.","1","0","0","0","1","","Pfarr-Baker, Rosemary A.","{'fsnum': '10410', 'name': 'Pfarr-Baker, Rosemary A.'}","300","5","0","","","","Student Teach/Science","","390","","False","False","B","1","O","20131","Student Teaching for Dual Licensure: Subject Area","Research","2013"
"0000092072","0.5","0000024291","EDUC","Students teaching provides the best possible introduction to the teaching experience. Student teachers practice all classroom teaching skills required to assure competency to begin their first year of teaching. Students are assigned to a full-time internship in schools under the guidance of a competent cooperating teacher and supervised by faculty from both the content area department and the Education Department. Minimum of 6-10 full-time weeks teaching. Only student teachers can enroll: seniors or college graduates seeking an additional license. Offered each semester and Interim. Cannot be taken concurrently with Education 389 or 390. Prerequisite: completion of Education 389 or 390 or equivalent.","1","0","0","0","1","","Pfarr-Baker, Rosemary A.","{'fsnum': '10410', 'name': 'Pfarr-Baker, Rosemary A.'}","300","","0","","","","Student Teach:Addl Licens","","391","","False","completion of Education 389 or 390 or equivalent.","","1","O","20131","Student Teaching: Additional License","Research","2013"
"0000088144","0.5","0000000344","EDUC","","0","0","0","0","0","","Staff","{'fsnum': '', 'name': 'Staff'}","300","","0","","0","","Academic Internship","","394","","True","","","1","C","20131","Internship","Research","2013"
"0000088783","1.0","0000000345","EDUC","","0","0","0","0","0","","Staff","{'fsnum': '', 'name': 'Staff'}","300","","0","","0","","IR/","","398","","False","","","1","O","20131","Independent Research","Research","2013"
"0000088550","1.0","0000021525","ENGL","How do we create poetry, fiction and nonfiction that engages the reader and effectively communicates deeper meaning? In this course students develop a broad foundation of strategies underlying good creative writing. Risk taking and experimentation are encouraged. Students practice ""the practice"" of creative writing through extensive exercises. Students also read examples of contemporary poetry, fiction and nonfiction. Prerequisite: prior or concurrent enrollment in FYW.","23","1","5","11","6","WRI","Kwon Dobbs, Jennifer","{'fsnum': '20156', 'name': 'Kwon Dobbs, Jennifer'}","100","20","","4","","4","Fund of Creative Writing","This course has class year limits.","150","{'day': 'Mo', 'end': '10:00', 'location': 'RML 525', 'start': '09:05'};{'day': 'We', 'end': '10:00', 'location': 'RML 525', 'start': '09:05'};{'day': 'Fr', 'end': '10:00', 'location': 'RML 525', 'start': '09:05'}","False","prior or concurrent enrollment in FYW.","A","1","C","20131","Fundamentals of Creative Writing","Research","2013"
"0000092113","1.0","0000021525","ENGL","How do we create poetry, fiction and nonfiction that engages the reader and effectively communicates deeper meaning? In this course students develop a broad foundation of strategies underlying good creative writing. Risk taking and experimentation are encouraged. Students practice ""the practice"" of creative writing through extensive exercises. Students also read examples of contemporary poetry, fiction and nonfiction. Prerequisite: prior or concurrent enrollment in FYW.","24","7","3","7","7","WRI","Patterson, Juliet","{'fsnum': '25348', 'name': 'Patterson, Juliet'}","100","20","10","3","8","3","Fund of Creative Writing","Open to students who have fulfilled FYW or who are concurrently enrolled in     ;WRIT 111.                                                                       ;This course has class-year limits.","150","{'day': 'Tu', 'end': '14:45', 'location': 'OM 340', 'start': '13:20'};{'day': 'Th', 'end': '15:35', 'location': 'OM 340', 'start': '14:15'}","False","prior or concurrent enrollment in FYW.","B","1","C","20131","Fundamentals of Creative Writing","Research","2013"
"0000088934","1.0","0000000392","ENGL","As they read a variety of mostly contemporary literature from English-speaking countries around the world, students learn strategies of critical analysis and interpretation. They also practice and develop skills in writing and oral communication. This course is required of those beginning the English major. It is not recommended for general education students. Prerequisite: FYW.","17","0","3","12","2","ALS-L;WRI","Wells, Colin","{'fsnum': '8973', 'name': 'Wells, Colin'}","100","18","","1","","0","Literary Studies","Closed to rising Seniors and Juniors except by permission of department.","185","{'day': 'Mo', 'end': '14:55', 'location': 'RML 515', 'start': '14:00'};{'day': 'We', 'end': '14:55', 'location': 'RML 515', 'start': '14:00'};{'day': 'Fr', 'end': '14:55', 'location': 'RML 515', 'start': '14:00'}","False","FYW.","A","1","C","20131","","Research","2013"
"0000088932","1.0","0000000392","ENGL","As they read a variety of mostly contemporary literature from English-speaking countries around the world, students learn strategies of critical analysis and interpretation. They also practice and develop skills in writing and oral communication. This course is required of those beginning the English major. It is not recommended for general education students. Prerequisite: FYW.","16","2","0","13","1","ALS-L;WRI","Hepburn, Joan","{'fsnum': '3322', 'name': 'Hepburn, Joan'}","100","18","","0","","0","Literary Studies","Closed to rising Seniors and Juniors except by permission of department.","185","{'day': 'Tu', 'end': '11:00', 'location': 'RML 421', 'start': '09:35'};{'day': 'Th', 'end': '10:50', 'location': 'RML 421', 'start': '09:30'}","False","FYW.","B","1","C","20131","","Research","2013"
"0000088933","1.0","0000000392","ENGL","As they read a variety of mostly contemporary literature from English-speaking countries around the world, students learn strategies of critical analysis and interpretation. They also practice and develop skills in writing and oral communication. This course is required of those beginning the English major. It is not recommended for general education students. Prerequisite: FYW.","14","1","0","13","0","ALS-L;WRI","Postlethwaite, Diana","{'fsnum': '6403', 'name': 'Postlethwaite, Diana'}","100","18","","0","","0","Literary Studies","Closed to rising Seniors and Juniors except by permission of department.","185","{'day': 'Tu', 'end': '13:10', 'location': 'RML 421', 'start': '23:45'};{'day': 'Th', 'end': '14:05', 'location': 'RML 421', 'start': '12:45'}","False","FYW.","C","1","C","20131","","Research","2013"
"0000091264","1.0","0000025455","ENGL","Since the 19th century, immigrants from Asia and the Pacific Islands have formed communities whose writing has expressed their shifting role as Asian Americans in the culture and economy of the United States. This course provides a multi-genre overview of Asian-American literary traditions in socio-historical context and pays attention to current concerns such as diasporic displacement, gender, intergenerational conflicts, sexuality, transnationalism, and U.S. militarism. Prerequisite: FYW. Offered alternate years.","28","0","12","9","7","ALS-L;MCD","Kwon Dobbs, Jennifer","{'fsnum': '20156', 'name': 'Kwon Dobbs, Jennifer'}","200","30","","","","","Asian American Literature","","203","{'day': 'Mo', 'end': '12:45', 'location': 'RML 515', 'start': '23:50'};{'day': 'We', 'end': '12:45', 'location': 'RML 515', 'start': '23:50'};{'day': 'Fr', 'end': '12:45', 'location': 'RML 515', 'start': '23:50'}","False","FYW. Offered alternate years.","","1","C","20131","","Research","2013"
"0000091269","1.0","0000000410","ENGL","Students explore the histories, cultural patterns, religious practices, key institutions, gender issues, narrative styles, and significant contributions to our nation of an array of racial and multicultural groups. Such diverse writers as Leslie Silko, Chaim Potok, Amy Tan, and Toni Morrison raise questions about voice and identity, both individual and collective. Prerequisite: FYW. Counts toward race and ethnic studies major and concentration, American studies major, and Africa and the Americas concentration.","37","0","10","12","15","ALS-L;MCD;MCS-D","Hepburn, Joan","{'fsnum': '3322', 'name': 'Hepburn, Joan'}","200","30","","","","","Am Racial/Multi Lit","","205","{'day': 'Tu', 'end': '13:10', 'location': 'RML 515', 'start': '23:45'};{'day': 'Th', 'end': '14:05', 'location': 'RML 515', 'start': '12:45'}","False","FYW. Counts toward race and ethnic studies major and concentration, American studies major, and Africa and the Americas concentration.","","1","C","20131","American Racial and Multicultural Literatures","Research","2013"
"0000089250","1.0","0000021527","ENGL","These courses trace the process of literary change during a selected period of approximately one hundred years, providing an experience of chronological breadth and textual variety. Students examine the development of styles, conventions, and forms within a particular national literature or across two or more national literatures. Examples of possible topics include Declarations of Independence in American Literature; Literature of the Atlantic Triangle, 1650-1800, 20th-Century British and Irish Modernism. May be repeated if topics are different. Prerequisite: FYW. Click on course title in the class and lab for more information about the course for that term.","18","0","7","5","6","ALS-L;WRI","Holly, Carol","{'fsnum': '3424', 'name': 'Holly, Carol'}","200","18","0","6","6","6","Top: Dec of Indep","This course has class-year limits.","220","{'day': 'Tu', 'end': '11:00', 'location': 'RML 515', 'start': '09:35'};{'day': 'Th', 'end': '10:50', 'location': 'RML 515', 'start': '09:30'}","False","FYW. Click on course title in the class and lab for more information about the course for that term.","","1","C","20131","Topics in Literary History","Topic","2013"
"0000091265","1.0","0000000397","ENGL","Students explore poetry and prose from the earliest periods in the development of the English language and literature -- by Caedmon, the Beowulf poet, Chaucer, Julian of Norwich, Malory, Spenser, Shakespeare, Lady Mary Wroth, Donne, Milton -- and investigate how literary conventions and social history interact. From sermons to sonnets, students examine 1000 years of literary history and ultimately follow the voyage of English from Britain to the Americas. Prerequisite: FYW.","12","0","7","1","4","","Marsalek, Karen E.","{'fsnum': '10015', 'name': 'Marsalek, Karen E.'}","200","24","","","","","Lit in Engl to 1650","","221","{'day': 'Mo', 'end': '11:40', 'location': 'RML 520', 'start': '10:45'};{'day': 'We', 'end': '11:40', 'location': 'RML 520', 'start': '10:45'};{'day': 'Fr', 'end': '11:40', 'location': 'RML 520', 'start': '10:45'}","False","FYW.","","1","O","20131","Literatures in English to 1650","Research","2013"
"0000088971","1.0","0000025191","ENGL","This course examines the process of literary development in English during two consecutive and contrasting movements: the Neoclassical (1660-1780) and Romantic (1780-1840) periods. Students read the works of representative and important writers from both periods, including Pope, Swift, Austen, Wordsworth, Blake, Shelley, Emerson, Douglass, and others, and examine the development of styles, conventions, and forms in English, Irish, and American literatures. Prerequisite: FYW. Offered periodically.","30","0","13","8","9","ALS-L","Wells, Colin","{'fsnum': '8973', 'name': 'Wells, Colin'}","200","30","","","","","Neoclassic/Romantic Lit","This course has class-year limits.","225","{'day': 'Mo', 'end': '10:00', 'location': 'RML 515', 'start': '09:05'};{'day': 'We', 'end': '10:00', 'location': 'RML 515', 'start': '09:05'};{'day': 'Fr', 'end': '10:00', 'location': 'RML 515', 'start': '09:05'}","False","FYW. Offered periodically.","","1","C","20131","Neoclassical and Romantic Literatures","Research","2013"
"0000091266","1.0","0000025457","ENGL","The 20th century was a period of great achievement in British and Irish literature, as demonstrated by the work of James Joyce, Virginia Woolf, W. B. Yeats, T. S. Eliot, and Samuel Beckett. This course examines the famously innovative work of poets, playwrights, and novelists active during the first half of the century. It then considers postwar writing and the challenges that this literature offered to the ideas and practices associated with modernism. Prerequisite: FYW. Offered annually.","21","0","7","5","9","ALS-L;WRI","Naito, Jon T.","{'fsnum': '21893', 'name': 'Naito, Jon T.'}","200","18","0","7","4","7","20C British & Irish Lit","This course has class-year limits.","229","{'day': 'Mo', 'end': '10:00', 'location': 'RML 420', 'start': '09:05'};{'day': 'We', 'end': '10:00', 'location': 'RML 420', 'start': '09:05'};{'day': 'Fr', 'end': '10:00', 'location': 'RML 420', 'start': '09:05'}","False","FYW. Offered annually.","","1","C","20131","Twentieth-Century British and Irish Literature","Research","2013"
"0000091778","1.0","0000026716","ENGL","Chicano/a identity is perhaps one of the most misunderstood racial/ethnic identities in the United States. It encompasses many possible identities--such as Latino, Hispanic, and Mexican-American--while remaining politically and culturally distinct in its intended meaning. Students explore the history behind constructions of Chicano/a identity as expressed through Civil Rights Movement (post-1964) literature and politics, with the intention of demystifying the contentious sterotypes surrounding this community. Students read works by 3-4 major Chicano/a authors. Prerequisite: FYW. Offered alternate years. Counts toward race and ethnic studies and Latin American studies concentrations.","31","0","10","8","13","ALS-L;MCD","Gallego, Carlos","{'fsnum': '22837', 'name': 'Gallego, Carlos'}","200","30","","","","","Major Chicano/a Authors","","251","{'day': 'Mo', 'end': '13:50', 'location': 'RML 515', 'start': '12:55'};{'day': 'We', 'end': '13:50', 'location': 'RML 515', 'start': '12:55'};{'day': 'Fr', 'end': '13:50', 'location': 'RML 515', 'start': '12:55'}","False","FYW. Offered alternate years. Counts toward race and ethnic studies and Latin American studies concentrations.","","1","C","20131","","Research","2013"
"0000088532","1.0","0000000395","ENGL","This course focuses on verbal folklore: narratives, songs, and shorter forms such as proverbs. It explores their intrinsic qualities as literary creations and also the ways in which they operate together in combination or in dialogue. The folktale and the epic, for example, incorporate a variety of these forms, such as the proverb, the song, or the riddle, to form a complex whole. Prerequisite: FYW.","32","0","7","5","20","ALS-L;MCG;MCS-G;ORC","Mbele, Joseph L.","{'fsnum': '5144', 'name': 'Mbele, Joseph L.'}","200","30","","","","","Folklore","","258","{'day': 'Mo', 'end': '11:40', 'location': 'RML 525', 'start': '10:45'};{'day': 'We', 'end': '11:40', 'location': 'RML 525', 'start': '10:45'};{'day': 'Fr', 'end': '11:40', 'location': 'RML 525', 'start': '10:45'}","False","FYW.","","1","C","20131","","Research","2013"
"0000091268","1.0","0000021510","ENGL","In addition to the traditional practices of literary study, cross-disciplinary courses include materials from at least one other academic discipline, requiring students to compare and combine disciplinary perspectives in literary analysis. Examples of courses taught under this heading might include Literature and Politics; Religion and the Novel; Philosophical Approaches to Literature. May be repeated if topics are different. Prerequisite: FYW. Click on course title in the class and lab for more information about the course for that term.","30","0","9","10","11","ALS-L","Marsalek, Karen E.","{'fsnum': '10015', 'name': 'Marsalek, Karen E.'}","200","30","","","","","Top: Global Shakespeare","","260","{'day': 'Mo', 'end': '13:50', 'location': 'RML 421', 'start': '12:55'};{'day': 'We', 'end': '13:50', 'location': 'RML 421', 'start': '12:55'};{'day': 'Fr', 'end': '13:50', 'location': 'RML 421', 'start': '12:55'}","False","FYW. Click on course title in the class and lab for more information about the course for that term.","","1","C","20131","Topics in Cross-Disciplinary Literary Study","Topic","2013"
"0000091780","1.0","0000026717","ENGL","This course introduces students to the complicated relationship between philosophy and literature from any period between the 16th-century to the present day. Students learn about the intersection of ideas that fall under the general category of ""modernity"" and explore how selected philosophical views influence American and/or English literary works from the Renaissance to the contemporary period. Students gain an understanding of modern philosophies by learning how to incorporate interdisciplinary theories when engaging in literary analysis. Prerequisite: FYW. Offered alternate years.","34","0","16","8","10","ALS-L","Gallego, Carlos","{'fsnum': '22837', 'name': 'Gallego, Carlos'}","200","30","","","","","Lit and Modern Philosophy","","268","{'day': 'Mo', 'end': '11:40', 'location': 'RML 421', 'start': '10:45'};{'day': 'We', 'end': '11:40', 'location': 'RML 421', 'start': '10:45'};{'day': 'Fr', 'end': '11:40', 'location': 'RML 421', 'start': '10:45'}","False","FYW. Offered alternate years.","","1","C","20131","Literature and Modern Philosophy","Research","2013"
"0000091777","1.0","0000026718","ENGL","Students explore what it means to be literate in an age of new media by reading critical scholarship and comparing the ways they read, interpret, and learn from digital texts, such as fan fiction websites, social media, and video games, to ways they read, interpret, and learn from printed media (e.g., books, poems, or plays). In their final, digital project, students critically examine the use of new media to make humanities scholarship more ""public."" Prerequisite: FYW. Offered alternate years. Counts toward media studies concentration.","18","0","3","0","15","WRI","Richards, Rebecca S.","{'fsnum': '22838', 'name': 'Richards, Rebecca S.'}","200","18","","","","","Digital Rhetoric/Literacy","","285","{'day': 'Mo', 'end': '13:50', 'location': 'CAD 204', 'start': '12:55'};{'day': 'We', 'end': '13:50', 'location': 'CAD 204', 'start': '12:55'};{'day': 'Fr', 'end': '13:50', 'location': 'CAD 204', 'start': '12:55'}","False","FYW. Offered alternate years. Counts toward media studies concentration.","","1","C","20131","Digital Rhetorics and New Media Literacies","Research","2013"
"0000088450","1.0","0000000413","ENGL","From the intimate personal essay to more externally driven literary journalism, creative nonfiction covers a range of forms. Students learn to combine fictional techniques, personal recollections, and direct exposition in assignments that might include memoir, personal essay, cultural criticism, nature writing, book and film reviewing, and ""new journalism."" Contemporary nonfiction writers such as Annie Dillard, Scott Russell Sanders, Judith Ortiz Cofer, and John McPhee provide models and inspiration for writing in the course. Prerequisites: FYW and at least sophomore status.","15","0","5","0","10","WRI","Percy, Benjamin","{'fsnum': '23612', 'name': 'Percy, Benjamin'}","200","16","","","","","Creative Wrtg: Non-Fic","","291","{'day': 'Tu', 'end': '09:25', 'location': 'RML 520', 'start': '08:00'};{'day': 'Th', 'end': '09:20', 'location': 'RML 520', 'start': '08:00'}","False","Prerequisites: FYW and at least sophomore status.","A","1","C","20131","Intermediate Creative Nonfiction Writing","Research","2013"
"0000092114","1.0","0000000413","ENGL","From the intimate personal essay to more externally driven literary journalism, creative nonfiction covers a range of forms. Students learn to combine fictional techniques, personal recollections, and direct exposition in assignments that might include memoir, personal essay, cultural criticism, nature writing, book and film reviewing, and ""new journalism."" Contemporary nonfiction writers such as Annie Dillard, Scott Russell Sanders, Judith Ortiz Cofer, and John McPhee provide models and inspiration for writing in the course. Prerequisites: FYW and at least sophomore status.","15","0","6","1","8","WRI","Patterson, Juliet","{'fsnum': '25348', 'name': 'Patterson, Juliet'}","200","16","","","","","Creative Wrtg: Non-Fic","","291","{'day': 'Tu', 'end': '13:10', 'location': 'OM 340', 'start': '23:45'};{'day': 'Th', 'end': '14:05', 'location': 'OM 340', 'start': '12:45'}","False","Prerequisites: FYW and at least sophomore status.","B","1","C","20131","Intermediate Creative Nonfiction Writing","Research","2013"
"0000088687","1.0","0000021509","ENGL","In this course students read and write contemporary poetry intensively and explore the writer's craft. Students peer-edit each others' writing. Prerequisites: FYW and at least sophomore status.","13","0","6","4","3","WRI","Schwehn, Kaethe","{'fsnum': '19355', 'name': 'Schwehn, Kaethe'}","200","16","0","","","4","Intermed Poetry Wrtg","This course has class year limits.","292","{'day': 'Tu', 'end': '13:10', 'location': 'RML 520', 'start': '23:45'};{'day': 'Th', 'end': '14:05', 'location': 'RML 520', 'start': '12:45'}","False","Prerequisites: FYW and at least sophomore status.","","1","C","20131","Intermediate Poetry Writing","Research","2013"
"0000091848","1.0","0000021528","ENGL","In this course students read and write contemporary fiction intensively and explore the writer's craft. Students peer-edit each others' writing. Prerequisites: FYW and at least sophomore status.","16","0","5","0","11","WRI","Percy, Benjamin","{'fsnum': '23612', 'name': 'Percy, Benjamin'}","200","16","","","","","Intermed Fiction Writing","","293","{'day': 'Mo', 'end': '22:00', 'location': 'RML 420', 'start': '19:00'}","False","Prerequisites: FYW and at least sophomore status.","","1","C","20131","Intermediate Fiction Writing","Research","2013"
"0000088145","1.0","0000000433","ENGL","","0","0","0","0","0","","Staff","{'fsnum': '', 'name': 'Staff'}","200","","","","","","Academic Internship","","294","","True","","","1","C","20131","Internship","Research","2013"
"0000092041","0.5","0000000433","ENGL","","1","0","0","0","1","","Richards, Rebecca S.","{'fsnum': '22838', 'name': 'Richards, Rebecca S.'}","200","","","","","","Academic Internship","","294","","True","","A","1","C","20131","Internship","Research","2013"
"0000089114","1.0","0000000443","ENGL","Students learn the techniques of screenwriting, including how to write a treatment, to create backstories, and to break down scenes. Each student produces and revises a narrative screenplay. Prerequisites: FYW and at least sophomore status. Counts toward film studies concentration.","18","0","7","0","11","WRI","Pope, Thomas","{'fsnum': '21836', 'name': 'Pope, Thomas'}","200","18","","","","","Screenwriting","","296","{'day': 'Th', 'end': '22:00', 'location': 'RML 520', 'start': '19:00'}","False","Prerequisites: FYW and at least sophomore status. Counts toward film studies concentration.","","1","C","20131","","Research","2013"
"0000088869","1.0","0000000434","ENGL","","0","0","0","0","0","","Staff","{'fsnum': '', 'name': 'Staff'}","200","","","","","","IS/","","298","","False","","","1","O","20131","Independent Study","Research","2013"
"0000093387","1.0","0000000434","ENGL","","1","0","0","0","1","","Mbele, Joseph L.","{'fsnum': '5144', 'name': 'Mbele, Joseph L.'}","200","","","","","","IS/Mind of E. Hemingway","","298","","False","","A","1","O","20131","Independent Study","Research","2013"
"0000091271","1.0","0000000446","ENGL","Students examine the work of a major British author. Through attention to life experiences, cultural contexts, and the impact of history, the course offers students a complex understanding of a major author's literary achievement. Recent authors have included Milton, Dickens, George Eliot, Joyce, and Woolf. Because such study is intensive and requires background, students should have prior exposure to the author studied. May be repeated if topics are different. Prerequisites: English 185 plus at least two English courses at level II, or permission of the instructor. Click on course title in the class and lab for more information about the course for that term.","17","0","8","0","9","","Postlethwaite, Diana","{'fsnum': '6403', 'name': 'Postlethwaite, Diana'}","300","15","0","","0","","Sem: Austen, Eliot, Woolf","Open to rising juniors and seniors who have completed English 185 and at        ;least two level-II English courses or by permission of instructor.","391","{'day': 'Tu', 'end': '11:00', 'location': 'RML 520', 'start': '09:35'};{'day': 'Th', 'end': '10:50', 'location': 'RML 520', 'start': '09:30'}","False","Prerequisites: English 185 plus at least two English courses at level II, or permission of the instructor. Click on course title in the class and lab for more information about the course for that term.","","1","C","20131","Major British Authors","Seminar","2013"
"0000088146","1.0","0000000449","ENGL","","0","0","0","0","0","","Staff","{'fsnum': '', 'name': 'Staff'}","300","","","","","","Academic Internship","","394","","True","","","1","C","20131","Internship","Research","2013"
"0000091272","1.0","0000000450","ENGL","Students analyze from a broadly cultural view the political, religious, and intellectual debates of Chaucer's day as reflected in his greatest work, the Canterbury Tales. Students examine the Canterbury Tales through the lens of ethics, using readings in ethical theory to better understand moral questions, Chaucer's poetry, and ourselves -- as interpreters of literature and moral agents. Prerequisites: English 185 plus at least two English courses at level II; completion of BTS-T; or permission of the instructor. Counts toward medieval studies major.","17","0","1","0","16","EIN","Cherewatuk, Karen","{'fsnum': '1076', 'name': 'Cherewatuk, Karen'}","300","15","0","","0","","Chaucer and Ethics","Open only to rising Juniors and Seniors who have completed English 185 and at   ;least two level-II English courses or by permission of instructor.","395","{'day': 'Mo', 'end': '08:55', 'location': 'RML 520', 'start': '08:00'};{'day': 'We', 'end': '08:55', 'location': 'RML 520', 'start': '08:00'};{'day': 'Fr', 'end': '08:55', 'location': 'RML 520', 'start': '08:00'}","False","Prerequisites: English 185 plus at least two English courses at level II; completion of BTS-T; or permission of the instructor. Counts toward medieval studies major.","","1","C","20131","Chaucer from an Ethical Perspective","Research","2013"
"0000089094","1.0","0000019351","ENGL","This course provides a comprehensive research opportunity, including an introduction to relevant background material, technical instruction, identification of a meaningful project, and data collection. The topic is determined by the faculty member in charge of the course and may relate to his/her research interests. Prerequisites: Determined by individual instructor. Offered based on department decision. May be offered as a 1.00 credit course or .50 credit course.","5","0","1","0","4","","Pope, Thomas","{'fsnum': '21836', 'name': 'Pope, Thomas'}","300","6","","","","","Res: Adv Screenwriting","Prerequisites: completion of English 296 Screenwriting and permission of the    ;instructor.","396","","False","Prerequisites: Determined by individual instructor. Offered based on department decision. May be offered as a 1.00 credit course or .50 credit course.","","1","O","20131","Directed Undergraduate Research: ""Topic Description""","Research","2013"
"0000088776","1.0","0000000451","ENGL","","0","0","0","0","0","","Staff","{'fsnum': '', 'name': 'Staff'}","300","","","","","","IR/","","398","","False","","","1","O","20131","Independent Research","Research","2013"
"0000092058","1.0","0000000451","ENGL","","1","0","0","0","1","","Naito, Jon T.","{'fsnum': '21893', 'name': 'Naito, Jon T.'}","300","","","","","","IR/Consciousness, Ulysses","","398","","False","","A","1","O","20131","Independent Research","Research","2013"
"0000089121","1.0","0000000452","ENGL","In this seminar, students learn about a range of methods for literary research by exploring literature in the context of critical, theoretical, cultural, or historical materials. For each student, the centerpiece of the course is the research and writing of a long essay that represents his or her individual research interests. Students share and respond to each other's work-in-progress and present their completed projects to the seminar. May be repeated if topics are different. Prerequisites: Open to rising juniors and seniors who have completed English 185 and at least two level II English courses or by permission of the instructor.","16","0","2","0","14","EIN","Naito, Jon T.","{'fsnum': '21893', 'name': 'Naito, Jon T.'}","300","15","0","","0","","Sem: Why Poetry?","Open to rising juniors and seniors who have completed English 185 and at        ;least two level-II English courses or by permission of instructor.              ;This course has class-year limits.","399","{'day': 'Mo', 'end': '12:45', 'location': 'RNS 124', 'start': '23:50'};{'day': 'We', 'end': '12:45', 'location': 'RNS 124', 'start': '23:50'};{'day': 'Fr', 'end': '12:45', 'location': 'RNS 124', 'start': '23:50'}","False","Prerequisites: Open to rising juniors and seniors who have completed English 185 and at least two level II English courses or by permission of the instructor.","","1","C","20131","The Major Seminar","Seminar","2013"
"0000088744","1.0","0000000455","ENVST","This interdisciplinary course uses basic concepts of environmental science to explore global environmental issues. Topics are drawn from recent texts and current periodic literature, and participants will recognize many of the themes from coverage in the media. Because most environmental problems involve issues beyond the sciences, the class examines the economic, political, and ethical dimensions of environmental questions and environmental decision-making. Offered each semester.","53","21","8","16","8","IST;NST","Jackson, Paul T.","{'fsnum': '3644', 'name': 'Jackson, Paul T.'}","100","52","","8","15","5","Intro: Env Studies","This course has class year limits.","137","{'day': 'Tu', 'end': '09:25', 'location': 'RNS 290', 'start': '08:00'};{'day': 'Th', 'end': '09:20', 'location': 'RNS 290', 'start': '08:00'}","False","False","","1","C","20131","Introduction to Environmental Studies","Research","2013"
"0000088453","1.0","0000000453","ENVST","This American environmental history course explores the social construction of nature in the 20th century, looking at the roots (both natural and cultural) of contemporary environmental issues. To figure out what nature means to us now, students study the history of stuff, the culture of grasslands and lawns, the changing character of the city and the country, the nature of the suburbs, the conservation and preservation movements, different energy ecologies, the nature of TV, the contemporary environmental movement, and alternative ecological practices. They also use the St. Olaf campus as a case study of environmental design. Offered annually. Counts toward American studies major.","28","0","8","9","11","HWC","Allister, Mark","{'fsnum': '110', 'name': 'Allister, Mark'}","200","30","","","","","Culture of Nature","","202","{'day': 'Mo', 'end': '11:40', 'location': 'RML 515', 'start': '10:45'};{'day': 'We', 'end': '11:40', 'location': 'RML 515', 'start': '10:45'};{'day': 'Fr', 'end': '11:40', 'location': 'RML 515', 'start': '10:45'}","False","False","","1","C","20131","The Culture of Nature","Research","2013"
"0000088483","1.0","0000000459","ENVST","This course analyzes environmental regulation in the United States with respect to its historical evolution, its ability to achieve environmental targets, its efficiency or cost-effectiveness, its distributional impact on jobs, people, and industries across the country, and its international ramifications. Class meetings include open discussions with individuals from agencies charged with developing and enforcing environmental regulation. Offered annually.","23","0","5","8","10","HBS","Binder, Seth","{'fsnum': '25322', 'name': 'Binder, Seth'}","200","24","","","","","Env Policy/Regulation","","232","{'day': 'Tu', 'end': '11:00', 'location': 'TOH 112', 'start': '09:35'};{'day': 'Th', 'end': '10:50', 'location': 'TOH 112', 'start': '09:30'}","False","False","","1","C","20131","Environmental Policy and Regulation","Research","2013"
"0000089092","1.0","0000000461","ENVST","Remote sensing and GIS are increasingly used to address basic and applied questions in the environmental sciences and a host of other disciplines. Students survey available remote sensing image types and learn to process (ground-truthing, GPS, scanning, digitizing) and interpret remotely sensed images. They also learn theory and practice of geographic information systems (basic cartography and spatial statistics). A weekly three-hour laboratory is required. Prerequisites: Environmental Studies 137 or a level I course in biology, chemistry, or physics. Offered annually.","17","0","6","4","7","IST;NSL;NST;SED","Olmanson, Leif G.","{'fsnum': '21149', 'name': 'Olmanson, Leif G.'}","200","16","","","","","Remote Sensing & GIS","Students in Env St 255 must also register for lab Env St 255 L.","255","{'day': 'Mo', 'end': '10:00', 'location': 'RNS 400', 'start': '09:05'};{'day': 'We', 'end': '10:00', 'location': 'RNS 400', 'start': '09:05'};{'day': 'Fr', 'end': '10:00', 'location': 'RNS 400', 'start': '09:05'}","False","Prerequisites: Environmental Studies 137 or a level I course in biology, chemistry, or physics. Offered annually.","","1","C","20131","Remote Sensing and Geographic Information Systems","Research","2013"
"0000089093","","0000016388","ENVST","","17","0","6","4","7","","Olmanson, Leif G.","{'fsnum': '21149', 'name': 'Olmanson, Leif G.'}","200","16","","","","","Remote Sensing & GIS Lab","","255","{'day': 'We', 'end': '16:00', 'location': 'RNS 400', 'start': '13:00'}","False","","","1","C","20131","","Lab","2013"
"0000091289","1.0","0000000463","ENVST","This seminar-style course develops students' abilities to reflect on Americans' encounters with their landscape traditions. Students study ways Americans have built on the land and have worshipped and represented nature in paintings, photographs, and advertisements. Students learn to read landscapes to discover how artistically, religiously, and ecologically important the landscape tradition has been in the United States and to become thoughtful viewers and creators of landscapes. Counts toward major: Art, American studies, art history, and environmental studies. Counts toward concentration: American studies and environmental studies. Offered annually.","26","1","9","11","5","ALS-A;HWC","Rohn, Matthew","{'fsnum': '6758', 'name': 'Rohn, Matthew'}","200","28","","","","","Nature & Am Landscape","","270","{'day': 'Tu', 'end': '13:10', 'location': 'CAD 305', 'start': '23:45'};{'day': 'Th', 'end': '14:05', 'location': 'CAD 305', 'start': '12:45'}","False","False","","1","C","20131","Nature and American Landscapes","Research","2013"
"0000088147","1.0","0000000464","ENVST","","0","0","0","0","0","","Staff","{'fsnum': '', 'name': 'Staff'}","200","","","","","","Academic Internship","","294","","True","","","1","C","20131","Internship","Research","2013"
"0000088868","1.0","0000000465","ENVST","","0","0","0","0","0","","Staff","{'fsnum': '', 'name': 'Staff'}","200","","","","","","IS/","","298","","False","","","1","O","20131","Independent Study","Research","2013"
"0000089267","1.0","0000018782","ENVST","Env Studies 381 Ecosystems Research (Natural Science) - John Schade;Students in this course will learn the process of identifying and developing a research proposal focused on a significant question in ecosystem science. We will discuss how to generate good research questions and hypotheses, find and synthesize important literature sources from the library, and develop a research plan. The final produce of student activities will be a research proposal. Students will also lead and participate in discussions of current literature in ecosystem science. The content of the course will be determined in part by student interest, within the constraint that topics must address an important concept in the study of ecosystems.","19","0","5","0","14","","Jackson, Paul T.","{'fsnum': '3644', 'name': 'Jackson, Paul T.'}","300","18","0","","","","Top: Green Bldg & Remodel","","381","{'day': 'Mo', 'end': '14:55', 'location': 'RNS 297', 'start': '14:00'};{'day': 'We', 'end': '14:55', 'location': 'RNS 297', 'start': '14:00'};{'day': 'Fr', 'end': '14:55', 'location': 'RNS 297', 'start': '14:00'}","False","False","","1","C","20131","Advanced Research Topics in Environmental Studies","Topic","2013"
"0000088148","1.0","0000000466","ENVST","","0","0","0","0","0","","Staff","{'fsnum': '', 'name': 'Staff'}","300","","","","","","Academic Internship","","394","","True","","","1","C","20131","Internship","Research","2013"
"0000088798","1.0","0000000467","ENVST","","0","0","0","0","0","","Staff","{'fsnum': '', 'name': 'Staff'}","300","","","","","","IR/","","398","","False","","","1","O","20131","Independent Research","Research","2013"
"0000091357","1.0","0000000456","ES/PS","Population growth, industrialization, and the consumption of fossil fuels have increased global environmental problems. The course examines the ways in which nation-states and/or international institutions have addressed these environmental concerns. Depending on the instructor, the focus of the course is either the environmental problems of a particular area (e.g., Latin America, Russia or Asia) or a broader global arena (e.g., international institutions and the environment). Offered alternate years.","26","1","8","9","8","HBS","Pahnke, Anthony","{'fsnum': '25362', 'name': 'Pahnke, Anthony'}","200","24","","","","","Global Env Politics","","201","{'day': 'Tu', 'end': '14:45', 'location': 'RNS 208', 'start': '13:20'};{'day': 'Th', 'end': '15:35', 'location': 'RNS 208', 'start': '14:15'}","False","False","","1","C","20131","Topics in Global Environmental Politics","Research","2013"
"0000093600","0.25","0000000995","ESAC","Physical Education (0.25)","1","0","0","0","1","PHA;SPM","Book, Cindy","{'fsnum': '694', 'name': 'Book, Cindy'}","100","1","","","","","Individualized ESAC","","100","","True","False","","1","C","20131","Individualized Physical Education","Research","2013"
"0000088581","0.25","0000000997","ESAC","This course presents an introduction/review of beginning golf skills, rules, and strategies. The course is not intended for the experienced golfer. Equipment available. Lab fee.","14","0","2","0","12","PHA;SPM","Kosmoski, Daniel","{'fsnum': '4502', 'name': 'Kosmoski, Daniel'}","100","14","","","","","Golf","","103","{'day': 'Tu', 'end': '13:50', 'location': 'SAC FH', 'start': '23:50'};{'day': 'Th', 'end': '14:45', 'location': 'SAC FH', 'start': '12:45'}","False","False","","1","C","20131","","Research","2013"
"0000089102","0.25","0000000998","ESAC","Students learn basic rock climbing skills, techniques, and safety procedures.","11","0","1","1","9","PHA;SPM","Tegtmeyer, Judy","{'fsnum': '8272', 'name': 'Tegtmeyer, Judy'}","100","12","","","","","Rock Climbing","","106","{'day': 'Tu', 'end': '10:30', 'location': 'Tostrud Ctr', 'start': '09:35'};{'day': 'Th', 'end': '10:30', 'location': 'Tostrud Ctr', 'start': '09:35'}","False","False","","1","C","20131","","Research","2013"
"0000088631","0.25","0000000999","ESAC","Students learn basic skills and techniques of in-line skating. Equipment is required for participation.","20","1","3","3","13","PHA;SPM","Cullen, Patrick T.","{'fsnum': '16712', 'name': 'Cullen, Patrick T.'}","100","24","","","","","In-Line Skating","","108","{'day': 'Mo', 'end': '14:55', 'location': 'SAC Gym South', 'start': '14:00'};{'day': 'We', 'end': '14:55', 'location': 'SAC Gym South', 'start': '14:00'};{'day': 'Fr', 'end': '14:55', 'location': 'SAC Gym South', 'start': '14:00'}","False","False","","1","O","20131","","Research","2013"
"0000089287","0.25","0000001003","ESAC","Students learn the fundamental skills, rules, techniques, and strategies associated with the sport of ultimate frisbee.","20","0","6","5","9","PHA;SPM","Nesbit, Scott","{'fsnum': '5580', 'name': 'Nesbit, Scott'}","100","22","","","","","Ultimate Frisbee","","117","{'day': 'Tu', 'end': '10:30', 'location': 'SAC FH', 'start': '09:35'};{'day': 'Th', 'end': '10:30', 'location': 'SAC FH', 'start': '09:35'}","False","False","","1","C","20131","","Research","2013"
"0000088929","0.25","0000023242","ESAC","This course introduces students to a wide range of lifetime sports and games. Students learn the history and origin of these activities along with the basic rules, etiquette, and strategies.","21","0","3","1","17","PHA;SPM","Nesbit, Scott","{'fsnum': '5580', 'name': 'Nesbit, Scott'}","100","22","","","","","Lifetime Sports and Games","","118","{'day': 'Mo', 'end': '13:50', 'location': 'Tostrud Ctr', 'start': '12:55'};{'day': 'We', 'end': '13:50', 'location': 'Tostrud Ctr', 'start': '12:55'}","False","False","","1","C","20131","","Research","2013"
"0000088325","0.25","0000001004","ESAC","This course is for the non-swimming and the novice swimmer only.","19","0","4","2","13","PHA;SPM","Hauck, Bob","{'fsnum': '3165', 'name': 'Hauck, Bob'}","100","24","","","","","Beginning Swimming","","121","{'day': 'Mo', 'end': '11:40', 'location': 'SAC Pool', 'start': '10:45'};{'day': 'We', 'end': '11:40', 'location': 'SAC Pool', 'start': '10:45'}","False","False","","1","C","20131","","Research","2013"
"0000088382","0.25","0000001007","ESAC","This course offers instruction in and practice of the basic techniques of canoeing; safety in handling the canoe. Prerequisite: ability to swim. Lab fee.","15","0","5","1","9","PHA;SPM","Hauck, Bob","{'fsnum': '3165', 'name': 'Hauck, Bob'}","100","19","","","","","Canoeing","","125","{'day': 'Mo', 'end': '14:55', 'location': 'Tostrud Ctr', 'start': '12:55'};{'day': 'We', 'end': '14:55', 'location': 'Tostrud Ctr', 'start': '12:55'}","False","ability to swim. Lab fee.","","1","C","20131","","Research","2013"
"0000089203","0.25","0000001010","ESAC","This is an aerobic-based course utilizing swimming and water excersises. Prerequisite: Be able to swim 300 yards.","21","0","4","3","14","PHA;SPM","Anderson, Kurt","{'fsnum': '228', 'name': 'Anderson, Kurt'}","100","24","","","","","Swim Fitness","","130","{'day': 'Mo', 'end': '08:55', 'location': 'SAC Pool', 'start': '08:00'};{'day': 'We', 'end': '08:55', 'location': 'SAC Pool', 'start': '08:00'}","False","Be able to swim 300 yards.","A","1","C","20131","","Research","2013"
"0000089204","0.25","0000001010","ESAC","This is an aerobic-based course utilizing swimming and water excersises. Prerequisite: Be able to swim 300 yards.","24","0","11","3","10","PHA;SPM","Hauck, Bob","{'fsnum': '3165', 'name': 'Hauck, Bob'}","100","24","","","","","Swim Fitness","","130","{'day': 'Tu', 'end': '10:35', 'location': 'SAC Pool', 'start': '09:35'};{'day': 'Th', 'end': '10:35', 'location': 'SAC Pool', 'start': '09:35'}","False","Be able to swim 300 yards.","B","1","C","20131","","Research","2013"
"0000088232","0.25","0000001011","ESAC","Students learn and apply the basic principles of fitness through a variety of aerobic activities.","19","0","6","0","13","PHA;SPM","McCarthy, Robert K.","{'fsnum': '14953', 'name': 'McCarthy, Robert K.'}","100","25","","","","","Aerobics","","131","{'day': 'Mo', 'end': '08:55', 'location': 'Tostrud Ctr', 'start': '08:00'};{'day': 'We', 'end': '08:55', 'location': 'Tostrud Ctr', 'start': '08:00'}","False","False","","1","C","20131","","Research","2013"
"0000088639","0.5","0000001012","ESAC","Students personally apply the basic principles of exercise through conditioning, strength development, endurance training, and aerobic activities. Students participate in a wide range of assessments designed to enhance physical fitness.","15","5","0","5","5","PHA;SPM","Stromme, David A.","{'fsnum': '19528', 'name': 'Stromme, David A.'}","100","25","4","0","5","15","Individual Fitness.50","Open to seniors.","133","{'day': 'Mo', 'end': '08:55', 'location': 'SAC 112', 'start': '08:00'};{'day': 'We', 'end': '08:55', 'location': 'SAC 112', 'start': '08:00'};{'day': 'Fr', 'end': '08:55', 'location': 'SAC 112', 'start': '08:00'}","False","False","A","1","O","20131","Individual Fitness","Research","2013"
"0000088638","0.5","0000001012","ESAC","Students personally apply the basic principles of exercise through conditioning, strength development, endurance training, and aerobic activities. Students participate in a wide range of assessments designed to enhance physical fitness.","23","0","9","4","10","PHA;SPM","Kosmoski, Daniel","{'fsnum': '4502', 'name': 'Kosmoski, Daniel'}","100","25","","","","","Individual Fitness.50","","133","{'day': 'Mo', 'end': '10:00', 'location': 'SAC 112', 'start': '09:05'};{'day': 'We', 'end': '10:00', 'location': 'SAC 112', 'start': '09:05'};{'day': 'Fr', 'end': '10:00', 'location': 'SAC 112', 'start': '09:05'}","False","False","B","1","C","20131","Individual Fitness","Research","2013"
"0000088640","0.5","0000001012","ESAC","Students personally apply the basic principles of exercise through conditioning, strength development, endurance training, and aerobic activities. Students participate in a wide range of assessments designed to enhance physical fitness.","24","0","6","1","17","PHA;SPM","Anderson, Kurt","{'fsnum': '228', 'name': 'Anderson, Kurt'}","100","25","","","","","Individual Fitness.50","","133","{'day': 'Mo', 'end': '12:45', 'location': 'SAC 112', 'start': '23:50'};{'day': 'We', 'end': '12:45', 'location': 'SAC 112', 'start': '23:50'};{'day': 'Fr', 'end': '12:45', 'location': 'SAC 112', 'start': '23:50'}","False","False","C","1","C","20131","Individual Fitness","Research","2013"
"0000088921","0.25","0000001014","ESAC","This is an aerobic-based course utilizing instruction and participation in running and jogging to enhance personal fitness and training knowledge.","21","1","9","2","9","PHA;SPM","Varpness, Vincent","{'fsnum': '19484', 'name': 'Varpness, Vincent'}","100","25","","","","","Jogging/Running","","135","{'day': 'Tu', 'end': '10:30', 'location': 'Tostrud Ctr', 'start': '09:35'};{'day': 'Th', 'end': '10:30', 'location': 'Tostrud Ctr', 'start': '09:35'}","False","False","","1","C","20131","","Research","2013"
"0000088527","0.25","0000001015","ESAC","This is an aerobic-based course utilizing instruction and participation in walking to enhance personal fitness and training knowledge.","21","0","7","4","10","PHA;SPM","Kosmoski, Daniel","{'fsnum': '4502', 'name': 'Kosmoski, Daniel'}","100","25","","","","","Fitness Walking","","136","{'day': 'Tu', 'end': '10:30', 'location': 'Tostrud Ctr', 'start': '09:35'};{'day': 'Th', 'end': '10:30', 'location': 'Tostrud Ctr', 'start': '09:35'}","False","False","A","1","C","20131","","Research","2013"
"0000088528","0.25","0000001015","ESAC","This is an aerobic-based course utilizing instruction and participation in walking to enhance personal fitness and training knowledge.","25","1","9","0","15","PHA;SPM","Anderson, Kurt","{'fsnum': '228', 'name': 'Anderson, Kurt'}","100","25","","","","","Fitness Walking","","136","{'day': 'Tu', 'end': '10:30', 'location': 'Tostrud Ctr', 'start': '09:35'};{'day': 'Th', 'end': '10:30', 'location': 'Tostrud Ctr', 'start': '09:35'}","False","False","B","1","C","20131","","Research","2013"
"0000089347","0.5","0000001016","ESAC","Students learn the principles, techniques and safety aspects of weight-training and implement a personal training plan. Students participate in a wide range of assessments (strength, power, endurance, nutrition, flexibility, body composition, stress).","23","3","4","3","13","PHA;SPM","McCarthy, Robert K.","{'fsnum': '14953', 'name': 'McCarthy, Robert K.'}","100","25","","","","","Wt Training Co-Ed .50","","140","{'day': 'Mo', 'end': '10:00', 'location': 'TPH Wt Rm', 'start': '09:05'};{'day': 'We', 'end': '10:00', 'location': 'TPH Wt Rm', 'start': '09:05'};{'day': 'Fr', 'end': '10:00', 'location': 'TPH Wt Rm', 'start': '09:05'}","False","False","","1","O","20131","Weight Training","Research","2013"
"0000089349","0.25","0000001017","ESAC","Students learn the principles of training, basic techniques, and safety procedures. Students develop and implement a personal training plan during the course.","23","1","4","7","11","PHA;SPM","Stern, Craig D.","{'fsnum': '16722', 'name': 'Stern, Craig D.'}","100","25","","","","","Wt Training-Men","","141","{'day': 'Tu', 'end': '08:55', 'location': 'TPH Wt Rm', 'start': '08:00'};{'day': 'Th', 'end': '08:55', 'location': 'TPH Wt Rm', 'start': '08:00'}","False","False","A","1","O","20131","Weight Training Men","Research","2013"
"0000089348","0.25","0000001017","ESAC","Students learn the principles of training, basic techniques, and safety procedures. Students develop and implement a personal training plan during the course.","21","1","5","4","11","PHA;SPM","Stern, Craig D.","{'fsnum': '16722', 'name': 'Stern, Craig D.'}","100","25","","","","","Wt Training-Men","","141","{'day': 'Tu', 'end': '10:30', 'location': 'TPH Wt Rm', 'start': '09:35'};{'day': 'Th', 'end': '10:30', 'location': 'TPH Wt Rm', 'start': '09:35'}","False","False","B","1","O","20131","Weight Training Men","Research","2013"
"0000089350","0.25","0000001017","ESAC","Students learn the principles of training, basic techniques, and safety procedures. Students develop and implement a personal training plan during the course.","15","0","2","0","13","PHA;SPM","Ahrar, Shahram","{'fsnum': '17543', 'name': 'Ahrar, Shahram'}","100","25","","","","","Wt Training-Men","","141","{'day': 'Mo', 'end': '21:00', 'location': 'Tostrud Ctr', 'start': '19:00'}","False","False","C","1","O","20131","Weight Training Men","Research","2013"
"0000089352","0.25","0000001018","ESAC","Students learn the principles of training, basic techniques, and safety procedures. Students develop and implement a personal training plan during the course.","20","0","6","2","12","PHA;SPM","Daymont, Christine","{'fsnum': '1358', 'name': 'Daymont, Christine'}","100","25","","","","","Wt Training-Women","","142","{'day': 'Tu', 'end': '08:55', 'location': 'Tostrud Ctr', 'start': '08:00'};{'day': 'Th', 'end': '08:55', 'location': 'Tostrud Ctr', 'start': '08:00'}","False","False","","1","C","20131","Weight Training Women","Research","2013"
"0000089084","0.5","0000001019","ESAC","This course offers instruction in basic strokes, history, rules, etiquette, and terminology of racquet sports (tennis, racquetball, badminton, pickleball, table tennis). Students participate in a wide range of assessments designed to enhance physical fitness (strength, endurance, nutrition, flexibility, body composition, stress).","18","0","9","1","8","PHA;SPM","Nesbit, Scott","{'fsnum': '5580', 'name': 'Nesbit, Scott'}","100","16","","","","","Racquet Sports .50","","150","{'day': 'Mo', 'end': '14:55', 'location': 'SAC Gym North', 'start': '14:00'};{'day': 'We', 'end': '14:55', 'location': 'SAC Gym North', 'start': '14:00'};{'day': 'Fr', 'end': '14:55', 'location': 'SAC Gym North', 'start': '14:00'}","False","False","","1","C","20131","Racquet Sports","Research","2013"
"0000088277","0.25","0000001020","ESAC","This course offers instruction/review of fundamental skills, rules, and etiquette of badminton. Students focus on basic strategy in games playing.","12","0","4","1","7","PHA;SPM","Varpness, Vincent","{'fsnum': '19484', 'name': 'Varpness, Vincent'}","100","16","","","","","Badminton","","151","{'day': 'Tu', 'end': '08:55', 'location': 'SAC Gym North', 'start': '08:00'};{'day': 'Th', 'end': '08:55', 'location': 'SAC Gym North', 'start': '08:00'}","False","False","A","1","C","20131","","Research","2013"
"0000088278","0.25","0000001020","ESAC","This course offers instruction/review of fundamental skills, rules, and etiquette of badminton. Students focus on basic strategy in games playing.","16","0","3","3","10","PHA;SPM","Stromme, David A.","{'fsnum': '19528', 'name': 'Stromme, David A.'}","100","16","","","","","Badminton","","151","{'day': 'Tu', 'end': '12:40', 'location': 'SAC Gym North', 'start': '23:45'};{'day': 'Th', 'end': '13:40', 'location': 'SAC Gym North', 'start': '12:45'}","False","False","B","1","C","20131","","Research","2013"
"0000089219","0.25","0000001022","ESAC","This course offers instruction/review of basic strokes, history, rules, etiquette, and terminology of tennis. Students learn basic competition strategies in singles and doubles match play.","20","1","4","4","11","PHA;SPM","Nesbit, Scott","{'fsnum': '5580', 'name': 'Nesbit, Scott'}","100","16","","","","","Tennis","","157","{'day': 'Tu', 'end': '12:45', 'location': 'Tostrud Ctr', 'start': '23:45'};{'day': 'Th', 'end': '13:40', 'location': 'Tostrud Ctr', 'start': '12:45'}","False","False","A","1","C","20131","","Research","2013"
"0000089220","0.25","0000001022","ESAC","This course offers instruction/review of basic strokes, history, rules, etiquette, and terminology of tennis. Students learn basic competition strategies in singles and doubles match play.","18","0","4","6","8","PHA;SPM","Stromme, David A.","{'fsnum': '19528', 'name': 'Stromme, David A.'}","100","16","","","","","Tennis","","157","{'day': 'Mo', 'end': '11:40', 'location': 'Tostrud Ctr', 'start': '10:45'};{'day': 'We', 'end': '11:40', 'location': 'Tostrud Ctr', 'start': '10:45'}","False","False","B","1","C","20131","","Research","2013"
"0000088719","0.25","0000001023","ESAC","This course is for students who can already serve, score, play the net, and know basic singles and doubles strategy. Prerequisite: Exercise Science 157, or permission of instructor.","16","0","2","3","11","PHA;SPM","Nesbit, Scott","{'fsnum': '5580', 'name': 'Nesbit, Scott'}","100","16","","","","","Intermediate Tennis","","158","{'day': 'Tu', 'end': '14:55', 'location': 'Tostrud Ctr', 'start': '14:00'};{'day': 'Th', 'end': '15:15', 'location': 'Tostrud Ctr', 'start': '14:25'}","False","Exercise Science 157, or permission of instructor.","","1","C","20131","","Research","2013"
"0000089116","0.25","0000001024","ESAC","Students learn a variety of practical measures to repel a physical attack, basic throws, kicks, falls, submission holds, and choke releases.","18","0","8","0","10","PHA;SPM","Hamilton, Maya","{'fsnum': '19448', 'name': 'Hamilton, Maya'}","100","18","0","","0","","Self-Defense","","161","{'day': 'Fr', 'end': '10:00', 'location': 'SAC Wr Rm', 'start': '08:00'}","False","False","","1","C","20131","","Research","2013"
"0000088656","0.25","0000001031","ESAC","Students competing in intercollegiate athletics may use the season of participation in a varsity sport for 0.25 course credit in exercise science activity. Only one 0.25 course can be applied toward the two 0.25 course Physical Activity (PHA)/Studies in Physical Movement (SPM) graduation requirement. In addition, an intercollegiate exercise science activity course (0.25) credit cannot be used as an elective for the purpose of earning a credit toward the 35 full course credits requirement for graduation. It can only be used once as one-half of the two-course PHA/SPM requirement. Fall: varsity football, soccer, cross- country, women's volleyball; spring: remainder of intercollegiate sports. Participants in club sports are not eligible for academic credit. Students must register for the course during the competitive season, not afterwards.","7","2","3","0","2","PHA;SPM","Lundin, Philip","{'fsnum': '20235', 'name': 'Lundin, Philip'}","100","","","","","","Intercol C-Country M","","176","","False","False","","1","O","20131","Intercollegiate Cross-Country for Men","Research","2013"
"0000088657","0.25","0000001032","ESAC","Students competing in intercollegiate athletics may use the season of participation in a varsity sport for 0.25 course credit in exercise science activity. Only one 0.25 course can be applied toward the two 0.25 course Physical Activity (PHA)/Studies in Physical Movement (SPM) graduation requirement. In addition, an intercollegiate exercise science activity course (0.25) credit cannot be used as an elective for the purpose of earning a credit toward the 35 full course credits requirement for graduation. It can only be used once as one-half of the two-course PHA/SPM requirement. Fall: varsity football, soccer, cross- country, women's volleyball; spring: remainder of intercollegiate sports. Participants in club sports are not eligible for academic credit. Students must register for the course during the competitive season, not afterwards.","14","10","1","2","1","PHA;SPM","Daymont, Christine","{'fsnum': '1358', 'name': 'Daymont, Christine'}","100","","","","","","Intercol C-Country W","","177","","False","False","","1","O","20131","Intercollegiate Cross-Country for Women","Research","2013"
"0000088658","0.25","0000001033","ESAC","Students competing in intercollegiate athletics may use the season of participation in a varsity sport for 0.25 course credit in exercise science activity. Only one 0.25 course can be applied toward the two 0.25 course Physical Activity (PHA)/Studies in Physical Movement (SPM) graduation requirement. In addition, an intercollegiate exercise science activity course (0.25) credit cannot be used as an elective for the purpose of earning a credit toward the 35 full course credits requirement for graduation. It can only be used once as one-half of the two-course PHA/SPM requirement. Fall: varsity football, soccer, cross- country, women's volleyball; spring: remainder of intercollegiate sports. Participants in club sports are not eligible for academic credit. Students must register for the course during the competitive season, not afterwards.","19","6","4","6","3","PHA;SPM","Stern, Craig D.","{'fsnum': '16722', 'name': 'Stern, Craig D.'}","100","","","","","","Intercol Football","","178","","False","False","A","1","O","20131","Intercollegiate Football","Research","2013"
"0000088659","0.25","0000001033","ESAC","Students competing in intercollegiate athletics may use the season of participation in a varsity sport for 0.25 course credit in exercise science activity. Only one 0.25 course can be applied toward the two 0.25 course Physical Activity (PHA)/Studies in Physical Movement (SPM) graduation requirement. In addition, an intercollegiate exercise science activity course (0.25) credit cannot be used as an elective for the purpose of earning a credit toward the 35 full course credits requirement for graduation. It can only be used once as one-half of the two-course PHA/SPM requirement. Fall: varsity football, soccer, cross- country, women's volleyball; spring: remainder of intercollegiate sports. Participants in club sports are not eligible for academic credit. Students must register for the course during the competitive season, not afterwards.","3","3","0","0","0","PHA;SPM","Stern, Craig D.","{'fsnum': '16722', 'name': 'Stern, Craig D.'}","100","","","","","","Intercol Football","","178","","False","False","B","1","O","20131","Intercollegiate Football","Research","2013"
"0000088660","0.25","0000001034","ESAC","Students competing in intercollegiate athletics may use the season of participation in a varsity sport for 0.25 course credit in exercise science activity. Only one 0.25 course can be applied toward the two 0.25 course Physical Activity (PHA)/Studies in Physical Movement (SPM) graduation requirement. In addition, an intercollegiate exercise science activity course (0.25) credit cannot be used as an elective for the purpose of earning a credit toward the 35 full course credits requirement for graduation. It can only be used once as one-half of the two-course PHA/SPM requirement. Fall: varsity football, soccer, cross- country, women's volleyball; spring: remainder of intercollegiate sports. Participants in club sports are not eligible for academic credit. Students must register for the course during the competitive season, not afterwards.","2","1","1","0","0","PHA;SPM","Peterson, Glen","{'fsnum': '17598', 'name': 'Peterson, Glen'}","100","","","","","","Intercol Golf Men","","179","","False","False","","1","O","20131","Intercollegiate Golf for Men","Research","2013"
"0000088661","0.25","0000001035","ESAC","Students competing in intercollegiate athletics may use the season of participation in a varsity sport for 0.25 course credit in exercise science activity. Only one 0.25 course can be applied toward the two 0.25 course Physical Activity (PHA)/Studies in Physical Movement (SPM) graduation requirement. In addition, an intercollegiate exercise science activity course (0.25) credit cannot be used as an elective for the purpose of earning a credit toward the 35 full course credits requirement for graduation. It can only be used once as one-half of the two-course PHA/SPM requirement. Fall: varsity football, soccer, cross- country, women's volleyball; spring: remainder of intercollegiate sports. Participants in club sports are not eligible for academic credit. Students must register for the course during the competitive season, not afterwards.","0","0","0","0","0","PHA;SPM","Luckraft, Katie","{'fsnum': '25360', 'name': 'Luckraft, Katie'}","100","","","","","","Intercol Golf Women","","180","","False","False","","1","O","20131","Intercollegiate Golf for Women","Research","2013"
"0000088662","0.25","0000001039","ESAC","Students competing in intercollegiate athletics may use the season of participation in a varsity sport for 0.25 course credit in exercise science activity. Only one 0.25 course can be applied toward the two 0.25 course Physical Activity (PHA)/Studies in Physical Movement (SPM) graduation requirement. In addition, an intercollegiate exercise science activity course (0.25) credit cannot be used as an elective for the purpose of earning a credit toward the 35 full course credits requirement for graduation. It can only be used once as one-half of the two-course PHA/SPM requirement. Fall: varsity football, soccer, cross- country, women's volleyball; spring: remainder of intercollegiate sports. Participants in club sports are not eligible for academic credit. Students must register for the course during the competitive season, not afterwards.","20","11","4","3","2","PHA;SPM","Anderson, Kurt","{'fsnum': '228', 'name': 'Anderson, Kurt'}","100","","","","","","Intercol Soccer Men","","184","","False","False","","1","O","20131","Intercollegiate Soccer for Men","Research","2013"
"0000088663","0.25","0000001040","ESAC","Students competing in intercollegiate athletics may use the season of participation in a varsity sport for 0.25 course credit in exercise science activity. Only one 0.25 course can be applied toward the two 0.25 course Physical Activity (PHA)/Studies in Physical Movement (SPM) graduation requirement. In addition, an intercollegiate exercise science activity course (0.25) credit cannot be used as an elective for the purpose of earning a credit toward the 35 full course credits requirement for graduation. It can only be used once as one-half of the two-course PHA/SPM requirement. Fall: varsity football, soccer, cross- country, women's volleyball; spring: remainder of intercollegiate sports. Participants in club sports are not eligible for academic credit. Students must register for the course during the competitive season, not afterwards.","8","5","1","1","1","PHA;SPM","Driver, Jeremy B.","{'fsnum': '18395', 'name': 'Driver, Jeremy B.'}","100","","","","","","Intercol Soccer Women","","185","","False","False","","1","O","20131","Intercollegiate Soccer for Women","Research","2013"
"0000088664","0.25","0000001048","ESAC","Students competing in intercollegiate athletics may use the season of participation in a varsity sport for 0.25 course credit in exercise science activity. Only one 0.25 course can be applied toward the two 0.25 course Physical Activity (PHA)/Studies in Physical Movement (SPM) graduation requirement. In addition, an intercollegiate exercise science activity course (0.25) credit cannot be used as an elective for the purpose of earning a credit toward the 35 full course credits requirement for graduation. It can only be used once as one-half of the two-course PHA/SPM requirement. Fall: varsity football, soccer, cross- country, women's volleyball; spring: remainder of intercollegiate sports. Participants in club sports are not eligible for academic credit. Students must register for the course during the competitive season, not afterwards.","7","7","0","0","0","PHA;SPM","Book, Cindy","{'fsnum': '694', 'name': 'Book, Cindy'}","100","","","","","","Intercol Volleyball","","193","","False","False","","1","O","20131","Intercollegiate Volleyball","Research","2013"
"0000089163","1.0","0000001056","ESTH","Students examine the conceptual framework for ethical decision-making using sports as a prism to examine normative perspectives. Varied ethical perspectives are analyzed through the conflicts presented in sports-related questions. Course readings and lectures examine the theoretical constructs of ethical decision-making from Christian and non-Christian positions. Prerequisite: completion of BTS-T or permission of instructor. Offered every year. Counts toward biomedical studies concentration (available to students through class of 2016).","27","0","0","0","27","EIN;WRI","Lundin, Philip","{'fsnum': '20235', 'name': 'Lundin, Philip'}","200","27","0","0","0","","Sport Ethics in Society","Prerequisite: Completion of BTS-T or permission of the instructor.              ;Open only to rising Seniors during web registration.","290","{'day': 'Mo', 'end': '12:45', 'location': 'SAC 103', 'start': '23:50'};{'day': 'We', 'end': '12:45', 'location': 'SAC 103', 'start': '23:50'};{'day': 'Fr', 'end': '12:45', 'location': 'SAC 103', 'start': '23:50'}","False","completion of BTS-T or permission of instructor. Offered every year. Counts toward biomedical studies concentration (available to students through class of 2016).","A","1","C","20131","","Research","2013"
"0000092107","1.0","0000001056","ESTH","Students examine the conceptual framework for ethical decision-making using sports as a prism to examine normative perspectives. Varied ethical perspectives are analyzed through the conflicts presented in sports-related questions. Course readings and lectures examine the theoretical constructs of ethical decision-making from Christian and non-Christian positions. Prerequisite: completion of BTS-T or permission of instructor. Offered every year. Counts toward biomedical studies concentration (available to students through class of 2016).","21","0","3","0","18","EIN;WRI","Hamilton, Maya","{'fsnum': '19448', 'name': 'Hamilton, Maya'}","200","18","0","","0","","Sport Ethics in Society","Prerequisite: Completion of BTS-T or permission of the instructor.              ;Open only to rising Seniors and Juniors.","290","{'day': 'Tu', 'end': '11:00', 'location': 'TB 227', 'start': '09:35'};{'day': 'Th', 'end': '10:50', 'location': 'TB 227', 'start': '09:30'}","False","completion of BTS-T or permission of instructor. Offered every year. Counts toward biomedical studies concentration (available to students through class of 2016).","B","1","C","20131","","Research","2013"
"0000088183","1.0","0000001057","ESTH","","0","0","0","0","0","","Staff","{'fsnum': '', 'name': 'Staff'}","200","","","","","","Academic Internship","","294","","True","","","1","C","20131","Internship","Research","2013"
"0000093298","1.0","0000001057","ESTH","","0","0","0","0","0","","Hagen, Daniel","{'fsnum': '2890', 'name': 'Hagen, Daniel'}","200","","","","","","Academic Internship","","294","","True","","A","1","O","20131","Internship","Research","2013"
"0000093385","0.25","0000001057","ESTH","","1","0","1","0","0","","Hagen, Daniel","{'fsnum': '2890', 'name': 'Hagen, Daniel'}","200","","","","","","Academic Internship","","294","","True","","B","1","O","20131","Internship","Research","2013"
"0000088864","1.0","0000001058","ESTH","","0","0","0","0","0","","Staff","{'fsnum': '', 'name': 'Staff'}","200","","","","","","IS/","","298","","False","","","1","O","20131","Independent Study","Research","2013"
"0000088429","0.25","0000001059","ESTH","This course involves practice and game observation and a practicum in coaching a sport. Students are involved in practice planning and drill work, game preparation, and administration, as well as game rules and coaching strategies. This course applies toward the coaching sequence only. Prerequisite: Exercise Science 238 and permission of instructor. Offered every year.","2","0","0","0","2","","Anderson, Kurt","{'fsnum': '228', 'name': 'Anderson, Kurt'}","300","19","","","","","Coaching Practicum","","335","","False","Exercise Science 238 and permission of instructor. Offered every year.","","1","O","20131","","Research","2013"
"0000088350","1.0","0000001062","ESTH","Students analyze mechanical principles in depth as they affect human motion. Topics include study of muscular and skeletal systems, skill analysis, and motion measurement techniques. The course includes a laboratory component. Prerequisite: Biology 143 or consent of instructor. Offered every year. Counts toward biomedical studies (available to students through class of 2016) and neuroscience concentrations.","25","0","18","1","6","","Goldsworthy, William Sean","{'fsnum': '2652', 'name': 'Goldsworthy, William Sean'}","300","25","","","","","Biomechanics","Students in ESTH 374 must also register for lab ESTH  374L.","374","{'day': 'Mo', 'end': '10:00', 'location': 'SAC 103', 'start': '09:05'};{'day': 'We', 'end': '10:00', 'location': 'SAC 103', 'start': '09:05'};{'day': 'Fr', 'end': '10:00', 'location': 'SAC 103', 'start': '09:05'}","False","Biology 143 or consent of instructor. Offered every year. Counts toward biomedical studies (available to students through class of 2016) and neuroscience concentrations.","","1","C","20131","","Research","2013"
"0000088351","","0000001063","ESTH","","25","0","18","1","6","","Goldsworthy, William Sean","{'fsnum': '2652', 'name': 'Goldsworthy, William Sean'}","300","25","","","","","Biomechanics Lab","","374","{'day': 'Th', 'end': '11:00', 'location': 'SAC 103', 'start': '08:00'}","False","","","1","C","20131","","Lab","2013"
"0000088499","1.0","0000022780","ESTH","This course presents the fundamental principles of exercise testing and prescription for both healthy and special needs individuals. Students explore techniques for assessing fitness and prescribing exercise using a variety of ergometers for improvement of health fitness parameters. Students also utilize case studies and laboratory experiences. Topics include health/medical histories, submaximal graded exercise testing, and assessment of strength, flexibility, pulmonary functions, and body composition. Prerequisites: Biology 143 and 243 and Exercise Science Theory 375. Offered annually.","23","0","0","0","23","SPM","Daymont, Christine","{'fsnum': '1358', 'name': 'Daymont, Christine'}","300","30","0","0","0","","Exercise Prescription","Open to rising Senior exercise science majors only. Prerequisite: ESTH 375.","376","{'day': 'Mo', 'end': '22:00', 'location': 'SAC 103', 'start': '19:00'}","False","Prerequisites: Biology 143 and 243 and Exercise Science Theory 375. Offered annually.","","1","O","20131","Fitness Assessment and Exercise Prescription","Research","2013"
"0000088500","1.0","0000001066","ESTH","Students may be co-registered for the capstone course and their final core courses in the major. Students conduct semester-long research on a topic and present their findings in the form of a research paper. Prerequisite: senior standing. Offered every year.","16","0","1","0","15","WRI","Book, Cindy","{'fsnum': '694', 'name': 'Book, Cindy'}","300","24","0","0","0","","Exercise Sci Seminar","Open to rising Seniors only.","390","{'day': 'Mo', 'end': '11:40', 'location': 'SAC 103', 'start': '10:45'};{'day': 'We', 'end': '11:40', 'location': 'SAC 103', 'start': '10:45'};{'day': 'Fr', 'end': '11:40', 'location': 'SAC 103', 'start': '10:45'}","False","senior standing. Offered every year.","","1","O","20131","Exercise Science Seminar","Research","2013"
"0000088184","1.0","0000001067","ESTH","","0","0","0","0","0","","Staff","{'fsnum': '', 'name': 'Staff'}","300","","","","","","Academic Internship","","394","","True","","","1","C","20131","Internship","Research","2013"
"0000088833","1.0","0000001068","ESTH","Research","0","0","0","0","0","","Staff","{'fsnum': '', 'name': 'Staff'}","300","","","","","","IR/","","398","","False","False","","1","O","20131","Independent Research","Research","2013"
"0000088746","1.0","0000000648","FAMST","Students examine American families through the life cycle in relation to personal and professional life, with the major emphasis on communication and commitment in interpersonal relationships. Students study courtship, marriage, adjustment to parenthood, and examine stressors that affect families such as family violence, divorce, grief and loss, and socioeconomic issues. This course takes an interdisciplinary approach; students have opportunity for a broad range of individualized study. Offered annually during the fall semester. Counts towards American studies major.","27","0","8","8","11","","Manner, Jennifer","{'fsnum': '25341', 'name': 'Manner, Jennifer'}","200","30","0","11","11","8","Intro: Family Studies","This course has class year limits. Not open to first-year students.","232","{'day': 'Tu', 'end': '11:00', 'location': 'HH 317', 'start': '09:35'};{'day': 'Th', 'end': '10:50', 'location': 'HH 317', 'start': '09:30'}","False","False","","1","C","20131","Introduction to Family Studies","Research","2013"
"0000088627","1.0","0000000651","FAMST","This course explores the varied dimensions of human sexuality as they relate to, affect and are affected by past and present human relationships. Sexual problems and issues are examined for the development of a value framework and for the enrichment of family life. The course emphasizes critical thinking skills applied to current issues in human sexuality (e.g. gay marriage, gender issues, sexual violence). Students examine issues in contemporary research and ethics in sexuality. Offered each semester. Counts toward family studies and women's and gender studies major and concentration.","31","0","7","5","19","","Manner, Jennifer","{'fsnum': '25341', 'name': 'Manner, Jennifer'}","200","32","0","10","5","17","Human Sexuality","This course has class year limits.  Not open to first-year students.","253","{'day': 'Tu', 'end': '13:10', 'location': 'OM 30', 'start': '23:45'};{'day': 'Th', 'end': '14:05', 'location': 'OM 30', 'start': '12:45'}","False","False","","1","C","20131","","Research","2013"
"0000088161","0.5","0000000653","FAMST","","0","0","0","0","0","","Staff","{'fsnum': '', 'name': 'Staff'}","200","","","","","","Academic Internship","","294","","True","","","1","C","20131","Internship","Research","2013"
"0000088900","1.0","0000000654","FAMST","","0","0","0","0","0","","Staff","{'fsnum': '', 'name': 'Staff'}","200","","","","","","IS/","","298","","False","","","1","O","20131","Independent Study","Research","2013"
"0000088162","1.0","0000000656","FAMST","","0","0","0","0","0","","Staff","{'fsnum': '', 'name': 'Staff'}","300","","","","","","Academic Internship","","394","","True","","","1","C","20131","","Research","2013"
"0000088761","1.0","0000000657","FAMST","","0","0","0","0","0","","Staff","{'fsnum': '', 'name': 'Staff'}","300","","","","","","IR/","","398","","False","","","1","O","20131","Independent Research","Research","2013"
"0000088730","1.0","0000021584","FILM","This course provides an overview of film studies by focusing on three areas: history of film, production (the basic tools of film-making), and theory (the basic vocabulary of film analysis). Students develop visual literacy through engagement with the primary structures, methods, practitioners, history, ideas, and vocabularies of film studies.","22","7","5","4","6","ALS-A","Cornejo, Cecilia","{'fsnum': '23809', 'name': 'Cornejo, Cecilia'}","100","25","5","6","6","8","Intro to Film Studies","This course has class-year limits.                                              ;Please note that the days/times of this course have been changed from MWF to    ;TTh.  The Monday evening film screening remains the same.","101","{'day': 'Mo', 'end': '22:00', 'location': 'HH 501', 'start': '19:00'};{'day': 'Tu', 'end': '14:45', 'location': 'RML 520', 'start': '13:20'};{'day': 'Th', 'end': '15:35', 'location': 'RML 520', 'start': '14:15'}","False","False","","1","C","20131","Introduction to Film Studies","Research","2013"
"0000088210","1.0","0000024395","FILM","","0","0","0","0","0","","Staff","{'fsnum': '', 'name': 'Staff'}","300","","","","","","Academic Internship","","394","","True","","","1","C","20131","","Research","2013"
"0000088770","1.0","0000023909","FILM","","0","0","0","0","0","","Staff","{'fsnum': '', 'name': 'Staff'}","300","","","","","","IR/","","398","","False","","","1","O","20131","","Research","2013"
"0000088295","1.0","0000000476","FREN","Students begin to learn French through listening, speaking, reading and writing about topics familiar to them. They study social and cultural notions inherent in the daily life of peoples in diverse Francophone communities and learn to think critically and make interdisciplinary connections and informed cross-cultural comparisons. Open to students with no prior background in French or placement into French 111. Offered each semester.","19","2","3","10","4","","Hoy, Lise R.","{'fsnum': '21155', 'name': 'Hoy, Lise R.'}","100","19","","","","","Beginning French I","","111","{'day': 'Mo', 'end': '11:40', 'location': 'TOH 310', 'start': '10:45'};{'day': 'We', 'end': '11:40', 'location': 'TOH 310', 'start': '10:45'};{'day': 'Fr', 'end': '11:40', 'location': 'TOH 310', 'start': '10:45'}","False","False","A","1","C","20131","","Research","2013"
"0000088296","1.0","0000000476","FREN","Students begin to learn French through listening, speaking, reading and writing about topics familiar to them. They study social and cultural notions inherent in the daily life of peoples in diverse Francophone communities and learn to think critically and make interdisciplinary connections and informed cross-cultural comparisons. Open to students with no prior background in French or placement into French 111. Offered each semester.","17","7","2","7","1","","Hoy, Lise R.","{'fsnum': '21155', 'name': 'Hoy, Lise R.'}","100","19","","","","","Beginning French I","","111","{'day': 'Mo', 'end': '12:45', 'location': 'TOH 310', 'start': '23:50'};{'day': 'We', 'end': '12:45', 'location': 'TOH 310', 'start': '23:50'};{'day': 'Fr', 'end': '12:45', 'location': 'TOH 310', 'start': '23:50'}","False","False","B","1","C","20131","","Research","2013"
"0000092243","1.0","0000000476","FREN","Students begin to learn French through listening, speaking, reading and writing about topics familiar to them. They study social and cultural notions inherent in the daily life of peoples in diverse Francophone communities and learn to think critically and make interdisciplinary connections and informed cross-cultural comparisons. Open to students with no prior background in French or placement into French 111. Offered each semester.","17","15","0","2","0","","Joslin, Isaac V.","{'fsnum': '25366', 'name': 'Joslin, Isaac V.'}","100","19","","","","","Beginning French I","","111","{'day': 'Mo', 'end': '13:50', 'location': 'RNS 435', 'start': '12:55'};{'day': 'We', 'end': '13:50', 'location': 'RNS 435', 'start': '12:55'};{'day': 'Fr', 'end': '13:50', 'location': 'RNS 435', 'start': '12:55'}","False","False","C","1","C","20131","","Research","2013"
"0000088298","1.0","0000000477","FREN","Students expand their developing language skills by continuing to listen, speak, read and write on topics familiar to them. They continue their study of social and cultural notions inherent in the daily life of peoples in diverse Francophone communities and learn to think critically and make interdisciplinary connections and informed cross-cultural comparisons. Prerequisite: French 111 or placement. Offered each semester.","12","10","0","1","1","","Bekhechi, Amine R.","{'fsnum': '19456', 'name': 'Bekhechi, Amine R.'}","100","15","","","","","Beginning French II","","112","{'day': 'Mo', 'end': '10:00', 'location': 'OM 340', 'start': '09:05'};{'day': 'We', 'end': '10:00', 'location': 'OM 340', 'start': '09:05'};{'day': 'Fr', 'end': '10:00', 'location': 'OM 340', 'start': '09:05'}","False","French 111 or placement. Offered each semester.","","1","O","20131","","Research","2013"
"0000088670","1.0","0000000479","FREN","Through study, discussion and analysis of a wide variety of texts, students explore specific social and cultural topics relevant to French culture yesterday and today (e.g., stereotypes, the family, education, immigration) and develop and expand their ability to listen, speak, read and write in French while also learning specific listening and reading strategies. Explicit focus on cross- cultural comparison/contrast and analysis. Prerequisite: French 112 or placement. Offered each semester.","16","10","0","6","0","","Allen, Wendy","{'fsnum': '102', 'name': 'Allen, Wendy'}","200","18","","","","","Intermed French I","","231","{'day': 'Mo', 'end': '08:55', 'location': 'TOH 310', 'start': '08:00'};{'day': 'We', 'end': '08:55', 'location': 'TOH 310', 'start': '08:00'};{'day': 'Fr', 'end': '08:55', 'location': 'TOH 310', 'start': '08:00'}","False","French 112 or placement. Offered each semester.","A","1","O","20131","Intermediate French I","Research","2013"
"0000088671","1.0","0000000479","FREN","Through study, discussion and analysis of a wide variety of texts, students explore specific social and cultural topics relevant to French culture yesterday and today (e.g., stereotypes, the family, education, immigration) and develop and expand their ability to listen, speak, read and write in French while also learning specific listening and reading strategies. Explicit focus on cross- cultural comparison/contrast and analysis. Prerequisite: French 112 or placement. Offered each semester.","17","5","0","12","0","","Allen, Wendy","{'fsnum': '102', 'name': 'Allen, Wendy'}","200","18","","","","","Intermed French I","","231","{'day': 'Mo', 'end': '10:00', 'location': 'TOH 310', 'start': '09:05'};{'day': 'We', 'end': '10:00', 'location': 'TOH 310', 'start': '09:05'};{'day': 'Fr', 'end': '10:00', 'location': 'TOH 310', 'start': '09:05'}","False","French 112 or placement. Offered each semester.","B","1","C","20131","Intermediate French I","Research","2013"
"0000088672","1.0","0000000479","FREN","Through study, discussion and analysis of a wide variety of texts, students explore specific social and cultural topics relevant to French culture yesterday and today (e.g., stereotypes, the family, education, immigration) and develop and expand their ability to listen, speak, read and write in French while also learning specific listening and reading strategies. Explicit focus on cross- cultural comparison/contrast and analysis. Prerequisite: French 112 or placement. Offered each semester.","17","2","3","8","4","","Bekhechi, Amine R.","{'fsnum': '19456', 'name': 'Bekhechi, Amine R.'}","200","18","","","","","Intermed French I","","231","{'day': 'Mo', 'end': '13:50', 'location': 'TOH 310', 'start': '12:55'};{'day': 'We', 'end': '13:50', 'location': 'TOH 310', 'start': '12:55'};{'day': 'Fr', 'end': '13:50', 'location': 'TOH 310', 'start': '12:55'}","False","French 112 or placement. Offered each semester.","C","1","C","20131","Intermediate French I","Research","2013"
"0000088674","1.0","0000000479","FREN","Through study, discussion and analysis of a wide variety of texts, students explore specific social and cultural topics relevant to French culture yesterday and today (e.g., stereotypes, the family, education, immigration) and develop and expand their ability to listen, speak, read and write in French while also learning specific listening and reading strategies. Explicit focus on cross- cultural comparison/contrast and analysis. Prerequisite: French 112 or placement. Offered each semester.","13","7","0","6","0","","Bekhechi, Amine R.","{'fsnum': '19456', 'name': 'Bekhechi, Amine R.'}","200","18","","","","","Intermed French I","","231","{'day': 'Mo', 'end': '14:55', 'location': 'TOH 310', 'start': '14:00'};{'day': 'We', 'end': '14:55', 'location': 'TOH 310', 'start': '14:00'};{'day': 'Fr', 'end': '14:55', 'location': 'TOH 310', 'start': '14:00'}","False","French 112 or placement. Offered each semester.","D","1","O","20131","Intermediate French I","Research","2013"
"0000092244","1.0","0000000479","FREN","Through study, discussion and analysis of a wide variety of texts, students explore specific social and cultural topics relevant to French culture yesterday and today (e.g., stereotypes, the family, education, immigration) and develop and expand their ability to listen, speak, read and write in French while also learning specific listening and reading strategies. Explicit focus on cross- cultural comparison/contrast and analysis. Prerequisite: French 112 or placement. Offered each semester.","17","16","0","0","1","","Joslin, Isaac V.","{'fsnum': '25366', 'name': 'Joslin, Isaac V.'}","200","18","","","","","Intermed French I","","231","{'day': 'Mo', 'end': '12:45', 'location': 'RNS 435', 'start': '23:50'};{'day': 'We', 'end': '12:45', 'location': 'RNS 435', 'start': '23:50'};{'day': 'Fr', 'end': '12:45', 'location': 'RNS 435', 'start': '23:50'}","False","French 112 or placement. Offered each semester.","E","1","C","20131","Intermediate French I","Research","2013"
"0000088675","1.0","0000000480","FREN","Students explore questions of identity in the wider Francophone world through reading, discussing and analyzing a wide variety of texts, including cultural documents, short biographical pieces, literary texts, and films. They consolidate their language skills and continue to develop their ability to analyze and communicate in French by engaging in interactive group activities, making oral presentations and writing essays. They also work to expand their vocabulary and to review the French verb system and other key grammatical structures. Prerequisite: French 231 or placement. Offered each semester.","19","10","1","3","5","FOL-F;MCG;MCS-G","Barjasteh, Jolene","{'fsnum': '337', 'name': 'Barjasteh, Jolene'}","200","19","","","","","Intermed French II","","232","{'day': 'Mo', 'end': '12:45', 'location': 'TOH 210', 'start': '23:50'};{'day': 'We', 'end': '12:45', 'location': 'TOH 210', 'start': '23:50'};{'day': 'Fr', 'end': '12:45', 'location': 'TOH 210', 'start': '23:50'}","False","French 231 or placement. Offered each semester.","A","1","C","20131","Intermediate French II","Research","2013"
"0000088676","1.0","0000000480","FREN","Students explore questions of identity in the wider Francophone world through reading, discussing and analyzing a wide variety of texts, including cultural documents, short biographical pieces, literary texts, and films. They consolidate their language skills and continue to develop their ability to analyze and communicate in French by engaging in interactive group activities, making oral presentations and writing essays. They also work to expand their vocabulary and to review the French verb system and other key grammatical structures. Prerequisite: French 231 or placement. Offered each semester.","19","14","0","4","1","FOL-F;MCG;MCS-G","Barjasteh, Jolene","{'fsnum': '337', 'name': 'Barjasteh, Jolene'}","200","19","","","","","Intermed French II","","232","{'day': 'Mo', 'end': '14:55', 'location': 'TOH 210', 'start': '14:00'};{'day': 'We', 'end': '14:55', 'location': 'TOH 210', 'start': '14:00'};{'day': 'Fr', 'end': '14:55', 'location': 'TOH 210', 'start': '14:00'}","False","French 231 or placement. Offered each semester.","B","1","C","20131","Intermediate French II","Research","2013"
"0000089346","1.0","0000000483","FREN","Students engage in intensive practice in various types of writing in French (e.g., summary, extended description, narration, and professional correspondence). Literary and non-literary texts provide topics and models. The course involves discussion, writing, and revising and stresses advanced grammar review. Taught in French. Prerequisite: French 232, 235, or equivalent.","19","8","3","5","3","FOL-F;WRI","Allen, Wendy","{'fsnum': '102', 'name': 'Allen, Wendy'}","200","25","","","","","Writing French","","251","{'day': 'Tu', 'end': '11:00', 'location': 'TOH 310', 'start': '09:35'};{'day': 'Th', 'end': '10:50', 'location': 'TOH 310', 'start': '09:30'}","False","French 232, 235, or equivalent.","","1","O","20131","","Research","2013"
"0000091217","1.0","0000000488","FREN","Students explore a particular period or century through examination of selected literary and non-literary works within their socio-historical and cultural contexts. Coursework includes discussion, analysis and interpretation of representative works. Sample topics: ""19th-Century French Literature,"" ""La Belle Epoque,"" and ""20th-Century French Literature."" May be repeated if period is different. Taught in French. Prerequisite: minimum of one 250-level course (two recommended).","9","0","2","2","5","FOL-F","Hoy, Lise R.","{'fsnum': '21155', 'name': 'Hoy, Lise R.'}","200","18","","","","","Per St:20th C Fr/Que Thea","","273","{'day': 'Tu', 'end': '14:45', 'location': 'TOH 310', 'start': '13:20'};{'day': 'Th', 'end': '15:35', 'location': 'TOH 310', 'start': '14:15'}","False","minimum of one 250-level course (two recommended).","","1","O","20131","Period Studies","Topic","2013"
"0000088151","1.0","0000000490","FREN","","0","0","0","0","0","","Staff","{'fsnum': '', 'name': 'Staff'}","200","","","","","","Academic Internship","","294","","True","","","1","C","20131","","Research","2013"
"0000088890","1.0","0000000491","FREN","","0","0","0","0","0","","Staff","{'fsnum': '', 'name': 'Staff'}","200","","","","","","IS/","","298","","False","","","1","O","20131","Independent Study","Research","2013"
"0000089249","1.0","0000000492","FREN","Students explore a specified topic or theme in language, in literature or in culture/civilization, or in a combination of these, through close reading, discussion, analysis and interpretation of selected literary and/or non-literary works. Sample topics include ""Madness and the Romantic Dream,"" ""Female Identity in Post-Colonial North Africa,"" and ""Global Francophone Identities."" May be repeated if topics are different. Taught in French. Prerequisite: minimum of one 270-level course.","21","0","10","4","7","FOL-F;WRI","Barjasteh, Jolene","{'fsnum': '337', 'name': 'Barjasteh, Jolene'}","300","18","","","","","Top: Women Writers France","","372","{'day': 'Tu', 'end': '13:10', 'location': 'TOH 310', 'start': '23:45'};{'day': 'Th', 'end': '14:05', 'location': 'TOH 310', 'start': '12:45'}","False","minimum of one 270-level course.","","1","C","20131","Topics in Francophone Studies","Topic","2013"
"0000088152","1.0","0000000494","FREN","","0","0","0","0","0","","Staff","{'fsnum': '', 'name': 'Staff'}","300","","","","","","Academic Internship","","394","","True","","","1","C","20131","","Research","2013"
"0000088772","1.0","0000000496","FREN","","0","0","0","0","0","","Staff","{'fsnum': '', 'name': 'Staff'}","300","","","","","","IR/","","398","","False","","","1","O","20131","Independent Research","Research","2013"
"0000088586","1.0","0000000531","GCON","Students contrast the world views of the ancient Greeks and Hebrews: Greek polytheism and the hero with the Hebrew notion of one God and the believer; Greek notions of civic community and earthly life with the Hebrew ideal of a religious covenant and historical destiny; Greek thoughts about beauty, war, peace, justice, politics, metaphysics, art, architecture, and drama with the prophetic stance toward the past and the future. Students read and discuss works by Homer, Sappho, Thucydides, Sophocles, Plato, Aristotle, the writers of the Hebrew scripture, and the artistry of the Parthenon. Offered annually in the fall semester. Counts towards ancient studies major.","22","22","0","0","0","","Casson, Douglas J.","{'fsnum': '17420', 'name': 'Casson, Douglas J.'}","100","22","","0","0","0","Greeks and Hebrews","Open to Great Conversations students only.","113","{'day': 'Mo', 'end': '13:50', 'location': 'RML 525', 'start': '12:55'};{'day': 'We', 'end': '13:50', 'location': 'RML 525', 'start': '12:55'};{'day': 'Fr', 'end': '13:50', 'location': 'RML 525', 'start': '12:55'}","False","False","A","1","C","20131","The Tradition Beginning: The Greeks and the Hebrews","Research","2013"
"0000088587","1.0","0000000531","GCON","Students contrast the world views of the ancient Greeks and Hebrews: Greek polytheism and the hero with the Hebrew notion of one God and the believer; Greek notions of civic community and earthly life with the Hebrew ideal of a religious covenant and historical destiny; Greek thoughts about beauty, war, peace, justice, politics, metaphysics, art, architecture, and drama with the prophetic stance toward the past and the future. Students read and discuss works by Homer, Sappho, Thucydides, Sophocles, Plato, Aristotle, the writers of the Hebrew scripture, and the artistry of the Parthenon. Offered annually in the fall semester. Counts towards ancient studies major.","19","18","0","1","0","","Grenberg, Jeanine","{'fsnum': '2752', 'name': 'Grenberg, Jeanine'}","100","19","","0","0","0","Greeks and Hebrews","Open to Great Conversations students only.","113","{'day': 'Mo', 'end': '13:50', 'location': 'RML 420', 'start': '12:55'};{'day': 'We', 'end': '13:50', 'location': 'RML 420', 'start': '12:55'};{'day': 'Fr', 'end': '13:50', 'location': 'RML 420', 'start': '12:55'}","False","False","B","1","C","20131","The Tradition Beginning: The Greeks and the Hebrews","Research","2013"
"0000088588","1.0","0000000531","GCON","Students contrast the world views of the ancient Greeks and Hebrews: Greek polytheism and the hero with the Hebrew notion of one God and the believer; Greek notions of civic community and earthly life with the Hebrew ideal of a religious covenant and historical destiny; Greek thoughts about beauty, war, peace, justice, politics, metaphysics, art, architecture, and drama with the prophetic stance toward the past and the future. Students read and discuss works by Homer, Sappho, Thucydides, Sophocles, Plato, Aristotle, the writers of the Hebrew scripture, and the artistry of the Parthenon. Offered annually in the fall semester. Counts towards ancient studies major.","19","17","0","0","2","","Walter, Gregory A.","{'fsnum': '16642', 'name': 'Walter, Gregory A.'}","100","19","","0","0","0","Greeks and Hebrews","Open to Great Conversations students only.","113","{'day': 'Mo', 'end': '13:50', 'location': 'RML 520', 'start': '12:55'};{'day': 'We', 'end': '13:50', 'location': 'RML 520', 'start': '12:55'};{'day': 'Fr', 'end': '13:50', 'location': 'RML 520', 'start': '12:55'}","False","False","C","1","C","20131","The Tradition Beginning: The Greeks and the Hebrews","Research","2013"
"0000088589","1.0","0000000531","GCON","Students contrast the world views of the ancient Greeks and Hebrews: Greek polytheism and the hero with the Hebrew notion of one God and the believer; Greek notions of civic community and earthly life with the Hebrew ideal of a religious covenant and historical destiny; Greek thoughts about beauty, war, peace, justice, politics, metaphysics, art, architecture, and drama with the prophetic stance toward the past and the future. Students read and discuss works by Homer, Sappho, Thucydides, Sophocles, Plato, Aristotle, the writers of the Hebrew scripture, and the artistry of the Parthenon. Offered annually in the fall semester. Counts towards ancient studies major.","19","19","0","0","0","","Ananda-Owens, Kathryn","{'fsnum': '154', 'name': 'Ananda-Owens, Kathryn'}","100","20","","0","0","0","Greeks and Hebrews","Open to Great Conversations students only.","113","{'day': 'Mo', 'end': '13:50', 'location': 'OM 110', 'start': '12:55'};{'day': 'We', 'end': '13:50', 'location': 'OM 110', 'start': '12:55'};{'day': 'Fr', 'end': '13:50', 'location': 'OM 110', 'start': '12:55'}","False","False","D","1","C","20131","The Tradition Beginning: The Greeks and the Hebrews","Research","2013"
"0000088590","1.0","0000000531","GCON","Students contrast the world views of the ancient Greeks and Hebrews: Greek polytheism and the hero with the Hebrew notion of one God and the believer; Greek notions of civic community and earthly life with the Hebrew ideal of a religious covenant and historical destiny; Greek thoughts about beauty, war, peace, justice, politics, metaphysics, art, architecture, and drama with the prophetic stance toward the past and the future. Students read and discuss works by Homer, Sappho, Thucydides, Sophocles, Plato, Aristotle, the writers of the Hebrew scripture, and the artistry of the Parthenon. Offered annually in the fall semester. Counts towards ancient studies major.","19","18","0","0","1","","Kuxhausen, Anna","{'fsnum': '17470', 'name': 'Kuxhausen, Anna'}","100","20","","0","0","0","Greeks and Hebrews","Open to Great Conversations students only.","113","{'day': 'Mo', 'end': '13:50', 'location': 'OM 140', 'start': '12:55'};{'day': 'We', 'end': '13:50', 'location': 'OM 140', 'start': '12:55'};{'day': 'Fr', 'end': '13:50', 'location': 'OM 140', 'start': '12:55'}","False","False","E","1","C","20131","The Tradition Beginning: The Greeks and the Hebrews","Research","2013"
"0000088591","1.0","0000000531","GCON","Students contrast the world views of the ancient Greeks and Hebrews: Greek polytheism and the hero with the Hebrew notion of one God and the believer; Greek notions of civic community and earthly life with the Hebrew ideal of a religious covenant and historical destiny; Greek thoughts about beauty, war, peace, justice, politics, metaphysics, art, architecture, and drama with the prophetic stance toward the past and the future. Students read and discuss works by Homer, Sappho, Thucydides, Sophocles, Plato, Aristotle, the writers of the Hebrew scripture, and the artistry of the Parthenon. Offered annually in the fall semester. Counts towards ancient studies major.","22","21","0","1","0","","Willcoxon, Jeanne I.","{'fsnum': '17418', 'name': 'Willcoxon, Jeanne I.'}","100","22","","0","0","0","Greeks and Hebrews","Open to Great Conversations students only.","113","{'day': 'Mo', 'end': '13:50', 'location': 'OM 210', 'start': '12:55'};{'day': 'We', 'end': '13:50', 'location': 'OM 210', 'start': '12:55'};{'day': 'Fr', 'end': '13:50', 'location': 'OM 210', 'start': '12:55'}","False","False","F","1","C","20131","The Tradition Beginning: The Greeks and the Hebrews","Research","2013"
"0000088972","1.0","0000000534","GCON","Students examine the Renaissance's return to classical values and the Reformation's return to early Christian attitudes which challenge the authority of the medieval synthesis. Students trace the development of new sources of authority including the new science with its influence on art, literature, politics, and philosophy. Discussions consider writers and artists such as Luther, Calvin, Michelangelo, Teresa of Avila, Caravaggio, Shakespeare, Descartes, Milton, Rembrandt, Aphra Behn, Locke, Bach, Rousseau, Voltaire, and Goethe. Prerequisites: Great Conversation 113, 115, and 116. Offered annually in the fall semester.","17","0","0","16","1","ALS-L;WRI","Cherewatuk, Karen","{'fsnum': '1076', 'name': 'Cherewatuk, Karen'}","200","19","0","0","","0","New Forces of Secular","Open to Great Conversations students only.","217","{'day': 'Mo', 'end': '12:45', 'location': 'RML 525', 'start': '23:50'};{'day': 'We', 'end': '12:45', 'location': 'RML 525', 'start': '23:50'};{'day': 'Fr', 'end': '12:45', 'location': 'RML 525', 'start': '23:50'}","False","Prerequisites: Great Conversation 113, 115, and 116. Offered annually in the fall semester.","A","1","C","20131","The Tradition Renewed: New Forces of Secularization","Research","2013"
"0000088973","1.0","0000000534","GCON","Students examine the Renaissance's return to classical values and the Reformation's return to early Christian attitudes which challenge the authority of the medieval synthesis. Students trace the development of new sources of authority including the new science with its influence on art, literature, politics, and philosophy. Discussions consider writers and artists such as Luther, Calvin, Michelangelo, Teresa of Avila, Caravaggio, Shakespeare, Descartes, Milton, Rembrandt, Aphra Behn, Locke, Bach, Rousseau, Voltaire, and Goethe. Prerequisites: Great Conversation 113, 115, and 116. Offered annually in the fall semester.","16","1","0","13","2","ALS-L;WRI","Muñoz-Hutchinson, Danny","{'fsnum': '21884', 'name': 'Muñoz-Hutchinson, Danny'}","200","19","0","0","","0","New Forces of Secular","Open to Great Conversations students only.","217","{'day': 'Mo', 'end': '12:45', 'location': 'RML 420', 'start': '23:50'};{'day': 'We', 'end': '12:45', 'location': 'RML 420', 'start': '23:50'};{'day': 'Fr', 'end': '12:45', 'location': 'RML 420', 'start': '23:50'}","False","Prerequisites: Great Conversation 113, 115, and 116. Offered annually in the fall semester.","B","1","C","20131","The Tradition Renewed: New Forces of Secularization","Research","2013"
"0000088974","1.0","0000000534","GCON","Students examine the Renaissance's return to classical values and the Reformation's return to early Christian attitudes which challenge the authority of the medieval synthesis. Students trace the development of new sources of authority including the new science with its influence on art, literature, politics, and philosophy. Discussions consider writers and artists such as Luther, Calvin, Michelangelo, Teresa of Avila, Caravaggio, Shakespeare, Descartes, Milton, Rembrandt, Aphra Behn, Locke, Bach, Rousseau, Voltaire, and Goethe. Prerequisites: Great Conversation 113, 115, and 116. Offered annually in the fall semester.","17","2","0","15","0","ALS-L;WRI","Ripley, Jason J.","{'fsnum': '17395', 'name': 'Ripley, Jason J.'}","200","22","0","0","","0","New Forces of Secular","Open to Great Conversations students only.","217","{'day': 'Mo', 'end': '12:45', 'location': 'RML 520', 'start': '23:50'};{'day': 'We', 'end': '12:45', 'location': 'RML 520', 'start': '23:50'};{'day': 'Fr', 'end': '12:45', 'location': 'RML 520', 'start': '23:50'}","False","Prerequisites: Great Conversation 113, 115, and 116. Offered annually in the fall semester.","C","1","C","20131","The Tradition Renewed: New Forces of Secularization","Research","2013"
"0000088975","1.0","0000000534","GCON","Students examine the Renaissance's return to classical values and the Reformation's return to early Christian attitudes which challenge the authority of the medieval synthesis. Students trace the development of new sources of authority including the new science with its influence on art, literature, politics, and philosophy. Discussions consider writers and artists such as Luther, Calvin, Michelangelo, Teresa of Avila, Caravaggio, Shakespeare, Descartes, Milton, Rembrandt, Aphra Behn, Locke, Bach, Rousseau, Voltaire, and Goethe. Prerequisites: Great Conversation 113, 115, and 116. Offered annually in the fall semester.","19","0","0","19","0","ALS-L;WRI","Gallego, Carlos","{'fsnum': '22837', 'name': 'Gallego, Carlos'}","200","23","0","0","","0","New Forces of Secular","Open to Great Conversations students only.","217","{'day': 'Mo', 'end': '12:45', 'location': 'OM 110', 'start': '23:50'};{'day': 'We', 'end': '12:45', 'location': 'OM 110', 'start': '23:50'};{'day': 'Fr', 'end': '12:45', 'location': 'OM 110', 'start': '23:50'}","False","Prerequisites: Great Conversation 113, 115, and 116. Offered annually in the fall semester.","D","1","C","20131","The Tradition Renewed: New Forces of Secularization","Research","2013"
"0000088976","1.0","0000000534","GCON","Students examine the Renaissance's return to classical values and the Reformation's return to early Christian attitudes which challenge the authority of the medieval synthesis. Students trace the development of new sources of authority including the new science with its influence on art, literature, politics, and philosophy. Discussions consider writers and artists such as Luther, Calvin, Michelangelo, Teresa of Avila, Caravaggio, Shakespeare, Descartes, Milton, Rembrandt, Aphra Behn, Locke, Bach, Rousseau, Voltaire, and Goethe. Prerequisites: Great Conversation 113, 115, and 116. Offered annually in the fall semester.","17","0","0","17","0","ALS-L;WRI","Wilson, Charles","{'fsnum': '9090', 'name': 'Wilson, Charles'}","200","19","0","0","","0","New Forces of Secular","Open to Great Conversations students only.","217","{'day': 'Mo', 'end': '12:45', 'location': 'OM 140', 'start': '23:50'};{'day': 'We', 'end': '12:45', 'location': 'OM 140', 'start': '23:50'};{'day': 'Fr', 'end': '12:45', 'location': 'OM 140', 'start': '23:50'}","False","Prerequisites: Great Conversation 113, 115, and 116. Offered annually in the fall semester.","E","1","C","20131","The Tradition Renewed: New Forces of Secularization","Research","2013"
"0000088977","1.0","0000000534","GCON","Students examine the Renaissance's return to classical values and the Reformation's return to early Christian attitudes which challenge the authority of the medieval synthesis. Students trace the development of new sources of authority including the new science with its influence on art, literature, politics, and philosophy. Discussions consider writers and artists such as Luther, Calvin, Michelangelo, Teresa of Avila, Caravaggio, Shakespeare, Descartes, Milton, Rembrandt, Aphra Behn, Locke, Bach, Rousseau, Voltaire, and Goethe. Prerequisites: Great Conversation 113, 115, and 116. Offered annually in the fall semester.","18","1","0","16","1","ALS-L;WRI","Wojick, Paul","{'fsnum': '9114', 'name': 'Wojick, Paul'}","200","19","0","0","","0","New Forces of Secular","Open to Great Conversations students only.","217","{'day': 'Mo', 'end': '12:45', 'location': 'OM 210', 'start': '23:50'};{'day': 'We', 'end': '12:45', 'location': 'OM 210', 'start': '23:50'};{'day': 'Fr', 'end': '12:45', 'location': 'OM 210', 'start': '23:50'}","False","Prerequisites: Great Conversation 113, 115, and 116. Offered annually in the fall semester.","F","1","C","20131","The Tradition Renewed: New Forces of Secularization","Research","2013"
"0000088299","1.0","0000000504","GERM","Students begin to learn German through listening, speaking, reading, and writing about situations familiar to them including their personal biographies, families, daily life, studies, travels, and hobbies. Regular writing assignments are designed to help students learn vocabulary, check spelling, and to form thoughts with German sentence structure. Regular speaking activities aid in acquiring good pronunciation and listening skills. Offered annually in the fall semester.","9","5","1","1","2","","Achberger, Karen R.","{'fsnum': '50', 'name': 'Achberger, Karen R.'}","100","15","","","","","Beginning German I","","111","{'day': 'Mo', 'end': '08:55', 'location': 'TOH 312', 'start': '08:00'};{'day': 'We', 'end': '08:55', 'location': 'TOH 312', 'start': '08:00'};{'day': 'Fr', 'end': '08:55', 'location': 'TOH 312', 'start': '08:00'}","False","False","A","1","O","20131","","Research","2013"
"0000088300","1.0","0000000504","GERM","Students begin to learn German through listening, speaking, reading, and writing about situations familiar to them including their personal biographies, families, daily life, studies, travels, and hobbies. Regular writing assignments are designed to help students learn vocabulary, check spelling, and to form thoughts with German sentence structure. Regular speaking activities aid in acquiring good pronunciation and listening skills. Offered annually in the fall semester.","12","8","2","0","2","","Achberger, Karen R.","{'fsnum': '50', 'name': 'Achberger, Karen R.'}","100","17","","","","","Beginning German I","","111","{'day': 'Mo', 'end': '11:40', 'location': 'TOH 212', 'start': '10:45'};{'day': 'We', 'end': '11:40', 'location': 'TOH 212', 'start': '10:45'};{'day': 'Fr', 'end': '11:40', 'location': 'TOH 212', 'start': '10:45'}","False","False","B","1","O","20131","","Research","2013"
"0000088301","1.0","0000000505","GERM","Students continue to develop basic language skills with emphasis on expanding vocabulary and on writing assignments that aid in the practical application of grammatical concepts. Communicating in German about familiar personal topics, students acquire vocabulary about sports, food, holidays, school, the environment, and life in German speaking cultures. Prerequisite: German 111 or placement by test.","0","0","0","0","0","","Staff","{'fsnum': '', 'name': 'Staff'}","100","0","","","","","Beginning German II","This course has been canceled.","112","{'day': 'Mo', 'end': '10:00', 'location': 'TOH 212', 'start': '09:05'};{'day': 'We', 'end': '10:00', 'location': 'TOH 212', 'start': '09:05'};{'day': 'Fr', 'end': '10:00', 'location': 'TOH 212', 'start': '09:05'}","False","German 111 or placement by test.","","1","X","20131","","Research","2013"
"0000091342","1.0","0000000506","GERM","This course provides an introduction to the study of folklore and presents a spectrum of approaches to the interpretation of fairy tales. Students read and discuss writings stemming from oral traditions such as the Nibelungenlied, and chapbooks including Till Eulenspiegel, and Faust; eighteenth-century fables created on models from antiquity; fairy tales collected by the Brothers Grimm; and Kunstmärchen (literary fairy tales by known writers). Students explore the literary aspects of the works and their historical contexts.","27","0","6","8","13","ALS-L;HWC","Rippley, Lavern","{'fsnum': '6671', 'name': 'Rippley, Lavern'}","100","30","","","","","Grimm Fairy Tales/Folklor","","147","{'day': 'Tu', 'end': '09:25', 'location': 'TOH 212', 'start': '08:00'};{'day': 'Th', 'end': '09:20', 'location': 'TOH 212', 'start': '08:00'}","False","False","","1","C","20131","Fairy Tales, Folktales and Fables","Research","2013"
"0000088678","1.0","0000000508","GERM","Students explore life in the German-speaking countries through reading, discussing, and retelling narrative texts. The course emphasizes vocabulary building, a thorough review of German grammar, and the composition of short narratives to develop writing skills for paragraph-length discourse. Taught in German with some grammar explanations in English. Prerequisite: German 112 or placement by test.","18","10","2","4","2","","Fink, Karl","{'fsnum': '2103', 'name': 'Fink, Karl'}","200","22","","","","","Intermed German I","","231","{'day': 'Mo', 'end': '10:00', 'location': 'TOH 110', 'start': '09:05'};{'day': 'We', 'end': '10:00', 'location': 'TOH 110', 'start': '09:05'};{'day': 'Fr', 'end': '10:00', 'location': 'TOH 110', 'start': '09:05'}","False","German 112 or placement by test.","A","1","O","20131","Intermediate German I","Research","2013"
"0000088679","1.0","0000000508","GERM","Students explore life in the German-speaking countries through reading, discussing, and retelling narrative texts. The course emphasizes vocabulary building, a thorough review of German grammar, and the composition of short narratives to develop writing skills for paragraph-length discourse. Taught in German with some grammar explanations in English. Prerequisite: German 112 or placement by test.","19","11","1","7","0","","Fink, Karl","{'fsnum': '2103', 'name': 'Fink, Karl'}","200","22","","","","","Intermed German I","","231","{'day': 'Mo', 'end': '12:45', 'location': 'TOH 212', 'start': '23:50'};{'day': 'We', 'end': '12:45', 'location': 'TOH 212', 'start': '23:50'};{'day': 'Fr', 'end': '12:45', 'location': 'TOH 212', 'start': '23:50'}","False","German 112 or placement by test.","B","1","O","20131","Intermediate German I","Research","2013"
"0000088680","1.0","0000000509","GERM","Students continue to explore life in German-speaking countries, using cultural readings, films, and other authentic materials to develop vocabulary and composition skills. Drafting short reports enables students to practice writing skills for paragraph-length discourse. Selected grammar topics are reviewed as needed. Open to first-year students. Taught in German. May be counted toward the German major or German studies concentration. Prerequisite: German 231 or placement.","11","5","0","6","0","FOL-G","Fink, Karl","{'fsnum': '2103', 'name': 'Fink, Karl'}","200","19","","","","","Intermed German II","","232","{'day': 'Tu', 'end': '11:00', 'location': 'TOH 212', 'start': '09:35'};{'day': 'Th', 'end': '10:50', 'location': 'TOH 212', 'start': '09:30'}","False","German 231 or placement.","","1","O","20131","Intermediate German II","Research","2013"
"0000089288","1.0","0000000515","GERM","Students examine narrative texts, such as short stories, novel excerpts, and other fictional works, including film, with respect to plot and characters, relationships and themes, narrative strategies and structures. Weekly writing assignments offer practice in narration, extended description, as well as expressing and supporting an opinion about the texts and the ways they engage their respective times. The course is designed to teach writing strategies and includes basic and advanced grammar review, as needed. The final project is a short paper written in German. Taught in German. May be counted toward German major or German studies concentration. Prerequisite: German 232 or equivalent.","12","4","2","3","3","ALS-L;FOL-G;WRI","Achberger, Karen R.","{'fsnum': '50', 'name': 'Achberger, Karen R.'}","200","19","","","","","Understg Narratives","","251","{'day': 'Tu', 'end': '09:25', 'location': 'TOH 310', 'start': '08:00'};{'day': 'Th', 'end': '09:20', 'location': 'TOH 310', 'start': '08:00'}","False","German 232 or equivalent.","","1","O","20131","Understanding Narratives","Research","2013"
"0000091961","1.0","0000000520","GERM","Students examine a major period of German history and its impact on the institutional, intellectual, and artistic heritage of Europe. This course involves close reading and analysis of primary sources as well as critical evaluations of the period and focus on history as an interpretive reconstruction of the past. Sample periods include: the Reformation, Weimar Classicism, the German revolution of 1848, post-1945 Germany, and post-unification. The course emphasizes strategies for writing papers in German. Taught in German. May be counted toward German major or German studies concentration. Prerequisite: German 251 or German 252. May be repeated if topic is different.","5","0","1","2","2","FOL-G;HWC","Rippley, Lavern","{'fsnum': '6671', 'name': 'Rippley, Lavern'}","200","18","","","","","Top: Turn Pts-Ger His","","272","{'day': 'Tu', 'end': '11:00', 'location': 'TOH 108', 'start': '09:35'};{'day': 'Th', 'end': '10:50', 'location': 'TOH 108', 'start': '09:30'}","False","German 251 or German 252. May be repeated if topic is different.","","1","O","20131","Turning Points in German History","Topic","2013"
"0000088153","1.0","0000000522","GERM","Students spend four weeks during Interim or summer in an individually selected German or Austrian workplace. Opportunities include work in health care, communications, and manufacturing as well as non-profit organizations, libraries, businesses, laboratories, offices, and churches. Assignment of position varies with availability in host institutions. May be counted toward German major or German studies concentration. Prerequisite: at least one 250-level course.","0","0","0","0","0","","Staff","{'fsnum': '', 'name': 'Staff'}","200","","","","","","Academic Internship","","294","","True","at least one 250-level course.","","1","C","20131","Internship","Research","2013"
"0000088858","1.0","0000000523","GERM","Independent Study.","0","0","0","0","0","","Staff","{'fsnum': '', 'name': 'Staff'}","200","","","","","","IS/","","298","","False","False","","1","O","20131","Independent Study","Research","2013"
"0000088154","1.0","0000000529","GERM","Students spend four weeks during Interim or summer in the German or Austrian workplace. Opportunities include working in health care, communications, and manufacturing as well as non-profit organizations, libraries, businesses, laboratories, offices, and churches. Assignment of position varies with availability of host institutions. May be counted toward German major or German studies concentration. Prerequisite: at least one 270-level course.","0","0","0","0","0","","Staff","{'fsnum': '', 'name': 'Staff'}","300","","","","","","Academic Internship","","394","","True","at least one 270-level course.","","1","C","20131","Internship","Research","2013"
"0000088774","1.0","0000000530","GERM","Independent Research. May be counted toward German major or German studies concentration.","0","0","0","0","0","","Staff","{'fsnum': '', 'name': 'Staff'}","300","","","","","","IR/","","398","","False","False","","1","O","20131","Independent Research","Research","2013"
"0000093349","1.0","0000000530","GERM","Independent Research. May be counted toward German major or German studies concentration.","1","0","0","0","1","WRI","Fink, Karl","{'fsnum': '2103', 'name': 'Fink, Karl'}","300","","","","","","IR/Piece Berlin Together","","398","","False","False","A","1","O","20131","Independent Research","Research","2013"
"0000088302","1.0","0000000539","GREEK","In this two-course sequence students learn the basics of ancient Greek. By studying the language's vocabulary, grammar, and syntax, they not only gain appreciation for its intricacies and nuances but also learn more about their own language and about language in general. Completion of both semesters equips students to translate almost any ancient Greek text with the aid of a dictionary. Offered annually in the fall semester.","16","5","1","4","6","","May, James","{'fsnum': '5130', 'name': 'May, James'}","100","25","","","","","Beginning Greek I","","111","{'day': 'Mo', 'end': '08:55', 'location': 'TOH 314', 'start': '08:00'};{'day': 'We', 'end': '08:55', 'location': 'TOH 314', 'start': '08:00'};{'day': 'Fr', 'end': '08:55', 'location': 'TOH 314', 'start': '08:00'}","False","False","A","1","O","20131","","Research","2013"
"0000088303","1.0","0000000539","GREEK","In this two-course sequence students learn the basics of ancient Greek. By studying the language's vocabulary, grammar, and syntax, they not only gain appreciation for its intricacies and nuances but also learn more about their own language and about language in general. Completion of both semesters equips students to translate almost any ancient Greek text with the aid of a dictionary. Offered annually in the fall semester.","13","4","6","2","1","","May, James","{'fsnum': '5130', 'name': 'May, James'}","100","25","","","","","Beginning Greek I","","111","{'day': 'Mo', 'end': '10:00', 'location': 'TOH 314', 'start': '09:05'};{'day': 'We', 'end': '10:00', 'location': 'TOH 314', 'start': '09:05'};{'day': 'Fr', 'end': '10:00', 'location': 'TOH 314', 'start': '09:05'}","False","False","B","1","O","20131","","Research","2013"
"0000088716","1.0","0000000541","GREEK","Third-semester Greek students read selections from Plato's dialogues (Apology, Crito, Phaedo) in uncut, original versions, reviewing basic vocabulary, grammar, and syntax while translating the Greek texts. The class discusses the life and death of Socrates and the significance of the dialogues as works of literature. Prerequisite: Greek 112 or equivalent. Offered annually in the fall semester.","8","0","1","5","2","FOL-K","Brunelle, Christopher M.","{'fsnum': '14999', 'name': 'Brunelle, Christopher M.'}","200","12","","","","","Intermediate Greek","","231","{'day': 'Mo', 'end': '14:55', 'location': 'TOH 300', 'start': '14:00'};{'day': 'We', 'end': '14:55', 'location': 'TOH 300', 'start': '14:00'};{'day': 'Fr', 'end': '14:55', 'location': 'TOH 300', 'start': '14:00'}","False","Greek 112 or equivalent. Offered annually in the fall semester.","","1","O","20131","","Research","2013"
"0000088155","1.0","0000000543","GREEK","","0","0","0","0","0","","Staff","{'fsnum': '', 'name': 'Staff'}","200","","","","","","Academic Internship","","294","","True","","","1","C","20131","","Research","2013"
"0000088844","1.0","0000000544","GREEK","","0","0","0","0","0","","Staff","{'fsnum': '', 'name': 'Staff'}","200","","","","","","IS/","","298","","False","","","1","O","20131","Independent Study","Research","2013"
"0000091202","1.0","0000000547","GREEK","Readings in Greek from the works of Herodotus, the ""Father of History,"" and Thucydides, the first ""scientific"" historian, provide the backdrop for studying the development of Greek historiography. Students analyze the historians' distinctive methods and writing styles and compare them with those of modern historians. Prerequisite: Greek 231 or equivalent. Offered alternate years.","3","0","2","0","1","FOL-K","Reece, Steve T.","{'fsnum': '6626', 'name': 'Reece, Steve T.'}","300","7","","","","","Greek Historians","","373","{'day': 'Tu', 'end': '14:45', 'location': 'TOH 300', 'start': '13:20'};{'day': 'Th', 'end': '15:35', 'location': 'TOH 300', 'start': '14:15'}","False","Greek 231 or equivalent. Offered alternate years.","","1","O","20131","","Research","2013"
"0000088156","1.0","0000000550","GREEK","","0","0","0","0","0","","Staff","{'fsnum': '', 'name': 'Staff'}","300","","","","","","Academic Internship","","394","","True","","","1","C","20131","Academic Inernship","Research","2013"
"0000088754","1.0","0000000551","GREEK","","0","0","0","0","0","","Staff","{'fsnum': '', 'name': 'Staff'}","300","","","","","","IR/","","398","","False","","","1","O","20131","Independent Research","Research","2013"
"0000089296","1.0","0000000553","HIST","A survey of Nordic history from the time of the Viking expansion to the period of the Kalmar Union. Topics include Viking expansion and conquest; Nordic cultural and religious life; the coming of Christianity; the sagas and other literary sources; later medieval developments. Offered most years. Counts towards medieval studies major.","16","16","0","0","0","HWC","Nichol, Todd W.","{'fsnum': '14143', 'name': 'Nichol, Todd W.'}","100","18","18","0","0","0","Viking/Medieval Scand","Open to first-year students only.","111","{'day': 'Tu', 'end': '09:25', 'location': 'HH 515', 'start': '08:00'};{'day': 'Th', 'end': '09:20', 'location': 'HH 515', 'start': '08:00'}","False","False","","1","C","20131","Viking and Medieval Scandinavia","Research","2013"
"0000091303","1.0","0000000557","HIST","Focusing on social and cultural history, students use literature, film, and propaganda to examine total war and its impact on gender, state, and society. How did the 19th century prepare Europeans for war? How did different experiences in the trenches and on the home front contribute to gender anxieties? Was the war an agent of progress or midwife to the brutality of the 20th century? Offered most years. Counts toward women's and gender studies major and concentration.","15","14","0","0","1","HWC","Peters, Dolores","{'fsnum': '6245', 'name': 'Peters, Dolores'}","100","18","","0","0","0","Europe-Great War","Open to first-year students only.","122","{'day': 'Tu', 'end': '11:00', 'location': 'HH 514', 'start': '09:35'};{'day': 'Th', 'end': '10:50', 'location': 'HH 514', 'start': '09:30'}","False","False","","1","C","20131","Europe and the Great War","Research","2013"
"0000091292","1.0","0000021544","HIST","This seminar examines one of history's most dramatic episodes: the Spanish conquest and colonization of what is now Latin America. Through reading and discussion, students examine such topics as European and indigenous perceptions of the Conquest, the role of missionaries, the imperial enterprise, the response of native peoples to the imposition of Christianity, indigenous efforts to resist Spanish domination, the ecological/biological consequences of 1492, and subsequent debates over the morality of the conquest. Offered periodically. Counts toward Latin American studies major and concentration.","16","14","0","1","1","MCG;MCS-G;WRI","DeLaney, Jeane","{'fsnum': '1368', 'name': 'DeLaney, Jeane'}","100","18","","0","0","0","Conquest and Colonization","Open to first-year students only.","126","{'day': 'Tu', 'end': '14:45', 'location': 'OM 110', 'start': '13:20'};{'day': 'Th', 'end': '15:35', 'location': 'OM 110', 'start': '14:15'}","False","False","","1","C","20131","","Research","2013"
"0000089153","1.0","0000023948","HIST","This course introduces students to the historical forces leading to and scholarly debates about slavery in African history. Students examine the nature and development of domestic slavery to the 19th century as well as the slave trade systems across the Saharan Desert and the Atlantic Ocean. Students ""do history"" using primary sources to retrieve the African voices and agency in discussions of the slave trade and debate themes such as ethnicity, kinship, state formation, and colonialism. Offered annually. Counts toward Africa and the Americas concentration.","18","18","0","0","0","MCG;MCS-G","Iddrisu, Abdulai","{'fsnum': '21082', 'name': 'Iddrisu, Abdulai'}","100","18","18","0","0","0","Slavery in African Hist","Open to first-year students only.","151","{'day': 'Tu', 'end': '11:00', 'location': 'HH 302', 'start': '09:35'};{'day': 'Th', 'end': '10:50', 'location': 'HH 302', 'start': '09:30'}","False","False","","1","C","20131","Slavery in African History","Research","2013"
"0000092070","1.0","0000000569","HIST","Students examine the overthrow of American segregation through several decades of agitation for civil rights. This seminar focuses primarily on the South, though students also discuss northern race relations. Primary accounts from the era constitute the assigned readings. Among the topics covered are the segregated South, Martin Luther King and his critics, the Black Power movement, and the rise of white backlash politics. Offered periodically. Counts towards race and ethnic studies and American studies majors and race and ethnic studies and Africa and the Americas concentrations.","15","12","0","2","1","HWC;MCD;MCS-D","Fitzgerald, Michael","{'fsnum': '2113', 'name': 'Fitzgerald, Michael'}","100","18","","0","0","0","Civil Rights Revolution","Open to first-year students only.","181","{'day': 'Mo', 'end': '14:55', 'location': 'HH 515', 'start': '14:00'};{'day': 'We', 'end': '14:55', 'location': 'HH 515', 'start': '14:00'};{'day': 'Fr', 'end': '14:55', 'location': 'HH 515', 'start': '14:00'}","False","False","","1","O","20131","","Research","2013"
"0000088237","1.0","0000000570","HIST","This seminar examines American society since 1945. The main focus is social history. Topics include the impact of the Cold War, migration to the suburbs, post-industrial society, the culture of the 1950s, civil rights, the Vietnam War, the student movement, the sexual revolution, and Watergate. Sources include novels, essays, magazine stories, films, and documentaries. Offered most years. Counts towards American studies major and women's and gender studies major and concentration.","20","19","0","0","1","HWC;MCD;MCS-D;WRI","Kutulas, Judy","{'fsnum': '4583', 'name': 'Kutulas, Judy'}","100","19","18","0","0","0","America Since WW II","Open to first-year students only.","182","{'day': 'Mo', 'end': '10:00', 'location': 'HH 515', 'start': '09:05'};{'day': 'We', 'end': '10:00', 'location': 'HH 515', 'start': '09:05'};{'day': 'Fr', 'end': '10:00', 'location': 'HH 515', 'start': '09:05'}","False","False","","1","C","20131","America Since World War II","Research","2013"
"0000089257","1.0","0000000572","HIST","Selected topics in historical studies, depending on instructor.","13","12","0","0","1","HWC","Fure-Slocum, Eric J.","{'fsnum': '10197', 'name': 'Fure-Slocum, Eric J.'}","100","18","18","0","0","0","Top: Perils of Prosperity","Open to first-year students only.","188","{'day': 'Mo', 'end': '11:40', 'location': 'HH 515', 'start': '10:45'};{'day': 'We', 'end': '11:40', 'location': 'HH 515', 'start': '10:45'};{'day': 'Fr', 'end': '11:40', 'location': 'HH 515', 'start': '10:45'}","False","False","","1","O","20131","Topical Seminar","Topic","2013"
"0000088492","1.0","0000000573","HIST","This course surveys Western history and culture from its origins in the Ancient Near East to the Italian Renaissance. Topics include the ancient world, the beginnings of Christianity, the emergence and disintegration of Rome as a unifying power, the Middle Ages, and the Renaissance. Through original texts and historical studies, students will explore relationships among religions, states, and societies and views of natural environments, family life, and gender roles. Offered most years. Counts towards ancient studies and medieval studies majors.","32","7","10","11","4","HWC","Howe, Tim R.","{'fsnum': '15815', 'name': 'Howe, Tim R.'}","100","35","","","","","Eur/Anc/Renaissance","","190","{'day': 'Mo', 'end': '14:55', 'location': 'HH 501', 'start': '14:00'};{'day': 'We', 'end': '14:55', 'location': 'HH 501', 'start': '14:00'};{'day': 'Fr', 'end': '14:55', 'location': 'HH 501', 'start': '14:00'}","False","False","","1","C","20131","Europe from the Ancients to the Renaissance","Research","2013"
"0000088577","1.0","0000000575","HIST","Students use original texts, historical studies, and literature to examine, comparatively and chronologically, the evolution of selected cultures and societies before 1500. They explore topics such as political, cultural, and economic exchange, religious practices, human interaction with the environment, forms of political authority, family life, and gender roles. Offered most years.","40","5","9","17","9","MCG;MCS-G","Iddrisu, Abdulai","{'fsnum': '21082', 'name': 'Iddrisu, Abdulai'}","100","35","","","","","Global Hist to 1500","","194","{'day': 'Mo', 'end': '11:40', 'location': 'HH 403', 'start': '10:45'};{'day': 'We', 'end': '11:40', 'location': 'HH 403', 'start': '10:45'};{'day': 'Fr', 'end': '11:40', 'location': 'HH 403', 'start': '10:45'}","False","False","","1","C","20131","Global Histories from Ancient Times to 1500","Research","2013"
"0000088238","1.0","0000000577","HIST","This course examines the development of American culture and society from the Columbian encounter through the Civil War. Topics include the interaction of Europeans, Africans, and indigenous peoples in early America; the social development of the British colonies; the evolution of American slavery; the Revolution and the Constitution; industrialization, expansion, and reform in the 19th century; and the Civil War. Offered most years. Counts towards American studies major.","27","1","9","8","9","HWC;MCD;MCS-D","Fitzgerald, Michael","{'fsnum': '2113', 'name': 'Fitzgerald, Michael'}","100","30","","","","","America to 1865","","198","{'day': 'Mo', 'end': '11:40', 'location': 'HH 317', 'start': '10:45'};{'day': 'We', 'end': '11:40', 'location': 'HH 317', 'start': '10:45'};{'day': 'Fr', 'end': '11:40', 'location': 'HH 317', 'start': '10:45'}","False","False","","1","C","20131","American History to 1865","Research","2013"
"0000091294","1.0","0000000583","HIST","This course explores topics in European history, designed to emphasize active skills of critical reading, textual and contextual analysis, historiographical argument, and historical writing. Recent topics have included ""Restoration Britain"" and ""France in World War II."" Primarily for history majors; others by permission of instructor. Offered most years.","14","0","6","7","1","WRI","Carrington, J. L.","{'fsnum': '971', 'name': 'Carrington, J. L.'}","200","13","","","","","Sem: Med Europe","Especially for sophomore history majors, but others may also register.","210","{'day': 'Tu', 'end': '13:10', 'location': 'HH 514', 'start': '23:45'};{'day': 'Th', 'end': '14:05', 'location': 'HH 514', 'start': '12:45'}","False","False","","1","C","20131","Major Seminar: European History","Seminar","2013"
"0000091295","1.0","0000000584","HIST","This course examines European history during the period from 300 to 1000. Topics include the culture of late antiquity, the foundation of Christian institutions, the age of migrations, the Byzantine Empire and its relationship with the West, the emergence of Islam, the Carolingian revival, the manorial system, and the development of feudalism, with attention given to women's roles in medieval society throughout the course. Offered alternate years. Counts towards medieval studies major.","29","0","11","8","10","HWC","Carrington, J. L.","{'fsnum': '971', 'name': 'Carrington, J. L.'}","200","30","","","","","Early Middle Ages","","211","{'day': 'Mo', 'end': '12:45', 'location': 'HH 501', 'start': '23:50'};{'day': 'We', 'end': '12:45', 'location': 'HH 501', 'start': '23:50'};{'day': 'Fr', 'end': '12:45', 'location': 'HH 501', 'start': '23:50'}","False","False","","1","C","20131","The Early Middle Ages","Research","2013"
"0000091296","1.0","0000000593","HIST","This course surveys the history of France since 1815 and considers, across the arc of five republics, two monarchies, two Napoleonic empires, and one authoritarian regime, what it means to be French. Organizing themes include the revolutionary tradition and the notion of republicanism, industrialization's impact on society, the transformation of France in response to two catastrophic world wars, and contemporary challenges such as austerity and immigration. Foreign Language Across the Curriculum course available in French. Offered most years.","28","2","9","9","8","HWC","Peters, Dolores","{'fsnum': '6245', 'name': 'Peters, Dolores'}","200","30","","","","","Modern France","","226","{'day': 'Mo', 'end': '12:45', 'location': 'HH 403', 'start': '23:50'};{'day': 'We', 'end': '12:45', 'location': 'HH 403', 'start': '23:50'};{'day': 'Fr', 'end': '12:45', 'location': 'HH 403', 'start': '23:50'}","False","False","","1","O","20131","","Research","2013"
"0000091302","0.25","0000016225","HIST","","10","1","3","4","2","","Peters, Dolores;Barjasteh, Jolene","{'fsnum': '6245', 'name': 'Peters, Dolores'};{'fsnum': '337', 'name': 'Barjasteh, Jolene'}","200","10","","","","","FLC - French","","226","","False","","","1","C","20131","","FLAC","2013"
"0000091297","1.0","0000000595","HIST","Russia's modern history from Peter the Great to the revolution of 1917 centers on the tsarist autocracy and popular movements to limit its power. Students assess Russia's economy, culture, and religion against the background of the country's westernization. Foreign Language Across the Curriculum course available in Russian. Offered most years.","31","0","11","8","12","HWC","Kuxhausen, Anna","{'fsnum': '17470', 'name': 'Kuxhausen, Anna'}","200","30","","","","","Imperial Russia","","230","{'day': 'Mo', 'end': '10:00', 'location': 'OM 30', 'start': '09:05'};{'day': 'We', 'end': '10:00', 'location': 'OM 30', 'start': '09:05'};{'day': 'Fr', 'end': '10:00', 'location': 'OM 30', 'start': '09:05'}","False","False","","1","C","20131","","Research","2013"
"0000089132","1.0","0000000603","HIST","This course explores topics in non-Western history, designed to emphasize active skills of critical reading, textual and contextual analysis, historiographical argument, and historical writing. recent topics have included ""American Empire: A Cultural History of US-Latin America Relations"" and ""Imperialism and Nationalism in Southeast Asia."" Primarily for history majors; others by permission of instructor. Offered periodically.","13","0","3","8","2","MCG;WRI","Entenmann, Robert","{'fsnum': '1821', 'name': 'Entenmann, Robert'}","200","13","","","","","Sem:Implm/Natlm SE Asia","Especially for sophomore history majors, but others may also register.","240","{'day': 'Tu', 'end': '14:45', 'location': 'HH 515', 'start': '13:20'};{'day': 'Th', 'end': '15:35', 'location': 'HH 515', 'start': '14:15'}","False","False","","1","C","20131","Major Seminar: Non-Western History","Seminar","2013"
"0000091298","1.0","0000024266","HIST","This course examines the environmental history of Latin America from ancient times to the present. Through readings and discussion, students explore topics such as pre-conquest indigenous agriculture, the environmental consequences of European colonization, Latin American understandings of nature, the Green Revolution, deforestation, questions of international environmental justice, and the growing links between the region's indigenous peoples and international environmental organizations. Offered annually. Counts toward environmental studies major (all tracks) and concentration and Latin America studies major and concentration.","18","0","2","5","11","MCG;MCS-G;ORC","DeLaney, Jeane","{'fsnum': '1368', 'name': 'DeLaney, Jeane'}","200","18","","","","","Env History/Latin America","","245","{'day': 'Tu', 'end': '11:00', 'location': 'OM 140', 'start': '09:35'};{'day': 'Th', 'end': '10:50', 'location': 'OM 140', 'start': '09:30'}","False","False","","1","C","20131","Environmental History of Latin America","Research","2013"
"0000091299","1.0","0000000622","HIST","Students examine the limitations and the enormous potential of film in depicting and interpreting past events in U.S. history. They analyze films using a variety of theoretical models and explore the ways feature films and documentaries have explored themes like race, conquest, war, and politics in American history. Writing assignments enable students to demonstrate their analytical skills. Counts toward American studies major and media and film studies concentrations.","36","0","17","7","12","HWC;MCD","Kutulas, Judy","{'fsnum': '4583', 'name': 'Kutulas, Judy'}","200","30","","","","","Reel Am/History/Film","","290","{'day': 'Mo', 'end': '11:40', 'location': 'HH 501', 'start': '10:45'};{'day': 'We', 'end': '11:40', 'location': 'HH 501', 'start': '10:45'};{'day': 'Fr', 'end': '11:40', 'location': 'HH 501', 'start': '10:45'}","False","False","","1","C","20131","Reel America: U.S. History in Film","Research","2013"
"0000088157","1.0","0000000624","HIST","","0","0","0","0","0","","Staff","{'fsnum': '', 'name': 'Staff'}","200","","","","","","Academic Internship","","294","","True","","","1","C","20131","Internship","Research","2013"
"0000091719","1.0","0000021545","HIST","","25","4","6","6","9","MCG;MCS-G","Iddrisu, Abdulai","{'fsnum': '21082', 'name': 'Iddrisu, Abdulai'}","200","30","","","","","Top: Intro to Afr Hist","","295","{'day': 'Tu', 'end': '13:10', 'location': 'HH 317', 'start': '23:45'};{'day': 'Th', 'end': '14:05', 'location': 'HH 317', 'start': '12:45'}","False","","","1","O","20131","Topics in History","Topic","2013"
"0000088872","1.0","0000000625","HIST","","0","0","0","0","0","","Staff","{'fsnum': '', 'name': 'Staff'}","200","","","","","","IS/","","298","","False","","","1","O","20131","Independent Study","Research","2013"
"0000092152","1.0","0000000625","HIST","","1","0","1","0","0","","Howe, Tim R.","{'fsnum': '15815', 'name': 'Howe, Tim R.'}","200","","","","","","IS/Indian Waste Mgmt","","298","","False","","A","1","O","20131","Independent Study","Research","2013"
"0000091300","1.0","0000000629","HIST","This seminar covers the emergence and development of Roman civilization from the founding of Rome to the end of the Western Empire. Students explore such topics as the Greek and Etruscan legacy, evolution from republic to autocracy, the Augustan Age, Pax Romana, social and intellectual trends, the triumph of Christianity and Rome's final transformation. Prerequisite: History 190 or 204 or permission of instructor. May be repeated if topics are different. Offered periodically. Counts toward ancient studies major.","20","0","12","1","7","WRI","Howe, Tim R.","{'fsnum': '15815', 'name': 'Howe, Tim R.'}","300","17","","","","","Sem: Late Republican Rome","","303","{'day': 'Mo', 'end': '22:00', 'location': 'HH 515', 'start': '19:00'}","False","History 190 or 204 or permission of instructor. May be repeated if topics are different. Offered periodically. Counts toward ancient studies major.","","1","C","20131","Roman Civilization","Seminar","2013"
"0000091301","1.0","0000000632","HIST","This seminar covers various topics in modern European history, depending upon the instructor. Recent topics have included ""Gender and the Enlightenment,"" ""The Holocaust and History,"" ""Race, Gender, and Medicine,"" and ""Nation and Empire in Russian History."" May be repeated if topics are different. Prerequisites for certain offerings. Offered most years.","18","0","2","0","16","WRI","Peters, Dolores","{'fsnum': '6245', 'name': 'Peters, Dolores'}","300","17","","","","","Sem: Race,Gender,Medicine","","320","{'day': 'Tu', 'end': '14:45', 'location': 'OM 305', 'start': '13:20'};{'day': 'Th', 'end': '15:35', 'location': 'OM 305', 'start': '14:15'}","False","Prerequisites for certain offerings. Offered most years.","","1","C","20131","Seminar: Modern Europe","Seminar","2013"
"0000089129","1.0","0000000638","HIST","This seminar covers varying topics in American history, depending upon the instructor. Recent topics have included ""Lincoln and his America,"" ""The American Revolution,"" and ""19th-Century American Political Culture."" May be repeated if topics are different. Offered most years.","14","0","5","0","9","WRI","Fitzgerald, Michael","{'fsnum': '2113', 'name': 'Fitzgerald, Michael'}","300","17","","","","","Sem: Am Society/Civil War","Prerequisite: Permission of the instructor.","370","{'day': 'Tu', 'end': '13:10', 'location': 'OM 110', 'start': '23:45'};{'day': 'Th', 'end': '14:05', 'location': 'OM 110', 'start': '12:45'}","False","Permission of the instructor.","","1","O","20131","American Seminar","Seminar","2013"
"0000088158","1.0","0000000640","HIST","","0","0","0","0","0","","Staff","{'fsnum': '', 'name': 'Staff'}","300","","","","","","Academic Internship","","394","","True","","","1","C","20131","Internship","Research","2013"
"0000088796","1.0","0000000642","HIST","","0","0","0","0","0","","Staff","{'fsnum': '', 'name': 'Staff'}","300","","","","","","IR/","","398","","False","","","1","O","20131","Independent Research","Research","2013"
"0000092123","1.0","0000000642","HIST","","1","0","1","0","0","","Kutulas, Judy","{'fsnum': '4583', 'name': 'Kutulas, Judy'}","300","","","","","","IR/Courtship and Marriage","","398","","False","","A","1","O","20131","Independent Research","Research","2013"
"0000093183","1.0","0000000642","HIST","","1","0","1","0","0","","Howe, Tim R.","{'fsnum': '15815', 'name': 'Howe, Tim R.'}","300","","","","","","IR/Digital Archaeology","","398","","False","","B","1","O","20131","Independent Research","Research","2013"
"0000093333","1.0","0000000642","HIST","","1","0","0","0","1","","Carrington, J. L.","{'fsnum': '971', 'name': 'Carrington, J. L.'}","300","","","","","","IR/Age of Justinian","","398","","False","","C","1","O","20131","Independent Research","Research","2013"
"0000093373","1.0","0000000642","HIST","","1","0","0","0","1","WRI","Carrington, J. L.","{'fsnum': '971', 'name': 'Carrington, J. L.'}","300","","","","","","IR/Crusades","","398","","False","","D","1","O","20131","Independent Research","Research","2013"
"0000088866","1.0","0000000644","HSPST","","0","0","0","0","0","","Staff","{'fsnum': '', 'name': 'Staff'}","200","","","","","","IS/","","298","","False","","","1","C","20131","Independent Study","Research","2013"
"0000088432","0.25","0000000694","ID","Oral communication is an essential part of science and mathematics. Students work closely with a faculty member to learn and practice important aspects of communicating technical information to both expert and non-expert audiences. Enrollment by permission of instructor only. Prerequisite: Previous participation in summer communication series. P/N only. Offered each semester.","2","0","2","0","0","ORC","Muth, Greg W.","{'fsnum': '14961', 'name': 'Muth, Greg W.'}","200","5","","","","","Comm Science and Math","","230","","True","Previous participation in summer communication series. P/N only. Offered each semester.","","1","O","20131","Communicating Science and Mathematics","Research","2013"
"0000088624","1.0","0000000499","ID","This course provides an examination and application of the key content, skills, and perspectives of human geography. The lens of the geographer focuses on the spatial distribution of phenomena over the surface of the earth, asking the questions ""where?"" and ""why there?"". The practices and skills of geography are used to investigate a variety of issues in the Middle East, including environmental problems, the culture and management of sacred places, and the reasons for war and the need for peace. Counts toward environmental studies major (social science track).","48","1","17","12","18","HBS;MCG;MCS-G","McClure, Robert W.","{'fsnum': '16582', 'name': 'McClure, Robert W.'}","200","60","","","","","Human Geography","","234","{'day': 'Tu', 'end': '14:45', 'location': 'TOH 210', 'start': '13:20'};{'day': 'Th', 'end': '15:35', 'location': 'TOH 210', 'start': '14:15'}","False","False","","1","O","20131","Human Geography of the Middle East","Research","2013"
"0000088167","1.0","0000000707","ID","","0","0","0","0","0","","Staff","{'fsnum': '', 'name': 'Staff'}","200","","","","","","Academic Internship","","294","","True","","","1","C","20131","","Research","2013"
"0000088903","1.0","0000000708","ID","","0","0","0","0","0","","Staff","{'fsnum': '', 'name': 'Staff'}","200","","","","","","IS/","","298","","False","","","1","O","20131","Independent Study","Research","2013"
"0000088168","1.0","0000000709","ID","","0","0","0","0","0","","Staff","{'fsnum': '', 'name': 'Staff'}","300","","","","","","Academic Internship","","394","","True","","","1","C","20131","","Research","2013"
"0000088766","1.0","0000000710","ID","","1","0","0","0","1","WRI","Loebach, Jeremy","{'fsnum': '21097', 'name': 'Loebach, Jeremy'}","300","","","","","","IR/Bilingualism/Math Cogn","","398","","False","","","1","O","20131","Independent Research","Research","2013"
"0000093294","1.0","0000000710","ID","","1","0","0","0","1","","Loebach, Jeremy","{'fsnum': '21097', 'name': 'Loebach, Jeremy'}","300","","","","","","IR/Bilingualism/Math Cogn","","398","","False","","A","1","O","20131","Independent Research","Research","2013"
"0000096665","1.0","0000019842","INTD","","0","0","0","0","0","","Staff","{'fsnum': '', 'name': 'Staff'}","100","","","","","","Course with IST and SED","","175","","False","","","1","C","20131","","Research","2013"
"0000088165","1.0","0000000686","IS","","0","0","0","0","0","","Staff","{'fsnum': '', 'name': 'Staff'}","200","","","","","","Academic Internship","","294","","True","","","1","C","20131","","Research","2013"
"0000088845","1.0","0000000687","IS","","0","0","0","0","0","","Staff","{'fsnum': '', 'name': 'Staff'}","200","","","","","","IS/","","298","","False","","","1","O","20131","","Research","2013"
"0000089137","1.0","0000000689","IS","Students with individual majors register for their senior integrative projects in each semester of the senior year. The first semester, generally used for research and other preparation in consultation with the student's adviser, receives a P/N evaluation; the second semester, and final presentation of the project to the faculty certification committee, receives a grade. A brief description of the student's major and senior project appear on the transcript.","1","0","0","0","1","","Williamson, Thomas A.","{'fsnum': '14223', 'name': 'Williamson, Thomas A.'}","300","20","0","0","0","","Senior Project I","Open to Senior majors only.","391","","True","False","A","1","O","20131","","Research","2013"
"0000093499","1.0","0000000689","IS","Students with individual majors register for their senior integrative projects in each semester of the senior year. The first semester, generally used for research and other preparation in consultation with the student's adviser, receives a P/N evaluation; the second semester, and final presentation of the project to the faculty certification committee, receives a grade. A brief description of the student's major and senior project appear on the transcript.","1","0","0","0","1","","Christie, Sian E.","{'fsnum': '16804', 'name': 'Christie, Sian E.'}","300","","","","","","Senior Project I","","391","","True","False","B","1","O","20131","","Research","2013"
"0000093500","1.0","0000000689","IS","Students with individual majors register for their senior integrative projects in each semester of the senior year. The first semester, generally used for research and other preparation in consultation with the student's adviser, receives a P/N evaluation; the second semester, and final presentation of the project to the faculty certification committee, receives a grade. A brief description of the student's major and senior project appear on the transcript.","1","0","0","0","1","","Dickinson, Shelly D.","{'fsnum': '15747', 'name': 'Dickinson, Shelly D.'}","300","","","","","","Senior Project I","","391","","True","False","C","1","O","20131","","Research","2013"
"0000093501","1.0","0000000689","IS","Students with individual majors register for their senior integrative projects in each semester of the senior year. The first semester, generally used for research and other preparation in consultation with the student's adviser, receives a P/N evaluation; the second semester, and final presentation of the project to the faculty certification committee, receives a grade. A brief description of the student's major and senior project appear on the transcript.","1","0","0","0","1","","Wilson, Karen","{'fsnum': '9093', 'name': 'Wilson, Karen'}","300","","","","","","Senior Project I","","391","","True","False","D","1","O","20131","","Research","2013"
"0000093502","1.0","0000000689","IS","Students with individual majors register for their senior integrative projects in each semester of the senior year. The first semester, generally used for research and other preparation in consultation with the student's adviser, receives a P/N evaluation; the second semester, and final presentation of the project to the faculty certification committee, receives a grade. A brief description of the student's major and senior project appear on the transcript.","1","0","0","0","1","","Iddrisu, Abdulai","{'fsnum': '21082', 'name': 'Iddrisu, Abdulai'}","300","","","","","","Senior Project I","","391","","True","False","E","1","O","20131","","Research","2013"
"0000093503","1.0","0000000689","IS","Students with individual majors register for their senior integrative projects in each semester of the senior year. The first semester, generally used for research and other preparation in consultation with the student's adviser, receives a P/N evaluation; the second semester, and final presentation of the project to the faculty certification committee, receives a grade. A brief description of the student's major and senior project appear on the transcript.","1","0","0","0","1","","Porterfield, Jean C.","{'fsnum': '14015', 'name': 'Porterfield, Jean C.'}","300","","","","","","Senior Project I","","391","","True","False","F","1","O","20131","","Research","2013"
"0000093504","1.0","0000000689","IS","Students with individual majors register for their senior integrative projects in each semester of the senior year. The first semester, generally used for research and other preparation in consultation with the student's adviser, receives a P/N evaluation; the second semester, and final presentation of the project to the faculty certification committee, receives a grade. A brief description of the student's major and senior project appear on the transcript.","1","0","0","0","1","","Taliaferro, Charles","{'fsnum': '8230', 'name': 'Taliaferro, Charles'}","300","","","","","","Senior Project I","","391","","True","False","G","1","O","20131","","Research","2013"
"0000093505","1.0","0000000689","IS","Students with individual majors register for their senior integrative projects in each semester of the senior year. The first semester, generally used for research and other preparation in consultation with the student's adviser, receives a P/N evaluation; the second semester, and final presentation of the project to the faculty certification committee, receives a grade. A brief description of the student's major and senior project appear on the transcript.","1","0","0","0","1","","Allister, Mark","{'fsnum': '110', 'name': 'Allister, Mark'}","300","","","","","","Senior Project I","","391","","True","False","H","1","O","20131","","Research","2013"
"0000089146","1.0","0000000690","IS","Students with individual majors register for their senior integrative projects in each semester of the senior year. The first semester, generally used for research and other preparation in consultation with the student's adviser, receives a P/N evaluation; the second semester, and final presentation of the project to the faculty certification committee, receives a grade. A brief description of the student's major and senior project appear on the transcript.","1","0","0","0","1","","Hall-Holt, Olaf A.","{'fsnum': '16583', 'name': 'Hall-Holt, Olaf A.'}","300","2","0","0","0","","Senior Project II","Open to Senior majors only.","392","","False","False","","1","O","20131","","Research","2013"
"0000088166","1.0","0000000691","IS","","1","0","0","0","1","","Edwins, Steven","{'fsnum': '1564', 'name': 'Edwins, Steven'}","300","","","","","","Academic Internship","","394","","True","","","1","C","20131","","Research","2013"
"0000093380","1.0","0000000691","IS","","1","0","0","0","1","","Rohn, Matthew","{'fsnum': '6758', 'name': 'Rohn, Matthew'}","300","","","","","","Academic Internship","","394","","True","","A","1","O","20131","","Research","2013"
"0000088831","1.0","0000000692","IS","","0","0","0","0","0","","Staff","{'fsnum': '', 'name': 'Staff'}","300","","","","","","IR/","","398","","False","","","1","O","20131","","Research","2013"
"0000088304","1.0","0000000658","JAPAN","This course is an introduction to speaking, reading, and writing Japanese; writing includes the learning of all syllabic letters (Hiragana and Katakana) and basic Kanji (Chinese characters). Class meets four times weekly. Individual language laboratory visits are also required. Offered annually in the fall semester.","21","14","2","3","2","","Bridges IV, William H.","{'fsnum': '23541', 'name': 'Bridges IV, William H.'}","100","17","","","","","Beginning Japanese I","Students in Japan 111A must also register for one lab Japan 111AL or BL.","111","{'day': 'Mo', 'end': '11:40', 'location': 'TOH 314', 'start': '10:45'};{'day': 'We', 'end': '11:40', 'location': 'TOH 314', 'start': '10:45'};{'day': 'Fr', 'end': '11:40', 'location': 'TOH 314', 'start': '10:45'}","False","False","A","1","C","20131","","Research","2013"
"0000088305","1.0","0000000658","JAPAN","This course is an introduction to speaking, reading, and writing Japanese; writing includes the learning of all syllabic letters (Hiragana and Katakana) and basic Kanji (Chinese characters). Class meets four times weekly. Individual language laboratory visits are also required. Offered annually in the fall semester.","17","13","0","1","3","","Bridges IV, William H.","{'fsnum': '23541', 'name': 'Bridges IV, William H.'}","100","17","","","","","Beginning Japanese I","Students in Japan 111B must also register for one lab Japan 111AL or BL.","111","{'day': 'Mo', 'end': '12:45', 'location': 'TOH 314', 'start': '23:50'};{'day': 'We', 'end': '12:45', 'location': 'TOH 314', 'start': '23:50'};{'day': 'Fr', 'end': '12:45', 'location': 'TOH 314', 'start': '23:50'}","False","False","B","1","C","20131","","Research","2013"
"0000088306","","0000000659","JAPAN","","23","17","1","2","3","","Bridges IV, William H.","{'fsnum': '23541', 'name': 'Bridges IV, William H.'}","100","17","","","","","Beginning Japanese I Lab","","111","{'day': 'Th', 'end': '09:20', 'location': 'TOH 175', 'start': '08:25'}","False","","A","1","C","20131","","Lab","2013"
"0000088307","","0000000659","JAPAN","","16","10","1","3","2","","Bridges IV, William H.","{'fsnum': '23541', 'name': 'Bridges IV, William H.'}","100","17","","","","","Beginning Japanese I Lab","","111","{'day': 'Th', 'end': '10:25', 'location': 'TOH 175', 'start': '09:30'}","False","","B","1","C","20131","","Lab","2013"
"0000088681","1.0","0000000662","JAPAN","Students continue to develop the listening, speaking, reading and writing skills that enable them to deal not only with topics of daily life, but also cultural themes and authentic materials. Class meets four times weekly. Prerequisite: Japanese 112 or its equivalent. Offered annually in the fall semester.","27","6","1","18","2","FOL-J","Akimoto, Hiroe","{'fsnum': '21197', 'name': 'Akimoto, Hiroe'}","200","24","","","","","Intermed Japanese I","Students in Japan 231 must also register for lab Japan 231 L.","231","{'day': 'Mo', 'end': '14:55', 'location': 'TOH 314', 'start': '14:00'};{'day': 'We', 'end': '14:55', 'location': 'TOH 314', 'start': '14:00'};{'day': 'Fr', 'end': '14:55', 'location': 'TOH 314', 'start': '14:00'}","False","Japanese 112 or its equivalent. Offered annually in the fall semester.","","1","C","20131","Intermediate Japanese I","Research","2013"
"0000088682","","0000000663","JAPAN","","27","6","1","18","2","","Akimoto, Hiroe","{'fsnum': '21197', 'name': 'Akimoto, Hiroe'}","200","24","","","","","Intermed Japanese I Lab","","231","{'day': 'Tu', 'end': '10:30', 'location': 'TOH 153', 'start': '09:35'}","False","","","1","C","20131","","Lab","2013"
"0000088163","1.0","0000000668","JAPAN","","0","0","0","0","0","","Staff","{'fsnum': '', 'name': 'Staff'}","200","","","","","","Academic Internship","","294","","True","","","1","C","20131","","Research","2013"
"0000088853","1.0","0000000669","JAPAN","","0","0","0","0","0","","Staff","{'fsnum': '', 'name': 'Staff'}","200","","","","","","IS/","","298","","False","","","1","O","20131","Independent Study","Research","2013"
"0000088230","1.0","0000000666","JAPAN","This third-year-level course aims to increase the knowledge of Japanese people, language, and society by comparing with students' own cultures in their target language. Various authentic ""texts"" (images, video clips, written texts, etc.) support student learning. Prerequisite: Japanese 232 or equivalent.","5","0","2","3","0","FOL-J","Ito, Rika","{'fsnum': '14203', 'name': 'Ito, Rika'}","300","12","","","","","Advanced Japanese I","","301","{'day': 'Mo', 'end': '12:45', 'location': 'TOH 300', 'start': '23:50'};{'day': 'We', 'end': '12:45', 'location': 'TOH 300', 'start': '23:50'};{'day': 'Fr', 'end': '12:45', 'location': 'TOH 300', 'start': '23:50'}","False","Japanese 232 or equivalent.","","1","O","20131","","Research","2013"
"0000091686","1.0","0000021530","JAPAN","In this fourth-year-level Japanese course, students explore a specified topic or theme in language, in various text/media (literature, newspaper, manga, and films), in culture/civilization, or in a combination of these, through close examination of texts (written or visual), discussion, analysis, and interpretation of selected materials. Sample topics include ""Best Sellers and Film Adaptations"" and ""Haiku and the Concept of Nature."" May be repeated if topics are different. Taught in Japanese. Prerequisite: Japanese 302 or equivalent.","7","1","0","1","5","","Akimoto, Hiroe","{'fsnum': '21197', 'name': 'Akimoto, Hiroe'}","300","10","","","","","Special Topics/Japanese","","320","{'day': 'Mo', 'end': '12:45', 'location': 'TOH 102', 'start': '23:50'};{'day': 'We', 'end': '12:45', 'location': 'TOH 102', 'start': '23:50'};{'day': 'Fr', 'end': '12:45', 'location': 'TOH 102', 'start': '23:50'}","False","Japanese 302 or equivalent.","","1","O","20131","Special Topics in Japanese","Research","2013"
"0000088164","1.0","0000000670","JAPAN","","0","0","0","0","0","","Staff","{'fsnum': '', 'name': 'Staff'}","300","","","","","","Academic Internship","","394","","True","","","1","C","20131","","Research","2013"
"0000088755","1.0","0000000671","JAPAN","","0","0","0","0","0","","Staff","{'fsnum': '', 'name': 'Staff'}","300","","","","","","IR/","","398","","False","","","1","O","20131","Independent Research","Research","2013"
"0000092874","1.0","0000027398","LAMST","","0","0","0","0","0","","Staff","{'fsnum': '', 'name': 'Staff'}","200","","","","","","Academic Internship","","294","","True","","","1","C","20131","","Research","2013"
"0000092876","1.0","0000027399","LAMST","","0","0","0","0","0","","Staff","{'fsnum': '', 'name': 'Staff'}","200","","","","","","IS/","","298","","False","","","1","O","20131","","Research","2013"
"0000092875","1.0","0000027400","LAMST","","0","0","0","0","0","","Staff","{'fsnum': '', 'name': 'Staff'}","300","","","","","","Academic Internship","","394","","True","","","1","C","20131","","Research","2013"
"0000092877","1.0","0000027402","LAMST","","0","0","0","0","0","","Staff","{'fsnum': '', 'name': 'Staff'}","300","","","","","","IR/","","398","","False","","","1","O","20131","","Research","2013"
"0000088308","1.0","0000000711","LATIN","In this two-course sequence students learn the basics of classical Latin. By studying the language's vocabulary, grammar, and syntax, they not only gain appreciation for its intricacies and nuances but also learn more about their own language and about language in general. Completion of both semesters equips students to translate almost any classical Latin text with the aid of a dictionary. Offered annually in the fall semester.","15","8","1","6","0","","Reece, Steve T.","{'fsnum': '6626', 'name': 'Reece, Steve T.'}","100","30","","","","","Beginning Latin I","","111","{'day': 'Mo', 'end': '13:50', 'location': 'TOH 312', 'start': '12:55'};{'day': 'We', 'end': '13:50', 'location': 'TOH 312', 'start': '12:55'};{'day': 'Fr', 'end': '13:50', 'location': 'TOH 312', 'start': '12:55'}","False","False","A","1","O","20131","","Research","2013"
"0000088309","1.0","0000000711","LATIN","In this two-course sequence students learn the basics of classical Latin. By studying the language's vocabulary, grammar, and syntax, they not only gain appreciation for its intricacies and nuances but also learn more about their own language and about language in general. Completion of both semesters equips students to translate almost any classical Latin text with the aid of a dictionary. Offered annually in the fall semester.","14","11","1","2","0","","Reece, Steve T.","{'fsnum': '6626', 'name': 'Reece, Steve T.'}","100","25","","","","","Beginning Latin I","","111","{'day': 'Mo', 'end': '14:55', 'location': 'TOH 312', 'start': '14:00'};{'day': 'We', 'end': '14:55', 'location': 'TOH 312', 'start': '14:00'};{'day': 'Fr', 'end': '14:55', 'location': 'TOH 312', 'start': '14:00'}","False","False","B","1","O","20131","","Research","2013"
"0000088310","1.0","0000000711","LATIN","In this two-course sequence students learn the basics of classical Latin. By studying the language's vocabulary, grammar, and syntax, they not only gain appreciation for its intricacies and nuances but also learn more about their own language and about language in general. Completion of both semesters equips students to translate almost any classical Latin text with the aid of a dictionary. Offered annually in the fall semester.","17","13","0","0","4","","May, James","{'fsnum': '5130', 'name': 'May, James'}","100","25","","","","","Beginning Latin I","","111","{'day': 'Mo', 'end': '12:45', 'location': 'TOH 312', 'start': '23:50'};{'day': 'We', 'end': '12:45', 'location': 'TOH 312', 'start': '23:50'};{'day': 'Fr', 'end': '12:45', 'location': 'TOH 312', 'start': '23:50'}","False","False","C","1","C","20131","","Research","2013"
"0000088717","1.0","0000000713","LATIN","Third-semester Latin students have the opportunity to read large portions of two orations (First Catilinarian, Pro Caelio) by Cicero and selections from Catullus' poetry, in uncut, original versions, while reviewing vocabulary, grammar, and syntax. Besides translating the Latin texts, the course discusses late Republican Rome and the stylistic features of the literature. Prerequisite: Latin 112 or equivalent. Offered annually in the fall semester.","25","3","3","18","1","FOL-L","Brunelle, Christopher M.","{'fsnum': '14999', 'name': 'Brunelle, Christopher M.'}","200","30","","","","","Intermediate Latin","","231","{'day': 'Mo', 'end': '10:00', 'location': 'TOH 312', 'start': '09:05'};{'day': 'We', 'end': '10:00', 'location': 'TOH 312', 'start': '09:05'};{'day': 'Fr', 'end': '10:00', 'location': 'TOH 312', 'start': '09:05'}","False","Latin 112 or equivalent. Offered annually in the fall semester.","A","1","O","20131","","Research","2013"
"0000088718","1.0","0000000713","LATIN","Third-semester Latin students have the opportunity to read large portions of two orations (First Catilinarian, Pro Caelio) by Cicero and selections from Catullus' poetry, in uncut, original versions, while reviewing vocabulary, grammar, and syntax. Besides translating the Latin texts, the course discusses late Republican Rome and the stylistic features of the literature. Prerequisite: Latin 112 or equivalent. Offered annually in the fall semester.","14","3","2","6","3","FOL-L","Brunelle, Christopher M.","{'fsnum': '14999', 'name': 'Brunelle, Christopher M.'}","200","30","","","","","Intermediate Latin","","231","{'day': 'Mo', 'end': '11:40', 'location': 'TOH 312', 'start': '10:45'};{'day': 'We', 'end': '11:40', 'location': 'TOH 312', 'start': '10:45'};{'day': 'Fr', 'end': '11:40', 'location': 'TOH 312', 'start': '10:45'}","False","Latin 112 or equivalent. Offered annually in the fall semester.","B","1","O","20131","","Research","2013"
"0000088169","1.0","0000000716","LATIN","","0","0","0","0","0","","Staff","{'fsnum': '', 'name': 'Staff'}","200","","","","","","Academic Internship","","294","","True","","","1","C","20131","","Research","2013"
"0000088846","1.0","0000000717","LATIN","","0","0","0","0","0","","Staff","{'fsnum': '', 'name': 'Staff'}","200","","","","","","IS/","","298","","False","","","1","O","20131","Independent Study","Research","2013"
"0000091203","1.0","0000000719","LATIN","Lyric poems -- short, occasional pieces composed in various meters, often concerned with love and longing -- are the focus of this Latin course. Students translate the vivacious verse of Catullus, Horace, Tibullus, and Ovid and learn to recognize the features that make lyric a distinctive genre of Latin poetry. Prerequisite: Latin 231 or equivalent. Offered every third year.","9","0","5","0","4","FOL-L","May, James","{'fsnum': '5130', 'name': 'May, James'}","300","15","","","","","Latin Lyric","","371","{'day': 'Tu', 'end': '11:00', 'location': 'TOH 300', 'start': '09:35'};{'day': 'Th', 'end': '10:50', 'location': 'TOH 300', 'start': '09:30'}","False","Latin 231 or equivalent. Offered every third year.","","1","O","20131","","Research","2013"
"0000088170","1.0","0000000725","LATIN","","0","0","0","0","0","","Staff","{'fsnum': '', 'name': 'Staff'}","300","","","","","","Academic Internship","","394","","True","","","1","C","20131","","Research","2013"
"0000088756","1.0","0000000726","LATIN","","0","0","0","0","0","","Staff","{'fsnum': '', 'name': 'Staff'}","300","","","","","","IR/","","398","","False","","","1","O","20131","Independent Research","Research","2013"
"0000089045","1.0","0000020160","MATH","This course is designed for students who need additional preparation before taking calculus. The course emphasizes functions, including polynomial, exponential, logarithmic, and trigonometric. Enrollment requires permission of the Mathematics Placement Director. Offered annually in the fall semester.","15","12","0","3","0","","Smith, Kay E.","{'fsnum': '7593', 'name': 'Smith, Kay E.'}","100","22","","0","5","0","Preparation for Calculus","Open to rising sophomores and first-year students only.","109","{'day': 'Mo', 'end': '12:45', 'location': 'TOH 184', 'start': '23:50'};{'day': 'We', 'end': '12:45', 'location': 'TOH 184', 'start': '23:50'};{'day': 'Fr', 'end': '12:45', 'location': 'TOH 184', 'start': '23:50'}","False","False","","1","O","20131","","Research","2013"
"0000088555","1.0","0000000728","MATH","This course explores the nature of mathematics and its role in contemporary society. The content and format of the course vary depending on the instructor's interests. In particular, the course may focus on one or two mathematical topics in depth or survey a wider range of topics. Recent topics have included environmental modeling, social choice, routes and networks, scheduling, and symmetry. The course requires no prerequisites beyond high school algebra and geometry. Offered each semester.","21","1","1","11","8","AQR;MAR","Allen, Richard","{'fsnum': '97', 'name': 'Allen, Richard'}","100","24","","","","","Gateways/Mathematics","Topic is exploring computer geometry.","117","{'day': 'Mo', 'end': '08:55', 'location': 'TOH 182', 'start': '08:00'};{'day': 'We', 'end': '08:55', 'location': 'TOH 182', 'start': '08:00'};{'day': 'Fr', 'end': '08:55', 'location': 'TOH 182', 'start': '08:00'}","False","False","","1","C","20131","Gateways to Mathematics","Research","2013"
"0000088369","1.0","0000000731","MATH","This course introduces differential and integral calculus of functions of a single real variable, including trigonometric, exponential, and logarithmic functions. Derivatives and integrals are explored graphically, symbolically, and numerically. Applications of the derivative are included. Prerequisite: mathematics placement recommendation. Offered each semester.","32","24","2","3","3","AQR;MAR","St. George, Thomas","{'fsnum': '25377', 'name': 'St. George, Thomas'}","100","27","","","","","Calculus I","","120","{'day': 'Mo', 'end': '08:55', 'location': 'TOH 210', 'start': '08:00'};{'day': 'We', 'end': '08:55', 'location': 'TOH 210', 'start': '08:00'};{'day': 'Fr', 'end': '08:55', 'location': 'TOH 210', 'start': '08:00'}","False","mathematics placement recommendation. Offered each semester.","A","1","C","20131","","Research","2013"
"0000088370","1.0","0000000731","MATH","This course introduces differential and integral calculus of functions of a single real variable, including trigonometric, exponential, and logarithmic functions. Derivatives and integrals are explored graphically, symbolically, and numerically. Applications of the derivative are included. Prerequisite: mathematics placement recommendation. Offered each semester.","22","20","0","2","0","AQR;MAR","St. George, Thomas","{'fsnum': '25377', 'name': 'St. George, Thomas'}","100","20","","","","","Calculus I","This section is closed during web registration.","120","{'day': 'Mo', 'end': '10:00', 'location': 'RNS 435', 'start': '09:05'};{'day': 'We', 'end': '10:00', 'location': 'RNS 435', 'start': '09:05'};{'day': 'Fr', 'end': '10:00', 'location': 'RNS 435', 'start': '09:05'}","False","mathematics placement recommendation. Offered each semester.","B","1","C","20131","","Research","2013"
"0000088371","1.0","0000000731","MATH","This course introduces differential and integral calculus of functions of a single real variable, including trigonometric, exponential, and logarithmic functions. Derivatives and integrals are explored graphically, symbolically, and numerically. Applications of the derivative are included. Prerequisite: mathematics placement recommendation. Offered each semester.","31","20","0","9","2","AQR;MAR","Vandiver, Rebecca M.","{'fsnum': '22834', 'name': 'Vandiver, Rebecca M.'}","100","27","","","","","Calculus I","","120","{'day': 'Mo', 'end': '12:45', 'location': 'RNS 208', 'start': '23:50'};{'day': 'We', 'end': '12:45', 'location': 'RNS 208', 'start': '23:50'};{'day': 'Fr', 'end': '12:45', 'location': 'RNS 208', 'start': '23:50'}","False","mathematics placement recommendation. Offered each semester.","C","1","C","20131","","Research","2013"
"0000088372","1.0","0000000731","MATH","This course introduces differential and integral calculus of functions of a single real variable, including trigonometric, exponential, and logarithmic functions. Derivatives and integrals are explored graphically, symbolically, and numerically. Applications of the derivative are included. Prerequisite: mathematics placement recommendation. Offered each semester.","32","25","2","4","1","AQR;MAR","Vandiver, Rebecca M.","{'fsnum': '22834', 'name': 'Vandiver, Rebecca M.'}","100","27","","","","","Calculus I","","120","{'day': 'Mo', 'end': '13:50', 'location': 'RNS 208', 'start': '12:55'};{'day': 'We', 'end': '13:50', 'location': 'RNS 208', 'start': '12:55'};{'day': 'Fr', 'end': '13:50', 'location': 'RNS 208', 'start': '12:55'}","False","mathematics placement recommendation. Offered each semester.","D","1","C","20131","","Research","2013"
"0000088373","1.0","0000000731","MATH","This course introduces differential and integral calculus of functions of a single real variable, including trigonometric, exponential, and logarithmic functions. Derivatives and integrals are explored graphically, symbolically, and numerically. Applications of the derivative are included. Prerequisite: mathematics placement recommendation. Offered each semester.","31","23","0","6","2","AQR;MAR","Matsuura, Ryota","{'fsnum': '21867', 'name': 'Matsuura, Ryota'}","100","27","","","","","Calculus I","","120","{'day': 'Tu', 'end': '11:00', 'location': 'RNS 208', 'start': '09:35'};{'day': 'Th', 'end': '10:50', 'location': 'RNS 208', 'start': '09:30'}","False","mathematics placement recommendation. Offered each semester.","E","1","C","20131","","Research","2013"
"0000088374","1.0","0000000731","MATH","This course introduces differential and integral calculus of functions of a single real variable, including trigonometric, exponential, and logarithmic functions. Derivatives and integrals are explored graphically, symbolically, and numerically. Applications of the derivative are included. Prerequisite: mathematics placement recommendation. Offered each semester.","34","28","0","5","1","AQR;MAR","Matsuura, Ryota","{'fsnum': '21867', 'name': 'Matsuura, Ryota'}","100","27","","","","","Calculus I","","120","{'day': 'Tu', 'end': '13:10', 'location': 'RNS 208', 'start': '23:45'};{'day': 'Th', 'end': '14:05', 'location': 'RNS 208', 'start': '12:45'}","False","mathematics placement recommendation. Offered each semester.","F","1","C","20131","","Research","2013"
"0000088377","1.0","0000000733","MATH","This course covers methods and applications of integration, geometric and Taylor series, and introduces partial derivatives and double integrals. Prerequisite: Mathematics 120 or equivalent, or mathematics placement recommendation. Credit may be earned for either Mathematics 126 or 128, but not both. Offered each semester.","19","19","0","0","0","AQR;MAR","Purin, Marju","{'fsnum': '23593', 'name': 'Purin, Marju'}","100","19","","","","","Calculus II","This section is closed during web registration.","126","{'day': 'Mo', 'end': '12:45', 'location': 'TOH 186', 'start': '23:50'};{'day': 'We', 'end': '12:45', 'location': 'TOH 186', 'start': '23:50'};{'day': 'Fr', 'end': '12:45', 'location': 'TOH 186', 'start': '23:50'}","False","Mathematics 120 or equivalent, or mathematics placement recommendation. Credit may be earned for either Mathematics 126 or 128, but not both. Offered each semester.","A","1","C","20131","","Research","2013"
"0000088378","1.0","0000000733","MATH","This course covers methods and applications of integration, geometric and Taylor series, and introduces partial derivatives and double integrals. Prerequisite: Mathematics 120 or equivalent, or mathematics placement recommendation. Credit may be earned for either Mathematics 126 or 128, but not both. Offered each semester.","24","14","1","8","1","AQR;MAR","Diveris, Kosmas","{'fsnum': '23820', 'name': 'Diveris, Kosmas'}","100","19","","","","","Calculus II","","126","{'day': 'Mo', 'end': '13:50', 'location': 'TOH 184', 'start': '12:55'};{'day': 'We', 'end': '13:50', 'location': 'TOH 184', 'start': '12:55'};{'day': 'Fr', 'end': '13:50', 'location': 'TOH 184', 'start': '12:55'}","False","Mathematics 120 or equivalent, or mathematics placement recommendation. Credit may be earned for either Mathematics 126 or 128, but not both. Offered each semester.","B","1","C","20131","","Research","2013"
"0000088379","1.0","0000000733","MATH","This course covers methods and applications of integration, geometric and Taylor series, and introduces partial derivatives and double integrals. Prerequisite: Mathematics 120 or equivalent, or mathematics placement recommendation. Credit may be earned for either Mathematics 126 or 128, but not both. Offered each semester.","25","17","0","5","3","AQR;MAR","Diveris, Kosmas","{'fsnum': '23820', 'name': 'Diveris, Kosmas'}","100","19","","","","","Calculus II","","126","{'day': 'Mo', 'end': '14:55', 'location': 'TOH 184', 'start': '14:00'};{'day': 'We', 'end': '14:55', 'location': 'TOH 184', 'start': '14:00'};{'day': 'Fr', 'end': '14:55', 'location': 'TOH 184', 'start': '14:00'}","False","Mathematics 120 or equivalent, or mathematics placement recommendation. Credit may be earned for either Mathematics 126 or 128, but not both. Offered each semester.","C","1","C","20131","","Research","2013"
"0000088380","1.0","0000000733","MATH","This course covers methods and applications of integration, geometric and Taylor series, and introduces partial derivatives and double integrals. Prerequisite: Mathematics 120 or equivalent, or mathematics placement recommendation. Credit may be earned for either Mathematics 126 or 128, but not both. Offered each semester.","22","13","4","4","1","AQR;MAR","St. George, Thomas","{'fsnum': '25377', 'name': 'St. George, Thomas'}","100","19","","","","","Calculus II","","126","{'day': 'Tu', 'end': '13:10', 'location': 'TOH 184', 'start': '23:45'};{'day': 'Th', 'end': '14:05', 'location': 'TOH 184', 'start': '12:45'}","False","Mathematics 120 or equivalent, or mathematics placement recommendation. Credit may be earned for either Mathematics 126 or 128, but not both. Offered each semester.","D","1","C","20131","","Research","2013"
"0000088611","1.0","0000000734","MATH","This course covers the material in Mathematics 126 in greater depth and breadth. Prerequisite: 4 or 5 on AP Calculus AB exam or permission of the Mathematics Placement Director. Credit may be earned for either Mathematics 126 or 128, but not both. Offered annually in the fall semester.","20","19","0","1","0","AQR;MAR","Humke, Paul","{'fsnum': '3558', 'name': 'Humke, Paul'}","100","19","","","","","Honors Calculus II","","128","{'day': 'Mo', 'end': '10:00', 'location': 'RNS 204', 'start': '09:05'};{'day': 'We', 'end': '10:00', 'location': 'RNS 204', 'start': '09:05'};{'day': 'Fr', 'end': '10:00', 'location': 'RNS 204', 'start': '09:05'}","False","4 or 5 on AP Calculus AB exam or permission of the Mathematics Placement Director. Credit may be earned for either Mathematics 126 or 128, but not both. Offered annually in the fall semester.","A","1","C","20131","","Research","2013"
"0000088612","1.0","0000000734","MATH","This course covers the material in Mathematics 126 in greater depth and breadth. Prerequisite: 4 or 5 on AP Calculus AB exam or permission of the Mathematics Placement Director. Credit may be earned for either Mathematics 126 or 128, but not both. Offered annually in the fall semester.","22","20","0","0","2","AQR;MAR","Garrett, Tina","{'fsnum': '17527', 'name': 'Garrett, Tina'}","100","19","","","","","Honors Calculus II","","128","{'day': 'Mo', 'end': '12:45', 'location': 'RNS 204', 'start': '23:50'};{'day': 'We', 'end': '12:45', 'location': 'RNS 204', 'start': '23:50'};{'day': 'Fr', 'end': '12:45', 'location': 'RNS 204', 'start': '23:50'}","False","4 or 5 on AP Calculus AB exam or permission of the Mathematics Placement Director. Credit may be earned for either Mathematics 126 or 128, but not both. Offered annually in the fall semester.","B","1","C","20131","","Research","2013"
"0000088613","1.0","0000000734","MATH","This course covers the material in Mathematics 126 in greater depth and breadth. Prerequisite: 4 or 5 on AP Calculus AB exam or permission of the Mathematics Placement Director. Credit may be earned for either Mathematics 126 or 128, but not both. Offered annually in the fall semester.","0","0","0","0","0","AQR;MAR","Staff","{'fsnum': '', 'name': 'Staff'}","100","0","","","","","Honors Calculus II","This section has been canceled.","128","{'day': 'Mo', 'end': '13:50', 'location': '', 'start': '12:55'};{'day': 'We', 'end': '13:50', 'location': '', 'start': '12:55'};{'day': 'Fr', 'end': '13:50', 'location': '', 'start': '12:55'}","False","4 or 5 on AP Calculus AB exam or permission of the Mathematics Placement Director. Credit may be earned for either Mathematics 126 or 128, but not both. Offered annually in the fall semester.","C","1","X","20131","","Research","2013"
"0000088614","1.0","0000000734","MATH","This course covers the material in Mathematics 126 in greater depth and breadth. Prerequisite: 4 or 5 on AP Calculus AB exam or permission of the Mathematics Placement Director. Credit may be earned for either Mathematics 126 or 128, but not both. Offered annually in the fall semester.","24","23","0","0","1","AQR;MAR","Garrett, Tina","{'fsnum': '17527', 'name': 'Garrett, Tina'}","100","19","","","","","Honors Calculus II","","128","{'day': 'Mo', 'end': '14:55', 'location': 'RNS 204', 'start': '14:00'};{'day': 'We', 'end': '14:55', 'location': 'RNS 204', 'start': '14:00'};{'day': 'Fr', 'end': '14:55', 'location': 'RNS 204', 'start': '14:00'}","False","4 or 5 on AP Calculus AB exam or permission of the Mathematics Placement Director. Credit may be earned for either Mathematics 126 or 128, but not both. Offered annually in the fall semester.","D","1","C","20131","","Research","2013"
"0000088474","1.0","0000000736","MATH","This course beautifully illustrates the nature of mathematics as a blend of technique, theory, abstraction, and applications. The important problem of solving systems of linear equations leads to the study of matrix algebra, determinants, vector spaces, bases and dimension, linear transformations, and eigenvalues. Prerequisite: Mathematics 120. Offered each semester and periodically during Interim.","20","12","0","7","1","AQR;MAR","Berliner, Adam H.","{'fsnum': '21092', 'name': 'Berliner, Adam H.'}","200","19","","","","","Elem Linear Algebra","Open to first-year registration only.","220","{'day': 'Mo', 'end': '08:55', 'location': 'RNS 206', 'start': '08:00'};{'day': 'We', 'end': '08:55', 'location': 'RNS 206', 'start': '08:00'};{'day': 'Fr', 'end': '08:55', 'location': 'RNS 206', 'start': '08:00'}","False","Mathematics 120. Offered each semester and periodically during Interim.","A","1","C","20131","Elementary Linear Algebra","Research","2013"
"0000088475","1.0","0000000736","MATH","This course beautifully illustrates the nature of mathematics as a blend of technique, theory, abstraction, and applications. The important problem of solving systems of linear equations leads to the study of matrix algebra, determinants, vector spaces, bases and dimension, linear transformations, and eigenvalues. Prerequisite: Mathematics 120. Offered each semester and periodically during Interim.","23","12","0","8","3","AQR;MAR","Dietz, Jill","{'fsnum': '1380', 'name': 'Dietz, Jill'}","200","19","","","","","Elem Linear Algebra","Open to first-year registration only.","220","{'day': 'Mo', 'end': '10:00', 'location': 'TOH 184', 'start': '09:05'};{'day': 'We', 'end': '10:00', 'location': 'TOH 184', 'start': '09:05'};{'day': 'Fr', 'end': '10:00', 'location': 'TOH 184', 'start': '09:05'}","False","Mathematics 120. Offered each semester and periodically during Interim.","B","1","C","20131","Elementary Linear Algebra","Research","2013"
"0000088476","1.0","0000000736","MATH","This course beautifully illustrates the nature of mathematics as a blend of technique, theory, abstraction, and applications. The important problem of solving systems of linear equations leads to the study of matrix algebra, determinants, vector spaces, bases and dimension, linear transformations, and eigenvalues. Prerequisite: Mathematics 120. Offered each semester and periodically during Interim.","22","11","2","8","1","AQR;MAR","Dietz, Jill","{'fsnum': '1380', 'name': 'Dietz, Jill'}","200","19","","","","","Elem Linear Algebra","Open to first-year registration only.","220","{'day': 'Mo', 'end': '11:40', 'location': 'TOH 184', 'start': '10:45'};{'day': 'We', 'end': '11:40', 'location': 'TOH 184', 'start': '10:45'};{'day': 'Fr', 'end': '11:40', 'location': 'TOH 184', 'start': '10:45'}","False","Mathematics 120. Offered each semester and periodically during Interim.","C","1","C","20131","Elementary Linear Algebra","Research","2013"
"0000088477","1.0","0000000736","MATH","This course beautifully illustrates the nature of mathematics as a blend of technique, theory, abstraction, and applications. The important problem of solving systems of linear equations leads to the study of matrix algebra, determinants, vector spaces, bases and dimension, linear transformations, and eigenvalues. Prerequisite: Mathematics 120. Offered each semester and periodically during Interim.","16","12","1","0","3","AQR;MAR","Purin, Marju","{'fsnum': '23593', 'name': 'Purin, Marju'}","200","19","","","","","Elem Linear Algebra","","220","{'day': 'Mo', 'end': '13:50', 'location': 'TOH 186', 'start': '12:55'};{'day': 'We', 'end': '13:50', 'location': 'TOH 186', 'start': '12:55'};{'day': 'Fr', 'end': '13:50', 'location': 'TOH 186', 'start': '12:55'}","False","Mathematics 120. Offered each semester and periodically during Interim.","D","1","O","20131","Elementary Linear Algebra","Research","2013"
"0000088478","1.0","0000000736","MATH","This course beautifully illustrates the nature of mathematics as a blend of technique, theory, abstraction, and applications. The important problem of solving systems of linear equations leads to the study of matrix algebra, determinants, vector spaces, bases and dimension, linear transformations, and eigenvalues. Prerequisite: Mathematics 120. Offered each semester and periodically during Interim.","0","0","0","0","0","AQR;MAR","Staff","{'fsnum': '', 'name': 'Staff'}","200","0","","","","","Elem Linear Algebra","This section has been canceled.","220","{'day': 'Mo', 'end': '14:55', 'location': '', 'start': '14:00'};{'day': 'We', 'end': '14:55', 'location': '', 'start': '14:00'};{'day': 'Fr', 'end': '14:55', 'location': '', 'start': '14:00'}","False","Mathematics 120. Offered each semester and periodically during Interim.","E","1","X","20131","Elementary Linear Algebra","Research","2013"
"0000092993","1.0","0000000736","MATH","This course beautifully illustrates the nature of mathematics as a blend of technique, theory, abstraction, and applications. The important problem of solving systems of linear equations leads to the study of matrix algebra, determinants, vector spaces, bases and dimension, linear transformations, and eigenvalues. Prerequisite: Mathematics 120. Offered each semester and periodically during Interim.","0","0","0","0","0","AQR;MAR","Staff","{'fsnum': '', 'name': 'Staff'}","200","0","","","","","Elem Linear Algebra","This section has been canceled.","220","{'day': 'Mo', 'end': '10:00', 'location': '', 'start': '09:05'};{'day': 'We', 'end': '10:00', 'location': '', 'start': '09:05'};{'day': 'Fr', 'end': '10:00', 'location': '', 'start': '09:05'}","False","Mathematics 120. Offered each semester and periodically during Interim.","F","1","X","20131","Elementary Linear Algebra","Research","2013"
"0000088967","1.0","0000000738","MATH","This course extends important ideas of single-variable calculus (derivatives, integrals, graphs, approximation, optimization, fundamental theorems, etc.) to higher-dimensional settings. These extensions make calculus tools far more powerful in modeling the (multi-dimensional) real world. Topics include partial derivatives, multiple integrals, transformations, Jacobians, line and surface integrals, and the fundamental theorems of Green, Stokes, and Gauss. Prerequisites: Mathematics 126 or 128, and 220. Offered each semester.","22","0","9","13","0","","Hanson, Bruce","{'fsnum': '3033', 'name': 'Hanson, Bruce'}","200","22","","","","3","Multivariable Calc","","226","{'day': 'Mo', 'end': '10:00', 'location': 'RNS 206', 'start': '09:05'};{'day': 'We', 'end': '10:00', 'location': 'RNS 206', 'start': '09:05'};{'day': 'Fr', 'end': '10:00', 'location': 'RNS 206', 'start': '09:05'}","False","Prerequisites: Mathematics 126 or 128, and 220. Offered each semester.","A","1","C","20131","Multivariable Calculus","Research","2013"
"0000088968","1.0","0000000738","MATH","This course extends important ideas of single-variable calculus (derivatives, integrals, graphs, approximation, optimization, fundamental theorems, etc.) to higher-dimensional settings. These extensions make calculus tools far more powerful in modeling the (multi-dimensional) real world. Topics include partial derivatives, multiple integrals, transformations, Jacobians, line and surface integrals, and the fundamental theorems of Green, Stokes, and Gauss. Prerequisites: Mathematics 126 or 128, and 220. Offered each semester.","23","0","2","20","1","","Hanson, Bruce","{'fsnum': '3033', 'name': 'Hanson, Bruce'}","200","22","","","","3","Multivariable Calc","","226","{'day': 'Mo', 'end': '12:45', 'location': 'RNS 206', 'start': '23:50'};{'day': 'We', 'end': '12:45', 'location': 'RNS 206', 'start': '23:50'};{'day': 'Fr', 'end': '12:45', 'location': 'RNS 206', 'start': '23:50'}","False","Prerequisites: Mathematics 126 or 128, and 220. Offered each semester.","B","1","C","20131","Multivariable Calculus","Research","2013"
"0000088461","1.0","0000000740","MATH","This course introduces differential equations and analytical, numerical, and graphical techniques for the analysis of their solutions. First- and second-order differential equations and linear systems are studied. Applications are selected from areas such as biology, chemistry, economics, ecology, and physics. Laplace transforms or nonlinear systems may be covered as time permits. Students use computers extensively to calculate and visualize results. Prerequisite: Mathematics 126 or 128 and 220. Offered each semester. Counts toward neuroscience concentration.","24","0","6","13","5","","Sanft, Kevin R.","{'fsnum': '23618', 'name': 'Sanft, Kevin R.'}","200","22","","","","3","Differential Equations I","","230","{'day': 'Tu', 'end': '09:25', 'location': 'RNS 204', 'start': '08:00'};{'day': 'Th', 'end': '09:20', 'location': 'RNS 204', 'start': '08:00'}","False","Mathematics 126 or 128 and 220. Offered each semester. Counts toward neuroscience concentration.","A","1","C","20131","","Research","2013"
"0000088462","1.0","0000000740","MATH","This course introduces differential equations and analytical, numerical, and graphical techniques for the analysis of their solutions. First- and second-order differential equations and linear systems are studied. Applications are selected from areas such as biology, chemistry, economics, ecology, and physics. Laplace transforms or nonlinear systems may be covered as time permits. Students use computers extensively to calculate and visualize results. Prerequisite: Mathematics 126 or 128 and 220. Offered each semester. Counts toward neuroscience concentration.","19","0","1","15","3","","Diveris, Kosmas","{'fsnum': '23820', 'name': 'Diveris, Kosmas'}","200","22","","","","3","Differential Equations I","","230","{'day': 'Tu', 'end': '11:00', 'location': 'RNS 204', 'start': '09:35'};{'day': 'Th', 'end': '10:50', 'location': 'RNS 204', 'start': '09:30'}","False","Mathematics 126 or 128 and 220. Offered each semester. Counts toward neuroscience concentration.","B","1","C","20131","","Research","2013"
"0000089087","1.0","0000000745","MATH","Students encounter the theory of calculus and develop tools for communicating mathematical ideas with technical accuracy and sophistication. The goal is mastery of the concepts (e.g., limit, continuity, derivatives, and integrals) necessary to verify such important results as the Fundamental Theorem of Calculus, the Mean Value Theorem, and the Bolzano-Weierstrass Theorem. Emphasis is on theory and on developing the ability to write proofs. Prerequisite: Mathematics 126 or 128, and Mathematics 220. Permission of instructor required for first year students. Offered each semester.","21","2","12","3","4","WRI","Smith, Kay E.","{'fsnum': '7593', 'name': 'Smith, Kay E.'}","200","22","","","","","Real Analysis I","","244","{'day': 'Mo', 'end': '10:00', 'location': 'TOH 186', 'start': '09:05'};{'day': 'We', 'end': '10:00', 'location': 'TOH 186', 'start': '09:05'};{'day': 'Fr', 'end': '10:00', 'location': 'TOH 186', 'start': '09:05'}","False","Mathematics 126 or 128, and Mathematics 220. Permission of instructor required for first year students. Offered each semester.","A","1","C","20131","","Research","2013"
"0000089086","1.0","0000000745","MATH","Students encounter the theory of calculus and develop tools for communicating mathematical ideas with technical accuracy and sophistication. The goal is mastery of the concepts (e.g., limit, continuity, derivatives, and integrals) necessary to verify such important results as the Fundamental Theorem of Calculus, the Mean Value Theorem, and the Bolzano-Weierstrass Theorem. Emphasis is on theory and on developing the ability to write proofs. Prerequisite: Mathematics 126 or 128, and Mathematics 220. Permission of instructor required for first year students. Offered each semester.","22","2","6","13","1","WRI","Humke, Paul","{'fsnum': '3558', 'name': 'Humke, Paul'}","200","22","","","","","Real Analysis I","","244","{'day': 'Mo', 'end': '11:40', 'location': 'TOH 186', 'start': '10:45'};{'day': 'We', 'end': '11:40', 'location': 'TOH 186', 'start': '10:45'};{'day': 'Fr', 'end': '11:40', 'location': 'TOH 186', 'start': '10:45'}","False","Mathematics 126 or 128, and Mathematics 220. Permission of instructor required for first year students. Offered each semester.","B","1","C","20131","","Research","2013"
"0000088125","1.0","0000000747","MATH","Algebra is concerned with sets of objects and operations that satisfy a few basic properties. Using the properties we study axiomatic systems such as groups, rings, and fields, covering topics such as homomorphisms, cosets, quotient structures, polynomial rings, and finite fields. Emphasis is on theory and on developing the ability to write proofs. Prerequisite: Mathematics 220. Permission of instructor required for first-year students. Offered each semester.","19","1","9","4","5","WRI","Garrett, Tina","{'fsnum': '17527', 'name': 'Garrett, Tina'}","200","22","","","","","Abstract Algebra I","","252","{'day': 'Mo', 'end': '11:40', 'location': 'RNS 204', 'start': '10:45'};{'day': 'We', 'end': '11:40', 'location': 'RNS 204', 'start': '10:45'};{'day': 'Fr', 'end': '11:40', 'location': 'RNS 204', 'start': '10:45'}","False","Mathematics 220. Permission of instructor required for first-year students. Offered each semester.","A","1","C","20131","","Research","2013"
"0000088126","1.0","0000000747","MATH","Algebra is concerned with sets of objects and operations that satisfy a few basic properties. Using the properties we study axiomatic systems such as groups, rings, and fields, covering topics such as homomorphisms, cosets, quotient structures, polynomial rings, and finite fields. Emphasis is on theory and on developing the ability to write proofs. Prerequisite: Mathematics 220. Permission of instructor required for first-year students. Offered each semester.","21","1","8","6","6","WRI","Matsuura, Ryota","{'fsnum': '21867', 'name': 'Matsuura, Ryota'}","200","22","","","","","Abstract Algebra I","","252","{'day': 'Mo', 'end': '14:55', 'location': 'TOH 186', 'start': '14:00'};{'day': 'We', 'end': '14:55', 'location': 'TOH 186', 'start': '14:00'};{'day': 'Fr', 'end': '14:55', 'location': 'TOH 186', 'start': '14:00'}","False","Mathematics 220. Permission of instructor required for first-year students. Offered each semester.","B","1","C","20131","","Research","2013"
"0000089074","1.0","0000000748","MATH","This course introduces the mathematics of randomness. Topics include probabilities on discrete and continuous sample spaces, conditional probability and Bayes' Theorem, random variables, expectation and variance, distributions (including binomial, Poisson, geometric, normal, exponential, and gamma) and the Central Limit Theorem. Students use computers to explore these topics. Prerequisite: Mathematics 126 or 128. Offered each semester.","21","0","11","6","4","","Roback, Paul J.","{'fsnum': '15751', 'name': 'Roback, Paul J.'}","200","22","","","","","Probability Theory","","262","{'day': 'Mo', 'end': '11:40', 'location': 'RNS 206', 'start': '10:45'};{'day': 'We', 'end': '11:40', 'location': 'RNS 206', 'start': '10:45'};{'day': 'Fr', 'end': '11:40', 'location': 'RNS 206', 'start': '10:45'}","False","Mathematics 126 or 128. Offered each semester.","","1","C","20131","","Research","2013"
"0000088171","1.0","0000000751","MATH","","0","0","0","0","0","","Staff","{'fsnum': '', 'name': 'Staff'}","200","","","","","","Academic Internship","","294","","True","","","1","C","20131","Internship","Research","2013"
"0000088896","1.0","0000000752","MATH","","0","0","0","0","0","","Staff","{'fsnum': '', 'name': 'Staff'}","200","","","","","","IS/","","298","","False","","","1","O","20131","Independent Study","Research","2013"
"0000091721","1.0","0000000753","MATH","This course covers partial differential equations from an applied perspective and emphasizes simple models involving phenomena such as wave motion and diffusion. Topics and techniques such as separation of variables, boundary value problems, Fourier series, and orthogonal functions are developed carefully. Mathematical computing is used freely. Prerequisite: Mathematics 230. Offered in 2013-14 and alternate years. Counts toward neuroscience concentration.","26","0","0","0","26","","Vandiver, Rebecca M.","{'fsnum': '22834', 'name': 'Vandiver, Rebecca M.'}","300","22","","","","","Differential Equation II","","330","{'day': 'Tu', 'end': '13:10', 'location': 'RNS 206', 'start': '23:45'};{'day': 'Th', 'end': '14:05', 'location': 'RNS 206', 'start': '12:45'}","False","Mathematics 230. Offered in 2013-14 and alternate years. Counts toward neuroscience concentration.","","1","C","20131","Differential Equations II","Research","2013"
"0000091221","1.0","0000000755","MATH","The main topics of this course are measure theory on the real line, the Lebesgue integral and its relation to the Riemann integral, and convergence theorems for the Lebesgue integral. Applications to probability and harmonic analysis may be included. Prerequisite: Mathematics 244. Offered in 2013-14 and alternate years.","22","0","8","1","13","","Humke, Paul","{'fsnum': '3558', 'name': 'Humke, Paul'}","300","22","","","","17","Real Analysis II","","344","{'day': 'Tu', 'end': '09:25', 'location': 'RNS 206', 'start': '08:00'};{'day': 'Th', 'end': '09:20', 'location': 'RNS 206', 'start': '08:00'}","False","Mathematics 244. Offered in 2013-14 and alternate years.","","1","C","20131","","Research","2013"
"0000091222","1.0","0000000762","MATH","Students work intensively on a special topic in mathematics. Topics vary from year to year. May be repeated if topics are different. Offered most years.","25","0","9","3","13","","Berliner, Adam H.","{'fsnum': '21092', 'name': 'Berliner, Adam H.'}","300","22","","","","17","Sem: Adv Linear Algebra","","382","{'day': 'Tu', 'end': '11:00', 'location': 'RNS 206', 'start': '09:35'};{'day': 'Th', 'end': '10:50', 'location': 'RNS 206', 'start': '09:30'}","False","False","","1","C","20131","Topics in Mathematics","Seminar","2013"
"0000088172","1.0","0000000766","MATH","","0","0","0","0","0","","Staff","{'fsnum': '', 'name': 'Staff'}","300","","","","","","Academic Internship","","394","","True","","","1","C","20131","Internship","Research","2013"
"0000089098","1.0","0000019406","MATH","This course provides a comprehensive research opportunity, including an introduction to relevant background material, technical instruction, identification of a meaningful project, and data collection. Topics are determined by the instructor and may relate to his/her research interests. Prerequisite: determined by instructor. Offered most years in the fall semester. May be offered as a 1.00 credit course or .50 credit course.","3","0","2","0","1","","Dietz, Jill","{'fsnum': '1380', 'name': 'Dietz, Jill'}","300","4","","","","","Directed Research","Registration by permission of instructor only.","396","{'day': 'Tu', 'end': '09:25', 'location': 'TOH 184', 'start': '08:00'};{'day': 'Th', 'end': '09:20', 'location': 'TOH 184', 'start': '08:00'}","False","determined by instructor. Offered most years in the fall semester. May be offered as a 1.00 credit course or .50 credit course.","","1","C","20131","Directed Undergraduate Research","Research","2013"
"0000088786","1.0","0000000767","MATH","","0","0","0","0","0","","Staff","{'fsnum': '', 'name': 'Staff'}","300","","","","","","IR/","","398","","False","","","1","O","20131","Independent Research","Research","2013"
"0000088174","0.5","0000000795","MEDIA","","0","0","0","0","0","","Staff","{'fsnum': '', 'name': 'Staff'}","200","","","","","","Academic Internship","","294","","True","","","1","C","20131","Internship","Research","2013"
"0000088852","1.0","0000000796","MEDIA","","0","0","0","0","0","","Staff","{'fsnum': '', 'name': 'Staff'}","200","","","","","","IS/","","298","","False","","","1","O","20131","Independent Study","Research","2013"
"0000088207","1.0","0000000797","MEDIA","","0","0","0","0","0","","Staff","{'fsnum': '', 'name': 'Staff'}","300","","","","","","Academic Internship","","394","","True","","","1","C","20131","Internship","Research","2013"
"0000088778","1.0","0000000798","MEDIA","","0","0","0","0","0","WRI","Staff","{'fsnum': '', 'name': 'Staff'}","300","","","","","","IR/","","398","","False","","","1","O","20131","Independent Research","Research","2013"
"0000088762","1.0","0000000791","MEDVL","","0","0","0","0","0","","Staff","{'fsnum': '', 'name': 'Staff'}","300","","","","","","IR/","","398","","False","","","1","O","20131","","Research","2013"
"0000089057","1.0","0000000768","MGMT","This course focuses on four basic financial statements: the income statement, statement of retained earnings, balance sheet, and statement of cash flows. Students learn how business events are recorded and represented on the financial statements and how to use the information to make sound economic judgments. Cases and current articles supplement traditional textbook readings and problems. This is a core course in the management studies concentration. Offered each semester.","36","0","11","10","15","","Mader, James","{'fsnum': '20154', 'name': 'Mader, James'}","200","32","0","","","","Principles of Acct","","225","{'day': 'Tu', 'end': '13:10', 'location': 'RNS 190', 'start': '23:45'};{'day': 'Th', 'end': '14:05', 'location': 'RNS 190', 'start': '12:45'}","False","False","A","1","C","20131","Principles of Accounting","Research","2013"
"0000089058","1.0","0000000768","MGMT","This course focuses on four basic financial statements: the income statement, statement of retained earnings, balance sheet, and statement of cash flows. Students learn how business events are recorded and represented on the financial statements and how to use the information to make sound economic judgments. Cases and current articles supplement traditional textbook readings and problems. This is a core course in the management studies concentration. Offered each semester.","34","1","14","12","7","","Mader, James","{'fsnum': '20154', 'name': 'Mader, James'}","200","35","0","","","","Principles of Acct","","225","{'day': 'Tu', 'end': '14:45', 'location': 'RNS 190', 'start': '13:20'};{'day': 'Th', 'end': '15:35', 'location': 'RNS 190', 'start': '14:15'}","False","False","B","1","C","20131","Principles of Accounting","Research","2013"
"0000088269","1.0","0000000769","MGMT","This course provides an overview of the key issues that face arts administrators. Topics addressed include strategic planning, budgeting, fund raising, audience development, and human resource management as each relates to the unique setting of the arts. Case analysis and guest speakers provide opportunities to explore application of key concepts. Offered annually.","32","0","9","3","20","HBS","Christie, Sian E.","{'fsnum': '16804', 'name': 'Christie, Sian E.'}","200","30","0","","","","Arts Management","","229","{'day': 'Tu', 'end': '09:25', 'location': 'HH 307', 'start': '08:00'};{'day': 'Th', 'end': '09:20', 'location': 'HH 307', 'start': '08:00'}","False","False","","1","C","20131","","Research","2013"
"0000088946","1.0","0000000774","MGMT","This course emphasizes the use of financial and operating information to make internal management decisions. Topics include cost measurement and allocation, budgeting and control, performance evaluation, relevant costs for decision-making and capital budgeting decisions. Students are introduced to the modern production environment. Excel spreadsheets are used for many homework assignments. Prerequisite: Management Studies 225. Offered each semester.","20","0","8","0","12","","Hirsch, Richard M.","{'fsnum': '22826', 'name': 'Hirsch, Richard M.'}","200","30","0","","","","Managerial/Cost Acct","","237","{'day': 'Mo', 'end': '13:50', 'location': 'HH 501', 'start': '12:55'};{'day': 'We', 'end': '13:50', 'location': 'HH 501', 'start': '12:55'};{'day': 'Fr', 'end': '13:50', 'location': 'HH 501', 'start': '12:55'}","False","Management Studies 225. Offered each semester.","","1","O","20131","Managerial Accounting","Research","2013"
"0000088947","1.0","0000000777","MGMT","This course introduces the key elements of marketing principles. Topics include evaluating market opportunities; buyer behavior; market segmentation, targeting, and positioning; market strategy and planning; development of marketing mix; and marketing organization and control. Students are challenged to apply the principles learned in class to current and real world marketing issues. The course includes readings, case study analysis, in-class exercises and group projects. Prerequisite: one of Economics 110-121 or permission of instructor. Offered each semester.","34","0","12","10","12","HBS","Christie, Sian E.","{'fsnum': '16804', 'name': 'Christie, Sian E.'}","200","30","0","","","","Marketing","","250","{'day': 'Mo', 'end': '11:40', 'location': 'TOH 210', 'start': '10:45'};{'day': 'We', 'end': '11:40', 'location': 'TOH 210', 'start': '10:45'};{'day': 'Fr', 'end': '11:40', 'location': 'TOH 210', 'start': '10:45'}","False","one of Economics 110-121 or permission of instructor. Offered each semester.","","1","C","20131","","Research","2013"
"0000088944","1.0","0000000778","MGMT","This course familiarizes the student with the major management functions of planning, organizing, leading, and controlling. The study of management theory is linked with application exercises. Students begin to develop the management skills necessary in any organization, whether it be a for-profit or not-for-profit venture, a small business, or a large corporation. This course is required for all students pursuing a management studies concentration. Prerequisite: one of Economics 110-121 or permission of instructor. Offered each semester.","33","0","9","4","20","HBS","Goedde, Richard","{'fsnum': '2661', 'name': 'Goedde, Richard'}","200","30","0","","","","Management","","251","{'day': 'Mo', 'end': '13:50', 'location': 'RNS 190', 'start': '12:55'};{'day': 'We', 'end': '13:50', 'location': 'RNS 190', 'start': '12:55'};{'day': 'Fr', 'end': '13:50', 'location': 'RNS 190', 'start': '12:55'}","False","one of Economics 110-121 or permission of instructor. Offered each semester.","A","1","C","20131","","Research","2013"
"0000088945","1.0","0000000778","MGMT","This course familiarizes the student with the major management functions of planning, organizing, leading, and controlling. The study of management theory is linked with application exercises. Students begin to develop the management skills necessary in any organization, whether it be a for-profit or not-for-profit venture, a small business, or a large corporation. This course is required for all students pursuing a management studies concentration. Prerequisite: one of Economics 110-121 or permission of instructor. Offered each semester.","29","1","10","9","9","HBS","Goedde, Richard","{'fsnum': '2661', 'name': 'Goedde, Richard'}","200","30","0","","","","Management","","251","{'day': 'Mo', 'end': '14:55', 'location': 'RNS 190', 'start': '14:00'};{'day': 'We', 'end': '14:55', 'location': 'RNS 190', 'start': '14:00'};{'day': 'Fr', 'end': '14:55', 'location': 'RNS 190', 'start': '14:00'}","False","one of Economics 110-121 or permission of instructor. Offered each semester.","B","1","C","20131","","Research","2013"
"0000088482","1.0","0000000780","MGMT","This course introduces students to the principles and importance of entrepreneurship, covering both the theory and practical aspects of the subject. Students acquire a greater understanding of the entrepreneurial process: a process of opportunity recognition, resource marshaling, and team building driven by communication, creativity, and leadership. Discussions focus on the relationship of liberal arts disciplines to the entrepreneur, the role of entrepreneur in society and history, the risks and rewards of entrepreneurship, and the elements of the entrepreneurial behavior. Study concentrates on the entrepreneurial process from idea creation to ultimate business or other organizational activity. A leadership theme permeates these discussions. A variety of instructional techniques is used including group projects, guest presenters, and practicing entrepreneurs attending the class. Offered annually.","27","0","6","6","15","","Christie, Sian E.","{'fsnum': '16804', 'name': 'Christie, Sian E.'}","200","30","0","","","","Entrepreneurship","","256","{'day': 'Mo', 'end': '10:00', 'location': 'HH 317', 'start': '09:05'};{'day': 'We', 'end': '10:00', 'location': 'HH 317', 'start': '09:05'};{'day': 'Fr', 'end': '10:00', 'location': 'HH 317', 'start': '09:05'}","False","False","","1","C","20131","","Research","2013"
"0000088446","1.0","0000000783","MGMT","This course is an introduction to financial decision-making in a business environment. Topics include asset acquisition, issuance of stock vs. debt, dividend policy, planning and analysis, and working capital policy. Case discussions, combined with lectures and readings, enable students to apply finance principles in actual business situations. Computer spreadsheets are used. Prerequisite: Management Studies 225. Offered annually.","30","0","7","1","22","","Goedde, Richard","{'fsnum': '2661', 'name': 'Goedde, Richard'}","200","30","0","","","","Corporate Finance","","281","{'day': 'Tu', 'end': '11:00', 'location': 'HH 307', 'start': '09:35'};{'day': 'Th', 'end': '10:50', 'location': 'HH 307', 'start': '09:30'}","False","Management Studies 225. Offered annually.","","1","C","20131","","Research","2013"
"0000088209","0.5","0000000784","MGMT","","1","0","0","0","1","","Becker, Anthony","{'fsnum': '348', 'name': 'Becker, Anthony'}","200","","","","","","Academic Internship","","294","","True","","","1","C","20131","Internship","Research","2013"
"0000088892","1.0","0000000785","MGMT","","0","0","0","0","0","WRI","Staff","{'fsnum': '', 'name': 'Staff'}","200","","","","","","IS/","","298","","False","","","1","O","20131","Independent Study","Research","2013"
"0000093376","1.0","0000000785","MGMT","","1","0","0","0","1","","Hirsch, Richard M.","{'fsnum': '22826', 'name': 'Hirsch, Richard M.'}","200","","","","","","IS/Organizational Mgmt","","298","","False","","A","1","O","20131","Independent Study","Research","2013"
"0000088173","1.0","0000000788","MGMT","","1","0","0","0","1","","Christie, Sian E.","{'fsnum': '16804', 'name': 'Christie, Sian E.'}","300","","","","","","Academic Internship","","394","","True","","","1","C","20131","Internship","Research","2013"
"0000088808","1.0","0000000789","MGMT","Independent Study","0","0","0","0","0","","Staff","{'fsnum': '', 'name': 'Staff'}","300","","","","","","IR/","","398","","False","False","","1","O","20131","Independent Research","Research","2013"
"0000092096","1.0","0000000789","MGMT","Independent Study","0","0","0","0","0","","Goedde, Richard","{'fsnum': '2661', 'name': 'Goedde, Richard'}","300","","","","","","IR/Mortgage REIT Strategy","","398","","False","False","A","1","O","20131","Independent Research","Research","2013"
"0000091344","0.5","0000016970","MSCS","Students focus on writing scientific papers, preparing scientific posters, and giving presentations in the context of a specific, year-long, interdisciplinary research project. In addition, this weekly seminar series builds collaborative research skills such as working in teams, performing reviews of math, statistics, and computer science literature, consulting effectively, and communicating proficiently. Exposure to post-graduate opportunities in math, statistics, and computer science disciplines is also provided. Open to students accepted into the Center for Interdisciplinary Research.","19","0","6","0","13","","Lane-Getaz, Sharon","{'fsnum': '19267', 'name': 'Lane-Getaz, Sharon'}","300","27","","","","","MSCS Research Methods","Registration by permission of instructor only.","389","{'day': 'Mo', 'end': '14:55', 'location': 'TOH 182', 'start': '14:00'};{'day': 'We', 'end': '14:55', 'location': 'TOH 182', 'start': '14:00'};{'day': 'Fr', 'end': '14:55', 'location': 'TOH 182', 'start': '14:00'}","False","False","","1","C","20131","Math, Statistics, and Computer Science Research Methods","Research","2013"
"0000089228","1.0","0000000800","MUSIC","First-semester music majors begin formal musicianship studies. Students perform basic melodies and rhythms at sight, and notate dictations of basic rhythms, melodies and harmonic progressions. Students also analyze and compose Western tonal music employing the rubrics of rhythm and meter, pitch, intervals, scales, tertian chords, inversions, harmonic progression, and SATB voice leading. Co-requisite: Music 161 Piano Class 1 (or placement into a higher level of keyboard proficiency). Offered annually in the fall semester.","19","16","0","0","3","","Merritt, Justin W.","{'fsnum': '16664', 'name': 'Merritt, Justin W.'}","100","19","","","","","Theory & Aural Skills I","This class is open only to approved music majors.","112","{'day': 'Mo', 'end': '08:55', 'location': 'CHM 224', 'start': '08:00'};{'day': 'We', 'end': '08:55', 'location': 'CHM 224', 'start': '08:00'};{'day': 'Fr', 'end': '08:55', 'location': 'CHM 224', 'start': '08:00'};{'day': 'Tu', 'end': '09:25', 'location': 'CHM 224', 'start': '08:00'};{'day': 'Th', 'end': '09:20', 'location': 'CHM 224', 'start': '08:00'}","False","False","A","1","C","20131","Theory and Aural Skills I","Research","2013"
"0000089229","1.0","0000000800","MUSIC","First-semester music majors begin formal musicianship studies. Students perform basic melodies and rhythms at sight, and notate dictations of basic rhythms, melodies and harmonic progressions. Students also analyze and compose Western tonal music employing the rubrics of rhythm and meter, pitch, intervals, scales, tertian chords, inversions, harmonic progression, and SATB voice leading. Co-requisite: Music 161 Piano Class 1 (or placement into a higher level of keyboard proficiency). Offered annually in the fall semester.","18","13","2","1","2","","Merritt, Justin W.","{'fsnum': '16664', 'name': 'Merritt, Justin W.'}","100","19","","","","","Theory & Aural Skills I","This class is open only to approved music majors.","112","{'day': 'Mo', 'end': '10:00', 'location': 'CHM 224', 'start': '09:05'};{'day': 'We', 'end': '10:00', 'location': 'CHM 224', 'start': '09:05'};{'day': 'Fr', 'end': '10:00', 'location': 'CHM 224', 'start': '09:05'};{'day': 'Tu', 'end': '11:00', 'location': 'CHM 224', 'start': '09:35'};{'day': 'Th', 'end': '10:50', 'location': 'CHM 224', 'start': '09:30'}","False","False","B","1","C","20131","Theory and Aural Skills I","Research","2013"
"0000089230","1.0","0000000800","MUSIC","First-semester music majors begin formal musicianship studies. Students perform basic melodies and rhythms at sight, and notate dictations of basic rhythms, melodies and harmonic progressions. Students also analyze and compose Western tonal music employing the rubrics of rhythm and meter, pitch, intervals, scales, tertian chords, inversions, harmonic progression, and SATB voice leading. Co-requisite: Music 161 Piano Class 1 (or placement into a higher level of keyboard proficiency). Offered annually in the fall semester.","15","15","0","0","0","","Ramirez, Catherine","{'fsnum': '21899', 'name': 'Ramirez, Catherine'}","100","19","","","","","Theory & Aural Skills I","This class is open only to approved music majors.","112","{'day': 'Mo', 'end': '11:40', 'location': 'CHM 224', 'start': '10:45'};{'day': 'We', 'end': '11:40', 'location': 'CHM 224', 'start': '10:45'};{'day': 'Fr', 'end': '11:40', 'location': 'CHM 224', 'start': '10:45'};{'day': 'Tu', 'end': '13:10', 'location': 'CHM 224', 'start': '23:45'};{'day': 'Th', 'end': '14:05', 'location': 'CHM 224', 'start': '12:45'}","False","False","C","1","C","20131","Theory and Aural Skills I","Research","2013"
"0000089231","1.0","0000000800","MUSIC","First-semester music majors begin formal musicianship studies. Students perform basic melodies and rhythms at sight, and notate dictations of basic rhythms, melodies and harmonic progressions. Students also analyze and compose Western tonal music employing the rubrics of rhythm and meter, pitch, intervals, scales, tertian chords, inversions, harmonic progression, and SATB voice leading. Co-requisite: Music 161 Piano Class 1 (or placement into a higher level of keyboard proficiency). Offered annually in the fall semester.","18","12","0","1","5","","Amundson, Steven","{'fsnum': '140', 'name': 'Amundson, Steven'}","100","19","","","","","Theory & Aural Skills I","This class is open only to approved music majors.","112","{'day': 'Mo', 'end': '14:55', 'location': 'CHM 224', 'start': '14:00'};{'day': 'We', 'end': '14:55', 'location': 'CHM 224', 'start': '14:00'};{'day': 'Fr', 'end': '14:55', 'location': 'CHM 224', 'start': '14:00'};{'day': 'Tu', 'end': '14:45', 'location': 'CHM 224', 'start': '13:20'};{'day': 'Th', 'end': '15:35', 'location': 'CHM 224', 'start': '14:15'}","False","False","D","1","C","20131","Theory and Aural Skills I","Research","2013"
"0000089030","0.25","0000000807","MUSIC","For music majors with little or no prior keyboard experience, this course introduces basic keyboard patterns and technical foundations, applied music theory, harmonization and transposition, and playing by ear. Development of sight playing skill is a central focus. Class sessions include reading, ensemble playing, performance, skill development and drill, and structured improvisation. Co-requisites: Music 112. Offered annually in the fall semester.","6","5","0","0","1","","Paddleford, Nancy","{'fsnum': '5472', 'name': 'Paddleford, Nancy'}","100","12","","","","","Piano Class I","This class is open only to approved music majors.","161","{'day': 'Mo', 'end': '11:40', 'location': 'CHM 222', 'start': '10:45'};{'day': 'We', 'end': '11:40', 'location': 'CHM 222', 'start': '10:45'}","False","False","A","1","C","20131","","Research","2013"
"0000089031","0.25","0000000807","MUSIC","For music majors with little or no prior keyboard experience, this course introduces basic keyboard patterns and technical foundations, applied music theory, harmonization and transposition, and playing by ear. Development of sight playing skill is a central focus. Class sessions include reading, ensemble playing, performance, skill development and drill, and structured improvisation. Co-requisites: Music 112. Offered annually in the fall semester.","11","10","0","1","0","","Paddleford, Nancy","{'fsnum': '5472', 'name': 'Paddleford, Nancy'}","100","12","","","","","Piano Class I","This class is open only to approved music majors.","161","{'day': 'Mo', 'end': '13:50', 'location': 'CHM 222', 'start': '12:55'};{'day': 'We', 'end': '13:50', 'location': 'CHM 222', 'start': '12:55'}","False","False","B","1","C","20131","","Research","2013"
"0000089032","0.25","0000000807","MUSIC","For music majors with little or no prior keyboard experience, this course introduces basic keyboard patterns and technical foundations, applied music theory, harmonization and transposition, and playing by ear. Development of sight playing skill is a central focus. Class sessions include reading, ensemble playing, performance, skill development and drill, and structured improvisation. Co-requisites: Music 112. Offered annually in the fall semester.","10","7","1","0","2","","Berger, Linda","{'fsnum': '417', 'name': 'Berger, Linda'}","100","12","","","","","Piano Class I","This class is open only to approved music majors.","161","{'day': 'Tu', 'end': '11:00', 'location': 'CHM 222', 'start': '10:05'};{'day': 'Th', 'end': '10:50', 'location': 'CHM 222', 'start': '09:55'}","False","False","C","1","C","20131","","Research","2013"
"0000089033","0.25","0000000807","MUSIC","For music majors with little or no prior keyboard experience, this course introduces basic keyboard patterns and technical foundations, applied music theory, harmonization and transposition, and playing by ear. Development of sight playing skill is a central focus. Class sessions include reading, ensemble playing, performance, skill development and drill, and structured improvisation. Co-requisites: Music 112. Offered annually in the fall semester.","12","5","0","1","6","","Berger, Linda","{'fsnum': '417', 'name': 'Berger, Linda'}","100","12","","","","","Piano Class I","This class is open only to approved music majors.","161","{'day': 'Tu', 'end': '12:40', 'location': 'CHM 222', 'start': '23:45'};{'day': 'Th', 'end': '13:40', 'location': 'CHM 222', 'start': '12:45'}","False","False","D","1","C","20131","","Research","2013"
"0000089339","0.25","0000000810","MUSIC","Through group instruction, students encounter the fundamentals of singing and an introduction to song literature. In-class performance is required. This course may be repeated once. Offered each semester.","10","5","0","2","3","","Johnson, Sigrid","{'fsnum': '4103', 'name': 'Johnson, Sigrid'}","100","12","","","","","Voice Class","","164","{'day': 'Mo', 'end': '10:00', 'location': 'CHM 233', 'start': '09:05'};{'day': 'We', 'end': '10:00', 'location': 'CHM 233', 'start': '09:05'}","False","False","A","1","C","20131","","Research","2013"
"0000089340","0.25","0000000810","MUSIC","Through group instruction, students encounter the fundamentals of singing and an introduction to song literature. In-class performance is required. This course may be repeated once. Offered each semester.","12","8","1","2","1","","Johnson, Sigrid","{'fsnum': '4103', 'name': 'Johnson, Sigrid'}","100","12","","","","","Voice Class","","164","{'day': 'Mo', 'end': '12:45', 'location': 'CHM 233', 'start': '23:50'};{'day': 'We', 'end': '12:45', 'location': 'CHM 233', 'start': '23:50'}","False","False","B","1","C","20131","","Research","2013"
"0000089341","0.25","0000000810","MUSIC","Through group instruction, students encounter the fundamentals of singing and an introduction to song literature. In-class performance is required. This course may be repeated once. Offered each semester.","3","3","0","0","0","","Johnson, Sigrid","{'fsnum': '4103', 'name': 'Johnson, Sigrid'}","100","12","","","","","Voice Class","","164","{'day': 'Mo', 'end': '13:50', 'location': 'CHM 233', 'start': '12:55'};{'day': 'We', 'end': '13:50', 'location': 'CHM 233', 'start': '12:55'}","False","False","C","1","O","20131","","Research","2013"
"0000091811","0.25","0000000812","MUSIC","Students learn basic performance practice on core instruments in each instrument family. Additional topics include: common performance issues and their possible solution; Best Practices in teaching and learning core instruments of the family; and technology for teaching, learning, or composing for instruments as appropriate. Prerequisite: permission of instructor required for students not majoring in theory/composition or music education. Offered fall semester 2013-14; thereafter annually in the spring semester.","5","0","3","1","1","","Hagedorn, David","{'fsnum': '2878', 'name': 'Hagedorn, David'}","100","15","","","","","Percussion Techniques","","167","{'day': 'Mo', 'end': '10:00', 'location': 'CHM 138', 'start': '09:05'};{'day': 'We', 'end': '10:00', 'location': 'CHM 138', 'start': '09:05'};{'day': 'Fr', 'end': '10:00', 'location': 'CHM 138', 'start': '09:05'}","False","permission of instructor required for students not majoring in theory/composition or music education. Offered fall semester 2013-14; thereafter annually in the spring semester.","","1","O","20131","","Research","2013"
"0000089181","0.25","0000000813","MUSIC","Students learn basic performance practice on core instruments in each instrument family. Additional topics include: common performance issues and their possible solution; Best Practices in teaching and learning core instruments of the family; and technology for teaching, learning, or composing for instruments as appropriate. Prerequisite: permission of instructor required for students not majoring in theory/composition or music education. Offered annually in the fall semester.","8","0","2","1","5","","Carter, David;Scholz-Carlson, Miriam","{'fsnum': '973', 'name': 'Carter, David'};{'fsnum': '7179', 'name': 'Scholz-Carlson, Miriam'}","100","15","","","","","String Techniques","","168","{'day': 'Mo', 'end': '13:50', 'location': 'CHM 140', 'start': '12:55'};{'day': 'We', 'end': '13:50', 'location': 'CHM 140', 'start': '12:55'};{'day': 'Fr', 'end': '13:50', 'location': 'CHM 140', 'start': '12:55'}","False","permission of instructor required for students not majoring in theory/composition or music education. Offered annually in the fall semester.","","1","O","20131","","Research","2013"
"0000089344","0.25","0000000814","MUSIC","Students learn basic performance practice on core instruments in each instrument family. Additional topics include: common performance issues and their possible solution; Best Practices in teaching and learning core instruments of the family; and technology for teaching, learning, or composing for instruments as appropriate. Prerequisite: permission of instructor required for students not majoring in theory/composition or music education. Offered annually in the fall semester.","13","0","3","2","8","","Maeda, Dana L.","{'fsnum': '17590', 'name': 'Maeda, Dana L.'}","100","15","","","","","Woodwind Techniques","","169","{'day': 'Mo', 'end': '12:45', 'location': 'CHM 138', 'start': '23:50'};{'day': 'We', 'end': '12:45', 'location': 'CHM 138', 'start': '23:50'};{'day': 'Fr', 'end': '12:45', 'location': 'CHM 138', 'start': '23:50'}","False","permission of instructor required for students not majoring in theory/composition or music education. Offered annually in the fall semester.","","1","C","20131","Woodwind Techiques","Research","2013"
"0000089232","1.0","0000000816","MUSIC","Third-semester music majors continue formal musicianship studies. Students perform advanced rhythms and increasingly chromatic melodies at sight. Students analyze and compose Western tonal music that employs modal mixture, Neapolitan chords, augmented-sixth chords, and remote modulations, all of which are closely integrated into melodic and harmonic dictations. Students analyze the principle movement-length forms. Prerequisite: Music 114. Offered annually in the fall semester.","16","0","0","14","2","","Moya, Reinaldo","{'fsnum': '23606', 'name': 'Moya, Reinaldo'}","200","24","","","","","Theory & Aural Skills III","","212","{'day': 'Mo', 'end': '08:55', 'location': 'CHM 232', 'start': '08:00'};{'day': 'We', 'end': '08:55', 'location': 'CHM 232', 'start': '08:00'};{'day': 'Fr', 'end': '08:55', 'location': 'CHM 232', 'start': '08:00'};{'day': 'Tu', 'end': '09:25', 'location': 'CHM 232', 'start': '08:00'};{'day': 'Th', 'end': '09:20', 'location': 'CHM 232', 'start': '08:00'}","False","Music 114. Offered annually in the fall semester.","A","1","O","20131","Theory and Aural Skills III","Research","2013"
"0000089233","1.0","0000000816","MUSIC","Third-semester music majors continue formal musicianship studies. Students perform advanced rhythms and increasingly chromatic melodies at sight. Students analyze and compose Western tonal music that employs modal mixture, Neapolitan chords, augmented-sixth chords, and remote modulations, all of which are closely integrated into melodic and harmonic dictations. Students analyze the principle movement-length forms. Prerequisite: Music 114. Offered annually in the fall semester.","25","1","1","22","1","","Rodland, Catherine R.","{'fsnum': '13173', 'name': 'Rodland, Catherine R.'}","200","24","","","","","Theory & Aural Skills III","","212","{'day': 'Mo', 'end': '10:00', 'location': 'CHM 232', 'start': '09:05'};{'day': 'We', 'end': '10:00', 'location': 'CHM 232', 'start': '09:05'};{'day': 'Fr', 'end': '10:00', 'location': 'CHM 232', 'start': '09:05'};{'day': 'Tu', 'end': '11:00', 'location': 'CHM 232', 'start': '09:35'};{'day': 'Th', 'end': '10:50', 'location': 'CHM 232', 'start': '09:30'}","False","Music 114. Offered annually in the fall semester.","B","1","C","20131","Theory and Aural Skills III","Research","2013"
"0000089234","1.0","0000000816","MUSIC","Third-semester music majors continue formal musicianship studies. Students perform advanced rhythms and increasingly chromatic melodies at sight. Students analyze and compose Western tonal music that employs modal mixture, Neapolitan chords, augmented-sixth chords, and remote modulations, all of which are closely integrated into melodic and harmonic dictations. Students analyze the principle movement-length forms. Prerequisite: Music 114. Offered annually in the fall semester.","24","2","0","18","4","","Castro, David R.","{'fsnum': '20190', 'name': 'Castro, David R.'}","200","24","","","","","Theory & Aural Skills III","","212","{'day': 'Mo', 'end': '11:40', 'location': 'CHM 232', 'start': '10:45'};{'day': 'We', 'end': '11:40', 'location': 'CHM 232', 'start': '10:45'};{'day': 'Fr', 'end': '11:40', 'location': 'CHM 232', 'start': '10:45'};{'day': 'Tu', 'end': '14:45', 'location': 'CHM 232', 'start': '13:20'};{'day': 'Th', 'end': '15:35', 'location': 'CHM 232', 'start': '14:15'}","False","Music 114. Offered annually in the fall semester.","C","1","C","20131","Theory and Aural Skills III","Research","2013"
"0000088997","0.5","0000000820","MUSIC","Intended for all theory/composition and instrumental music education students, this course introduces the practical fundamentals of orchestration. Students learn about instrument ranges, nomenclature, proper notation, characteristics of orchestral and band instruments, transposition, and scoring for various instrumental combinations including full orchestra, concert band, and marching band. Prerequisite: Music 114 and sophomore standing. Recommended: Music 166, 167, 168, 169, or equivalent experience. Offered fall semester 2013-14 and alternate years.","22","0","5","4","13","","Merritt, Justin W.","{'fsnum': '16664', 'name': 'Merritt, Justin W.'}","200","21","","","","","Orchestration","","221","{'day': 'Mo', 'end': '14:55', 'location': 'CHM 232', 'start': '14:00'};{'day': 'We', 'end': '14:55', 'location': 'CHM 232', 'start': '14:00'};{'day': 'Fr', 'end': '14:55', 'location': 'CHM 232', 'start': '14:00'}","False","Music 114 and sophomore standing. Recommended: Music 166, 167, 168, 169, or equivalent experience. Offered fall semester 2013-14 and alternate years.","","1","C","20131","","Research","2013"
"0000091248","1.0","0000000821","MUSIC","To deepen awareness and understanding of performance music, and to gain tools to produce textural interest in composition, students study the contrapuntal techniques of composers from the Renaissance, Baroque, and Modern periods including Palestrina, Bach, and Barber. Prerequisite: Music 214. Offered fall semester 2013-14 and alternate years.","14","0","6","0","8","","Castro, David R.","{'fsnum': '20190', 'name': 'Castro, David R.'}","200","17","","","","","Counterpoint","","222","{'day': 'Mo', 'end': '08:55', 'location': 'CHM 239', 'start': '08:00'};{'day': 'We', 'end': '08:55', 'location': 'CHM 239', 'start': '08:00'};{'day': 'Fr', 'end': '08:55', 'location': 'CHM 239', 'start': '08:00'}","False","Music 214. Offered fall semester 2013-14 and alternate years.","","1","O","20131","","Research","2013"
"0000088435","1.0","0000000822","MUSIC","Students are introduced to a number of compositional techniques and apply them in creating original works of music and hearing them performed. Participants listen to important 20th- and 21st-century compositions, and discuss current trends in music, the changing role of the composer in society, and practical composition issues. Prerequisite: Music 114, or permission of instructor. Generally offered each semester.","15","9","1","4","1","","Merritt, Justin W.","{'fsnum': '16664', 'name': 'Merritt, Justin W.'}","200","19","","","","","Composition I","","223","{'day': 'Tu', 'end': '13:10', 'location': 'CHM 232', 'start': '23:45'};{'day': 'Th', 'end': '14:05', 'location': 'CHM 232', 'start': '12:45'}","False","Music 114, or permission of instructor. Generally offered each semester.","","1","O","20131","","Research","2013"
"0000089345","1.0","0000000829","MUSIC","An introduction to the diversity of musics on Earth. Topics include performance practice, methods for analysis and comparison of various musics, and interdisciplinary approaches to studying the powerful influence of music in human life. Offered annually in the fall semester. Counts towards ARMS major and concentration and Africa & the Americas concentration.","62","0","20","10","32","ALS-A;MCG;MCS-G","Hagedorn, David","{'fsnum': '2878', 'name': 'Hagedorn, David'}","200","60","","","","","World Music","","237","{'day': 'Mo', 'end': '11:40', 'location': 'CHM 233', 'start': '10:45'};{'day': 'We', 'end': '11:40', 'location': 'CHM 233', 'start': '10:45'};{'day': 'Fr', 'end': '11:40', 'location': 'CHM 233', 'start': '10:45'}","False","False","","1","C","20131","","Research","2013"
"0000088603","1.0","0000000831","MUSIC","Students encounter the history and development of Western European music from the Middle Ages to ca. 1750 and study the genres and styles of music from monophonic chant to concerted music of the Baroque. Prerequisite: Music 114. Offered annually in the fall semester.","31","1","2","25","3","","Hoekstra, Gerald","{'fsnum': '3413', 'name': 'Hoekstra, Gerald'}","200","37","","","","","Hist & Lit Music I","","241","{'day': 'Mo', 'end': '13:50', 'location': 'CHM 239', 'start': '12:55'};{'day': 'We', 'end': '13:50', 'location': 'CHM 239', 'start': '12:55'};{'day': 'Fr', 'end': '13:50', 'location': 'CHM 239', 'start': '12:55'}","False","Music 114. Offered annually in the fall semester.","A","1","C","20131","History and Literature of Music I","Research","2013"
"0000088604","1.0","0000000831","MUSIC","Students encounter the history and development of Western European music from the Middle Ages to ca. 1750 and study the genres and styles of music from monophonic chant to concerted music of the Baroque. Prerequisite: Music 114. Offered annually in the fall semester.","30","3","1","21","5","","Hoekstra, Gerald","{'fsnum': '3413', 'name': 'Hoekstra, Gerald'}","200","37","","","","","Hist & Lit Music I","","241","{'day': 'Mo', 'end': '14:55', 'location': 'CHM 239', 'start': '14:00'};{'day': 'We', 'end': '14:55', 'location': 'CHM 239', 'start': '14:00'};{'day': 'Fr', 'end': '14:55', 'location': 'CHM 239', 'start': '14:00'}","False","Music 114. Offered annually in the fall semester.","B","1","O","20131","History and Literature of Music I","Research","2013"
"0000088415","0.5","0000000834","MUSIC","Students learn conducting techniques for choral literature including research-based rehearsal techniques, vocal preparation, score study, and video self-evaluation of gesture and rehearsal. Course work also includes observation of conductors on campus and in the community. Prerequisite: Music 251. Offered annually in the fall semester.","12","0","10","0","2","","Aspaas, Christopher P.","{'fsnum': '17446', 'name': 'Aspaas, Christopher P.'}","200","25","","","","","Choral Conducting","","252","{'day': 'Tu', 'end': '14:45', 'location': 'CHM 140', 'start': '13:20'};{'day': 'Th', 'end': '15:35', 'location': 'CHM 140', 'start': '14:15'}","False","Music 251. Offered annually in the fall semester.","","1","O","20131","","Research","2013"
"0000089034","0.25","0000000836","MUSIC","This advanced piano class for music majors only emphasizes sight playing, score reading, harmonization and transposition, advanced harmonic idioms, improvisation, ensemble playing, and performance preparation. A grade of B- or higher satisfies Piano Proficiency Level 3 requirements. Prerequisite: Music 162, completion of Piano Proficiency Level 2, or audition placement. Recommended co-requisite: Music 212. Offered annually in the fall semester.","10","1","0","5","4","","Friesen, Sandra Joy","{'fsnum': '25371', 'name': 'Friesen, Sandra Joy'}","200","12","","","","","Piano Class III","","261","{'day': 'Mo', 'end': '10:00', 'location': 'CHM 222', 'start': '09:05'};{'day': 'We', 'end': '10:00', 'location': 'CHM 222', 'start': '09:05'}","False","Music 162, completion of Piano Proficiency Level 2, or audition placement. Recommended co-requisite: Music 212. Offered annually in the fall semester.","A","1","O","20131","","Research","2013"
"0000089035","0.25","0000000836","MUSIC","This advanced piano class for music majors only emphasizes sight playing, score reading, harmonization and transposition, advanced harmonic idioms, improvisation, ensemble playing, and performance preparation. A grade of B- or higher satisfies Piano Proficiency Level 3 requirements. Prerequisite: Music 162, completion of Piano Proficiency Level 2, or audition placement. Recommended co-requisite: Music 212. Offered annually in the fall semester.","10","0","1","8","1","","Friesen, Sandra Joy","{'fsnum': '25371', 'name': 'Friesen, Sandra Joy'}","200","12","","","","","Piano Class III","","261","{'day': 'Mo', 'end': '14:55', 'location': 'CHM 222', 'start': '14:00'};{'day': 'We', 'end': '14:55', 'location': 'CHM 222', 'start': '14:00'}","False","Music 162, completion of Piano Proficiency Level 2, or audition placement. Recommended co-requisite: Music 212. Offered annually in the fall semester.","B","1","C","20131","","Research","2013"
"0000088221","1.0","0000000839","MUSIC","This studio course focuses on advanced techniques of acting and singing for the musical stage with emphasis on opera. Students explore voice, movement, improvisation, and characterization at an advanced level. Participants receive coaching in musical and dramatic style through solo and small ensemble literature and prepare scenes for class performance. The course culminates with public performances of a fully staged and costumed lyric theater work. May be repeated once. Prerequisites: Two semesters of voice study and Theatre 131: Acting for the Lyric Stage. A production fee will be charged to all students participating in the production. Generally offered annually in fall semester.","8","0","5","1","2","","McKeel, James;Lace, Kira E.","{'fsnum': '5210', 'name': 'McKeel, James'};{'fsnum': '13593', 'name': 'Lace, Kira E.'}","200","19","","","","","Adv Act Lyric Stage","Only open to students by previous audition.","267","{'day': 'Tu', 'end': '14:45', 'location': 'CHM Urness', 'start': '13:20'};{'day': 'Th', 'end': '15:35', 'location': 'CHM Urness', 'start': '14:15'}","False","Prerequisites: Two semesters of voice study and Theatre 131: Acting for the Lyric Stage. A production fee will be charged to all students participating in the production. Generally offered annually in fall semester.","","1","C","20131","Advanced Acting For The Lyric Stage","Research","2013"
"0000088646","0.25","0000000841","MUSIC","Through regular rehearsals and coaching sessions, new or already-formed chamber groups prepare and perform selected literature, learn about related repertoire, and cultivate observation, communication, and leadership skills. Typical ensembles include string quartets, brass or woodwind quintets, piano trios, saxophone quartets, etc. May be repeated. Prerequisite: permission of instructor. Offered each semester.","20","1","6","8","5","","Maeda, Dana L.","{'fsnum': '17590', 'name': 'Maeda, Dana L.'}","200","19","","","","","Instr Chamber Music","","275","{'day': 'Tu', 'end': '08:55', 'location': 'CHM 140', 'start': '08:00'};{'day': 'Th', 'end': '08:55', 'location': 'CHM 140', 'start': '08:00'}","False","permission of instructor. Offered each semester.","","1","C","20131","Instrumental Chamber Music","Research","2013"
"0000091249","0.25","0000000842","MUSIC","Students survey the solo art song repertoire of Germany, Italy, and Spain. The course highlights the significant features and development of the art song, and provides context, approaches, and resources for studying this literature. Course work includes in-class performance. Prerequisites: Music 214, 241, 242, or permission of instructor. Preferred prerequisites: Music 263, 264. Offered fall semester 2013-14 and alternate years.","15","0","10","0","5","","Smith, Robert C.","{'fsnum': '7604', 'name': 'Smith, Robert C.'}","200","19","","","","","Vocal Solo Lit I","","281","{'day': 'Mo', 'end': '14:55', 'location': 'CHM 233', 'start': '14:00'};{'day': 'We', 'end': '14:55', 'location': 'CHM 233', 'start': '14:00'}","False","Prerequisites: Music 214, 241, 242, or permission of instructor. Preferred prerequisites: Music 263, 264. Offered fall semester 2013-14 and alternate years.","","1","O","20131","Vocal Solo Literature I","Research","2013"
"0000088175","1.0","0000000846","MUSIC","","0","0","0","0","0","","Staff","{'fsnum': '', 'name': 'Staff'}","200","","","","","","Academic Internship","","294","","True","","","1","C","20131","Internship","Research","2013"
"0000088873","1.0","0000000847","MUSIC","","0","0","0","0","0","","Staff","{'fsnum': '', 'name': 'Staff'}","200","","","","","","IS/","","298","","False","","","1","O","20131","Independent Study","Research","2013"
"0000088965","0.25","0000000848","MUSIC","","0","0","0","0","0","","Staff","{'fsnum': '', 'name': 'Staff'}","200","0","","","","","MSM IS/Conducting","","299","","False","","A","1","O","20131","","Topic","2013"
"0000088966","0.25","0000000848","MUSIC","","0","0","0","0","0","","Staff","{'fsnum': '', 'name': 'Staff'}","200","0","","","","","MSM IS/Worship Proj","","299","","False","","B","1","O","20131","","Topic","2013"
"0000088436","1.0","0000000851","MUSIC","Students develop more advanced technique in writing for instruments and voice through individual study in creative composition, focusing on smaller ensembles. This course may be repeated. Prerequisite: Music 223. Generally offered each semester.","6","0","1","1","4","","Mahr, Timothy","{'fsnum': '5013', 'name': 'Mahr, Timothy'}","300","8","","","","","Composition II","","324","{'day': 'Mo', 'end': '13:50', 'location': 'CHM 224', 'start': '12:55'};{'day': 'We', 'end': '13:50', 'location': 'CHM 224', 'start': '12:55'};{'day': 'Fr', 'end': '13:50', 'location': 'CHM 224', 'start': '12:55'}","False","Music 223. Generally offered each semester.","","1","O","20131","","Research","2013"
"0000088437","1.0","0000000852","MUSIC","This course continues the study in creative composition begun in 223 and 324 and includes writing for large ensembles. This course may be repeated. Prerequisites: Music 221, 223, 324, and permission of instructor. Generally offered each semester.","0","0","0","0","0","","Mahr, Timothy","{'fsnum': '5013', 'name': 'Mahr, Timothy'}","300","4","","","","","Composition III","","325","{'day': 'Mo', 'end': '13:50', 'location': 'CHM 224', 'start': '12:55'};{'day': 'We', 'end': '13:50', 'location': 'CHM 224', 'start': '12:55'};{'day': 'Fr', 'end': '13:50', 'location': 'CHM 224', 'start': '12:55'}","False","Prerequisites: Music 221, 223, 324, and permission of instructor. Generally offered each semester.","","1","O","20131","","Research","2013"
"0000091250","1.0","0000000855","MUSIC","Intensive study of musical literature between 1750 and 1900. The course begins with the development of the Viennese Classical School (Haydn, Mozart, Beethoven) and continues with European trends in Romantic opera, Lieder, symphony and chamber music (from Rossini through R. Strauss). Prerequisites: Music 241, 242. Offered fall semester 2013-14 and alternate years.","30","0","14","0","16","WRI","Gehl, Robin","{'fsnum': '26201', 'name': 'Gehl, Robin'}","300","30","","","","","Class & Romantic Eras","","343","{'day': 'Mo', 'end': '11:40', 'location': 'CHM 239', 'start': '10:45'};{'day': 'We', 'end': '11:40', 'location': 'CHM 239', 'start': '10:45'};{'day': 'Fr', 'end': '11:40', 'location': 'CHM 239', 'start': '10:45'}","False","Prerequisites: Music 241, 242. Offered fall semester 2013-14 and alternate years.","","1","C","20131","Music Of The Classical And Romantic Eras","Research","2013"
"0000089244","1.0","0000000857","MUSIC","Students encounter in-depth studies in a specific topic or area of music history. The content and nature of this course are determined by the instructor and the music department. Sample topics include American music, studies in classical music, opera, and folk and pop influences in art music. May be repeated if topics are different. Prerequisites: Music 241, 242. Offered each semester. Counts towards American studies and medieval studies majors.","26","0","12","0","14","WRI","Gehl, Robin","{'fsnum': '26201', 'name': 'Gehl, Robin'}","300","30","","","","","Top: Opera","","345","{'day': 'Tu', 'end': '09:25', 'location': 'CHM 239', 'start': '08:00'};{'day': 'Th', 'end': '09:20', 'location': 'CHM 239', 'start': '08:00'}","False","Prerequisites: Music 241, 242. Offered each semester. Counts towards American studies and medieval studies majors.","","1","O","20131","Advanced Study in Music History","Topic","2013"
"0000088227","0.5","0000000858","MUSIC","Working with a live instrumental or choral ensemble, students learn and conduct complete movements and/or entire works and encounter a variety of advanced baton techniques. Course activities develop skills in reading, preparing, interpreting and memorizing scores, with further focus on rehearsal procedures, performance practice, and concert programming. Participants are required to observe a variety of rehearsals on and off campus. Prerequisites: Music 252 or 253. Offered annually in the fall semester.","7","0","0","0","7","","Amundson, Steven","{'fsnum': '140', 'name': 'Amundson, Steven'}","300","19","","","","","Advanced Conducting","","354","{'day': 'Tu', 'end': '11:00', 'location': 'CHM 140', 'start': '09:35'};{'day': 'Th', 'end': '10:50', 'location': 'CHM 140', 'start': '09:30'}","False","Prerequisites: Music 252 or 253. Offered annually in the fall semester.","A","1","O","20131","","Research","2013"
"0000088228","0.5","0000000858","MUSIC","Working with a live instrumental or choral ensemble, students learn and conduct complete movements and/or entire works and encounter a variety of advanced baton techniques. Course activities develop skills in reading, preparing, interpreting and memorizing scores, with further focus on rehearsal procedures, performance practice, and concert programming. Participants are required to observe a variety of rehearsals on and off campus. Prerequisites: Music 252 or 253. Offered annually in the fall semester.","8","0","0","0","8","","Armstrong, Anton","{'fsnum': '263', 'name': 'Armstrong, Anton'}","300","19","","","","","Advanced Conducting","","354","{'day': 'Tu', 'end': '11:00', 'location': 'CHM 233', 'start': '09:35'};{'day': 'Th', 'end': '10:50', 'location': 'CHM 233', 'start': '09:30'}","False","Prerequisites: Music 252 or 253. Offered annually in the fall semester.","B","1","O","20131","","Research","2013"
"0000089313","0.25","0000000860","MUSIC","This course introduces a systematic pedagogical approach to the study of voice production for use in the studio or classroom. Students examine basic voice physiology, the healthy use and care of the voice, voice problems, and appropriate vocal literature. Prerequisite: three semesters of voice lessons, one of which may be voice class; or permission of instructor. Offered annually in the fall semester.","14","0","7","0","7","","Engleman, Tracey M.","{'fsnum': '14781', 'name': 'Engleman, Tracey M.'}","300","19","","","","","Vocal Pedagogy","","364","{'day': 'Mo', 'end': '13:50', 'location': 'CHM 232', 'start': '12:55'};{'day': 'We', 'end': '13:50', 'location': 'CHM 232', 'start': '12:55'}","False","three semesters of voice lessons, one of which may be voice class; or permission of instructor. Offered annually in the fall semester.","","1","O","20131","","Research","2013"
"0000088407","0.25","0000000861","MUSIC","This course introduces the principles of vocal pedagogy applied to the child and adolescent voice with an emphasis on understanding the developing voice and establishing good vocal habits with appropriate techniques and literature. Prerequisites: Music 251, completion of one semester of voice or voice class and junior standing, or permission of instructor. Offered annually in the fall semester.","16","0","9","0","7","","Armstrong, Anton","{'fsnum': '263', 'name': 'Armstrong, Anton'}","300","19","","","","","Child-Adolescent Voice","","365","{'day': 'Mo', 'end': '10:00', 'location': 'CHM 239', 'start': '09:05'};{'day': 'We', 'end': '10:00', 'location': 'CHM 239', 'start': '09:05'}","False","Prerequisites: Music 251, completion of one semester of voice or voice class and junior standing, or permission of instructor. Offered annually in the fall semester.","","1","O","20131","The Child and Adolescent Voice","Research","2013"
"0000088176","1.0","0000000865","MUSIC","","0","0","0","0","0","","Staff","{'fsnum': '', 'name': 'Staff'}","300","","","","","","Academic Internship","","394","","True","","","1","C","20131","Internship","Research","2013"
"0000088775","1.0","0000000866","MUSIC","","0","0","0","0","0","","Staff","{'fsnum': '', 'name': 'Staff'}","300","","","","","","IR/","","398","","False","","","1","O","20131","Independent Research","Research","2013"
"0000093187","1.0","0000000866","MUSIC","","1","0","0","0","1","WRI","Hoekstra, Gerald","{'fsnum': '3413', 'name': 'Hoekstra, Gerald'}","300","","","","","","IR/C Schumann Gndr&Music","","398","","False","","A","1","O","20131","Independent Research","Research","2013"
"0000088865","1.0","0000000918","NEURO","","0","0","0","0","0","","Staff","{'fsnum': '', 'name': 'Staff'}","200","","","","","","IS/","","298","","False","","","1","O","20131","","Research","2013"
"0000088787","1.0","0000000920","NEURO","","0","0","0","0","0","","Staff","{'fsnum': '', 'name': 'Staff'}","300","5","","","","","IR/","","398","","False","","","1","O","20131","","Research","2013"
"0000093363","1.0","0000000920","NEURO","","1","0","0","0","1","","Demas, Jay","{'fsnum': '21211', 'name': 'Demas, Jay'}","300","","","","","","IR/Retinal Neurobiology","","398","","False","","A","1","O","20131","","Research","2013"
"0000088311","1.0","0000000921","NORW","Proficiency in a second language opens the door to another culture and another way of viewing the world. This course starts students on the road to achieving such a proficiency. Students begin learning to speak, understand, read, and write Norwegian and learn about Norwegian culture through the language. Offered annually in the fall semester.","21","13","1","6","1","","Krouk, Dean","{'fsnum': '23546', 'name': 'Krouk, Dean'}","100","17","","","","","Beginning Norwegian I","","111","{'day': 'Mo', 'end': '08:55', 'location': 'TOH 112', 'start': '08:00'};{'day': 'We', 'end': '08:55', 'location': 'TOH 112', 'start': '08:00'};{'day': 'Fr', 'end': '08:55', 'location': 'TOH 112', 'start': '08:00'}","False","False","A","1","C","20131","","Research","2013"
"0000088312","1.0","0000000921","NORW","Proficiency in a second language opens the door to another culture and another way of viewing the world. This course starts students on the road to achieving such a proficiency. Students begin learning to speak, understand, read, and write Norwegian and learn about Norwegian culture through the language. Offered annually in the fall semester.","20","10","1","6","3","","Piñero Christine, H.","{'fsnum': '12459', 'name': 'Piñero Christine, H.'}","100","17","","","","","Beginning Norwegian I","","111","{'day': 'Mo', 'end': '11:40', 'location': 'TOH 112', 'start': '10:45'};{'day': 'We', 'end': '11:40', 'location': 'TOH 112', 'start': '10:45'};{'day': 'Fr', 'end': '11:40', 'location': 'TOH 112', 'start': '10:45'}","False","False","B","1","C","20131","","Research","2013"
"0000088313","1.0","0000000921","NORW","Proficiency in a second language opens the door to another culture and another way of viewing the world. This course starts students on the road to achieving such a proficiency. Students begin learning to speak, understand, read, and write Norwegian and learn about Norwegian culture through the language. Offered annually in the fall semester.","19","15","0","3","1","","Krouk, Dean","{'fsnum': '23546', 'name': 'Krouk, Dean'}","100","17","","","","","Beginning Norwegian I","","111","{'day': 'Mo', 'end': '12:45', 'location': 'TOH 110', 'start': '23:50'};{'day': 'We', 'end': '12:45', 'location': 'TOH 110', 'start': '23:50'};{'day': 'Fr', 'end': '12:45', 'location': 'TOH 110', 'start': '23:50'}","False","False","C","1","C","20131","","Research","2013"
"0000088314","1.0","0000000921","NORW","Proficiency in a second language opens the door to another culture and another way of viewing the world. This course starts students on the road to achieving such a proficiency. Students begin learning to speak, understand, read, and write Norwegian and learn about Norwegian culture through the language. Offered annually in the fall semester.","20","16","0","4","0","","Piñero Christine, H.","{'fsnum': '12459', 'name': 'Piñero Christine, H.'}","100","17","","","","","Beginning Norwegian I","","111","{'day': 'Mo', 'end': '14:55', 'location': 'TOH 110', 'start': '14:00'};{'day': 'We', 'end': '14:55', 'location': 'TOH 110', 'start': '14:00'};{'day': 'Fr', 'end': '14:55', 'location': 'TOH 110', 'start': '14:00'}","False","False","D","1","C","20131","","Research","2013"
"0000092118","1.0","0000000921","NORW","Proficiency in a second language opens the door to another culture and another way of viewing the world. This course starts students on the road to achieving such a proficiency. Students begin learning to speak, understand, read, and write Norwegian and learn about Norwegian culture through the language. Offered annually in the fall semester.","18","14","0","2","2","","Piñero Christine, H.","{'fsnum': '12459', 'name': 'Piñero Christine, H.'}","100","17","","","","","Beginning Norwegian I","","111","{'day': 'Mo', 'end': '13:50', 'location': 'TOH 110', 'start': '12:55'};{'day': 'We', 'end': '13:50', 'location': 'TOH 110', 'start': '12:55'};{'day': 'Fr', 'end': '13:50', 'location': 'TOH 110', 'start': '12:55'}","False","False","E","1","C","20131","","Research","2013"
"0000088683","1.0","0000000926","NORW","Students improve proficiency in listening, speaking, reading, and writing, with an emphasis on communication as well as improved grammatical accuracy. Reading and discussion of authentic literary and cultural texts allow students to expand their vocabulary and knowledge of the Norwegian way of life. Prerequisite: Norwegian 112 or equivalent. Offered annually in the fall semester.","19","1","2","15","1","FOL-N","Dorer, Kari L.","{'fsnum': '14082', 'name': 'Dorer, Kari L.'}","200","16","","","","","Intermed Norwegian I","","231","{'day': 'Mo', 'end': '10:00', 'location': 'TOH 112', 'start': '09:05'};{'day': 'We', 'end': '10:00', 'location': 'TOH 112', 'start': '09:05'};{'day': 'Fr', 'end': '10:00', 'location': 'TOH 112', 'start': '09:05'}","False","Norwegian 112 or equivalent. Offered annually in the fall semester.","A","1","C","20131","Intermediate Norwegian I","Research","2013"
"0000088684","1.0","0000000926","NORW","Students improve proficiency in listening, speaking, reading, and writing, with an emphasis on communication as well as improved grammatical accuracy. Reading and discussion of authentic literary and cultural texts allow students to expand their vocabulary and knowledge of the Norwegian way of life. Prerequisite: Norwegian 112 or equivalent. Offered annually in the fall semester.","19","2","4","9","4","FOL-N","Dorer, Kari L.","{'fsnum': '14082', 'name': 'Dorer, Kari L.'}","200","16","","","","","Intermed Norwegian I","","231","{'day': 'Mo', 'end': '12:45', 'location': 'TOH 112', 'start': '23:50'};{'day': 'We', 'end': '12:45', 'location': 'TOH 112', 'start': '23:50'};{'day': 'Fr', 'end': '12:45', 'location': 'TOH 112', 'start': '23:50'}","False","Norwegian 112 or equivalent. Offered annually in the fall semester.","B","1","C","20131","Intermediate Norwegian I","Research","2013"
"0000088685","1.0","0000000926","NORW","Students improve proficiency in listening, speaking, reading, and writing, with an emphasis on communication as well as improved grammatical accuracy. Reading and discussion of authentic literary and cultural texts allow students to expand their vocabulary and knowledge of the Norwegian way of life. Prerequisite: Norwegian 112 or equivalent. Offered annually in the fall semester.","19","0","3","14","2","FOL-N","Dorer, Kari L.","{'fsnum': '14082', 'name': 'Dorer, Kari L.'}","200","16","","","","","Intermed Norwegian I","","231","{'day': 'Mo', 'end': '13:50', 'location': 'TOH 112', 'start': '12:55'};{'day': 'We', 'end': '13:50', 'location': 'TOH 112', 'start': '12:55'};{'day': 'Fr', 'end': '13:50', 'location': 'TOH 112', 'start': '12:55'}","False","Norwegian 112 or equivalent. Offered annually in the fall semester.","C","1","C","20131","Intermediate Norwegian I","Research","2013"
"0000091851","1.0","0000000926","NORW","Students improve proficiency in listening, speaking, reading, and writing, with an emphasis on communication as well as improved grammatical accuracy. Reading and discussion of authentic literary and cultural texts allow students to expand their vocabulary and knowledge of the Norwegian way of life. Prerequisite: Norwegian 112 or equivalent. Offered annually in the fall semester.","18","0","5","12","1","FOL-N","O'Leary, Margaret H.","{'fsnum': '5815', 'name': ""O'Leary, Margaret H.""}","200","19","","","","","Intermed Norwegian I","","231","{'day': 'Mo', 'end': '14:55', 'location': 'TOH 316', 'start': '14:00'};{'day': 'We', 'end': '14:55', 'location': 'TOH 316', 'start': '14:00'};{'day': 'Fr', 'end': '14:55', 'location': 'TOH 316', 'start': '14:00'}","False","Norwegian 112 or equivalent. Offered annually in the fall semester.","D","1","O","20131","Intermediate Norwegian I","Research","2013"
"0000088229","1.0","0000000930","NORW","Students gain insight into Norwegian identity and culture, expand vocabulary, and improve fluency and grammatical accuracy by reading a variety of texts and writing essays. Speaking assignments help students understand readings and become more effective speakers. Prerequisite: Norwegian 232 or equivalent. Offered annually in the fall semester.","7","1","4","0","2","FOL-N;ORC","O'Leary, Margaret H.","{'fsnum': '5815', 'name': ""O'Leary, Margaret H.""}","200","19","","","","","Advanced Conv & Comp","","253","{'day': 'Mo', 'end': '13:50', 'location': 'TOH 316', 'start': '12:55'};{'day': 'We', 'end': '13:50', 'location': 'TOH 316', 'start': '12:55'};{'day': 'Fr', 'end': '13:50', 'location': 'TOH 316', 'start': '12:55'}","False","Norwegian 232 or equivalent. Offered annually in the fall semester.","","1","O","20131","Advanced Conversation and Composition","Research","2013"
"0000088177","1.0","0000000931","NORW","","0","0","0","0","0","","Staff","{'fsnum': '', 'name': 'Staff'}","200","","","","","","Academic Internship","","294","","True","","","1","C","20131","Internship","Research","2013"
"0000088847","1.0","0000000932","NORW","","0","0","0","0","0","","Staff","{'fsnum': '', 'name': 'Staff'}","200","","","","","","IS/","","298","","False","","","1","O","20131","Independent Study","Research","2013"
"0000092071","1.0","0000000932","NORW","","1","0","0","0","1","","Krouk, Dean","{'fsnum': '23546', 'name': 'Krouk, Dean'}","200","","","","","","IS/Autobio in Norw Lit","","298","","False","","A","1","O","20131","Independent Study","Research","2013"
"0000088980","1.0","0000000933","NORW","A study of Norwegian literature from the Saga period through Ibsen, this chronological overview examines literary developments in the context of historical, cultural, and linguistic change and relates Norwegian literature to international trends. Lectures, essays, and class discussion are in Norwegian. Prerequisite: Norwegian 253 or equivalent. Offered annually in the fall semester.","5","0","0","2","3","ALS-L;FOL-N;WRI","Krouk, Dean","{'fsnum': '23546', 'name': 'Krouk, Dean'}","300","15","","","","","Norsk Lit Til 1890","","371","{'day': 'Tu', 'end': '11:00', 'location': 'TOH 316', 'start': '09:35'};{'day': 'Th', 'end': '10:50', 'location': 'TOH 316', 'start': '09:30'}","False","Norwegian 253 or equivalent. Offered annually in the fall semester.","","1","O","20131","Norwegian Literature from the Saga Period to 1890","Research","2013"
"0000088178","1.0","0000000936","NORW","","0","0","0","0","0","","Staff","{'fsnum': '', 'name': 'Staff'}","300","","","","","","Academic Internship","","394","","True","","","1","C","20131","Internship","Research","2013"
"0000088782","1.0","0000000937","NORW","","0","0","0","0","0","","Staff","{'fsnum': '', 'name': 'Staff'}","300","","","","","","IR/","","398","","False","","","1","O","20131","Independent Research","Research","2013"
"0000088179","1.0","0000000942","NURS","Does not count toward the major. Students may choose a 1.00, .50, or .25-credit option","0","0","0","0","0","","Staff","{'fsnum': '', 'name': 'Staff'}","200","","","","","","Academic Internship","","294","","True","False","","1","C","20131","Internship","Research","2013"
"0000088848","1.0","0000000943","NURS","Does not count toward the major.","0","0","0","0","0","","Staff","{'fsnum': '', 'name': 'Staff'}","200","","","","","","IS/","","298","","False","False","","1","O","20131","Independent Study","Research","2013"
"0000088599","1.0","0000000944","NURS","This course focuses on critical issues in contemporary health care. Topics include principles of wellness, health promotion, sensory perception, interpersonal communication, cultural competency, and legal, political, and economic aspects of the health care system in the United States. Students have the opportunity to explore health care issues, such as genomics, bio-terrorism, and global health problems. Taken concurrently with Nursing 304, 306, and 308. Offered annually in the fall semester. Counts toward biomedical studies concentration.","18","0","15","0","3","HBS;WRI","Kuehn, Mary Beth;Beckmann, Nicole B.;Morisette, Sandra;Huehn, Susan","{'fsnum': '4577', 'name': 'Kuehn, Mary Beth'};{'fsnum': '23816', 'name': 'Beckmann, Nicole B.'};{'fsnum': '23811', 'name': 'Morisette, Sandra'};{'fsnum': '17526', 'name': 'Huehn, Susan'}","300","24","0","","","","Healthcare Issues","Open to Nursing majors only.","302","{'day': 'Mo', 'end': '15:20', 'location': 'HH 301', 'start': '14:00'};{'day': 'We', 'end': '15:20', 'location': 'HH 301', 'start': '14:00'}","False","False","","1","O","20131","Health Care Issues","Research","2013"
"0000088991","1.0","0000000945","NURS","This course explores the foundational and philosophical concepts of the discipline of nursing. Topics include the history and image of nursing, scope of practice and professional roles, ethics, research, and lifelong learning. Students develop the ability to assess an individual's state of health from a holistic perspective, using Neuman's Systems Model as a theoretical framework. Emphasis is on the use of critical thinking and evidence-based practice. Taken concurrently with Nursing 302, 306, 308. Offered annually in the fall semester.","18","0","15","0","3","","Neal, Diana;Beckmann, Nicole B.","{'fsnum': '5499', 'name': 'Neal, Diana'};{'fsnum': '23816', 'name': 'Beckmann, Nicole B.'}","300","24","0","","","","Nursing Concepts","Open to Nursing majors only.","304","{'day': 'Th', 'end': '10:50', 'location': 'HH 301', 'start': '08:00'}","False","False","","1","O","20131","","Research","2013"
"0000088597","1.0","0000000946","NURS","Classroom and laboratory experiences in nursing and health assessment skills develop the student's ability to provide nursing care. Opportunities are provided to apply knowledge from the liberal arts and nursing theory to simulated patient care situations. Individual practice sessions in the nursing laboratory are expected. Performance testing determines readiness for the role of caregiver in a variety of clinical settings. Taken concurrently with Nursing 302, 304, 308. Offered annually in the fall semester.","18","0","15","0","3","","Morisette, Sandra","{'fsnum': '23811', 'name': 'Morisette, Sandra'}","300","24","0","","","","Health Assessment","Students in Nursing 306 must also register for lab Nursing 306L.                ;Open to Nursing majors only.","306","{'day': 'Mo', 'end': '08:55', 'location': 'HH 301', 'start': '08:00'};{'day': 'Mo', 'end': '10:00', 'location': 'HH 301', 'start': '09:05'};{'day': 'Mo', 'end': '11:40', 'location': 'HH 301', 'start': '10:45'}","False","False","","1","O","20131","","Research","2013"
"0000088598","","0000016243","NURS","","18","0","15","0","3","","Morisette, Sandra","{'fsnum': '23811', 'name': 'Morisette, Sandra'}","300","24","0","","","","Health Assessment Lab","Nursing 306L Health Assessment Lab will meet T-W 8:00 a.m.-3:00 p.m. in HH 215. ;Open to Nursing majors only.","306","","False","","","1","O","20131","","Lab","2013"
"0000088220","1.0","0000000947","NURS","This course focuses on principles of pharmacology and care of the hospitalized adult including communication skills. Topics include pain management, sleep and rest, diabetes, antiinfectives, and perioperative care. Students apply the nursing process to the care of adults, with emphasis on the elderly. Using a holistic perspective, students collect and analyze information related to a individual's health status. Students begin to develop the professional role of caregiver and patient advocate. Clinical experiences are provided in a variety of settings serving adult and elderly populations, as well as in simulation. Taken concurrently with Nursing 302, 304, 306. Offered annually in the fall semester.","18","0","15","0","3","ORC","Beckmann, Nicole B.;Morisette, Sandra","{'fsnum': '23816', 'name': 'Beckmann, Nicole B.'};{'fsnum': '23811', 'name': 'Morisette, Sandra'}","300","24","0","","","","Adult Health I","Nursing 308 Adult Health I will also meet T-W 7:00 a.m.-3:00 p.m. in HH 215.    ;Open to Nursing majors only.","308","{'day': 'Fr', 'end': '08:55', 'location': 'HH 301', 'start': '08:00'};{'day': 'Fr', 'end': '10:00', 'location': 'HH 301', 'start': '09:05'};{'day': 'Fr', 'end': '11:40', 'location': 'HH 301', 'start': '10:45'}","False","False","","1","O","20131","","Research","2013"
"0000089010","1.0","0000000958","NURS","This course explores the childbearing process in healthy and high-risk families. Clinical experiences are provided with families during pregnancy, labor and delivery, and following birth. Clinical settings include hospital birth centers, clinics, simulation, and home care agencies. Students develop the role of educator by working with parents to integrate and care for a new member of the family system. Prerequisite: Nursing 336. Offered annually in the fall semester. Counts toward women's and gender studies major and concentration.","23","0","0","0","23","","Huehn, Susan","{'fsnum': '17526', 'name': 'Huehn, Susan'}","300","24","0","","","","Perinatal Health","Nursing 386 Perinatal Health will also meet TTh 700 a.m.-3:30 p.m. in HH 301.   ;Open to Nursing majors only.","386","{'day': 'Mo', 'end': '12:45', 'location': 'HH 301', 'start': '23:50'};{'day': 'We', 'end': '12:45', 'location': 'HH 301', 'start': '23:50'};{'day': 'Fr', 'end': '12:45', 'location': 'HH 301', 'start': '23:50'}","False","Nursing 336. Offered annually in the fall semester. Counts toward women's and gender studies major and concentration.","","1","O","20131","","Research","2013"
"0000088433","1.0","0000000959","NURS","This course emphasizes the health of communities and populations. Topics include population-based health issues such as environmental health, epidemiology and communicable diseases. Students assess and screen individuals and families within communities, address identified needs and educate populations across the lifespan, collaborate with other health care professionals, make referrals, and participate in health promotion clinics. Clinical experiences occur in rural public health agencies, community-based programs, and simulation. Prerequisite: Nursing 336. Offered annually in the fall semester.","23","0","0","0","23","","Kuehn, Mary Beth","{'fsnum': '4577', 'name': 'Kuehn, Mary Beth'}","300","24","0","","","","Community Health","Nursing 388 Community Health will also meet TTh 700 a.m.-3:30 p.m. in HH 301.   ;Open to Nursing majors only.","388","{'day': 'Mo', 'end': '13:50', 'location': 'HH 301', 'start': '12:55'};{'day': 'We', 'end': '13:50', 'location': 'HH 301', 'start': '12:55'};{'day': 'Fr', 'end': '13:50', 'location': 'HH 301', 'start': '12:55'}","False","Nursing 336. Offered annually in the fall semester.","","1","O","20131","","Research","2013"
"0000088180","1.0","0000000961","NURS","Does not count toward the major. Students may choose a 1.00-, .50-, or .25-credit option.","0","0","0","0","0","","Staff","{'fsnum': '', 'name': 'Staff'}","300","","","","","","Academic Internship","","394","","True","False","","1","C","20131","Internship","Research","2013"
"0000088216","0.5","0000000961","NURS","Does not count toward the major. Students may choose a 1.00-, .50-, or .25-credit option.","0","0","0","0","0","","Staff","{'fsnum': '', 'name': 'Staff'}","300","","","","","","Academic Internship","","394","","True","False","A","1","C","20131","Internship","Research","2013"
"0000093657","0.25","0000000961","NURS","Does not count toward the major. Students may choose a 1.00-, .50-, or .25-credit option.","1","0","0","0","1","","Neal, Diana","{'fsnum': '5499', 'name': 'Neal, Diana'}","300","","","","","","Academic Internship","","394","","True","False","B","1","O","20131","Internship","Research","2013"
"0000088757","1.0","0000000963","NURS","Does not count toward the major.","0","0","0","0","0","","Staff","{'fsnum': '', 'name': 'Staff'}","300","","","","","","IR/","","398","","False","False","","1","O","20131","Independent Research","Research","2013"
"0000088943","1.0","0000000964","PHIL","This course examines historically significant conceptions of reality and knowledge focusing on philosophy's contributions to Western culture. Major philosophers from ancient, medieval, and modern Western philosophy are introduced and assessed for their contributions to our understanding of the universe, human nature, and values. Some sections offer a survey of Western philosophy; others stress intensive study of central figures and works. Consult departmental prospectus for details. Open to first-year students and sophomores only. Offered each semester.","18","10","0","8","0","HWC","Cunningham, Arthur","{'fsnum': '20236', 'name': 'Cunningham, Arthur'}","100","18","","0","9","0","Making of Modern Mind","Open to rising sophomores and first-year students only.                         ;This course has class-year limits.","118","{'day': 'Tu', 'end': '14:45', 'location': 'HH 516', 'start': '13:20'};{'day': 'Th', 'end': '15:35', 'location': 'HH 516', 'start': '14:15'}","False","False","A","1","C","20131","The Making of the Modern Mind","Research","2013"
"0000088942","1.0","0000000964","PHIL","This course examines historically significant conceptions of reality and knowledge focusing on philosophy's contributions to Western culture. Major philosophers from ancient, medieval, and modern Western philosophy are introduced and assessed for their contributions to our understanding of the universe, human nature, and values. Some sections offer a survey of Western philosophy; others stress intensive study of central figures and works. Consult departmental prospectus for details. Open to first-year students and sophomores only. Offered each semester.","19","10","0","8","1","HWC","Cunningham, Arthur","{'fsnum': '20236', 'name': 'Cunningham, Arthur'}","100","18","","0","9","0","Making of Modern Mind","Open to rising sophomores and first-year students only.                         ;This course has class-year limits.","118","{'day': 'Tu', 'end': '13:10', 'location': 'HH 516', 'start': '23:45'};{'day': 'Th', 'end': '14:05', 'location': 'HH 516', 'start': '12:45'}","False","False","B","1","C","20131","The Making of the Modern Mind","Research","2013"
"0000091136","1.0","0000000964","PHIL","This course examines historically significant conceptions of reality and knowledge focusing on philosophy's contributions to Western culture. Major philosophers from ancient, medieval, and modern Western philosophy are introduced and assessed for their contributions to our understanding of the universe, human nature, and values. Some sections offer a survey of Western philosophy; others stress intensive study of central figures and works. Consult departmental prospectus for details. Open to first-year students and sophomores only. Offered each semester.","17","7","0","9","1","HWC","Marsh, Jason","{'fsnum': '23586', 'name': 'Marsh, Jason'}","100","18","","0","9","0","Making of Modern Mind","Open to rising sophomores and first-year students only.                         ;This course has class-year limits.","118","{'day': 'Mo', 'end': '12:45', 'location': 'HH 516', 'start': '23:50'};{'day': 'We', 'end': '12:45', 'location': 'HH 516', 'start': '23:50'};{'day': 'Fr', 'end': '12:45', 'location': 'HH 516', 'start': '23:50'}","False","False","C","1","C","20131","The Making of the Modern Mind","Research","2013"
"0000088963","1.0","0000000965","PHIL","This seminar provides an introduction to philosophy that compares psychological and philosophical approaches to moral behavior and character. The course examines the nature of those states of mind that are thought to constitute moral (or evil) character and produce moral (or evil) actions, relationships, and societies. States considered may include humility, self-respect, beneficence, compassion, caring, anger, forgiveness, courage, and truthfulness. Open to first-year students and sophomores only. Offered annually.","15","6","1","8","0","HBS","Grenberg, Jeanine","{'fsnum': '2752', 'name': 'Grenberg, Jeanine'}","100","18","","0","9","0","Moral Psychology","Open to rising sophomores and first-year students only.                         ;This course has class-year limits.","119","{'day': 'Mo', 'end': '10:00', 'location': 'HH 319', 'start': '09:05'};{'day': 'We', 'end': '10:00', 'location': 'HH 319', 'start': '09:05'};{'day': 'Fr', 'end': '10:00', 'location': 'HH 319', 'start': '09:05'}","False","False","","1","C","20131","","Research","2013"
"0000091137","1.0","0000000968","PHIL","Is there anything about the human mind that cannot in principle be understood scientifically? Are we just complex physical machines? This course looks at recent attempts to answer such questions. Students examine the philosophical foundations of various approaches to the study of the mind and consider the possible moral and social implications of these approaches with respect to questions of free will, personal identity, and our responsibility for our actions. Offered annually. Counts toward neuroscience concentration.","18","0","6","3","9","HBS;WRI","Rudd, Anthony J.","{'fsnum': '14139', 'name': 'Rudd, Anthony J.'}","200","18","","","","","Philosophy of Mind","","231","{'day': 'Mo', 'end': '13:50', 'location': 'HH 516', 'start': '12:55'};{'day': 'We', 'end': '13:50', 'location': 'HH 516', 'start': '12:55'};{'day': 'Fr', 'end': '13:50', 'location': 'HH 516', 'start': '12:55'}","False","False","","1","C","20131","","Research","2013"
"0000088257","1.0","0000000970","PHIL","This course surveys the origins and development of ancient Greek philosophy from the Presocratics in the 6th century BCE through Plato and Aristotle in the 4th century BCE. Students read and analyze primary texts in translation in order to examine the historical foundations of philosophical issues in cosmogony, natural philosophy, metaphysics, epistemology, logic, psychology, and ethics. As time permits, the course may include writings from one or more of the Hellenistic schools of Epicureans, Stoics, and Skeptics.","19","0","11","5","3","HWC;WRI","Muñoz-Hutchinson, Danny","{'fsnum': '21884', 'name': 'Muñoz-Hutchinson, Danny'}","200","18","","","","","Ancient Western","","235","{'day': 'Mo', 'end': '14:55', 'location': 'HH 516', 'start': '14:00'};{'day': 'We', 'end': '14:55', 'location': 'HH 516', 'start': '14:00'};{'day': 'Fr', 'end': '14:55', 'location': 'HH 516', 'start': '14:00'}","False","False","","1","C","20131","Ancient Western Philosophy","Research","2013"
"0000089012","1.0","0000000973","PHIL","This course is a philosophical inquiry into the core commitments of Christian theism in the context of other world religions and naturalism. Central themes include beliefs about the existence and nature of God, the doctrines of the trinity and incarnation, redemption and ritual, human free will and responsibility, revelation and reason, religious experience, the problem of evil, different views of life after death, miracles and historical inquiry, and religious pluralism. Prerequisite: BTS-B. Offered annually.","57","0","33","18","6","BTS-T;WRI","Taliaferro, Charles","{'fsnum': '8230', 'name': 'Taliaferro, Charles'}","200","35","","","","","Philosophical Theology","","241","{'day': 'Tu', 'end': '11:00', 'location': 'RML 525', 'start': '09:35'};{'day': 'Th', 'end': '10:50', 'location': 'RML 525', 'start': '09:30'}","False","BTS-B. Offered annually.","A","1","C","20131","","Research","2013"
"0000089013","1.0","0000000973","PHIL","This course is a philosophical inquiry into the core commitments of Christian theism in the context of other world religions and naturalism. Central themes include beliefs about the existence and nature of God, the doctrines of the trinity and incarnation, redemption and ritual, human free will and responsibility, revelation and reason, religious experience, the problem of evil, different views of life after death, miracles and historical inquiry, and religious pluralism. Prerequisite: BTS-B. Offered annually.","49","0","25","13","11","BTS-T;WRI","Taliaferro, Charles","{'fsnum': '8230', 'name': 'Taliaferro, Charles'}","200","35","","","","","Philosophical Theology","","241","{'day': 'Tu', 'end': '13:10', 'location': 'RML 525', 'start': '23:45'};{'day': 'Th', 'end': '14:05', 'location': 'RML 525', 'start': '12:45'}","False","BTS-B. Offered annually.","B","1","C","20131","","Research","2013"
"0000088233","1.0","0000000974","PHIL","A philosophical inquiry into beauty and art. Students investigate the relationship between beauty, goodness, and truth, and examine different accounts of art, its value, meaning, and the standards by which it should be judged. Themes include the nature of creativity, censorship, and the significance -- cultural, moral, and religious -- of art. Offered annually.","43","0","14","12","17","ALS-A;WRI","Taliaferro, Charles","{'fsnum': '8230', 'name': 'Taliaferro, Charles'}","200","35","","","","","Aesthetics","","243","{'day': 'Tu', 'end': '14:45', 'location': 'RML 525', 'start': '13:20'};{'day': 'Th', 'end': '15:35', 'location': 'RML 525', 'start': '14:15'}","False","False","","1","C","20131","","Research","2013"
"0000088352","1.0","0000000977","PHIL","This course clarifies central concepts and distinctions developed in the literature of moral philosophy and applications of those concepts and distinctions to concrete moral problems that arise in the practice of medicine. Issues may include euthanasia, abortion, medical paternalism, allocation of scarce medical resources, culturally sensitive medical care, pandemics, and conflicts of loyalty in managed care. Readings are drawn from both philosophical and medical discussions. Prerequisite: completion of BTS-T or permission of instructor. Offered annually. Counts toward biomedical studies and neuroscience concentrations.","31","0","4","0","27","EIN","Marsh, Jason","{'fsnum': '23586', 'name': 'Marsh, Jason'}","200","25","0","","0","","Biomedical Ethics","Prerequisite: Completion of BTS-T or permission of instructor.                  ;Open only to rising Seniors and Juniors during web registration.","250","{'day': 'Mo', 'end': '10:00', 'location': 'HH 403', 'start': '09:05'};{'day': 'We', 'end': '10:00', 'location': 'HH 403', 'start': '09:05'};{'day': 'Fr', 'end': '10:00', 'location': 'HH 403', 'start': '09:05'}","False","completion of BTS-T or permission of instructor. Offered annually. Counts toward biomedical studies and neuroscience concentrations.","A","1","C","20131","","Research","2013"
"0000088353","1.0","0000000977","PHIL","This course clarifies central concepts and distinctions developed in the literature of moral philosophy and applications of those concepts and distinctions to concrete moral problems that arise in the practice of medicine. Issues may include euthanasia, abortion, medical paternalism, allocation of scarce medical resources, culturally sensitive medical care, pandemics, and conflicts of loyalty in managed care. Readings are drawn from both philosophical and medical discussions. Prerequisite: completion of BTS-T or permission of instructor. Offered annually. Counts toward biomedical studies and neuroscience concentrations.","25","0","7","0","18","EIN","Marsh, Jason","{'fsnum': '23586', 'name': 'Marsh, Jason'}","200","25","0","","0","","Biomedical Ethics","Prerequisite: Completion of BTS-T or permission of instructor.                  ;Open only to rising Seniors and Juniors during web registration.","250","{'day': 'Mo', 'end': '13:50', 'location': 'OM 10', 'start': '12:55'};{'day': 'We', 'end': '13:50', 'location': 'OM 10', 'start': '12:55'};{'day': 'Fr', 'end': '13:50', 'location': 'OM 10', 'start': '12:55'}","False","completion of BTS-T or permission of instructor. Offered annually. Counts toward biomedical studies and neuroscience concentrations.","B","1","C","20131","","Research","2013"
"0000088487","1.0","0000000979","PHIL","This course examines the main Western ethical theories and their application to contemporary moral concerns. Theoretical issues may include rights, duties, virtue, hedonism, egoism, the relation between ethics and theology, the fact-value distinction, relativism, and pluralism. Students discuss current topics such as global economic justice, euthanasia, the death penalty, animal rights, censorship, racism, privacy rights versus public safety, reproductive ethics, and environmental ethics. Prerequisite: completion of BTS-T or permission of instructor. Offered annually. Counts toward biomedical studies concentration.","19","0","9","0","10","EIN","Rudd, Anthony J.","{'fsnum': '14139', 'name': 'Rudd, Anthony J.'}","200","25","0","","0","","Ethics/The Good Life","Prerequisite:  Completion of BTS-T or permission of instructor.                 ;Open only to rising Seniors and Juniors during web registration.","252","{'day': 'Mo', 'end': '11:40', 'location': 'OM 210', 'start': '10:45'};{'day': 'We', 'end': '11:40', 'location': 'OM 210', 'start': '10:45'};{'day': 'Fr', 'end': '11:40', 'location': 'OM 210', 'start': '10:45'}","False","completion of BTS-T or permission of instructor. Offered annually. Counts toward biomedical studies concentration.","A","1","O","20131","Ethics and the Good Life","Research","2013"
"0000088488","1.0","0000000979","PHIL","This course examines the main Western ethical theories and their application to contemporary moral concerns. Theoretical issues may include rights, duties, virtue, hedonism, egoism, the relation between ethics and theology, the fact-value distinction, relativism, and pluralism. Students discuss current topics such as global economic justice, euthanasia, the death penalty, animal rights, censorship, racism, privacy rights versus public safety, reproductive ethics, and environmental ethics. Prerequisite: completion of BTS-T or permission of instructor. Offered annually. Counts toward biomedical studies concentration.","7","0","2","0","5","EIN","Rudd, Anthony J.","{'fsnum': '14139', 'name': 'Rudd, Anthony J.'}","200","25","0","","0","","Ethics/The Good Life","Prerequisite:  Completion of BTS-T or permission of instructor.                 ;Open only to rising Seniors and Juniors during web registration.","252","{'day': 'Mo', 'end': '14:55', 'location': 'HH 317', 'start': '14:00'};{'day': 'We', 'end': '14:55', 'location': 'HH 317', 'start': '14:00'};{'day': 'Fr', 'end': '14:55', 'location': 'HH 317', 'start': '14:00'}","False","completion of BTS-T or permission of instructor. Offered annually. Counts toward biomedical studies concentration.","B","1","O","20131","Ethics and the Good Life","Research","2013"
"0000088927","1.0","0000000980","PHIL","This course considers the relationships between moral principles, law, and the practice of governments. Topics may include the ""Just War"" debate, censorship, property rights and distributive justice, natural law, political liberalism and its critics, whether governments should act in accordance with specific moral principles or remain neutral, the tensions between individual rights and the good of the community, and the role of religion in public life. Prerequisite: completion of BTS-T or permission of instructor. Offered most years.","17","0","2","1","14","EIN","Fuerstein, Michael","{'fsnum': '21885', 'name': 'Fuerstein, Michael'}","200","25","0","","0","","Law/Politics/Morality","Prerequisite: Completion of BTS-T or permission of instructor.                  ;Open only to rising Seniors and Juniors during web registration.","254","{'day': 'Tu', 'end': '09:25', 'location': 'OM 340', 'start': '08:00'};{'day': 'Th', 'end': '09:20', 'location': 'OM 340', 'start': '08:00'}","False","completion of BTS-T or permission of instructor. Offered most years.","A","1","O","20131","Law, Politics, and Morality","Research","2013"
"0000088928","1.0","0000000980","PHIL","This course considers the relationships between moral principles, law, and the practice of governments. Topics may include the ""Just War"" debate, censorship, property rights and distributive justice, natural law, political liberalism and its critics, whether governments should act in accordance with specific moral principles or remain neutral, the tensions between individual rights and the good of the community, and the role of religion in public life. Prerequisite: completion of BTS-T or permission of instructor. Offered most years.","15","0","5","0","10","EIN","Fuerstein, Michael","{'fsnum': '21885', 'name': 'Fuerstein, Michael'}","200","25","0","","0","","Law/Politics/Morality","Prerequisite: Completion of BTS-T or permission of instructor.                  ;Open only to rising Seniors and Juniors during web registration.","254","{'day': 'Tu', 'end': '14:45', 'location': 'HH 403', 'start': '13:20'};{'day': 'Th', 'end': '15:35', 'location': 'HH 403', 'start': '14:15'}","False","completion of BTS-T or permission of instructor. Offered most years.","B","1","O","20131","Law, Politics, and Morality","Research","2013"
"0000091138","1.0","0000018522","PHIL","An advanced introduction to moral philosophy emphasizing normative theories, the foundations of morality (metaethics), and moral reasoning. Normative theories (e.g. virtue ethics, deontological ethics, theological ethics, and utilitarianism) explore the nature of the good and the difference between right and wrong. Metaethics concerns the origins and objectivity of moral judgments, studying moral relativism, moral subjectivism, divine command theory, and ideal observer theories. Students explore moral reasoning in theory and practice using contemporary moral issues as examples. Prerequisites: one course in philosophy and completion of BTS-T or permission of instructor. Offered most years.","16","0","3","0","13","EIN;WRI","Fuerstein, Michael","{'fsnum': '21885', 'name': 'Fuerstein, Michael'}","200","18","0","","0","","Moral Theory","Prerequisite: one course in Philosophy and completion of BTS-T or permission of ;of the instructor.                                                              ;Open only to rising Seniors and Juniors during web registration.","278","{'day': 'Tu', 'end': '11:00', 'location': 'HH 516', 'start': '09:35'};{'day': 'Th', 'end': '10:50', 'location': 'HH 516', 'start': '09:30'}","False","Prerequisites: one course in philosophy and completion of BTS-T or permission of instructor. Offered most years.","","1","C","20131","","Research","2013"
"0000088181","1.0","0000000985","PHIL","","0","0","0","0","0","","Staff","{'fsnum': '', 'name': 'Staff'}","200","","","","","","Academic Internship","","294","","True","","","1","C","20131","","Research","2013"
"0000088885","1.0","0000000986","PHIL","","0","0","0","0","0","","Staff","{'fsnum': '', 'name': 'Staff'}","200","","","","","","IS/","","298","","False","","","1","O","20131","Independent Study","Research","2013"
"0000093290","1.0","0000000986","PHIL","","1","0","0","0","1","","Cunningham, Arthur","{'fsnum': '20236', 'name': 'Cunningham, Arthur'}","200","","","","","","IS/Phil of Emergence","","298","","False","","A","1","O","20131","Independent Study","Research","2013"
"0000088182","1.0","0000000992","PHIL","","0","0","0","0","0","","Staff","{'fsnum': '', 'name': 'Staff'}","300","","","","","","Academic Internship","","394","","True","","","1","C","20131","","Research","2013"
"0000088790","1.0","0000000993","PHIL","Prerequisite: one level III course in philosophy.","0","0","0","0","0","","Staff","{'fsnum': '', 'name': 'Staff'}","300","","","","","","IR/","","398","","False","one level III course in philosophy.","","1","O","20131","Independent Research","Research","2013"
"0000092165","1.0","0000000993","PHIL","Prerequisite: one level III course in philosophy.","1","0","0","0","1","","Rudd, Anthony J.","{'fsnum': '14139', 'name': 'Rudd, Anthony J.'}","300","","","","","","IR/Phenomenology","","398","","False","one level III course in philosophy.","A","1","O","20131","Independent Research","Research","2013"
"0000093559","1.0","0000000993","PHIL","Prerequisite: one level III course in philosophy.","1","0","0","0","1","","Taliaferro, Charles","{'fsnum': '8230', 'name': 'Taliaferro, Charles'}","300","","","","","","IR/Kierkegaard/Naturalism","","398","","False","one level III course in philosophy.","B","1","O","20131","Independent Research","Research","2013"
"0000091139","1.0","0000000994","PHIL","Intended as a capstone course for the major, the seminar studies a selected topic, figure, or movement in philosophy, with emphasis on independent research and student presentations. Consult department's prospectus for details. May be repeated if topics are different. Prerequisite: upper-level philosophy major or consent of instructor. Offered annually.","9","0","4","0","5","WRI","Grenberg, Jeanine","{'fsnum': '2752', 'name': 'Grenberg, Jeanine'}","300","15","0","","0","","Sem: Kant's Eth, Rel, Pol","Prerequisite: Two courses in Philosophy, one of which must be                   ;Phil 235 or Phil 236. Open to rising Seniors and Juniors only.","399","{'day': 'Mo', 'end': '11:40', 'location': 'HH 516', 'start': '10:45'};{'day': 'We', 'end': '11:40', 'location': 'HH 516', 'start': '10:45'};{'day': 'Fr', 'end': '11:40', 'location': 'HH 516', 'start': '10:45'}","False","upper-level philosophy major or consent of instructor. Offered annually.","","1","C","20131","Senior Seminar","Seminar","2013"
"0000089068","1.0","0000001072","PHYS","This two-semester in-depth course addresses topics in classical and modern physics using algebra, geometry, and some calculus. The course is well suited for students of biology or chemistry or for those desiring a thorough introduction beyond the high school level. Physics 124 takes up the Newtonian mechanics of point particles (motion, mass, force, torque, energy, momentum, and gravitation), Einstein's reexamination of space time (relativity), and nuclear physics. One laboratory per week. Prerequisite: Mathematics 120 or equivalent. Offered annually in the fall semester.","66","0","47","6","13","NSC;NSL;SED","Demas, Jay","{'fsnum': '21211', 'name': 'Demas, Jay'}","100","72","0","","","","Principles Physics I","Students in Physics 124A must also register for one lab Physics 124AL, BL,      ;CL, DL, EL, or FL.","124","{'day': 'Mo', 'end': '08:55', 'location': 'RNS 210', 'start': '08:00'};{'day': 'We', 'end': '08:55', 'location': 'RNS 210', 'start': '08:00'};{'day': 'Fr', 'end': '08:55', 'location': 'RNS 210', 'start': '08:00'}","False","Mathematics 120 or equivalent. Offered annually in the fall semester.","A","1","C","20131","Principles of Physics I","Research","2013"
"0000089069","1.0","0000001072","PHYS","This two-semester in-depth course addresses topics in classical and modern physics using algebra, geometry, and some calculus. The course is well suited for students of biology or chemistry or for those desiring a thorough introduction beyond the high school level. Physics 124 takes up the Newtonian mechanics of point particles (motion, mass, force, torque, energy, momentum, and gravitation), Einstein's reexamination of space time (relativity), and nuclear physics. One laboratory per week. Prerequisite: Mathematics 120 or equivalent. Offered annually in the fall semester.","66","1","47","5","13","NSC;NSL;SED","Larsen, Amy","{'fsnum': '4619', 'name': 'Larsen, Amy'}","100","72","0","","","","Principles Physics I","Students in Physics 124B must also register for one lab Physics 124AL, BL,      ;CL, DL, EL, or FL.","124","{'day': 'Mo', 'end': '12:45', 'location': 'RNS 210', 'start': '23:50'};{'day': 'We', 'end': '12:45', 'location': 'RNS 210', 'start': '23:50'};{'day': 'Fr', 'end': '12:45', 'location': 'RNS 210', 'start': '23:50'}","False","Mathematics 120 or equivalent. Offered annually in the fall semester.","B","1","O","20131","Principles of Physics I","Research","2013"
"0000089050","","0000001073","PHYS","","19","0","15","1","3","","Dahl, David A.","{'fsnum': '1345', 'name': 'Dahl, David A.'}","100","24","0","","","","Prin Physics I/Lab","","124","{'day': 'Mo', 'end': '15:25', 'location': 'RNS 292', 'start': '12:55'}","False","","A","1","C","20131","","Lab","2013"
"0000089051","","0000001073","PHYS","","21","0","12","2","7","","Demas, Jay","{'fsnum': '21211', 'name': 'Demas, Jay'}","100","24","0","","","","Prin Physics I/Lab","","124","{'day': 'Tu', 'end': '14:15', 'location': 'RNS 292', 'start': '23:45'}","False","","B","1","C","20131","","Lab","2013"
"0000089052","","0000001073","PHYS","","24","0","18","2","4","","Nitz, David","{'fsnum': '5620', 'name': 'Nitz, David'}","100","24","0","","","","Prin Physics I/Lab","","124","{'day': 'Tu', 'end': '16:55', 'location': 'RNS 292', 'start': '14:25'}","False","","C","1","C","20131","","Lab","2013"
"0000089053","","0000001073","PHYS","","22","0","13","2","7","","Demas, Jay","{'fsnum': '21211', 'name': 'Demas, Jay'}","100","24","0","","","","Prin Physics I/Lab","","124","{'day': 'Th', 'end': '10:50', 'location': 'RNS 292', 'start': '08:20'}","False","","D","1","C","20131","","Lab","2013"
"0000089054","","0000001073","PHYS","","23","0","17","2","4","","Dahl, David A.","{'fsnum': '1345', 'name': 'Dahl, David A.'}","100","24","0","","","","Prin Physics I/Lab","","124","{'day': 'Th', 'end': '16:45', 'location': 'RNS 292', 'start': '14:15'}","False","","E","1","C","20131","","Lab","2013"
"0000089055","","0000001073","PHYS","","23","1","19","2","1","","Larsen, Amy","{'fsnum': '4619', 'name': 'Larsen, Amy'}","100","24","0","","","","Prin Physics I/Lab","","124","{'day': 'Fr', 'end': '15:25', 'location': 'RNS 292', 'start': '12:55'}","False","","F","1","O","20131","","Lab","2013"
"0000088243","1.0","0000001076","PHYS","This three-semester calculus-based sequence leads the student through the basic principles that account for the processes involved in baseballs, car engines, electrical power distribution systems, stereos, and black holes. It is the starting point for a major in physics and is also appropriate for majors in fields such as chemistry or mathematics who desire more mathematical depth than would be used in the two-semester 124-125 sequence.;Physics 130 is a study of Newtonian mechanics --- motion, forces, energy, gravity, and rotation. There is one 2.5 -hour laboratory meeting per week. Prerequisite: concurrent registration in (or previous completion of) Mathematics 120 or equivalent. Offered annually in the fall semester.","22","16","1","5","0","IST;NSC;NSL;SED","Engbrecht, Jason J.","{'fsnum': '14912', 'name': 'Engbrecht, Jason J.'}","100","31","","","","","Analytical I","Students in Physics 130 must also register for one lab Physics 130 AL, BL, or   ;CL.","130","{'day': 'Mo', 'end': '10:00', 'location': 'RNS 210', 'start': '09:05'};{'day': 'We', 'end': '10:00', 'location': 'RNS 210', 'start': '09:05'};{'day': 'Fr', 'end': '10:00', 'location': 'RNS 210', 'start': '09:05'};{'day': 'Tu', 'end': '09:25', 'location': 'RNS 210', 'start': '08:30'};{'day': 'Th', 'end': '09:20', 'location': 'RNS 210', 'start': '08:25'}","False","concurrent registration in (or previous completion of) Mathematics 120 or equivalent. Offered annually in the fall semester.","A","1","O","20131","Analytical Physics I","Research","2013"
"0000088244","1.0","0000001076","PHYS","This three-semester calculus-based sequence leads the student through the basic principles that account for the processes involved in baseballs, car engines, electrical power distribution systems, stereos, and black holes. It is the starting point for a major in physics and is also appropriate for majors in fields such as chemistry or mathematics who desire more mathematical depth than would be used in the two-semester 124-125 sequence.;Physics 130 is a study of Newtonian mechanics --- motion, forces, energy, gravity, and rotation. There is one 2.5 -hour laboratory meeting per week. Prerequisite: concurrent registration in (or previous completion of) Mathematics 120 or equivalent. Offered annually in the fall semester.","16","13","1","1","1","IST;NSC;NSL;SED","Kolan, Amy","{'fsnum': '4480', 'name': 'Kolan, Amy'}","100","31","","","","","Analytical I","Students in Physics 130 must also register for on lab Physics 130 AL, BL, or    ;CL.","130","{'day': 'Mo', 'end': '11:40', 'location': 'RNS 210', 'start': '10:45'};{'day': 'We', 'end': '11:40', 'location': 'RNS 210', 'start': '10:45'};{'day': 'Fr', 'end': '11:40', 'location': 'RNS 210', 'start': '10:45'};{'day': 'Tu', 'end': '11:00', 'location': 'RNS 210', 'start': '10:05'};{'day': 'Th', 'end': '10:50', 'location': 'RNS 210', 'start': '09:55'}","False","concurrent registration in (or previous completion of) Mathematics 120 or equivalent. Offered annually in the fall semester.","B","1","O","20131","Analytical Physics I","Research","2013"
"0000088245","","0000001077","PHYS","","8","4","2","2","0","","Engbrecht, Jason J.","{'fsnum': '14912', 'name': 'Engbrecht, Jason J.'}","100","22","","","","","Analytical I Lab","","130","{'day': 'Mo', 'end': '15:25', 'location': 'RNS 293', 'start': '12:55'}","False","","A","1","O","20131","","Lab","2013"
"0000088246","","0000001077","PHYS","","15","12","0","3","0","","Kolan, Amy","{'fsnum': '4480', 'name': 'Kolan, Amy'}","100","13","","","","","Analytical I Lab","","130","{'day': 'Tu', 'end': '14:15', 'location': 'RNS 293', 'start': '23:45'}","False","","B","1","C","20131","","Lab","2013"
"0000088247","","0000001077","PHYS","","16","14","0","1","1","","Kolan, Amy","{'fsnum': '4480', 'name': 'Kolan, Amy'}","100","22","","","","","Analytical I Lab","","130","{'day': 'Tu', 'end': '16:55', 'location': 'RNS 293', 'start': '14:25'}","False","","C","1","C","20131","","Lab","2013"
"0000088249","1.0","0000001078","PHYS","Physics 232, the third course in the three-semester calculus-based sequence, explores special relativity, waves and oscillations, and the quantum mechanics of light and matter. There is one 2.5 hour laboratory meeting per week. Prerequisites: Physics 131 or permission of instructor, and concurrent registration in (or previous completion of) Mathematics 220. Offered annually in the fall semester.","22","1","2","18","1","IST;NSC;NSL;SED","Borovsky, Brian","{'fsnum': '716', 'name': 'Borovsky, Brian'}","200","24","","","","","Analytical III","Students in Physics 232 must also register for lab 232 AL or BL.","232","{'day': 'Mo', 'end': '10:00', 'location': 'RNS 208', 'start': '09:05'};{'day': 'We', 'end': '10:00', 'location': 'RNS 208', 'start': '09:05'};{'day': 'Fr', 'end': '10:00', 'location': 'RNS 208', 'start': '09:05'}","False","Prerequisites: Physics 131 or permission of instructor, and concurrent registration in (or previous completion of) Mathematics 220. Offered annually in the fall semester.","A","1","O","20131","Analytical Physics II","Research","2013"
"0000091243","1.0","0000001078","PHYS","Physics 232, the third course in the three-semester calculus-based sequence, explores special relativity, waves and oscillations, and the quantum mechanics of light and matter. There is one 2.5 hour laboratory meeting per week. Prerequisites: Physics 131 or permission of instructor, and concurrent registration in (or previous completion of) Mathematics 220. Offered annually in the fall semester.","25","0","1","23","1","IST;NSC;NSL;SED","Borovsky, Brian","{'fsnum': '716', 'name': 'Borovsky, Brian'}","200","24","","","","","Analytical III","","232","{'day': 'Mo', 'end': '11:40', 'location': 'RNS 208', 'start': '10:45'};{'day': 'We', 'end': '11:40', 'location': 'RNS 208', 'start': '10:45'};{'day': 'Fr', 'end': '11:40', 'location': 'RNS 208', 'start': '10:45'}","False","Prerequisites: Physics 131 or permission of instructor, and concurrent registration in (or previous completion of) Mathematics 220. Offered annually in the fall semester.","B","1","C","20131","Analytical Physics II","Research","2013"
"0000088250","","0000001079","PHYS","","28","1","1","25","1","","Borovsky, Brian","{'fsnum': '716', 'name': 'Borovsky, Brian'}","200","24","","","","","Analytical III Lab","","232","{'day': 'Th', 'end': '15:15', 'location': 'RNS 293', 'start': '12:45'}","False","","A","1","C","20131","","Lab","2013"
"0000088251","","0000001079","PHYS","","19","0","2","16","1","","Borovsky, Brian","{'fsnum': '716', 'name': 'Borovsky, Brian'}","200","24","","","","","Analytical III Lab","","232","{'day': 'Fr', 'end': '16:30', 'location': 'RNS 293', 'start': '14:00'}","False","","B","1","O","20131","","Lab","2013"
"0000088185","1.0","0000001090","PHYS","","0","0","0","0","0","","Staff","{'fsnum': '', 'name': 'Staff'}","200","","","","","","Academic Internship","","294","","True","","","1","C","20131","Internship","Research","2013"
"0000088857","1.0","0000001091","PHYS","","0","0","0","0","0","","Staff","{'fsnum': '', 'name': 'Staff'}","200","","","","","","IS/","","298","","False","","","1","O","20131","Independent Study","Research","2013"
"0000088427","1.0","0000001092","PHYS","This course is an analytical and computational study of Newtonian mechanics, including the harmonic oscillator, central force motion, non-linear oscillators, chaos, and an introduction to the Lagrangian formulation. Students use computers extensively. Prerequisites: Physics 232 and Mathematics 230. Offered annually in the fall semester.","17","0","13","0","4","","Dahl, David A.","{'fsnum': '1345', 'name': 'Dahl, David A.'}","300","20","","","","","Classical Mechanics","","374","{'day': 'Mo', 'end': '12:45', 'location': 'RNS 297', 'start': '23:50'};{'day': 'We', 'end': '12:45', 'location': 'RNS 297', 'start': '23:50'};{'day': 'Fr', 'end': '12:45', 'location': 'RNS 297', 'start': '23:50'}","False","Prerequisites: Physics 232 and Mathematics 230. Offered annually in the fall semester.","","1","O","20131","","Research","2013"
"0000089080","1.0","0000001094","PHYS","Students investigate Quantum Theory, in which a particle's behavior is described through a statistically-interpreted wave function rather than through the concepts of Newtonian mechanics. Topics include an examination of the conceptual framework of Quantum Mechanics, solution of the Schrodinger Equation for systems such as the harmonic oscillator and the hydrogen atom, and approximation methods for treating more complex systems and the interaction of radiation with matter. Prerequisites: Physics 244 and 374, Mathematics 226, and concurrent registration in Physics 386. Offered annually in the fall semester.","14","0","0","0","14","","Nitz, David","{'fsnum': '5620', 'name': 'Nitz, David'}","300","16","","","","","Quantum Mechanics","","376","{'day': 'Mo', 'end': '08:55', 'location': 'RNS 297', 'start': '08:00'};{'day': 'We', 'end': '08:55', 'location': 'RNS 297', 'start': '08:00'};{'day': 'Fr', 'end': '08:55', 'location': 'RNS 297', 'start': '08:00'}","False","Prerequisites: Physics 244 and 374, Mathematics 226, and concurrent registration in Physics 386. Offered annually in the fall semester.","A","1","O","20131","","Research","2013"
"0000089081","1.0","0000001094","PHYS","Students investigate Quantum Theory, in which a particle's behavior is described through a statistically-interpreted wave function rather than through the concepts of Newtonian mechanics. Topics include an examination of the conceptual framework of Quantum Mechanics, solution of the Schrodinger Equation for systems such as the harmonic oscillator and the hydrogen atom, and approximation methods for treating more complex systems and the interaction of radiation with matter. Prerequisites: Physics 244 and 374, Mathematics 226, and concurrent registration in Physics 386. Offered annually in the fall semester.","16","0","0","1","15","","Nitz, David","{'fsnum': '5620', 'name': 'Nitz, David'}","300","16","","","","","Quantum Mechanics","","376","{'day': 'Mo', 'end': '11:40', 'location': 'RNS 297', 'start': '10:45'};{'day': 'We', 'end': '11:40', 'location': 'RNS 297', 'start': '10:45'};{'day': 'Fr', 'end': '11:40', 'location': 'RNS 297', 'start': '10:45'}","False","Prerequisites: Physics 244 and 374, Mathematics 226, and concurrent registration in Physics 386. Offered annually in the fall semester.","B","1","C","20131","","Research","2013"
"0000088222","0.25","0000001098","PHYS","Experiments are selected from the areas of physics covered by Physics 374, 375 and 376 respectively. Emphasis is on the development of good laboratory techniques and the ability to work independently. Each 0.25-course registration averages one afternoon of work each week. Offered annually in the fall semester.","10","0","0","0","10","","Nitz, David","{'fsnum': '5620', 'name': 'Nitz, David'}","300","10","","","","","Adv Physics Lab (376)","","386","{'day': 'Mo', 'end': '17:00', 'location': 'RNS 298', 'start': '14:00'}","False","False","A","1","C","20131","384, 385, 386 Advanced Physics Laboratory","Lab","2013"
"0000088223","0.25","0000001098","PHYS","Experiments are selected from the areas of physics covered by Physics 374, 375 and 376 respectively. Emphasis is on the development of good laboratory techniques and the ability to work independently. Each 0.25-course registration averages one afternoon of work each week. Offered annually in the fall semester.","8","0","0","1","7","","Engbrecht, Jason J.","{'fsnum': '14912', 'name': 'Engbrecht, Jason J.'}","300","10","","","","","Adv Physics Lab (376)","","386","{'day': 'Tu', 'end': '14:45', 'location': 'RNS 298', 'start': '23:45'}","False","False","B","1","O","20131","384, 385, 386 Advanced Physics Laboratory","Lab","2013"
"0000088224","0.25","0000001098","PHYS","Experiments are selected from the areas of physics covered by Physics 374, 375 and 376 respectively. Emphasis is on the development of good laboratory techniques and the ability to work independently. Each 0.25-course registration averages one afternoon of work each week. Offered annually in the fall semester.","12","0","0","0","12","","Engbrecht, Jason J.","{'fsnum': '14912', 'name': 'Engbrecht, Jason J.'}","300","10","","","","","Adv Physics Lab (376)","","386","{'day': 'Th', 'end': '17:15', 'location': 'RNS 298', 'start': '14:15'}","False","False","C","1","C","20131","384, 385, 386 Advanced Physics Laboratory","Lab","2013"
"0000091244","1.0","0000001099","PHYS","In-depth study of particular topics in physics in a full-semester format. Topics are based on student interest and available staff. Recently taught courses include solid state physics, cosmology, and stellar evolution.","8","0","1","0","7","","Dahl, David A.","{'fsnum': '1345', 'name': 'Dahl, David A.'}","300","20","","","","","Top: Solid State Physics","","390","{'day': 'Mo', 'end': '10:00', 'location': 'RNS 297', 'start': '09:05'};{'day': 'We', 'end': '10:00', 'location': 'RNS 297', 'start': '09:05'};{'day': 'Fr', 'end': '10:00', 'location': 'RNS 297', 'start': '09:05'}","False","False","","1","O","20131","Selected Topics","Topic","2013"
"0000088186","1.0","0000001100","PHYS","","0","0","0","0","0","","Staff","{'fsnum': '', 'name': 'Staff'}","300","","","","","","Academic Internship","","394","","True","","","1","C","20131","Internship","Research","2013"
"0000088784","1.0","0000001101","PHYS","","2","0","1","0","1","","Engbrecht, Jason J.","{'fsnum': '14912', 'name': 'Engbrecht, Jason J.'}","300","","","","","","IR/Robotic Monitoring","","398","","False","","","1","O","20131","Independent Research","Research","2013"
"0000093368","1.0","0000001101","PHYS","","1","0","1","0","0","","Engbrecht, Jason J.","{'fsnum': '14912', 'name': 'Engbrecht, Jason J.'}","300","","","","","","IR/Robotic Monitoring","","398","","False","","A","1","O","20131","Independent Research","Research","2013"
"0000088240","1.0","0000001103","PSCI","The promise of American politics is the equal freedom of all. How does practice match principles? What roles do class and race play? Do interest groups and political parties foster democracy? This course is designed not only to help students understand American government and politics but also to motivate them to be active and informed participants. Offered annually. Counts towards American studies major.","29","14","6","6","3","HBS;MCD;MCS-D","Anderson, Joshua","{'fsnum': '23508', 'name': 'Anderson, Joshua'}","100","30","","5","8","3","American Politics","This course has class year limits.","111","{'day': 'Mo', 'end': '11:40', 'location': 'HH 307', 'start': '10:45'};{'day': 'We', 'end': '11:40', 'location': 'HH 307', 'start': '10:45'};{'day': 'Fr', 'end': '11:40', 'location': 'HH 307', 'start': '10:45'}","False","False","A","1","C","20131","","Research","2013"
"0000088241","1.0","0000001103","PSCI","The promise of American politics is the equal freedom of all. How does practice match principles? What roles do class and race play? Do interest groups and political parties foster democracy? This course is designed not only to help students understand American government and politics but also to motivate them to be active and informed participants. Offered annually. Counts towards American studies major.","33","4","6","13","10","HBS;MCD;MCS-D","Anderson, Joshua","{'fsnum': '23508', 'name': 'Anderson, Joshua'}","100","30","","","","","American Politics","This course has class year limits.","111","{'day': 'Mo', 'end': '12:45', 'location': 'HH 307', 'start': '23:50'};{'day': 'We', 'end': '12:45', 'location': 'HH 307', 'start': '23:50'};{'day': 'Fr', 'end': '12:45', 'location': 'HH 307', 'start': '23:50'}","False","False","B","1","C","20131","","Research","2013"
"0000091224","1.0","0000001104","PSCI","Why do some societies have democratic political systems and others authoritarian ones? What is democracy? Is it the norm or the exception? The course provides a foundation for the understanding of contemporary political regimes. It applies the major concepts of comparative analysis to the political systems of Western and non-Western societies. Offered annually.","22","8","4","6","4","HBS;MCG;MCS-G","Pahnke, Anthony","{'fsnum': '25362', 'name': 'Pahnke, Anthony'}","100","27","","","","","Comparative Politics","","112","{'day': 'Mo', 'end': '08:55', 'location': 'HH 317', 'start': '08:00'};{'day': 'We', 'end': '08:55', 'location': 'HH 317', 'start': '08:00'};{'day': 'Fr', 'end': '08:55', 'location': 'HH 317', 'start': '08:00'}","False","False","A","1","C","20131","","Research","2013"
"0000091225","1.0","0000001104","PSCI","Why do some societies have democratic political systems and others authoritarian ones? What is democracy? Is it the norm or the exception? The course provides a foundation for the understanding of contemporary political regimes. It applies the major concepts of comparative analysis to the political systems of Western and non-Western societies. Offered annually.","26","10","2","12","2","HBS;MCG;MCS-G","Pahnke, Anthony","{'fsnum': '25362', 'name': 'Pahnke, Anthony'}","100","27","","","","","Comparative Politics","","112","{'day': 'Mo', 'end': '14:55', 'location': 'OM 30', 'start': '14:00'};{'day': 'We', 'end': '14:55', 'location': 'OM 30', 'start': '14:00'};{'day': 'Fr', 'end': '14:55', 'location': 'OM 30', 'start': '14:00'}","False","False","B","1","O","20131","","Research","2013"
"0000088721","1.0","0000001110","PSCI","War and peace, justice and power -- these are age-old topics of the politics among nations. This course examines them by emphasizing certain problem areas in the world and evaluating the principal theories for understanding international politics. Offered annually.","32","23","1","6","2","HBS","Lott, Anthony","{'fsnum': '15825', 'name': 'Lott, Anthony'}","100","32","","","","","Intl Relations","This course has class-year limits.","121","{'day': 'Mo', 'end': '08:55', 'location': 'HH 307', 'start': '08:00'};{'day': 'We', 'end': '08:55', 'location': 'HH 307', 'start': '08:00'};{'day': 'Fr', 'end': '08:55', 'location': 'HH 307', 'start': '08:00'}","False","False","A","1","C","20131","International Relations","Research","2013"
"0000088722","1.0","0000001110","PSCI","War and peace, justice and power -- these are age-old topics of the politics among nations. This course examines them by emphasizing certain problem areas in the world and evaluating the principal theories for understanding international politics. Offered annually.","32","13","4","12","3","HBS","Lott, Anthony","{'fsnum': '15825', 'name': 'Lott, Anthony'}","100","32","","","","","Intl Relations","This course has class-year limits.","121","{'day': 'Mo', 'end': '10:00', 'location': 'HH 307', 'start': '09:05'};{'day': 'We', 'end': '10:00', 'location': 'HH 307', 'start': '09:05'};{'day': 'Fr', 'end': '10:00', 'location': 'HH 307', 'start': '09:05'}","False","False","B","1","C","20131","International Relations","Research","2013"
"0000091226","1.0","0000025198","PSCI","In a democratic state, the media play an important role in linking the people to elected officials and political institutions. The course is principally concerned with this connection. By analyzing broad and varied forms of political communication and studying scholarship on the role of media in society, students explore the structure of American media with respect to political institutions, the effects media can have on individuals' political attitudes, and the role the media play in political campaigns and governance. Prerequisite: none, but one course in political science is recommended. Offered alternate years during Interim.","27","0","7","9","11","HBS","Hendriks, Henriet","{'fsnum': '22855', 'name': 'Hendriks, Henriet'}","200","27","","","","","Media and Politics","","211","{'day': 'Mo', 'end': '11:40', 'location': 'TOH 214', 'start': '10:45'};{'day': 'We', 'end': '11:40', 'location': 'TOH 214', 'start': '10:45'};{'day': 'Fr', 'end': '11:40', 'location': 'TOH 214', 'start': '10:45'}","False","none, but one course in political science is recommended. Offered alternate years during Interim.","","1","C","20131","","Research","2013"
"0000088255","1.0","0000001113","PSCI","This course explores the diverse modes of inquiry in the discipline of political science. Broadly centered around the question, ""How do you know?,"" students focus on different methods of locating and collecting data, reviewing political texts and contested concepts, and constructing theoretical explanations of political phenomena. Prerequisite: one previous course in department. Offered each semester. Counts toward environmental studies major (social science track).","19","1","12","3","3","","Hendriks, Henriet","{'fsnum': '22855', 'name': 'Hendriks, Henriet'}","200","19","","","","","Analyzing Politics","For Political Science majors only.","220","{'day': 'Mo', 'end': '13:50', 'location': 'RNS 410', 'start': '12:55'};{'day': 'We', 'end': '13:50', 'location': 'RNS 410', 'start': '12:55'};{'day': 'Fr', 'end': '13:50', 'location': 'RNS 410', 'start': '12:55'}","False","one previous course in department. Offered each semester. Counts toward environmental studies major (social science track).","A","1","C","20131","Analyzing Politics and Policies","Research","2013"
"0000091223","1.0","0000001113","PSCI","This course explores the diverse modes of inquiry in the discipline of political science. Broadly centered around the question, ""How do you know?,"" students focus on different methods of locating and collecting data, reviewing political texts and contested concepts, and constructing theoretical explanations of political phenomena. Prerequisite: one previous course in department. Offered each semester. Counts toward environmental studies major (social science track).","13","0","7","6","0","","Hendriks, Henriet","{'fsnum': '22855', 'name': 'Hendriks, Henriet'}","200","19","","","","","Analyzing Politics","For Political Science majors only.","220","{'day': 'Mo', 'end': '14:55', 'location': 'RNS 410', 'start': '14:00'};{'day': 'We', 'end': '14:55', 'location': 'RNS 410', 'start': '14:00'};{'day': 'Fr', 'end': '14:55', 'location': 'RNS 410', 'start': '14:00'}","False","one previous course in department. Offered each semester. Counts toward environmental studies major (social science track).","B","1","O","20131","Analyzing Politics and Policies","Research","2013"
"0000089042","1.0","0000001122","PSCI","Some formerly developing countries have found the way to join the ranks of the industrialized nations, others have not. What explains the difference? By introducing students to theories of modernization, dependency, world systems, order, class, revolution, state, and political economy, the course attempts to provide the framework for answering this question. Counts toward Latin American studies major and concentration.","24","1","9","8","6","HBS;MCG;MCS-G","Thalhammer, Kris","{'fsnum': '8281', 'name': 'Thalhammer, Kris'}","200","19","","","","","Politics & Developmnt","","252","{'day': 'Tu', 'end': '11:00', 'location': 'OM 30', 'start': '09:35'};{'day': 'Th', 'end': '10:50', 'location': 'OM 30', 'start': '09:30'}","False","False","","1","C","20131","Politics and Development","Research","2013"
"0000088606","1.0","0000001130","PSCI","Machiavelli founded modern political philosophy by asking ""How does the ruler acquire power?"" This course explores how modern political thinkers answered this question by changing the grounds of authority from religious and philosophical foundations to rational ones. Texts include Machiavelli's Prince and Hobbes's Leviathan, Locke's Second Treatise, Rousseau's Social Contract, Marx's Communist Manifesto, and Nietzsche's Use and Abuse of History.","18","0","8","7","3","HWC","Anderson, Joshua","{'fsnum': '23508', 'name': 'Anderson, Joshua'}","200","19","","","","","Hist Mod Pol Thought","","260","{'day': 'Mo', 'end': '14:55', 'location': 'OM 110', 'start': '14:00'};{'day': 'We', 'end': '14:55', 'location': 'OM 110', 'start': '14:00'};{'day': 'Fr', 'end': '14:55', 'location': 'OM 110', 'start': '14:00'}","False","False","","1","C","20131","History of Modern Political Thought","Research","2013"
"0000091974","1.0","0000001137","PSCI","The course examines continuity and change in Russian political culture. The institutions and politics between the Soviet and Post-Soviet periods under the leadership of Yeltsin and Putin are explored. The course considers Russia as an energy-exporting state. The varied political developments of former Soviet republics in Europe, the Caucasus and Central Asia are compared and contrasted. Offered annually in the fall semester.","14","0","8","4","2","HBS","Dale, J. Patrick","{'fsnum': '1343', 'name': 'Dale, J. Patrick'}","200","18","","","","","Russian/Eurasian Politics","","282","{'day': 'Tu', 'end': '14:45', 'location': 'RNS 204', 'start': '13:20'};{'day': 'Th', 'end': '15:35', 'location': 'RNS 204', 'start': '14:15'}","False","False","","1","O","20131","Russian and Eurasian Politics","Research","2013"
"0000091975","1.0","0000019735","PSCI","How ought citizens respond to threats to national security from terrorists and distant states? The course examines Just War theory and Jihad to enquire about the connections between religions and political violence. It considers the strategic logic of terrorism and the ethical ""costs"" of responses to it. It examines conflicts between Islamic ""moderates"" and ""extremists"" to reveal the ethical and political spectrums within Islam. Prerequisite: completion of BTS-T. Required prior experience of political analysis or the study of religion. Offered annually.","22","0","3","1","18","EIN","Dale, J. Patrick","{'fsnum': '1343', 'name': 'Dale, J. Patrick'}","200","15","0","0","0","","Citizenship War Terror","Prerequisite: BTS-T or permission of instructor.                                ;Open only to rising Seniors during web registration.  Rising Juniors may add on ;a space-available basis during the drop/add period.","284","{'day': 'Tu', 'end': '09:25', 'location': 'HH 501', 'start': '08:00'};{'day': 'Th', 'end': '09:20', 'location': 'HH 501', 'start': '08:00'}","False","completion of BTS-T. Required prior experience of political analysis or the study of religion. Offered annually.","","1","C","20131","Ethics of Citizenship in Times of War and Terrorism","Research","2013"
"0000088187","1.0","0000001139","PSCI","Internships are available in a wide variety of public and private institutions including the state legislature, lobbying agencies, law firms, media organizations, corporate public affairs, and executive agencies.","0","0","0","0","0","","Staff","{'fsnum': '', 'name': 'Staff'}","200","","","","","","Academic Internship","","294","","True","False","","1","C","20131","Internship","Research","2013"
"0000088212","0.5","0000001139","PSCI","Internships are available in a wide variety of public and private institutions including the state legislature, lobbying agencies, law firms, media organizations, corporate public affairs, and executive agencies.","0","0","0","0","0","","Staff","{'fsnum': '', 'name': 'Staff'}","200","","","","","","Academic Internship","","294","","True","False","A","1","C","20131","Internship","Research","2013"
"0000088860","1.0","0000001141","PSCI","After completion of three courses in political science, students may approach a member of the department faculty and propose a course of study not currently offered to be conducted in tutorial fashion.","0","0","0","0","0","","Staff","{'fsnum': '', 'name': 'Staff'}","200","","","","","","IS/","","298","","False","False","","1","O","20131","Independent Study","Research","2013"
"0000093181","1.0","0000001141","PSCI","After completion of three courses in political science, students may approach a member of the department faculty and propose a course of study not currently offered to be conducted in tutorial fashion.","1","0","0","0","1","","Lott, Anthony;Carlsen, Mary","{'fsnum': '15825', 'name': 'Lott, Anthony'};{'fsnum': '938', 'name': 'Carlsen, Mary'}","200","","","","","","IS/Soc Policy: Basic Inc","","298","","False","False","A","1","O","20131","Independent Study","Research","2013"
"0000093291","1.0","0000001141","PSCI","After completion of three courses in political science, students may approach a member of the department faculty and propose a course of study not currently offered to be conducted in tutorial fashion.","1","0","0","0","1","","Thalhammer, Kris","{'fsnum': '8281', 'name': 'Thalhammer, Kris'}","200","","","","","","IS/Social Mobilization","","298","","False","False","B","1","O","20131","Independent Study","Research","2013"
"0000089118","1.0","0000001143","PSCI","This seminar introduces the core questions, concepts, and theories of the field of American politics. With topics varying from term to term, students read both ""cutting edge"" research and the classic articles of the field. The methodology employed in the research is a central topic. Students ask whether the methods are appropriate and helpful for answering the central questions of American politics. The course also includes a major research project. Prerequisites: Political Science 220 and one course in the subfield, or permission of instructor. Counts towards American studies major.","14","0","3","0","11","WRI","Hofrenning, Dan","{'fsnum': '3418', 'name': 'Hofrenning, Dan'}","300","15","0","0","0","","Sem: Am Politics","Only open to rising seniors during web registration.","311","{'day': 'Tu', 'end': '13:10', 'location': 'HH 515', 'start': '23:45'};{'day': 'Th', 'end': '14:05', 'location': 'HH 515', 'start': '12:45'}","False","Prerequisites: Political Science 220 and one course in the subfield, or permission of instructor. Counts towards American studies major.","","1","C","20131","Seminar in American Politics","Seminar","2013"
"0000091227","1.0","0000018786","PSCI","Mexicans dying to enter the U.S. Moroccans dying to enter Spain. Europeans reluctant to accept Turkey's EU bid out of fear of more migrants. Britons worried that migrants fuel terrorism. Headlines worldwide draw attention to transnational migration. This course covers explanations of entry control policy, integration and citizenship policy, and the political activities of migrants in the wealthy democracies. Alternative arguments emphasizing the role of economic interests, sovereignty, national identity, and gender are introduced. This course can count for comparative politics subfield. Prerequisites: Political Science 220 and one course in the subfield.","12","0","4","0","8","WRI","Tegtmeyer Pak, Katherine S.","{'fsnum': '15754', 'name': 'Tegtmeyer Pak, Katherine S.'}","300","15","0","0","0","","Immigration/Citizenship","Only open to rising seniors during web registration.","350","{'day': 'Tu', 'end': '11:00', 'location': 'HH 515', 'start': '09:35'};{'day': 'Th', 'end': '10:50', 'location': 'HH 515', 'start': '09:30'}","False","Prerequisites: Political Science 220 and one course in the subfield.","","1","O","20131","Immigration and Citizenship","Research","2013"
"0000089130","1.0","0000022813","PSCI","Individuals, communities, and organizations have found ways to address even the most egregious state abuses of human rights and other injustices. Using comparative analysis, this course considers cases and theories of nonviolent personal and political resistance and the factors that appear to contribute to people taking action and to successful responses. Students research and analyze cases of their choosing in light of the literature. Prerequisites: Political Science 220 and at least one comparative politics course or permission of instructor. Offered alternate years.","15","0","0","0","15","WRI","Thalhammer, Kris","{'fsnum': '8281', 'name': 'Thalhammer, Kris'}","300","15","0","0","0","","Sem:Courageous Resistance","Only open to rising seniors during web registration.","370","{'day': 'Tu', 'end': '14:45', 'location': 'CAD 204', 'start': '13:20'};{'day': 'Th', 'end': '15:35', 'location': 'CAD 204', 'start': '14:15'}","False","Prerequisites: Political Science 220 and at least one comparative politics course or permission of instructor. Offered alternate years.","","1","C","20131","Courageous Resistance to Injustice","Seminar","2013"
"0000091228","1.0","0000001148","PSCI","This is an advanced course in the area of political thought. The topic, a detailed study of either major works or themes in political philosophy, varies with each offering. Prerequisites: Political Science 220 and one course in the subfield.","15","0","3","0","12","WRI","Casson, Douglas J.","{'fsnum': '17420', 'name': 'Casson, Douglas J.'}","300","15","0","0","0","","Sem:Studies Pol Thought","Only open to rising seniors during web registration.","384","{'day': 'Mo', 'end': '10:00', 'location': 'HH 516', 'start': '09:05'};{'day': 'We', 'end': '10:00', 'location': 'HH 516', 'start': '09:05'};{'day': 'Fr', 'end': '10:00', 'location': 'HH 516', 'start': '09:05'}","False","Prerequisites: Political Science 220 and one course in the subfield.","","1","C","20131","Seminar in Political Theory","Research","2013"
"0000088188","1.0","0000001151","PSCI","Students with ideas for internships are encouraged to approach instructors within the department in order to arrange supervision for credit. For Level III credit students must have successfully completed a Level II internship in the same area. Prerequisite: Political Science 294.","0","0","0","0","0","","Staff","{'fsnum': '', 'name': 'Staff'}","300","","","","","","Academic Internship","","394","","True","Political Science 294.","","1","C","20131","Internship","Research","2013"
"0000088779","1.0","0000001152","PSCI","Students who have taken five political science courses, one of which is in the area of the proposed research, may propose an independent research project to a member of the departmental faculty. Prerequisite: Political Science 220 and one course in the subfield or permission of instructor.","0","0","0","0","0","","Staff","{'fsnum': '', 'name': 'Staff'}","300","","","","","","IR/","","398","","False","Political Science 220 and one course in the subfield or permission of instructor.","","1","O","20131","Independent Research","Research","2013"
"0000093280","1.0","0000001152","PSCI","Students who have taken five political science courses, one of which is in the area of the proposed research, may propose an independent research project to a member of the departmental faculty. Prerequisite: Political Science 220 and one course in the subfield or permission of instructor.","1","0","0","0","1","","Hendriks, Henriet","{'fsnum': '22855', 'name': 'Hendriks, Henriet'}","300","","","","","","IR/Polit Discourse on Env","","398","","False","Political Science 220 and one course in the subfield or permission of instructor.","A","1","O","20131","Independent Research","Research","2013"
"0000089072","1.0","0000001154","PSYCH","This course examines the basic principles and methods of psychological science from an evolutionary and cultural perspective. Students use critical thinking skills to examine fascinating topics: dreaming, cultural influences, identity, learning, thinking, and the biology of behavior. Applying basic research methods, students act as skeptical scientists. This course applies to almost any career choice in today's world and provides insight into self and others. Offered each semester. Counts towards exercise science major.","108","62","7","20","19","HBS;IST;NST","Oriña, M. Minda","{'fsnum': '20155', 'name': 'Oriña, M. Minda'}","100","105","","","","","Principles: Psych","","125","{'day': 'Mo', 'end': '08:55', 'location': 'TOH 280', 'start': '08:00'};{'day': 'We', 'end': '08:55', 'location': 'TOH 280', 'start': '08:00'};{'day': 'Fr', 'end': '08:55', 'location': 'TOH 280', 'start': '08:00'}","False","False","A","1","C","20131","Principles of Psychology","Research","2013"
"0000089070","1.0","0000001154","PSYCH","This course examines the basic principles and methods of psychological science from an evolutionary and cultural perspective. Students use critical thinking skills to examine fascinating topics: dreaming, cultural influences, identity, learning, thinking, and the biology of behavior. Applying basic research methods, students act as skeptical scientists. This course applies to almost any career choice in today's world and provides insight into self and others. Offered each semester. Counts towards exercise science major.","108","26","9","58","15","HBS;IST;NST","Muir, Gary M.","{'fsnum': '16584', 'name': 'Muir, Gary M.'}","100","105","","","","","Principles: Psych","","125","{'day': 'Mo', 'end': '11:40', 'location': 'RNS 150', 'start': '10:45'};{'day': 'We', 'end': '11:40', 'location': 'RNS 150', 'start': '10:45'};{'day': 'Fr', 'end': '11:40', 'location': 'RNS 150', 'start': '10:45'}","False","False","B","1","C","20131","Principles of Psychology","Research","2013"
"0000089071","1.0","0000001154","PSYCH","This course examines the basic principles and methods of psychological science from an evolutionary and cultural perspective. Students use critical thinking skills to examine fascinating topics: dreaming, cultural influences, identity, learning, thinking, and the biology of behavior. Applying basic research methods, students act as skeptical scientists. This course applies to almost any career choice in today's world and provides insight into self and others. Offered each semester. Counts towards exercise science major.","101","66","3","25","7","HBS;IST;NST","Sundby, Mark","{'fsnum': '8134', 'name': 'Sundby, Mark'}","100","105","","","","","Principles: Psych","","125","{'day': 'Tu', 'end': '11:00', 'location': 'RNS 150', 'start': '09:35'};{'day': 'Th', 'end': '10:50', 'location': 'RNS 150', 'start': '09:30'}","False","False","C","1","C","20131","Principles of Psychology","Research","2013"
"0000089095","1.0","0000001158","PSYCH","This course prepares the student with tools for understanding how research studies in psychology are conceptualized, designed, carried out, interpreted, and disseminated to the public. Use of library and Internet resources, ethical guidelines in the conduct of research and the skills of good scientific writing are emphasized. Students work independently and in small groups to design and conduct their own research projects. The course includes lecture and laboratory work. Prerequisites: Psych 125; Statistics 110 or 212 or 263. Offered each semester. Counts toward environmental studies major (social science track) and statistics concentration.","16","0","10","4","2","WRI","Kim, John","{'fsnum': '23509', 'name': 'Kim, John'}","200","18","","","","","Research Methods","Students in Psych 230A must also register for lab 230A L.","230","{'day': 'Mo', 'end': '13:50', 'location': 'RNS 131', 'start': '12:55'};{'day': 'We', 'end': '13:50', 'location': 'RNS 131', 'start': '12:55'};{'day': 'Fr', 'end': '13:50', 'location': 'RNS 131', 'start': '12:55'}","False","Prerequisites: Psych 125; Statistics 110 or 212 or 263. Offered each semester. Counts toward environmental studies major (social science track) and statistics concentration.","A","1","C","20131","Research Methods in Psychology","Research","2013"
"0000089097","1.0","0000001158","PSYCH","This course prepares the student with tools for understanding how research studies in psychology are conceptualized, designed, carried out, interpreted, and disseminated to the public. Use of library and Internet resources, ethical guidelines in the conduct of research and the skills of good scientific writing are emphasized. Students work independently and in small groups to design and conduct their own research projects. The course includes lecture and laboratory work. Prerequisites: Psych 125; Statistics 110 or 212 or 263. Offered each semester. Counts toward environmental studies major (social science track) and statistics concentration.","19","0","9","8","2","WRI","Huff, Charles","{'fsnum': '3556', 'name': 'Huff, Charles'}","200","24","","","","","Research Methods","Students in Psych 230B must also register for lab 230B L.","230","{'day': 'Tu', 'end': '11:00', 'location': 'RNS 131', 'start': '09:35'};{'day': 'Th', 'end': '10:50', 'location': 'RNS 131', 'start': '09:30'}","False","Prerequisites: Psych 125; Statistics 110 or 212 or 263. Offered each semester. Counts toward environmental studies major (social science track) and statistics concentration.","B","1","O","20131","Research Methods in Psychology","Research","2013"
"0000091710","","0000026692","PSYCH","","17","0","10","4","3","","Huff, Charles","{'fsnum': '3556', 'name': 'Huff, Charles'}","200","18","","","","","Research Methods Lab","","230","{'day': 'Tu', 'end': '14:45', 'location': 'RNS 240', 'start': '12:45'}","False","","A","1","C","20131","","Lab","2013"
"0000091711","","0000026692","PSYCH","","18","0","9","8","1","","Huff, Charles","{'fsnum': '3556', 'name': 'Huff, Charles'}","200","24","","","","","Research Methods Lab","","230","{'day': 'Th', 'end': '14:45', 'location': 'RNS 240', 'start': '12:45'}","False","","B","1","O","20131","","Lab","2013"
"0000089148","1.0","0000001159","PSYCH","This course offers the opportunity to study our senses and sensibilities -- sensations of cold, tenderness and pain, perceptions of movement, pitch, symmetry, and color. Students participate actively in psychophysical, physiological, and perceptual laboratories and classes on vision, audition, somesthesis, and the chemical senses. The course includes lecture and laboratory work. Prerequisite: Psychology 125. Offered annually. Counts toward neuroscience concentration.","32","0","13","4","15","NSL;NST;SED","Loebach, Jeremy","{'fsnum': '21097', 'name': 'Loebach, Jeremy'}","200","32","","","","","Sensation/Perception","Students in Psych 235 must also register for lab Psych 235 AL or BL.","235","{'day': 'Mo', 'end': '12:45', 'location': 'RNS 190', 'start': '23:50'};{'day': 'We', 'end': '12:45', 'location': 'RNS 190', 'start': '23:50'};{'day': 'Fr', 'end': '12:45', 'location': 'RNS 190', 'start': '23:50'}","False","Psychology 125. Offered annually. Counts toward neuroscience concentration.","","1","C","20131","Sensation and Perception","Research","2013"
"0000089149","","0000001160","PSYCH","","16","0","8","1","7","","Loebach, Jeremy","{'fsnum': '21097', 'name': 'Loebach, Jeremy'}","200","16","","","","","Sensation/Perception Lab","","235","{'day': 'We', 'end': '17:00', 'location': 'RNS 240', 'start': '14:00'}","False","","A","1","C","20131","","Lab","2013"
"0000089150","","0000001160","PSYCH","","16","0","5","3","8","","Loebach, Jeremy","{'fsnum': '21097', 'name': 'Loebach, Jeremy'}","200","16","","","","","Sensation/Perception Lab","","235","{'day': 'Fr', 'end': '16:00', 'location': 'RNS 240', 'start': '13:00'}","False","","B","1","C","20131","","Lab","2013"
"0000088438","1.0","0000001161","PSYCH","How do psychologists characterize the most basic aspects of the learning process? While some emphasis is on analysis of the behavioral viewpoint (Pavlov, Skinner), students also examine the ways current investigators apply these basic principles to problems in other fields. These include behavioral therapy for a variety of psychological disturbances, research on the neurobiology of drug reward, and analysis of consumer behavior. The course includes lecture and laboratory work with nonhuman animals. Prerequisite: Psychology 125 or Biology 125. Offered annually. Counts toward neuroscience concentration.","35","0","7","1","27","NSL;NST;SED","Dickinson, Shelly D.","{'fsnum': '15747', 'name': 'Dickinson, Shelly D.'}","200","32","","","","","Condition & Learning","Students in Psych 236 must also register for lab Psych 236 AL or BL.","236","{'day': 'Tu', 'end': '13:10', 'location': 'RNS 210', 'start': '23:45'};{'day': 'Th', 'end': '14:05', 'location': 'RNS 210', 'start': '12:45'}","False","Psychology 125 or Biology 125. Offered annually. Counts toward neuroscience concentration.","","1","C","20131","Conditioning and Learning","Research","2013"
"0000088439","","0000001162","PSYCH","","19","0","3","0","16","","Dickinson, Shelly D.","{'fsnum': '15747', 'name': 'Dickinson, Shelly D.'}","200","16","","","","","Condition & Learning Lab","","236","{'day': 'We', 'end': '13:45', 'location': 'RNS 123', 'start': '23:45'}","False","","A","1","C","20131","","Lab","2013"
"0000088440","","0000001162","PSYCH","","16","0","4","1","11","","Dickinson, Shelly D.","{'fsnum': '15747', 'name': 'Dickinson, Shelly D.'}","200","16","","","","","Condition & Learning Lab","","236","{'day': 'We', 'end': '16:00', 'location': 'RNS 123', 'start': '14:00'}","False","","B","1","C","20131","","Lab","2013"
"0000088354","1.0","0000001165","PSYCH","How do biological factors influence fundamental aspects of psychology and behavior? In this course, students learn about relationships between the brain and behavior and use neuroanatomical, physiological, and biochemical levels of analysis to understand basic behavioral processes and systems, including sensation, movement, emotion, sleep and arousal, hunger, motivation, learning, and psychopathology. Prerequisite: Psychology 125 or Biology 123 or 125. Offered each semester. Counts toward neuroscience concentration.","40","0","13","11","16","IST;NST","Clark, Rachel","{'fsnum': '25334', 'name': 'Clark, Rachel'}","200","30","","","","","Biopsychology","","238","{'day': 'Mo', 'end': '08:55', 'location': 'RNS 190', 'start': '08:00'};{'day': 'We', 'end': '08:55', 'location': 'RNS 190', 'start': '08:00'};{'day': 'Fr', 'end': '08:55', 'location': 'RNS 190', 'start': '08:00'}","False","Psychology 125 or Biology 123 or 125. Offered each semester. Counts toward neuroscience concentration.","","1","C","20131","","Research","2013"
"0000088458","1.0","0000001168","PSYCH","This course helps students better understand human development from the moment of conception and across the life span. The course focuses on biological and environmental factors that shape human development. Major changes in physical, cognitive, personality and social development are discussed. Prerequisite: Psychology 125. Offered each semester. Counts toward nursing, social work, and women's and gender studies majors and educational studies, family studies, and women's and gender studies concentrations.","42","2","7","26","7","HBS","Kim, John","{'fsnum': '23509', 'name': 'Kim, John'}","200","30","","","","","Developmental Psych","","241","{'day': 'Mo', 'end': '10:00', 'location': 'RNS 150', 'start': '09:05'};{'day': 'We', 'end': '10:00', 'location': 'RNS 150', 'start': '09:05'};{'day': 'Fr', 'end': '10:00', 'location': 'RNS 150', 'start': '09:05'}","False","Psychology 125. Offered each semester. Counts toward nursing, social work, and women's and gender studies majors and educational studies, family studies, and women's and gender studies concentrations.","A","1","C","20131","Developmental Psychology","Research","2013"
"0000088459","1.0","0000001168","PSYCH","This course helps students better understand human development from the moment of conception and across the life span. The course focuses on biological and environmental factors that shape human development. Major changes in physical, cognitive, personality and social development are discussed. Prerequisite: Psychology 125. Offered each semester. Counts toward nursing, social work, and women's and gender studies majors and educational studies, family studies, and women's and gender studies concentrations.","40","0","10","23","7","HBS","Kim, John","{'fsnum': '23509', 'name': 'Kim, John'}","200","30","","","","","Developmental Psych","","241","{'day': 'Mo', 'end': '12:45', 'location': 'RNS 150', 'start': '23:50'};{'day': 'We', 'end': '12:45', 'location': 'RNS 150', 'start': '23:50'};{'day': 'Fr', 'end': '12:45', 'location': 'RNS 150', 'start': '23:50'}","False","Psychology 125. Offered each semester. Counts toward nursing, social work, and women's and gender studies majors and educational studies, family studies, and women's and gender studies concentrations.","B","1","C","20131","Developmental Psychology","Research","2013"
"0000089075","1.0","0000001177","PSYCH","Students examine theories of normal personality development in an effort to understand the factors that shape personality. Is personality biologically determined? Is it a result of interpersonal experiences, learning and reinforcement? Are other factors involved as well? Students investigate prominent personality theories and research and their conceptualizations of this fundamental aspect of human experience. Prerequisite: Psychology 125. Offered annually.","31","2","10","13","6","HBS","Veltri, Carlo O.","{'fsnum': '23549', 'name': 'Veltri, Carlo O.'}","200","30","","","","","Psych of Personality","","244","{'day': 'Tu', 'end': '09:25', 'location': 'RNS 190', 'start': '08:00'};{'day': 'Th', 'end': '09:20', 'location': 'RNS 190', 'start': '08:00'}","False","Psychology 125. Offered annually.","A","1","C","20131","Psychology of Personality","Research","2013"
"0000089076","1.0","0000001177","PSYCH","Students examine theories of normal personality development in an effort to understand the factors that shape personality. Is personality biologically determined? Is it a result of interpersonal experiences, learning and reinforcement? Are other factors involved as well? Students investigate prominent personality theories and research and their conceptualizations of this fundamental aspect of human experience. Prerequisite: Psychology 125. Offered annually.","33","0","9","16","8","HBS","Veltri, Carlo O.","{'fsnum': '23549', 'name': 'Veltri, Carlo O.'}","200","30","","","","","Psych of Personality","","244","{'day': 'Tu', 'end': '11:00', 'location': 'RNS 190', 'start': '09:35'};{'day': 'Th', 'end': '10:50', 'location': 'RNS 190', 'start': '09:30'}","False","Psychology 125. Offered annually.","B","1","C","20131","Psychology of Personality","Research","2013"
"0000089077","1.0","0000001176","PSYCH","Why are certain experiences or patterns of behavior considered psychologically ""abnormal?"" Students investigate a wide array of psychological disorders, including anxiety disorders, depression, eating disorders, and schizophrenia. Students examine models used to conceptualize abnormal behavior, as well as current evidence and theories regarding the etiology and treatment of these important and sometimes devastating disorders. Prerequisite: Psychology 125. Offered each semester.","32","1","7","16","8","HBS","Ross, Scott R.","{'fsnum': '25335', 'name': 'Ross, Scott R.'}","200","30","","","","","Psychopathology","","247","{'day': 'Tu', 'end': '13:10', 'location': 'RNS 290', 'start': '23:45'};{'day': 'Th', 'end': '14:05', 'location': 'RNS 290', 'start': '12:45'}","False","Psychology 125. Offered each semester.","A","1","C","20131","","Research","2013"
"0000089078","1.0","0000001176","PSYCH","Why are certain experiences or patterns of behavior considered psychologically ""abnormal?"" Students investigate a wide array of psychological disorders, including anxiety disorders, depression, eating disorders, and schizophrenia. Students examine models used to conceptualize abnormal behavior, as well as current evidence and theories regarding the etiology and treatment of these important and sometimes devastating disorders. Prerequisite: Psychology 125. Offered each semester.","29","9","6","11","3","HBS","Ross, Scott R.","{'fsnum': '25335', 'name': 'Ross, Scott R.'}","200","30","","","","","Psychopathology","","247","{'day': 'Tu', 'end': '14:45', 'location': 'RNS 290', 'start': '13:20'};{'day': 'Th', 'end': '15:35', 'location': 'RNS 290', 'start': '14:15'}","False","Psychology 125. Offered each semester.","B","1","C","20131","","Research","2013"
"0000088641","1.0","0000001172","PSYCH","Students apply psychological facts and principles to the problems that permeate business and industry. Topics include organizational structure, personnel management, employee-supervisor relationships, job satisfaction and motivation, communication and leadership. Prerequisite: Psychology 125. Offered periodically.","30","0","12","7","11","","Boyd, Scott L.","{'fsnum': '23904', 'name': 'Boyd, Scott L.'}","200","30","","","","","Indust/Organizations","","250","{'day': 'Th', 'end': '22:00', 'location': 'RNS 290', 'start': '19:00'}","False","Psychology 125. Offered periodically.","","1","C","20131","Industrial/Organizational Psychology","Research","2013"
"0000088189","0.25","0000001178","PSYCH","","1","0","0","0","1","","Gross, Dana","{'fsnum': '2768', 'name': 'Gross, Dana'}","200","","","","","","Academic Internship","","294","","True","","","1","C","20131","","Research","2013"
"0000088882","1.0","0000001179","PSYCH","This opportunity to investigate in depth a topic of interest, typically culminating in a library research-based paper, is strongly recommended as preparation for Psychology 398. Prerequisite: Psychology 125, at least three courses in the department, and permission of instructor. Psychology 230 is strongly recommended. Offered each semester.","1","0","0","0","1","WRI","Huff, Charles","{'fsnum': '3556', 'name': 'Huff, Charles'}","200","","","","","","IS/Homosexuality","","298","","False","Psychology 125, at least three courses in the department, and permission of instructor. Psychology 230 is strongly recommended. Offered each semester.","","1","O","20131","Independent Study","Research","2013"
"0000092133","1.0","0000001179","PSYCH","This opportunity to investigate in depth a topic of interest, typically culminating in a library research-based paper, is strongly recommended as preparation for Psychology 398. Prerequisite: Psychology 125, at least three courses in the department, and permission of instructor. Psychology 230 is strongly recommended. Offered each semester.","1","0","1","0","0","","Gross, Dana","{'fsnum': '2768', 'name': 'Gross, Dana'}","200","","","","","","IS/Disabilities in India","","298","","False","Psychology 125, at least three courses in the department, and permission of instructor. Psychology 230 is strongly recommended. Offered each semester.","A","1","O","20131","Independent Study","Research","2013"
"0000093348","1.0","0000001179","PSYCH","This opportunity to investigate in depth a topic of interest, typically culminating in a library research-based paper, is strongly recommended as preparation for Psychology 398. Prerequisite: Psychology 125, at least three courses in the department, and permission of instructor. Psychology 230 is strongly recommended. Offered each semester.","1","0","0","0","1","WRI","Veltri, Carlo O.","{'fsnum': '23549', 'name': 'Veltri, Carlo O.'}","200","","","","","","IS/MMPI-2-RF Malingering","","298","","False","Psychology 125, at least three courses in the department, and permission of instructor. Psychology 230 is strongly recommended. Offered each semester.","B","1","O","20131","Independent Study","Research","2013"
"0000093354","1.0","0000001179","PSYCH","This opportunity to investigate in depth a topic of interest, typically culminating in a library research-based paper, is strongly recommended as preparation for Psychology 398. Prerequisite: Psychology 125, at least three courses in the department, and permission of instructor. Psychology 230 is strongly recommended. Offered each semester.","1","0","0","0","1","","Muir, Gary M.","{'fsnum': '16584', 'name': 'Muir, Gary M.'}","200","","","","","","IS/Spatial Cognition","","298","","False","Psychology 125, at least three courses in the department, and permission of instructor. Psychology 230 is strongly recommended. Offered each semester.","C","1","O","20131","Independent Study","Research","2013"
"0000093356","1.0","0000001179","PSYCH","This opportunity to investigate in depth a topic of interest, typically culminating in a library research-based paper, is strongly recommended as preparation for Psychology 398. Prerequisite: Psychology 125, at least three courses in the department, and permission of instructor. Psychology 230 is strongly recommended. Offered each semester.","1","0","1","0","0","WRI","Huff, Charles","{'fsnum': '3556', 'name': 'Huff, Charles'}","200","","","","","","IS/Homosexuality","","298","","False","Psychology 125, at least three courses in the department, and permission of instructor. Psychology 230 is strongly recommended. Offered each semester.","D","1","O","20131","Independent Study","Research","2013"
"0000093362","1.0","0000001179","PSYCH","This opportunity to investigate in depth a topic of interest, typically culminating in a library research-based paper, is strongly recommended as preparation for Psychology 398. Prerequisite: Psychology 125, at least three courses in the department, and permission of instructor. Psychology 230 is strongly recommended. Offered each semester.","1","0","1","0","0","","Dickinson, Shelly D.","{'fsnum': '15747', 'name': 'Dickinson, Shelly D.'}","200","","","","","","IS/The Nature of Psych","","298","","False","Psychology 125, at least three courses in the department, and permission of instructor. Psychology 230 is strongly recommended. Offered each semester.","E","1","O","20131","Independent Study","Research","2013"
"0000093372","1.0","0000001179","PSYCH","This opportunity to investigate in depth a topic of interest, typically culminating in a library research-based paper, is strongly recommended as preparation for Psychology 398. Prerequisite: Psychology 125, at least three courses in the department, and permission of instructor. Psychology 230 is strongly recommended. Offered each semester.","1","0","0","0","1","","Dickinson, Shelly D.","{'fsnum': '15747', 'name': 'Dickinson, Shelly D.'}","200","","","","","","IS/Caff and Alchl Effects","","298","","False","Psychology 125, at least three courses in the department, and permission of instructor. Psychology 230 is strongly recommended. Offered each semester.","F","1","O","20131","Independent Study","Research","2013"
"0000091748","1.0","0000026711","PSYCH","Cognitive neuroscience investigates the biological bases of higher order cognition and complex human behavior (or more simply put, how the brain enables the mind). Discussion topics include the methodologies of cognitive neuroscience, perception, attention, learning, memory, language, executive function, emotion, development, social cognition, and consciousness. Prerequisites: Psychology 230, or Psychology 238 and Neuroscience 239. Offered annually. Counts toward neuroscience and linguistics concentrations.","17","0","1","0","16","IST;ORC","Loebach, Jeremy","{'fsnum': '21097', 'name': 'Loebach, Jeremy'}","300","16","","","","","Cognitive Neuroscience","","339","{'day': 'Tu', 'end': '14:45', 'location': 'RNS 124', 'start': '13:20'};{'day': 'Th', 'end': '15:35', 'location': 'RNS 124', 'start': '14:15'}","False","Prerequisites: Psychology 230, or Psychology 238 and Neuroscience 239. Offered annually. Counts toward neuroscience and linguistics concentrations.","","1","C","20131","","Research","2013"
"0000088428","1.0","0000001181","PSYCH","This course examines several major theoretical perspectives on psychotherapy. Students review empirically supported treatments for specific clinical disorders, as well as ""nonspecific"" factors that affect the therapeutic process. Students explore ethical and legal challenges related to psychotherapy delivery, as well as multicultural and other diversity issues. Course format is primarily discussion-based. This course is open only to juniors and seniors. Prerequisites: Psychology 230, plus 244 or 247. Offered most years.","17","0","3","0","14","","Kodl, Molly M.","{'fsnum': '19410', 'name': 'Kodl, Molly M.'}","300","15","","","","","Clinical/Counseling Psych","","375","{'day': 'Mo', 'end': '22:00', 'location': 'RNS 124', 'start': '19:00'}","False","Prerequisites: Psychology 230, plus 244 or 247. Offered most years.","A","1","C","20131","Clinical and Counseling Psychology","Research","2013"
"0000091806","1.0","0000001181","PSYCH","This course examines several major theoretical perspectives on psychotherapy. Students review empirically supported treatments for specific clinical disorders, as well as ""nonspecific"" factors that affect the therapeutic process. Students explore ethical and legal challenges related to psychotherapy delivery, as well as multicultural and other diversity issues. Course format is primarily discussion-based. This course is open only to juniors and seniors. Prerequisites: Psychology 230, plus 244 or 247. Offered most years.","19","0","3","0","16","","Gibbon, Christine A.","{'fsnum': '23547', 'name': 'Gibbon, Christine A.'}","300","15","","","","","Clinical/Counseling Psych","","375","{'day': 'Mo', 'end': '22:00', 'location': 'RNS 208', 'start': '19:00'}","False","Prerequisites: Psychology 230, plus 244 or 247. Offered most years.","B","1","C","20131","Clinical and Counseling Psychology","Research","2013"
"0000089134","1.0","0000001186","PSYCH","Seminars allow in-depth study of particular themes or topics in psychology. Prerequisite: Psychology 230. See department Web site for descriptions and additional prerequisites. Offered most years. May be repeated if topics are different.","21","0","10","0","11","","Oriña, M. Minda","{'fsnum': '20155', 'name': 'Oriña, M. Minda'}","300","15","","","","","Sem:Intimate Relationship","","390","{'day': 'Mo', 'end': '10:00', 'location': 'RNS 124', 'start': '09:05'};{'day': 'We', 'end': '10:00', 'location': 'RNS 124', 'start': '09:05'};{'day': 'Fr', 'end': '10:00', 'location': 'RNS 124', 'start': '09:05'}","False","Psychology 230. See department Web site for descriptions and additional prerequisites. Offered most years. May be repeated if topics are different.","A","1","C","20131","Issues in Psychology","Seminar","2013"
"0000089123","1.0","0000001186","PSYCH","Seminars allow in-depth study of particular themes or topics in psychology. Prerequisite: Psychology 230. See department Web site for descriptions and additional prerequisites. Offered most years. May be repeated if topics are different.","9","0","2","0","7","","Oriña, M. Minda","{'fsnum': '20155', 'name': 'Oriña, M. Minda'}","300","15","","","","","Sem: Evolutionary Psych","","390","{'day': 'Mo', 'end': '11:40', 'location': 'RNS 124', 'start': '10:45'};{'day': 'We', 'end': '11:40', 'location': 'RNS 124', 'start': '10:45'};{'day': 'Fr', 'end': '11:40', 'location': 'RNS 124', 'start': '10:45'}","False","Psychology 230. See department Web site for descriptions and additional prerequisites. Offered most years. May be repeated if topics are different.","B","1","O","20131","Issues in Psychology","Seminar","2013"
"0000091204","1.0","0000001187","PSYCH","Sample Topic: The Psychology of Good and Evil;Why do we feel it is important to judge behavior as morally good or bad? How do we make these judgments? What makes it possible for people to commit acts of extraordinary heroism or evil? Good answers to these questions require knowledge of philosophical and theological ethics and of the empirical work on moral action and judgment. Students read both and ask how they do (and should) inform each other. Prerequisite: Psychology 230 and at least two level II Psychology courses, or permission of the instructor.","20","0","3","1","16","EIN","Huff, Charles","{'fsnum': '3556', 'name': 'Huff, Charles'}","300","19","0","","0","","Psych of Good and Evil","Prerequisite: Completion of BTS-T, Psych 230, and at least two 200-level        ;Psychology courses, or permission of the instructor.                            ;Open only to Seniors and Juniors during web registraiton.","391","{'day': 'Tu', 'end': '09:25', 'location': 'RNS 124', 'start': '08:00'};{'day': 'Th', 'end': '09:20', 'location': 'RNS 124', 'start': '08:00'}","False","Psychology 230 and at least two level II Psychology courses, or permission of the instructor.","","1","C","20131","Topics:","Topic","2013"
"0000088190","1.0","0000001188","PSYCH","Internship","0","0","0","0","0","","Staff","{'fsnum': '', 'name': 'Staff'}","300","","","","","","Academic Internship","","394","","True","False","","1","C","20131","","Research","2013"
"0000088821","1.0","0000001190","PSYCH","Students have the opportunity to work in depth on a research project of interest under the supervision of a member of the psychology department faculty. Prerequisite: Statistics 110, 212 or 263, Psychology 230, four additional courses in the department, and permission of instructor. Psychology 298 is strongly recommended. Offered each semester. Depending on course topic, may count toward the neuroscience concentration","0","0","0","0","0","","Staff","{'fsnum': '', 'name': 'Staff'}","300","","","","","","IR/","","398","","False","Statistics 110, 212 or 263, Psychology 230, four additional courses in the department, and permission of instructor. Psychology 298 is strongly recommended. Offered each semester. Depending on course topic, may count toward the neuroscience concentration","","1","O","20131","Independent Research","Research","2013"
"0000093263","1.0","0000001190","PSYCH","Students have the opportunity to work in depth on a research project of interest under the supervision of a member of the psychology department faculty. Prerequisite: Statistics 110, 212 or 263, Psychology 230, four additional courses in the department, and permission of instructor. Psychology 298 is strongly recommended. Offered each semester. Depending on course topic, may count toward the neuroscience concentration","1","0","0","0","1","","Oriña, M. Minda","{'fsnum': '20155', 'name': 'Oriña, M. Minda'}","300","","","","","","IR/Obesity and Media","","398","","False","Statistics 110, 212 or 263, Psychology 230, four additional courses in the department, and permission of instructor. Psychology 298 is strongly recommended. Offered each semester. Depending on course topic, may count toward the neuroscience concentration","A","1","O","20131","Independent Research","Research","2013"
"0000093350","1.0","0000001190","PSYCH","Students have the opportunity to work in depth on a research project of interest under the supervision of a member of the psychology department faculty. Prerequisite: Statistics 110, 212 or 263, Psychology 230, four additional courses in the department, and permission of instructor. Psychology 298 is strongly recommended. Offered each semester. Depending on course topic, may count toward the neuroscience concentration","2","0","1","0","1","","Muir, Gary M.","{'fsnum': '16584', 'name': 'Muir, Gary M.'}","300","","","","","","IR/Spatial Cognition II","","398","","False","Statistics 110, 212 or 263, Psychology 230, four additional courses in the department, and permission of instructor. Psychology 298 is strongly recommended. Offered each semester. Depending on course topic, may count toward the neuroscience concentration","B","1","O","20131","Independent Research","Research","2013"
"0000093353","1.0","0000001190","PSYCH","Students have the opportunity to work in depth on a research project of interest under the supervision of a member of the psychology department faculty. Prerequisite: Statistics 110, 212 or 263, Psychology 230, four additional courses in the department, and permission of instructor. Psychology 298 is strongly recommended. Offered each semester. Depending on course topic, may count toward the neuroscience concentration","1","0","0","0","1","","Gross, Dana","{'fsnum': '2768', 'name': 'Gross, Dana'}","300","","","","","","IR/Dialogic Reading","","398","","False","Statistics 110, 212 or 263, Psychology 230, four additional courses in the department, and permission of instructor. Psychology 298 is strongly recommended. Offered each semester. Depending on course topic, may count toward the neuroscience concentration","C","1","O","20131","Independent Research","Research","2013"
"0000093371","1.0","0000001190","PSYCH","Students have the opportunity to work in depth on a research project of interest under the supervision of a member of the psychology department faculty. Prerequisite: Statistics 110, 212 or 263, Psychology 230, four additional courses in the department, and permission of instructor. Psychology 298 is strongly recommended. Offered each semester. Depending on course topic, may count toward the neuroscience concentration","1","0","0","0","1","","McClure, Robert W.","{'fsnum': '16582', 'name': 'McClure, Robert W.'}","300","","","","","","IR/Norway Special Ed","","398","","False","Statistics 110, 212 or 263, Psychology 230, four additional courses in the department, and permission of instructor. Psychology 298 is strongly recommended. Offered each semester. Depending on course topic, may count toward the neuroscience concentration","D","1","O","20131","Independent Research","Research","2013"
"0000092795","1.0","0000027324","RACE","This course provides an introduction to the cultural and historical background of four groups in the United States: African Americans, Native Americans, Latinos, and Asian Americans. Emphasis is on race relations and the distinguishing characteristics of these cultures as reflected in the academic disciplines of the creative and performing arts, the humanities, the social and behavioral sciences, and the general area of popular culture. Contributions to cultural pluralism are accentuated as well as the special issues of identity faced by these Americans. This course emphasizes literary texts. Counts toward American studies major and Africa and the Americas concentration.","35","0","10","14","11","ALS-L;MCD","Nordstrom-Loeb, Bruce","{'fsnum': '5728', 'name': 'Nordstrom-Loeb, Bruce'}","100","24","","","","","Intro to Race & Ethnic St","","121","{'day': 'Tu', 'end': '14:45', 'location': 'RML 515', 'start': '13:20'};{'day': 'Th', 'end': '15:35', 'location': 'RML 515', 'start': '14:15'}","False","False","","1","C","20131","Introduction to Race and Ethnic Studies","Research","2013"
"0000092796","1.0","0000027329","RACE","","0","0","0","0","0","","Staff","{'fsnum': '', 'name': 'Staff'}","200","","","","","","Academic Internship","","294","","True","","","1","C","20131","","Research","2013"
"0000092798","1.0","0000027330","RACE","","0","0","0","0","0","","Staff","{'fsnum': '', 'name': 'Staff'}","200","","","","","","IS/","","298","","False","","","1","C","20131","","Research","2013"
"0000092797","1.0","0000027331","RACE","","0","0","0","0","0","","Staff","{'fsnum': '', 'name': 'Staff'}","300","","","","","","Academic Internship","","394","","True","","","1","C","20131","","Research","2013"
"0000092799","1.0","0000027333","RACE","","0","0","0","0","0","","Staff","{'fsnum': '', 'name': 'Staff'}","300","","","","","","IR/","","398","","False","","","1","C","20131","","Research","2013"
"0000093365","1.0","0000027333","RACE","","1","0","0","0","1","","Hepburn, Joan","{'fsnum': '3322', 'name': 'Hepburn, Joan'}","300","","","","","","IR/Black Students","","398","","False","","A","1","O","20131","","Research","2013"
"0000088326","1.0","0000001191","REL","This course introduces first-year students to the dialogue between Biblical traditions and the cultures and communities related to them. Students study major Biblical texts and their interaction with, for example, theology, religious practice, ethics, and social values, while considering methods and fields in the study of religion in a liberal arts setting. An additional prospectus describes the theme of each section.","20","18","0","1","1","BTS-B","Ripley, Jason J.","{'fsnum': '17395', 'name': 'Ripley, Jason J.'}","100","18","","0","","0","Bible/Culture/Commun","","121","{'day': 'Mo', 'end': '08:55', 'location': 'OM 305', 'start': '08:00'};{'day': 'We', 'end': '08:55', 'location': 'OM 305', 'start': '08:00'};{'day': 'Fr', 'end': '08:55', 'location': 'OM 305', 'start': '08:00'}","False","False","A","1","C","20131","Bible in Culture and Community","Research","2013"
"0000088327","1.0","0000001191","REL","This course introduces first-year students to the dialogue between Biblical traditions and the cultures and communities related to them. Students study major Biblical texts and their interaction with, for example, theology, religious practice, ethics, and social values, while considering methods and fields in the study of religion in a liberal arts setting. An additional prospectus describes the theme of each section.","18","15","0","2","1","BTS-B","Lagerquist, L. DeAne","{'fsnum': '4592', 'name': 'Lagerquist, L. DeAne'}","100","18","","0","","0","Bible/Culture/Commun","","121","{'day': 'Mo', 'end': '10:00', 'location': 'OM 310', 'start': '09:05'};{'day': 'We', 'end': '10:00', 'location': 'OM 310', 'start': '09:05'};{'day': 'Fr', 'end': '10:00', 'location': 'OM 310', 'start': '09:05'}","False","False","B","1","C","20131","Bible in Culture and Community","Research","2013"
"0000088328","1.0","0000001191","REL","This course introduces first-year students to the dialogue between Biblical traditions and the cultures and communities related to them. Students study major Biblical texts and their interaction with, for example, theology, religious practice, ethics, and social values, while considering methods and fields in the study of religion in a liberal arts setting. An additional prospectus describes the theme of each section.","19","15","1","1","2","BTS-B","Ripley, Jason J.","{'fsnum': '17395', 'name': 'Ripley, Jason J.'}","100","18","","0","","0","Bible/Culture/Commun","","121","{'day': 'Mo', 'end': '10:00', 'location': 'OM 305', 'start': '09:05'};{'day': 'We', 'end': '10:00', 'location': 'OM 305', 'start': '09:05'};{'day': 'Fr', 'end': '10:00', 'location': 'OM 305', 'start': '09:05'}","False","False","C","1","C","20131","Bible in Culture and Community","Research","2013"
"0000088329","1.0","0000001191","REL","This course introduces first-year students to the dialogue between Biblical traditions and the cultures and communities related to them. Students study major Biblical texts and their interaction with, for example, theology, religious practice, ethics, and social values, while considering methods and fields in the study of religion in a liberal arts setting. An additional prospectus describes the theme of each section.","20","18","0","1","1","BTS-B","Odell, Margaret","{'fsnum': '5800', 'name': 'Odell, Margaret'}","100","18","","0","","0","Bible/Culture/Commun","","121","{'day': 'Mo', 'end': '11:40', 'location': 'OM 240', 'start': '10:45'};{'day': 'We', 'end': '11:40', 'location': 'OM 240', 'start': '10:45'};{'day': 'Fr', 'end': '11:40', 'location': 'OM 240', 'start': '10:45'}","False","False","D","1","C","20131","Bible in Culture and Community","Research","2013"
"0000088330","1.0","0000001191","REL","This course introduces first-year students to the dialogue between Biblical traditions and the cultures and communities related to them. Students study major Biblical texts and their interaction with, for example, theology, religious practice, ethics, and social values, while considering methods and fields in the study of religion in a liberal arts setting. An additional prospectus describes the theme of each section.","18","15","0","1","2","BTS-B","Wilson, Charles","{'fsnum': '9090', 'name': 'Wilson, Charles'}","100","18","","0","","0","Bible/Culture/Commun","","121","{'day': 'Mo', 'end': '11:40', 'location': 'OM 140', 'start': '10:45'};{'day': 'We', 'end': '11:40', 'location': 'OM 140', 'start': '10:45'};{'day': 'Fr', 'end': '11:40', 'location': 'OM 140', 'start': '10:45'}","False","False","E","1","C","20131","Bible in Culture and Community","Research","2013"
"0000088331","1.0","0000001191","REL","This course introduces first-year students to the dialogue between Biblical traditions and the cultures and communities related to them. Students study major Biblical texts and their interaction with, for example, theology, religious practice, ethics, and social values, while considering methods and fields in the study of religion in a liberal arts setting. An additional prospectus describes the theme of each section.","17","17","0","0","0","BTS-B","Lagerquist, L. DeAne","{'fsnum': '4592', 'name': 'Lagerquist, L. DeAne'}","100","18","","0","","0","Bible/Culture/Commun","","121","{'day': 'Mo', 'end': '12:45', 'location': 'OM 240', 'start': '23:50'};{'day': 'We', 'end': '12:45', 'location': 'OM 240', 'start': '23:50'};{'day': 'Fr', 'end': '12:45', 'location': 'OM 240', 'start': '23:50'}","False","False","F","1","C","20131","Bible in Culture and Community","Research","2013"
"0000088332","1.0","0000001191","REL","This course introduces first-year students to the dialogue between Biblical traditions and the cultures and communities related to them. Students study major Biblical texts and their interaction with, for example, theology, religious practice, ethics, and social values, while considering methods and fields in the study of religion in a liberal arts setting. An additional prospectus describes the theme of each section.","19","19","0","0","0","BTS-B","Zimmerman, Trish","{'fsnum': '10370', 'name': 'Zimmerman, Trish'}","100","18","","0","","0","Bible/Culture/Commun","","121","{'day': 'Mo', 'end': '12:45', 'location': 'OM 305', 'start': '23:50'};{'day': 'We', 'end': '12:45', 'location': 'OM 305', 'start': '23:50'};{'day': 'Fr', 'end': '12:45', 'location': 'OM 305', 'start': '23:50'}","False","False","G","1","C","20131","Bible in Culture and Community","Research","2013"
"0000088333","1.0","0000001191","REL","This course introduces first-year students to the dialogue between Biblical traditions and the cultures and communities related to them. Students study major Biblical texts and their interaction with, for example, theology, religious practice, ethics, and social values, while considering methods and fields in the study of religion in a liberal arts setting. An additional prospectus describes the theme of each section.","20","19","0","1","0","BTS-B","Booth, David","{'fsnum': '712', 'name': 'Booth, David'}","100","18","","0","","0","Bible/Culture/Commun","","121","{'day': 'Mo', 'end': '13:50', 'location': 'OM 310', 'start': '12:55'};{'day': 'We', 'end': '13:50', 'location': 'OM 310', 'start': '12:55'};{'day': 'Fr', 'end': '13:50', 'location': 'OM 310', 'start': '12:55'}","False","False","H","1","C","20131","Bible in Culture and Community","Research","2013"
"0000088334","1.0","0000001191","REL","This course introduces first-year students to the dialogue between Biblical traditions and the cultures and communities related to them. Students study major Biblical texts and their interaction with, for example, theology, religious practice, ethics, and social values, while considering methods and fields in the study of religion in a liberal arts setting. An additional prospectus describes the theme of each section.","18","16","0","1","1","BTS-B","Odell, Margaret","{'fsnum': '5800', 'name': 'Odell, Margaret'}","100","18","","0","","0","Bible/Culture/Commun","","121","{'day': 'Mo', 'end': '13:50', 'location': 'OM 240', 'start': '12:55'};{'day': 'We', 'end': '13:50', 'location': 'OM 240', 'start': '12:55'};{'day': 'Fr', 'end': '13:50', 'location': 'OM 240', 'start': '12:55'}","False","False","I","1","C","20131","Bible in Culture and Community","Research","2013"
"0000088335","1.0","0000001191","REL","This course introduces first-year students to the dialogue between Biblical traditions and the cultures and communities related to them. Students study major Biblical texts and their interaction with, for example, theology, religious practice, ethics, and social values, while considering methods and fields in the study of religion in a liberal arts setting. An additional prospectus describes the theme of each section.","18","18","0","0","0","BTS-B","Booth, David","{'fsnum': '712', 'name': 'Booth, David'}","100","18","","0","","0","Bible/Culture/Commun","Open to Environmental Conversations students only.","121","{'day': 'Mo', 'end': '14:55', 'location': 'OM 310', 'start': '14:00'};{'day': 'We', 'end': '14:55', 'location': 'OM 310', 'start': '14:00'};{'day': 'Fr', 'end': '14:55', 'location': 'OM 310', 'start': '14:00'}","False","False","J","1","C","20131","Bible in Culture and Community","Research","2013"
"0000088336","1.0","0000001191","REL","This course introduces first-year students to the dialogue between Biblical traditions and the cultures and communities related to them. Students study major Biblical texts and their interaction with, for example, theology, religious practice, ethics, and social values, while considering methods and fields in the study of religion in a liberal arts setting. An additional prospectus describes the theme of each section.","19","17","0","1","1","BTS-B","Jothen, Peder J.","{'fsnum': '17549', 'name': 'Jothen, Peder J.'}","100","18","","0","","0","Bible/Culture/Commun","","121","{'day': 'Tu', 'end': '09:25', 'location': 'OM 210', 'start': '08:00'};{'day': 'Th', 'end': '09:20', 'location': 'OM 210', 'start': '08:00'}","False","False","K","1","C","20131","Bible in Culture and Community","Research","2013"
"0000088337","1.0","0000001191","REL","This course introduces first-year students to the dialogue between Biblical traditions and the cultures and communities related to them. Students study major Biblical texts and their interaction with, for example, theology, religious practice, ethics, and social values, while considering methods and fields in the study of religion in a liberal arts setting. An additional prospectus describes the theme of each section.","19","16","0","1","2","BTS-B","Hanson, James","{'fsnum': '3061', 'name': 'Hanson, James'}","100","18","","0","","0","Bible/Culture/Commun","","121","{'day': 'Tu', 'end': '11:00', 'location': 'OM 110', 'start': '09:35'};{'day': 'Th', 'end': '10:50', 'location': 'OM 110', 'start': '09:30'}","False","False","L","1","C","20131","Bible in Culture and Community","Research","2013"
"0000088338","1.0","0000001191","REL","This course introduces first-year students to the dialogue between Biblical traditions and the cultures and communities related to them. Students study major Biblical texts and their interaction with, for example, theology, religious practice, ethics, and social values, while considering methods and fields in the study of religion in a liberal arts setting. An additional prospectus describes the theme of each section.","19","19","0","0","0","BTS-B","Alexander, Torin D.","{'fsnum': '21062', 'name': 'Alexander, Torin D.'}","100","18","","1","","0","Bible/Culture/Commun","","121","{'day': 'Tu', 'end': '11:00', 'location': 'OM 305', 'start': '09:35'};{'day': 'Th', 'end': '10:50', 'location': 'OM 305', 'start': '09:30'}","False","False","M","1","C","20131","Bible in Culture and Community","Research","2013"
"0000088339","1.0","0000001191","REL","This course introduces first-year students to the dialogue between Biblical traditions and the cultures and communities related to them. Students study major Biblical texts and their interaction with, for example, theology, religious practice, ethics, and social values, while considering methods and fields in the study of religion in a liberal arts setting. An additional prospectus describes the theme of each section.","17","13","1","0","3","BTS-B","Benjamin, Mara H.","{'fsnum': '20159', 'name': 'Benjamin, Mara H.'}","100","19","","0","","0","Bible/Culture/Commun","","121","{'day': 'Tu', 'end': '13:10', 'location': 'OM 210', 'start': '23:45'};{'day': 'Th', 'end': '14:05', 'location': 'OM 210', 'start': '12:45'}","False","False","N","1","C","20131","Bible in Culture and Community","Research","2013"
"0000088340","1.0","0000001191","REL","This course introduces first-year students to the dialogue between Biblical traditions and the cultures and communities related to them. Students study major Biblical texts and their interaction with, for example, theology, religious practice, ethics, and social values, while considering methods and fields in the study of religion in a liberal arts setting. An additional prospectus describes the theme of each section.","19","18","0","1","0","BTS-B","Schuurman, Douglas","{'fsnum': '7248', 'name': 'Schuurman, Douglas'}","100","18","","0","","0","Bible/Culture/Commun","","121","{'day': 'Tu', 'end': '13:10', 'location': 'OM 240', 'start': '23:45'};{'day': 'Th', 'end': '14:05', 'location': 'OM 240', 'start': '12:45'}","False","False","O","1","C","20131","Bible in Culture and Community","Research","2013"
"0000088341","1.0","0000001191","REL","This course introduces first-year students to the dialogue between Biblical traditions and the cultures and communities related to them. Students study major Biblical texts and their interaction with, for example, theology, religious practice, ethics, and social values, while considering methods and fields in the study of religion in a liberal arts setting. An additional prospectus describes the theme of each section.","17","15","0","0","2","BTS-B","Benjamin, Mara H.","{'fsnum': '20159', 'name': 'Benjamin, Mara H.'}","100","18","","0","","0","Bible/Culture/Commun","","121","{'day': 'Tu', 'end': '14:45', 'location': 'OM 210', 'start': '13:20'};{'day': 'Th', 'end': '15:35', 'location': 'OM 210', 'start': '14:15'}","False","False","P","1","C","20131","Bible in Culture and Community","Research","2013"
"0000088342","1.0","0000001191","REL","This course introduces first-year students to the dialogue between Biblical traditions and the cultures and communities related to them. Students study major Biblical texts and their interaction with, for example, theology, religious practice, ethics, and social values, while considering methods and fields in the study of religion in a liberal arts setting. An additional prospectus describes the theme of each section.","18","16","0","1","1","BTS-B","Schuurman, Douglas","{'fsnum': '7248', 'name': 'Schuurman, Douglas'}","100","18","","0","","0","Bible/Culture/Commun","","121","{'day': 'Tu', 'end': '14:45', 'location': 'OM 240', 'start': '13:20'};{'day': 'Th', 'end': '15:35', 'location': 'OM 240', 'start': '14:15'}","False","False","Q","1","C","20131","Bible in Culture and Community","Research","2013"
"0000092734","1.0","0000001191","REL","This course introduces first-year students to the dialogue between Biblical traditions and the cultures and communities related to them. Students study major Biblical texts and their interaction with, for example, theology, religious practice, ethics, and social values, while considering methods and fields in the study of religion in a liberal arts setting. An additional prospectus describes the theme of each section.","18","17","0","0","1","BTS-B","Erickson, Jacob J.","{'fsnum': '15393', 'name': 'Erickson, Jacob J.'}","100","19","","","","","Bible/Culture/Commun","","121","{'day': 'Tu', 'end': '11:00', 'location': 'OM 20', 'start': '09:35'};{'day': 'Th', 'end': '10:50', 'location': 'OM 20', 'start': '09:30'}","False","False","R","1","C","20131","Bible in Culture and Community","Research","2013"
"0000088419","1.0","0000001195","REL","Examining essential Christian beliefs with special attention to their implications for the moral life, students in this course analyze the meaning and truth of Christian symbols and claims about God, Christ, creation, fall, providence, redemption, etc., and explore their bearing upon ethical perspectives and principles, moral character and community and societal institutions and practices. Readings include classical and contemporary Christian theological sources. Prerequisite: BTS-B.","24","0","10","11","3","BTS-T;WRI","Schuurman, Douglas","{'fsnum': '7248', 'name': 'Schuurman, Douglas'}","200","24","","","","","Chr Theol/Moral Life","","207","{'day': 'Tu', 'end': '11:00', 'location': 'OM 240', 'start': '09:35'};{'day': 'Th', 'end': '10:50', 'location': 'OM 240', 'start': '09:30'}","False","BTS-B.","","1","C","20131","Christian Theology and the Moral Life","Research","2013"
"0000088723","1.0","0000001197","REL","Students examine traditional Christian doctrines in light of feminist critiques and reformulations. The course focuses especially upon language and images of God, the person of Christ and the work of redemption and understandings of human nature. Students evaluate arguments for and against the compatibility of Christianity and feminism. Prerequisite: BTS-B. Counts toward women's and gender studies major and concentration.","31","0","8","10","13","BTS-T","Zimmerman, Trish","{'fsnum': '10370', 'name': 'Zimmerman, Trish'}","200","35","0","","","","Intro Feminist Theol","","209","{'day': 'Mo', 'end': '14:55', 'location': 'OM 10', 'start': '14:00'};{'day': 'We', 'end': '14:55', 'location': 'OM 10', 'start': '14:00'};{'day': 'Fr', 'end': '14:55', 'location': 'OM 10', 'start': '14:00'}","False","BTS-B. Counts toward women's and gender studies major and concentration.","","1","C","20131","Introduction to Feminist Theology","Research","2013"
"0000089164","1.0","0000001207","REL","Students read Pauline letters carefully for their major issues, such as apocalyptic, gospel, apostleship, Jew and Gentile, faith, Torah, community. Considering Paul in the context of his times and Paul in the context of later Christianity, students discuss topics such as Jews and Christians, men and women, creation, grace in Paul, and present-day experience. Prerequisite: BTS-B. Counts toward ancient studies major.","35","0","12","19","4","BTS-T","Hanson, James","{'fsnum': '3061', 'name': 'Hanson, James'}","200","35","0","","","","St. Paul/Letter/Gospel","","223","{'day': 'Tu', 'end': '13:10', 'location': 'OM 10', 'start': '23:45'};{'day': 'Th', 'end': '14:05', 'location': 'OM 10', 'start': '12:45'}","False","BTS-B. Counts toward ancient studies major.","","1","C","20131","Paul: His Letters, His Gospel","Research","2013"
"0000091237","1.0","0000001211","REL","This course explores the interaction between Jews, Christians, and their respective religions in historical and theological perspective. Students consider basic features of Jewish belief and practice, past and present views of Jews and Christians about each other's beliefs, impact of Christ attitudes toward the Jews on the formation and development of Christian doctrines, relation between Christian theology and anti-Semitism, and the possibilities for a new relationship between Christians and Jews. Prerequisite: BTS-B.","29","1","5","16","7","BTS-T","Benjamin, Mara H.","{'fsnum': '20159', 'name': 'Benjamin, Mara H.'}","200","35","0","","","","Jews & Christians/Aft","","227","{'day': 'Tu', 'end': '11:00', 'location': 'OM 10', 'start': '09:35'};{'day': 'Th', 'end': '10:50', 'location': 'OM 10', 'start': '09:30'}","False","BTS-B.","","1","O","20131","Jews and Christians after Christendom","Research","2013"
"0000088580","1.0","0000001214","REL","This course focuses on autobiographical texts in which the writer describes his or her life in relationship to God. The course is based on the central Christian theological belief that God is known in historical experience. Students study the different ways in which Christians have sought to understand God's role in their lives by correlating their own experiences with the classic beliefs, symbols, and values of the Christian faith. Prerequisite: BTS-B.","32","0","12","11","9","BTS-T","Barbour, John","{'fsnum': '329', 'name': 'Barbour, John'}","200","35","0","","","","God and Faith/Autobio","","233","{'day': 'Mo', 'end': '11:40', 'location': 'OM 10', 'start': '10:45'};{'day': 'We', 'end': '11:40', 'location': 'OM 10', 'start': '10:45'};{'day': 'Fr', 'end': '11:40', 'location': 'OM 10', 'start': '10:45'}","False","BTS-B.","","1","C","20131","God and Faith in Autobiography","Research","2013"
"0000091238","1.0","0000018484","REL","Christians and people of other faiths seek to be faithful to their own traditions and also to attend to each other's claims. This course examines ways Christians and other believers develop their doctrinal traditions in the context of religious pluralism. This course gives specific attention to Christian reflection on the doctrines of God, Christ, and salvation in relation to religious reflection by people of other faiths. Prerequisite: BTS-B.","52","0","18","27","7","BTS-T","Rambachan, Anantanand;Walter, Gregory A.","{'fsnum': '6535', 'name': 'Rambachan, Anantanand'};{'fsnum': '16642', 'name': 'Walter, Gregory A.'}","200","50","0","","","","Theol of Religions/Dialog","","245","{'day': 'Tu', 'end': '11:00', 'location': 'HH 501', 'start': '09:35'};{'day': 'Th', 'end': '10:50', 'location': 'HH 501', 'start': '09:30'}","False","BTS-B.","","1","C","20131","Theology of Religions & Interreligious Dialogue","Research","2013"
"0000091239","1.0","0000001217","REL","Students examine the formation of Islamic traditions and institutions and their religious meaning, paying special attention to the dynamism and crises of Islam in the 19th and 20th centuries. Counts toward medieval studies major.","16","0","9","3","4","MCG;MCS-G","Schillinger, Jamie A.","{'fsnum': '15819', 'name': 'Schillinger, Jamie A.'}","200","24","","","","","Islam-Rel & Community","","246","{'day': 'Mo', 'end': '13:50', 'location': 'OM 305', 'start': '12:55'};{'day': 'We', 'end': '13:50', 'location': 'OM 305', 'start': '12:55'};{'day': 'Fr', 'end': '13:50', 'location': 'OM 305', 'start': '12:55'}","False","False","","1","O","20131","Islam -- Religion and Community","Research","2013"
"0000088600","1.0","0000025196","REL","Students examine the theological significance of the Israelite prophetic literature by tracing its origin and composition in ancient Israelite contexts, its appropriate and reinterpretation in the New Testament writings in light of early Christian experiences of Jesus Christ, and its continuing influence on postbiblical Christian worship and theology. Prerequisite: BTS-B. Offered periodically.","17","0","1","11","5","BTS-T;WRI","Odell, Margaret","{'fsnum': '5800', 'name': 'Odell, Margaret'}","200","24","0","","","","Hebr Proph/Christian Trad","","273","{'day': 'Mo', 'end': '10:00', 'location': 'OM 240', 'start': '09:05'};{'day': 'We', 'end': '10:00', 'location': 'OM 240', 'start': '09:05'};{'day': 'Fr', 'end': '10:00', 'location': 'OM 240', 'start': '09:05'}","False","BTS-B. Offered periodically.","","1","C","20131","Hebrew Prophets in History and Christian Tradition","Research","2013"
"0000091781","1.0","0000026722","REL","This course examines ethical issues raised by travel as well as the ways that various ethical perspectives address these issues. Students consider the ethics of pilgrimage in world religions, tourism and its critics, Christian perspectives on intercultural travel, issues raised by study abroad, and theories of ethical travel in relation to ecotourism, sustainability, service, and other ideals. Prerequisite: BTS-T. Offered annually.","20","0","3","1","16","EIN","Barbour, John","{'fsnum': '329', 'name': 'Barbour, John'}","200","24","0","","0","","Travel and Ethics","Prerequisite: Completion of BTS-T or permission of the instructor.              ;Open only to rising Seniors and Juniors during web registration.","277","{'day': 'Mo', 'end': '12:45', 'location': 'OM 340', 'start': '23:50'};{'day': 'We', 'end': '12:45', 'location': 'OM 340', 'start': '23:50'};{'day': 'Fr', 'end': '12:45', 'location': 'OM 340', 'start': '23:50'}","False","BTS-T. Offered annually.","","1","C","20131","","Research","2013"
"0000089343","1.0","0000017626","REL","A study of competing and complementary approaches to the study of religion prevalent in the contemporary academy, this course prepares sophomore and junior religion majors for more advanced research seminars. Paying attention to the emphases and presuppositions of each approach, students develop an improved ability to understand the way that these different approaches affect scholarship and contribute to agreements and disagreements about what religion is and should be. Prerequisites: completion of BTS-T or permission of instructor.","8","0","4","1","3","WRI","Alexander, Torin D.","{'fsnum': '21062', 'name': 'Alexander, Torin D.'}","200","19","0","","","1","What is Religion?","Open only to rising Juniors and Sophomores","285","{'day': 'Mo', 'end': '12:45', 'location': 'OM 105', 'start': '23:50'};{'day': 'We', 'end': '12:45', 'location': 'OM 105', 'start': '23:50'};{'day': 'Fr', 'end': '12:45', 'location': 'OM 105', 'start': '23:50'}","False","Prerequisites: completion of BTS-T or permission of instructor.","","1","O","20131","What is Religion? Approaches and Methods","Research","2013"
"0000088191","1.0","0000001236","REL","","0","0","0","0","0","","Staff","{'fsnum': '', 'name': 'Staff'}","200","","","","","","Academic Internship","","294","","True","","","1","C","20131","","Research","2013"
"0000088874","1.0","0000001239","REL","","1","0","0","0","1","","Schillinger, Jamie A.","{'fsnum': '15819', 'name': 'Schillinger, Jamie A.'}","200","","","","","","IS/Islamic Law","","298","","False","","","1","O","20131","Independent Study","Research","2013"
"0000092737","1.0","0000001239","REL","","1","0","1","0","0","","Barbour, John","{'fsnum': '329', 'name': 'Barbour, John'}","200","","","","","","IS/Christianity in India","","298","","False","","A","1","O","20131","Independent Study","Research","2013"
"0000093355","1.0","0000001239","REL","","1","0","0","0","1","","Odell, Margaret","{'fsnum': '5800', 'name': 'Odell, Margaret'}","200","","","","","","IS/Biblical Hebrew II","","298","","False","","B","1","O","20131","Independent Study","Research","2013"
"0000091240","1.0","0000001242","REL","This course provides a critical analysis of the development of Christian thought in the Middle Ages and Reformation, 11th through 16th centuries. Particular attention is paid to the great theological systems of the Middle Ages and to the theological aims of the 16th-century reforming movements, drawing upon readings from Anselm, Aquinas, Bonaventure, Luther, Calvin, and others. Prerequisite: BTS-B. Counts toward medieval studies major.","16","1","3","6","6","BTS-T;WRI","Wilson, Charles","{'fsnum': '9090', 'name': 'Wilson, Charles'}","300","24","0","","","","Hist Chr Thought II","","303","{'day': 'Tu', 'end': '14:45', 'location': 'OM 140', 'start': '13:20'};{'day': 'Th', 'end': '15:35', 'location': 'OM 140', 'start': '14:15'}","False","BTS-B. Counts toward medieval studies major.","","1","O","20131","History of Christian Thought II","Research","2013"
"0000091241","1.0","0000001246","REL","How might the Christian ethical systems that have dominated western culture look different if women's experiences and perspectives had been more centrally included? This course focuses on the continuities and contrasts between traditional Jewish and Christian ethics and the feminist and womanist ethical challenges to them which have emerged over the last quarter century. Prerequisite: completion of BTS-T or permission of instructor.","23","0","4","0","19","EIN","Booth, David","{'fsnum': '712', 'name': 'Booth, David'}","300","24","0","","0","","Feminist/Chr Ethic","Prerequisite: Completion of BTS-T or permission of the instructor.              ;Open only to rising Seniors and Juniors during web registration.","344","{'day': 'Mo', 'end': '10:00', 'location': 'OM 140', 'start': '09:05'};{'day': 'We', 'end': '10:00', 'location': 'OM 140', 'start': '09:05'};{'day': 'Fr', 'end': '10:00', 'location': 'OM 140', 'start': '09:05'}","False","completion of BTS-T or permission of instructor.","","1","C","20131","Feminist Perspectives and Christian Ethics","Research","2013"
"0000088192","1.0","0000001253","REL","","0","0","0","0","0","","Staff","{'fsnum': '', 'name': 'Staff'}","300","","","","","","Academic Internship","","394","","True","","","1","C","20131","Internship","Research","2013"
"0000091957","1.0","0000001256","REL","May be repeated if topics are different. Prerequisite: BTS-B.","11","0","1","0","10","","Schillinger, Jamie A.","{'fsnum': '15819', 'name': 'Schillinger, Jamie A.'}","300","15","0","","","","Rel/Dialog: Prosp/Perils","","397","{'day': 'Mo', 'end': '11:40', 'location': 'OM 110', 'start': '10:45'};{'day': 'We', 'end': '11:40', 'location': 'OM 110', 'start': '10:45'};{'day': 'Fr', 'end': '11:40', 'location': 'OM 110', 'start': '10:45'}","False","BTS-B.","","1","O","20131","Religion in Dialogue","Research","2013"
"0000088807","1.0","0000001257","REL","","1","0","0","0","1","WRI","Rambachan, Anantanand","{'fsnum': '6535', 'name': 'Rambachan, Anantanand'}","300","","","","","","IR/Sankara and Spinoza","","398","","False","","","1","O","20131","Independent Research","Research","2013"
"0000092057","1.0","0000001257","REL","","1","0","0","0","1","","Lagerquist, L. DeAne","{'fsnum': '4592', 'name': 'Lagerquist, L. DeAne'}","300","","","","","","IR/Enacting God's Justice","","398","","False","","A","1","O","20131","Independent Research","Research","2013"
"0000093292","1.0","0000001257","REL","","1","0","1","0","0","","Ripley, Jason J.","{'fsnum': '17395', 'name': 'Ripley, Jason J.'}","300","","","","","","IR/Josephus on Herod","","398","","False","","B","1","O","20131","Independent Research","Research","2013"
"0000093351","1.0","0000001257","REL","","1","0","0","0","1","","Schuurman, Douglas","{'fsnum': '7248', 'name': 'Schuurman, Douglas'}","300","","","","","","IR/Questions of Meaning","","398","","False","","C","1","O","20131","Independent Research","Research","2013"
"0000093358","1.0","0000001257","REL","","1","0","0","0","1","WRI","Walter, Gregory A.","{'fsnum': '16642', 'name': 'Walter, Gregory A.'}","300","","","","","","IR/Fem Theology Sacrifice","","398","","False","","D","1","O","20131","Independent Research","Research","2013"
"0000088316","1.0","0000001259","RUSSN","This course offers an introduction to grammar and reading through oral and written work, supplemented by reading of graded Russian prose. Offered annually in the fall semester.","16","13","0","2","1","","Walter, Irina","{'fsnum': '8888', 'name': 'Walter, Irina'}","100","21","","","","","Beginning Russian I","Students in Russn 111A must also register for one lab Russn 111AL or BL.","111","{'day': 'Mo', 'end': '12:45', 'location': 'TOH 108', 'start': '23:50'};{'day': 'We', 'end': '12:45', 'location': 'TOH 108', 'start': '23:50'};{'day': 'Fr', 'end': '12:45', 'location': 'TOH 108', 'start': '23:50'}","False","False","A","1","O","20131","","Research","2013"
"0000088317","1.0","0000001259","RUSSN","This course offers an introduction to grammar and reading through oral and written work, supplemented by reading of graded Russian prose. Offered annually in the fall semester.","14","14","0","0","0","","Walter, Irina","{'fsnum': '8888', 'name': 'Walter, Irina'}","100","18","","","","","Beginning Russian I","Students in Russn 111B must also register for one lab Russn 111AL or BL.","111","{'day': 'Mo', 'end': '14:55', 'location': 'TOH 108', 'start': '14:00'};{'day': 'We', 'end': '14:55', 'location': 'TOH 108', 'start': '14:00'};{'day': 'Fr', 'end': '14:55', 'location': 'TOH 108', 'start': '14:00'}","False","False","B","1","O","20131","","Research","2013"
"0000088318","","0000001260","RUSSN","","19","16","0","2","1","","Walter, Irina","{'fsnum': '8888', 'name': 'Walter, Irina'}","100","21","","","","","Beginning Russian I Lab","","111","{'day': 'Tu', 'end': '12:45', 'location': 'TOH 108', 'start': '23:50'}","False","","A","1","C","20131","","Lab","2013"
"0000088319","","0000001260","RUSSN","","11","11","0","0","0","","Walter, Irina","{'fsnum': '8888', 'name': 'Walter, Irina'}","100","18","","","","","Beginning Russian I Lab","","111","{'day': 'Tu', 'end': '14:55', 'location': 'TOH 108', 'start': '14:00'}","False","","B","1","O","20131","","Lab","2013"
"0000088688","1.0","0000001264","RUSSN","Students continue their grammar, oral, and written work with an emphasis on conversation and reading selections from classical and contemporary Russian authors. Offered annually in the fall semester.","14","1","2","10","1","FOL-R","Robinson, Marc","{'fsnum': '6710', 'name': 'Robinson, Marc'}","200","18","","","","","Intermed Russian I","Students in Russn 231A must also register for one lab Russn 231AL or BL.","231","{'day': 'Mo', 'end': '13:50', 'location': 'TOH 108', 'start': '12:55'};{'day': 'We', 'end': '13:50', 'location': 'TOH 108', 'start': '12:55'};{'day': 'Fr', 'end': '13:50', 'location': 'TOH 108', 'start': '12:55'}","False","False","A","1","O","20131","Intermediate Russian I","Research","2013"
"0000088689","1.0","0000001264","RUSSN","Students continue their grammar, oral, and written work with an emphasis on conversation and reading selections from classical and contemporary Russian authors. Offered annually in the fall semester.","10","0","2","8","0","FOL-R","Robinson, Marc","{'fsnum': '6710', 'name': 'Robinson, Marc'}","200","18","","","","","Intermed Russian I","Students in Russn 231B must also register for one lab Russn 231AL or BL.","231","{'day': 'Mo', 'end': '10:00', 'location': 'TOH 108', 'start': '09:05'};{'day': 'We', 'end': '10:00', 'location': 'TOH 108', 'start': '09:05'};{'day': 'Fr', 'end': '10:00', 'location': 'TOH 108', 'start': '09:05'}","False","False","B","1","O","20131","Intermediate Russian I","Research","2013"
"0000088690","","0000001265","RUSSN","","20","1","3","15","1","","Robinson, Marc","{'fsnum': '6710', 'name': 'Robinson, Marc'}","200","18","","","","","Intermed Russian I Lab","","231","{'day': 'Tu', 'end': '12:45', 'location': 'TOH 316', 'start': '23:50'}","False","","A","1","C","20131","","Lab","2013"
"0000088691","","0000001265","RUSSN","","5","0","2","3","0","","Robinson, Marc","{'fsnum': '6710', 'name': 'Robinson, Marc'}","200","18","","","","","Intermed Russian I Lab","","231","{'day': 'Tu', 'end': '08:55', 'location': 'TOH 316', 'start': '08:00'}","False","","B","1","O","20131","","Lab","2013"
"0000088445","1.0","0000001269","RUSSN","This course facilitates oral and written use of the language through conversation and composition, English to Russian translation, selections from Russian literature, and original themes. Prerequisite: Russian Language and Area Studies 232 or special permission of instructor. Offered annually in the fall semester.","9","1","7","0","1","FOL-R","Walter, Irina","{'fsnum': '8888', 'name': 'Walter, Irina'}","200","18","","","","","Conversation & Comp","","251","{'day': 'Mo', 'end': '13:50', 'location': 'TOH 102', 'start': '12:55'};{'day': 'We', 'end': '13:50', 'location': 'TOH 102', 'start': '12:55'};{'day': 'Fr', 'end': '13:50', 'location': 'TOH 102', 'start': '12:55'}","False","Russian Language and Area Studies 232 or special permission of instructor. Offered annually in the fall semester.","","1","O","20131","Conversation and Composition","Research","2013"
"0000091677","1.0","0000001273","RUSSN","This course traces the development of Russian literature from the end of the 19th century to the present. A variety of genres are studied, including the novel, the short story, drama, and lyric poetry. Major authors include: Chekhov, Akhmatova, Bulgakov, Pasternak, Solzhenitsyn, and Nabokov. Taught in translation. No prerequisites. Offered in alternate years.","18","0","10","3","5","ALS-L;ORC","Robinson, Marc","{'fsnum': '6710', 'name': 'Robinson, Marc'}","200","21","","","","","20th C Russian Lit-Tr","","262","{'day': 'Mo', 'end': '11:40', 'location': 'TOH 108', 'start': '10:45'};{'day': 'We', 'end': '11:40', 'location': 'TOH 108', 'start': '10:45'};{'day': 'Fr', 'end': '11:40', 'location': 'TOH 108', 'start': '10:45'}","False","False","","1","C","20131","20th-Century Russian Literature","Research","2013"
"0000088193","1.0","0000001275","RUSSN","","0","0","0","0","0","","Staff","{'fsnum': '', 'name': 'Staff'}","200","","","","","","Academic Internship","","294","","True","","","1","C","20131","","Research","2013"
"0000088861","1.0","0000001276","RUSSN","","0","0","0","0","0","","Staff","{'fsnum': '', 'name': 'Staff'}","200","","","","","","IS/","","298","","False","","","1","O","20131","Independent Study","Research","2013"
"0000088194","1.0","0000001279","RUSSN","","0","0","0","0","0","","Staff","{'fsnum': '', 'name': 'Staff'}","300","","","","","","Academic Internship","","394","","True","","","1","C","20131","","Research","2013"
"0000088780","1.0","0000001280","RUSSN","Independent Research is required for all students seeking credit for a senior project.","0","0","0","0","0","","Staff","{'fsnum': '', 'name': 'Staff'}","300","","","","","","IR/","","398","","False","False","","1","O","20131","Independent Research","Research","2013"
"0000088208","0.5","0000001282","RUSST","","0","0","0","0","0","","Staff","{'fsnum': '', 'name': 'Staff'}","200","","","","","","Academic Internship","","294","","True","","","1","C","20131","","Research","2013"
"0000088854","1.0","0000001283","RUSST","","0","0","0","0","0","","Staff","{'fsnum': '', 'name': 'Staff'}","200","","","","","","IS/","","298","","False","","","1","O","20131","","Research","2013"
"0000088781","1.0","0000001285","RUSST","","0","0","0","0","0","","Staff","{'fsnum': '', 'name': 'Staff'}","300","","","","","","IR/","","398","","False","","","1","O","20131","","Research","2013"
"0000093384","1.0","0000001285","RUSST","","1","0","0","0","1","","Kuxhausen, Anna","{'fsnum': '17470', 'name': 'Kuxhausen, Anna'}","300","","","","","","IR/Kazakh Intelligentsia","","398","","False","","A","1","O","20131","","Research","2013"
"0000089101","1.0","0000021600","SCICN","This course examines the development of modern science as revealed by primary texts and analysis of key episodes. Beginning with Aristotle, Copernicus, and Galileo, students gain a deeper understanding of the ideas, personalities, and events that shaped the emergence of the modern scientific view of the natural world. The course considers the historical, philosophical, and theological dimensions of major revolutions in science along with important contemporary developments. Offered annually in the fall semester.","22","1","0","19","2","","Cunningham, Arthur;Cole, Eric","{'fsnum': '20236', 'name': 'Cunningham, Arthur'};{'fsnum': '1206', 'name': 'Cole, Eric'}","200","24","0","0","","0","Rise of Modern Science","Open to Science Conversations students only.","213","{'day': 'Tu', 'end': '11:00', 'location': 'OM 340', 'start': '09:35'};{'day': 'Th', 'end': '10:50', 'location': 'OM 340', 'start': '09:30'}","False","False","","1","C","20131","The Rise of Modern Science: Origins and Revolutions","Research","2013"
"0000092705","1.0","0000001289","SOAN","This course helps students explore the connections between society and their own lives. Students answer challenging questions such as ""Do we have a 'human nature'?,"" ""Why does social inequality exist?,"" ""What is race?,"" and ""How do societies change?"" In answering these questions students learn to develop a sociological imagination. In doing so they review the various research methods and theories that form the sociological tradition. This course is open to first-year students or students in certain accredited programs. Open to all students when taught during the summer. Offered each semester. Counts towards American studies major.","18","17","0","1","0","HBS;MCD;MCS-D","Fischer, Laura L.","{'fsnum': '23897', 'name': 'Fischer, Laura L.'}","100","18","","0","0","0","Intro to Sociology","Open to first-year students only.","121","{'day': 'Mo', 'end': '08:55', 'location': 'HH 302', 'start': '08:00'};{'day': 'We', 'end': '08:55', 'location': 'HH 302', 'start': '08:00'};{'day': 'Fr', 'end': '08:55', 'location': 'HH 302', 'start': '08:00'}","False","False","A","1","C","20131","Introduction to Sociology","Research","2013"
"0000092676","1.0","0000001289","SOAN","This course helps students explore the connections between society and their own lives. Students answer challenging questions such as ""Do we have a 'human nature'?,"" ""Why does social inequality exist?,"" ""What is race?,"" and ""How do societies change?"" In answering these questions students learn to develop a sociological imagination. In doing so they review the various research methods and theories that form the sociological tradition. This course is open to first-year students or students in certain accredited programs. Open to all students when taught during the summer. Offered each semester. Counts towards American studies major.","20","20","0","0","0","HBS;MCD;MCS-D","Fischer, Laura L.","{'fsnum': '23897', 'name': 'Fischer, Laura L.'}","100","18","","0","0","0","Intro to Sociology","Open to first-year students only.","121","{'day': 'Mo', 'end': '10:00', 'location': 'HH 302', 'start': '09:05'};{'day': 'We', 'end': '10:00', 'location': 'HH 302', 'start': '09:05'};{'day': 'Fr', 'end': '10:00', 'location': 'HH 302', 'start': '09:05'}","False","False","B","1","C","20131","Introduction to Sociology","Research","2013"
"0000088731","1.0","0000001289","SOAN","This course helps students explore the connections between society and their own lives. Students answer challenging questions such as ""Do we have a 'human nature'?,"" ""Why does social inequality exist?,"" ""What is race?,"" and ""How do societies change?"" In answering these questions students learn to develop a sociological imagination. In doing so they review the various research methods and theories that form the sociological tradition. This course is open to first-year students or students in certain accredited programs. Open to all students when taught during the summer. Offered each semester. Counts towards American studies major.","21","20","0","1","0","HBS;MCD;MCS-D","Thornhill, Theodore E.","{'fsnum': '22807', 'name': 'Thornhill, Theodore E.'}","100","18","","0","1","0","Intro to Sociology","Open to first-year students only.","121","{'day': 'Tu', 'end': '13:10', 'location': 'HH 302', 'start': '23:45'};{'day': 'Th', 'end': '14:05', 'location': 'HH 302', 'start': '12:45'}","False","False","C","1","C","20131","Introduction to Sociology","Research","2013"
"0000088650","1.0","0000001294","SOAN","How do anthropologists study other cultures? Peoples around the world create different realities through the ways they conceptualize experience (cultures) and how they organize themselves to do what they need to do (societies). Anthropologists describe and compare cultures and societies, focusing on different aspects such as family and kinship, inequality and power, religion and values, economy and technology, cultural and social change. This course is open to first-year students or students in certain accredited programs. Offered each semester. Counts toward race and ethnic studies and women's and gender studies majors; and Africa and the Americas, race and ethnic studies, and women's and gender studies concentrations.","17","16","0","1","0","HBS;MCG;MCS-G","Keefe, Susi K.","{'fsnum': '22783', 'name': 'Keefe, Susi K.'}","100","18","","0","0","0","Int/Cult Anthropology","Open to first-year students only.","128","{'day': 'Tu', 'end': '11:00', 'location': 'HH 319', 'start': '09:35'};{'day': 'Th', 'end': '10:50', 'location': 'HH 319', 'start': '09:30'}","False","False","A","1","C","20131","Introduction to Cultural Anthropology","Research","2013"
"0000088649","1.0","0000001294","SOAN","How do anthropologists study other cultures? Peoples around the world create different realities through the ways they conceptualize experience (cultures) and how they organize themselves to do what they need to do (societies). Anthropologists describe and compare cultures and societies, focusing on different aspects such as family and kinship, inequality and power, religion and values, economy and technology, cultural and social change. This course is open to first-year students or students in certain accredited programs. Offered each semester. Counts toward race and ethnic studies and women's and gender studies majors; and Africa and the Americas, race and ethnic studies, and women's and gender studies concentrations.","19","16","0","0","3","HBS;MCG;MCS-G","Keefe, Susi K.","{'fsnum': '22783', 'name': 'Keefe, Susi K.'}","100","18","","0","0","0","Int/Cult Anthropology","Open to first-year students only.","128","{'day': 'Tu', 'end': '13:10', 'location': 'HH 319', 'start': '23:45'};{'day': 'Th', 'end': '14:05', 'location': 'HH 319', 'start': '12:45'}","False","False","B","1","C","20131","Introduction to Cultural Anthropology","Research","2013"
"0000088651","1.0","0000001294","SOAN","How do anthropologists study other cultures? Peoples around the world create different realities through the ways they conceptualize experience (cultures) and how they organize themselves to do what they need to do (societies). Anthropologists describe and compare cultures and societies, focusing on different aspects such as family and kinship, inequality and power, religion and values, economy and technology, cultural and social change. This course is open to first-year students or students in certain accredited programs. Offered each semester. Counts toward race and ethnic studies and women's and gender studies majors; and Africa and the Americas, race and ethnic studies, and women's and gender studies concentrations.","16","12","0","2","2","HBS;MCG;MCS-G","Anderson, Carolyn","{'fsnum': '179', 'name': 'Anderson, Carolyn'}","100","18","","0","0","0","Int/Cult Anthropology","Open to first-year students only.","128","{'day': 'Mo', 'end': '14:55', 'location': 'HH 302', 'start': '14:00'};{'day': 'We', 'end': '14:55', 'location': 'HH 302', 'start': '14:00'};{'day': 'Fr', 'end': '14:55', 'location': 'HH 302', 'start': '14:00'}","False","False","C","1","C","20131","Introduction to Cultural Anthropology","Research","2013"
"0000091229","1.0","0000001299","SOAN","As an overview of the variety of belief systems and ways of life, this course explores ethnographic case studies of Native American groups from the major culture areas of North America north of Mexico. Topics addressed in this course include language families, social organization systems, ecological and economic adaptations, material culture, religions, and revitalization movements. This course will also examine the impacts of colonial encounters upon Native American cultures. Offered every other year in the fall or spring semester. Counts towards American studies major and race and ethnic studies major and concentration.","23","0","11","4","8","HBS;MCD;MCS-D","Anderson, Carolyn","{'fsnum': '179', 'name': 'Anderson, Carolyn'}","200","25","","","","","Native N Amer Cultures","","234","{'day': 'Mo', 'end': '11:40', 'location': 'OM 310', 'start': '10:45'};{'day': 'We', 'end': '11:40', 'location': 'OM 310', 'start': '10:45'};{'day': 'Fr', 'end': '11:40', 'location': 'OM 310', 'start': '10:45'}","False","False","A","1","C","20131","Native North American Cultures and Religions","Research","2013"
"0000091230","1.0","0000001299","SOAN","As an overview of the variety of belief systems and ways of life, this course explores ethnographic case studies of Native American groups from the major culture areas of North America north of Mexico. Topics addressed in this course include language families, social organization systems, ecological and economic adaptations, material culture, religions, and revitalization movements. This course will also examine the impacts of colonial encounters upon Native American cultures. Offered every other year in the fall or spring semester. Counts towards American studies major and race and ethnic studies major and concentration.","21","0","6","4","11","HBS;MCD;MCS-D","Anderson, Carolyn","{'fsnum': '179', 'name': 'Anderson, Carolyn'}","200","25","","","","","Native N Amer Cultures","","234","{'day': 'Mo', 'end': '12:45', 'location': 'OM 310', 'start': '23:50'};{'day': 'We', 'end': '12:45', 'location': 'OM 310', 'start': '23:50'};{'day': 'Fr', 'end': '12:45', 'location': 'OM 310', 'start': '23:50'}","False","False","B","1","O","20131","Native North American Cultures and Religions","Research","2013"
"0000089225","1.0","0000001301","SOAN","Focusing on present day Arab and Middle Eastern countries, the course explores the role of the institutions of family and religion in maintaining continuity, while also identifying sources of change such as the colonial experience, regional and global interdependence, the social impact of oil, fundamentalist movements, and the co-existence of traditional and ""modern"" values. Offered annually in the fall or spring semester.","27","2","6","5","14","HBS;MCG;MCS-G","Al Atiyat, Ibtesam","{'fsnum': '21084', 'name': 'Al Atiyat, Ibtesam'}","200","25","","","","","The Arab World","","236","{'day': 'Mo', 'end': '12:45', 'location': 'OM 30', 'start': '23:50'};{'day': 'We', 'end': '12:45', 'location': 'OM 30', 'start': '23:50'};{'day': 'Fr', 'end': '12:45', 'location': 'OM 30', 'start': '23:50'}","False","False","A","1","C","20131","","Research","2013"
"0000089226","1.0","0000001301","SOAN","Focusing on present day Arab and Middle Eastern countries, the course explores the role of the institutions of family and religion in maintaining continuity, while also identifying sources of change such as the colonial experience, regional and global interdependence, the social impact of oil, fundamentalist movements, and the co-existence of traditional and ""modern"" values. Offered annually in the fall or spring semester.","24","0","5","11","8","HBS;MCG;MCS-G","Al Atiyat, Ibtesam","{'fsnum': '21084', 'name': 'Al Atiyat, Ibtesam'}","200","25","","","","","The Arab World","","236","{'day': 'Mo', 'end': '13:50', 'location': 'OM 30', 'start': '12:55'};{'day': 'We', 'end': '13:50', 'location': 'OM 30', 'start': '12:55'};{'day': 'Fr', 'end': '13:50', 'location': 'OM 30', 'start': '12:55'}","False","False","B","1","C","20131","","Research","2013"
"0000091231","1.0","0000001311","SOAN","This course compares gender patterns and issues in various cultures around the world, such as Latin America, the Middle East, India, the U.S., and East Asia. How do cultural expectations for women and men vary? Why do some societies have more gender equality than others? How do economic and political change, including globalization, impact gender roles? How do U.S. and Third World feminism compare? Offered annually in the fall or spring semester. Counts towards race and ethnic studies major and concentration and Africa and the Americas and women's and gender studies concentrations .","29","0","11","7","11","HBS;MCG;MCS-G","Nordstrom-Loeb, Bruce","{'fsnum': '5728', 'name': 'Nordstrom-Loeb, Bruce'}","200","25","","","","","Gender/C-Cult/Persp","","261","{'day': 'Mo', 'end': '13:50', 'location': 'HH 403', 'start': '12:55'};{'day': 'We', 'end': '13:50', 'location': 'HH 403', 'start': '12:55'};{'day': 'Fr', 'end': '13:50', 'location': 'HH 403', 'start': '12:55'}","False","False","A","1","C","20131","Gender in Cross-Cultural Perspective","Research","2013"
"0000091232","1.0","0000001311","SOAN","This course compares gender patterns and issues in various cultures around the world, such as Latin America, the Middle East, India, the U.S., and East Asia. How do cultural expectations for women and men vary? Why do some societies have more gender equality than others? How do economic and political change, including globalization, impact gender roles? How do U.S. and Third World feminism compare? Offered annually in the fall or spring semester. Counts towards race and ethnic studies major and concentration and Africa and the Americas and women's and gender studies concentrations .","24","0","10","6","8","HBS;MCG;MCS-G","Nordstrom-Loeb, Bruce","{'fsnum': '5728', 'name': 'Nordstrom-Loeb, Bruce'}","200","25","","","","","Gender/C-Cult/Persp","","261","{'day': 'Mo', 'end': '14:55', 'location': 'HH 403', 'start': '14:00'};{'day': 'We', 'end': '14:55', 'location': 'HH 403', 'start': '14:00'};{'day': 'Fr', 'end': '14:55', 'location': 'HH 403', 'start': '14:00'}","False","False","B","1","C","20131","Gender in Cross-Cultural Perspective","Research","2013"
"0000089082","1.0","0000001306","SOAN","Students explore the continuing significance of color, class, and immigration in the U.S., with a focus on the experiences and concerns of African-Americans, Native Americans, Hispanics/Latinos, and Asian-Americans. The course examines the nature and functions of prejudice; the relationship among race, class and gender; the persistence of racism and inequality; and social policies and social movements intended to create greater social justice. Offered annually in the fall or spring semester. Counts towards American studies, race and ethnic studies, and Latin American studies majors; and race and ethnic studies, Africa and the Americas, and Latin American studies concentrations.","26","0","12","7","7","HBS;MCD;MCS-D","Thornhill, Theodore E.","{'fsnum': '22807', 'name': 'Thornhill, Theodore E.'}","200","22","2","","","","Race/Class-Am Culture","","264","{'day': 'Tu', 'end': '09:25', 'location': 'HH 403', 'start': '08:00'};{'day': 'Th', 'end': '09:20', 'location': 'HH 403', 'start': '08:00'}","False","False","A","1","C","20131","Race and Class in American Culture","Research","2013"
"0000089083","1.0","0000001306","SOAN","Students explore the continuing significance of color, class, and immigration in the U.S., with a focus on the experiences and concerns of African-Americans, Native Americans, Hispanics/Latinos, and Asian-Americans. The course examines the nature and functions of prejudice; the relationship among race, class and gender; the persistence of racism and inequality; and social policies and social movements intended to create greater social justice. Offered annually in the fall or spring semester. Counts towards American studies, race and ethnic studies, and Latin American studies majors; and race and ethnic studies, Africa and the Americas, and Latin American studies concentrations.","23","0","3","9","11","HBS;MCD;MCS-D","Thornhill, Theodore E.","{'fsnum': '22807', 'name': 'Thornhill, Theodore E.'}","200","22","2","","","","Race/Class-Am Culture","","264","{'day': 'Tu', 'end': '11:00', 'location': 'HH 403', 'start': '09:35'};{'day': 'Th', 'end': '10:50', 'location': 'HH 403', 'start': '09:30'}","False","False","B","1","C","20131","Race and Class in American Culture","Research","2013"
"0000088262","1.0","0000001314","SOAN","This course introduces students to anthropological theory and the ""culture"" of the discipline itself. Students examine anthropology's formation during the Industrial Revolution and the Age of Empire, which called for new explanations of human differences and gave new significance to the nature and meaning of ""culture."" They explore the method of participant observation research, the question of whether anthropology is a science, the problem of representing one culture to another, and the changing nature of ethnographic writing. Open to sociology/anthropology majors only. Offered annually in the fall semester.","21","0","7","7","7","WRI","Williamson, Thomas A.","{'fsnum': '14223', 'name': 'Williamson, Thomas A.'}","200","21","0","","","","Anthropologic Theory","Open to Sociology/Anthropology majors only.                                     ;Prerequisite: One previous Sociology/Anthropology course.","292","{'day': 'Mo', 'end': '11:40', 'location': 'HH 302', 'start': '10:45'};{'day': 'We', 'end': '11:40', 'location': 'HH 302', 'start': '10:45'};{'day': 'Fr', 'end': '11:40', 'location': 'HH 302', 'start': '10:45'}","False","One previous Sociology/Anthropology course.","A","1","C","20131","Anthropological Theory","Research","2013"
"0000088261","1.0","0000001314","SOAN","This course introduces students to anthropological theory and the ""culture"" of the discipline itself. Students examine anthropology's formation during the Industrial Revolution and the Age of Empire, which called for new explanations of human differences and gave new significance to the nature and meaning of ""culture."" They explore the method of participant observation research, the question of whether anthropology is a science, the problem of representing one culture to another, and the changing nature of ethnographic writing. Open to sociology/anthropology majors only. Offered annually in the fall semester.","21","0","7","11","3","WRI","Williamson, Thomas A.","{'fsnum': '14223', 'name': 'Williamson, Thomas A.'}","200","21","0","","","","Anthropologic Theory","Open to Sociology/Anthropology majors only.                                     ;Prerequisite: One previous Sociology/Anthropology course.","292","{'day': 'Mo', 'end': '13:50', 'location': 'HH 302', 'start': '12:55'};{'day': 'We', 'end': '13:50', 'location': 'HH 302', 'start': '12:55'};{'day': 'Fr', 'end': '13:50', 'location': 'HH 302', 'start': '12:55'}","False","One previous Sociology/Anthropology course.","B","1","C","20131","Anthropological Theory","Research","2013"
"0000088195","1.0","0000001315","SOAN","","1","0","0","0","1","","Williamson, Thomas A.","{'fsnum': '14223', 'name': 'Williamson, Thomas A.'}","200","","","","","","Academic Internship","","294","","True","","","1","C","20131","Internship","Research","2013"
"0000089251","1.0","0000023235","SOAN","Topic for fall semester 2013-14: This course introduces some of the main theoretical approaches and some practical applications of environmental anthropology. Students examine cultural and social aspects of the human-environment interface, such as different belief and value systems relating to the environment, resource conflict and management, conservation and biodiversity, agriculture and food security, and the environmental justice movement. The course also addresses methods and problems of applying research in environmental anthropology to related development, conservation, and human rights issues. Counts toward sociology/anthropology major. Counts toward environmental studies major (natural science track, social science track) and concentration when taught as Environmental Anthropology. Offered in the fall semester.","20","0","5","11","4","HBS;MCG;MCS-G","Keefe, Susi K.","{'fsnum': '22783', 'name': 'Keefe, Susi K.'}","200","18","","","","","Top: Enviro Anthropology","","297","{'day': 'Tu', 'end': '14:45', 'location': 'HH 319', 'start': '13:20'};{'day': 'Th', 'end': '15:35', 'location': 'HH 319', 'start': '14:15'}","False","False","","1","C","20131","Topics in Sociology and Anthropology with HBS and MCG/MCS-G","Research","2013"
"0000088899","1.0","0000001316","SOAN","","0","0","0","0","0","","Staff","{'fsnum': '', 'name': 'Staff'}","200","","","","","","IS/","","298","","False","","","1","O","20131","Independent Study","Research","2013"
"0000092060","1.0","0000001316","SOAN","","1","0","0","0","1","","Al Atiyat, Ibtesam","{'fsnum': '21084', 'name': 'Al Atiyat, Ibtesam'}","200","","","","","","IS/Afghan Women Mvmts","","298","","False","","A","1","O","20131","Independent Study","Research","2013"
"0000092164","1.0","0000001316","SOAN","","1","0","1","0","0","","Al Atiyat, Ibtesam","{'fsnum': '21084', 'name': 'Al Atiyat, Ibtesam'}","200","","","","","","IS/Sexuality in Arab Lit","","298","","False","","B","1","O","20131","Independent Study","Research","2013"
"0000093293","1.0","0000001316","SOAN","","2","0","0","1","1","","Al Atiyat, Ibtesam","{'fsnum': '21084', 'name': 'Al Atiyat, Ibtesam'}","200","","","","","","IS/Gender in Sénégal","","298","","False","","C","1","O","20131","Independent Study","Research","2013"
"0000093332","1.0","0000001316","SOAN","","1","0","0","0","1","","Thornhill, Theodore E.","{'fsnum': '22807', 'name': 'Thornhill, Theodore E.'}","200","","","","","","IS/Youth, Gangs, & Crime","","298","","False","","D","1","O","20131","Independent Study","Research","2013"
"0000093388","1.0","0000001316","SOAN","","1","0","0","0","1","","Al Atiyat, Ibtesam","{'fsnum': '21084', 'name': 'Al Atiyat, Ibtesam'}","200","","","","","","IS/Neo-Orientalism","","298","","False","","E","1","O","20131","Independent Study","Research","2013"
"0000093522","1.0","0000001316","SOAN","","1","0","1","0","0","","Williamson, Thomas A.","{'fsnum': '14223', 'name': 'Williamson, Thomas A.'}","200","","","","","","IS/Culture of Biomedicine","","298","","False","","F","1","O","20131","Independent Study","Research","2013"
"0000088533","1.0","0000001317","SOAN","Students gain the skills necessary to conduct and critically evaluate quantitative research. Students learn the underlying theoretical assumptions and orientations of quantitative research, including research design, sampling techniques, strategies for data collection, and approaches to analysis. Students gain practice in data analysis by conducting a research project and using the Statistical Package for the Social Sciences (SPSS), a standard in sociology. Open to sociology/anthropology majors only. Prerequisite: Statistics 110 or 212. Offered annually in the fall semester. Counts toward environmental studies major (social science track).","23","0","5","0","18","ORC;WRI","Sheppard, Ryan R.","{'fsnum': '18160', 'name': 'Sheppard, Ryan R.'}","300","24","0","5","0","19","Found Soc Sci Resrch","Open to rising senior and junior Sociology/Anthropology majors only.            ;Prerequisite: Statistics 110 or 212.","371","{'day': 'Mo', 'end': '08:55', 'location': 'OM 10', 'start': '08:00'};{'day': 'We', 'end': '08:55', 'location': 'OM 10', 'start': '08:00'};{'day': 'Fr', 'end': '08:55', 'location': 'OM 10', 'start': '08:00'}","False","Statistics 110 or 212. Offered annually in the fall semester. Counts toward environmental studies major (social science track).","A","1","C","20131","Foundations of Social Science Research: Quantitative Methods","Research","2013"
"0000088534","1.0","0000001317","SOAN","Students gain the skills necessary to conduct and critically evaluate quantitative research. Students learn the underlying theoretical assumptions and orientations of quantitative research, including research design, sampling techniques, strategies for data collection, and approaches to analysis. Students gain practice in data analysis by conducting a research project and using the Statistical Package for the Social Sciences (SPSS), a standard in sociology. Open to sociology/anthropology majors only. Prerequisite: Statistics 110 or 212. Offered annually in the fall semester. Counts toward environmental studies major (social science track).","23","0","8","0","15","ORC;WRI","Sheppard, Ryan R.","{'fsnum': '18160', 'name': 'Sheppard, Ryan R.'}","300","24","0","","0","","Found Soc Sci Resrch","Open to rising senior and junior Sociology/Anthropology majors only.            ;Prerequisite: Statistics 110 or 212.","371","{'day': 'Mo', 'end': '10:00', 'location': 'OM 10', 'start': '09:05'};{'day': 'We', 'end': '10:00', 'location': 'OM 10', 'start': '09:05'};{'day': 'Fr', 'end': '10:00', 'location': 'OM 10', 'start': '09:05'}","False","Statistics 110 or 212. Offered annually in the fall semester. Counts toward environmental studies major (social science track).","B","1","C","20131","Foundations of Social Science Research: Quantitative Methods","Research","2013"
"0000088196","1.0","0000001319","SOAN","","0","0","0","0","0","","Staff","{'fsnum': '', 'name': 'Staff'}","300","","","","","","Academic Internship","","394","","True","","","1","C","20131","Internship","Research","2013"
"0000088767","1.0","0000001320","SOAN","","0","0","0","0","0","","Staff","{'fsnum': '', 'name': 'Staff'}","300","","","","","","IR/","","398","","False","","","1","O","20131","Independent Research","Research","2013"
"0000093364","1.0","0000001320","SOAN","","0","0","0","0","0","","","","300","","","","","","IR/","","398","","False","","A","1","O","20131","Independent Research","Research","2013"
"0000088320","1.0","0000001325","SPAN","Students expand their skills by continuing to listen, speak, read, and write on such topics as the concept of time, leisure activities, and culinary traditions in North American and Hispanic cultures. Additional work is done in the World Languages Center. Prerequisite: Spanish 111 or placement. Offered each semester.","10","8","0","1","1","","Olson, Barbara","{'fsnum': '15750', 'name': 'Olson, Barbara'}","100","15","","","","","Beginning Spanish II","Prerequisite: Completion of Spanish placement test or preceding course.","112","{'day': 'Mo', 'end': '08:55', 'location': 'TOH 114', 'start': '08:00'};{'day': 'We', 'end': '08:55', 'location': 'TOH 114', 'start': '08:00'};{'day': 'Fr', 'end': '08:55', 'location': 'TOH 114', 'start': '08:00'}","False","Spanish 111 or placement. Offered each semester.","A","1","O","20131","","Research","2013"
"0000088322","1.0","0000001325","SPAN","Students expand their skills by continuing to listen, speak, read, and write on such topics as the concept of time, leisure activities, and culinary traditions in North American and Hispanic cultures. Additional work is done in the World Languages Center. Prerequisite: Spanish 111 or placement. Offered each semester.","18","14","0","2","2","","Olson, Barbara","{'fsnum': '15750', 'name': 'Olson, Barbara'}","100","17","","","","","Beginning Spanish II","Prerequisite: Completion of Spanish placement test or preceding course.","112","{'day': 'Mo', 'end': '10:00', 'location': 'TOH 114', 'start': '09:05'};{'day': 'We', 'end': '10:00', 'location': 'TOH 114', 'start': '09:05'};{'day': 'Fr', 'end': '10:00', 'location': 'TOH 114', 'start': '09:05'}","False","Spanish 111 or placement. Offered each semester.","B","1","C","20131","","Research","2013"
"0000088321","1.0","0000001325","SPAN","Students expand their skills by continuing to listen, speak, read, and write on such topics as the concept of time, leisure activities, and culinary traditions in North American and Hispanic cultures. Additional work is done in the World Languages Center. Prerequisite: Spanish 111 or placement. Offered each semester.","14","8","1","4","1","","Berry, Anne G.;Giannini, Claudia","{'fsnum': '22914', 'name': 'Berry, Anne G.'};{'fsnum': '22074', 'name': 'Giannini, Claudia'}","100","15","","","","","Beginning Spanish II","Prerequisite: Completion of Spanish placement test or preceding course.","112","{'day': 'Mo', 'end': '13:50', 'location': 'TB 216', 'start': '12:55'};{'day': 'We', 'end': '13:50', 'location': 'TB 216', 'start': '12:55'};{'day': 'Fr', 'end': '13:50', 'location': 'TB 216', 'start': '12:55'}","False","Spanish 111 or placement. Offered each semester.","C","1","C","20131","","Research","2013"
"0000092174","1.0","0000001325","SPAN","Students expand their skills by continuing to listen, speak, read, and write on such topics as the concept of time, leisure activities, and culinary traditions in North American and Hispanic cultures. Additional work is done in the World Languages Center. Prerequisite: Spanish 111 or placement. Offered each semester.","15","12","0","1","2","","Berry, Anne G.;Giannini, Claudia","{'fsnum': '22914', 'name': 'Berry, Anne G.'};{'fsnum': '22074', 'name': 'Giannini, Claudia'}","100","15","","","","","Beginning Spanish II","Prerequisite: Completion of Spanish placement test or preceding course.","112","{'day': 'Mo', 'end': '12:45', 'location': 'TB 216', 'start': '23:50'};{'day': 'We', 'end': '12:45', 'location': 'TB 216', 'start': '23:50'};{'day': 'Fr', 'end': '12:45', 'location': 'TB 216', 'start': '23:50'}","False","Spanish 111 or placement. Offered each semester.","D","1","C","20131","","Research","2013"
"0000088692","1.0","0000001326","SPAN","Through exploring the geographic and human diversity of the Spanish-speaking world, students develop increasingly complex skills for analyzing and communicating in Spanish. They study such essential dimensions of that world as: (1) geography and development; (2) environmental challenges and solutions; (3) population and demographic changes and challenges; and (4) ethnic diversity. Prerequisite: Spanish 112 or placement. Offered each semester and during Interim.","16","5","0","10","1","","Cropsey, Kris A.","{'fsnum': '14153', 'name': 'Cropsey, Kris A.'}","200","17","","","","","Intermed Spanish I","Prerequisite: Completion of Spanish placement test or preceding course.","231","{'day': 'Mo', 'end': '08:55', 'location': 'TOH 308', 'start': '08:00'};{'day': 'We', 'end': '08:55', 'location': 'TOH 308', 'start': '08:00'};{'day': 'Fr', 'end': '08:55', 'location': 'TOH 308', 'start': '08:00'}","False","Spanish 112 or placement. Offered each semester and during Interim.","A","1","C","20131","Intermediate Spanish I","Research","2013"
"0000088694","1.0","0000001326","SPAN","Through exploring the geographic and human diversity of the Spanish-speaking world, students develop increasingly complex skills for analyzing and communicating in Spanish. They study such essential dimensions of that world as: (1) geography and development; (2) environmental challenges and solutions; (3) population and demographic changes and challenges; and (4) ethnic diversity. Prerequisite: Spanish 112 or placement. Offered each semester and during Interim.","17","15","0","0","2","","O'Conner, Jonathan P.","{'fsnum': '22831', 'name': ""O'Conner, Jonathan P.""}","200","17","","","","","Intermed Spanish I","Prerequisite: Completion of Spanish placement test or preceding course.","231","{'day': 'Mo', 'end': '10:00', 'location': 'TOH 210', 'start': '09:05'};{'day': 'We', 'end': '10:00', 'location': 'TOH 210', 'start': '09:05'};{'day': 'Fr', 'end': '10:00', 'location': 'TOH 210', 'start': '09:05'}","False","Spanish 112 or placement. Offered each semester and during Interim.","B","1","C","20131","Intermediate Spanish I","Research","2013"
"0000088695","1.0","0000001326","SPAN","Through exploring the geographic and human diversity of the Spanish-speaking world, students develop increasingly complex skills for analyzing and communicating in Spanish. They study such essential dimensions of that world as: (1) geography and development; (2) environmental challenges and solutions; (3) population and demographic changes and challenges; and (4) ethnic diversity. Prerequisite: Spanish 112 or placement. Offered each semester and during Interim.","16","10","1","3","2","","Medina-Vilariño, Kristina","{'fsnum': '23607', 'name': 'Medina-Vilariño, Kristina'}","200","17","","","","","Intermed Spanish I","Prerequisite: Completion of Spanish placement test or preceding course.","231","{'day': 'Mo', 'end': '10:00', 'location': 'OM 210', 'start': '09:05'};{'day': 'We', 'end': '10:00', 'location': 'OM 210', 'start': '09:05'};{'day': 'Fr', 'end': '10:00', 'location': 'OM 210', 'start': '09:05'}","False","Spanish 112 or placement. Offered each semester and during Interim.","C","1","C","20131","Intermediate Spanish I","Research","2013"
"0000088697","1.0","0000001326","SPAN","Through exploring the geographic and human diversity of the Spanish-speaking world, students develop increasingly complex skills for analyzing and communicating in Spanish. They study such essential dimensions of that world as: (1) geography and development; (2) environmental challenges and solutions; (3) population and demographic changes and challenges; and (4) ethnic diversity. Prerequisite: Spanish 112 or placement. Offered each semester and during Interim.","16","12","1","3","0","","Cropsey, Kris A.","{'fsnum': '14153', 'name': 'Cropsey, Kris A.'}","200","17","","","","","Intermed Spanish I","Prerequisite: Completion of Spanish placement test or preceding course.","231","{'day': 'Mo', 'end': '11:40', 'location': 'TOH 110', 'start': '10:45'};{'day': 'We', 'end': '11:40', 'location': 'TOH 110', 'start': '10:45'};{'day': 'Fr', 'end': '11:40', 'location': 'TOH 110', 'start': '10:45'}","False","Spanish 112 or placement. Offered each semester and during Interim.","D","1","C","20131","Intermediate Spanish I","Research","2013"
"0000088693","1.0","0000001326","SPAN","Through exploring the geographic and human diversity of the Spanish-speaking world, students develop increasingly complex skills for analyzing and communicating in Spanish. They study such essential dimensions of that world as: (1) geography and development; (2) environmental challenges and solutions; (3) population and demographic changes and challenges; and (4) ethnic diversity. Prerequisite: Spanish 112 or placement. Offered each semester and during Interim.","15","15","0","0","0","","O'Conner, Jonathan P.","{'fsnum': '22831', 'name': ""O'Conner, Jonathan P.""}","200","17","","","","","Intermed Spanish I","Prerequisite: Completion of Spanish placement test or preceding course.","231","{'day': 'Mo', 'end': '11:40', 'location': 'TOH 316', 'start': '10:45'};{'day': 'We', 'end': '11:40', 'location': 'TOH 316', 'start': '10:45'};{'day': 'Fr', 'end': '11:40', 'location': 'TOH 316', 'start': '10:45'}","False","Spanish 112 or placement. Offered each semester and during Interim.","E","1","C","20131","Intermediate Spanish I","Research","2013"
"0000088698","1.0","0000001326","SPAN","Through exploring the geographic and human diversity of the Spanish-speaking world, students develop increasingly complex skills for analyzing and communicating in Spanish. They study such essential dimensions of that world as: (1) geography and development; (2) environmental challenges and solutions; (3) population and demographic changes and challenges; and (4) ethnic diversity. Prerequisite: Spanish 112 or placement. Offered each semester and during Interim.","17","15","0","2","0","","Medina-Vilariño, Kristina","{'fsnum': '23607', 'name': 'Medina-Vilariño, Kristina'}","200","17","","","","","Intermed Spanish I","Prerequisite: Completion of Spanish placement test or preceding course.","231","{'day': 'Mo', 'end': '12:45', 'location': 'TOH 316', 'start': '23:50'};{'day': 'We', 'end': '12:45', 'location': 'TOH 316', 'start': '23:50'};{'day': 'Fr', 'end': '12:45', 'location': 'TOH 316', 'start': '23:50'}","False","Spanish 112 or placement. Offered each semester and during Interim.","F","1","C","20131","Intermediate Spanish I","Research","2013"
"0000088699","1.0","0000001326","SPAN","Through exploring the geographic and human diversity of the Spanish-speaking world, students develop increasingly complex skills for analyzing and communicating in Spanish. They study such essential dimensions of that world as: (1) geography and development; (2) environmental challenges and solutions; (3) population and demographic changes and challenges; and (4) ethnic diversity. Prerequisite: Spanish 112 or placement. Offered each semester and during Interim.","16","9","1","5","1","","Villate-Isaza, Alberto","{'fsnum': '20192', 'name': 'Villate-Isaza, Alberto'}","200","17","","","","","Intermed Spanish I","Prerequisite: Completion of Spanish placement test or preceding course.","231","{'day': 'Mo', 'end': '12:45', 'location': 'TOH 214', 'start': '23:50'};{'day': 'We', 'end': '12:45', 'location': 'TOH 214', 'start': '23:50'};{'day': 'Fr', 'end': '12:45', 'location': 'TOH 214', 'start': '23:50'}","False","Spanish 112 or placement. Offered each semester and during Interim.","G","1","C","20131","Intermediate Spanish I","Research","2013"
"0000088701","1.0","0000001326","SPAN","Through exploring the geographic and human diversity of the Spanish-speaking world, students develop increasingly complex skills for analyzing and communicating in Spanish. They study such essential dimensions of that world as: (1) geography and development; (2) environmental challenges and solutions; (3) population and demographic changes and challenges; and (4) ethnic diversity. Prerequisite: Spanish 112 or placement. Offered each semester and during Interim.","13","7","1","4","1","","Villate-Isaza, Alberto","{'fsnum': '20192', 'name': 'Villate-Isaza, Alberto'}","200","17","","","","","Intermed Spanish I","Prerequisite: Completion of Spanish placement test or preceding course.","231","{'day': 'Mo', 'end': '13:50', 'location': 'TOH 214', 'start': '12:55'};{'day': 'We', 'end': '13:50', 'location': 'TOH 214', 'start': '12:55'};{'day': 'Fr', 'end': '13:50', 'location': 'TOH 214', 'start': '12:55'}","False","Spanish 112 or placement. Offered each semester and during Interim.","H","1","C","20131","Intermediate Spanish I","Research","2013"
"0000088700","1.0","0000001326","SPAN","Through exploring the geographic and human diversity of the Spanish-speaking world, students develop increasingly complex skills for analyzing and communicating in Spanish. They study such essential dimensions of that world as: (1) geography and development; (2) environmental challenges and solutions; (3) population and demographic changes and challenges; and (4) ethnic diversity. Prerequisite: Spanish 112 or placement. Offered each semester and during Interim.","16","14","0","1","1","","Strichartz, Ariel","{'fsnum': '14955', 'name': 'Strichartz, Ariel'}","200","17","","","","","Intermed Spanish I","Prerequisite: Completion of Spanish placement test or preceding course.","231","{'day': 'Mo', 'end': '13:50', 'location': 'TOH 114', 'start': '12:55'};{'day': 'We', 'end': '13:50', 'location': 'TOH 114', 'start': '12:55'};{'day': 'Fr', 'end': '13:50', 'location': 'TOH 114', 'start': '12:55'}","False","Spanish 112 or placement. Offered each semester and during Interim.","I","1","C","20131","Intermediate Spanish I","Research","2013"
"0000088702","1.0","0000001326","SPAN","Through exploring the geographic and human diversity of the Spanish-speaking world, students develop increasingly complex skills for analyzing and communicating in Spanish. They study such essential dimensions of that world as: (1) geography and development; (2) environmental challenges and solutions; (3) population and demographic changes and challenges; and (4) ethnic diversity. Prerequisite: Spanish 112 or placement. Offered each semester and during Interim.","15","14","1","0","0","","Strichartz, Ariel","{'fsnum': '14955', 'name': 'Strichartz, Ariel'}","200","17","","","","","Intermed Spanish I","Prerequisite: Completion of Spanish placement test or preceding course.","231","{'day': 'Mo', 'end': '14:55', 'location': 'TOH 114', 'start': '14:00'};{'day': 'We', 'end': '14:55', 'location': 'TOH 114', 'start': '14:00'};{'day': 'Fr', 'end': '14:55', 'location': 'TOH 114', 'start': '14:00'}","False","Spanish 112 or placement. Offered each semester and during Interim.","J","1","C","20131","Intermediate Spanish I","Research","2013"
"0000088703","1.0","0000001326","SPAN","Through exploring the geographic and human diversity of the Spanish-speaking world, students develop increasingly complex skills for analyzing and communicating in Spanish. They study such essential dimensions of that world as: (1) geography and development; (2) environmental challenges and solutions; (3) population and demographic changes and challenges; and (4) ethnic diversity. Prerequisite: Spanish 112 or placement. Offered each semester and during Interim.","15","10","0","4","1","","Barnes-Karol, Gwen","{'fsnum': '332', 'name': 'Barnes-Karol, Gwen'}","200","17","","","","","Intermed Spanish I","Prerequisite: Completion of Spanish placement test or preceding course.","231","{'day': 'Mo', 'end': '14:55', 'location': 'TOH 212', 'start': '14:00'};{'day': 'We', 'end': '14:55', 'location': 'TOH 212', 'start': '14:00'};{'day': 'Fr', 'end': '14:55', 'location': 'TOH 212', 'start': '14:00'}","False","Spanish 112 or placement. Offered each semester and during Interim.","K","1","C","20131","Intermediate Spanish I","Research","2013"
"0000092173","1.0","0000001326","SPAN","Through exploring the geographic and human diversity of the Spanish-speaking world, students develop increasingly complex skills for analyzing and communicating in Spanish. They study such essential dimensions of that world as: (1) geography and development; (2) environmental challenges and solutions; (3) population and demographic changes and challenges; and (4) ethnic diversity. Prerequisite: Spanish 112 or placement. Offered each semester and during Interim.","18","14","0","2","2","","Broner, Maggie","{'fsnum': '792', 'name': 'Broner, Maggie'}","200","17","","","","","Intermed Spanish I","Prerequisite: Completion of Spanish placement test or preceding course.","231","{'day': 'Mo', 'end': '08:55', 'location': 'TOH 110', 'start': '08:00'};{'day': 'We', 'end': '08:55', 'location': 'TOH 110', 'start': '08:00'};{'day': 'Fr', 'end': '08:55', 'location': 'TOH 110', 'start': '08:00'}","False","Spanish 112 or placement. Offered each semester and during Interim.","L","1","C","20131","Intermediate Spanish I","Research","2013"
"0000088707","1.0","0000001327","SPAN","Students explore the diverse histories, circumstances, and contributions of Latinos in the U.S. by reading essays, news accounts, short fiction and autobiographies, viewing videos and TV broadcasts. They consolidate their language skills and continue to develop their ability to analyze and communicate in Spanish by writing compositions, making oral presentations, and engaging in interactive group activities. They also review Spanish structures difficult for speakers of English. Prerequisite: Spanish 231 or placement. Offered each semester.","17","7","1","8","1","FOL-S;MCD;MCS-D","Carullo, Sylvia","{'fsnum': '977', 'name': 'Carullo, Sylvia'}","200","18","","","","","Intermed Spanish II","Prerequisite: Completion of Spanish placement test or preceding course.","232","{'day': 'Mo', 'end': '11:40', 'location': 'TOH 114', 'start': '10:45'};{'day': 'We', 'end': '11:40', 'location': 'TOH 114', 'start': '10:45'};{'day': 'Fr', 'end': '11:40', 'location': 'TOH 114', 'start': '10:45'}","False","Spanish 231 or placement. Offered each semester.","A","1","C","20131","Intermediate Spanish II","Research","2013"
"0000088704","1.0","0000001327","SPAN","Students explore the diverse histories, circumstances, and contributions of Latinos in the U.S. by reading essays, news accounts, short fiction and autobiographies, viewing videos and TV broadcasts. They consolidate their language skills and continue to develop their ability to analyze and communicate in Spanish by writing compositions, making oral presentations, and engaging in interactive group activities. They also review Spanish structures difficult for speakers of English. Prerequisite: Spanish 231 or placement. Offered each semester.","18","6","3","6","3","FOL-S;MCD;MCS-D","Carullo, Sylvia","{'fsnum': '977', 'name': 'Carullo, Sylvia'}","200","18","","","","","Intermed Spanish II","Prerequisite: Completion of Spanish placement test or preceding course.","232","{'day': 'Mo', 'end': '12:45', 'location': 'TOH 114', 'start': '23:50'};{'day': 'We', 'end': '12:45', 'location': 'TOH 114', 'start': '23:50'};{'day': 'Fr', 'end': '12:45', 'location': 'TOH 114', 'start': '23:50'}","False","Spanish 231 or placement. Offered each semester.","B","1","C","20131","Intermediate Spanish II","Research","2013"
"0000088706","1.0","0000001327","SPAN","Students explore the diverse histories, circumstances, and contributions of Latinos in the U.S. by reading essays, news accounts, short fiction and autobiographies, viewing videos and TV broadcasts. They consolidate their language skills and continue to develop their ability to analyze and communicate in Spanish by writing compositions, making oral presentations, and engaging in interactive group activities. They also review Spanish structures difficult for speakers of English. Prerequisite: Spanish 231 or placement. Offered each semester.","19","2","0","16","1","FOL-S;MCD;MCS-D","Narváez, León","{'fsnum': '5471', 'name': 'Narváez, León'}","200","18","","","","","Intermed Spanish II","Prerequisite: Completion of Spanish placement test or preceding course.","232","{'day': 'Tu', 'end': '11:00', 'location': 'TOH 114', 'start': '09:35'};{'day': 'Th', 'end': '10:50', 'location': 'TOH 114', 'start': '09:30'}","False","Spanish 231 or placement. Offered each semester.","C","1","C","20131","Intermediate Spanish II","Research","2013"
"0000088705","1.0","0000001327","SPAN","Students explore the diverse histories, circumstances, and contributions of Latinos in the U.S. by reading essays, news accounts, short fiction and autobiographies, viewing videos and TV broadcasts. They consolidate their language skills and continue to develop their ability to analyze and communicate in Spanish by writing compositions, making oral presentations, and engaging in interactive group activities. They also review Spanish structures difficult for speakers of English. Prerequisite: Spanish 231 or placement. Offered each semester.","18","7","0","8","3","FOL-S;MCD;MCS-D","Narváez, León","{'fsnum': '5471', 'name': 'Narváez, León'}","200","18","","","","","Intermed Spanish II","Prerequisite: Completion of Spanish placement test or preceding course.","232","{'day': 'Tu', 'end': '14:45', 'location': 'TOH 114', 'start': '13:20'};{'day': 'Th', 'end': '15:35', 'location': 'TOH 114', 'start': '14:15'}","False","Spanish 231 or placement. Offered each semester.","D","1","C","20131","Intermediate Spanish II","Research","2013"
"0000088554","1.0","0000001330","SPAN","Students explore the topic of family and society in the Spanish-speaking world and develop critical reading skills by analyzing cultural documents (literary and non-literary texts, including at least one substantive literary work). This cultural analysis provides for extensive writing (e.g., description, narration, exposition, and argumentation). Taught in Spanish. Prerequisite: Spanish 232 or placement into Spanish 250. Offered each semester. Counts toward women's and gender studies major and family studies and women's and gender studies concentrations.","13","3","1","6","3","FOL-S;WRI","Narváez, León","{'fsnum': '5471', 'name': 'Narváez, León'}","200","18","","","","","Gateway Sp-Spkng Wrld","Prerequisite: Completion of Spanish placement test or preceding course.","250","{'day': 'Tu', 'end': '09:25', 'location': 'TOH 312', 'start': '08:00'};{'day': 'Th', 'end': '09:20', 'location': 'TOH 312', 'start': '08:00'}","False","Spanish 232 or placement into Spanish 250. Offered each semester. Counts toward women's and gender studies major and family studies and women's and gender studies concentrations.","A","1","C","20131","Gateway to the Spanish-Speaking World","Research","2013"
"0000088552","1.0","0000001330","SPAN","Students explore the topic of family and society in the Spanish-speaking world and develop critical reading skills by analyzing cultural documents (literary and non-literary texts, including at least one substantive literary work). This cultural analysis provides for extensive writing (e.g., description, narration, exposition, and argumentation). Taught in Spanish. Prerequisite: Spanish 232 or placement into Spanish 250. Offered each semester. Counts toward women's and gender studies major and family studies and women's and gender studies concentrations.","16","7","1","7","1","FOL-S;WRI","Strichartz, Ariel","{'fsnum': '14955', 'name': 'Strichartz, Ariel'}","200","18","","","","","Gateway Sp-Spkng Wrld","Prerequisite: Completion of Spanish placement test or preceding course.","250","{'day': 'Tu', 'end': '11:00', 'location': 'TOH 314', 'start': '09:35'};{'day': 'Th', 'end': '10:50', 'location': 'TOH 314', 'start': '09:30'}","False","Spanish 232 or placement into Spanish 250. Offered each semester. Counts toward women's and gender studies major and family studies and women's and gender studies concentrations.","B","1","C","20131","Gateway to the Spanish-Speaking World","Research","2013"
"0000088553","1.0","0000001330","SPAN","Students explore the topic of family and society in the Spanish-speaking world and develop critical reading skills by analyzing cultural documents (literary and non-literary texts, including at least one substantive literary work). This cultural analysis provides for extensive writing (e.g., description, narration, exposition, and argumentation). Taught in Spanish. Prerequisite: Spanish 232 or placement into Spanish 250. Offered each semester. Counts toward women's and gender studies major and family studies and women's and gender studies concentrations.","16","2","0","9","5","FOL-S;WRI","Barnes-Karol, Gwen","{'fsnum': '332', 'name': 'Barnes-Karol, Gwen'}","200","18","","","","","Gateway Sp-Spkng Wrld","Prerequisite: Completion of Spanish placement test or preceding course.","250","{'day': 'Tu', 'end': '13:10', 'location': 'TOH 312', 'start': '23:45'};{'day': 'Th', 'end': '14:05', 'location': 'TOH 312', 'start': '12:45'}","False","Spanish 232 or placement into Spanish 250. Offered each semester. Counts toward women's and gender studies major and family studies and women's and gender studies concentrations.","C","1","C","20131","Gateway to the Spanish-Speaking World","Research","2013"
"0000091233","1.0","0000001336","SPAN","Students examine the diverse elements that have shaped Latin American culture through an exploration of political, social, economic, religious, and artistic topics. They develop critical analysis skills through reading, discussion, and written and/or oral projects. The course features the study of selected literary and non-literary texts, including at least one substantive literary work. Taught in Spanish. Prerequisite: Spanish 250.","18","0","3","2","13","","Villate-Isaza, Alberto","{'fsnum': '20192', 'name': 'Villate-Isaza, Alberto'}","200","16","","","","","Heritage Latin America","","272","{'day': 'Mo', 'end': '10:00', 'location': 'OM 20', 'start': '09:05'};{'day': 'We', 'end': '10:00', 'location': 'OM 20', 'start': '09:05'};{'day': 'Fr', 'end': '10:00', 'location': 'OM 20', 'start': '09:05'}","False","Spanish 250.","","1","C","20131","Cultural Heritage of Latin America","Research","2013"
"0000088601","1.0","0000001337","SPAN","Students examine the diverse elements that have shaped the cultures of U.S. Hispanics through an exploration of political, social, economic, religious, and artistic topics. They develop skills in critical analysis through reading, discussion, and written and/or oral projects. The course features the study of selected literary and non-literary texts, including at least one substantive literary work. Taught in Spanish. Prerequisite: Spanish 250.","10","0","4","2","4","MCD;MCS-D","Medina-Vilariño, Kristina","{'fsnum': '23607', 'name': 'Medina-Vilariño, Kristina'}","200","16","","","","","Heritage/Hispanic US","","273","{'day': 'Tu', 'end': '14:45', 'location': 'TOH 312', 'start': '13:20'};{'day': 'Th', 'end': '15:35', 'location': 'TOH 312', 'start': '14:15'}","False","Spanish 250.","","1","O","20131","Cultural Heritage of the Hispanic U.S.","Research","2013"
"0000088502","1.0","0000001339","SPAN","In this introduction to literary terminology and to principles of literary analysis across genres, literary texts (including poetry, short stories, theater, and novel) are studied in their socio-historical context. In different semesters, the focus may be literature of the Mexican Revolution, urban and rural life, or another topic chosen by the instructor. Taught in Spanish. Prerequisite: Spanish 250. Offered each semester.","19","1","5","12","1","ALS-L","Barnes-Karol, Gwen","{'fsnum': '332', 'name': 'Barnes-Karol, Gwen'}","200","16","0","","","","Exploring Hispanic Lit","","275","{'day': 'Tu', 'end': '11:00', 'location': 'TOH 312', 'start': '09:35'};{'day': 'Th', 'end': '10:50', 'location': 'TOH 312', 'start': '09:30'}","False","Spanish 250. Offered each semester.","","1","C","20131","Exploring Hispanic Literature","Research","2013"
"0000089162","1.0","0000001340","SPAN","Students explore the processes involved in the acquisition of Spanish as a first and second language and the variation present in the language of both native and non-native speakers of Spanish from Spain, Latin America, and the U.S. Hispanic linguistics are studied with special attention paid to the socio-cultural as well as structural aspects. The course includes the study of at least one substantive literary work. Includes pronunciation lab. Taught in Spanish. Prerequisite: Spanish 250. Offered each semester.","15","0","8","5","2","","Broner, Maggie","{'fsnum': '792', 'name': 'Broner, Maggie'}","200","16","0","","","","Spanish 1st/2nd Lang","","276","{'day': 'Mo', 'end': '14:55', 'location': 'TOH 112', 'start': '14:00'};{'day': 'We', 'end': '14:55', 'location': 'TOH 112', 'start': '14:00'};{'day': 'Fr', 'end': '14:55', 'location': 'TOH 112', 'start': '14:00'}","False","Spanish 250. Offered each semester.","","1","O","20131","Spanish as a First and Second Language","Research","2013"
"0000088197","1.0","0000001341","SPAN","","0","0","0","0","0","","Staff","{'fsnum': '', 'name': 'Staff'}","200","","","","","","Academic Internship","","294","","True","","","1","C","20131","","Research","2013"
"0000088849","1.0","0000001342","SPAN","","0","0","0","0","0","","Staff","{'fsnum': '', 'name': 'Staff'}","200","","","","","","IS/","","298","","False","","","1","O","20131","Independent Study","Research","2013"
"0000091234","1.0","0000001345","SPAN","Students explore one or more periods, genres, or topics of Spanish literature from its beginnings to the 21st century. Selected literary works are analyzed within their socio-historical and cultural contexts and in reference to pertinent critical or theoretical issues. Sample topics include: Sin and the Church in Medieval Literature, The Stage as Political Propaganda in Imperial Spain, and Federico García Lorca: Voices of the Oppressed. Students may register more than once provided a different topic is offered. Taught in Spanish. Prerequisite: Spanish 275.","13","0","2","0","11","ALS-L","O'Conner, Jonathan P.","{'fsnum': '22831', 'name': ""O'Conner, Jonathan P.""}","300","16","","","","","Lit/Soc/Sp:New Wrld/Spain","","313","{'day': 'Tu', 'end': '14:45', 'location': 'TOH 314', 'start': '13:20'};{'day': 'Th', 'end': '15:35', 'location': 'TOH 314', 'start': '14:15'}","False","Spanish 275.","","1","O","20131","Literature and Society in Spain","Topic","2013"
"0000088198","1.0","0000001354","SPAN","","0","0","0","0","0","","Staff","{'fsnum': '', 'name': 'Staff'}","300","","","","","","Academic Internship","","394","","True","","","1","C","20131","","Research","2013"
"0000088758","1.0","0000001355","SPAN","","0","0","0","0","0","","Staff","{'fsnum': '', 'name': 'Staff'}","300","","","","","","IR/","","398","","False","","","1","O","20131","Independent Research","Research","2013"
"0000091235","1.0","0000001356","SPAN","Seminars engage students in in-depth study of a specified topic through readings, research and oral and written student reports. Special attention is paid to theoretical and bibliographic issues. Topics vary according to the areas of expertise and professional interests of departmental faculty. May be repeated if topics are different. Taught in Spanish. Prerequisites: Spanish 250 and at least two courses at the 270 or 300 level.","8","0","0","0","8","ALS-L","Carullo, Sylvia","{'fsnum': '977', 'name': 'Carullo, Sylvia'}","300","16","","","","","Seminar in Literature","","399","{'day': 'Tu', 'end': '13:10', 'location': 'TOH 314', 'start': '23:45'};{'day': 'Th', 'end': '14:05', 'location': 'TOH 314', 'start': '12:45'}","False","Prerequisites: Spanish 250 and at least two courses at the 270 or 300 level.","","1","O","20131","Seminar","Seminar","2013"
"0000089046","1.0","0000001402","STAT","This course is an introduction to basic concepts in statistics in the spirit of the liberal arts. Students will learn practical applications and the language and reasoning involved in analyzing behavioral and health science data. Topics include central tendency, dispersion, probability, random variables, binomial and normal distributions, estimation and hypothesis testing, contingency tables, analysis of variance, and correlation. Computer applications are integrated throughout. One laboratory meeting per week. Not recommended for students who have successfully completed a term of calculus. Offered both semesters. Credit will not be given for more than one of Statistics 110, Statistics 212, or Statistics 263; credit will not be given for Statistics 110, Statistics 212, or Statistics 263 following completion of Statistics 272.","79","27","14","30","8","AQR;MAR","Boehm, Laura F.","{'fsnum': '16855', 'name': 'Boehm, Laura F.'}","100","81","35","","","10","Prin of Statistics","Students in Stat 110 must also register for one lab section Stat 110 AL, BL,    ;or CL.","110","{'day': 'Tu', 'end': '09:25', 'location': 'RNS 150', 'start': '08:00'};{'day': 'Th', 'end': '09:20', 'location': 'RNS 150', 'start': '08:00'}","False","False","","1","C","20131","Principles of Statistics","Research","2013"
"0000089047","","0000022827","STAT","","26","10","3","9","4","","Boehm, Laura F.","{'fsnum': '16855', 'name': 'Boehm, Laura F.'}","100","27","","","","","Prin of Statistics Lab","","110","{'day': 'Fr', 'end': '08:55', 'location': 'RML 115', 'start': '08:00'}","False","","A","1","C","20131","","Lab","2013"
"0000089048","","0000022827","STAT","","26","8","3","11","4","","Boehm, Laura F.","{'fsnum': '16855', 'name': 'Boehm, Laura F.'}","100","27","","","","","Prin of Statistics Lab","","110","{'day': 'Fr', 'end': '10:00', 'location': 'RML 115', 'start': '09:05'}","False","","B","1","C","20131","","Lab","2013"
"0000089049","","0000022827","STAT","","27","9","8","10","0","","Boehm, Laura F.","{'fsnum': '16855', 'name': 'Boehm, Laura F.'}","100","27","","","","","Prin of Statistics Lab","","110","{'day': 'Fr', 'end': '11:40', 'location': 'RML 115', 'start': '10:45'}","False","","C","1","C","20131","","Lab","2013"
"0000089172","1.0","0000001403","STAT","A first course in statistical methods for scientists, this course addresses issues for proposing/designing an experiment, as well as exploratory and inferential techniques for analyzing and modeling scientific data. Topics include probability models, exploratory graphics, descriptive techniques, statistical designs, hypothesis testing, confidence intervals, and simple/multiple regression. Prerequisite: Mathematics 120 or equivalent. Offered each semester. Enrollment limited for seniors. Credit will not be given for more than one of Statistics 110, Statistics 212, or Statistics 263; credit will not be given for Statistics 110, Statistics 212, or Statistics 263 following completion of Statistics 272.","23","0","9","9","5","AQR;MAR","Ziegler-Graham, Kathryn","{'fsnum': '16719', 'name': 'Ziegler-Graham, Kathryn'}","200","24","","","","5","Statistics for Science","","212","{'day': 'Mo', 'end': '10:00', 'location': 'TOH 182', 'start': '09:05'};{'day': 'We', 'end': '10:00', 'location': 'TOH 182', 'start': '09:05'};{'day': 'Fr', 'end': '10:00', 'location': 'TOH 182', 'start': '09:05'}","False","Mathematics 120 or equivalent. Offered each semester. Enrollment limited for seniors. Credit will not be given for more than one of Statistics 110, Statistics 212, or Statistics 263; credit will not be given for Statistics 110, Statistics 212, or Statistics 263 following completion of Statistics 272.","A","1","C","20131","Statistics for the Sciences","Research","2013"
"0000089174","1.0","0000001403","STAT","A first course in statistical methods for scientists, this course addresses issues for proposing/designing an experiment, as well as exploratory and inferential techniques for analyzing and modeling scientific data. Topics include probability models, exploratory graphics, descriptive techniques, statistical designs, hypothesis testing, confidence intervals, and simple/multiple regression. Prerequisite: Mathematics 120 or equivalent. Offered each semester. Enrollment limited for seniors. Credit will not be given for more than one of Statistics 110, Statistics 212, or Statistics 263; credit will not be given for Statistics 110, Statistics 212, or Statistics 263 following completion of Statistics 272.","25","0","9","8","8","AQR;MAR","Ziegler-Graham, Kathryn","{'fsnum': '16719', 'name': 'Ziegler-Graham, Kathryn'}","200","24","","","","5","Statistics for Science","","212","{'day': 'Mo', 'end': '11:40', 'location': 'TOH 182', 'start': '10:45'};{'day': 'We', 'end': '11:40', 'location': 'TOH 182', 'start': '10:45'};{'day': 'Fr', 'end': '11:40', 'location': 'TOH 182', 'start': '10:45'}","False","Mathematics 120 or equivalent. Offered each semester. Enrollment limited for seniors. Credit will not be given for more than one of Statistics 110, Statistics 212, or Statistics 263; credit will not be given for Statistics 110, Statistics 212, or Statistics 263 following completion of Statistics 272.","B","1","C","20131","Statistics for the Sciences","Research","2013"
"0000092090","1.0","0000001403","STAT","A first course in statistical methods for scientists, this course addresses issues for proposing/designing an experiment, as well as exploratory and inferential techniques for analyzing and modeling scientific data. Topics include probability models, exploratory graphics, descriptive techniques, statistical designs, hypothesis testing, confidence intervals, and simple/multiple regression. Prerequisite: Mathematics 120 or equivalent. Offered each semester. Enrollment limited for seniors. Credit will not be given for more than one of Statistics 110, Statistics 212, or Statistics 263; credit will not be given for Statistics 110, Statistics 212, or Statistics 263 following completion of Statistics 272.","21","0","6","4","11","AQR;MAR","Boehm, Laura F.","{'fsnum': '16855', 'name': 'Boehm, Laura F.'}","200","24","","","","","Statistics for Science","","212","{'day': 'Mo', 'end': '12:45', 'location': 'TOH 182', 'start': '23:50'};{'day': 'We', 'end': '12:45', 'location': 'TOH 182', 'start': '23:50'};{'day': 'Fr', 'end': '12:45', 'location': 'TOH 182', 'start': '23:50'}","False","Mathematics 120 or equivalent. Offered each semester. Enrollment limited for seniors. Credit will not be given for more than one of Statistics 110, Statistics 212, or Statistics 263; credit will not be given for Statistics 110, Statistics 212, or Statistics 263 following completion of Statistics 272.","C","1","C","20131","Statistics for the Sciences","Research","2013"
"0000089171","1.0","0000001404","STAT","This course emphasizes skills necessary to understand and analyze data. Topics include descriptive statistics, probability, random variables, sampling theory, estimation, classical hypothesis testing, and practical and theoretical understanding of simple and multiple regression analysis. Applications to economics and business problems use real data, realistic applications, and Minitab for Windows. Written reports link statistical theory and practice with communication of results. Prerequisite: Mathematics 120 and one of Economics 110-121, or consent of the instructor. Offered each semester. Credit will not be given for more than one of Statistics 110, Statistics 212, or Statistics 263; credit will not be given for Statistics 110, Statistics 212, or Statistics 263 following completion of Statistics 272.","34","0","16","14","4","","Becker, Anthony","{'fsnum': '348', 'name': 'Becker, Anthony'}","200","30","","","","","Statistics for Economics","","263","{'day': 'Mo', 'end': '13:50', 'location': 'HH 413', 'start': '12:55'};{'day': 'We', 'end': '13:50', 'location': 'HH 413', 'start': '12:55'};{'day': 'Fr', 'end': '13:50', 'location': 'HH 413', 'start': '12:55'}","False","Mathematics 120 and one of Economics 110-121, or consent of the instructor. Offered each semester. Credit will not be given for more than one of Statistics 110, Statistics 212, or Statistics 263; credit will not be given for Statistics 110, Statistics 212, or Statistics 263 following completion of Statistics 272.","","1","C","20131","","Research","2013"
"0000089167","1.0","0000001405","STAT","This course takes a case-study approach to the fitting and assessment of statistical models with application to real data. Specific topics include multiple regression, model diagnostics, and logistic regression. The approach focuses on problem-solving tools, interpretation, mathematical models underlying analysis methods, and written statistical reports. Prerequisite: Statistics 110 or 212 or 263, or equivalent preparation or permission of instructor. Offered each semester. May not take Statistics 110, Statistics 212, or Statistics 263 after completion of Statistics 272.","23","0","11","7","5","WRI","Ziegler-Graham, Kathryn","{'fsnum': '16719', 'name': 'Ziegler-Graham, Kathryn'}","200","24","","","","","Statistical Modeling","Open to first-year students by permission only.","272","{'day': 'Mo', 'end': '13:50', 'location': 'TOH 182', 'start': '12:55'};{'day': 'We', 'end': '13:50', 'location': 'TOH 182', 'start': '12:55'};{'day': 'Fr', 'end': '13:50', 'location': 'TOH 182', 'start': '12:55'}","False","Statistics 110 or 212 or 263, or equivalent preparation or permission of instructor. Offered each semester. May not take Statistics 110, Statistics 212, or Statistics 263 after completion of Statistics 272.","","1","C","20131","","Research","2013"
"0000091236","1.0","0000001407","STAT","Students explore special topics in statistics. Topics vary from year to year. May be repeated if topics are different. Offered periodically.","13","2","4","2","5","","Lane-Getaz, Sharon","{'fsnum': '19267', 'name': 'Lane-Getaz, Sharon'}","200","24","","","","","Top:Interm Stats Soc Res","","282","{'day': 'Tu', 'end': '11:00', 'location': 'TOH 182', 'start': '09:35'};{'day': 'Th', 'end': '10:50', 'location': 'TOH 182', 'start': '09:30'}","False","False","","1","O","20131","Topics in Statistics","Topic","2013"
"0000088203","1.0","0000001409","STAT","","0","0","0","0","0","","Staff","{'fsnum': '', 'name': 'Staff'}","200","","","","","","Academic Internship","","294","","True","","","1","C","20131","Internship","Research","2013"
"0000088851","1.0","0000001410","STAT","","0","0","0","0","0","","Staff","{'fsnum': '', 'name': 'Staff'}","200","","","","","","IS/","","298","","False","","","1","O","20131","Independent Study","Research","2013"
"0000089170","1.0","0000001412","STAT","This course is an investigation of modern statistical theory along with classical mathematical statistics topics such as properties of estimators, likelihood ratio tests, and distribution theory. Additional topics include Bayesian analysis, bootstrapping, Markov Chain Monte Carlo, and other computationally intensive methods. Prerequisite: Statistics 272 and Mathematics 262. Offered annually in the fall semester. Counts toward neuroscience concentration.","19","0","3","0","16","","Roback, Paul J.","{'fsnum': '15751', 'name': 'Roback, Paul J.'}","300","24","","","","","Statistical Theory","","322","{'day': 'Tu', 'end': '13:10', 'location': 'TOH 182', 'start': '23:45'};{'day': 'Th', 'end': '14:05', 'location': 'TOH 182', 'start': '12:45'}","False","Statistics 272 and Mathematics 262. Offered annually in the fall semester. Counts toward neuroscience concentration.","","1","O","20131","","Research","2013"
"0000088204","1.0","0000001413","STAT","","0","0","0","0","0","","Staff","{'fsnum': '', 'name': 'Staff'}","300","","","","","","Academic Internship","","394","","True","","","1","C","20131","Internship","Research","2013"
"0000088759","1.0","0000001414","STAT","","0","0","0","0","0","","Staff","{'fsnum': '', 'name': 'Staff'}","300","","","","","","IR/","","398","","False","","","1","O","20131","Independent Research","Research","2013"
"0000092091","1.0","0000001414","STAT","","1","0","0","0","1","","Richey, Matthew","{'fsnum': '6658', 'name': 'Richey, Matthew'}","300","","","","","","IR/Sports Modeling","","398","","False","","A","1","O","20131","Independent Research","Research","2013"
"0000089154","1.0","0000001359","SWRK","Students study the progression of the U.S. social welfare system from English Poor Laws through the Social Security Act to contemporary reforms and how its components (public, private, faith-based) interrelate to serve diverse populations. The development of social work, its foundational knowledge, values, and skills, and its relationship to fields of social welfare are included. Students shadow a social worker for four hours. Offered each semester. Counts towards American studies major and family studies concentration.","31","0","2","21","8","WRI","Carlsen, Mary","{'fsnum': '938', 'name': 'Carlsen, Mary'}","200","33","0","5","25","3","Soc Work/Soc Welfare","Not open to first-year students.                                                ;This course has class year limits.","221","{'day': 'Mo', 'end': '14:55', 'location': 'RNS 208', 'start': '14:00'};{'day': 'We', 'end': '14:55', 'location': 'RNS 208', 'start': '14:00'};{'day': 'Fr', 'end': '14:55', 'location': 'RNS 208', 'start': '14:00'}","False","False","","1","C","20131","Social Work and Social Welfare","Research","2013"
"0000088615","1.0","0000001360","SWRK","Humans relate to one another in families, groups, organizations, and communities. Through social systems, cross-cultural, strengths, and other theoretical perspectives, students apply prerequisite and advanced content material from biology, sociology, and psychology to assess situations encountered by social workers. Diverse examples are drawn from literature -- Love in the Driest Season, The Color of Water, A Poison Stronger than Love and from students' autobiographies. Prerequisites: Sociology 121, Psychology 241, and Biology 123 or 243; open to non-majors by permission of chair only. Offered annually in the fall semester.","11","0","11","0","0","","Carlsen, Mary","{'fsnum': '938', 'name': 'Carlsen, Mary'}","200","18","0","18","0","0","Hum Behav in Soc Env","Only open to Juniors who meet the prerequisites.","246","{'day': 'Mo', 'end': '11:40', 'location': 'HH 514', 'start': '10:45'};{'day': 'We', 'end': '11:40', 'location': 'HH 514', 'start': '10:45'};{'day': 'Fr', 'end': '11:40', 'location': 'HH 514', 'start': '10:45'}","False","Prerequisites: Sociology 121, Psychology 241, and Biology 123 or 243; open to non-majors by permission of chair only. Offered annually in the fall semester.","","1","O","20131","Human Behavior in the Social Environment","Research","2013"
"0000088632","1.0","0000001361","SWRK","Social work majors study the methods and skills of social work practice, particularly intercultural communication. They describe strengths and problems of diverse individuals and families; frame goals and plans for change utilizing the planned change process and the systems perspective; and use ethical decision-making, informed by the scientific method, grounded in the liberal arts, and concerned with social justice. Students demonstrate learning in videotaped role playing and have an agency interviewing experience. Prerequisites: Social Work 221 and concurrent enrollment in Social Work 246. Offered annually in the fall semester.","11","0","11","0","0","ORC","Smalling, Susan E.","{'fsnum': '23550', 'name': 'Smalling, Susan E.'}","200","18","0","18","0","0","Incl Pract: Ind/Fam","Open to Junior Social Work majors only.","254","{'day': 'Tu', 'end': '14:45', 'location': 'HH 514', 'start': '13:20'};{'day': 'Th', 'end': '15:35', 'location': 'HH 514', 'start': '14:15'}","False","Prerequisites: Social Work 221 and concurrent enrollment in Social Work 246. Offered annually in the fall semester.","","1","O","20131","Inclusive Practice: Individuals and Families","Research","2013"
"0000088199","1.0","0000001366","SWRK","","0","0","0","0","0","","Staff","{'fsnum': '', 'name': 'Staff'}","200","","","","","","Academic Internship","","294","","True","","","1","C","20131","Internship","Research","2013"
"0000088850","1.0","0000001367","SWRK","","0","0","0","0","0","","Staff","{'fsnum': '', 'name': 'Staff'}","200","","","","","","IS/","","298","","False","","","1","O","20131","Independent Study","Research","2013"
"0000088452","1.0","0000001368","SWRK","This course immediately precedes (Social Work 380): Field Practicum. Students integrate principles and skills of culturally competent assessment, planning, intervention, and evaluation with diverse clients -- individuals, families, groups, organizations, and communities. They roleplay diverse practice situations and articulate implications of social policy for cross-cultural practice Brief immersion opportunities in diverse communities are included. Additional fee. Prerequisite: Social Work 261. For senior majors only. Offered annually in September.","14","0","0","0","14","","Smalling, Susan E.","{'fsnum': '23550', 'name': 'Smalling, Susan E.'}","300","16","0","0","0","16","Culturally Comp Pract","Open to Senior Social Work majors only.","373","{'day': 'Mo', 'end': '10:00', 'location': 'RNS 356A', 'start': '08:00'};{'day': 'We', 'end': '10:00', 'location': 'RNS 356A', 'start': '08:00'};{'day': 'Fr', 'end': '10:00', 'location': 'RNS 356A', 'start': '08:00'};{'day': 'Mo', 'end': '13:50', 'location': 'RNS 356A', 'start': '23:50'};{'day': 'We', 'end': '13:50', 'location': 'RNS 356A', 'start': '23:50'};{'day': 'Fr', 'end': '13:50', 'location': 'RNS 356A', 'start': '23:50'};{'day': 'Th', 'end': '10:50', 'location': 'RNS 356A', 'start': '08:00'};{'day': 'Th', 'end': '14:00', 'location': 'RNS 356A', 'start': '23:30'}","False","Social Work 261. For senior majors only. Offered annually in September.","","1","O","20131","Culturally Competent Practice","Research","2013"
"0000088507","3.0","0000001369","SWRK","In this ""real world"" experience, social work majors complete at least 400 hours in a rural or urban agency with structured learning about generalist practice with individuals, families, groups, organizations, and communities from diverse backgrounds. Students engage in professional responsibilities with careful guidance and supervision from the field supervisor and the field coordinator. Students attend a weekly evening seminar to integrate classroom learning, share experiences, and obtain support. Prerequisite: Majors who have satisfactorily completed all foundation and required courses with numbers below 380. Offered annually in the fall semester.","14","0","0","0","14","WRI","Smalling, Susan E.","{'fsnum': '23550', 'name': 'Smalling, Susan E.'}","300","16","0","0","0","16","Field Practicum","Open to Senior Social Work majors only.                                         ;Meets M-F from 8:00-5:00 and M from 7-10 p.m.","380","","False","Majors who have satisfactorily completed all foundation and required courses with numbers below 380. Offered annually in the fall semester.","","1","O","20131","","Research","2013"
"0000088200","1.0","0000001372","SWRK","","0","0","0","0","0","","Staff","{'fsnum': '', 'name': 'Staff'}","300","","","","","","Academic Internship","","394","","True","","","1","C","20131","","Research","2013"
"0000088771","1.0","0000001373","SWRK","","0","0","0","0","0","","Staff","{'fsnum': '', 'name': 'Staff'}","300","","","","","","IR/","","398","","False","","","1","O","20131","Independent Research","Research","2013"
"0000088733","1.0","0000001375","THEAT","A broad-based introduction to the art and craft of theater, this course focuses on the roles of actor, director, playwright, and designer, as well as aspects of theater history, performance, and literature. Students examine theater as a culturally diverse art form, with emphasis on the ways ethnicity, gender, race, religion, and sexual orientation inform theater in the United States. Students attend performances on campus and in the Twin Cities and integrate them with readings, lectures, and discussions. A ticket fee is required. Offered each semester.","52","3","21","20","8","ALS-A;MCD;MCS-D;ORC","Freeman, Dona W.","{'fsnum': '8982', 'name': 'Freeman, Dona W.'}","100","45","","","","","Intro to Theater","","110","{'day': 'Mo', 'end': '10:00', 'location': 'CAD 305', 'start': '09:05'};{'day': 'We', 'end': '10:00', 'location': 'CAD 305', 'start': '09:05'};{'day': 'Fr', 'end': '10:00', 'location': 'CAD 305', 'start': '09:05'}","False","False","","1","C","20131","Introduction to Theater","Research","2013"
"0000088218","1.0","0000001376","THEAT","This studio course is designed as an overview of the acting process for the non-major and includes basic acting theories, rehearsal techniques, improvisation, history, and styles. Students explore and practice exercises, scene work, and audition material. The course requires trips to professional theaters in the Twin Cities. A ticket fee is required. This course does not fulfill the acting requirement for the major. Offered each semester.","18","1","3","6","8","ALS-A;ORC","Gisselman, Gary C.","{'fsnum': '10426', 'name': 'Gisselman, Gary C.'}","100","18","","","","","Acting for Non-Majors","","115","{'day': 'Mo', 'end': '14:55', 'location': 'TB Haugen', 'start': '14:00'};{'day': 'We', 'end': '14:55', 'location': 'TB Haugen', 'start': '14:00'};{'day': 'Fr', 'end': '14:55', 'location': 'TB Haugen', 'start': '14:00'}","False","False","","1","C","20131","Acting for the Non Major","Research","2013"
"0000089079","1.0","0000001377","THEAT","Students learn and apply principles of speech composition and analyze speeches to understand effective methods. They demonstrate their knowledge in classroom speeches. Offered each semester.","13","1","3","3","6","ORC","Lapakko, David V.","{'fsnum': '25363', 'name': 'Lapakko, David V.'}","100","17","","","","","Public Speaking","","120","{'day': 'Th', 'end': '22:00', 'location': 'TOH 308', 'start': '19:00'}","False","False","","1","C","20131","","Research","2013"
"0000088725","1.0","0000001378","THEAT","This studio course is centered on training the actor's instrument and developing basic acting skills including characterization, vocal production, physical and emotional connection, motivation and ensemble work. Students learn history of actor training from Stanislavski to present. Exercises, improvisation, monologue and scene work are all explored. This course requires trips to professional theaters in the Twin Cities. A ticket fee is required. Offered each semester. Counts toward film studies concentration.","16","7","4","3","2","ALS-A;ORC","Freeman, Dona W.","{'fsnum': '8982', 'name': 'Freeman, Dona W.'}","100","7","11","","","","Intro to Acting","","130","{'day': 'Mo', 'end': '12:45', 'location': 'TB Haugen', 'start': '23:50'};{'day': 'We', 'end': '12:45', 'location': 'TB Haugen', 'start': '23:50'};{'day': 'Fr', 'end': '12:45', 'location': 'TB Haugen', 'start': '23:50'}","False","False","","1","C","20131","Introduction to Acting","Research","2013"
"0000088728","1.0","0000019891","THEAT","The attributes of the things we see and hear in the performances that we attend contribute strongly to our experience as an audience. This course considers the elements and principles of design and their application to performance work. Students study the performance space, scenery elements, costuming, lighting and shadow, and the aural experience that the audience encounters during a performance. Problem-solving, collaboration, and design development are included in project work. Materials fee. Offered annually in the fall semester.","15","0","1","9","5","ALS-A","Bjorklund, Brian","{'fsnum': '611', 'name': 'Bjorklund, Brian'}","100","13","","","","","Intro to Design: Perform","","140","{'day': 'Tu', 'end': '14:45', 'location': 'TB Green Rm', 'start': '13:20'};{'day': 'Th', 'end': '15:35', 'location': 'TB Green Rm', 'start': '14:15'}","False","False","","1","C","20131","Introduction to Design for Performance","Research","2013"
"0000089223","1.0","0000001383","THEAT","Play texts are the raw material for our classes in acting, directing, design, and historical studies. This introductory course for theater majors introduces students to canonical texts and performances that have helped to define our field. Primary emphasis is on the text as a blueprint for production focusing on analysis, variety of interpretation, the changing nature of theater space, and our growing awareness of the changing nature of performance. Students are expected to communicate clarity of understanding both orally and in writing. Non-majors are invited to take this course, though its primary focus is a comprehensive preparation for further theater studies. Offered annually in the fall semester. (Theater 180 was formerly Theater 210: Plays and Playwrights.)","26","2","6","14","4","ALS-L;WRI","Gisselman, Gary C.","{'fsnum': '10426', 'name': 'Gisselman, Gary C.'}","100","14","4","","","","Text and Performance","","180","{'day': 'Mo', 'end': '11:40', 'location': 'RNS 356A', 'start': '10:45'};{'day': 'We', 'end': '11:40', 'location': 'RNS 356A', 'start': '10:45'};{'day': 'Fr', 'end': '11:40', 'location': 'RNS 356A', 'start': '10:45'}","False","False","","1","C","20131","","Research","2013"
"0000088324","1.0","0000001385","THEAT","This studio course focuses on the fundamentals of stage direction. Students develop skills of play selection, audience analysis, text interpretation, working with actors, stage picturization and blocking, design considerations, and the process of casting and rehearsals. A primary focus is on developing a point of view about theater and directing by the study of other directors and theories of theater. Prerequisites: Theater 110 or 180, 115 or 130 or 131, and 140. Offered annually in the fall semester.","17","0","9","1","7","","Gisselman, Gary C.","{'fsnum': '10426', 'name': 'Gisselman, Gary C.'}","200","16","","","","","Beginning Stage Direction","","232","{'day': 'Mo', 'end': '10:00', 'location': 'CAD 204', 'start': '09:05'};{'day': 'We', 'end': '10:00', 'location': 'CAD 204', 'start': '09:05'};{'day': 'Fr', 'end': '10:00', 'location': 'CAD 204', 'start': '09:05'}","False","Prerequisites: Theater 110 or 180, 115 or 130 or 131, and 140. Offered annually in the fall semester.","","1","C","20131","Stage Direction","Research","2013"
"0000089237","0.25","0000001386","THEAT","This theater practicum involves the student in the conceptual and practical processes of artistic creation and performance production in theater. Students study current theory and practice as well as historical approaches to performance problems. Lab sessions include creative projects and practical problem-solving in assistant directing, acting, or dramaturgy as part of the St. Olaf theater season. First-year students are encouraged to enroll. This course may be repeated; four total registrations allowed. Registration is by audition or interview only. Offered each semester.","3","0","0","1","2","","Willcoxon, Jeanne I.","{'fsnum': '17418', 'name': 'Willcoxon, Jeanne I.'}","200","18","","","","","Thtr Prac: Act/Direct","Registration by permission of instructor only.                                  ;Closed during web registration.","233","","True","False","A","1","C","20131","Theater Practicum: Acting, Directing, Dramaturgy","Research","2013"
"0000089238","0.25","0000001386","THEAT","This theater practicum involves the student in the conceptual and practical processes of artistic creation and performance production in theater. Students study current theory and practice as well as historical approaches to performance problems. Lab sessions include creative projects and practical problem-solving in assistant directing, acting, or dramaturgy as part of the St. Olaf theater season. First-year students are encouraged to enroll. This course may be repeated; four total registrations allowed. Registration is by audition or interview only. Offered each semester.","16","2","4","7","3","","Wilson, Karen","{'fsnum': '9093', 'name': 'Wilson, Karen'}","200","18","","","","","Thtr Prac: Act/Direct","Registration by permission of instructor only.                                  ;Closed during web registration.","233","","True","False","B","1","C","20131","Theater Practicum: Acting, Directing, Dramaturgy","Research","2013"
"0000088930","1.0","0000001388","THEAT","The design and production of lighting and sound in theater, dance, music, and general presentation work plays a significant role in the experience of these events. This course introduces the production problems of lighting and sound and includes design projects in both lighting and sound. Course fee required. Open to all majors and non-majors. Prerequisite: Theater 140 is recommended. Offered annually in the fall semester.","13","0","4","4","5","ALS-A","Bjorklund, Brian","{'fsnum': '611', 'name': 'Bjorklund, Brian'}","200","13","","","","","Lighting & Sound","","250","{'day': 'Tu', 'end': '11:00', 'location': 'TB Haugen', 'start': '09:35'};{'day': 'Th', 'end': '10:50', 'location': 'TB Haugen', 'start': '09:30'}","False","Theater 140 is recommended. Offered annually in the fall semester.","","1","C","20131","Lighting and Sound-Design and Production","Research","2013"
"0000089224","0.25","0000001390","THEAT","This theater practicum involves the student in the conceptual and practical processes of stage performance. Class sessions include practical problem-solving and hands-on experiences for productions which are part of the St. Olaf theater season. Experiences in scenery, props, costumes, lighting, sound, publicity, and stage management are available. Contact the Theater Department Office (x3420) for specific details. First-year students are encouraged to enroll. This course may be repeated; four total registrations allowed. The theater practicum 253A: Design, Technical Production is offered each semester; practicum 253B: CADD Practicum - covering computer-aided design and drawing (CADD), is offered annually in the spring semester.","15","1","3","2","9","","Edwards, Todd F.","{'fsnum': '18468', 'name': 'Edwards, Todd F.'}","200","18","","","","","Th Prac: Design/Tech Prod","Registration by permission of instructor only.                                  ;Closed during web registration.","253","","True","False","","1","C","20131","Theater Practicum: Design, Technical Production","Research","2013"
"0000096715","0.25","0000001390","THEAT","This theater practicum involves the student in the conceptual and practical processes of stage performance. Class sessions include practical problem-solving and hands-on experiences for productions which are part of the St. Olaf theater season. Experiences in scenery, props, costumes, lighting, sound, publicity, and stage management are available. Contact the Theater Department Office (x3420) for specific details. First-year students are encouraged to enroll. This course may be repeated; four total registrations allowed. The theater practicum 253A: Design, Technical Production is offered each semester; practicum 253B: CADD Practicum - covering computer-aided design and drawing (CADD), is offered annually in the spring semester.","1","0","0","0","1","ALS-A","Bjorklund, Brian","{'fsnum': '611', 'name': 'Bjorklund, Brian'}","200","1","","","","","Th Prac: DesTech","","253","","True","False","B","1","C","20131","Theater Practicum: Design, Technical Production","Research","2013"
"0000091251","1.0","0000001391","THEAT","Examines theatrical activities, from theater's origins to 1700, from three interrelated perspectives: 1) theater as social history; 2) theater as dramatic literature; and 3) theater as performance (the result of creative decisions made by playwrights, actors, directors, and designers). Prerequisite: Theater 110 or 180 or permission of instructor. The schedule of when this course will be offered is located in ""Theater Curriculum"" at the Theater Department website. Counts towards ancient studies and medieval studies majors.","16","2","8","3","3","ALS-L;HWC","Wilson, Karen","{'fsnum': '9093', 'name': 'Wilson, Karen'}","200","18","0","","","","Hist Theater-To 1700","","270","{'day': 'Mo', 'end': '11:40', 'location': 'TB 227', 'start': '10:45'};{'day': 'We', 'end': '11:40', 'location': 'TB 227', 'start': '10:45'};{'day': 'Fr', 'end': '11:40', 'location': 'TB 227', 'start': '10:45'}","False","Theater 110 or 180 or permission of instructor. The schedule of when this course will be offered is located in ""Theater Curriculum"" at the Theater Department website. Counts towards ancient studies and medieval studies majors.","","1","O","20131","History of Theater up to 1700","Research","2013"
"0000088201","1.0","0000001394","THEAT","Prerequisite: at least three previous courses in department.","0","0","0","0","0","","Staff","{'fsnum': '', 'name': 'Staff'}","200","","","","","","Academic Internship","","294","","True","at least three previous courses in department.","","1","C","20131","Internships","Research","2013"
"0000088215","0.5","0000001394","THEAT","Prerequisite: at least three previous courses in department.","0","0","0","0","0","","Staff","{'fsnum': '', 'name': 'Staff'}","200","","","","","","Academic Internship","","294","","True","at least three previous courses in department.","A","1","C","20131","Internships","Research","2013"
"0000088870","1.0","0000001395","THEAT","Prerequisite: at least three previous courses in department.","0","0","0","0","0","","Staff","{'fsnum': '', 'name': 'Staff'}","200","","","","","","IS/","","298","","False","at least three previous courses in department.","","1","O","20131","Independent Study","Research","2013"
"0000089266","1.0","0000001399","THEAT","An investigation into the relationship between theater and society through study of various issues in theater arts including censorship, funding, arts advocacy and arts education. Issues of contemporary ethical concern will be discussed and analyzed through a variety of historical and contemporary normative perspectives. Prerequisite: Theater 110 or 180; BTS-T. Offered fall 2012-13. Please inquire in the Theater Department office (x3240) about schedule of offering for future academic years.","20","0","5","0","15","EIN;ORC","Wilson, Karen","{'fsnum': '9093', 'name': 'Wilson, Karen'}","300","18","0","","0","","Top: Who Owns the Arts","Prerequisite: Completion of BTS-T or permission of instructor.                  ;Open only to rising Seniors and Juniors during web registration.","380","{'day': 'Mo', 'end': '13:50', 'location': 'TB 227', 'start': '12:55'};{'day': 'We', 'end': '13:50', 'location': 'TB 227', 'start': '12:55'};{'day': 'Fr', 'end': '13:50', 'location': 'TB 227', 'start': '12:55'}","False","Theater 110 or 180; BTS-T. Offered fall 2012-13. Please inquire in the Theater Department office (x3240) about schedule of offering for future academic years.","","1","C","20131","Top: Who Owns the Arts: Censorship, Sponsorship, and Artistic Freedom","Topic","2013"
"0000088202","1.0","0000001400","THEAT","Prerequisite: at least five previous courses in department.","0","0","0","0","0","","Staff","{'fsnum': '', 'name': 'Staff'}","300","","","","","","Academic Internship","","394","","True","at least five previous courses in department.","","1","C","20131","Internship","Research","2013"
"0000088793","1.0","0000001401","THEAT","Prerequisite: at least five previous courses in the department.","1","0","0","0","1","","Bjorklund, Brian","{'fsnum': '611', 'name': 'Bjorklund, Brian'}","300","","","","","","IR/Methodology of Design","","398","","False","at least five previous courses in the department.","","1","O","20131","Independent Research","Research","2013"
"0000093360","1.0","0000001401","THEAT","Prerequisite: at least five previous courses in the department.","1","0","0","0","1","","Bjorklund, Brian","{'fsnum': '611', 'name': 'Bjorklund, Brian'}","300","","","","","","IR/Sound System Design","","398","","False","at least five previous courses in the department.","A","1","O","20131","Independent Research","Research","2013"
"0000088737","1.0","0000026169","WMGST","Required for the women's and gender studies major and concentration, this course introduces students to the concept of gender as a category of analysis. It is designed for students who seek a fuller understanding of themselves as women and men and a wider knowledge of the experiences and achievements of women. Offered each semester. Counts towards American studies major.","20","0","3","4","13","MCD;WRI","Al Atiyat, Ibtesam","{'fsnum': '21084', 'name': 'Al Atiyat, Ibtesam'}","100","17","","","","","Intro Womens/Gender St","","121","{'day': 'Mo', 'end': '10:00', 'location': 'RML 520', 'start': '09:05'};{'day': 'We', 'end': '10:00', 'location': 'RML 520', 'start': '09:05'};{'day': 'Fr', 'end': '10:00', 'location': 'RML 520', 'start': '09:05'}","False","False","A","1","C","20131","Introduction to Women's and Gender Studies","Research","2013"
"0000088736","1.0","0000026169","WMGST","Required for the women's and gender studies major and concentration, this course introduces students to the concept of gender as a category of analysis. It is designed for students who seek a fuller understanding of themselves as women and men and a wider knowledge of the experiences and achievements of women. Offered each semester. Counts towards American studies major.","18","0","3","2","13","MCD;WRI","Kuxhausen, Anna","{'fsnum': '17470', 'name': 'Kuxhausen, Anna'}","100","17","","","","","Intro Womens/Gender St","","121","{'day': 'Mo', 'end': '14:55', 'location': 'HH 319', 'start': '14:00'};{'day': 'We', 'end': '14:55', 'location': 'HH 319', 'start': '14:00'};{'day': 'Fr', 'end': '14:55', 'location': 'HH 319', 'start': '14:00'}","False","False","B","1","C","20131","Introduction to Women's and Gender Studies","Research","2013"
"0000088213","1.0","0000026170","WMGST","","0","0","0","0","0","","Staff","{'fsnum': '', 'name': 'Staff'}","200","","","","","","Academic Internship","","294","","True","","","1","C","20131","Internship","Research","2013"
"0000088875","1.0","0000026171","WMGST","","0","0","0","0","0","","Staff","{'fsnum': '', 'name': 'Staff'}","200","","","","","","IS/","","298","","False","","","1","O","20131","Independent Study","Research","2013"
"0000088214","1.0","0000026172","WMGST","","0","0","0","0","0","","Staff","{'fsnum': '', 'name': 'Staff'}","300","","","","","","Academic Internship","","394","","True","","","1","C","20131","Internship","Research","2013"
"0000088785","1.0","0000026174","WMGST","","0","0","0","0","0","","Staff","{'fsnum': '', 'name': 'Staff'}","300","","","","","","IR/","","398","","False","","","1","O","20131","Independent Research","Research","2013"
"0000088738","1.0","0000000381","WRIT","This course guides English language learners through the conventions of U.S. academic culture and discourse with emphasis on liberal arts education. Students practice reading, writing, speaking, and listening to develop skills and confidence in college writing. The course also includes extensive discussion of academic integrity and responsible use of information. Students must pass the course with a grade of C or higher in order to enroll in Writing 111. Offered fall semester only. Requires concurrent enrollment in Writing 109 in fall 2013-14.","11","10","0","0","1","","Richards, Rebecca S.","{'fsnum': '22838', 'name': 'Richards, Rebecca S.'}","100","12","","","","","Intro/Academic Wri","Students in Writing 107 must register for Writing 109.","107","{'day': 'Mo', 'end': '08:55', 'location': 'RML 420', 'start': '08:00'};{'day': 'We', 'end': '08:55', 'location': 'RML 420', 'start': '08:00'};{'day': 'Fr', 'end': '08:55', 'location': 'RML 420', 'start': '08:00'}","False","False","A","1","C","20131","Introduction to Academic Writing","Research","2013"
"0000092162","1.0","0000000381","WRIT","This course guides English language learners through the conventions of U.S. academic culture and discourse with emphasis on liberal arts education. Students practice reading, writing, speaking, and listening to develop skills and confidence in college writing. The course also includes extensive discussion of academic integrity and responsible use of information. Students must pass the course with a grade of C or higher in order to enroll in Writing 111. Offered fall semester only. Requires concurrent enrollment in Writing 109 in fall 2013-14.","12","10","0","0","2","","Berry, Anne G.","{'fsnum': '22914', 'name': 'Berry, Anne G.'}","100","12","","","","","Intro/Academic Wri","Students in Writing 107 must register for Writing 109.","107","{'day': 'Mo', 'end': '11:40', 'location': 'CAD 204', 'start': '10:45'};{'day': 'We', 'end': '11:40', 'location': 'CAD 204', 'start': '10:45'};{'day': 'Fr', 'end': '11:40', 'location': 'CAD 204', 'start': '10:45'}","False","False","B","1","C","20131","Introduction to Academic Writing","Research","2013"
"0000088739","1.0","0000000381","WRIT","This course guides English language learners through the conventions of U.S. academic culture and discourse with emphasis on liberal arts education. Students practice reading, writing, speaking, and listening to develop skills and confidence in college writing. The course also includes extensive discussion of academic integrity and responsible use of information. Students must pass the course with a grade of C or higher in order to enroll in Writing 111. Offered fall semester only. Requires concurrent enrollment in Writing 109 in fall 2013-14.","12","12","0","0","0","","Campbell, Heather","{'fsnum': '903', 'name': 'Campbell, Heather'}","100","12","","","","","Intro/Academic Wri","Students in Writing 107 must register for Writing 109.","107","{'day': 'Tu', 'end': '14:45', 'location': 'TOH 214', 'start': '13:20'};{'day': 'Th', 'end': '15:35', 'location': 'TOH 214', 'start': '14:15'}","False","False","C","1","C","20131","Introduction to Academic Writing","Research","2013"
"0000092119","0.25","0000023391","WRIT","This course provides supplemental instruction in reading, writing, and critical thinking in conjunction with a designated course. Students practice reading course-specific texts, focusing writing topics, writing essay and short answer exams, developing research habits, indentifying and using discipline-specific sources, and writing for general and specific audiences. Supplemental assignments complement writing in the designated course. Prerequisite: concurrent enrollment in a designated full-credit course. May be repeated once with a different designated course.","35","31","0","0","4","","Smallen, Su","{'fsnum': '18519', 'name': 'Smallen, Su'}","100","36","","","","","Top: Supplemental Writing","","109","{'day': 'Th', 'end': '20:00', 'location': 'RML 515', 'start': '19:00'}","True","concurrent enrollment in a designated full-credit course. May be repeated once with a different designated course.","","1","C","20131","Topics: Supplemental Writing","Topic","2013"
"0000089152","1.0","0000000383","WRIT","This course emphasizes critical reading, the writing process, and revision. Students write frequently, respond to one another's writing, and meet often with course faculty in conferences. Writing 110 is required of those students placed into it; it may not be substituted for Writing 111. Students must pass the course with a grade of C or higher in order to enroll in Writing 111. Offered fall semester only.","10","10","0","0","0","","Stein, Sarah B.","{'fsnum': '23818', 'name': 'Stein, Sarah B.'}","100","12","","","","","Skills in Composition","","110","{'day': 'Tu', 'end': '13:10', 'location': 'OM 310', 'start': '23:45'};{'day': 'Th', 'end': '14:05', 'location': 'OM 310', 'start': '12:45'}","False","False","A","1","C","20131","Critical Skills in Composition","Research","2013"
"0000089151","1.0","0000000383","WRIT","This course emphasizes critical reading, the writing process, and revision. Students write frequently, respond to one another's writing, and meet often with course faculty in conferences. Writing 110 is required of those students placed into it; it may not be substituted for Writing 111. Students must pass the course with a grade of C or higher in order to enroll in Writing 111. Offered fall semester only.","14","14","0","0","0","","LeBlanc, Diane C.","{'fsnum': '13324', 'name': 'LeBlanc, Diane C.'}","100","12","","","","","Skills in Composition","","110","{'day': 'Mo', 'end': '13:50', 'location': 'OM 20', 'start': '12:55'};{'day': 'We', 'end': '13:50', 'location': 'OM 20', 'start': '12:55'};{'day': 'Fr', 'end': '13:50', 'location': 'OM 20', 'start': '12:55'}","False","False","B","1","C","20131","Critical Skills in Composition","Research","2013"
"0000088513","1.0","0000000498","WRIT","See http://www.stolaf.edu/offices/registrar/descriptions.html;First-Year Writing, taken during the first year, equips students for effective writing in the liberal arts and introduces writing as a means of learning. The course is taught in multiple sections that explore a variety of topics. In all sections, students write frequently in a variety of genres, with emphasis in writing expository essays. One or more assignments require research. As part of the writing process, students revise their writing and meet individually with course faculty to discuss their writing.","18","15","0","2","1","FYW","Allister, Mark","{'fsnum': '110', 'name': 'Allister, Mark'}","100","17","","","","0","First-Year Writing","","111","{'day': 'Mo', 'end': '10:00', 'location': 'RML 421', 'start': '09:05'};{'day': 'We', 'end': '10:00', 'location': 'RML 421', 'start': '09:05'};{'day': 'Fr', 'end': '10:00', 'location': 'RML 421', 'start': '09:05'}","False","False","A","1","C","20131","","Research","2013"
"0000088512","1.0","0000000498","WRIT","See http://www.stolaf.edu/offices/registrar/descriptions.html;First-Year Writing, taken during the first year, equips students for effective writing in the liberal arts and introduces writing as a means of learning. The course is taught in multiple sections that explore a variety of topics. In all sections, students write frequently in a variety of genres, with emphasis in writing expository essays. One or more assignments require research. As part of the writing process, students revise their writing and meet individually with course faculty to discuss their writing.","17","16","0","1","0","FYW","Lott, Anthony","{'fsnum': '15825', 'name': 'Lott, Anthony'}","100","17","","","","0","First-Year Writing","","111","{'day': 'Mo', 'end': '11:40', 'location': 'HH 319', 'start': '10:45'};{'day': 'We', 'end': '11:40', 'location': 'HH 319', 'start': '10:45'};{'day': 'Fr', 'end': '11:40', 'location': 'HH 319', 'start': '10:45'}","False","False","B","1","C","20131","","Research","2013"
"0000088520","1.0","0000000498","WRIT","See http://www.stolaf.edu/offices/registrar/descriptions.html;First-Year Writing, taken during the first year, equips students for effective writing in the liberal arts and introduces writing as a means of learning. The course is taught in multiple sections that explore a variety of topics. In all sections, students write frequently in a variety of genres, with emphasis in writing expository essays. One or more assignments require research. As part of the writing process, students revise their writing and meet individually with course faculty to discuss their writing.","18","18","0","0","0","FYW","Richards, Rebecca S.","{'fsnum': '22838', 'name': 'Richards, Rebecca S.'}","100","18","","","","0","First-Year Writing","For Environmental Conversations assigned to it only.","111","{'day': 'Mo', 'end': '11:40', 'location': 'RML 420', 'start': '10:45'};{'day': 'We', 'end': '11:40', 'location': 'RML 420', 'start': '10:45'};{'day': 'Fr', 'end': '11:40', 'location': 'RML 420', 'start': '10:45'}","False","False","C","1","C","20131","","Research","2013"
"0000088510","1.0","0000000498","WRIT","See http://www.stolaf.edu/offices/registrar/descriptions.html;First-Year Writing, taken during the first year, equips students for effective writing in the liberal arts and introduces writing as a means of learning. The course is taught in multiple sections that explore a variety of topics. In all sections, students write frequently in a variety of genres, with emphasis in writing expository essays. One or more assignments require research. As part of the writing process, students revise their writing and meet individually with course faculty to discuss their writing.","18","15","0","0","3","FYW","Marsalek, Karen E.","{'fsnum': '10015', 'name': 'Marsalek, Karen E.'}","100","17","","","","0","First-Year Writing","","111","{'day': 'Mo', 'end': '12:45', 'location': 'RML 421', 'start': '23:50'};{'day': 'We', 'end': '12:45', 'location': 'RML 421', 'start': '23:50'};{'day': 'Fr', 'end': '12:45', 'location': 'RML 421', 'start': '23:50'}","False","False","D","1","C","20131","","Research","2013"
"0000088508","1.0","0000000498","WRIT","See http://www.stolaf.edu/offices/registrar/descriptions.html;First-Year Writing, taken during the first year, equips students for effective writing in the liberal arts and introduces writing as a means of learning. The course is taught in multiple sections that explore a variety of topics. In all sections, students write frequently in a variety of genres, with emphasis in writing expository essays. One or more assignments require research. As part of the writing process, students revise their writing and meet individually with course faculty to discuss their writing.","15","14","0","0","1","FYW","Stein, Sarah B.","{'fsnum': '23818', 'name': 'Stein, Sarah B.'}","100","17","","","","0","First-Year Writing","","111","{'day': 'Tu', 'end': '09:25', 'location': 'RML 420', 'start': '08:00'};{'day': 'Th', 'end': '09:20', 'location': 'RML 420', 'start': '08:00'}","False","False","E","1","C","20131","","Research","2013"
"0000088521","1.0","0000000498","WRIT","See http://www.stolaf.edu/offices/registrar/descriptions.html;First-Year Writing, taken during the first year, equips students for effective writing in the liberal arts and introduces writing as a means of learning. The course is taught in multiple sections that explore a variety of topics. In all sections, students write frequently in a variety of genres, with emphasis in writing expository essays. One or more assignments require research. As part of the writing process, students revise their writing and meet individually with course faculty to discuss their writing.","18","15","0","2","1","FYW","Mbele, Joseph L.","{'fsnum': '5144', 'name': 'Mbele, Joseph L.'}","100","17","","","","0","First-Year Writing","","111","{'day': 'Mo', 'end': '13:50', 'location': 'RNS 124', 'start': '12:55'};{'day': 'We', 'end': '13:50', 'location': 'RNS 124', 'start': '12:55'};{'day': 'Fr', 'end': '13:50', 'location': 'RNS 124', 'start': '12:55'}","False","False","F","1","C","20131","","Research","2013"
"0000088514","1.0","0000000498","WRIT","See http://www.stolaf.edu/offices/registrar/descriptions.html;First-Year Writing, taken during the first year, equips students for effective writing in the liberal arts and introduces writing as a means of learning. The course is taught in multiple sections that explore a variety of topics. In all sections, students write frequently in a variety of genres, with emphasis in writing expository essays. One or more assignments require research. As part of the writing process, students revise their writing and meet individually with course faculty to discuss their writing.","17","13","0","0","4","FYW","Kwon Dobbs, Jennifer","{'fsnum': '20156', 'name': 'Kwon Dobbs, Jennifer'}","100","17","","","","0","First-Year Writing","","111","{'day': 'Mo', 'end': '13:50', 'location': 'HH 514', 'start': '12:55'};{'day': 'We', 'end': '13:50', 'location': 'HH 514', 'start': '12:55'};{'day': 'Fr', 'end': '13:50', 'location': 'HH 514', 'start': '12:55'}","False","False","G","1","C","20131","","Research","2013"
"0000088509","1.0","0000000498","WRIT","See http://www.stolaf.edu/offices/registrar/descriptions.html;First-Year Writing, taken during the first year, equips students for effective writing in the liberal arts and introduces writing as a means of learning. The course is taught in multiple sections that explore a variety of topics. In all sections, students write frequently in a variety of genres, with emphasis in writing expository essays. One or more assignments require research. As part of the writing process, students revise their writing and meet individually with course faculty to discuss their writing.","18","18","0","0","0","FYW","Naito, Jon T.","{'fsnum': '21893', 'name': 'Naito, Jon T.'}","100","17","","","","0","First-Year Writing","","111","{'day': 'Mo', 'end': '14:55', 'location': 'RML 420', 'start': '14:00'};{'day': 'We', 'end': '14:55', 'location': 'RML 420', 'start': '14:00'};{'day': 'Fr', 'end': '14:55', 'location': 'RML 420', 'start': '14:00'}","False","False","H","1","C","20131","","Research","2013"
"0000091291","1.0","0000000498","WRIT","See http://www.stolaf.edu/offices/registrar/descriptions.html;First-Year Writing, taken during the first year, equips students for effective writing in the liberal arts and introduces writing as a means of learning. The course is taught in multiple sections that explore a variety of topics. In all sections, students write frequently in a variety of genres, with emphasis in writing expository essays. One or more assignments require research. As part of the writing process, students revise their writing and meet individually with course faculty to discuss their writing.","17","14","0","1","2","FYW","Kelly, Maria L.","{'fsnum': '10032', 'name': 'Kelly, Maria L.'}","100","17","","","","","First-Year Writing","","111","{'day': 'Mo', 'end': '14:55', 'location': 'TOH 214', 'start': '14:00'};{'day': 'We', 'end': '14:55', 'location': 'TOH 214', 'start': '14:00'};{'day': 'Fr', 'end': '14:55', 'location': 'TOH 214', 'start': '14:00'}","False","False","I","1","C","20131","","Research","2013"
"0000088511","1.0","0000000498","WRIT","See http://www.stolaf.edu/offices/registrar/descriptions.html;First-Year Writing, taken during the first year, equips students for effective writing in the liberal arts and introduces writing as a means of learning. The course is taught in multiple sections that explore a variety of topics. In all sections, students write frequently in a variety of genres, with emphasis in writing expository essays. One or more assignments require research. As part of the writing process, students revise their writing and meet individually with course faculty to discuss their writing.","14","14","0","0","0","FYW","Rohn, Matthew","{'fsnum': '6758', 'name': 'Rohn, Matthew'}","100","17","","","","0","First-Year Writing","","111","{'day': 'Tu', 'end': '09:25', 'location': 'CAD 204', 'start': '08:00'};{'day': 'Th', 'end': '09:20', 'location': 'CAD 204', 'start': '08:00'}","False","False","J","1","C","20131","","Research","2013"
"0000088515","1.0","0000000498","WRIT","See http://www.stolaf.edu/offices/registrar/descriptions.html;First-Year Writing, taken during the first year, equips students for effective writing in the liberal arts and introduces writing as a means of learning. The course is taught in multiple sections that explore a variety of topics. In all sections, students write frequently in a variety of genres, with emphasis in writing expository essays. One or more assignments require research. As part of the writing process, students revise their writing and meet individually with course faculty to discuss their writing.","18","17","0","0","1","FYW","Vork, Robert","{'fsnum': '25336', 'name': 'Vork, Robert'}","100","17","","","","0","First-Year Writing","","111","{'day': 'Tu', 'end': '09:25', 'location': 'OM 310', 'start': '08:00'};{'day': 'Th', 'end': '09:20', 'location': 'OM 310', 'start': '08:00'}","False","False","K","1","C","20131","","Research","2013"
"0000088522","1.0","0000000498","WRIT","See http://www.stolaf.edu/offices/registrar/descriptions.html;First-Year Writing, taken during the first year, equips students for effective writing in the liberal arts and introduces writing as a means of learning. The course is taught in multiple sections that explore a variety of topics. In all sections, students write frequently in a variety of genres, with emphasis in writing expository essays. One or more assignments require research. As part of the writing process, students revise their writing and meet individually with course faculty to discuss their writing.","13","13","0","0","0","FYW","Vork, Robert","{'fsnum': '25336', 'name': 'Vork, Robert'}","100","17","","","","0","First-Year Writing","","111","{'day': 'Tu', 'end': '11:00', 'location': 'OM 310', 'start': '09:35'};{'day': 'Th', 'end': '10:50', 'location': 'OM 310', 'start': '09:30'}","False","False","L","1","C","20131","","Research","2013"
"0000088517","1.0","0000000498","WRIT","See http://www.stolaf.edu/offices/registrar/descriptions.html;First-Year Writing, taken during the first year, equips students for effective writing in the liberal arts and introduces writing as a means of learning. The course is taught in multiple sections that explore a variety of topics. In all sections, students write frequently in a variety of genres, with emphasis in writing expository essays. One or more assignments require research. As part of the writing process, students revise their writing and meet individually with course faculty to discuss their writing.","16","15","0","0","1","FYW","Stein, Sarah B.","{'fsnum': '23818', 'name': 'Stein, Sarah B.'}","100","16","","","","0","First-Year Writing","","111","{'day': 'Tu', 'end': '11:00', 'location': 'RML 420', 'start': '09:35'};{'day': 'Th', 'end': '10:50', 'location': 'RML 420', 'start': '09:30'}","False","False","M","1","C","20131","","Research","2013"
"0000088518","1.0","0000000498","WRIT","See http://www.stolaf.edu/offices/registrar/descriptions.html;First-Year Writing, taken during the first year, equips students for effective writing in the liberal arts and introduces writing as a means of learning. The course is taught in multiple sections that explore a variety of topics. In all sections, students write frequently in a variety of genres, with emphasis in writing expository essays. One or more assignments require research. As part of the writing process, students revise their writing and meet individually with course faculty to discuss their writing.","17","16","0","1","0","FYW","Holly, Carol","{'fsnum': '3424', 'name': 'Holly, Carol'}","100","17","","","","0","First-Year Writing","","111","{'day': 'Tu', 'end': '13:10', 'location': 'RML 420', 'start': '23:45'};{'day': 'Th', 'end': '14:05', 'location': 'RML 420', 'start': '12:45'}","False","False","N","1","C","20131","","Research","2013"
"0000088524","1.0","0000000498","WRIT","See http://www.stolaf.edu/offices/registrar/descriptions.html;First-Year Writing, taken during the first year, equips students for effective writing in the liberal arts and introduces writing as a means of learning. The course is taught in multiple sections that explore a variety of topics. In all sections, students write frequently in a variety of genres, with emphasis in writing expository essays. One or more assignments require research. As part of the writing process, students revise their writing and meet individually with course faculty to discuss their writing.","16","16","0","0","0","FYW","Hepburn, Joan","{'fsnum': '3322', 'name': 'Hepburn, Joan'}","100","16","","","","0","First-Year Writing","","111","{'day': 'Tu', 'end': '14:45', 'location': 'RML 420', 'start': '13:20'};{'day': 'Th', 'end': '15:35', 'location': 'RML 420', 'start': '14:15'}","False","False","O","1","C","20131","","Research","2013"
"0000088523","1.0","0000000498","WRIT","See http://www.stolaf.edu/offices/registrar/descriptions.html;First-Year Writing, taken during the first year, equips students for effective writing in the liberal arts and introduces writing as a means of learning. The course is taught in multiple sections that explore a variety of topics. In all sections, students write frequently in a variety of genres, with emphasis in writing expository essays. One or more assignments require research. As part of the writing process, students revise their writing and meet individually with course faculty to discuss their writing.","16","16","0","0","0","FYW","Kandl, Kim A.","{'fsnum': '13100', 'name': 'Kandl, Kim A.'}","100","17","","","","0","First-Year Writing","","111","{'day': 'Tu', 'end': '14:45', 'location': 'RML 421', 'start': '13:20'};{'day': 'Th', 'end': '15:35', 'location': 'RML 421', 'start': '14:15'}","False","False","P","1","C","20131","","Research","2013"

