"clbid","credits","crsid","department","description","enrolled","enrollment_fy","enrollment_jr","enrollment_so","enrollment_sr","gereqs","instructors","instructors_full","level","max","max_fy","max_jr","max_so","max_sr","name","notes","number","offerings","pn","prerequisites","section","semester","status","term","title","type","year"
"0000169830","1.0","0000000016","AFAD","The seminar examines Africans in dispersion/Diaspora as students interrogate the African background of African Americans and links between Africans and African Americans. The course examines the dynamics of precolonial West African societies; the nature of the interaction between Africa and the New World; and the role Africans, African culture, and African institutions played in the political, economic, cultural, and religious life of the New World. Students examine the ties that bind Africans and African Americans and explore questions such as: To what extent was the iconography of Africa used to mobilize Africans in dispersion? How effectively was the consciousness of Africa sustained in the New World? What are the contributions of African Americans to Africa? Also counts toward history, race and ethnic studies, and social studies education majors, and race and ethnic studies concentration.","0","0","0","0","0","ALS-L;GHS;MCG;MCS-G;PAR","Iddrisu, Abdulai","{'fsnum': '21082', 'name': 'Iddrisu, Abdulai'}","200","24","","","","","Sem: Africa/Americas","","231","{'day': 'Tu', 'end': '11:00', 'location': 'RNS 206', 'start': '09:35'};{'day': 'Th', 'end': '10:50', 'location': 'RNS 206', 'start': '09:30'}","False","False","","1","X","20261","Africa and the Americas: The Diaspora Experience","Seminar","2026"
"0000172023","1.0","0000027940","ARTH","This course introduces students to the working methods of Art History. Students learn to analyze works of art visually, to understand the relationships between works of art and their cultural contexts, to consider the practices and politics of museum display, and to think critically about the role of art in their own lives and in society. Offered each semester.","35","16","6","6","7","ALS-A;GHS;ORC","Ryan, Hannah","{'fsnum': '31158', 'name': 'Ryan, Hannah'}","100","35","","7","7","6","Intro to Art History","This course has class-year limits.","153","{'day': 'Tu', 'end': '11:00', 'location': 'CAD 305', 'start': '09:35'};{'day': 'Th', 'end': '10:50', 'location': 'CAD 305', 'start': '09:30'}","False","False","A","1","C","20261","Introduction to Art History","Research","2026"
"0000169503","1.0","0000027940","ARTH","This course introduces students to the working methods of Art History. Students learn to analyze works of art visually, to understand the relationships between works of art and their cultural contexts, to consider the practices and politics of museum display, and to think critically about the role of art in their own lives and in society. Offered each semester.","35","16","4","9","6","ALS-A;GHS;ORC","Ryan, Hannah","{'fsnum': '31158', 'name': 'Ryan, Hannah'}","100","35","","7","7","6","Intro to Art History","This course has class-year limits.","153","{'day': 'Tu', 'end': '13:10', 'location': 'CAD 305', 'start': '23:45'};{'day': 'Th', 'end': '14:05', 'location': 'CAD 305', 'start': '12:45'}","False","False","B","1","C","20261","Introduction to Art History","Research","2026"
"0000172024","1.0","0000000057","ARTH","This course is intended as an introduction to the history of Chinese art, offering a survey of major artistic developments from neolithic times to the present. Among the topics considered: ritual bronzes, funerary remains of the Qin and Han, Buddhist sculpture, and the evolution of landscape painting. Important issues discussed include production and patronage, function, and borrowing and influence in the evolution of artistic works across time and space. Offered annually.","38","0","14","12","12","ALS-A;GHS;MCG;MCS-G;RFV","Kucera, Karil J.","{'fsnum': '14964', 'name': 'Kucera, Karil J.'}","200","30","0","10","10","10","Arts of China","This course has class-year limits and is not open to incoming first-year        ;students.","259","{'day': 'Mo', 'end': '12:45', 'location': 'CAD 305', 'start': '23:50'};{'day': 'We', 'end': '12:45', 'location': 'CAD 305', 'start': '23:50'};{'day': 'Fr', 'end': '12:45', 'location': 'CAD 305', 'start': '23:50'}","False","False","","1","C","20261","The Arts of China","Research","2026"
"0000172025","1.0","0000038364","ARTH","In this course, students explore the early medieval period, a time of dynamic transformation. Migrating and conquering cultures brought new approaches to art and architecture that forever changed the visual landscape of the early medieval world. Students examine the art of the Christian empires of the Mediterranean, the monastic traditions of Egypt and Nubia, Germanic cultures (the barbarians), the Islamic caliphate in Spain, and the Carolingians and Ottonians in northern Europe.","34","1","10","13","10","ALS-A;GHS;HWC;RFV","Thompson, Nancy M.","{'fsnum': '13137', 'name': 'Thompson, Nancy M.'}","200","35","","10","10","10","Early Medieval Art and Identity","This course has class-year limits.","268","{'day': 'Tu', 'end': '14:45', 'location': 'CAD 305', 'start': '13:20'};{'day': 'Th', 'end': '15:35', 'location': 'CAD 305', 'start': '14:15'}","False","False","","1","O","20261","","Research","2026"
"0000169997","1.0","0000030091","ARTH","This seminar-style course focuses on a specific art-historical topic, and students learn how to pursue art-historical practice beyond the introductory level. Topics change with each offering. Offered periodically.","22","3","5","4","10","ALS-A;GHS;MCG","Spiker, Christina","{'fsnum': '27183', 'name': 'Spiker, Christina'}","200","30","","","","","Top: Arts of Korea","","276","{'day': 'Mo', 'end': '10:00', 'location': 'CAD 305', 'start': '09:05'};{'day': 'We', 'end': '10:00', 'location': 'CAD 305', 'start': '09:05'};{'day': 'Fr', 'end': '10:00', 'location': 'CAD 305', 'start': '09:05'}","False","False","A","1","O","20261","Topics with ALS-A and MCG","Topic","2026"
"0000172026","1.0","0000030091","ARTH","This course introduces students to global Indigenous artistic traditions, with case studies drawn from cultures including the Lakota (United States), Ainu (Japan), Sámi (Scandinavia), Inuit (Canada), Maori (Aotearoa/New Zealand), and Yanomami (Brazil), among others. Through close analysis of visual and material practices, the course examines how Indigenous artists represent their own communities and how those communities have been represented by others. Students will explore the relationships between art, cultural sovereignty, and knowledge transmission, with particular attention to both tangible and intangible heritage, including artistic practices, oral traditions, and foodways. The course considers the ongoing challenges posed by colonial histories and contemporary museum practices, as well as the strategies Indigenous communities employ to sustain and revitalize cultural traditions. Working closely with objects from the Flaten Art Museum's collection--including a recent acquisition of Inuit prints--students will engage in object-based learning and may participate in collaborative projects with the museum, with emphasis on critical looking, ethical interpretation, and the role of museums in shaping understandings of Indigenous art.","19","0","10","1","8","ALS-A;GHS;MCG","Spiker, Christina","{'fsnum': '27183', 'name': 'Spiker, Christina'}","200","19","","","","","Top: Global Indigenous Art","This course includes an academic civic engagement (ACE) component.","276","{'day': 'Mo', 'end': '11:40', 'location': 'CAD 202', 'start': '10:45'};{'day': 'We', 'end': '11:40', 'location': 'CAD 202', 'start': '10:45'};{'day': 'Fr', 'end': '11:40', 'location': 'CAD 202', 'start': '10:45'}","False","False","B","1","C","20261","Topics in Art History","Topic","2026"
"0000170041","1.0","0000034660","ARTH","What is a museum? Is it an impartial space to display and store valued objects that objectively reflect culture, or is it a more complicated organization that evolves and responds to the emerging needs and challenges of individuals and communities? In this course, students explore these questions, consider how museums can be understood as systems of power, and become acquainted with the various roles people play within them. Specific topic varies by instructor. May be repeated if topics differ. Offered alternate years.","15","0","3","6","6","ALS-A","Spiker, Christina","{'fsnum': '27183', 'name': 'Spiker, Christina'}","200","15","","","","","Top: Practicum in Museums","Practicum in Museums, Collections, and Cultural Organizations                   ;This course includes an academic civic engagement (ACE) component.","282","{'day': 'Mo', 'end': '13:50', 'location': 'CAD 202', 'start': '12:55'};{'day': 'We', 'end': '13:50', 'location': 'CAD 202', 'start': '12:55'};{'day': 'Fr', 'end': '13:50', 'location': 'CAD 202', 'start': '12:55'}","False","False","","1","C","20261","Topics in Museum Studies","Topic","2026"
"0000169301","1.0","0000020054","ARTS","This foundation-level studio course introduces the aesthetic, conceptual, and technical foundations of two-dimensional art-making and the ways drawing informs the creation and understanding of art in cultural contexts. Students explore color, value, form, and space through a wide variety of materials. The course emphasizes strategies for idea generation and visual problem solving. Students engage in spirited investigation, critiques, and thoughtful creative expression. Materials fee. Offered each semester.","20","14","1","4","1","ALS-A;CRE","Weeks, Michon","{'fsnum': '23761', 'name': 'Weeks, Michon'}","100","20","","0","10","0","Foundation 2-D Media","The materials fee for ARTS 102A will be $150.                                   ;This course has class-year limits and is not open to rising juniors or seniors.","102","{'day': 'Mo', 'end': '10:00', 'location': 'CAD 216', 'start': '08:00'};{'day': 'We', 'end': '10:00', 'location': 'CAD 216', 'start': '08:00'};{'day': 'Fr', 'end': '10:00', 'location': 'CAD 216', 'start': '08:00'}","False","False","A","1","C","20261","Foundation Two-Dimensional Media","Research","2026"
"0000169302","1.0","0000020054","ARTS","This foundation-level studio course introduces the aesthetic, conceptual, and technical foundations of two-dimensional art-making and the ways drawing informs the creation and understanding of art in cultural contexts. Students explore color, value, form, and space through a wide variety of materials. The course emphasizes strategies for idea generation and visual problem solving. Students engage in spirited investigation, critiques, and thoughtful creative expression. Materials fee. Offered each semester.","18","9","1","7","1","ALS-A;CRE","Weeks, Michon","{'fsnum': '23761', 'name': 'Weeks, Michon'}","100","20","","0","10","0","Foundation 2-D Media","The materials fee for ARTS 102B will be $150.                                   ;This course has class-year limits and is not open to rising juniors or seniors.","102","{'day': 'Mo', 'end': '12:45', 'location': 'CAD 216', 'start': '22:45'};{'day': 'We', 'end': '12:45', 'location': 'CAD 216', 'start': '22:45'};{'day': 'Fr', 'end': '12:45', 'location': 'CAD 216', 'start': '22:45'}","False","False","B","1","O","20261","Foundation Two-Dimensional Media","Research","2026"
"0000169303","1.0","0000020054","ARTS","This foundation-level studio course introduces the aesthetic, conceptual, and technical foundations of two-dimensional art-making and the ways drawing informs the creation and understanding of art in cultural contexts. Students explore color, value, form, and space through a wide variety of materials. The course emphasizes strategies for idea generation and visual problem solving. Students engage in spirited investigation, critiques, and thoughtful creative expression. Materials fee. Offered each semester.","20","9","2","9","0","ALS-A;CRE","Tanaka, Anda","{'fsnum': '9002559', 'name': 'Tanaka, Anda'}","100","20","","0","10","0","Foundation 2-D Media","The materials fee for ARTS 102C will be $150.                                   ;This course has class-year limits and is not open to rising juniors or seniors.","102","{'day': 'Tu', 'end': '14:45', 'location': 'CAD 216', 'start': '23:45'};{'day': 'Th', 'end': '15:45', 'location': 'CAD 216', 'start': '12:45'}","False","False","C","1","C","20261","Foundation Two-Dimensional Media","Research","2026"
"0000169304","1.0","0000020056","ARTS","This foundation-level studio course introduces the aesthetic, conceptual, and technical foundations of three-dimensional art-making and the ways three-dimensional media inform the creation and understanding of art in many contexts. Students explore sculpture and its intersection with other media and art forms through a variety of materials and experiments. The course emphasizes idea generation. Students engage in spirited investigation, creative expression, and play. Materials fee. Offered each semester.","16","6","1","7","2","ALS-A;CRE","Wu, Peng","{'fsnum': '9002464', 'name': 'Wu, Peng'}","100","16","","0","8","0","Foundation 3-D Media","The materials fee for ARTS 103A will be $150.                                   ;This course has class-year limits and is open only to first-year and sophomore  ;students.","103","{'day': 'Mo', 'end': '12:45', 'location': 'CAD 106', 'start': '22:45'};{'day': 'We', 'end': '12:45', 'location': 'CAD 106', 'start': '22:45'};{'day': 'Fr', 'end': '12:45', 'location': 'CAD 106', 'start': '22:45'}","False","False","A","1","C","20261","Foundation Three-Dimensional Media","Research","2026"
"0000169305","1.0","0000020056","ARTS","This foundation-level studio course introduces the aesthetic, conceptual, and technical foundations of three-dimensional art-making and the ways three-dimensional media inform the creation and understanding of art in many contexts. Students explore sculpture and its intersection with other media and art forms through a variety of materials and experiments. The course emphasizes idea generation. Students engage in spirited investigation, creative expression, and play. Materials fee. Offered each semester.","17","2","8","6","1","ALS-A;CRE","Wu, Peng","{'fsnum': '9002464', 'name': 'Wu, Peng'}","100","16","","0","8","0","Foundation 3-D Media","The materials fee for ARTS 103B will be $150.                                   ;This course has class-year limits and is open only to first-year and sophomore  ;students.","103","{'day': 'Mo', 'end': '14:55', 'location': 'CAD 106', 'start': '12:55'};{'day': 'We', 'end': '14:55', 'location': 'CAD 106', 'start': '12:55'};{'day': 'Fr', 'end': '14:55', 'location': 'CAD 106', 'start': '12:55'}","False","False","B","1","C","20261","Foundation Three-Dimensional Media","Research","2026"
"0000169299","1.0","0000020055","ARTS","This foundation-level studio course introduces the aesthetic, conceptual, and technical foundations of new media art making. New media is a broad category that includes a variety of art practices. Areas of focus may include video art, filmmaking, sound art, animation, performance and other digital, time-based, and/or interactive processes. Idea generation and creative development is central to the course, with an emphasis on experimentation and divergent thinking. Students engage in demonstrations, exercises, group work, reflection, and creative projects. Offered each semester.","8","3","1","3","1","ALS-A;CRE","Bosch, Kelsey E.","{'fsnum': '32181', 'name': 'Bosch, Kelsey E.'}","100","16","","0","8","0","Foundation New Media","This course has class-year limits and is open only to first-year and sophomore  ;students.","104","{'day': 'Mo', 'end': '12:45', 'location': 'CAD 116', 'start': '22:45'};{'day': 'We', 'end': '12:45', 'location': 'CAD 116', 'start': '22:45'};{'day': 'Fr', 'end': '12:45', 'location': 'CAD 116', 'start': '22:45'}","False","False","A","1","O","20261","","Research","2026"
"0000169300","1.0","0000020055","ARTS","This foundation-level studio course introduces the aesthetic, conceptual, and technical foundations of new media art making. New media is a broad category that includes a variety of art practices. Areas of focus may include video art, filmmaking, sound art, animation, performance and other digital, time-based, and/or interactive processes. Idea generation and creative development is central to the course, with an emphasis on experimentation and divergent thinking. Students engage in demonstrations, exercises, group work, reflection, and creative projects. Offered each semester.","15","6","1","8","0","ALS-A;CRE","Bosch, Kelsey E.","{'fsnum': '32181', 'name': 'Bosch, Kelsey E.'}","100","16","","0","8","0","Foundation New Media","This course has class-year limits and is open only to first-year and sophomore  ;students.","104","{'day': 'Mo', 'end': '14:55', 'location': 'CAD 116', 'start': '12:55'};{'day': 'We', 'end': '14:55', 'location': 'CAD 116', 'start': '12:55'};{'day': 'Fr', 'end': '14:55', 'location': 'CAD 116', 'start': '12:55'}","False","False","B","1","O","20261","","Research","2026"
"0000169729","1.0","0000000029","ARTS","This course introduces students to digital photographic processes as a means for creating works of art. Students learn terminology and critical approaches to photography. The course includes presentations on concepts and photographers' works, discussions of articles, and regular critiques. Students are introduced to the history of the medium through presentations and readings. Students develop critical skills and the ability to analyze and interpret photographic work. Materials fee. Offered each semester.","16","0","4","5","7","ALS-A;CRE","McKagen, Nika","{'fsnum': '9006214', 'name': 'McKagen, Nika'}","200","16","","","","","Photography","The materials fee for ART 205A will be $185.","205","{'day': 'Mo', 'end': '12:45', 'location': 'CAD 122', 'start': '22:45'};{'day': 'We', 'end': '12:45', 'location': 'CAD 122', 'start': '22:45'};{'day': 'Fr', 'end': '12:45', 'location': 'CAD 122', 'start': '22:45'}","False","False","A","1","C","20261","","Research","2026"
"0000169730","1.0","0000000029","ARTS","This course introduces students to digital photographic processes as a means for creating works of art. Students learn terminology and critical approaches to photography. The course includes presentations on concepts and photographers' works, discussions of articles, and regular critiques. Students are introduced to the history of the medium through presentations and readings. Students develop critical skills and the ability to analyze and interpret photographic work. Materials fee. Offered each semester.","16","0","8","2","6","ALS-A;CRE","McKagen, Nika","{'fsnum': '9006214', 'name': 'McKagen, Nika'}","200","16","","","","","Photography","The materials fee for ART 205B will be $185.","205","{'day': 'Mo', 'end': '14:55', 'location': 'CAD 122', 'start': '12:55'};{'day': 'We', 'end': '14:55', 'location': 'CAD 122', 'start': '12:55'};{'day': 'Fr', 'end': '14:55', 'location': 'CAD 122', 'start': '12:55'}","False","False","B","1","C","20261","","Research","2026"
"0000169185","1.0","0000001496","ARTS","This course introduces students to the ceramic processes of wheel throwing and hand building as means for creating works of art. Students learn terminology and critical approaches to ceramics. Students develop critical skills and the ability to analyze and interpret ceramic artwork. The course emphasizes creative approaches to solving visual problems through ceramic work. Slide presentations on contemporary and historical ceramics provide background for assignments and highlight the role of ceramics in various cultural contexts. Materials fee. Offered each semester.","16","0","7","0","9","ALS-A;CRE","Morrison, David P.","{'fsnum': '9006376', 'name': 'Morrison, David P.'}","200","16","0","","","","Ceramics","The materials fee for ART 207 will be $185.","207","{'day': 'Tu', 'end': '11:00', 'location': 'CAD 115', 'start': '08:00'};{'day': 'Th', 'end': '10:50', 'location': 'CAD 115', 'start': '08:00'}","False","False","A","1","C","20261","","Research","2026"
"0000172027","1.0","0000001496","ARTS","This course introduces students to the ceramic processes of wheel throwing and hand building as means for creating works of art. Students learn terminology and critical approaches to ceramics. Students develop critical skills and the ability to analyze and interpret ceramic artwork. The course emphasizes creative approaches to solving visual problems through ceramic work. Slide presentations on contemporary and historical ceramics provide background for assignments and highlight the role of ceramics in various cultural contexts. Materials fee. Offered each semester.","16","0","5","0","11","ALS-A;CRE","Morrison, David P.","{'fsnum': '9006376', 'name': 'Morrison, David P.'}","200","16","","","","","Ceramics","The materials fee for ARTS 207 will be $185.","207","{'day': 'Tu', 'end': '14:45', 'location': 'CAD 115', 'start': '23:45'};{'day': 'Th', 'end': '15:45', 'location': 'CAD 115', 'start': '12:45'}","False","False","B","1","C","20261","","Research","2026"
"0000169712","1.0","0000000033","ARTS","This course develops and stimulates research into the emotional/expressive properties of painting. By investigating thematic, compositional, and technical problems, students develop a personalized approach to ideas and content. Students learn the importance of process, flexibility, alternatives, and the recognition that a painting has a life of its own. Materials fee. Offered annually. Prerequisite: ARTS 102.","15","0","6","1","8","","Weeks, Michon","{'fsnum': '23761', 'name': 'Weeks, Michon'}","200","15","0","","","","Oil/Acrylic Painting","Not open to incoming first-year students.                                       ;The materials fee for ART 221 will be $200.","221","{'day': 'Mo', 'end': '14:55', 'location': 'CAD 214', 'start': '12:55'};{'day': 'We', 'end': '14:55', 'location': 'CAD 214', 'start': '12:55'};{'day': 'Fr', 'end': '14:55', 'location': 'CAD 214', 'start': '12:55'}","False","ARTS 102.","","1","C","20261","","Research","2026"
"0000169776","1.0","0000000039","ARTS","This course provides a strong foundation in the array of copper plate processes of etching, aquatint, lift ground, soft ground, and polymer plate printmaking processes as well as in painterly monoprinting techniques. Students address personal sources of ideas, experimentation, drawing skills, and compositional concerns and draw upon examples of master printmakers to discuss how images reflect culture. Critical thinking skills are necessary in discussion and critiques. Materials fee. Offered annually. Prerequisite: ARTS 102.","15","0","7","0","8","","Tanaka, Anda","{'fsnum': '9002559', 'name': 'Tanaka, Anda'}","200","15","","","","","Printmaking:Intaglio and Monoprints","The materials fee for ART 227 is $135.                                          ;Students that have not completed the prerequisite are welcome to add this       ;course.","227","{'day': 'Tu', 'end': '11:00', 'location': 'CAD 212', 'start': '08:00'};{'day': 'Th', 'end': '10:50', 'location': 'CAD 212', 'start': '08:00'}","False","ARTS 102.","","1","C","20261","Printmaking: Intaglio and Monoprints","Research","2026"
"0000169994","1.0","0000017673","ARTS","The department periodically offers special topics courses. The specific title of the course is listed in the class and lab schedule when it is offered.","17","0","7","0","10","","Bosch, Kelsey E.","{'fsnum': '32181', 'name': 'Bosch, Kelsey E.'}","200","16","0","","0","","Top: Professional Practice","Not open to incoming first-year students or rising sophomores.","240","{'day': 'Mo', 'end': '10:00', 'location': 'CAD 116', 'start': '08:00'};{'day': 'We', 'end': '10:00', 'location': 'CAD 116', 'start': '08:00'};{'day': 'Fr', 'end': '10:00', 'location': 'CAD 116', 'start': '08:00'}","False","False","A","1","C","20261","Topics in the Fine Arts","Topic","2026"
"0000172307","1.0","0000017673","ARTS","The department periodically offers special topics courses. The specific title of the course is listed in the class and lab schedule when it is offered.","0","0","0","0","0","","Wu, Peng","{'fsnum': '9002464', 'name': 'Wu, Peng'}","200","15","0","","","","Top: Public Art","The materials fee for this course is $185.                                      ;Must have taken ARTS 103 Foundation of 3D Media.                                ;This course includes an academic civic engagement (ACE) component.","240","{'day': 'Mo', 'end': '10:00', 'location': 'CAD 106', 'start': '08:00'};{'day': 'We', 'end': '10:00', 'location': 'CAD 106', 'start': '08:00'};{'day': 'Fr', 'end': '10:00', 'location': 'CAD 106', 'start': '08:00'}","False","False","B","1","X","20261","Topics in the Fine Arts","Topic","2026"
"0000172703","1.0","0000000069","ARTS","Prerequisites: (for studio art) four foundation courses and two upper-division courses in area of study.;Prerequisites: (for art history) two upper-division courses in area of study.","1","0","0","0","1","","Bosch, Kelsey E.","{'fsnum': '32181', 'name': 'Bosch, Kelsey E.'}","200","0","","","","","IS/Visual Marketing Design","","298","","False","Prerequisites: (for studio art) four foundation courses and two upper-division courses in area of study.\nPrerequisites: (for art history) two upper-division courses in area of study.","A","1","C","20261","Independent Study","Research","2026"
"0000171860","1.0","0000001221","AS/RE","This course introduces the religious and philosophical traditions of China, Korea, and Japan: Confucianism, Chinese Taoism, Buddhism, Japanese Shinto, and the folk traditions. Students read classical texts such as Confucius' Analects, Zhuangzi, Taodejing, and Chan Buddhist texts, and analyze fundamental values and concepts such as Tao, yin/yang, and humaneness. Offered periodically.","23","7","6","7","3","GHS;MCG;MCS-G;RFV","Yun, Sungha","{'fsnum': '33051', 'name': 'Yun, Sungha'}","200","24","","6","6","6","Religions China/Korea/Japan","This course has class-year limits.","256","{'day': 'Tu', 'end': '13:10', 'location': 'OM 240', 'start': '23:45'};{'day': 'Th', 'end': '14:05', 'location': 'OM 240', 'start': '12:45'}","False","False","","1","O","20261","Religions of China, Korea, and Japan","Research","2026"
"0000169163","1.0","0000001222","AS/RE","This course studies the Buddhist view of the human predicament and its solution. Students examine the life of the Buddha, Buddhist scriptures, and the historical and philosophical development of Theravada and Mahayana Buddhism in East and Southeast Asia. Offered periodically.","24","4","7","6","7","GHS;MCG;MCS-G;RFV","Yun, Sungha","{'fsnum': '33051', 'name': 'Yun, Sungha'}","200","24","","6","6","6","Buddhism","This course has class-year limits.","257","{'day': 'Tu', 'end': '14:45', 'location': 'OM 240', 'start': '13:20'};{'day': 'Th', 'end': '15:35', 'location': 'OM 240', 'start': '14:15'}","False","False","","1","C","20261","","Research","2026"
"0000170064","1.0","0000023461","ASIAN","The department periodically offers courses on special topics. The specific title will be listed in the class and lab schedule when it is offered. Depending on course content, can also count toward Chinese and/or Japanese majors. Prerequisite: determined by instructor.","19","5","5","3","6","GHS;MCG;MCS-G","Nelson, Andrew P.","{'fsnum': '9006264', 'name': 'Nelson, Andrew P.'}","200","24","","","","","Top: How to Construct a Language","","200","{'day': 'Tu', 'end': '13:10', 'location': 'TOH 212', 'start': '23:45'};{'day': 'Th', 'end': '14:05', 'location': 'TOH 212', 'start': '12:45'}","False","determined by instructor.","","1","O","20261","Topics in Asian Studies","Topic","2026"
"0000171842","1.0","0000019727","ASIAN","This core course of Asian studies introduces students to modern Chinese literature and society. It examines canonical and popular works of Chinese writings including fiction, drama, autobiography, correspondences, and poetry from the early 20th century to the 21st century. Films and songs also serve as supplementary material when appropriate. Students read texts in translation and approach them in the context of modern Chinese society. They also study the literature as it reflects diverse Chinese communities across political boundaries. Offered annually.","21","2","5","5","9","ALS-L;GHS;MCG;MCS-G","Shih, Hsiang-Lin","{'fsnum': '25327', 'name': 'Shih, Hsiang-Lin'}","200","24","","","","","Modern Chinese Lit & Soc","","237","{'day': 'Tu', 'end': '11:00', 'location': 'TOH 308', 'start': '09:35'};{'day': 'Th', 'end': '10:50', 'location': 'TOH 308', 'start': '09:30'}","False","False","","1","O","20261","Modern Chinese Literature and Society","Research","2026"
"0000172573","0.25","0000028979","ASIAN","","0","0","0","0","0","","Shih, Hsiang-Lin","{'fsnum': '25327', 'name': 'Shih, Hsiang-Lin'}","200","10","","","","","LAC - Chinese","Meeting time will be decided based on availability of the registered students.  ;Prerequisite: Completion of CHIN 231 or equivalent experience. This course      ;cannot be wish listed. Add it after registering for ASIAN 237 (main course).","237","","False","","","1","O","20261","","FLAC","2026"
"0000172029","1.0","0000018793","BI/ES","The study of global change and human environmental impacts requires students to link concepts from biology, chemistry, and physics. Students investigate these links by exploring current theories in biogeochemistry, with an emphasis on understanding the feedback between physical and ecological processes and the coupling of multiple element cycles. Students attend lectures plus one three-hour lab per week. Laboratory activities focus on a practical exploration of the methods biogeochemists use, including experience with a variety of instruments. Offered periodically. Prerequisite: any level II biology, chemistry, or physics course or permission of instructor.","10","0","5","0","5","","Umbanhowar, Charles Jr.","{'fsnum': '8616', 'name': 'Umbanhowar, Charles Jr.'}","300","10","0","","0","","Biogeochemistry","This course is open to juniors and seniors only.                                ;Prerequisite: any lvll II bio, chem, or phys course or permission of instructor.;Students registering for BI/ES 350 must also register for BI/ES 350 lab AL.","350","{'day': 'Mo', 'end': '08:55', 'location': 'RNS 426', 'start': '08:00'}","False","any level II biology, chemistry, or physics course or permission of instructor.","","1","C","20261","Biogeochemistry: Theory and Application","Research","2026"
"0000172030","","0000019396","BI/ES","","10","0","5","0","5","","Umbanhowar, Charles Jr.","{'fsnum': '8616', 'name': 'Umbanhowar, Charles Jr.'}","300","10","","","","","Biogeochemistry Lab","","350","{'day': 'We', 'end': '16:00', 'location': 'RNS 455', 'start': '13:00'}","False","","","1","C","20261","","Lab","2026"
"0000169376","1.0","0000000102","BIO","This course focuses on the wonderous actions of the human body. Students learn how several vital body functions occur subconsciously, such as the rhythmic beating of the heart or the digestion of nutrients after a meal. Topics include how the brain works, how muscles contract, and how kidneys produce urine, and the remarkable biology associated with reproduction. Students use this understanding to elucidate diseases such as diabetes and hypertension. Students attend lectures plus one two-hour laboratory per week. Offered annually.","42","8","10","21","3","HWC;IST;NSC;NSL;NTS;SED","Pettitt, Beth","{'fsnum': '27204', 'name': 'Pettitt, Beth'}","100","48","","","","","Human Biology","Students in BIO 123 must also register for one lab BIO 123 AL or BL.","123","{'day': 'Tu', 'end': '13:10', 'location': 'RNS 410', 'start': '23:45'};{'day': 'Th', 'end': '14:05', 'location': 'RNS 410', 'start': '12:45'}","False","False","","1","O","20261","","Research","2026"
"0000169378","","0000000103","BIO","","19","4","7","7","1","","Pettitt, Beth","{'fsnum': '27204', 'name': 'Pettitt, Beth'}","100","23","","","","","Human Biology Lab","","123","{'day': 'We', 'end': '15:00', 'location': 'RNS 254', 'start': '13:00'}","False","","A","1","O","20261","","Lab","2026"
"0000169377","","0000000103","BIO","","23","4","3","14","2","","Pettitt, Beth","{'fsnum': '27204', 'name': 'Pettitt, Beth'}","100","23","","","","","Human Biology Lab","","123","{'day': 'We', 'end': '17:30', 'location': 'RNS 254', 'start': '15:30'}","False","","B","1","C","20261","","Lab","2026"
"0000169365","1.0","0000026712","BIO","The study of the anatomy and physiology of the human body is founded on a thorough understanding of the structure and function of cells and tissues. Students attend lectures plus one three-hour laboratory per week. This course may not be taken after completion of CH/BI 227 or BIO 227. Offered in the fall semester.","108","0","12","84","12","IST;NTS;SED","Cole, Steven","{'fsnum': '26217', 'name': 'Cole, Steven'}","100","108","","","","","Human Anatomy & Physiology I","Students in Bio 143 must also register for one lab: Bio 143 AL, BL, CL, DL, or  ;EL.","143","{'day': 'Mo', 'end': '10:00', 'location': 'RNS 150', 'start': '08:30'};{'day': 'We', 'end': '10:00', 'location': 'RNS 150', 'start': '08:30'}","False","False","","1","C","20261","Human Anatomy and Physiology: Cells and Tissues","Research","2026"
"0000169367","","0000026713","BIO","","20","0","2","18","0","","Cole, Steven","{'fsnum': '26217', 'name': 'Cole, Steven'}","100","20","","","","","Human Anatomy & Physiology I Lab","","143","{'day': 'Mo', 'end': '12:45', 'location': 'RNS 454', 'start': '22:45'}","False","","A","1","C","20261","","Lab","2026"
"0000169366","","0000026713","BIO","","22","0","1","19","2","","Cole, Steven","{'fsnum': '26217', 'name': 'Cole, Steven'}","100","20","","","","","Human Anatomy & Physiology I Lab","","143","{'day': 'Mo', 'end': '15:00', 'location': 'RNS 454', 'start': '13:00'}","False","","B","1","C","20261","","Lab","2026"
"0000169368","","0000026713","BIO","","23","0","1","19","3","","Cole, Steven","{'fsnum': '26217', 'name': 'Cole, Steven'}","100","20","","","","","Human Anatomy & Physiology I Lab","","143","{'day': 'Mo', 'end': '17:00', 'location': 'RNS 454', 'start': '15:00'}","False","","C","1","C","20261","","Lab","2026"
"0000169369","","0000026713","BIO","","20","0","1","15","4","","Cole, Steven","{'fsnum': '26217', 'name': 'Cole, Steven'}","100","20","","","","","Human Anatomy & Physiology I Lab","","143","{'day': 'We', 'end': '12:45', 'location': 'RNS 454', 'start': '22:45'}","False","","D","1","C","20261","","Lab","2026"
"0000169370","","0000026713","BIO","","23","0","7","13","3","","Cole, Steven","{'fsnum': '26217', 'name': 'Cole, Steven'}","100","20","","","","","Human Anatomy & Physiology I Lab","","143","{'day': 'We', 'end': '15:00', 'location': 'RNS 454', 'start': '13:00'}","False","","E","1","C","20261","","Lab","2026"
"0000169143","1.0","0000026649","BIO","This course is the gateway for the biology major, guiding students as they develop the context, skills, and modern framework on which to continue their study of biology. Students explore the history, evolution, and diversity of life in the context of genetics and comparative genomics. The laboratory emphasizes question-asking, problem-solving, and exploring biodiversity, and students have multiple opportunities to practice and communicate their science. Students attend lectures plus one 3-hour laboratory/discussion per week. Offered each semester.","49","23","5","20","1","IST;NTS;SED","Lee, Norman","{'fsnum': '29095', 'name': 'Lee, Norman'}","100","60","","","","","Biodiversity Foundations","Students registering for BIO 150A must also register for one lab BIO 150 AL, BL,;or CL.","150","{'day': 'Mo', 'end': '10:00', 'location': 'RNS 190', 'start': '09:05'};{'day': 'We', 'end': '10:00', 'location': 'RNS 190', 'start': '09:05'};{'day': 'Fr', 'end': '10:00', 'location': 'RNS 190', 'start': '09:05'}","False","False","A","1","O","20261","Evolutionary Foundations of Biodiversity","Research","2026"
"0000169142","1.0","0000026649","BIO","This course is the gateway for the biology major, guiding students as they develop the context, skills, and modern framework on which to continue their study of biology. Students explore the history, evolution, and diversity of life in the context of genetics and comparative genomics. The laboratory emphasizes question-asking, problem-solving, and exploring biodiversity, and students have multiple opportunities to practice and communicate their science. Students attend lectures plus one 3-hour laboratory/discussion per week. Offered each semester.","39","10","4","24","1","IST;NTS;SED","Zillig, Martha W.","{'fsnum': '35090', 'name': 'Zillig, Martha W.'}","100","44","","","","","Biodiversity Foundations","Students in Bio 150A must also register for one lab Bio 150 DL or EL.","150","{'day': 'Mo', 'end': '12:45', 'location': 'HH 501', 'start': '23:50'};{'day': 'We', 'end': '12:45', 'location': 'HH 501', 'start': '23:50'};{'day': 'Fr', 'end': '12:45', 'location': 'HH 501', 'start': '23:50'}","False","False","B","1","O","20261","Evolutionary Foundations of Biodiversity","Research","2026"
"0000169144","1.0","0000026649","BIO","This course is the gateway for the biology major, guiding students as they develop the context, skills, and modern framework on which to continue their study of biology. Students explore the history, evolution, and diversity of life in the context of genetics and comparative genomics. The laboratory emphasizes question-asking, problem-solving, and exploring biodiversity, and students have multiple opportunities to practice and communicate their science. Students attend lectures plus one 3-hour laboratory/discussion per week. Offered each semester.","30","8","2","20","0","IST;NTS;SED","Schofield, Lynn N.","{'fsnum': '34098', 'name': 'Schofield, Lynn N.'}","100","40","","","","","Biodiversity Foundations","Students in Bio 150C must also register for one lab Bio 150 FL or GL.","150","{'day': 'Mo', 'end': '11:40', 'location': 'TOH 280', 'start': '10:45'};{'day': 'We', 'end': '11:40', 'location': 'TOH 280', 'start': '10:45'};{'day': 'Fr', 'end': '11:40', 'location': 'TOH 280', 'start': '10:45'}","False","False","C","1","O","20261","Evolutionary Foundations of Biodiversity","Research","2026"
"0000169136","","0000026650","BIO","","20","8","1","11","0","","Lee, Norman","{'fsnum': '29095', 'name': 'Lee, Norman'}","100","20","","","","","Biodiversity Found Lab","","150","{'day': 'Tu', 'end': '11:00', 'location': 'RNS 255', 'start': '08:00'}","False","","A","1","C","20261","","Lab","2026"
"0000169137","","0000026650","BIO","","20","10","4","5","1","","Lee, Norman","{'fsnum': '29095', 'name': 'Lee, Norman'}","100","20","","","","","Biodiversity Found Lab","","150","{'day': 'Tu', 'end': '14:45', 'location': 'RNS 255', 'start': '23:45'}","False","","B","1","C","20261","","Lab","2026"
"0000169135","","0000026650","BIO","","9","5","0","4","0","","Lee, Norman","{'fsnum': '29095', 'name': 'Lee, Norman'}","100","20","","","","","Biodiversity Found Lab","","150","{'day': 'Th', 'end': '17:00', 'location': 'RNS 255', 'start': '14:00'}","False","","C","1","O","20261","","Lab","2026"
"0000169139","","0000026650","BIO","","22","5","2","14","1","","Zillig, Martha W.","{'fsnum': '35090', 'name': 'Zillig, Martha W.'}","100","22","","","","","Biodiversity Found Lab","","150","{'day': 'Th', 'end': '11:00', 'location': 'RNS 255', 'start': '08:00'}","False","","D","1","C","20261","","Lab","2026"
"0000169138","","0000026650","BIO","","17","5","2","10","0","","Zillig, Martha W.","{'fsnum': '35090', 'name': 'Zillig, Martha W.'}","100","22","","","","","Biodiversity Found Lab","","150","{'day': 'Fr', 'end': '16:00', 'location': 'RNS 255', 'start': '13:00'}","False","","E","1","O","20261","","Lab","2026"
"0000169140","","0000026650","BIO","","18","3","2","13","0","","Schofield, Lynn N.","{'fsnum': '34098', 'name': 'Schofield, Lynn N.'}","100","20","","","","","Biodiversity Found Lab","","150","{'day': 'Mo', 'end': '16:00', 'location': 'RNS 255', 'start': '13:00'}","False","","F","1","O","20261","","Lab","2026"
"0000169141","","0000026650","BIO","","12","5","0","7","0","","Schofield, Lynn N.","{'fsnum': '34098', 'name': 'Schofield, Lynn N.'}","100","22","","","","","Biodiversity Found Lab","","150","{'day': 'We', 'end': '16:00', 'location': 'RNS 255', 'start': '13:00'}","False","","G","1","O","20261","","Lab","2026"
"0000169180","1.0","0000026714","BIO","This course provides a comprehensive overview of cellular structure and function including cellular compartments, macromolecular structures, and life processes such as energy and material flux, cell division, and control mechanisms. Students learn current and/or historical evidence and methodology (e.g., microscopy, isolation procedures, and probes). Students attend lectures plus one three-hour laboratory per week. Laboratory experiences provide opportunities for qualitative and quantitative observations of cellular structure and function. Students place their work in the context of current research through examination of relevant literature and formal presentations. Offered each semester. Counts toward ""cell biology"" core category. Prerequisites: CHEM 122 or CHEM 125; BIO 150 is strongly preferred.","60","0","26","31","3","","Fruehling, Sara E.","{'fsnum': '17588', 'name': 'Fruehling, Sara E.'}","200","60","0","","","","Cell Biology","Students in Bio 227 must also register for one lab Bio 227 AL, BL or CL.        ;Not open to first-year students.","227","{'day': 'Mo', 'end': '10:00', 'location': 'RNS 410', 'start': '09:05'};{'day': 'We', 'end': '10:00', 'location': 'RNS 410', 'start': '09:05'};{'day': 'Fr', 'end': '10:00', 'location': 'RNS 410', 'start': '09:05'}","False","Prerequisites: CHEM 122 or CHEM 125; BIO 150 is strongly preferred.","","1","C","20261","","Research","2026"
"0000169181","","0000026715","BIO","","22","0","9","13","0","","Fruehling, Sara E.","{'fsnum': '17588', 'name': 'Fruehling, Sara E.'}","200","18","0","","","","Cell Biology Lab","","227","{'day': 'Tu', 'end': '11:00', 'location': 'RNS 398', 'start': '08:00'}","False","","A","1","C","20261","","Lab","2026"
"0000169182","","0000026715","BIO","","18","0","5","11","2","","Fruehling, Sara E.","{'fsnum': '17588', 'name': 'Fruehling, Sara E.'}","200","18","0","","","","Cell Biology Lab","","227","{'day': 'Tu', 'end': '14:45', 'location': 'RNS 398', 'start': '23:45'}","False","","B","1","C","20261","","Lab","2026"
"0000169183","","0000026715","BIO","","20","0","12","7","1","","Fruehling, Sara E.","{'fsnum': '17588', 'name': 'Fruehling, Sara E.'}","200","18","","","","","Cell Biology Lab","","227","{'day': 'Mo', 'end': '16:00', 'location': 'RNS 398', 'start': '13:00'}","False","","C","1","C","20261","","Lab","2026"
"0000169670","1.0","0000000119","BIO","Microbiology examines the morphology, composition, metabolism, and genetics of microorganisms with emphasis on bacteria and viruses. Students examine the dynamic impact of microbes on humans, the immune response, and the role of microbes in the environment. Students attend lectures plus one three-hour laboratory per week. Offered annually during Fall semester. Prerequisites: BIO 143 or BIO 150, and one chemistry course.","38","0","9","2","27","","Bowers, Lisa M.","{'fsnum': '23548', 'name': 'Bowers, Lisa M.'}","200","32","0","","","","Microbiology","Students in Bio 231 must also register for lab section AL or BL.                ;Not open to incoming first-year students.","231","{'day': 'Mo', 'end': '12:45', 'location': 'RNS 410', 'start': '23:50'};{'day': 'We', 'end': '12:45', 'location': 'RNS 410', 'start': '23:50'};{'day': 'Fr', 'end': '12:45', 'location': 'RNS 410', 'start': '23:50'}","False","Prerequisites: BIO 143 or BIO 150, and one chemistry course.","","1","C","20261","","Research","2026"
"0000169671","","0000000120","BIO","","18","0","6","0","12","","Bowers, Lisa M.","{'fsnum': '23548', 'name': 'Bowers, Lisa M.'}","200","16","0","","","","Microbiology Lab","","231","{'day': 'Th', 'end': '11:00', 'location': 'RNS 398', 'start': '08:00'}","False","","A","1","C","20261","","Lab","2026"
"0000169672","","0000000120","BIO","","20","0","3","2","15","","Bowers, Lisa M.","{'fsnum': '23548', 'name': 'Bowers, Lisa M.'}","200","16","","","","","Microbiology Lab","","231","{'day': 'Th', 'end': '15:45', 'location': 'RNS 398', 'start': '12:45'}","False","","B","1","C","20261","","Lab","2026"
"0000169482","1.0","0000000122","BIO","Genetics examines relationships between genotype and phenotype in prokaryotic and eukaryotic organisms from classical and molecular perspectives. Lectures in this core course cover ideas and technologies contributing to understanding mechanisms of gene transmission and regulation. Laboratories utilize model organisms to investigate classical and molecular modes of inheritance. Students attend lectures plus one three-hour laboratory per week. Offered each semester. Counts as ""genetics"" core category. Prerequisites: BIO 150; and CHEM 125 or CHEM 122.","72","0","36","22","14","","Porterfield, Jean C.","{'fsnum': '14015', 'name': 'Porterfield, Jean C.'}","200","72","0","","","","Intermediate Genetics","Students registering for BIO 233A must also register for either BIO 233 lab AL, ;BL or CL.  Not open to incoming first-year students.","233","{'day': 'Mo', 'end': '11:40', 'location': 'RNS 410', 'start': '10:45'};{'day': 'We', 'end': '11:40', 'location': 'RNS 410', 'start': '10:45'};{'day': 'Fr', 'end': '11:40', 'location': 'RNS 410', 'start': '10:45'}","False","Prerequisites: BIO 150; and CHEM 125 or CHEM 122.","","1","C","20261","","Research","2026"
"0000169484","","0000000123","BIO","","24","0","11","11","2","","Porterfield, Jean C.","{'fsnum': '14015', 'name': 'Porterfield, Jean C.'}","200","24","0","","","","Intermediate Genetics Lab","","233","{'day': 'Tu', 'end': '11:00', 'location': 'RNS 394', 'start': '08:00'}","False","","A","1","C","20261","","Lab","2026"
"0000169483","","0000000123","BIO","","24","0","10","6","8","","Porterfield, Jean C.","{'fsnum': '14015', 'name': 'Porterfield, Jean C.'}","200","24","0","","","","Intermediate Genetics Lab","","233","{'day': 'Tu', 'end': '14:45', 'location': 'RNS 394', 'start': '23:45'}","False","","B","1","C","20261","","Lab","2026"
"0000169485","","0000000123","BIO","","24","0","15","5","4","","Porterfield, Jean C.","{'fsnum': '14015', 'name': 'Porterfield, Jean C.'}","200","24","0","","","","Intermediate Genetics Lab","","233","{'day': 'Tu', 'end': '18:00', 'location': 'RNS 394', 'start': '15:00'}","False","","C","1","C","20261","","Lab","2026"
"0000169372","1.0","0000000126","BIO","Students journey toward greater understanding of the human body through an integrated study of the structure of the body (anatomy) and how organs such as the brain, heart, and kidney perform their remarkable functions (physiology). The course is designed primarily for students intending careers in the health sciences. Students attend lectures plus one three-hour laboratory per week. Offered each semester. Prerequisite: BIO 143, or BIO 150 and BIO 227.","49","0","36","0","13","","Crisp, Kevin M.","{'fsnum': '17430', 'name': 'Crisp, Kevin M.'}","200","46","0","","","","Human Anatomy & Physiology II","Students in Bio 243 must also register for one lab Bio 243 AL or BL.            ;Not open to incoming first-year students.","243","{'day': 'Mo', 'end': '12:45', 'location': 'RNS 190', 'start': '23:50'};{'day': 'We', 'end': '12:45', 'location': 'RNS 190', 'start': '23:50'};{'day': 'Fr', 'end': '12:45', 'location': 'RNS 190', 'start': '23:50'}","False","BIO 143, or BIO 150 and BIO 227.","","1","C","20261","Human Anatomy and Physiology: Organs and Organ Systems","Research","2026"
"0000169373","","0000000127","BIO","","24","0","17","0","7","","Crisp, Kevin M.","{'fsnum': '17430', 'name': 'Crisp, Kevin M.'}","200","23","0","","","","Human Anatomy & Physiology II Lab","","243","{'day': 'Tu', 'end': '11:00', 'location': 'RNS 254', 'start': '09:00'}","False","","A","1","C","20261","","Lab","2026"
"0000169374","","0000000127","BIO","","25","0","19","0","6","","Crisp, Kevin M.","{'fsnum': '17430', 'name': 'Crisp, Kevin M.'}","200","23","0","","","","Human Anatomy & Physiology II Lab","","243","{'day': 'Tu', 'end': '13:45', 'location': 'RNS 254', 'start': '23:45'}","False","","B","1","C","20261","","Lab","2026"
"0000169083","1.0","0000000128","BIO","How do animals do what they need to do to survive in all sorts of environments? Why are others able to exist in only very particular conditions? These are the sorts of questions students explore as they navigate the basic systems that provide circulation, ventilation, movement, digestion, and waste removal. Students look at how these processes are coordinated by the nervous and endocrine systems and how they vary across the animal kingdom to help organisms survive in dry, hot deserts, in dark, deep oceans, and places in between. Students attend lectures plus one three-hour laboratory per week. In laboratory, they conduct quantitative physiological measurements to assess functions such as temperature control, respiration rates, and salt and water balance. Counts as ""comparative organismal biology"" core category. Offered periodically. Prerequisites: BIO 150; BIO 227 recommended.","31","0","1","1","29","","Riggs, Claire L.","{'fsnum': '9005105', 'name': 'Riggs, Claire L.'}","200","32","0","","","","Animal Physiology","Students enrolled in BIO 247 must also enroll in lab BIO 247 AL or BL.          ;Not open to incoming first-year students.","247","{'day': 'Tu', 'end': '11:00', 'location': 'RNS 410', 'start': '09:35'};{'day': 'Th', 'end': '10:50', 'location': 'RNS 410', 'start': '09:30'}","False","Prerequisites: BIO 150; BIO 227 recommended.","","1","O","20261","","Research","2026"
"0000169084","","0000000129","BIO","","15","0","1","1","13","","Riggs, Claire L.","{'fsnum': '9005105', 'name': 'Riggs, Claire L.'}","200","16","0","","","","Animal Physiology Lab","","247","{'day': 'We', 'end': '16:00', 'location': 'RNS 250', 'start': '13:00'}","False","","A","1","O","20261","","Lab","2026"
"0000169085","","0000000129","BIO","","16","0","0","0","16","","Riggs, Claire L.","{'fsnum': '9005105', 'name': 'Riggs, Claire L.'}","200","16","0","","","","Animal Physiology Lab","","247","{'day': 'Th', 'end': '16:00', 'location': 'RNS 250', 'start': '13:00'}","False","","B","1","C","20261","","Lab","2026"
"0000169567","1.0","0000000130","BIO","This course traces the path of invertebrate evolution from single-celled protozoans to the most primitive chordates. Emphasis is placed upon major breakthroughs in design that enable organisms to exploit new ecological habitats. Laboratories are designed to introduce students to the major invertebrate groups via observation of living animals and through dissection. Students attend lectures plus one three-hour laboratory per week. Counts as ""comparative organismal biology"" core category. Also counts toward neuroscience concentration. Prerequisites: BIO 150.","32","0","17","6","9","","Mohl, Emily","{'fsnum': '25351', 'name': 'Mohl, Emily'}","200","32","0","","","","Invertebrate Biology","Students registering for BIO 248 must also register for BIO 248 lab AL or BL.   ;Not open to incoming first-year students.","248","{'day': 'Mo', 'end': '12:45', 'location': 'HH 502', 'start': '23:50'};{'day': 'We', 'end': '12:45', 'location': 'HH 502', 'start': '23:50'};{'day': 'Fr', 'end': '12:45', 'location': 'HH 502', 'start': '23:50'}","False","Prerequisites: BIO 150.","","1","C","20261","","Research","2026"
"0000169568","","0000000131","BIO","","16","0","7","4","5","","Mohl, Emily","{'fsnum': '25351', 'name': 'Mohl, Emily'}","200","16","","","","","Invertebrate Biology Lab","","248","{'day': 'Tu', 'end': '11:00', 'location': 'RNS 246', 'start': '08:00'}","False","","A","1","C","20261","","Lab","2026"
"0000169569","","0000000131","BIO","","16","0","10","2","4","","Mohl, Emily","{'fsnum': '25351', 'name': 'Mohl, Emily'}","200","16","","","","","Invertebrate Biology Lab","","248","{'day': 'Tu', 'end': '15:45', 'location': 'RNS 246', 'start': '12:45'}","False","","B","1","C","20261","","Lab","2026"
"0000169250","1.0","0000000139","BIO","Ecology focuses on the study of the interrelationships that determine the distribution and abundance of organisms. This core course examines organism-environment interactions and the study of populations, communities and ecosystems. Consideration is given to use of ecological studies in ecosystem management. Students attend lectures plus one three-hour laboratory per week. Offered each semester. Counts as ""ecology"" core category. Prerequisite: BIO 150.","46","0","16","0","30","NSC;NSL;SED","Peterson, Sean M.","{'fsnum': '34063', 'name': 'Peterson, Sean M.'}","200","44","0","","","","Ecological Principles","Students in Bio 261 must also register for one lab Bio 261 AL or BL.            ;Not open to incoming first-year students.","261","{'day': 'Mo', 'end': '11:40', 'location': 'RNS 290', 'start': '10:45'};{'day': 'We', 'end': '11:40', 'location': 'RNS 290', 'start': '10:45'};{'day': 'Fr', 'end': '11:40', 'location': 'RNS 290', 'start': '10:45'}","False","BIO 150.","","1","C","20261","","Research","2026"
"0000169251","","0000000140","BIO","","24","0","1","0","23","","Peterson, Sean M.","{'fsnum': '34063', 'name': 'Peterson, Sean M.'}","200","22","","","","","Ecological Principles Lab","","261","{'day': 'Mo', 'end': '16:00', 'location': 'RNS 440', 'start': '13:00'}","False","","A","1","C","20261","","Lab","2026"
"0000169252","","0000000140","BIO","","22","0","15","0","7","","Peterson, Sean M.","{'fsnum': '34063', 'name': 'Peterson, Sean M.'}","200","22","","","","","Ecological Principles Lab","","261","{'day': 'We', 'end': '16:00', 'location': 'RNS 440', 'start': '13:00'}","False","","B","1","C","20261","","Lab","2026"
"0000172032","1.0","0000028963","BIO","What makes a microscopic sequence of genetic code one of the most powerful forces on Earth? This course explores the fascinating world of viruses, from their elegant morphology to the complex machinery they use to hijack host cells. We will dissect the life cycles of major human pathogens, examining how they spread, evade the immune system, and cause disease. Beyond the biology of infection, we will discuss the development of vaccines, the rise of emerging global threats, and the cutting-edge use of viruses as tools for gene therapy. Prerequisite: BIO 150; recommended: BIO 227, BIO 231, or BIO 233.","18","0","9","2","7","","Matchett, Will E.","{'fsnum': '35072', 'name': 'Matchett, Will E.'}","200","18","","","","","Top: Principles of Virology","","292","{'day': 'Mo', 'end': '10:00', 'location': 'RNS 124', 'start': '09:05'};{'day': 'We', 'end': '10:00', 'location': 'RNS 124', 'start': '09:05'};{'day': 'Fr', 'end': '10:00', 'location': 'RNS 124', 'start': '09:05'}","False","BIO 150; recommended: BIO 227, BIO 231, or BIO 233.","","1","C","20261","Topics in Biology","Topic","2026"
"0000172712","0.25","0000032283","BIO","Independent research is offered for students dedicated to an independent research experience. Emphasis is placed on the iterative process of experimentation and analysis. Students interested in independent research may enroll in BIO 297 or BIO 398. Each course requires a faculty supervisor, who makes the decision as to which course is appropriate. Pass/No Pass. Offered each semester and during January Term. Does not count toward biology major requirements. Prerequisite: approval of instructor.","8","0","0","5","3","","Grossman, Jake","{'fsnum': '33960', 'name': 'Grossman, Jake'}","200","0","","","","","Independent Research (.25, .5, 1.0)","","297","","True","approval of instructor.","A","1","C","20261","Independent Research","Lab","2026"
"0000172713","0.25","0000032283","BIO","Independent research is offered for students dedicated to an independent research experience. Emphasis is placed on the iterative process of experimentation and analysis. Students interested in independent research may enroll in BIO 297 or BIO 398. Each course requires a faculty supervisor, who makes the decision as to which course is appropriate. Pass/No Pass. Offered each semester and during January Term. Does not count toward biology major requirements. Prerequisite: approval of instructor.","2","0","2","0","0","","Umbanhowar, Charles Jr.","{'fsnum': '8616', 'name': 'Umbanhowar, Charles Jr.'}","200","0","","","","","Independent Research (.25, .5, 1.0)","","297","","True","approval of instructor.","B","1","C","20261","Independent Research","Lab","2026"
"0000172724","0.25","0000032283","BIO","Independent research is offered for students dedicated to an independent research experience. Emphasis is placed on the iterative process of experimentation and analysis. Students interested in independent research may enroll in BIO 297 or BIO 398. Each course requires a faculty supervisor, who makes the decision as to which course is appropriate. Pass/No Pass. Offered each semester and during January Term. Does not count toward biology major requirements. Prerequisite: approval of instructor.","5","0","2","3","0","","Porterfield, Jean C.","{'fsnum': '14015', 'name': 'Porterfield, Jean C.'}","200","0","","","","","Independent Research (.25, .5, 1.0)","","297","","True","approval of instructor.","C","1","C","20261","Independent Research","Lab","2026"
"0000172730","0.25","0000032283","BIO","Independent research is offered for students dedicated to an independent research experience. Emphasis is placed on the iterative process of experimentation and analysis. Students interested in independent research may enroll in BIO 297 or BIO 398. Each course requires a faculty supervisor, who makes the decision as to which course is appropriate. Pass/No Pass. Offered each semester and during January Term. Does not count toward biology major requirements. Prerequisite: approval of instructor.","3","0","1","1","1","","Bowers, Lisa M.","{'fsnum': '23548', 'name': 'Bowers, Lisa M.'}","200","0","","","","","Independent Research (.25, .5, 1.0)","","297","","True","approval of instructor.","D","1","C","20261","Independent Research","Lab","2026"
"0000172840","0.5","0000032283","BIO","Independent research is offered for students dedicated to an independent research experience. Emphasis is placed on the iterative process of experimentation and analysis. Students interested in independent research may enroll in BIO 297 or BIO 398. Each course requires a faculty supervisor, who makes the decision as to which course is appropriate. Pass/No Pass. Offered each semester and during January Term. Does not count toward biology major requirements. Prerequisite: approval of instructor.","4","0","1","1","2","","Matchett, Will E.","{'fsnum': '35072', 'name': 'Matchett, Will E.'}","200","0","","","","","Independent Research (.25, .5, 1.0)","","297","","True","approval of instructor.","E","1","C","20261","Independent Research","Lab","2026"
"0000172841","1.0","0000032283","BIO","Independent research is offered for students dedicated to an independent research experience. Emphasis is placed on the iterative process of experimentation and analysis. Students interested in independent research may enroll in BIO 297 or BIO 398. Each course requires a faculty supervisor, who makes the decision as to which course is appropriate. Pass/No Pass. Offered each semester and during January Term. Does not count toward biology major requirements. Prerequisite: approval of instructor.","1","0","0","0","1","","Matchett, Will E.","{'fsnum': '35072', 'name': 'Matchett, Will E.'}","200","0","","","","","Independent Research (.25, .5, 1.0)","","297","","True","approval of instructor.","F","1","C","20261","Independent Research","Lab","2026"
"0000172896","0.25","0000032283","BIO","Independent research is offered for students dedicated to an independent research experience. Emphasis is placed on the iterative process of experimentation and analysis. Students interested in independent research may enroll in BIO 297 or BIO 398. Each course requires a faculty supervisor, who makes the decision as to which course is appropriate. Pass/No Pass. Offered each semester and during January Term. Does not count toward biology major requirements. Prerequisite: approval of instructor.","1","0","1","0","0","","Matchett, Will E.","{'fsnum': '35072', 'name': 'Matchett, Will E.'}","200","0","","","","","Independent Research (.25, .5, 1.0)","","297","","True","approval of instructor.","G","1","C","20261","Independent Research","Lab","2026"
"0000173490","1.0","0000032283","BIO","Independent research is offered for students dedicated to an independent research experience. Emphasis is placed on the iterative process of experimentation and analysis. Students interested in independent research may enroll in BIO 297 or BIO 398. Each course requires a faculty supervisor, who makes the decision as to which course is appropriate. Pass/No Pass. Offered each semester and during January Term. Does not count toward biology major requirements. Prerequisite: approval of instructor.","2","0","0","1","1","","Muthukrishnan, Ranjan","{'fsnum': '9002460', 'name': 'Muthukrishnan, Ranjan'}","200","0","","","","","Independent Research (.25, .5, 1.0)","","297","","True","approval of instructor.","H","1","C","20261","Independent Research","Lab","2026"
"0000174062","0.5","0000032283","BIO","Independent research is offered for students dedicated to an independent research experience. Emphasis is placed on the iterative process of experimentation and analysis. Students interested in independent research may enroll in BIO 297 or BIO 398. Each course requires a faculty supervisor, who makes the decision as to which course is appropriate. Pass/No Pass. Offered each semester and during January Term. Does not count toward biology major requirements. Prerequisite: approval of instructor.","1","0","0","0","1","","Listenberger, Laura","{'fsnum': '21061', 'name': 'Listenberger, Laura'}","200","0","","","","","Independent Research (.25, .5, 1.0)","","297","","True","approval of instructor.","I","1","C","20261","Independent Research","Lab","2026"
"0000174063","1.0","0000032283","BIO","Independent research is offered for students dedicated to an independent research experience. Emphasis is placed on the iterative process of experimentation and analysis. Students interested in independent research may enroll in BIO 297 or BIO 398. Each course requires a faculty supervisor, who makes the decision as to which course is appropriate. Pass/No Pass. Offered each semester and during January Term. Does not count toward biology major requirements. Prerequisite: approval of instructor.","1","0","1","0","0","","Listenberger, Laura","{'fsnum': '21061', 'name': 'Listenberger, Laura'}","200","0","","","","","Independent Research (.25, .5, 1.0)","","297","","True","approval of instructor.","J","1","C","20261","Independent Research","Lab","2026"
"0000174311","1.0","0000032283","BIO","Independent research is offered for students dedicated to an independent research experience. Emphasis is placed on the iterative process of experimentation and analysis. Students interested in independent research may enroll in BIO 297 or BIO 398. Each course requires a faculty supervisor, who makes the decision as to which course is appropriate. Pass/No Pass. Offered each semester and during January Term. Does not count toward biology major requirements. Prerequisite: approval of instructor.","1","0","0","0","1","","Porterfield, Jean C.","{'fsnum': '14015', 'name': 'Porterfield, Jean C.'}","200","0","","","","","Independent Research (.25, .5, 1.0)","","297","","True","approval of instructor.","K","1","C","20261","Independent Research","Lab","2026"
"0000174699","0.25","0000032283","BIO","Independent research is offered for students dedicated to an independent research experience. Emphasis is placed on the iterative process of experimentation and analysis. Students interested in independent research may enroll in BIO 297 or BIO 398. Each course requires a faculty supervisor, who makes the decision as to which course is appropriate. Pass/No Pass. Offered each semester and during January Term. Does not count toward biology major requirements. Prerequisite: approval of instructor.","2","0","1","1","0","","Riggs, Claire L.","{'fsnum': '9005105', 'name': 'Riggs, Claire L.'}","200","0","","","","","Independent Research (.25, .5, 1.0)","","297","","True","approval of instructor.","L","1","C","20261","Independent Research","Lab","2026"
"0000174700","0.5","0000032283","BIO","Independent research is offered for students dedicated to an independent research experience. Emphasis is placed on the iterative process of experimentation and analysis. Students interested in independent research may enroll in BIO 297 or BIO 398. Each course requires a faculty supervisor, who makes the decision as to which course is appropriate. Pass/No Pass. Offered each semester and during January Term. Does not count toward biology major requirements. Prerequisite: approval of instructor.","3","0","1","0","2","","Riggs, Claire L.","{'fsnum': '9005105', 'name': 'Riggs, Claire L.'}","200","0","","","","","Independent Research (.25, .5, 1.0)","","297","","True","approval of instructor.","M","1","C","20261","Independent Research","Lab","2026"
"0000169381","0.25","0000034971","BIO","Human gross anatomy students participate in the dissection of both a female and a male cadaver, preparing cadavers for use in the Human Anatomy and Physiology course, BIO 243. In addition, students serve as TAs for one lab section of BIO 243, conduct guided showings of the cadavers for approved courses such as Biology of Women and Human Biology, and participate in the annual Human Anatomy Chapel service. Does not count toward biology major. Application required. P/N only. Offered annually during the fall semester. Prerequisite: BIO 243.","14","0","3","0","11","","Maie, Takashi","{'fsnum': '35028', 'name': 'Maie, Takashi'}","200","12","","","","","Human Gross Anatomy","Registration by permission of instructor only.","299","{'day': 'Fr', 'end': '16:00', 'location': 'RNS 254', 'start': '14:00'}","True","BIO 243.","","1","C","20261","","Lab","2026"
"0000169817","1.0","0000038367","BIO","This course provides a comprehensive research opportunity, including an introduction to relevant background material, technical instruction, identification of a meaningful project, data collection and analysis, and writing. The topic is determined by the faculty member in charge of the course and may relate to their research interests. This course meets the Writing in the Major requirements for Biology majors. Offered based on department decision. May be offered as a 1.00 credit course or .50 credit course. Prerequisite: determined by instructor.","7","0","3","0","4","OEP","Kandl, Kim A.","{'fsnum': '13100', 'name': 'Kandl, Kim A.'}","300","6","0","","0","","Research: Advanced Cell Biology","Register by invitation of professor.                                            ;Open to rising juniors and seniors only.","306","{'day': 'Th', 'end': '16:15', 'location': 'RNS 455', 'start': '14:15'}","False","determined by instructor.","A","1","C","20261","Directed Undergraduate Research with Writing","Research","2026"
"0000172033","1.0","0000038367","BIO","This course provides a comprehensive research opportunity, including an introduction to relevant background material, technical instruction, identification of a meaningful project, data collection and analysis, and writing. The topic is determined by the faculty member in charge of the course and may relate to their research interests. This course meets the Writing in the Major requirements for Biology majors. Offered based on department decision. May be offered as a 1.00 credit course or .50 credit course. Prerequisite: determined by instructor.","1","0","1","0","0","OEP","Maie, Takashi","{'fsnum': '35028', 'name': 'Maie, Takashi'}","300","3","","","","","Research:","Registration by invitation of professor.","306","","False","determined by instructor.","B","1","C","20261","Directed Undergraduate Research with Writing","Research","2026"
"0000173060","1.0","0000038368","BIO","Independent research is offered for students dedicated to an in-depth research experience. In conjunction with a faculty supervisor, a student conceives and performs a research project leading to the production of a major piece of work such as a research paper or poster presentation. This course meets the Writing in the Major requirements for Biology majors. Independent research requires permission of a supervisor and completion of an independent research form available at the Registrar's Office or its website. Prerequisite: determined by instructor.","1","0","0","0","1","OEP","Cole, Eric","{'fsnum': '1206', 'name': 'Cole, Eric'}","300","0","","","","","IR/JanA-driven cellular defects","","308","","False","determined by instructor.","A","1","C","20261","Independent Research with Writing","Research","2026"
"0000172362","1.0","0000000159","BIO","In this seminar course, students explore molecular biology topics or techniques and their applications. Short lectures and in-class activities provide students with the necessary background to analyze primary scientific articles, and small group discussions provide a forum for student-led discourse and critique of these articles. Each student undertakes a literature research project on a topic of their choice; this semester-long project includes regular faculty consultation and peer review. Prerequisite: BIO 233.","10","0","1","0","9","","Kandl, Kim A.","{'fsnum': '13100', 'name': 'Kandl, Kim A.'}","300","10","0","","0","","Molecular Biology","Open only to juniors and seniors.","364","{'day': 'Mo', 'end': '15:00', 'location': 'RNS 297', 'start': '13:00'};{'day': 'We', 'end': '15:00', 'location': 'RNS 297', 'start': '13:00'}","False","BIO 233.","","1","C","20261","","Research","2026"
"0000169284","1.0","0000000161","BIO","This course focuses on learning modern field and laboratory methods to test ecological hypotheses. Students work on group and individual projects to collect and analyze data and give oral and written presentations on projects. Class periods focus on discussion of primary literature and project results. Class trips include visits to local natural areas. Students attend lecture/discussion plus one four-hour laboratory per week. Also counts toward environmental studies major (natural science emphasis) and mathematical biology concentration. Prerequisite: BIO 261.","10","0","1","0","9","ORC","Angell, Diane K.","{'fsnum': '256', 'name': 'Angell, Diane K.'}","300","10","","","","","Field Ecology","This is an integrated lab, discussion and lecture course. Lab, discussion and   ;lecture times will be defined within the course syllabus.","371","{'day': 'Th', 'end': '16:45', 'location': 'RNS 426', 'start': '12:45'}","False","BIO 261.","","1","C","20261","","Research","2026"
"0000169399","1.0","0000000166","BIO","Immunology focuses on the structure, development, and function of the immune system. The course explores the molecular and cellular basis of the immune responses. The application of immunological principles to allergy, autoimmunity, AIDS, transplantation, and cancer are included. Students attend lectures plus one three-hour laboratory per week. Offered annually during fall semester. Prerequisites: BIO 227 and BIO 233.","12","0","1","0","11","WRI","Matchett, Will E.","{'fsnum': '35072', 'name': 'Matchett, Will E.'}","300","10","0","","0","","Immunology","Open to Juniors and Seniors only.","382","{'day': 'Mo', 'end': '15:00', 'location': 'HH 201', 'start': '13:00'};{'day': 'We', 'end': '15:00', 'location': 'HH 201', 'start': '13:00'}","False","Prerequisites: BIO 227 and BIO 233.","A","1","C","20261","","Research","2026"
"0000172723","1.0","0000000166","BIO","Immunology focuses on the structure, development, and function of the immune system. The course explores the molecular and cellular basis of the immune responses. The application of immunological principles to allergy, autoimmunity, AIDS, transplantation, and cancer are included. Students attend lectures plus one three-hour laboratory per week. Offered annually during fall semester. Prerequisites: BIO 227 and BIO 233.","10","0","3","0","7","WRI","Wallis, Alicia M.","{'fsnum': '9005931', 'name': 'Wallis, Alicia M.'}","300","10","0","","0","","Immunology","Open to Juniors and Seniors only.","382","{'day': 'Tu', 'end': '11:00', 'location': 'RNS 426', 'start': '09:35'};{'day': 'Th', 'end': '10:50', 'location': 'RNS 426', 'start': '09:30'}","False","Prerequisites: BIO 227 and BIO 233.","B","1","C","20261","","Research","2026"
"0000172720","1.0","0000000174","BIO","Biology 394 is for students who have completed one internship (BIO 294) and wish to complete a second internship. Students interested in an internship should consult with the Piper Center for Vocation and Career, locate a faculty supervisor, and complete an internship form. Internships do not count toward the biology major requirements.","1","0","1","0","0","OEP","Maie, Takashi","{'fsnum': '35028', 'name': 'Maie, Takashi'}","300","0","","","","","Academic Internship","","394","","True","False","A","1","C","20261","","Research","2026"
"0000172979","1.0","0000000175","BIO","Independent research is offered for students dedicated to an in-depth research experience. In conjunction with a faculty supervisor, a student conceives and performs a research project. Students develop skills reading, evaluating, and synthesizing scientific literature, making decisions about experimental design and implementation, and collecting and analyzing data. This course does not meet the level III biology requirement for the biology major because it does not fulfill the Writing in the Major requirement. However, it can count as an elective for the biology major. Independent research requires permission of a supervisor and completion of an independent research form available at the Registrar's Office or its website.","1","0","1","0","0","","Cole, Eric","{'fsnum': '1206', 'name': 'Cole, Eric'}","300","0","","","","","IR/Intracellular Patterning","","398","","False","False","A","1","C","20261","Independent Research","Research","2026"
"0000174701","1.0","0000000175","BIO","Independent research is offered for students dedicated to an in-depth research experience. In conjunction with a faculty supervisor, a student conceives and performs a research project. Students develop skills reading, evaluating, and synthesizing scientific literature, making decisions about experimental design and implementation, and collecting and analyzing data. This course does not meet the level III biology requirement for the biology major because it does not fulfill the Writing in the Major requirement. However, it can count as an elective for the biology major. Independent research requires permission of a supervisor and completion of an independent research form available at the Registrar's Office or its website.","1","0","0","1","0","","Cole, Eric","{'fsnum': '1206', 'name': 'Cole, Eric'}","300","0","","","","","IR/Ciliate Pattern Formation","","398","","False","False","B","1","C","20261","Independent Research","Research","2026"
"0000174710","1.0","0000000175","BIO","Independent research is offered for students dedicated to an in-depth research experience. In conjunction with a faculty supervisor, a student conceives and performs a research project. Students develop skills reading, evaluating, and synthesizing scientific literature, making decisions about experimental design and implementation, and collecting and analyzing data. This course does not meet the level III biology requirement for the biology major because it does not fulfill the Writing in the Major requirement. However, it can count as an elective for the biology major. Independent research requires permission of a supervisor and completion of an independent research form available at the Registrar's Office or its website.","0","0","0","0","0","","Staff","{'fsnum': '', 'name': 'Staff'}","300","","","","","","IR/","","398","","False","False","C","1","O","20261","Independent Research","Research","2026"
"0000172976","1.0","0000038378","BUS","This introductory course focuses on managerial decision making and problem solving. Students gain a foundation on which to build deeper understanding across the different business disciplines, including accounting and finance, marketing, and entrepreneurship. This course includes case studies and practical assignments to understand the key management skills, tools, and frameworks involved in starting, running, growing and adapting a successful business in the context of a rapidly changing technological, competitive, and consumer environment. Offered each semester.","35","27","3","4","1","","Salim, Antar C.","{'fsnum': '9005147', 'name': 'Salim, Antar C.'}","100","35","","","","","Fundamentals of Business","","110","{'day': 'Mo', 'end': '12:45', 'location': 'RNS 290', 'start': '23:50'};{'day': 'We', 'end': '12:45', 'location': 'RNS 290', 'start': '23:50'};{'day': 'Fr', 'end': '12:45', 'location': 'RNS 290', 'start': '23:50'}","False","False","A","1","C","20261","","Research","2026"
"0000169317","1.0","0000038378","BUS","This introductory course focuses on managerial decision making and problem solving. Students gain a foundation on which to build deeper understanding across the different business disciplines, including accounting and finance, marketing, and entrepreneurship. This course includes case studies and practical assignments to understand the key management skills, tools, and frameworks involved in starting, running, growing and adapting a successful business in the context of a rapidly changing technological, competitive, and consumer environment. Offered each semester.","35","0","10","18","7","","Salim, Antar C.","{'fsnum': '9005147', 'name': 'Salim, Antar C.'}","100","35","","","","","Fundamentals of Business","","110","{'day': 'Mo', 'end': '14:55', 'location': 'RNS 290', 'start': '14:00'};{'day': 'We', 'end': '14:55', 'location': 'RNS 290', 'start': '14:00'};{'day': 'Fr', 'end': '14:55', 'location': 'RNS 290', 'start': '14:00'}","False","False","B","1","C","20261","","Research","2026"
"0000171937","1.0","0000033676","BUS","In an age of information overload, stories can rise above the noise. Effective organizational storytelling helps to engage an intended community on a meaningful and emotional level. Students will explore the craft of storytelling and study a variety of media (analogue and digital) on which the story can be delivered. The course will include case study analysis, group work and client-based projects. Offered annually. Prerequisite: sophomore status or above.","21","0","3","8","10","ORC","Christie, Sian E.","{'fsnum': '16804', 'name': 'Christie, Sian E.'}","200","24","0","","","","Organizational Storytelling","Not open to incoming first-year students.                                       ;This course includes an academic civic engagement (ACE) component.","201","{'day': 'Tu', 'end': '11:00', 'location': 'HH 201', 'start': '09:35'};{'day': 'Th', 'end': '10:50', 'location': 'HH 201', 'start': '09:30'}","False","sophomore status or above.","","1","O","20261","","Research","2026"
"0000169758","1.0","0000000768","BUS","This course focuses on four basic financial statements: the income statement, statement of retained earnings, balance sheet, and statement of cash flows. Students learn how business events are recorded and represented on the financial statements and how to use the information to make sound economic judgments. Cases and current articles supplement traditional textbook readings and problems. Offered each semester. Prerequisite: sophomore standing or above.","35","0","12","17","6","","Ramlall, Padma","{'fsnum': '9005135', 'name': 'Ramlall, Padma'}","200","35","0","","","","Principles of Acct","Not open to incoming first-year students.","225","{'day': 'Tu', 'end': '09:25', 'location': 'HH 111', 'start': '08:00'};{'day': 'Th', 'end': '09:20', 'location': 'HH 111', 'start': '08:00'}","False","sophomore standing or above.","A","1","C","20261","Principles of Accounting","Research","2026"
"0000169759","1.0","0000000768","BUS","This course focuses on four basic financial statements: the income statement, statement of retained earnings, balance sheet, and statement of cash flows. Students learn how business events are recorded and represented on the financial statements and how to use the information to make sound economic judgments. Cases and current articles supplement traditional textbook readings and problems. Offered each semester. Prerequisite: sophomore standing or above.","35","0","19","4","12","","Ramlall, Padma","{'fsnum': '9005135', 'name': 'Ramlall, Padma'}","200","35","0","","","","Principles of Acct","Not open to incoming first-year students.","225","{'day': 'Tu', 'end': '11:00', 'location': 'HH 111', 'start': '09:35'};{'day': 'Th', 'end': '10:50', 'location': 'HH 111', 'start': '09:30'}","False","sophomore standing or above.","B","1","C","20261","Principles of Accounting","Research","2026"
"0000169662","1.0","0000000774","BUS","This course emphasizes the use of financial and operating information to make internal management decisions. Topics include cost measurement and allocation, budgeting and control, performance evaluation, relevant costs for decision-making and capital budgeting decisions. Students are introduced to the modern production environment. Excel spreadsheets are used for many homework assignments. Offered each semester. Prerequisite: BUS 225.","28","0","15","7","6","","Ramlall, Padma","{'fsnum': '9005135', 'name': 'Ramlall, Padma'}","200","35","0","","","","Managerial/Cost Acct","Not open to incoming first-year students.","237","{'day': 'Tu', 'end': '14:45', 'location': 'HH 111', 'start': '13:20'};{'day': 'Th', 'end': '15:35', 'location': 'HH 111', 'start': '14:15'}","False","BUS 225.","","1","O","20261","Managerial Accounting","Research","2026"
"0000169664","1.0","0000000777","BUS","This course introduces the key elements of marketing principles. Topics include evaluating market opportunities; buyer behavior; market segmentation, targeting, and positioning; market strategy and planning; development of marketing mix; and marketing organization and control. Students are challenged to apply the principles learned in class to current and real world marketing issues. The course includes readings, case study analysis, in-class exercises and group projects. Offered each semester. Prerequisite: sophomore standing or above, or permission of instructor.","34","0","17","3","14","HBS;SCS","Klug, Claudia L.","{'fsnum': '9002565', 'name': 'Klug, Claudia L.'}","200","35","0","","","","Marketing","Not open to incoming first-year students.","250","{'day': 'Mo', 'end': '21:00', 'location': 'HH 502', 'start': '18:00'}","False","sophomore standing or above, or permission of instructor.","","1","O","20261","","Research","2026"
"0000169661","1.0","0000000778","BUS","This course familiarizes the student with the major management functions of planning, organizing, leading, and controlling. The study of management theory is linked with application exercises. Students begin to develop the management skills necessary in any organization, whether it be a for-profit or not-for-profit venture, a small business, or a large corporation. Offered each semester. Prerequisite: sophomore standing or above, or permission of instructor.","36","0","13","14","9","HBS","Baumann, Kelsey","{'fsnum': '34056', 'name': 'Baumann, Kelsey'}","200","35","0","","","","Management","Not open to incoming first-year students.","251","{'day': 'Mo', 'end': '08:55', 'location': 'HH 502', 'start': '08:00'};{'day': 'We', 'end': '08:55', 'location': 'HH 502', 'start': '08:00'};{'day': 'Fr', 'end': '08:55', 'location': 'HH 502', 'start': '08:00'}","False","sophomore standing or above, or permission of instructor.","A","1","C","20261","","Research","2026"
"0000169660","1.0","0000000778","BUS","This course familiarizes the student with the major management functions of planning, organizing, leading, and controlling. The study of management theory is linked with application exercises. Students begin to develop the management skills necessary in any organization, whether it be a for-profit or not-for-profit venture, a small business, or a large corporation. Offered each semester. Prerequisite: sophomore standing or above, or permission of instructor.","35","0","22","2","11","HBS","Baumann, Kelsey","{'fsnum': '34056', 'name': 'Baumann, Kelsey'}","200","35","0","","","","Management","Not open to incoming first-year students.","251","{'day': 'Mo', 'end': '10:00', 'location': 'HH 502', 'start': '09:05'};{'day': 'We', 'end': '10:00', 'location': 'HH 502', 'start': '09:05'};{'day': 'Fr', 'end': '10:00', 'location': 'HH 502', 'start': '09:05'}","False","sophomore standing or above, or permission of instructor.","B","1","C","20261","","Research","2026"
"0000171938","1.0","0000038787","BUS","Students develop a business or not-for-profit venture concept using the Design Thinking Process. Students acquire an understanding of the entrepreneurial process: opportunity recognition, resource marshaling, and team building, driven by communication, creativity, and leadership. The course concentrates on the entrepreneurial process from idea creation to ultimate business or other organizational activity. A variety of instructional techniques are used, including group projects and guest presenters. Offered annually. Prerequisite: sophomore status or above.","35","0","16","10","9","CRE","Christie, Sian E.","{'fsnum': '16804', 'name': 'Christie, Sian E.'}","200","35","0","","","","Design Thinking & Entrepreneurship","Not open to incoming first-year students.","268","{'day': 'Tu', 'end': '13:10', 'location': 'HH 111', 'start': '23:45'};{'day': 'Th', 'end': '14:05', 'location': 'HH 111', 'start': '12:45'}","False","sophomore status or above.","","1","C","20261","","Research","2026"
"0000169224","1.0","0000000783","BUS","This course is an introduction to financial decision-making in a business environment. Topics include asset acquisition, issuance of stock vs. debt, dividend policy, planning and analysis, and working capital policy. Case discussions, combined with lectures and readings, enable students to apply finance principles in actual business situations. Computer spreadsheets are used. Offered annually. Prerequisite: BUS 225.","41","0","4","21","16","","Salim, Antar C.","{'fsnum': '9005147', 'name': 'Salim, Antar C.'}","200","35","0","","0","","Corporate Finance","Open only to rising juniors and seniors.","281","{'day': 'Mo', 'end': '13:50', 'location': 'RNS 290', 'start': '12:55'};{'day': 'We', 'end': '13:50', 'location': 'RNS 290', 'start': '12:55'};{'day': 'Fr', 'end': '13:50', 'location': 'RNS 290', 'start': '12:55'}","False","BUS 225.","","1","C","20261","","Research","2026"
"0000169539","1.0","0000033733","CHEM","This study of chemical stoichiometry, equilibrium, acid-base chemistry, coordination chemistry, and atomic and molecular structure supplies the fundamental background on which all later chemistry courses depend. It includes applications of equilibrium principles to acid-base chemistry. Students attend four classes and one three-hour laboratory each week. Students planning to continue in chemistry should consider concurrent registration in MATH 119 or MATH 120. Offered annually during Fall semester. Prerequisites: placement via online placement survey.","52","43","4","4","1","NTS;SED","Walczak, Mary","{'fsnum': '8868', 'name': 'Walczak, Mary'}","100","48","","3","8","2","Introductory Chemistry","Students registered for CHEM 122 A must also register for one Chem 122 lab      ;section and one discussion CHEM 122 DD, CHEM 122 ED, or CHEM 122 FD.","122","{'day': 'Mo', 'end': '10:00', 'location': 'RNS 310', 'start': '09:05'};{'day': 'We', 'end': '10:00', 'location': 'RNS 310', 'start': '09:05'};{'day': 'Fr', 'end': '10:00', 'location': 'RNS 310', 'start': '09:05'}","False","Prerequisites: placement via online placement survey.","A","1","C","20261","","Research","2026"
"0000169540","1.0","0000033733","CHEM","This study of chemical stoichiometry, equilibrium, acid-base chemistry, coordination chemistry, and atomic and molecular structure supplies the fundamental background on which all later chemistry courses depend. It includes applications of equilibrium principles to acid-base chemistry. Students attend four classes and one three-hour laboratory each week. Students planning to continue in chemistry should consider concurrent registration in MATH 119 or MATH 120. Offered annually during Fall semester. Prerequisites: placement via online placement survey.","49","40","2","7","0","NTS;SED","Cruz-Reyes, Maetzin","{'fsnum': '35099', 'name': 'Cruz-Reyes, Maetzin'}","100","48","","3","8","2","Introductory Chemistry","Students in CHEM 122 B must also register for one CHEM 122 lab section          ;and one discussion CHEM 122 GD, CHEM 122 HD or CHEM 122 ID.","122","{'day': 'Mo', 'end': '11:40', 'location': 'RNS 310', 'start': '10:45'};{'day': 'We', 'end': '11:40', 'location': 'RNS 310', 'start': '10:45'};{'day': 'Fr', 'end': '11:40', 'location': 'RNS 310', 'start': '10:45'}","False","Prerequisites: placement via online placement survey.","B","1","C","20261","","Research","2026"
"0000169541","1.0","0000033733","CHEM","This study of chemical stoichiometry, equilibrium, acid-base chemistry, coordination chemistry, and atomic and molecular structure supplies the fundamental background on which all later chemistry courses depend. It includes applications of equilibrium principles to acid-base chemistry. Students attend four classes and one three-hour laboratory each week. Students planning to continue in chemistry should consider concurrent registration in MATH 119 or MATH 120. Offered annually during Fall semester. Prerequisites: placement via online placement survey.","51","43","2","6","0","NTS;SED","Ener-Goetz, Maraia","{'fsnum': '36054', 'name': 'Ener-Goetz, Maraia'}","100","48","","3","8","2","Introductory Chemistry","Students in CHEM 122 C must also register for one CHEM 122 lab section          ;and one discussion CHEM 122 AD or CHEM 122 BD or CHEM 122 CD.","122","{'day': 'Mo', 'end': '12:45', 'location': 'RNS 310', 'start': '23:50'};{'day': 'We', 'end': '12:45', 'location': 'RNS 310', 'start': '23:50'};{'day': 'Fr', 'end': '12:45', 'location': 'RNS 310', 'start': '23:50'}","False","Prerequisites: placement via online placement survey.","C","1","C","20261","","Research","2026"
"0000169542","1.0","0000033733","CHEM","This study of chemical stoichiometry, equilibrium, acid-base chemistry, coordination chemistry, and atomic and molecular structure supplies the fundamental background on which all later chemistry courses depend. It includes applications of equilibrium principles to acid-base chemistry. Students attend four classes and one three-hour laboratory each week. Students planning to continue in chemistry should consider concurrent registration in MATH 119 or MATH 120. Offered annually during Fall semester. Prerequisites: placement via online placement survey.","37","30","1","5","1","NTS;SED","Muth, Greg W.","{'fsnum': '14961', 'name': 'Muth, Greg W.'}","100","32","","3","8","2","Introductory Chemistry","Students in CHEM 122 D must also register for one CHEM 122 lab section          ;and one discussion CHEM 122 JD or CHEM KD.","122","{'day': 'Mo', 'end': '13:50', 'location': 'RNS 310', 'start': '12:55'};{'day': 'We', 'end': '13:50', 'location': 'RNS 310', 'start': '12:55'};{'day': 'Fr', 'end': '13:50', 'location': 'RNS 310', 'start': '12:55'}","False","Prerequisites: placement via online placement survey.","D","1","C","20261","","Research","2026"
"0000169555","","0000033748","CHEM","","23","17","2","4","0","","Cruz-Reyes, Maetzin","{'fsnum': '35099', 'name': 'Cruz-Reyes, Maetzin'}","100","20","","","","","Introductory Chemistry Lab","","122","{'day': 'Mo', 'end': '17:00', 'location': 'RNS 350', 'start': '14:00'}","False","","A","1","C","20261","","Lab","2026"
"0000169556","","0000033748","CHEM","","23","12","7","2","2","","Cruz-Reyes, Maetzin","{'fsnum': '35099', 'name': 'Cruz-Reyes, Maetzin'}","100","20","","","","","Introductory Chemistry Lab","","122","{'day': 'Tu', 'end': '11:00', 'location': 'RNS 350', 'start': '08:00'}","False","","B","1","C","20261","","Lab","2026"
"0000169557","","0000033748","CHEM","","24","14","8","0","2","","Ener-Goetz, Maraia","{'fsnum': '36054', 'name': 'Ener-Goetz, Maraia'}","100","20","","","","","Introductory Chemistry Lab","","122","{'day': 'Tu', 'end': '14:45', 'location': 'RNS 350', 'start': '23:45'}","False","","C","1","C","20261","","Lab","2026"
"0000169558","","0000033748","CHEM","","24","17","5","2","0","","Ener-Goetz, Maraia","{'fsnum': '36054', 'name': 'Ener-Goetz, Maraia'}","100","20","","","","","Introductory Chemistry Lab","","122","{'day': 'Tu', 'end': '18:00', 'location': 'RNS 350', 'start': '15:00'}","False","","D","1","C","20261","","Lab","2026"
"0000169559","","0000033748","CHEM","","22","17","0","4","1","","Beussman, Douglas J.","{'fsnum': '15745', 'name': 'Beussman, Douglas J.'}","100","20","","","","","Introductory Chemistry Lab","","122","{'day': 'We', 'end': '17:00', 'location': 'RNS 350', 'start': '14:00'}","False","","E","1","C","20261","","Lab","2026"
"0000169560","","0000033748","CHEM","","23","17","3","3","0","","Muth, Greg W.","{'fsnum': '14961', 'name': 'Muth, Greg W.'}","100","20","","","","","Introductory Chemistry Lab","","122","{'day': 'Th', 'end': '11:00', 'location': 'RNS 350', 'start': '08:00'}","False","","F","1","C","20261","","Lab","2026"
"0000169562","","0000033748","CHEM","","23","18","3","2","0","","Erickson, Brice","{'fsnum': '33087', 'name': 'Erickson, Brice'}","100","20","","","","","Introductory Chemistry Lab","","122","{'day': 'Th', 'end': '15:45', 'location': 'RNS 350', 'start': '12:45'}","False","","G","1","C","20261","","Lab","2026"
"0000169561","","0000033748","CHEM","","21","17","0","4","0","","Thompson, Rebecca","{'fsnum': '9005106', 'name': 'Thompson, Rebecca'}","100","20","","","","","Introductory Chemistry Lab","","122","{'day': 'Th', 'end': '15:45', 'location': 'RNS 355', 'start': '12:45'}","False","","H","1","C","20261","","Lab","2026"
"0000169563","","0000033748","CHEM","","21","20","0","1","0","","Ener-Goetz, Maraia","{'fsnum': '36054', 'name': 'Ener-Goetz, Maraia'}","100","20","","","","","Introductory Chemistry Lab","","122","{'day': 'Fr', 'end': '17:00', 'location': 'RNS 350', 'start': '14:00'}","False","","I","1","C","20261","","Lab","2026"
"0000169544","","0000033747","CHEM","","18","11","3","3","1","","Walczak, Mary","{'fsnum': '8868', 'name': 'Walczak, Mary'}","100","16","","","","","Introductory Chemistry Discussion","","122","{'day': 'Th', 'end': '08:55', 'location': 'RNS 435', 'start': '08:00'}","False","","D","1","C","20261","","Discussion","2026"
"0000169545","","0000033747","CHEM","","18","17","0","1","0","","Walczak, Mary","{'fsnum': '8868', 'name': 'Walczak, Mary'}","100","16","","","","","Introductory Chemistry Discussion","","122","{'day': 'Th', 'end': '09:55', 'location': 'RNS 435', 'start': '09:00'}","False","","E","1","C","20261","","Discussion","2026"
"0000169546","","0000033747","CHEM","","16","15","1","0","0","","Walczak, Mary","{'fsnum': '8868', 'name': 'Walczak, Mary'}","100","16","","","","","Introductory Chemistry Discussion","","122","{'day': 'Th', 'end': '10:55', 'location': 'RNS 435', 'start': '10:00'}","False","","F","1","C","20261","","Discussion","2026"
"0000169547","","0000033747","CHEM","","17","12","2","3","0","","Cruz-Reyes, Maetzin","{'fsnum': '35099', 'name': 'Cruz-Reyes, Maetzin'}","100","16","","","","","Introductory Chemistry Discussion","","122","{'day': 'Tu', 'end': '12:40', 'location': 'RNS 435', 'start': '23:45'}","False","","G","1","C","20261","","Discussion","2026"
"0000169548","","0000033747","CHEM","","16","16","0","0","0","","Cruz-Reyes, Maetzin","{'fsnum': '35099', 'name': 'Cruz-Reyes, Maetzin'}","100","16","","","","","Introductory Chemistry Discussion","","122","{'day': 'Tu', 'end': '13:40', 'location': 'RNS 435', 'start': '12:45'}","False","","H","1","C","20261","","Discussion","2026"
"0000169551","","0000033747","CHEM","","16","12","0","4","0","","Cruz-Reyes, Maetzin","{'fsnum': '35099', 'name': 'Cruz-Reyes, Maetzin'}","100","16","","","","","Introductory Chemistry Discussion","","122","{'day': 'Tu', 'end': '14:40', 'location': 'RNS 435', 'start': '13:45'}","False","","I","1","C","20261","","Discussion","2026"
"0000169549","","0000033747","CHEM","","17","16","0","1","0","","Ener-Goetz, Maraia","{'fsnum': '36054', 'name': 'Ener-Goetz, Maraia'}","100","16","","","","","Introductory Chemistry Discussion","","122","{'day': 'Tu', 'end': '08:55', 'location': 'RNS 435', 'start': '08:00'}","False","","A","1","C","20261","","Discussion","2026"
"0000169550","","0000033747","CHEM","","17","16","0","1","0","","Ener-Goetz, Maraia","{'fsnum': '36054', 'name': 'Ener-Goetz, Maraia'}","100","16","","","","","Introductory Chemistry Discussion","","122","{'day': 'Tu', 'end': '09:55', 'location': 'RNS 435', 'start': '09:00'}","False","","B","1","C","20261","","Discussion","2026"
"0000169543","","0000033747","CHEM","","17","11","2","4","0","","Ener-Goetz, Maraia","{'fsnum': '36054', 'name': 'Ener-Goetz, Maraia'}","100","16","","","","","Introductory Chemistry Discussion","","122","{'day': 'Tu', 'end': '10:55', 'location': 'RNS 435', 'start': '10:00'}","False","","C","1","C","20261","","Discussion","2026"
"0000169552","","0000033747","CHEM","","19","14","1","3","1","","Muth, Greg W.","{'fsnum': '14961', 'name': 'Muth, Greg W.'}","100","16","","","","","Introductory Chemistry Discussion","","122","{'day': 'We', 'end': '14:55', 'location': 'RNS 435', 'start': '14:00'}","False","","J","1","C","20261","","Discussion","2026"
"0000169553","","0000033747","CHEM","","18","16","0","2","0","","Muth, Greg W.","{'fsnum': '14961', 'name': 'Muth, Greg W.'}","100","16","","","","","Introductory Chemistry Discussion","","122","{'day': 'We', 'end': '15:55', 'location': 'RNS 435', 'start': '15:00'}","False","","K","1","C","20261","","Discussion","2026"
"0000169936","1.0","0000000192","CHEM","This study of chemical stoichiometry, equilibrium, acid-base chemistry, coordination chemistry, and atomic and molecular structure supplies the fundamental background on which all later chemistry courses depend. It includes applications of equilibrium principles to acid-base chemistry. Students attend three classes and one three-hour laboratory per week. Students planning to continue in chemistry should consider concurrent registration in MATH 119 or MATH 120. The course cannot be taken in conjunction with or after credit in CHEM 122. Offered annually during Fall semester. Prerequisite: placement via online placement survey.","32","8","8","15","1","NSC;NSL;NTS;SED","Marlier, Elodie","{'fsnum': '22843', 'name': 'Marlier, Elodie'}","100","32","","4","7","2","Struct Chem & Equilib","Students registering for CHEM 125 must also register for one CHEM 122 lab.","125","{'day': 'Mo', 'end': '11:40', 'location': 'RNS 390', 'start': '10:45'};{'day': 'We', 'end': '11:40', 'location': 'RNS 390', 'start': '10:45'};{'day': 'Fr', 'end': '11:40', 'location': 'RNS 390', 'start': '10:45'}","False","placement via online placement survey.","A","1","C","20261","Structural Chemistry and Equilibrium","Research","2026"
"0000169938","1.0","0000000192","CHEM","This study of chemical stoichiometry, equilibrium, acid-base chemistry, coordination chemistry, and atomic and molecular structure supplies the fundamental background on which all later chemistry courses depend. It includes applications of equilibrium principles to acid-base chemistry. Students attend three classes and one three-hour laboratory per week. Students planning to continue in chemistry should consider concurrent registration in MATH 119 or MATH 120. The course cannot be taken in conjunction with or after credit in CHEM 122. Offered annually during Fall semester. Prerequisite: placement via online placement survey.","44","24","7","11","2","NSC;NSL;NTS;SED","Schwinefus, Jeff J.","{'fsnum': '14915', 'name': 'Schwinefus, Jeff J.'}","100","44","","4","7","2","Struct Chem & Equilib","Students registering for CHEM 125 must also register for one CHEM 122 lab.","125","{'day': 'Mo', 'end': '12:45', 'location': 'RNS 390', 'start': '23:50'};{'day': 'We', 'end': '12:45', 'location': 'RNS 390', 'start': '23:50'};{'day': 'Fr', 'end': '12:45', 'location': 'RNS 390', 'start': '23:50'}","False","placement via online placement survey.","B","1","C","20261","Structural Chemistry and Equilibrium","Research","2026"
"0000169937","1.0","0000000192","CHEM","This study of chemical stoichiometry, equilibrium, acid-base chemistry, coordination chemistry, and atomic and molecular structure supplies the fundamental background on which all later chemistry courses depend. It includes applications of equilibrium principles to acid-base chemistry. Students attend three classes and one three-hour laboratory per week. Students planning to continue in chemistry should consider concurrent registration in MATH 119 or MATH 120. The course cannot be taken in conjunction with or after credit in CHEM 122. Offered annually during Fall semester. Prerequisite: placement via online placement survey.","44","23","7","12","2","NSC;NSL;NTS;SED","Schwinefus, Jeff J.","{'fsnum': '14915', 'name': 'Schwinefus, Jeff J.'}","100","44","","4","7","2","Struct Chem & Equilib","Students registering for CHEM 125 must also register for one CHEM 122 lab.","125","{'day': 'Mo', 'end': '13:50', 'location': 'RNS 390', 'start': '12:55'};{'day': 'We', 'end': '13:50', 'location': 'RNS 390', 'start': '12:55'};{'day': 'Fr', 'end': '13:50', 'location': 'RNS 390', 'start': '12:55'}","False","placement via online placement survey.","C","1","C","20261","Structural Chemistry and Equilibrium","Research","2026"
"0000172982","1.0","0000000192","CHEM","This study of chemical stoichiometry, equilibrium, acid-base chemistry, coordination chemistry, and atomic and molecular structure supplies the fundamental background on which all later chemistry courses depend. It includes applications of equilibrium principles to acid-base chemistry. Students attend three classes and one three-hour laboratory per week. Students planning to continue in chemistry should consider concurrent registration in MATH 119 or MATH 120. The course cannot be taken in conjunction with or after credit in CHEM 122. Offered annually during Fall semester. Prerequisite: placement via online placement survey.","46","42","1","3","0","NSC;NSL;NTS;SED","Erickson, Brice","{'fsnum': '33087', 'name': 'Erickson, Brice'}","100","48","","","","","Struct Chem & Equilib","Students registering for CHEM 125 must also register for one CHEM 122 lab.","125","{'day': 'Mo', 'end': '08:55', 'location': 'RNS 390', 'start': '08:00'};{'day': 'We', 'end': '08:55', 'location': 'RNS 390', 'start': '08:00'};{'day': 'Fr', 'end': '08:55', 'location': 'RNS 390', 'start': '08:00'}","False","placement via online placement survey.","D","1","O","20261","Structural Chemistry and Equilibrium","Research","2026"
"0000169941","","0000000193","CHEM","","21","15","0","6","0","","Marlier, Elodie","{'fsnum': '22843', 'name': 'Marlier, Elodie'}","100","20","","","","","Struct Chem & Equilib Lab","","125","{'day': 'Mo', 'end': '17:00', 'location': 'RNS 355', 'start': '14:00'}","False","","A","1","C","20261","","Lab","2026"
"0000169939","","0000000193","CHEM","","20","11","0","9","0","","Roberts, Bill P.","{'fsnum': '19399', 'name': 'Roberts, Bill P.'}","100","20","","","","","Struct Chem & Equilib Lab","","125","{'day': 'Tu', 'end': '11:00', 'location': 'RNS 355', 'start': '08:00'}","False","","B","1","C","20261","","Lab","2026"
"0000169940","","0000000193","CHEM","","22","13","2","7","0","","Marlier, Elodie","{'fsnum': '22843', 'name': 'Marlier, Elodie'}","100","20","","","","","Struct Chem & Equilib Lab","","125","{'day': 'Tu', 'end': '14:45', 'location': 'RNS 355', 'start': '23:45'}","False","","C","1","C","20261","","Lab","2026"
"0000169942","","0000000193","CHEM","","24","17","0","7","0","","Kerr, Evan W.","{'fsnum': '9005182', 'name': 'Kerr, Evan W.'}","100","20","","","","","Struct Chem & Equilib Lab","","125","{'day': 'Tu', 'end': '18:00', 'location': 'RNS 355', 'start': '15:00'}","False","","D","1","C","20261","","Lab","2026"
"0000169944","","0000000193","CHEM","","20","14","0","4","2","","Carpenter, Nancy","{'fsnum': '9002805', 'name': 'Carpenter, Nancy'}","100","20","","","","","Struct Chem & Equilib Lab","","125","{'day': 'We', 'end': '17:00', 'location': 'RNS 355', 'start': '14:00'}","False","","E","1","C","20261","","Lab","2026"
"0000169943","","0000000193","CHEM","","23","16","1","6","0","","Schwinefus, Jeff J.","{'fsnum': '14915', 'name': 'Schwinefus, Jeff J.'}","100","20","","","","","Struct Chem & Equilib Lab","","125","{'day': 'Th', 'end': '11:00', 'location': 'RNS 355', 'start': '08:00'}","False","","F","1","C","20261","","Lab","2026"
"0000169945","","0000000193","CHEM","","20","18","1","1","0","","Kerr, Evan W.","{'fsnum': '9005182', 'name': 'Kerr, Evan W.'}","100","20","","","","","Struct Chem & Equilib Lab","","125","{'day': 'Fr', 'end': '17:00', 'location': 'RNS 355', 'start': '14:00'}","False","","G","1","C","20261","","Lab","2026"
"0000169718","1.0","0000000196","CHEM","Organic chemistry is the study of compounds containing carbon, emphasizing the structures and mechanisms of reaction of these molecules. This course focuses on structure, nomenclature, and reactions of aliphatic and alicyclic compounds, including aspects of stereochemistry and spectroscopic identification of organic compounds. A full treatment of introductory organic chemistry requires subsequent enrollment in CHEM 248. Offered annually during Fall semester. Prerequisite: CHEM 126 or permission of instructor.","56","0","10","43","3","NSC","Gittins, Peter J.","{'fsnum': '21144', 'name': 'Gittins, Peter J.'}","200","50","0","8","","2","Organic Chemistry I","Students in CHEM 247 must also register for a CHEM 253 lab.","247","{'day': 'Mo', 'end': '08:55', 'location': 'RNS 310', 'start': '08:00'};{'day': 'We', 'end': '08:55', 'location': 'RNS 310', 'start': '08:00'};{'day': 'Fr', 'end': '08:55', 'location': 'RNS 310', 'start': '08:00'}","False","CHEM 126 or permission of instructor.","A","1","C","20261","","Research","2026"
"0000169719","1.0","0000000196","CHEM","Organic chemistry is the study of compounds containing carbon, emphasizing the structures and mechanisms of reaction of these molecules. This course focuses on structure, nomenclature, and reactions of aliphatic and alicyclic compounds, including aspects of stereochemistry and spectroscopic identification of organic compounds. A full treatment of introductory organic chemistry requires subsequent enrollment in CHEM 248. Offered annually during Fall semester. Prerequisite: CHEM 126 or permission of instructor.","34","0","10","23","1","NSC","Brezny, Anna","{'fsnum': '33949', 'name': 'Brezny, Anna'}","200","34","0","8","","2","Organic Chemistry I","Students in CHEM 247 must also register for a CHEM 253 lab.","247","{'day': 'Mo', 'end': '10:00', 'location': 'RNS 390', 'start': '09:05'};{'day': 'We', 'end': '10:00', 'location': 'RNS 390', 'start': '09:05'};{'day': 'Fr', 'end': '10:00', 'location': 'RNS 390', 'start': '09:05'}","False","CHEM 126 or permission of instructor.","B","1","C","20261","","Research","2026"
"0000169720","1.0","0000000196","CHEM","Organic chemistry is the study of compounds containing carbon, emphasizing the structures and mechanisms of reaction of these molecules. This course focuses on structure, nomenclature, and reactions of aliphatic and alicyclic compounds, including aspects of stereochemistry and spectroscopic identification of organic compounds. A full treatment of introductory organic chemistry requires subsequent enrollment in CHEM 248. Offered annually during Fall semester. Prerequisite: CHEM 126 or permission of instructor.","34","0","8","25","1","NSC","Roberts, Bill P.","{'fsnum': '19399', 'name': 'Roberts, Bill P.'}","200","34","0","8","","2","Organic Chemistry I","Students in CHEM 247 must also register for a CHEM 253 lab.","247","{'day': 'Tu', 'end': '13:10', 'location': 'RNS 310', 'start': '23:45'};{'day': 'Th', 'end': '14:05', 'location': 'RNS 310', 'start': '12:45'}","False","CHEM 126 or permission of instructor.","C","1","C","20261","","Research","2026"
"0000169951","0.25","0000000199","CHEM","This laboratory course introduces students to the synthesis and characterization of organic, organometallic and inorganic compounds and serves as a general introduction to green chemistry. Students purify the materials they produce by techniques such as chromatography and characterize them using optical rotation measurements, infrared spectroscopy, and nuclear magnetic resonance spectroscopy. Students attend one three-hour laboratory each week. P/N only. Offered annually during Fall semester. Prerequisite: previous or concurrent registration in CHEM 247.","17","0","1","15","1","","Gittins, Peter J.","{'fsnum': '21144', 'name': 'Gittins, Peter J.'}","200","16","","","","","Synthesis Lab I","","253","{'day': 'Mo', 'end': '17:00', 'location': 'RNS 340', 'start': '14:00'}","True","previous or concurrent registration in CHEM 247.","A","1","C","20261","Synthesis Laboratory I","Lab","2026"
"0000169952","0.25","0000000199","CHEM","This laboratory course introduces students to the synthesis and characterization of organic, organometallic and inorganic compounds and serves as a general introduction to green chemistry. Students purify the materials they produce by techniques such as chromatography and characterize them using optical rotation measurements, infrared spectroscopy, and nuclear magnetic resonance spectroscopy. Students attend one three-hour laboratory each week. P/N only. Offered annually during Fall semester. Prerequisite: previous or concurrent registration in CHEM 247.","17","0","3","14","0","","Carpenter, Nancy","{'fsnum': '9002805', 'name': 'Carpenter, Nancy'}","200","16","","","","","Synthesis Lab I","","253","{'day': 'Tu', 'end': '11:00', 'location': 'RNS 340', 'start': '08:00'}","True","previous or concurrent registration in CHEM 247.","B","1","C","20261","Synthesis Laboratory I","Lab","2026"
"0000169955","0.25","0000000199","CHEM","This laboratory course introduces students to the synthesis and characterization of organic, organometallic and inorganic compounds and serves as a general introduction to green chemistry. Students purify the materials they produce by techniques such as chromatography and characterize them using optical rotation measurements, infrared spectroscopy, and nuclear magnetic resonance spectroscopy. Students attend one three-hour laboratory each week. P/N only. Offered annually during Fall semester. Prerequisite: previous or concurrent registration in CHEM 247.","18","0","4","14","0","","Brezny, Anna","{'fsnum': '33949', 'name': 'Brezny, Anna'}","200","16","","","","","Synthesis Lab I","","253","{'day': 'Tu', 'end': '14:45', 'location': 'RNS 340', 'start': '23:45'}","True","previous or concurrent registration in CHEM 247.","C","1","C","20261","Synthesis Laboratory I","Lab","2026"
"0000169953","0.25","0000000199","CHEM","This laboratory course introduces students to the synthesis and characterization of organic, organometallic and inorganic compounds and serves as a general introduction to green chemistry. Students purify the materials they produce by techniques such as chromatography and characterize them using optical rotation measurements, infrared spectroscopy, and nuclear magnetic resonance spectroscopy. Students attend one three-hour laboratory each week. P/N only. Offered annually during Fall semester. Prerequisite: previous or concurrent registration in CHEM 247.","17","0","5","12","0","","Carpenter, Nancy","{'fsnum': '9002805', 'name': 'Carpenter, Nancy'}","200","16","","","","","Synthesis Lab I","","253","{'day': 'Tu', 'end': '18:00', 'location': 'RNS 340', 'start': '15:00'}","True","previous or concurrent registration in CHEM 247.","D","1","C","20261","Synthesis Laboratory I","Lab","2026"
"0000169956","0.25","0000000199","CHEM","This laboratory course introduces students to the synthesis and characterization of organic, organometallic and inorganic compounds and serves as a general introduction to green chemistry. Students purify the materials they produce by techniques such as chromatography and characterize them using optical rotation measurements, infrared spectroscopy, and nuclear magnetic resonance spectroscopy. Students attend one three-hour laboratory each week. P/N only. Offered annually during Fall semester. Prerequisite: previous or concurrent registration in CHEM 247.","18","0","6","12","0","","Brezny, Anna","{'fsnum': '33949', 'name': 'Brezny, Anna'}","200","16","","","","","Synthesis Lab I","","253","{'day': 'We', 'end': '17:00', 'location': 'RNS 340', 'start': '14:00'}","True","previous or concurrent registration in CHEM 247.","E","1","C","20261","Synthesis Laboratory I","Lab","2026"
"0000169954","0.25","0000000199","CHEM","This laboratory course introduces students to the synthesis and characterization of organic, organometallic and inorganic compounds and serves as a general introduction to green chemistry. Students purify the materials they produce by techniques such as chromatography and characterize them using optical rotation measurements, infrared spectroscopy, and nuclear magnetic resonance spectroscopy. Students attend one three-hour laboratory each week. P/N only. Offered annually during Fall semester. Prerequisite: previous or concurrent registration in CHEM 247.","18","0","5","12","1","","Roberts, Bill P.","{'fsnum': '19399', 'name': 'Roberts, Bill P.'}","200","16","","","","","Synthesis Lab I","","253","{'day': 'Th', 'end': '11:00', 'location': 'RNS 340', 'start': '08:00'}","True","previous or concurrent registration in CHEM 247.","F","1","C","20261","Synthesis Laboratory I","Lab","2026"
"0000169957","0.25","0000000199","CHEM","This laboratory course introduces students to the synthesis and characterization of organic, organometallic and inorganic compounds and serves as a general introduction to green chemistry. Students purify the materials they produce by techniques such as chromatography and characterize them using optical rotation measurements, infrared spectroscopy, and nuclear magnetic resonance spectroscopy. Students attend one three-hour laboratory each week. P/N only. Offered annually during Fall semester. Prerequisite: previous or concurrent registration in CHEM 247.","15","0","3","10","2","","Roberts, Bill P.","{'fsnum': '19399', 'name': 'Roberts, Bill P.'}","200","16","","","","","Synthesis Lab I","","253","{'day': 'Th', 'end': '18:00', 'location': 'RNS 340', 'start': '15:00'}","True","previous or concurrent registration in CHEM 247.","G","1","O","20261","Synthesis Laboratory I","Lab","2026"
"0000169068","1.0","0000000201","CHEM","Students not only investigate the theory of modern analytical chemistry, but also examine the statistical treatment of errors, equilibrium, activities, acid/base chemistry, spectroscopy, electrochemistry, and separations. The accompanying lab course, CHEM 256, illustrates the topics discussed in CHEM 255. Students taking this course use computers for solving problems. Offered each semester. Prerequisites: CHEM 126 or permission of the instructor, and concurrent registration in CHEM 256.","26","0","17","3","6","","Beussman, Douglas J.","{'fsnum': '15745', 'name': 'Beussman, Douglas J.'}","200","32","","","","","Analytical Chemistry","Students in CHEM 255 must also register for one CHEM 256 lab.","255","{'day': 'Tu', 'end': '11:00', 'location': 'RNS 310', 'start': '09:35'};{'day': 'Th', 'end': '10:50', 'location': 'RNS 310', 'start': '09:30'}","False","Prerequisites: CHEM 126 or permission of the instructor, and concurrent registration in CHEM 256.","","1","O","20261","","Research","2026"
"0000172577","0.25","0000043253","CHEM","","0","0","0","0","0","","Beussman, Douglas J.","{'fsnum': '15745', 'name': 'Beussman, Douglas J.'}","200","10","","","","","LAC - German","Meeting time will be decided based on availability of the registered students.  ;Prerequisite: Completion of GERM 231 or equivalent experience. This course      ;cannot be wish listed. Add it after registering for CHEM 255 (main course).","255","","False","","","1","O","20261","","FLAC","2026"
"0000169078","0.25","0000000202","CHEM","Students enrolled in this lab course practice techniques of modern analytical chemistry using state-of-the-art instrumentation, including pH meters, liquid chromatographs, and a variety of spectrophotometers. Data acquisition via computer-interfaced instrumentation and electronic record-keeping is emphasized. Students practice and develop group skills by working in ""companies"" throughout the semester. Students attend one four-hour laboratory per week. P/N only. Offered each semester. Prerequisite: concurrent registration in CHEM 255.","10","0","6","3","1","","Erickson, Brice","{'fsnum': '33087', 'name': 'Erickson, Brice'}","200","16","","","","","Analytical Lab","","256","{'day': 'Tu', 'end': '15:45', 'location': 'RNS 446', 'start': '23:45'}","True","concurrent registration in CHEM 255.","A","1","O","20261","Analytical Laboratory","Lab","2026"
"0000169077","0.25","0000000202","CHEM","Students enrolled in this lab course practice techniques of modern analytical chemistry using state-of-the-art instrumentation, including pH meters, liquid chromatographs, and a variety of spectrophotometers. Data acquisition via computer-interfaced instrumentation and electronic record-keeping is emphasized. Students practice and develop group skills by working in ""companies"" throughout the semester. Students attend one four-hour laboratory per week. P/N only. Offered each semester. Prerequisite: concurrent registration in CHEM 255.","16","0","11","0","5","","Erickson, Brice","{'fsnum': '33087', 'name': 'Erickson, Brice'}","200","16","","","","","Analytical Lab","","256","{'day': 'We', 'end': '17:00', 'location': 'RNS 446', 'start': '13:00'}","True","concurrent registration in CHEM 255.","B","1","C","20261","Analytical Laboratory","Lab","2026"
"0000169404","0.25","0000031450","CHEM","Independent research is offered for students dedicated to an in-depth research experience. Emphasis is placed on the iterative process of experimentation and analysis. The course requires a faculty supervisor, who will make the decision as to which credit level is appropriate. May be taken more than once. Pass or No Pass (P/N) only (may not be taken for a grade). Offered each term. Prerequisite: permission of the instructor.","1","0","1","0","0","","Beussman, Douglas J.","{'fsnum': '15745', 'name': 'Beussman, Douglas J.'}","200","1","","","","","Independent Research (.25, .5, 1.0)","Registration by permission of instructor.","297","","True","permission of the instructor.","A","1","C","20261","Independent Research","Research","2026"
"0000169405","0.25","0000031450","CHEM","Independent research is offered for students dedicated to an in-depth research experience. Emphasis is placed on the iterative process of experimentation and analysis. The course requires a faculty supervisor, who will make the decision as to which credit level is appropriate. May be taken more than once. Pass or No Pass (P/N) only (may not be taken for a grade). Offered each term. Prerequisite: permission of the instructor.","4","0","2","2","0","","Listenberger, Laura","{'fsnum': '21061', 'name': 'Listenberger, Laura'}","200","1","","","","","Independent Research (.25, .5, 1.0)","Registration by permission of instructor.","297","","True","permission of the instructor.","B","1","C","20261","Independent Research","Research","2026"
"0000169406","0.25","0000031450","CHEM","Independent research is offered for students dedicated to an in-depth research experience. Emphasis is placed on the iterative process of experimentation and analysis. The course requires a faculty supervisor, who will make the decision as to which credit level is appropriate. May be taken more than once. Pass or No Pass (P/N) only (may not be taken for a grade). Offered each term. Prerequisite: permission of the instructor.","3","0","2","1","0","","Gittins, Peter J.","{'fsnum': '21144', 'name': 'Gittins, Peter J.'}","200","1","","","","","Independent Research (.25, .5, 1.0)","Registration by permission of instructor.","297","","True","permission of the instructor.","C","1","C","20261","Independent Research","Research","2026"
"0000169407","0.25","0000031450","CHEM","Independent research is offered for students dedicated to an in-depth research experience. Emphasis is placed on the iterative process of experimentation and analysis. The course requires a faculty supervisor, who will make the decision as to which credit level is appropriate. May be taken more than once. Pass or No Pass (P/N) only (may not be taken for a grade). Offered each term. Prerequisite: permission of the instructor.","1","0","0","1","0","","Brezny, Anna","{'fsnum': '33949', 'name': 'Brezny, Anna'}","200","1","","","","","Independent Research (.25, .5, 1.0)","Registration by permission of instructor.","297","","True","permission of the instructor.","D","1","C","20261","Independent Research","Research","2026"
"0000169408","0.25","0000031450","CHEM","Independent research is offered for students dedicated to an in-depth research experience. Emphasis is placed on the iterative process of experimentation and analysis. The course requires a faculty supervisor, who will make the decision as to which credit level is appropriate. May be taken more than once. Pass or No Pass (P/N) only (may not be taken for a grade). Offered each term. Prerequisite: permission of the instructor.","1","0","0","0","1","","Marlier, Elodie","{'fsnum': '22843', 'name': 'Marlier, Elodie'}","200","1","","","","","Independent Research (.25, .5, 1.0)","Registration by permission of instructor.","297","","True","permission of the instructor.","E","1","C","20261","Independent Research","Research","2026"
"0000169409","0.25","0000031450","CHEM","Independent research is offered for students dedicated to an in-depth research experience. Emphasis is placed on the iterative process of experimentation and analysis. The course requires a faculty supervisor, who will make the decision as to which credit level is appropriate. May be taken more than once. Pass or No Pass (P/N) only (may not be taken for a grade). Offered each term. Prerequisite: permission of the instructor.","0","0","0","0","0","","Muth, Greg W.","{'fsnum': '14961', 'name': 'Muth, Greg W.'}","200","1","","","","","Independent Research (.25, .5, 1.0)","Registration by permission of instructor.","297","","True","permission of the instructor.","F","1","O","20261","Independent Research","Research","2026"
"0000169410","0.25","0000031450","CHEM","Independent research is offered for students dedicated to an in-depth research experience. Emphasis is placed on the iterative process of experimentation and analysis. The course requires a faculty supervisor, who will make the decision as to which credit level is appropriate. May be taken more than once. Pass or No Pass (P/N) only (may not be taken for a grade). Offered each term. Prerequisite: permission of the instructor.","1","0","1","0","0","","Schwinefus, Jeff J.","{'fsnum': '14915', 'name': 'Schwinefus, Jeff J.'}","200","1","","","","","Independent Research (.25, .5, 1.0)","Registration by permission of instructor.","297","","True","permission of the instructor.","H","1","C","20261","Independent Research","Research","2026"
"0000169411","0.5","0000031450","CHEM","Independent research is offered for students dedicated to an in-depth research experience. Emphasis is placed on the iterative process of experimentation and analysis. The course requires a faculty supervisor, who will make the decision as to which credit level is appropriate. May be taken more than once. Pass or No Pass (P/N) only (may not be taken for a grade). Offered each term. Prerequisite: permission of the instructor.","4","0","1","0","3","","Beussman, Douglas J.","{'fsnum': '15745', 'name': 'Beussman, Douglas J.'}","200","1","","","","","Independent Research (.25, .5, 1.0)","Registration by permission of instructor.","297","","True","permission of the instructor.","I","1","C","20261","Independent Research","Research","2026"
"0000169413","0.5","0000031450","CHEM","Independent research is offered for students dedicated to an in-depth research experience. Emphasis is placed on the iterative process of experimentation and analysis. The course requires a faculty supervisor, who will make the decision as to which credit level is appropriate. May be taken more than once. Pass or No Pass (P/N) only (may not be taken for a grade). Offered each term. Prerequisite: permission of the instructor.","3","0","1","0","2","","Gittins, Peter J.","{'fsnum': '21144', 'name': 'Gittins, Peter J.'}","200","1","","","","","Independent Research (.25, .5, 1.0)","Registration by permission of instructor.","297","","True","permission of the instructor.","K","1","C","20261","Independent Research","Research","2026"
"0000169414","0.5","0000031450","CHEM","Independent research is offered for students dedicated to an in-depth research experience. Emphasis is placed on the iterative process of experimentation and analysis. The course requires a faculty supervisor, who will make the decision as to which credit level is appropriate. May be taken more than once. Pass or No Pass (P/N) only (may not be taken for a grade). Offered each term. Prerequisite: permission of the instructor.","4","0","2","0","2","","Brezny, Anna","{'fsnum': '33949', 'name': 'Brezny, Anna'}","200","1","","","","","Independent Research (.25, .5, 1.0)","Registration by permission of instructor.","297","","True","permission of the instructor.","L","1","C","20261","Independent Research","Research","2026"
"0000169415","0.5","0000031450","CHEM","Independent research is offered for students dedicated to an in-depth research experience. Emphasis is placed on the iterative process of experimentation and analysis. The course requires a faculty supervisor, who will make the decision as to which credit level is appropriate. May be taken more than once. Pass or No Pass (P/N) only (may not be taken for a grade). Offered each term. Prerequisite: permission of the instructor.","2","0","1","0","1","","Marlier, Elodie","{'fsnum': '22843', 'name': 'Marlier, Elodie'}","200","1","","","","","Independent Research (.25, .5, 1.0)","Registration by permission of instructor.","297","","True","permission of the instructor.","M","1","C","20261","Independent Research","Research","2026"
"0000169416","0.5","0000031450","CHEM","Independent research is offered for students dedicated to an in-depth research experience. Emphasis is placed on the iterative process of experimentation and analysis. The course requires a faculty supervisor, who will make the decision as to which credit level is appropriate. May be taken more than once. Pass or No Pass (P/N) only (may not be taken for a grade). Offered each term. Prerequisite: permission of the instructor.","0","0","0","0","0","","Muth, Greg W.","{'fsnum': '14961', 'name': 'Muth, Greg W.'}","200","1","","","","","Independent Research (.25, .5, 1.0)","Registration by permission of instructor.","297","","True","permission of the instructor.","N","1","O","20261","Independent Research","Research","2026"
"0000169417","0.5","0000031450","CHEM","Independent research is offered for students dedicated to an in-depth research experience. Emphasis is placed on the iterative process of experimentation and analysis. The course requires a faculty supervisor, who will make the decision as to which credit level is appropriate. May be taken more than once. Pass or No Pass (P/N) only (may not be taken for a grade). Offered each term. Prerequisite: permission of the instructor.","1","0","0","0","1","","Schwinefus, Jeff J.","{'fsnum': '14915', 'name': 'Schwinefus, Jeff J.'}","200","1","","","","","Independent Research (.25, .5, 1.0)","Registration by permission of instructor.","297","","True","permission of the instructor.","P","1","C","20261","Independent Research","Research","2026"
"0000169418","1.0","0000031450","CHEM","Independent research is offered for students dedicated to an in-depth research experience. Emphasis is placed on the iterative process of experimentation and analysis. The course requires a faculty supervisor, who will make the decision as to which credit level is appropriate. May be taken more than once. Pass or No Pass (P/N) only (may not be taken for a grade). Offered each term. Prerequisite: permission of the instructor.","1","0","0","0","1","","Beussman, Douglas J.","{'fsnum': '15745', 'name': 'Beussman, Douglas J.'}","200","1","","","","","Independent Research (.25, .5, 1.0)","Registration by permission of instructor.","297","","True","permission of the instructor.","Q","1","C","20261","Independent Research","Research","2026"
"0000169420","1.0","0000031450","CHEM","Independent research is offered for students dedicated to an in-depth research experience. Emphasis is placed on the iterative process of experimentation and analysis. The course requires a faculty supervisor, who will make the decision as to which credit level is appropriate. May be taken more than once. Pass or No Pass (P/N) only (may not be taken for a grade). Offered each term. Prerequisite: permission of the instructor.","0","0","0","0","0","","Gittins, Peter J.","{'fsnum': '21144', 'name': 'Gittins, Peter J.'}","200","1","","","","","Independent Research (.25, .5, 1.0)","Registration by permission of instructor.","297","","True","permission of the instructor.","S","1","O","20261","Independent Research","Research","2026"
"0000169421","1.0","0000031450","CHEM","Independent research is offered for students dedicated to an in-depth research experience. Emphasis is placed on the iterative process of experimentation and analysis. The course requires a faculty supervisor, who will make the decision as to which credit level is appropriate. May be taken more than once. Pass or No Pass (P/N) only (may not be taken for a grade). Offered each term. Prerequisite: permission of the instructor.","0","0","0","0","0","","Brezny, Anna","{'fsnum': '33949', 'name': 'Brezny, Anna'}","200","1","","","","","Independent Research (.25, .5, 1.0)","Registration by permission of instructor.","297","","True","permission of the instructor.","T","1","O","20261","Independent Research","Research","2026"
"0000169422","1.0","0000031450","CHEM","Independent research is offered for students dedicated to an in-depth research experience. Emphasis is placed on the iterative process of experimentation and analysis. The course requires a faculty supervisor, who will make the decision as to which credit level is appropriate. May be taken more than once. Pass or No Pass (P/N) only (may not be taken for a grade). Offered each term. Prerequisite: permission of the instructor.","3","0","1","0","2","","Marlier, Elodie","{'fsnum': '22843', 'name': 'Marlier, Elodie'}","200","1","","","","","Independent Research (.25, .5, 1.0)","Registration by permission of instructor.","297","","True","permission of the instructor.","U","1","C","20261","Independent Research","Research","2026"
"0000169423","1.0","0000031450","CHEM","Independent research is offered for students dedicated to an in-depth research experience. Emphasis is placed on the iterative process of experimentation and analysis. The course requires a faculty supervisor, who will make the decision as to which credit level is appropriate. May be taken more than once. Pass or No Pass (P/N) only (may not be taken for a grade). Offered each term. Prerequisite: permission of the instructor.","0","0","0","0","0","","Muth, Greg W.","{'fsnum': '14961', 'name': 'Muth, Greg W.'}","200","1","","","","","Independent Research (.25, .5, 1.0)","Registration by permission of instructor.","297","","True","permission of the instructor.","V","1","O","20261","Independent Research","Research","2026"
"0000169424","1.0","0000031450","CHEM","Independent research is offered for students dedicated to an in-depth research experience. Emphasis is placed on the iterative process of experimentation and analysis. The course requires a faculty supervisor, who will make the decision as to which credit level is appropriate. May be taken more than once. Pass or No Pass (P/N) only (may not be taken for a grade). Offered each term. Prerequisite: permission of the instructor.","1","0","1","0","0","","Schwinefus, Jeff J.","{'fsnum': '14915', 'name': 'Schwinefus, Jeff J.'}","200","1","","","","","Independent Research (.25, .5, 1.0)","Registration by permission of instructor.","297","","True","permission of the instructor.","X","1","C","20261","Independent Research","Research","2026"
"0000169428","1.0","0000031450","CHEM","Independent research is offered for students dedicated to an in-depth research experience. Emphasis is placed on the iterative process of experimentation and analysis. The course requires a faculty supervisor, who will make the decision as to which credit level is appropriate. May be taken more than once. Pass or No Pass (P/N) only (may not be taken for a grade). Offered each term. Prerequisite: permission of the instructor.","0","0","0","0","0","","Listenberger, Laura","{'fsnum': '21061', 'name': 'Listenberger, Laura'}","200","","","","","","Independent Research (.25, .5, 1.0)","","297","","True","permission of the instructor.","Y","1","O","20261","Independent Research","Research","2026"
"0000169732","0.25","0000000206","CHEM","Students perform experiments that illustrate the principles of physical chemistry and utilize modern instrumentation. Students characterize the thermodynamic properties of a biopolymer, perform spectroscopic measurements of molecular energy levels, calculate quantum mechanical quantities using computer workstations, and investigate the thermodynamics and kinetics of chemical reactions. Students also develop their scientific writing skills by preparing reports in the style of scientific publications. Students attend one four-hour laboratory per week. P/N only. Offered each semester. Prerequisite: concurrent registration in CHEM 371.","14","0","2","0","12","WRI","Thompson, Rebecca","{'fsnum': '9005106', 'name': 'Thompson, Rebecca'}","300","14","0","","0","","Physical Lab","","357","{'day': 'Tu', 'end': '15:45', 'location': 'RNS 392', 'start': '23:45'}","True","concurrent registration in CHEM 371.","A","1","C","20261","Physical Laboratory","Lab","2026"
"0000169733","0.25","0000000206","CHEM","Students perform experiments that illustrate the principles of physical chemistry and utilize modern instrumentation. Students characterize the thermodynamic properties of a biopolymer, perform spectroscopic measurements of molecular energy levels, calculate quantum mechanical quantities using computer workstations, and investigate the thermodynamics and kinetics of chemical reactions. Students also develop their scientific writing skills by preparing reports in the style of scientific publications. Students attend one four-hour laboratory per week. P/N only. Offered each semester. Prerequisite: concurrent registration in CHEM 371.","10","0","5","0","5","","Thompson, Rebecca","{'fsnum': '9005106', 'name': 'Thompson, Rebecca'}","300","14","","","","","Physical Lab","","357","{'day': 'We', 'end': '17:00', 'location': 'RNS 392', 'start': '13:00'}","True","concurrent registration in CHEM 371.","B","1","O","20261","Physical Laboratory","Lab","2026"
"0000169731","1.0","0000000207","CHEM","Students delve further into the topics of kinetics, thermodynamics and atomic and molecular structure that were introduced in the first-year courses, with an emphasis on the mathematical aspects of chemistry. Specific topics include reaction mechanisms, the laws of thermodynamics, statistical thermodynamics, equilibrium, quantum mechanics, spectroscopy, and molecular orbital theory. Offered each semester. Prerequisites: CHEM 126 or permission of instructor and concurrent registration in CHEM 357; MATH 126 or MATH 128; previous completion of PHYS 124 or PHYS 130 is recommended.","24","0","7","0","17","IST","Thompson, Rebecca","{'fsnum': '9005106', 'name': 'Thompson, Rebecca'}","300","28","0","","0","","Physical Chemistry","Students in CHEM 371 must also register for one CHEM 357 lab.","371","{'day': 'Mo', 'end': '10:00', 'location': 'OM 030', 'start': '09:05'};{'day': 'We', 'end': '10:00', 'location': 'OM 030', 'start': '09:05'};{'day': 'Fr', 'end': '10:00', 'location': 'OM 030', 'start': '09:05'}","False","Prerequisites: CHEM 126 or permission of instructor and concurrent registration in CHEM 357; MATH 126 or MATH 128; previous completion of PHYS 124 or PHYS 130 is recommended.","","1","O","20261","","Research","2026"
"0000169632","0.25","0000000209","CHEM","This lab course is highly recommended to enhance the study of biochemistry and offers an opportunity to explore research in biochemistry and related fields. In this course, students will learn and use several standard biochemical techniques to address novel research questions. Emphasis is placed on experimental design and the collection, interpretation, and presentation of data. P/N only. Offered each semester. Requires previous or concurrent enrollment in Chem 379: Biochemistry I. Prerequisite: previous or concurrent registration in CHEM 379.","8","0","4","0","4","OEP","Muth, Greg W.","{'fsnum': '14961', 'name': 'Muth, Greg W.'}","300","12","0","","0","","Laboratory Research in Biochemistry","Open only to rising seniors and juniors.","373","{'day': 'Tu', 'end': '15:45', 'location': 'RNS 393', 'start': '23:45'}","True","previous or concurrent registration in CHEM 379.","","1","O","20261","","Lab","2026"
"0000169134","1.0","0000000214","CHEM","This course presents fundamental biological processes at the molecular level and serves as a general introduction to biochemistry. Topics include the structure and function of proteins, carbohydrates, lipids and nucleic acids, enzyme catalysis and regulation, bioenergetics and an introduction to carbohydrate metabolism. Subsequent enrollment in CHEM 385 is recommended for students desiring greater breadth and depth in the subject. Offered each semester. Prerequisite: CHEM 248.","32","0","19","2","11","IST","Kerr, Evan W.","{'fsnum': '9005182', 'name': 'Kerr, Evan W.'}","300","32","","","","","Biochemistry I","","379","{'day': 'Mo', 'end': '12:45', 'location': 'RML 525', 'start': '23:50'};{'day': 'We', 'end': '12:45', 'location': 'RML 525', 'start': '23:50'};{'day': 'Fr', 'end': '12:45', 'location': 'RML 525', 'start': '23:50'}","False","CHEM 248.","A","1","C","20261","","Research","2026"
"0000172034","1.0","0000000214","CHEM","This course presents fundamental biological processes at the molecular level and serves as a general introduction to biochemistry. Topics include the structure and function of proteins, carbohydrates, lipids and nucleic acids, enzyme catalysis and regulation, bioenergetics and an introduction to carbohydrate metabolism. Subsequent enrollment in CHEM 385 is recommended for students desiring greater breadth and depth in the subject. Offered each semester. Prerequisite: CHEM 248.","33","0","10","0","23","IST","Kerr, Evan W.","{'fsnum': '9005182', 'name': 'Kerr, Evan W.'}","300","32","","","","","Biochemistry I","","379","{'day': 'Mo', 'end': '10:00', 'location': 'HH 501', 'start': '09:05'};{'day': 'We', 'end': '10:00', 'location': 'HH 501', 'start': '09:05'};{'day': 'Fr', 'end': '10:00', 'location': 'HH 501', 'start': '09:05'}","False","CHEM 248.","B","1","C","20261","","Research","2026"
"0000169046","1.0","0000000219","CHEM","This course examines how modern theories of chemical bonding are applied to an understanding of the chemistry of the elements of the periodic table. Students explore chemical structures and spectra on the basis of molecular symmetry and group theory. Topics covered include inorganic reactions, chemical periodicity, acid-base systems, coordination compounds, organometallic compounds, nonmetal chemistry, and cluster compounds. Offered annually. Prerequisite: CHEM 248.","11","0","3","0","8","","Marlier, Elodie","{'fsnum': '22843', 'name': 'Marlier, Elodie'}","300","16","","","","","Adv Inorganic Chem","","386","{'day': 'Mo', 'end': '13:50', 'location': 'RNS 435', 'start': '12:55'};{'day': 'We', 'end': '13:50', 'location': 'RNS 435', 'start': '12:55'};{'day': 'Fr', 'end': '13:50', 'location': 'RNS 435', 'start': '12:55'}","False","CHEM 248.","","1","O","20261","Advanced Inorganic Chemistry","Research","2026"
"0000169110","1.0","0000000237","CHIN","First of two elementary courses that helps students with no prior background to develop basic Mandarin skills, such as pronunciation, pinyin, grammar, and handwriting along with knowledge of Chinese culture and society. Students should achieve the Novice Mid level on the ACTFL proficiency scale and identify about 150 characters in areas of daily life and immediate needs upon completion of this course. Students attend three classes and one laboratory weekly. Offered annually in the fall semester.","16","12","1","1","2","","Zhou, Ying","{'fsnum': '26220', 'name': 'Zhou, Ying'}","100","20","","","","","Beginning Chinese I","Students in Chinese 111A must also register for Chinese 111 lab.                ;Please note the recent time change.","111","{'day': 'Mo', 'end': '12:45', 'location': 'TOH 308', 'start': '23:50'};{'day': 'We', 'end': '12:45', 'location': 'TOH 308', 'start': '23:50'};{'day': 'Fr', 'end': '12:45', 'location': 'TOH 308', 'start': '23:50'}","False","False","A","1","O","20261","","Research","2026"
"0000169111","1.0","0000000237","CHIN","First of two elementary courses that helps students with no prior background to develop basic Mandarin skills, such as pronunciation, pinyin, grammar, and handwriting along with knowledge of Chinese culture and society. Students should achieve the Novice Mid level on the ACTFL proficiency scale and identify about 150 characters in areas of daily life and immediate needs upon completion of this course. Students attend three classes and one laboratory weekly. Offered annually in the fall semester.","16","14","0","1","1","","Zhou, Ying","{'fsnum': '26220', 'name': 'Zhou, Ying'}","100","20","","","","","Beginning Chinese I","Students in Chinese 111B must also register for Chinese 111 lab.                ;Please note the recent time change.","111","{'day': 'Mo', 'end': '13:50', 'location': 'TOH 308', 'start': '12:55'};{'day': 'We', 'end': '13:50', 'location': 'TOH 308', 'start': '12:55'};{'day': 'Fr', 'end': '13:50', 'location': 'TOH 308', 'start': '12:55'}","False","False","B","1","O","20261","","Research","2026"
"0000169112","","0000000238","CHIN","","33","26","1","2","4","","Staff","{'fsnum': '', 'name': 'Staff'}","100","48","","","","","Beginning Chinese I Lab","Lab day and time are TBD; students will sign up during the first week of class.","111","","False","","","1","O","20261","","Lab","2026"
"0000169463","1.0","0000000241","CHIN","This course is for students who have successfully completed CHIN 112 or students who have had at least one year of Chinese learning experience. It aims to enhance students' proficiency in all four language skills (speaking, listening, reading, and writing) as well as knowledge of various Chinese communities and cross-cultural communications. Students should achieve the Intermediate Low/Medium level on the ACTFL proficiency scale. Students attend three classes and one laboratory weekly. Offered annually in the fall semester. Prerequisite: CHIN 112 or placement.","17","4","3","9","1","FOL-C;WLC","Bi, Hui","{'fsnum': '25359', 'name': 'Bi, Hui'}","200","18","","","","","Intermed Chinese I","Students in Chinese 231A must also register for Chinese 231 lab.","231","{'day': 'Mo', 'end': '12:45', 'location': 'TOH 310', 'start': '23:50'};{'day': 'We', 'end': '12:45', 'location': 'TOH 310', 'start': '23:50'};{'day': 'Fr', 'end': '12:45', 'location': 'TOH 310', 'start': '23:50'}","False","CHIN 112 or placement.","A","1","O","20261","Intermediate Chinese I","Research","2026"
"0000169464","1.0","0000000241","CHIN","This course is for students who have successfully completed CHIN 112 or students who have had at least one year of Chinese learning experience. It aims to enhance students' proficiency in all four language skills (speaking, listening, reading, and writing) as well as knowledge of various Chinese communities and cross-cultural communications. Students should achieve the Intermediate Low/Medium level on the ACTFL proficiency scale. Students attend three classes and one laboratory weekly. Offered annually in the fall semester. Prerequisite: CHIN 112 or placement.","20","3","2","14","1","FOL-C;WLC","Bi, Hui","{'fsnum': '25359', 'name': 'Bi, Hui'}","200","18","","","","","Intermed Chinese I","Students in Chinese 231B must also register for Chinese 231 lab.","231","{'day': 'Mo', 'end': '13:50', 'location': 'TOH 310', 'start': '12:55'};{'day': 'We', 'end': '13:50', 'location': 'TOH 310', 'start': '12:55'};{'day': 'Fr', 'end': '13:50', 'location': 'TOH 310', 'start': '12:55'}","False","CHIN 112 or placement.","B","1","C","20261","Intermediate Chinese I","Research","2026"
"0000169465","","0000000242","CHIN","","37","7","5","23","2","","Staff","{'fsnum': '', 'name': 'Staff'}","200","48","","","","","Intermed Chinese I Lab","Lab day and time are TBD; students will sign up during the first week of class.","231","","False","","","1","O","20261","","Lab","2026"
"0000169984","1.0","0000000245","CHIN","This course provides continued practice in speaking, reading, and writing at the third-year level. Our text introduces students to Chinese geography and history and modern written style. Conducted entirely in Chinese. Offered annually in the fall semester. Prerequisite: CHIN 232 or placement.","14","5","3","5","1","FOL-C;WLC","Bi, Hui","{'fsnum': '25359', 'name': 'Bi, Hui'}","300","20","","","","","Third-Year Chinese I","","301","{'day': 'Mo', 'end': '14:55', 'location': 'TOH 310', 'start': '14:00'};{'day': 'We', 'end': '14:55', 'location': 'TOH 310', 'start': '14:00'};{'day': 'Fr', 'end': '14:55', 'location': 'TOH 310', 'start': '14:00'}","False","CHIN 232 or placement.","","1","O","20261","","Research","2026"
"0000170019","1.0","0000021524","CHIN","In this fourth-year-level Chinese course, students explore a specified topic or theme in language, in various text/media (literature, newspaper, television, and film), in culture/civilization, or in a combination of these, through close examination of texts (written or visual), discussion, analysis, and interpretation of selected materials. Specific topics vary by instructor and semester. May be repeated if topic is different. Taught in Chinese. Offered annually. Prerequisite: CHIN 302 or placement.","16","2","5","4","5","","Shih, Hsiang-Lin","{'fsnum': '25327', 'name': 'Shih, Hsiang-Lin'}","300","18","","","","","Top: Indigenous and Manhua Taiwan","Please note the recent time change.","320","{'day': 'Mo', 'end': '11:40', 'location': 'TOH 200', 'start': '10:45'};{'day': 'We', 'end': '11:40', 'location': 'TOH 200', 'start': '10:45'};{'day': 'Fr', 'end': '11:40', 'location': 'TOH 200', 'start': '10:45'}","False","CHIN 302 or placement.","","1","O","20261","Special Topics in Chinese","Topic","2026"
"0000171802","1.0","0000000231","CLASS","This course takes students on an exciting journey back to the world of the ancient Romans, a land of republic and empire, oratory and elegy, brick and marble--and much more. Students explore ancient Roman society from an interdisciplinary perspective, analyzing its literature, art, and ideas in the light of their historical and cultural contexts. The course ranges far, both chronologically and geographically, from the Tiber River to the shores of Carthage to Hadrian's Wall. Offered periodically in the fall or the spring semester.","25","0","10","8","7","ALS-L;CRE;GHS;HWC","Merrill, Frances","{'fsnum': '9006334', 'name': 'Merrill, Frances'}","200","25","","","","","The World of the Ancient Romans","","244","{'day': 'Tu', 'end': '14:45', 'location': 'TOH 314', 'start': '13:20'};{'day': 'Th', 'end': '15:35', 'location': 'TOH 314', 'start': '14:15'}","False","False","","1","C","20261","","Research","2026"
"0000169756","1.0","0000000287","CSCI","This course introduces students to computer science (CS), a field devoted to creative problem solving with computers, and its applications to other disciplines. Students explore fundamental concepts, including iteration, recursion, object-oriented software design, algorithm efficiency, levels of naming, and computing ethics. Students apply these concepts daily in hands-on homework exercises relevant to fields in the arts, humanities (including digital humanities computations), social sciences, and natural sciences. Includes a team project applying CS to a chosen discipline. No prior experience with programming is expected or required. Offered each semester. One of CSCI 121, CSCI 125, or CSCI 251 counts toward applied linguistics concentration.","28","13","4","7","4","AQR;MAR;QCR","Drake, Daniel","{'fsnum': '9006346', 'name': 'Drake, Daniel'}","100","26","","4","2","4","Intro to Comp Sci","This course has class-year limits.","121","{'day': 'Mo', 'end': '11:40', 'location': 'RNS 203', 'start': '10:45'};{'day': 'We', 'end': '11:40', 'location': 'RNS 203', 'start': '10:45'};{'day': 'Fr', 'end': '11:40', 'location': 'RNS 203', 'start': '10:45'}","False","False","A","1","C","20261","Principles of Computer Science","Research","2026"
"0000169755","1.0","0000000287","CSCI","This course introduces students to computer science (CS), a field devoted to creative problem solving with computers, and its applications to other disciplines. Students explore fundamental concepts, including iteration, recursion, object-oriented software design, algorithm efficiency, levels of naming, and computing ethics. Students apply these concepts daily in hands-on homework exercises relevant to fields in the arts, humanities (including digital humanities computations), social sciences, and natural sciences. Includes a team project applying CS to a chosen discipline. No prior experience with programming is expected or required. Offered each semester. One of CSCI 121, CSCI 125, or CSCI 251 counts toward applied linguistics concentration.","17","6","4","2","5","AQR;MAR;QCR","Drake, Daniel","{'fsnum': '9006346', 'name': 'Drake, Daniel'}","100","26","","4","2","4","Intro to Comp Sci","This course has class-year limits.","121","{'day': 'Mo', 'end': '12:45', 'location': 'RNS 203', 'start': '23:50'};{'day': 'We', 'end': '12:45', 'location': 'RNS 203', 'start': '23:50'};{'day': 'Fr', 'end': '12:45', 'location': 'RNS 203', 'start': '23:50'}","False","False","B","1","O","20261","Principles of Computer Science","Research","2026"
"0000169509","1.0","0000036262","CSCI","This course introduces students to the C++ programming language and common data structures. Students develop their understanding of how machines store and operate on data, down to the individual bits. Students learn about storage space and run-time requirements of common data structures, including stacks, queues, linked lists, and trees. Combined with their deeper understanding of how the computer processes data, students analyze programs for efficiency and to apply the right data structure for specific scenarios. Offered each semester. Prerequisite: CSCI 121 or CSCI 125 or PHYS 130 or permission of instructor.","19","6","4","6","3","","Leeson, Will E.","{'fsnum': '9002459', 'name': 'Leeson, Will E.'}","200","22","","3","20","3","Intro to Data Structures in C++","Prerequisite: CSCI 121 or PHYS 130 or equivalent as determined by placement     ;recommendation.                                                                 ;This course has class-year limits.","221","{'day': 'Mo', 'end': '10:00', 'location': 'RNS 203', 'start': '09:05'};{'day': 'We', 'end': '10:00', 'location': 'RNS 203', 'start': '09:05'};{'day': 'Fr', 'end': '10:00', 'location': 'RNS 203', 'start': '09:05'}","False","CSCI 121 or CSCI 125 or PHYS 130 or permission of instructor.","","1","O","20261","Introduction to Data Structures in C++","Research","2026"
"0000169340","1.0","0000000291","CSCI","This course explores computer hardware and how the code we write uses it, taught through in-class labs and daily assignments. Topics include an introduction to computer systems, computer organization and architecture, the component-level design of computer hardware, forms of parallelism, machine-level implementation of programming language features, memory organization, logic circuits, data representation, assembly programming, and a brief introduction to networking and cloud computing. Offered each semester. Prerequisite: CSCI 221 or permission of instructor.","18","0","9","8","1","","Lynn, Melissa K.","{'fsnum': '35039', 'name': 'Lynn, Melissa K.'}","200","22","0","20","","4","Hardware Design","Prerequisite:  CSCI 221.                                                        ;This course has class-year limits.","241","{'day': 'Mo', 'end': '11:40', 'location': 'RNS 202', 'start': '10:45'};{'day': 'We', 'end': '11:40', 'location': 'RNS 202', 'start': '10:45'};{'day': 'Fr', 'end': '11:40', 'location': 'RNS 202', 'start': '10:45'}","False","CSCI 221 or permission of instructor.","","1","O","20261","","Research","2026"
"0000169903","1.0","0000000292","CSCI","This course provides an introduction to the structure and creation of computer software, using the C++ programming language and emphasizing object-oriented programming and structured collaborative software-development methodology. Concepts and skills are applied in a substantial multi-week team project. Topics include object-oriented programming, specification, programmed memory management, indirect addressing, tools including team software process, software design strategies, and elementary ethical analysis of software systems. Offered each semester. Prerequisite: CSCI 221 or permission of instructor.","18","0","5","12","1","","Hall-Holt, Olaf A.","{'fsnum': '16583', 'name': 'Hall-Holt, Olaf A.'}","200","24","0","10","","2","Software Design","Prerequisite: CSCI 221.                                                         ;This course has class-year limits.","251","{'day': 'Mo', 'end': '08:55', 'location': 'RNS 202', 'start': '08:00'};{'day': 'We', 'end': '08:55', 'location': 'RNS 202', 'start': '08:00'};{'day': 'Fr', 'end': '08:55', 'location': 'RNS 202', 'start': '08:00'}","False","CSCI 221 or permission of instructor.","","1","O","20261","Software Design and Implementation","Research","2026"
"0000169271","1.0","0000000295","CSCI","The software we design has real effects in people's lives. This course explores the ethical and social considerations inherent in computer-based systems, develops skills in thinking about those considerations and in collecting data to determine their effects, and expands students' abilities to integrate these issues and skills into software development procedures. Coursework uses case studies and surveys topics such as professional and ethical responsibilities, risk, liability, intellectual property, privacy, computer crime, and AI ethics. Offered each semester. Prerequisite: CSCI 251 or permission of instructor.","18","0","13","2","3","EIN;ERC;OEP;ORC;WRI","Hall-Holt, Olaf A.","{'fsnum': '16583', 'name': 'Hall-Holt, Olaf A.'}","200","20","","","","","Ethical Issues in Software Design","Prerequisite: CSCI 251.","263","{'day': 'Mo', 'end': '10:00', 'location': 'RNS 202', 'start': '09:05'};{'day': 'We', 'end': '10:00', 'location': 'RNS 202', 'start': '09:05'};{'day': 'Fr', 'end': '10:00', 'location': 'RNS 202', 'start': '09:05'}","False","CSCI 251 or permission of instructor.","","1","O","20261","","Research","2026"
"0000169778","1.0","0000000297","CSCI","The course begins with a survey of several popular programming languages, learning to write some code in each of them. We then consider important language features that have been used to describe entire categories of languages. Topics include programming language semantics, programming language translation, parsing, memory structures, abstraction mechanisms, and language translation systems and types. Also counts toward applied linguistics concentration. Prerequisites: CSCI 251 or permission of instructor.","24","0","0","0","24","","Leeson, Will E.","{'fsnum': '9002459', 'name': 'Leeson, Will E.'}","200","20","","","","","Programming Languages","Prerequisite: CSCI 251.","276","{'day': 'Mo', 'end': '08:55', 'location': 'RNS 203', 'start': '08:00'};{'day': 'We', 'end': '08:55', 'location': 'RNS 203', 'start': '08:00'};{'day': 'Fr', 'end': '08:55', 'location': 'RNS 203', 'start': '08:00'}","False","Prerequisites: CSCI 251 or permission of instructor.","","1","C","20261","","Research","2026"
"0000172558","1.0","0000043130","CSCI","Machine learning algorithms are used to make decisions in a wide variety of applications, including recommendation systems, criminal justice, healthcare, and more. This course explores several common machine learning algorithms: how they work, their strengths and limitations, their applications to real-world datasets, their implementation via Python frameworks, and the ethical and societal consequences of their use. A background in statistics or data science is recommended but not required. Offered annually. Prerequisites: CSCI 221 or permission of instructor.","22","0","8","2","12","","Mandery, Kim","{'fsnum': '34040', 'name': 'Mandery, Kim'}","200","20","","","","","Intro to Machine Learning","Prerequisite: CSCI 221.","279","{'day': 'Tu', 'end': '11:00', 'location': 'RNS 203', 'start': '09:35'};{'day': 'Th', 'end': '10:50', 'location': 'RNS 203', 'start': '09:30'}","False","Prerequisites: CSCI 221 or permission of instructor.","","1","C","20261","Introduction to Machine Learning","Research","2026"
"0000174697","1.0","0000000300","CSCI","Independent work is guided by a faculty member. Students need to have the necessary background, including appropriate coursework, before an independent project is approved. A student may not substitute an IS/IR course for a course regularly offered in a department or program. IS/IR culminates in at least one product (a paper, laboratory report, work of art, etc.). Normally, the student and faculty instructor are expected to meet at least once a week. See catalog for more information under registration and course enrollment. Prerequisites: at least second-year standing; at least 2 relevant courses for 298 (IS); approval from the faculty instructor, the academic advisor, and the department chair or program director.","1","0","0","0","1","","Leeson, Will E.","{'fsnum': '9002459', 'name': 'Leeson, Will E.'}","200","0","","","","","IS/Computer Education Research","","298","","False","Prerequisites: at least second-year standing; at least 2 relevant courses for 298 (IS); approval from the faculty instructor, the academic advisor, and the department chair or program director.","A","1","C","20261","Independent Study","Research","2026"
"0000169066","1.0","0000036266","CSCI","This course surveys standard topics in the study of algorithms, with an emphasis on complexity analysis and implementation experience. Topics include asymptotic analysis, searching and sorting, divide and conquer, basic graph algorithms, greedy algorithms, dynamic programming, and NP-complete problems. Offered each semester. Prerequisites: MATH 234 and CSCI 251, or consent of the instructor.","16","0","8","0","8","","Lynn, Melissa K.","{'fsnum': '35039', 'name': 'Lynn, Melissa K.'}","300","16","","","","","Analysis of Algorithms","Prerequisite: CSCI 251 and Math 234.","353","{'day': 'Mo', 'end': '13:50', 'location': 'RNS 203', 'start': '12:55'};{'day': 'We', 'end': '13:50', 'location': 'RNS 203', 'start': '12:55'};{'day': 'Fr', 'end': '13:50', 'location': 'RNS 203', 'start': '12:55'}","False","Prerequisites: MATH 234 and CSCI 251, or consent of the instructor.","A","1","C","20261","","Research","2026"
"0000169067","1.0","0000036266","CSCI","This course surveys standard topics in the study of algorithms, with an emphasis on complexity analysis and implementation experience. Topics include asymptotic analysis, searching and sorting, divide and conquer, basic graph algorithms, greedy algorithms, dynamic programming, and NP-complete problems. Offered each semester. Prerequisites: MATH 234 and CSCI 251, or consent of the instructor.","11","0","3","0","8","","Lynn, Melissa K.","{'fsnum': '35039', 'name': 'Lynn, Melissa K.'}","300","16","","","","","Analysis of Algorithms","Prerequisites: CSCI 251 and Math 234.","353","{'day': 'Mo', 'end': '14:55', 'location': 'RNS 203', 'start': '14:00'};{'day': 'We', 'end': '14:55', 'location': 'RNS 203', 'start': '14:00'};{'day': 'Fr', 'end': '14:55', 'location': 'RNS 203', 'start': '14:00'}","False","Prerequisites: MATH 234 and CSCI 251, or consent of the instructor.","B","1","O","20261","","Research","2026"
"0000171940","1.0","0000037459","CSCI","Artificial intelligence is an extremely broad field in which the overarching goal is the creation of an autonomous agent with human-level capabilities. Students study the fundamental algorithms and techniques used to create agents with varying degrees of autonomy and function, including search algorithms, first-order logic, Bayesian networks and simple neural networks. Students learn how to represent problems for specific techniques, and how to select the best technique for a given problem. Offered annually. Prerequisites: CSCI 251 and MATH 234, or permission of instructor.","14","0","5","0","9","","Drake, Daniel","{'fsnum': '9006346', 'name': 'Drake, Daniel'}","300","20","","","","","Foundations of A.I.","Prerequisite: CSCI 251 and MATH 234.","379","{'day': 'Tu', 'end': '13:10', 'location': 'RNS 203', 'start': '23:45'};{'day': 'Th', 'end': '14:05', 'location': 'RNS 203', 'start': '12:45'}","False","Prerequisites: CSCI 251 and MATH 234, or permission of instructor.","","1","O","20261","Foundations of Artificial Intelligence","Research","2026"
"0000169508","1.0","0000000366","DANCE","This introduction to dance course allows students to broadly experience dance. Students explore dance from the following perspectives: historical, cultural and social, creative and expressive, performing, critical and aesthetic, and kinesthetic. The intention of the course is to broaden students' perceptions about dance. Lectures, student presentations, experiential movement labs, and viewing of both live and recorded dance performances are all components of the course. No dance experience required. Ticket/transportation fee required. Offered annually in the fall semester.","36","13","9","6","8","ACB;ALS-A;CRE","Evans, Brian J.","{'fsnum': '9005198', 'name': 'Evans, Brian J.'}","100","40","","","","","Intro to Dance","","100","{'day': 'Mo', 'end': '12:45', 'location': 'RML 515', 'start': '23:50'};{'day': 'We', 'end': '12:45', 'location': 'RML 515', 'start': '23:50'};{'day': 'Fr', 'end': '12:45', 'location': 'RML 515', 'start': '23:50'}","False","False","","1","O","20261","Introduction to Dance","Research","2026"
"0000169102","0.25","0000000347","DANCE","Ballroom classes are taught from a social and aesthetic perspective. In this course, students learn fundamental steps, rhythms, and styling in foxtrot, slow waltz, east coast swing, and cha cha. May be repeated with permission of instructor. P/N only. Offered each semester.","20","4","4","11","1","ACB;ALS-A;PHA;SPM","Kraabel, Ella","{'fsnum': '9005388', 'name': 'Kraabel, Ella'}","100","20","","","","","Ballroom I","This section is for Leads.","106","{'day': 'Tu', 'end': '11:00', 'location': 'CAD Studio 1', 'start': '10:05'};{'day': 'Th', 'end': '10:50', 'location': 'CAD Studio 1', 'start': '09:55'}","True","False","A","1","C","20261","","Research","2026"
"0000169103","0.25","0000000347","DANCE","Ballroom classes are taught from a social and aesthetic perspective. In this course, students learn fundamental steps, rhythms, and styling in foxtrot, slow waltz, east coast swing, and cha cha. May be repeated with permission of instructor. P/N only. Offered each semester.","18","2","3","9","4","ACB;ALS-A;PHA;SPM","Kraabel, Ella","{'fsnum': '9005388', 'name': 'Kraabel, Ella'}","100","20","","","","","Ballroom I","This section is for Follows.","106","{'day': 'Tu', 'end': '11:00', 'location': 'CAD Studio 1', 'start': '10:05'};{'day': 'Th', 'end': '10:50', 'location': 'CAD Studio 1', 'start': '09:55'}","True","False","B","1","O","20261","","Research","2026"
"0000169998","0.25","0000030304","DANCE","Students explore dance genres that embody a strong rhythmic foundation. They experience rhythmic pattern as an organizing principle for the human body, an expressive capacity, and a social connector. Students investigate the cultural and social milieu from which dance genres emerge. Dance genres could include, hip hop, West African, Asian, and Caribbean dance forms, tap dance, or jazz dance. May be repeated. P/N only. Offered each semester.","18","3","3","8","4","ACB;ALS-A;SPM","Bangoura, Fode;McClusky, Whitney","{'fsnum': '35136', 'name': 'Bangoura, Fode'};{'fsnum': '35149', 'name': 'McClusky, Whitney'}","100","21","","","","","Top: Beginning West African Dance","","107","{'day': 'Tu', 'end': '11:00', 'location': 'CAD Studio 2', 'start': '10:05'};{'day': 'Th', 'end': '10:50', 'location': 'CAD Studio 2', 'start': '09:55'}","True","False","A","1","O","20261","Topics in Rhythm in Dance","Topic","2026"
"0000169986","0.25","0000030304","DANCE","Students explore dance genres that embody a strong rhythmic foundation. They experience rhythmic pattern as an organizing principle for the human body, an expressive capacity, and a social connector. Students investigate the cultural and social milieu from which dance genres emerge. Dance genres could include, hip hop, West African, Asian, and Caribbean dance forms, tap dance, or jazz dance. May be repeated. P/N only. Offered each semester.","16","2","3","5","6","ACB;ALS-A;SPM","Grotting, Karla","{'fsnum': '26263', 'name': 'Grotting, Karla'}","100","21","","","","","Top: Advanced Beginning Tap","","107","{'day': 'Mo', 'end': '10:00', 'location': 'CAD Studio 2', 'start': '09:05'};{'day': 'We', 'end': '10:00', 'location': 'CAD Studio 2', 'start': '09:05'}","True","False","B","1","O","20261","Topics in Rhythm in Dance","Topic","2026"
"0000172542","0.25","0000000349","DANCE","International dance classes emphasize dance in its varied cultural contexts. This course surveys vernacular/community dance from around the world with emphasis on European and Near Eastern forms. May be repeated. P/N only. Ticket/transportation fee required. Offered annually.","27","2","7","11","7","ACB;ALS-A;PHA;SPM","Conger, Andrea C.","{'fsnum': '28107', 'name': 'Conger, Andrea C.'}","100","28","","","","","International Dance I","","109","{'day': 'Tu', 'end': '14:55', 'location': 'CAD Studio 1', 'start': '14:00'};{'day': 'Th', 'end': '15:35', 'location': 'CAD Studio 1', 'start': '14:40'}","True","False","","1","O","20261","International Dance I: A Survey","Research","2026"
"0000169683","0.25","0000000351","DANCE","This course introduces modern dance as a style of dance and a dance aesthetic. It explores at a beginning level a range of movement vocabulary, body awareness, and creative process. Teaching faculty bring their individual movement backgrounds to the class content. May be repeated. P/N only. Offered each semester.","28","4","8","5","11","ACB;ALS-A;PHA;SPM","Evans, Brian J.","{'fsnum': '9005198', 'name': 'Evans, Brian J.'}","100","28","","","","","Modern Dance I","","111","{'day': 'Mo', 'end': '11:40', 'location': 'CAD Studio 1', 'start': '10:45'};{'day': 'Fr', 'end': '11:40', 'location': 'CAD Studio 1', 'start': '10:45'}","True","False","","1","C","20261","","Research","2026"
"0000170030","0.25","0000030305","DANCE","Students learn special topics in dance in a movement intensive environment. Students study the historical, social, and cultural context in which the dance topic emerged and currently functions and the physical and expressive capacities that distinguish it from other forms. Dance topics could include somatics, Gaga, contact improvisation, yoga, partnering, or aerial dance. Topics may vary from year to year. May be repeated. P/N only. Offered each semester. No prerequisite.","8","1","3","0","4","ACB;SPM","Bangoura, Fode;McClusky, Whitney","{'fsnum': '35136', 'name': 'Bangoura, Fode'};{'fsnum': '35149', 'name': 'McClusky, Whitney'}","100","21","","","","","Top: Intermed West African Dance","Permission of instructor required.","141","{'day': 'Tu', 'end': '13:10', 'location': 'CAD Studio 2', 'start': '23:45'};{'day': 'Th', 'end': '14:05', 'location': 'CAD Studio 2', 'start': '12:45'}","True","False","","1","O","20261","Topics in Movement Studies in Dance","Topic","2026"
"0000170081","","0000033667","DANCE","Veselica International Dance Ensemble introduces student performers and audiences to dance as a global art, expanding their awareness of the spectrum of dance forms and contexts in the world. Student performers develop skills by performing a variety of dance forms and experience the process of working together in an ensemble to create quality performances. Interested students can choreograph or stage international dance works, and members of the ensemble may also work with guest choreographers. The ensemble is open by audition to all students. P/N only. May be repeated.","0","0","0","0","0","","Conger, Andrea C.","{'fsnum': '28107', 'name': 'Conger, Andrea C.'}","100","19","","","","","Veselica Int'l Dance Ensemble","Registration by audition.","170","","True","False","","1","C","20261","Veselica International Dance Ensemble","Research","2026"
"0000169214","","0000033666","DANCE","Companydance© is a student dance company offering a wide variety of performing opportunities. Companydance© strives to be inclusive and to accommodate the evolving interests, needs, and abilities of a broad spectrum of students (dance majors and non-majors), while encouraging student responsibility, creative collaboration, community building, and, of course, great dancing. To provide for the optimum growth and safety, each member is required to be concurrently enrolled in a dance movement-intensive class at an appropriate level. P/N only. May be repeated. Offered every semester.","0","0","0","0","0","","Klopchin, Heather J.","{'fsnum': '10044', 'name': 'Klopchin, Heather J.'}","100","30","","","","","Companydance","Registration by audition.","180","","True","False","","1","C","20261","Companydance©","Research","2026"
"0000169684","0.5","0000000357","DANCE","Students expand their understanding of modern dance by building on the components of DANCE 111, adding attention to movement qualities, elements of space, dance vocabulary, and of technique with an emphasis on phrasing and sequencing movement. Some sections may also include a focus on performing skills. Open to majors and other students with instructor's permission. May require ticket/transportation fee. Offered each semester. Prerequisites: DANCE 111 and permission of instructor.","2","0","2","0","0","ACB;ALS-A;PHA;SPM","Evans, Brian J.","{'fsnum': '9005198', 'name': 'Evans, Brian J.'}","200","3","","","","","Modern Dance II","Permission of instructor required.","210","{'day': 'Mo', 'end': '15:30', 'location': 'CAD Studio 1', 'start': '14:00'};{'day': 'We', 'end': '15:30', 'location': 'CAD Studio 1', 'start': '14:00'}","False","Prerequisites: DANCE 111 and permission of instructor.","","1","O","20261","","Research","2026"
"0000169685","0.25","0000000358","DANCE","Students expand their understanding of modern dance by building on the components of DANCE 111, adding attention to movement qualities, elements of space, dance vocabulary, and of technique with an emphasis on phrasing and sequencing movement. Some sections may also include a focus on performing skills. Open to majors and other students with instructor's permission. May require ticket/transportation fee. May be repeated. Offered each semester. Prerequisites: DANCE 111 and permission of instructor.","16","8","5","2","1","ACB;ALS-A;PHA;SPM","Evans, Brian J.","{'fsnum': '9005198', 'name': 'Evans, Brian J.'}","200","25","","","","","Modern Dance II","Permission of instructor required.","211","{'day': 'Mo', 'end': '15:30', 'location': 'CAD Studio 1', 'start': '14:00'};{'day': 'We', 'end': '15:30', 'location': 'CAD Studio 1', 'start': '14:00'}","False","Prerequisites: DANCE 111 and permission of instructor.","","1","O","20261","","Research","2026"
"0000169100","0.5","0000000359","DANCE","This course offers an expansion of ballet vocabulary and technique with an emphasis on movement quality, clarity, and efficiency. Outside work includes practicing, reading, writing, and concert attendance. Open to majors and other students with instructor's permission. Offered each semester. Prerequisite: two terms of DANCE 121 or DANCE 130 or DANCE 131 or permission of the instructor.","3","2","0","0","1","ACB;ALS-A;PHA;SPM","Fellner, Stephanie","{'fsnum': '9002901', 'name': 'Fellner, Stephanie'}","200","3","","","","","Ballet II","Permission of instructor required.","220","{'day': 'Tu', 'end': '09:25', 'location': 'CAD Studio 2', 'start': '08:00'};{'day': 'Th', 'end': '09:20', 'location': 'CAD Studio 2', 'start': '08:00'}","False","two terms of DANCE 121 or DANCE 130 or DANCE 131 or permission of the instructor.","","1","C","20261","","Research","2026"
"0000169101","0.25","0000000360","DANCE","This course offers an expansion of ballet vocabulary and technique with an emphasis on movement quality, clarity, and efficiency. Outside work includes practicing, reading, writing, and concert attendance. Open to majors and other students with instructor's permission. May be repeated. Offered each semester. Prerequisite: two terms of DANCE 121 or DANCE 130 or DANCE 131 or permission of the instructor.","22","6","9","5","2","ACB;ALS-A;PHA;SPM","Fellner, Stephanie","{'fsnum': '9002901', 'name': 'Fellner, Stephanie'}","200","18","","","","","Ballet II","Permission of instructor required.","221","{'day': 'Tu', 'end': '09:25', 'location': 'CAD Studio 2', 'start': '08:00'};{'day': 'Th', 'end': '09:20', 'location': 'CAD Studio 2', 'start': '08:00'}","False","two terms of DANCE 121 or DANCE 130 or DANCE 131 or permission of the instructor.","","1","C","20261","","Research","2026"
"0000169197","1.0","0000000369","DANCE","A basic course in principles and methods for creating dances, this course focuses on the elements of dance composition and improvisation, the relationship of form and content, and the relationship of the dancer and the dance. It is appropriate for students interested in any or all forms of dance and for those interested in other forms of composition (music, visual art, etc.). Offered annually in the fall semester.","12","2","2","7","1","ALS-A;CRE","Johnson, Brianna R.","{'fsnum': '21558', 'name': 'Johnson, Brianna R.'}","200","16","","","","","Choreography & Improv","","231","{'day': 'Tu', 'end': '13:10', 'location': 'CAD Studio 1', 'start': '23:45'};{'day': 'Th', 'end': '14:05', 'location': 'CAD Studio 1', 'start': '12:45'}","False","False","","1","O","20261","Fundamentals of Choreography and Improvisation","Research","2026"
"0000169353","0.5","0000033902","DANCE","This course explores the Hip Hop dance canon through Party Dance technique, and styles under the umbrella of Hip Hop. Beginning where DANCE 113 Hip Hop I ends, it focuses on rhythm, groove, and extends into complex footwork. As an intermediate-level course, these foci are explored intricately and in-depth, with expectations that students work toward intellectual and clear kinesthetic comprehension exhibited in the body through performance. Students investigate the influence of Hip Hop as a genre on various cultures through the study of street dance technique. Prerequisite: DANCE 113 or permission of instructor.","3","1","1","0","1","ACB;ALS-A;SPM","Yang, Karen","{'fsnum': '36053', 'name': 'Yang, Karen'}","200","3","","","","","Hip Hop II","","260","{'day': 'Mo', 'end': '22:00', 'location': 'CAD Studio 1', 'start': '19:00'}","False","DANCE 113 or permission of instructor.","","1","C","20261","","Research","2026"
"0000169354","0.25","0000033669","DANCE","This course explores the Hip Hop dance canon through Party Dance technique, and styles under the umbrella of Hip Hop. Beginning where DANCE 113 Hip Hop I ends, it focuses on rhythm, groove, and extends into complex footwork. As an intermediate-level course, these foci are explored intricately and in-depth, with expectations that students work toward intellectual and clear kinesthetic comprehension exhibited in the body through performance. Students investigate the influence of Hip Hop as a genre on various cultures through the study of street dance technique. May be repeated. Prerequisite: DANCE 113 or permission of instructor.","25","1","7","5","12","ACB;ALS-A;SPM","Yang, Karen","{'fsnum': '36053', 'name': 'Yang, Karen'}","200","25","","","","","Hip Hop II","","261","{'day': 'Mo', 'end': '22:00', 'location': 'CAD Studio 1', 'start': '19:00'}","False","DANCE 113 or permission of instructor.","","1","C","20261","","Research","2026"
"0000169229","1.0","0000030308","DANCE","Students study musculoskeletal anatomy (structure) and kinesiology (science of human motion) from the perspective of dance training and performance. Students learn anatomical terminology, identify select bones (major features, articulations) and muscles (locations, actions), and analyze their influence during coordinated movement patterns. Students learn joint structure and mechanics, alignment and imbalances, movement behavior, conditioning needs, and injury prevention. Students learn to notice, measure, experience, sense, and reflect upon the impact of anatomical characteristics and anomalies. Offered annually during fall semester. Prerequisite: students taking this course should have previous experience in a movement intensive practice similar to dance, athletics, or kinesiology.","16","0","10","4","2","IST;NTS","Johnson, Brianna R.","{'fsnum': '21558', 'name': 'Johnson, Brianna R.'}","200","16","","","","","Dance Anatomy and Kinesiology","","270","{'day': 'Mo', 'end': '11:40', 'location': 'CAD 305', 'start': '10:45'};{'day': 'We', 'end': '11:40', 'location': 'CAD 305', 'start': '10:45'};{'day': 'Fr', 'end': '11:40', 'location': 'CAD 305', 'start': '10:45'}","False","students taking this course should have previous experience in a movement intensive practice similar to dance, athletics, or kinesiology.","","1","C","20261","","Research","2026"
"0000169686","0.5","0000000362","DANCE","This course builds on the concepts and components of DANCE 111 Modern Dance I and DANCE 210 Modern Dance II and DANCE 211 Modern Dance II. Offered each semester. Prerequisite: DANCE 210 or DANCE 211 for at least two terms with two different instructors or permission of the instructor.","0","0","0","0","0","ACB;ALS-A;PHA;SPM","Klopchin, Heather J.","{'fsnum': '10044', 'name': 'Klopchin, Heather J.'}","300","4","","","","","Modern III","Permission of instructor required.","310","{'day': 'Mo', 'end': '15:30', 'location': 'CAD Studio 2', 'start': '14:00'};{'day': 'We', 'end': '15:30', 'location': 'CAD Studio 2', 'start': '14:00'};{'day': 'Fr', 'end': '15:30', 'location': 'CAD Studio 2', 'start': '14:00'}","False","DANCE 210 or DANCE 211 for at least two terms with two different instructors or permission of the instructor.","","1","O","20261","","Research","2026"
"0000169687","0.25","0000000363","DANCE","This course builds on the concepts and components of DANCE 111 Modern Dance I and DANCE 210 Modern Dance II and DANCE 211 Modern Dance II. Offered each semester. Prerequisite: DANCE 210 or DANCE 211 for at least two terms with two different instructors or permission of the instructor.","12","0","5","0","7","ACB;ALS-A;PHA;SPM","Klopchin, Heather J.","{'fsnum': '10044', 'name': 'Klopchin, Heather J.'}","300","17","","","","","Modern III","Permission of instructor required.","311","{'day': 'Mo', 'end': '15:30', 'location': 'CAD Studio 2', 'start': '14:00'};{'day': 'We', 'end': '15:30', 'location': 'CAD Studio 2', 'start': '14:00'};{'day': 'Fr', 'end': '15:30', 'location': 'CAD Studio 2', 'start': '14:00'}","False","DANCE 210 or DANCE 211 for at least two terms with two different instructors or permission of the instructor.","","1","O","20261","","Research","2026"
"0000169840","1.0","0000000379","DANCE","In this culminating dance major course, students develop and execute their final senior projects in their individual areas of specialty, including planning for and promoting the presentation of their projects. Students prepare for dance and other career options by developing professional correspondence documents, learning and practicing interviewing skills, creating video samples of their work, and leading discussions on dance-related topics relevant to the individual student. Offered annually in the fall semester. Prerequisite: senior dance major.","9","0","0","0","9","","Klopchin, Heather J.","{'fsnum': '10044', 'name': 'Klopchin, Heather J.'}","300","14","0","0","0","","Sem: Senior Dance","Open to Seniors only.","399","{'day': 'Tu', 'end': '11:00', 'location': 'CAD 204A', 'start': '09:35'};{'day': 'Th', 'end': '10:50', 'location': 'CAD 204A', 'start': '09:30'}","False","senior dance major.","","1","O","20261","Senior Dance Seminar","Seminar","2026"
"0000169761","1.0","0000000259","ECON","This course takes an analytical approach to economic reasoning and contemporary issues. The course introduces microeconomic and macroeconomic theories with applications to relevant topics, such as employment, growth, environmental protection, affirmative action, exchange rate fluctuations, taxes, and welfare reform. Students explore economics as an intelligent approach to understanding our daily lives as citizens, workers, managers and consumers. Offered each semester. This course does NOT count toward the economics major, but is the prerequisite for all higher-level economics courses.","25","13","1","9","2","HBS;QCR;SCS","Osell, Shawn A.","{'fsnum': '9002958', 'name': 'Osell, Shawn A.'}","100","25","","","","","Principles of Econ","","121","{'day': 'Tu', 'end': '09:25', 'location': 'RNS 290', 'start': '08:00'};{'day': 'Th', 'end': '09:20', 'location': 'RNS 290', 'start': '08:00'}","False","False","A","1","C","20261","Principles of Economics","Research","2026"
"0000169762","1.0","0000000259","ECON","This course takes an analytical approach to economic reasoning and contemporary issues. The course introduces microeconomic and macroeconomic theories with applications to relevant topics, such as employment, growth, environmental protection, affirmative action, exchange rate fluctuations, taxes, and welfare reform. Students explore economics as an intelligent approach to understanding our daily lives as citizens, workers, managers and consumers. Offered each semester. This course does NOT count toward the economics major, but is the prerequisite for all higher-level economics courses.","25","25","0","0","0","HBS;QCR;SCS","Braun, Noah M.","{'fsnum': '9002481', 'name': 'Braun, Noah M.'}","100","25","","0","0","0","Principles of Econ","Open to incoming first-year students only.","121","{'day': 'Tu', 'end': '11:00', 'location': 'HH 523', 'start': '09:35'};{'day': 'Th', 'end': '10:50', 'location': 'HH 523', 'start': '09:30'}","False","False","B","1","C","20261","Principles of Economics","Research","2026"
"0000169765","1.0","0000000259","ECON","This course takes an analytical approach to economic reasoning and contemporary issues. The course introduces microeconomic and macroeconomic theories with applications to relevant topics, such as employment, growth, environmental protection, affirmative action, exchange rate fluctuations, taxes, and welfare reform. Students explore economics as an intelligent approach to understanding our daily lives as citizens, workers, managers and consumers. Offered each semester. This course does NOT count toward the economics major, but is the prerequisite for all higher-level economics courses.","25","13","0","12","0","HBS;QCR;SCS","Braun, Noah M.","{'fsnum': '9002481', 'name': 'Braun, Noah M.'}","100","25","","","","","Principles of Econ","","121","{'day': 'Tu', 'end': '13:10', 'location': 'HH 201', 'start': '23:45'};{'day': 'Th', 'end': '14:05', 'location': 'HH 201', 'start': '12:45'}","False","False","C","1","C","20261","Principles of Economics","Research","2026"
"0000169763","1.0","0000000259","ECON","This course takes an analytical approach to economic reasoning and contemporary issues. The course introduces microeconomic and macroeconomic theories with applications to relevant topics, such as employment, growth, environmental protection, affirmative action, exchange rate fluctuations, taxes, and welfare reform. Students explore economics as an intelligent approach to understanding our daily lives as citizens, workers, managers and consumers. Offered each semester. This course does NOT count toward the economics major, but is the prerequisite for all higher-level economics courses.","16","16","0","0","0","HBS;QCR;SCS","Mullick, Anushka","{'fsnum': '9006586', 'name': 'Mullick, Anushka'}","100","25","","0","0","0","Principles of Econ","Open to incoming first-year students only.","121","{'day': 'Mo', 'end': '11:40', 'location': 'HH 111', 'start': '10:45'};{'day': 'We', 'end': '11:40', 'location': 'HH 111', 'start': '10:45'};{'day': 'Fr', 'end': '11:40', 'location': 'HH 111', 'start': '10:45'}","False","False","D","1","O","20261","Principles of Economics","Research","2026"
"0000169764","1.0","0000000259","ECON","This course takes an analytical approach to economic reasoning and contemporary issues. The course introduces microeconomic and macroeconomic theories with applications to relevant topics, such as employment, growth, environmental protection, affirmative action, exchange rate fluctuations, taxes, and welfare reform. Students explore economics as an intelligent approach to understanding our daily lives as citizens, workers, managers and consumers. Offered each semester. This course does NOT count toward the economics major, but is the prerequisite for all higher-level economics courses.","22","8","3","11","0","HBS;QCR;SCS","Struby, Ethan","{'fsnum': '9006212', 'name': 'Struby, Ethan'}","100","25","","","","","Principles of Econ","","121","{'day': 'Mo', 'end': '12:45', 'location': 'HH 111', 'start': '23:50'};{'day': 'We', 'end': '12:45', 'location': 'HH 111', 'start': '23:50'};{'day': 'Fr', 'end': '12:45', 'location': 'HH 111', 'start': '23:50'}","False","False","E","1","O","20261","Principles of Economics","Research","2026"
"0000169767","1.0","0000000259","ECON","This course takes an analytical approach to economic reasoning and contemporary issues. The course introduces microeconomic and macroeconomic theories with applications to relevant topics, such as employment, growth, environmental protection, affirmative action, exchange rate fluctuations, taxes, and welfare reform. Students explore economics as an intelligent approach to understanding our daily lives as citizens, workers, managers and consumers. Offered each semester. This course does NOT count toward the economics major, but is the prerequisite for all higher-level economics courses.","25","13","3","8","1","HBS;QCR;SCS","Struby, Ethan","{'fsnum': '9006212', 'name': 'Struby, Ethan'}","100","25","","","","","Principles of Econ","","121","{'day': 'Mo', 'end': '13:50', 'location': 'HH 111', 'start': '12:55'};{'day': 'We', 'end': '13:50', 'location': 'HH 111', 'start': '12:55'};{'day': 'Fr', 'end': '13:50', 'location': 'HH 111', 'start': '12:55'}","False","False","F","1","C","20261","Principles of Economics","Research","2026"
"0000169768","1.0","0000000259","ECON","This course takes an analytical approach to economic reasoning and contemporary issues. The course introduces microeconomic and macroeconomic theories with applications to relevant topics, such as employment, growth, environmental protection, affirmative action, exchange rate fluctuations, taxes, and welfare reform. Students explore economics as an intelligent approach to understanding our daily lives as citizens, workers, managers and consumers. Offered each semester. This course does NOT count toward the economics major, but is the prerequisite for all higher-level economics courses.","12","11","0","0","1","HBS;QCR;SCS","Mullick, Anushka","{'fsnum': '9006586', 'name': 'Mullick, Anushka'}","100","25","","0","0","0","Principles of Econ","Open to incoming first-year students only.","121","{'day': 'Mo', 'end': '14:55', 'location': 'HH 433', 'start': '14:00'};{'day': 'We', 'end': '14:55', 'location': 'HH 433', 'start': '14:00'};{'day': 'Fr', 'end': '14:55', 'location': 'HH 433', 'start': '14:00'}","False","False","G","1","O","20261","Principles of Economics","Research","2026"
"0000170056","1.0","0000019728","ECON","In this course students apply the models, insights, and analytical techniques of economics to a specific topic or economic problem. Topics vary from year to year. May be repeated if topic is different. Offered periodically. Prerequisites: ECON 121 or permission of instructor.","27","0","7","17","3","","Osell, Shawn A.","{'fsnum': '9002958', 'name': 'Osell, Shawn A.'}","200","28","0","","","","Top: Sports Economics","Not open to incoming first-year students.","200","{'day': 'Tu', 'end': '11:00', 'location': 'RNS 290', 'start': '09:35'};{'day': 'Th', 'end': '10:50', 'location': 'RNS 290', 'start': '09:30'}","False","Prerequisites: ECON 121 or permission of instructor.","A","1","O","20261","Topics in Economic Analysis","Topic","2026"
"0000171914","1.0","0000019728","ECON","This course surveys the geographic patterns of economic activity, with a focus on cities. It examines issues related to history, efficiency, and governance. The course introduces and applies several economic frameworks, including gains from specialization and trade, location theory, central place theory, migration, real estate valuation, rent analysis, income--expenditure models, consumer and producer choice, and public choice.These perspectives will be applied to several important questions: Why do cities develop and grow? What makes them so prosperous? How and why do cities differ? What economic problems commonly arise in them? How can local governments work to solve those problems? How might state and federal programs complicate matters? Will cities continue to promise growth and prosperity in the future? Adding the human dimension and real-world complexity to economic theory, we will also explore urban issues through an applied project. Groups of three to five students will select a city of their choice and investigate a specific urban issue, examining local problems, services, and ventures and report their findings. Prerequisite: ECON 121 or permission of instructor.","28","0","9","8","11","","Hisam, Kulsoom","{'fsnum': '9002505', 'name': 'Hisam, Kulsoom'}","200","28","0","","","","Top: Urban Economics","Not open to incoming first-year students.","200","{'day': 'Mo', 'end': '12:45', 'location': 'OM 030', 'start': '23:50'};{'day': 'We', 'end': '12:45', 'location': 'OM 030', 'start': '23:50'};{'day': 'Fr', 'end': '12:45', 'location': 'OM 030', 'start': '23:50'}","False","ECON 121 or permission of instructor.","B","1","C","20261","Topics in Economic Analysis","Topic","2026"
"0000171915","1.0","0000033777","ECON","This course applies standard microeconomic theory and concepts to understand the law and the legal system. There are two primary approaches to ""Law and Economics."" The first uses economics to understand how changes in legal rules affect human behavior. The second uses economics to explain the structure and variation of the legal rules themselves. This is an introductory course to the economics of law aimed at introducing students to both approaches. Offered annually. Prerequisite: ECON 121 or permission of the instructor.","25","0","7","15","3","","Harris, Colin","{'fsnum': '30113', 'name': 'Harris, Colin'}","200","28","0","","","","Introduction to Law and Economics","Not open to incoming first-year students.","240","{'day': 'Tu', 'end': '13:10', 'location': 'TOH 110', 'start': '23:45'};{'day': 'Th', 'end': '14:05', 'location': 'TOH 110', 'start': '12:45'}","False","ECON 121 or permission of the instructor.","A","1","O","20261","","Research","2026"
"0000171916","1.0","0000033777","ECON","This course applies standard microeconomic theory and concepts to understand the law and the legal system. There are two primary approaches to ""Law and Economics."" The first uses economics to understand how changes in legal rules affect human behavior. The second uses economics to explain the structure and variation of the legal rules themselves. This is an introductory course to the economics of law aimed at introducing students to both approaches. Offered annually. Prerequisite: ECON 121 or permission of the instructor.","0","0","0","0","0","","Harris, Colin","{'fsnum': '30113', 'name': 'Harris, Colin'}","200","28","0","","","","Introduction to Law and Economics","Not open to incoming first-year students.","240","{'day': 'Tu', 'end': '14:45', 'location': 'TOH 110', 'start': '13:20'};{'day': 'Th', 'end': '15:35', 'location': 'TOH 110', 'start': '14:15'}","False","ECON 121 or permission of the instructor.","B","1","X","20261","","Research","2026"
"0000169265","1.0","0000000267","ECON","The powerful insights of microeconomic analysis inform this consideration of environmental policy and regulation. Coursework emphasizes issues germane to setting and attaining specific environmental objectives - how much pollution to allow, how much to encourage preservation, how much cutting to permit. By considering whether and how to assign monetary values to goods like species diversity and climactic stability, students gain practical experience applying benefit-cost analysis to environmental decisions. Offered annually. Prerequisite: ECON 121 or permission of instructor.","28","0","13","3","12","","Osell, Shawn A.","{'fsnum': '9002958', 'name': 'Osell, Shawn A.'}","200","28","0","","","","Environmental Econ","Not open to incoming first-year students.","242","{'day': 'Mo', 'end': '14:55', 'location': 'HH 111', 'start': '14:00'};{'day': 'We', 'end': '14:55', 'location': 'HH 111', 'start': '14:00'};{'day': 'Fr', 'end': '14:55', 'location': 'HH 111', 'start': '14:00'}","False","ECON 121 or permission of instructor.","","1","C","20261","Environmental Economics","Research","2026"
"0000169690","1.0","0000037640","ECON","This course addresses the institutions that comprise modern monetary systems and the influence that these systems have on levels of income, output, employment, and prices in market economies. It addresses in detail monetary theory and monetary policy, including both the nature of our central bank and the role that it plays in our monetary system. Prerequisite: ECON 121 or permission of instructor.","28","0","17","4","7","","Sardar, Naafey","{'fsnum': '35047', 'name': 'Sardar, Naafey'}","200","28","","","","","Money and Banking","","248","{'day': 'Mo', 'end': '10:00', 'location': 'RML 525', 'start': '09:05'};{'day': 'We', 'end': '10:00', 'location': 'RML 525', 'start': '09:05'};{'day': 'Fr', 'end': '10:00', 'location': 'RML 525', 'start': '09:05'}","False","ECON 121 or permission of instructor.","A","1","C","20261","","Research","2026"
"0000169691","1.0","0000037640","ECON","This course addresses the institutions that comprise modern monetary systems and the influence that these systems have on levels of income, output, employment, and prices in market economies. It addresses in detail monetary theory and monetary policy, including both the nature of our central bank and the role that it plays in our monetary system. Prerequisite: ECON 121 or permission of instructor.","28","0","17","2","9","","Sardar, Naafey","{'fsnum': '35047', 'name': 'Sardar, Naafey'}","200","28","","","","","Money and Banking","","248","{'day': 'Mo', 'end': '11:40', 'location': 'HH 433', 'start': '10:45'};{'day': 'We', 'end': '11:40', 'location': 'HH 433', 'start': '10:45'};{'day': 'Fr', 'end': '11:40', 'location': 'HH 433', 'start': '10:45'}","False","ECON 121 or permission of instructor.","B","1","C","20261","","Research","2026"
"0000169566","1.0","0000034977","ECON","This course emphasizes skills necessary to understand and analyze economic data. Topics include descriptive statistics, probability and random variables, sampling theory, estimation and hypothesis testing, and practical and theoretical understanding of simple and multiple regression analysis. Applications to economic and business problems use real data, realistic applications, and econometric/statistical software. Offered each semester. ECON 260 is required for economics majors who do not take both SDS 272 and either ECON 384 or ECON 385. Credit toward the economics major will not be given for ECON 260 following completion of SDS 272. Also counts toward environmental studies major (social science emphasis) and public health studies concentration. Prerequisite: MATH 119 or MATH 120 and ECON 121, or permission of instructor.","26","0","14","12","0","","Hisam, Kulsoom","{'fsnum': '9002505', 'name': 'Hisam, Kulsoom'}","200","24","","","","","Introductory Econometrics","","260","{'day': 'Mo', 'end': '10:00', 'location': 'HH 434', 'start': '09:05'};{'day': 'We', 'end': '10:00', 'location': 'HH 434', 'start': '09:05'};{'day': 'Fr', 'end': '10:00', 'location': 'HH 434', 'start': '09:05'}","False","MATH 119 or MATH 120 and ECON 121, or permission of instructor.","A","1","C","20261","","Research","2026"
"0000169565","1.0","0000034977","ECON","This course emphasizes skills necessary to understand and analyze economic data. Topics include descriptive statistics, probability and random variables, sampling theory, estimation and hypothesis testing, and practical and theoretical understanding of simple and multiple regression analysis. Applications to economic and business problems use real data, realistic applications, and econometric/statistical software. Offered each semester. ECON 260 is required for economics majors who do not take both SDS 272 and either ECON 384 or ECON 385. Credit toward the economics major will not be given for ECON 260 following completion of SDS 272. Also counts toward environmental studies major (social science emphasis) and public health studies concentration. Prerequisite: MATH 119 or MATH 120 and ECON 121, or permission of instructor.","28","0","14","13","1","","Hisam, Kulsoom","{'fsnum': '9002505', 'name': 'Hisam, Kulsoom'}","200","24","","","","","Introductory Econometrics","","260","{'day': 'Mo', 'end': '11:40', 'location': 'OM 020', 'start': '10:45'};{'day': 'We', 'end': '11:40', 'location': 'OM 020', 'start': '10:45'};{'day': 'Fr', 'end': '11:40', 'location': 'OM 020', 'start': '10:45'}","False","MATH 119 or MATH 120 and ECON 121, or permission of instructor.","B","1","C","20261","","Research","2026"
"0000169657","1.0","0000000274","ECON","This course addresses the economic institutions and forces that determine levels of income, output, employment, and prices in our society. Questions related to employment prospects and standard of living provide an important focus. Classical and Keynesian perspectives are employed in attempting to understand these matters, the macroeconomic problems in market economies and the policies that economists prescribe as remedies for these problems. Offered each semester. Prerequisites: MATH 119 or MATH 120, and ECON 121 or permission of instructor.","31","0","11","18","2","","Luedtke, Allison","{'fsnum': '32138', 'name': 'Luedtke, Allison'}","200","27","","","","","Macroeconomic Theory","","261","{'day': 'Mo', 'end': '12:45', 'location': 'HH 434', 'start': '23:50'};{'day': 'We', 'end': '12:45', 'location': 'HH 434', 'start': '23:50'};{'day': 'Fr', 'end': '12:45', 'location': 'HH 434', 'start': '23:50'}","False","Prerequisites: MATH 119 or MATH 120, and ECON 121 or permission of instructor.","A","1","C","20261","Intermediate Macroeconomic Theory","Research","2026"
"0000169658","1.0","0000000274","ECON","This course addresses the economic institutions and forces that determine levels of income, output, employment, and prices in our society. Questions related to employment prospects and standard of living provide an important focus. Classical and Keynesian perspectives are employed in attempting to understand these matters, the macroeconomic problems in market economies and the policies that economists prescribe as remedies for these problems. Offered each semester. Prerequisites: MATH 119 or MATH 120, and ECON 121 or permission of instructor.","27","0","11","12","4","","Luedtke, Allison","{'fsnum': '32138', 'name': 'Luedtke, Allison'}","200","27","","","","","Macroeconomic Theory","","261","{'day': 'Mo', 'end': '13:50', 'location': 'HH 434', 'start': '12:55'};{'day': 'We', 'end': '13:50', 'location': 'HH 434', 'start': '12:55'};{'day': 'Fr', 'end': '13:50', 'location': 'HH 434', 'start': '12:55'}","False","Prerequisites: MATH 119 or MATH 120, and ECON 121 or permission of instructor.","B","1","C","20261","Intermediate Macroeconomic Theory","Research","2026"
"0000169673","1.0","0000000275","ECON","Microeconomics is the study of the resource allocation decisions by households, producers, and government and the resource allocation process in various types of market structures. Students are trained in the use of economic models and optimizing techniques to address a variety of real-world problems, including case studies from business and public policy. Offered each semester. Prerequisites: MATH 119 or MATH 120, and ECON 121 or permission of instructor.","28","0","10","17","1","","Mookerjee, Urbashi","{'fsnum': '35113', 'name': 'Mookerjee, Urbashi'}","200","27","","","","","Microeconomic Theory","","262","{'day': 'Tu', 'end': '11:00', 'location': 'RNS 390', 'start': '09:35'};{'day': 'Th', 'end': '10:50', 'location': 'RNS 390', 'start': '09:30'}","False","Prerequisites: MATH 119 or MATH 120, and ECON 121 or permission of instructor.","A","1","C","20261","Intermediate Microeconomic Theory","Research","2026"
"0000169674","1.0","0000000275","ECON","Microeconomics is the study of the resource allocation decisions by households, producers, and government and the resource allocation process in various types of market structures. Students are trained in the use of economic models and optimizing techniques to address a variety of real-world problems, including case studies from business and public policy. Offered each semester. Prerequisites: MATH 119 or MATH 120, and ECON 121 or permission of instructor.","28","0","7","19","2","","Mookerjee, Urbashi","{'fsnum': '35113', 'name': 'Mookerjee, Urbashi'}","200","27","","","","","Microeconomic Theory","","262","{'day': 'Tu', 'end': '14:45', 'location': 'RNS 208', 'start': '13:20'};{'day': 'Th', 'end': '15:35', 'location': 'RNS 208', 'start': '14:15'}","False","Prerequisites: MATH 119 or MATH 120, and ECON 121 or permission of instructor.","B","1","C","20261","Intermediate Microeconomic Theory","Research","2026"
"0000169254","1.0","0000000278","ECON","Government action affects us all. We pay taxes; we use public roads, schools, and parks. Some prices we pay are lower due to government subsidies; others are higher due to taxes. Government actions influence both the efficiency of our economy and the equity and equality within our society. Students learn valuable analytical tools for evaluating public projects, tax policies, entitlement programs and voting behavior. Offered annually. Prerequisite: ECON 262 and one of ECON 260, ECON 263, or SDS 272; or permission of instructor.","18","0","4","0","14","EIN;WRI","Braun, Noah M.","{'fsnum': '9002481', 'name': 'Braun, Noah M.'}","300","18","0","","0","","Econ of Public Policy","Open only to rising juniors and seniors                                         ;Counts toward Quantitative Research requirement for Quantitative Economics major","371","{'day': 'Tu', 'end': '09:25', 'location': 'HH 522', 'start': '08:00'};{'day': 'Th', 'end': '09:20', 'location': 'HH 522', 'start': '08:00'}","False","ECON 262 and one of ECON 260, ECON 263, or SDS 272; or permission of instructor.","","1","C","20261","Economics of Public Policy","Research","2026"
"0000171917","1.0","0000026896","ECON","Classic economics assumes that people make decisions rationally. Behavioral economics weakens that assumption, incorporating the findings of psychology into economic models. Students learn to apply behavioral economics theories to improve their understanding of business, marketing, public policy, and other domains of economics. Students utilize skills they have learned from microeconomic theory and statistics orally and in writing. Offered annually. Prerequisites: ECON 262 and one of ECON 260 or SDS 272, or permission of instructor.","18","0","0","0","18","EIN;ERC","Hodgson, Ashley","{'fsnum': '22839', 'name': 'Hodgson, Ashley'}","300","18","0","","0","","Behavioral Economics","Open only to rising juniors and seniors                                         ;Counts toward Quantitative Research requirement for Quantitative Economics major","372","{'day': 'Mo', 'end': '13:50', 'location': 'HH 522', 'start': '12:55'};{'day': 'We', 'end': '13:50', 'location': 'HH 522', 'start': '12:55'};{'day': 'Fr', 'end': '13:50', 'location': 'HH 522', 'start': '12:55'}","False","Prerequisites: ECON 262 and one of ECON 260 or SDS 272, or permission of instructor.","A","1","C","20261","","Research","2026"
"0000171918","1.0","0000026896","ECON","Classic economics assumes that people make decisions rationally. Behavioral economics weakens that assumption, incorporating the findings of psychology into economic models. Students learn to apply behavioral economics theories to improve their understanding of business, marketing, public policy, and other domains of economics. Students utilize skills they have learned from microeconomic theory and statistics orally and in writing. Offered annually. Prerequisites: ECON 262 and one of ECON 260 or SDS 272, or permission of instructor.","17","0","5","0","12","EIN;ERC","Hodgson, Ashley","{'fsnum': '22839', 'name': 'Hodgson, Ashley'}","300","18","0","","0","","Behavioral Economics","open only to rising juniors and seniors                                         ;Counts toward Quantitative Research requirement for Quantitative Economics major","372","{'day': 'Mo', 'end': '14:55', 'location': 'HH 522', 'start': '14:00'};{'day': 'We', 'end': '14:55', 'location': 'HH 522', 'start': '14:00'};{'day': 'Fr', 'end': '14:55', 'location': 'HH 522', 'start': '14:00'}","False","Prerequisites: ECON 262 and one of ECON 260 or SDS 272, or permission of instructor.","B","1","O","20261","","Research","2026"
"0000169631","1.0","0000000280","ECON","What do workers want from work? What do employers want from workers? Pressing policy issues exist for workers competing in the global economy. Unions, unemployment insurance, welfare and the minimum wage enhance the prospects of many, while leaving others even worse off. This course utilizes microeconomic theory, statistics and institutional analysis to understand labor markets. Offered annually. Prerequisites: ECON 262 and one of ECON 260 or ECON 263 or SDS 272.","18","0","7","0","11","EIN;WRI","Mookerjee, Urbashi","{'fsnum': '35113', 'name': 'Mookerjee, Urbashi'}","300","18","0","","0","","Labor Econ & Employment Relations","Open only to rising juniors and seniors.                                        ;Counts toward Quantitative Research requirement for Quantitative Economics      ;major.","376","{'day': 'Tu', 'end': '13:10', 'location': 'RNS 204', 'start': '23:45'};{'day': 'Th', 'end': '14:05', 'location': 'RNS 204', 'start': '12:45'}","False","Prerequisites: ECON 262 and one of ECON 260 or ECON 263 or SDS 272.","","1","C","20261","Labor Economics and Employment Relations","Research","2026"
"0000172815","1.0","0000033749","ECON","This course focuses on the development of the U.S. economy since colonial times and the contributions and limitations of economic analysis and quantitative methods in understanding the economy's evolution. The course explores how economic analysis illuminates past trends and events, and how the historical record can further our understanding of economic principles, theory, and current economic problems. Course topics include colonialism, slavery, industrialization, the economic effects of wars, and the Great Depression. Prerequisites: ECON 261 and/or ECON 262 (at the discretion of the instructor) and one of ECON 260 or SDS 272, or permission of the instructor.","6","0","2","0","4","GHS;HWC;WRI","Montrose, Paige","{'fsnum': '9006292', 'name': 'Montrose, Paige'}","300","18","0","","0","","American Economic History","Only open to rising juniors and seniors.                                        ;Counts toward Quantitative Research requirement for Quantitative Economics      ;majors.","380","{'day': 'Tu', 'end': '11:00', 'location': 'CAD 202', 'start': '09:35'};{'day': 'Th', 'end': '10:50', 'location': 'CAD 202', 'start': '09:30'}","False","Prerequisites: ECON 261 and/or ECON 262 (at the discretion of the instructor) and one of ECON 260 or SDS 272, or permission of the instructor.","","1","O","20261","","Research","2026"
"0000169255","1.0","0000000282","ECON","This course emphasizes the theoretical foundations, mathematical structure, and applications of major econometric techniques appropriate for time-series data. Topics covered include generalized least squares, single-equation time-series models, multi-variable time-series models, forecasting and forecast evaluation, and seasonality. This course is recommended for students interested in analysis of issues in macroeconomics and finance. Offered annually. ECON 384 and ECON 385 may not both be used to satisfy the economic analysis requirements for either the economics or quantitative economics major. Completion of MATH 220 may be helpful but is not required. Prerequisites: ECON 261 and one of ECON 260 or ECON 263 or SDS 272; or permission of instructor.","18","0","0","0","18","WRI","Sardar, Naafey","{'fsnum': '35047', 'name': 'Sardar, Naafey'}","300","18","0","","0","","Econometrics Time Ser & F'casting","Open only to rising juniors and seniors.                                        ;Counts toward Quantitative Research requirement for Quantitative Economics      ;major.","385","{'day': 'Mo', 'end': '08:55', 'location': 'RNS 210', 'start': '08:00'};{'day': 'We', 'end': '08:55', 'location': 'RNS 210', 'start': '08:00'};{'day': 'Fr', 'end': '08:55', 'location': 'RNS 210', 'start': '08:00'}","False","Prerequisites: ECON 261 and one of ECON 260 or ECON 263 or SDS 272; or permission of instructor.","","1","C","20261","Econometrics: Time Series and Forecasting","Research","2026"
"0000174420","0.5","0000000285","ECON","Independent work is guided by a faculty member. Students need to have the necessary background, including appropriate coursework, before an independent project is approved. A student may not substitute an IS/IR course for a course regularly offered in a department or program. IS/IR culminates in at least one product (a paper, laboratory report, work of art, etc.). Normally, the student and faculty instructor are expected to meet at least once a week. See catalog for more information under registration and course enrollment. Prerequisites: at least second-year standing; at least 5 relevant courses for 398 (IR); approval from the faculty instructor, the academic advisor, and the department chair or program director.","1","0","0","0","1","","Luedtke, Allison","{'fsnum': '32138', 'name': 'Luedtke, Allison'}","300","0","","","","","IR/The Geography of [School] Choice","","398","","False","Prerequisites: at least second-year standing; at least 5 relevant courses for 398 (IR); approval from the faculty instructor, the academic advisor, and the department chair or program director.","A","1","C","20261","Independent Research","Research","2026"
"0000169843","1.0","0000000286","ECON","Selected topics to be announced. May be repeated if topics are different. Prerequisites: ECON 261 and/or ECON 262 (at the discretion of the instructor) and one of ECON 260 or ECON 263 or SDS 272, or permission of instructor.","4","0","1","0","3","WRI","Mullick, Anushka","{'fsnum': '9006586', 'name': 'Mullick, Anushka'}","300","18","0","","0","","Sem: Trade, Development & Gender","Only open to rising juniors and seniors.                                        ;Counts toward Quantitative Research requirement for Quantitative Economics major","399","{'day': 'Mo', 'end': '12:45', 'location': 'HH 522', 'start': '23:50'};{'day': 'We', 'end': '12:45', 'location': 'HH 522', 'start': '23:50'};{'day': 'Fr', 'end': '12:45', 'location': 'HH 522', 'start': '23:50'}","False","Prerequisites: ECON 261 and/or ECON 262 (at the discretion of the instructor) and one of ECON 260 or ECON 263 or SDS 272, or permission of instructor.","","1","O","20261","Seminar in Economics","Seminar","2026"
"0000170078","","0000000309","EDUC","Students examine issues related to chemical use/abuse in our society. The course, required of all candidates for a teaching license, enhances problem identification and helping skills in students' professional and personal lives. Students develop an understanding of enabling and intervening behaviors and gain knowledge about the role of schools in addressing these and other chemical abuse concerns. P/N only. Offered each semester, evenings.","26","0","5","19","2","","Weiss, Nicole","{'fsnum': '9006027', 'name': 'Weiss, Nicole'}","200","30","0","","","","Understanding Substance Abuse","Not open to incoming first-year students.                                       ;For intended education licensure students only.                                 ;Meets in the first half of the semester.","231","{'day': 'Mo', 'end': '21:00', 'location': 'TOH 210', 'start': '19:00'}","True","False","","1","O","20261","","Research","2026"
"0000172919","0.5","0000000313","EDUC","","1","0","0","0","1","OEP","Matsuura, Ryota","{'fsnum': '21867', 'name': 'Matsuura, Ryota'}","200","0","","","","","Academic Internship","","294","","True","","A","1","C","20261","","Research","2026"
"0000169310","1.0","0000037461","EDUC","This course explores educational experiences in the United States from political, historical, sociological and philosophical lenses. Students also explore their own intersecting identities, cultivate racial literacy, and develop the mindsets and skills of antiracist and culturally responsive-sustaining educators. Students gain practical experience in an educational setting through a required 20-hour field experience. Strongly recommended to be taken fall of sophomore year to begin the licensure sequence; not open to first-year students. Offered during fall semester. Prerequisite: Not open to first-year students.","30","0","5","19","6","","Forstner, Daniel R.","{'fsnum': '15723', 'name': 'Forstner, Daniel R.'}","200","24","0","","","","Foundations of Education","Not open to incoming first-year students.                                       ;Required 20-hour field experience (2 hours/week, M-F during the school day).","295","{'day': 'Mo', 'end': '11:40', 'location': 'TOH 214', 'start': '10:45'};{'day': 'We', 'end': '11:40', 'location': 'TOH 214', 'start': '10:45'};{'day': 'Fr', 'end': '11:40', 'location': 'TOH 214', 'start': '10:45'}","False","Not open to first-year students.","A","1","C","20261","","Research","2026"
"0000169308","1.0","0000037461","EDUC","This course explores educational experiences in the United States from political, historical, sociological and philosophical lenses. Students also explore their own intersecting identities, cultivate racial literacy, and develop the mindsets and skills of antiracist and culturally responsive-sustaining educators. Students gain practical experience in an educational setting through a required 20-hour field experience. Strongly recommended to be taken fall of sophomore year to begin the licensure sequence; not open to first-year students. Offered during fall semester. Prerequisite: Not open to first-year students.","33","0","6","20","7","","Humm, Courtney A.","{'fsnum': '15009', 'name': 'Humm, Courtney A.'}","200","24","0","","","","Foundations of Education","Not open to incoming first-year students.                                       ;Required 20-hour field experience (2 hours/week, M-F during the school day).","295","{'day': 'Mo', 'end': '12:45', 'location': 'TOH 210', 'start': '23:50'};{'day': 'We', 'end': '12:45', 'location': 'TOH 210', 'start': '23:50'};{'day': 'Fr', 'end': '12:45', 'location': 'TOH 210', 'start': '23:50'}","False","Not open to first-year students.","B","1","C","20261","","Research","2026"
"0000171941","1.0","0000037461","EDUC","This course explores educational experiences in the United States from political, historical, sociological and philosophical lenses. Students also explore their own intersecting identities, cultivate racial literacy, and develop the mindsets and skills of antiracist and culturally responsive-sustaining educators. Students gain practical experience in an educational setting through a required 20-hour field experience. Strongly recommended to be taken fall of sophomore year to begin the licensure sequence; not open to first-year students. Offered during fall semester. Prerequisite: Not open to first-year students.","29","0","0","29","0","","Subramanian, Priyanka C.","{'fsnum': '9006211', 'name': 'Subramanian, Priyanka C.'}","200","24","0","","","","Foundations of Education","Not open to incoming first-year students.                                       ;Required 20-hour field experience (2 hours/week, M-F during the school day).","295","{'day': 'Tu', 'end': '09:25', 'location': 'TOH 210', 'start': '08:00'};{'day': 'Th', 'end': '09:20', 'location': 'TOH 210', 'start': '08:00'}","False","Not open to first-year students.","C","1","C","20261","","Research","2026"
"0000169242","1.0","0000037463","EDUC","In this course, teacher candidates learn how to meet the academic, physical, emotional, and developmental needs of all K-12 students, including students with disabilities, multilingual learners, gifted students, and other diverse learners. Participants apply principles of differentiated instruction and assessment in class and field experiences. Additional topics include mental health, historical perspectives, service delivery models, and legal requirements. Required 10-hour field experience. Open to juniors and seniors only. Offered fall semester. Prerequisites: EDUC 295 and EDUC 330.","18","0","15","0","3","","Thompson, Lisa M.;Subramanian, Priyanka C.","{'fsnum': '9005201', 'name': 'Thompson, Lisa M.'};{'fsnum': '9006211', 'name': 'Subramanian, Priyanka C.'}","300","18","0","","0","","Differentiating Instruction","Open to rising juniors and seniors only.                                        ;Prerequisite: EDUC 330.                                                         ;Required 10-hour field experience (1 hours/week, M-F during the school day).","340","{'day': 'Tu', 'end': '11:00', 'location': 'TOH 210', 'start': '09:35'};{'day': 'Th', 'end': '10:50', 'location': 'TOH 210', 'start': '09:30'}","False","Prerequisites: EDUC 295 and EDUC 330.","A","1","C","20261","","Research","2026"
"0000169243","1.0","0000037463","EDUC","In this course, teacher candidates learn how to meet the academic, physical, emotional, and developmental needs of all K-12 students, including students with disabilities, multilingual learners, gifted students, and other diverse learners. Participants apply principles of differentiated instruction and assessment in class and field experiences. Additional topics include mental health, historical perspectives, service delivery models, and legal requirements. Required 10-hour field experience. Open to juniors and seniors only. Offered fall semester. Prerequisites: EDUC 295 and EDUC 330.","15","0","15","0","0","","Thompson, Lisa M.;Subramanian, Priyanka C.","{'fsnum': '9005201', 'name': 'Thompson, Lisa M.'};{'fsnum': '9006211', 'name': 'Subramanian, Priyanka C.'}","300","18","0","","0","","Differentiating Instruction","Open to rising juniors and seniors only.                                        ;Prerequisite: EDUC 330.                                                         ;Required 10-hour field experience (1 hours/week, M-F during the school day).","340","{'day': 'Tu', 'end': '11:00', 'location': 'TOH 210', 'start': '09:35'};{'day': 'Th', 'end': '10:50', 'location': 'TOH 210', 'start': '09:30'}","False","Prerequisites: EDUC 295 and EDUC 330.","B","1","O","20261","","Research","2026"
"0000169961","0.5","0000000330","EDUC","The goal of the course is to acquire the knowledge, skills, and understandings necessary to develop, implement and assess a general music program for grades 5-12. Optional field experience component. Offered annually in the first-half of the fall semester. Prerequisite: EDUC 330 and EDUC 355.","14","0","0","0","14","WRI","Maeda, Dana L.","{'fsnum': '17590', 'name': 'Maeda, Dana L.'}","300","19","0","","0","","Teaching Music-Middle/High School","Open to rising seniors and juniors only.                                        ;Prerequisites: EDUC 330 and EDUC 355.                                           ;Meets in the first half of the semester.","356","{'day': 'Tu', 'end': '14:45', 'location': 'CHM 233', 'start': '13:20'};{'day': 'Th', 'end': '15:35', 'location': 'CHM 233', 'start': '14:15'}","False","EDUC 330 and EDUC 355.","","1","O","20261","Teaching of Music in the Middle and High School","Research","2026"
"0000169963","0.5","0000000331","EDUC","This course focuses on the many aspects involved in coordinating and teaching a secondary choral program. It includes discussions on extra-curricular activities, grading and record keeping, curriculum, repertoire and program planning, professional development, and other pertinent and related topics. Students gain practical knowledge and skills necessary to successfully manage a vocal music program. Offered annually in the fall semester. Prerequisite: EDUC 330.","10","0","0","0","10","","Romero Arbeláez, Natalia","{'fsnum': '23337', 'name': 'Romero Arbeláez, Natalia'}","300","18","0","","0","","Teaching Vocal Music-Sec Schools","Open to rising seniors and juniors only.                                        ;Prerequisite: EDUC 330.","358","{'day': 'Mo', 'end': '21:00', 'location': 'CHM 239', 'start': '19:00'}","False","EDUC 330.","","1","O","20261","Teaching of Vocal Music in the Secondary School","Research","2026"
"0000169962","0.5","0000000332","EDUC","Prospective band and orchestra teachers study the skills and knowledge necessary for successfully conducting instrumental music. The course includes teaching philosophy and strategies, repertoire and program planning, budgeting and scheduling, musical materials and scoring, recruiting and evaluation and specialized topics such as jazz ensemble and marching band. Offered annually in the fall semester. Prerequisite: EDUC 330.","3","0","0","0","3","","Maeda, Dana L.","{'fsnum': '17590', 'name': 'Maeda, Dana L.'}","300","12","0","","0","","Teaching of Instrumental Music","Open to rising seniors and juniors only.                                        ;Pre-requisite: EDUC 330.  Course fee approximately $35.","359","{'day': 'Mo', 'end': '11:40', 'location': 'CHM 232', 'start': '10:45'};{'day': 'We', 'end': '11:40', 'location': 'CHM 232', 'start': '10:45'};{'day': 'Fr', 'end': '11:40', 'location': 'CHM 232', 'start': '10:45'}","False","EDUC 330.","","1","O","20261","","Research","2026"
"0000169794","0.5","0000022779","EDUC","This course focuses on evidence-based best practices in reading instruction that can be used across the curriculum by secondary teachers. Students acquire the necessary knowledge, skills, and strategies to teach reading in the teaching candidate's content area(s).Required 10-hour field experience. Offered each semester. Prerequisite: EDUC 330 or permission of the instructor.","13","0","8","0","5","","Leer, Elizabeth A.","{'fsnum': '14224', 'name': 'Leer, Elizabeth A.'}","300","20","0","","0","","Reading in the Content Area","Open to rising seniors and juniors only.                                        ;Prerequisite: EDUC 330.                                                         ;10-hour field experience required (1hour/week, M-F during the school day).","374","{'day': 'Tu', 'end': '13:10', 'location': 'TOH 214', 'start': '23:45'}","False","EDUC 330 or permission of the instructor.","A","1","O","20261","","Research","2026"
"0000171942","0.5","0000022779","EDUC","This course focuses on evidence-based best practices in reading instruction that can be used across the curriculum by secondary teachers. Students acquire the necessary knowledge, skills, and strategies to teach reading in the teaching candidate's content area(s).Required 10-hour field experience. Offered during fall semester. Prerequisite: EDUC 330 or permission of the instructor.","5","0","1","0","4","","Leer, Elizabeth A.","{'fsnum': '14224', 'name': 'Leer, Elizabeth A.'}","300","20","0","","0","","Reading in the Content Area","Open to rising seniors and juniors only.                                        ;Prerequisite: EDUC 330.                                                         ;10-hour field experience required (1hour/week, M-F during the school day).","374","{'day': 'Th', 'end': '09:20', 'location': 'TOH 214', 'start': '08:00'}","False","EDUC 330 or permission of the instructor.","B","1","O","20261","","Research","2026"
"0000169847","0.5","0000000340","EDUC","Offered concurrently with student teaching, this course meets during student teaching. It focuses on professional development, including personal philosophies of teaching/education, professional ethics, and portfolio development. Seminar sessions also address specific issues pertaining to the student teacher experience including classroom management, differentiated instruction, assessment, and planning. Student teachers only. Offered each semester.","9","0","0","0","9","","Thompson, Lisa M.","{'fsnum': '9005201', 'name': 'Thompson, Lisa M.'}","300","24","0","0","0","","Senior Seminar Educ","Open to seniors in the professional semester only.                              ;Generally meets every other Wednesday from 4-6:30 pm","381","","False","False","","1","O","20261","Senior Seminar","Research","2026"
"0000169382","","0000000341","EDUC","All candidates must have a multicultural field experience to help develop their competence in teaching in multicultural environments. A minimum of 80 hours of field experience in a multicultural school environment (an January Term or its equivalent) is required prior to student teaching. All field experiences must be pre-approved. Below is a summary of options: EDUC 378: Multicultural Education in Hawaii; EDUC 379: Urban Education Seminar and Practicum; or pre-approved internships in multicultural schools. See Education Department faculty and website for advice and information. EDUC 382 is not a course. Rather it is a recording mechanism indicating St. Olaf students who have completed their multicultural education requirement. Students register for EDUC 382 during their professional semester. P/N only. Offered each semester.","9","0","0","0","9","","Thompson, Lisa M.","{'fsnum': '9005201', 'name': 'Thompson, Lisa M.'}","300","24","0","0","0","","Human Relations","Open to seniors in the professional semester only.","382","","True","False","","1","O","20261","","Research","2026"
"0000169948","3.0","0000000343","EDUC","Students are assigned to a full-time internship in schools under the guidance of a competent cooperating teacher and supervised by faculty from both the content area department and the Education Department. Student teaching provides the best possible introduction to the teaching experience. Student teachers practice all classroom teaching skills required to assure competency to begin their first year of teaching. Minimum of 14 full-time weeks teaching, including orientation sessions and required seminars. Only student teachers may enroll: seniors or college graduates. Offered each semester.","9","0","0","0","9","","Thompson, Lisa M.","{'fsnum': '9005201', 'name': 'Thompson, Lisa M.'}","300","24","0","0","0","","Student Teaching","Open to seniors in the professional semester only.                              ;M-F 7:30 am-4:00 pm","389","{'day': 'Mo', 'end': '16:00', 'location': 'TBA', 'start': '19:30'};{'day': 'Tu', 'end': '16:00', 'location': 'TBA', 'start': '19:30'};{'day': 'We', 'end': '16:00', 'location': 'TBA', 'start': '19:30'};{'day': 'Th', 'end': '16:00', 'location': 'TBA', 'start': '19:30'};{'day': 'Fr', 'end': '16:00', 'location': 'TBA', 'start': '19:30'}","False","False","","1","O","20261","","Research","2026"
"0000170058","0.5","0000024291","EDUC","Students are assigned to a full-time internship in schools under the guidance of a competent cooperating teacher and supervised by faculty from both the content area department and the Education Department. Minimum of 6-12 full-time weeks teaching. Only student teachers may enroll: seniors or college graduates seeking an additional license. Offered each semester and during January Term. Cannot be taken concurrently with EDUC 389. Prerequisite: completion of EDUC 389 or equivalent.","0","0","0","0","0","","Staff","{'fsnum': '', 'name': 'Staff'}","300","5","0","0","0","","Top: Student Teaching: Additional L","Open to seniors in the professional semester only.","391","","False","completion of EDUC 389 or equivalent.","","1","C","20261","Student Teaching: Additional License","Topic","2026"
"0000169650","1.0","0000037514","ENCON","Students begin the conversation with three basic questions: 1) Who am I and what is my relationship with the environment? 2) How can I express that relationship to others? and 3) What is my environmental role in my community? To answer these questions, students explore their environmental selves through collaborative conversations, group activities, and critical thinking exercises. Through common readings, students hone their research skills, improve oral and written performance, and reflect on what it is to learn among a community of scholars. This course is the first in a three-course Conversation Program.","21","21","0","0","0","FYS","Pillatzki-Warzeha, Sara","{'fsnum': '32968', 'name': 'Pillatzki-Warzeha, Sara'}","100","22","","","","","Life in the Anthropocene","Open only to Environmental Conversation students.                               ;Students in Environmental Conversation should not register for ENVST 137.","110","{'day': 'Tu', 'end': '14:45', 'location': 'TOH 214', 'start': '13:20'};{'day': 'Th', 'end': '15:35', 'location': 'TOH 214', 'start': '14:15'}","False","False","","1","O","20261","","Research","2026"
"0000169885","","0000037529","ENCON","","21","21","0","0","0","","Staff","{'fsnum': '', 'name': 'Staff'}","100","22","","","","","SOAR Discussion","SOAR Discussion meets on September 17, October 1, 15, 22, November 5 and 19.","110","{'day': 'Th', 'end': '12:30', 'location': 'TOH 112', 'start': '23:30'}","False","","","1","O","20261","","Discussion","2026"
"0000172351","1.0","0000033779","ENGL","This course examines a number of foundational texts of the medieval legend of King Arthur. Students study the specific political and socio-cultural contexts that produced these works, in addition to later works that reflect the ongoing appeal of Arthurian myth. Students will both analyze and imitate to deepen their understanding of Arthurian texts as creative acts whose form and style reveal their creator's fears, desires, self-image, and social status.","30","9","2","10","9","ALS-L;CRE","DeFries, Brett B.","{'fsnum': '19433', 'name': 'DeFries, Brett B.'}","100","30","","","","","Arthurian Legend and Literature","","143","{'day': 'Tu', 'end': '13:10', 'location': 'TOH 108', 'start': '23:45'};{'day': 'Th', 'end': '14:05', 'location': 'TOH 108', 'start': '12:45'}","False","False","","1","C","20261","","Research","2026"
"0000169226","1.0","0000021525","ENGL","This course introduces the craft of creative writing through contemporary readings and writing exercises in poetry and prose. Students learn to read and to write texts with attention to how a literary work is constructed. Emphasis on the elements of craft and strategies for revision prepare students to pursue the creative writing major or the English major with teaching licensure. Offered every semester.","18","12","0","6","0","CRE;WRI","Bucciaglia, Cole","{'fsnum': '28110', 'name': 'Bucciaglia, Cole'}","100","18","","0","10","0","Craft of Creative Writing","This course has class-year limits and is open only to rising sophomores and     ;incoming first-year students.","150","{'day': 'Mo', 'end': '10:00', 'location': 'RML 420', 'start': '09:05'};{'day': 'We', 'end': '10:00', 'location': 'RML 420', 'start': '09:05'};{'day': 'Fr', 'end': '10:00', 'location': 'RML 420', 'start': '09:05'}","False","False","A","1","C","20261","The Craft of Creative Writing","Research","2026"
"0000169227","1.0","0000021525","ENGL","This course introduces the craft of creative writing through contemporary readings and writing exercises in poetry and prose. Students learn to read and to write texts with attention to how a literary work is constructed. Emphasis on the elements of craft and strategies for revision prepare students to pursue the creative writing major or the English major with teaching licensure. Offered every semester.","17","8","0","9","0","CRE;WRI","Schwehn, Kaethe","{'fsnum': '19355', 'name': 'Schwehn, Kaethe'}","100","18","","0","10","0","Craft of Creative Writing","This course has class-year limits and is open only to rising sophomores and     ;incoming first-year students.","150","{'day': 'Tu', 'end': '14:45', 'location': 'RML 520', 'start': '13:20'};{'day': 'Th', 'end': '15:35', 'location': 'RML 520', 'start': '14:15'}","False","False","B","1","O","20261","The Craft of Creative Writing","Research","2026"
"0000169655","1.0","0000000392","ENGL","Students learn strategies of critical analysis and interpretation as they encounter a variety of literary texts. This course is only recommended for students interested in pursuing the English major, the modified English major with a teaching license, or the creative writing major. Offered each semester.","24","12","4","4","4","ALS-L","Simpson-Younger, Nancy","{'fsnum': '15225', 'name': 'Simpson-Younger, Nancy'}","100","24","","","","","Literary Studies","","185","{'day': 'Mo', 'end': '12:45', 'location': 'OM 305', 'start': '23:50'};{'day': 'We', 'end': '12:45', 'location': 'OM 305', 'start': '23:50'};{'day': 'Fr', 'end': '12:45', 'location': 'OM 305', 'start': '23:50'}","False","False","A","1","C","20261","","Research","2026"
"0000172038","1.0","0000000392","ENGL","Students learn strategies of critical analysis and interpretation as they encounter a variety of literary texts. This course is only recommended for students interested in pursuing the English major, the modified English major with a teaching license, or the creative writing major. Offered each semester.","11","7","2","2","0","ALS-L","Sepulveda Ortiz, Joseph","{'fsnum': '35066', 'name': 'Sepulveda Ortiz, Joseph'}","100","24","","","","","Literary Studies","","185","{'day': 'Tu', 'end': '14:45', 'location': 'RML 515', 'start': '13:20'};{'day': 'Th', 'end': '15:35', 'location': 'RML 515', 'start': '14:15'}","False","False","B","1","O","20261","","Research","2026"
"0000169906","1.0","0000025848","ENGL","Exciting writing in English is coming from South Asia: India, Pakistan, Bangladesh, and Sri Lanka. An area once shaped by British colonization, South Asia is changing rapidly now with globalization. Students explore this region's history, culture, and religions through a selection of primarily 20th- and 21st-century literary texts. Offered periodically. Prerequisite: WRIT 120 or equivalent.","30","0","8","17","5","ALS-L;CRE","Alderks, Elisabeth G.","{'fsnum': '18431', 'name': 'Alderks, Elisabeth G.'}","200","30","","","","","South Asian Literature","","204","{'day': 'Tu', 'end': '11:00', 'location': 'RML 515', 'start': '09:35'};{'day': 'Th', 'end': '10:50', 'location': 'RML 515', 'start': '09:30'}","False","WRIT 120 or equivalent.","","1","C","20261","","Research","2026"
"0000169062","1.0","0000000410","ENGL","Students explore the histories, cultural patterns, religious practices, key institutions, gender issues, narrative styles, and significant contributions to our nation of an array of racial and multicultural groups. Such diverse writers as Leslie Silko, Chaim Potok, Amy Tan, and Toni Morrison raise questions about voice and identity, both individual and collective. Offered annually. Prerequisite: WRIT 120 or equivalent.","30","0","16","4","10","ALS-L;MCD;MCS-D;PAR","Ward, Sean F.","{'fsnum': '28145', 'name': 'Ward, Sean F.'}","200","30","","","","","Am Racial/Multi Lit","","205","{'day': 'Tu', 'end': '09:25', 'location': 'RML 515', 'start': '08:00'};{'day': 'Th', 'end': '09:20', 'location': 'RML 515', 'start': '08:00'}","False","WRIT 120 or equivalent.","","1","C","20261","American Racial and Multicultural Literatures","Research","2026"
"0000172039","1.0","0000025202","ENGL","This course examines the life cycle of Black women in Africa, Canada, the Caribbean, and the United States. Romance, marriage, family, interracial relations, mothers and daughters, urban environments, gender politics and sexual violence, relations among females, intergenerational depictions, historical experiences, public expression and private reflections, individual and communal identities, class considerations--all of these and more images and themes arise in the fictional readings required for this course. Students read such writers as Mariama Ba, Gordimer, Hurston, and Naylor. Ticket/transportation fee required. Offered periodically. Prerequisite: WRIT 120 or equivalent.","17","0","3","6","8","ALS-L;GHS;MCG","Sepulveda Ortiz, Joseph","{'fsnum': '35066', 'name': 'Sepulveda Ortiz, Joseph'}","200","30","","","","","Women of African Diaspora","The Fall 2026 version of this course will count toward the Anglophone category  ;for the major and it will not count for the American category.","207","{'day': 'Tu', 'end': '13:10', 'location': 'RML 515', 'start': '23:45'};{'day': 'Th', 'end': '14:05', 'location': 'RML 515', 'start': '12:45'}","False","WRIT 120 or equivalent.","","1","O","20261","Women of the African Diaspora","Research","2026"
"0000172040","1.0","0000025191","ENGL","This course examines the process of literary development in English during two consecutive and contrasting movements: the Neoclassical (1660-1780) and Romantic (1780-1840). Students read the works of representative and important writers from both periods, including Pope, Swift, Austen, Wordsworth, Blake, Shelley, Emerson, Douglass, and others, and examine the development of styles, conventions, and forms in English, Irish, and American literatures. Offered periodically. Prerequisite: WRIT 120 or equivalent.","30","0","21","3","6","ALS-L;CRE","Wells, Colin","{'fsnum': '8973', 'name': 'Wells, Colin'}","200","30","","","","","Neoclassic/Romantic Lit","","225","{'day': 'Mo', 'end': '11:40', 'location': 'RML 515', 'start': '10:45'};{'day': 'We', 'end': '11:40', 'location': 'RML 515', 'start': '10:45'};{'day': 'Fr', 'end': '11:40', 'location': 'RML 515', 'start': '10:45'}","False","WRIT 120 or equivalent.","","1","C","20261","Neoclassical and Romantic Literatures","Research","2026"
"0000172041","1.0","0000021510","ENGL","Frederic Jameson has described conspiracy theory as a form of cognitive mapping that attempts ""to think a system so vast that it cannot be encompassed by the natural and historically developed categories of perception."" Engaging with both literature and film, this course invites students to think about how conspiracy narratives reflect and manage the anxieties and fears that accompany the totalizing conditions of late-stage capitalism, state surveillance and violence, media consolidation, and so on. Students study the form these narratives take, while paying special attention to allegory, detection, and conspiracy's ""paranoid style."" Topics include alien abduction, the assassination plot, government overreach, space exploration, mind control, medical treatment, and ecological disaster. Prerequisite: WRIT 120 or equivalent.","27","0","7","10","10","ALS-L;WRI","Mokdad, Linda","{'fsnum': '26249', 'name': 'Mokdad, Linda'}","200","30","","","","","Top: Conspiracy Fiction & Film","","260","{'day': 'Tu', 'end': '11:00', 'location': 'RML 525', 'start': '09:35'};{'day': 'Th', 'end': '10:50', 'location': 'RML 525', 'start': '09:30'}","False","WRIT 120 or equivalent.","","1","O","20261","Topics in Cross-Disciplinary Literary Study","Topic","2026"
"0000172042","1.0","0000038375","ENGL","In this fiction writing course, students will read works of fabulism and horror and write stories of their own in these genres. ""Fabulism"" is a term often used interchangeably with ""magical realism"" to describe a mode of literature in which the fantastical and surreal are interwoven with the fabric of everyday life. This course will unpack fabulism's complexity and possibilities for a fiction writer. Students will write two original stories, workshop each, then choose one for revision at the end of the semester. Prerequisite: WRIT 120 or equivalent.","18","0","3","2","13","ALS-L;CRE;WAC;WRI","Bucciaglia, Cole","{'fsnum': '28110', 'name': 'Bucciaglia, Cole'}","200","18","","","","","Top: Fabulism and Horror","Full topic title: Fiction Workshop: Fabulism and Horror","274","{'day': 'Mo', 'end': '13:50', 'location': 'RML 520', 'start': '12:55'};{'day': 'We', 'end': '13:50', 'location': 'RML 520', 'start': '12:55'};{'day': 'Fr', 'end': '13:50', 'location': 'RML 520', 'start': '12:55'}","False","WRIT 120 or equivalent.","","1","C","20261","Topics in Creative Writing","Topic","2026"
"0000172045","1.0","0000037517","ENGL","In this course, students read a series of memoirs to investigate the way Christianity has shaped individual people. From snake-handling to baptism, from icon-kissing to communion, from creeds to purity promises, Christian beliefs and practices can, by turns, prove to be life-giving, oppressive, disturbing, and salvific. How does emphasizing differing aspects of theology result in differing attitudes toward sexuality, gender, race, and the environment? In addition to approaching the memoirs from a critical perspective, students also identify and practice craft techniques as they write their own personal religious (or areligious) narratives. Prerequisite: WRIT 120 or equivalent.","18","0","9","0","9","RFV;WAC;WRI","Schwehn, Kaethe","{'fsnum': '19355', 'name': 'Schwehn, Kaethe'}","200","18","","","","","The Spiritual Memoir","","277","{'day': 'Tu', 'end': '13:10', 'location': 'RML 520', 'start': '23:45'};{'day': 'Th', 'end': '14:05', 'location': 'RML 520', 'start': '12:45'}","False","WRIT 120 or equivalent.","","1","C","20261","Reading and Writing the Spiritual Memoir","Research","2026"
"0000170059","1.0","0000031107","ENGL","Prerequisite: WRIT 120 or equivalent.","19","0","9","3","7","WAC;WRI","DeFries, Brett B.","{'fsnum': '19433', 'name': 'DeFries, Brett B.'}","200","18","","","","","Top: Literary Translation","","281","{'day': 'Tu', 'end': '14:45', 'location': 'TOH 108', 'start': '13:20'};{'day': 'Th', 'end': '15:35', 'location': 'TOH 108', 'start': '14:15'}","False","WRIT 120 or equivalent.","","1","C","20261","Topics in Genre","Topic","2026"
"0000169244","1.0","0000026718","ENGL","Students explore what it means to be literate in an age of new media by reading critical scholarship and comparing the ways they read, interpret, and learn from digital texts to ways they read, interpret, and learn from print media. In their final, digital project, students critically examine the use of new media to make humanities scholarship more public. Offered annually. Prerequisite: WRIT 120 or equivalent.","19","0","7","1","11","WAC","Eichberger, Ryan C.","{'fsnum': '32101', 'name': 'Eichberger, Ryan C.'}","200","18","","","","","Digital Rhetoric/Literacy","","285","{'day': 'Mo', 'end': '13:50', 'location': 'RML 420', 'start': '12:55'};{'day': 'We', 'end': '13:50', 'location': 'RML 420', 'start': '12:55'};{'day': 'Fr', 'end': '13:50', 'location': 'RML 420', 'start': '12:55'}","False","WRIT 120 or equivalent.","","1","C","20261","Digital Rhetorics and New Media Literacies","Research","2026"
"0000169228","1.0","0000000413","ENGL","In this course, students read a diversity of creative nonfiction and write intensively, exploring creative nonfiction craft elements. Students workshop longer pieces and participate in the generation of peer feedback and reflection about the revision process. They consider their own creative nonfiction writing within the context of larger literary conversations and communities. Offered annually. Prerequisites: WRIT 120 or equivalent and at least sophomore status.","18","0","4","0","14","CRE;WAC;WRI","Patterson, Juliet","{'fsnum': '25348', 'name': 'Patterson, Juliet'}","200","18","","","","","Creative Nonfiction Writing","","291","{'day': 'Tu', 'end': '14:45', 'location': 'RML 420', 'start': '13:20'};{'day': 'Th', 'end': '15:35', 'location': 'RML 420', 'start': '14:15'}","False","Prerequisites: WRIT 120 or equivalent and at least sophomore status.","","1","C","20261","","Research","2026"
"0000172046","1.0","0000021528","ENGL","In this course students explore and analyze a diversity of contemporary fiction and experiment with modes of a fiction writer's craft. Students workshop and critique each other's stories to better understand craft elements, the process of revision, and the dynamics of a literary community. Prerequisites: WRIT 120 or equivalent and at least sophomore status.","18","0","2","3","13","CRE;WAC","Nagamatsu, Sequoia","{'fsnum': '28100', 'name': 'Nagamatsu, Sequoia'}","200","18","","","","","Fiction Writing","","293","{'day': 'Mo', 'end': '10:00', 'location': 'RML 520', 'start': '09:05'};{'day': 'We', 'end': '10:00', 'location': 'RML 520', 'start': '09:05'};{'day': 'Fr', 'end': '10:00', 'location': 'RML 520', 'start': '09:05'}","False","Prerequisites: WRIT 120 or equivalent and at least sophomore status.","","1","C","20261","","Research","2026"
"0000174706","1.0","0000000433","ENGL","","1","0","0","0","1","OEP","Schwehn, Kaethe","{'fsnum': '19355', 'name': 'Schwehn, Kaethe'}","200","0","","","","","Academic Internship","","294","","True","","A","1","C","20261","","Research","2026"
"0000172816","1.0","0000000434","ENGL","Students pursue an independent topic of study with a faculty director.","1","0","0","0","1","","Nagamatsu, Sequoia","{'fsnum': '28100', 'name': 'Nagamatsu, Sequoia'}","200","0","","","","","IS/Novel Writing","","298","","False","False","A","1","C","20261","Independent Study","Research","2026"
"0000172047","1.0","0000000435","ENGL","In this discussion-based seminar, students hone their literary-critical skills through study of seventeenth-century British literature, highlighting the works of John Milton, author of Paradise Lost, as well as Lucy Hutchinson, Andrew Marvell, Aphra Behn, George Herbert, Katherine Philips, Margaret Cavendish, and John Donne. The course also introduces historical context, including the English Civil Wars and Restoration. Students write literary analyses based on original thinking and reading of scholarly criticism. Prerequisites: ENGL 185 plus at least two English courses at level II, or permission of the instructor.","17","0","6","0","11","","Trull, Mary E.","{'fsnum': '15822', 'name': 'Trull, Mary E.'}","300","18","","","","","Top: Milton and Contemporaries","","330","{'day': 'Tu', 'end': '11:00', 'location': 'RML 420', 'start': '09:35'};{'day': 'Th', 'end': '10:50', 'location': 'RML 420', 'start': '09:30'}","False","Prerequisites: ENGL 185 plus at least two English courses at level II, or permission of the instructor.","","1","O","20261","Advanced Studies in Literary Eras: British","Topic","2026"
"0000172352","1.0","0000028123","ENGL","From medieval moral interludes to postmodern productions, the stage has long been a site for ethical inquiry. In this course, students study a set of ethical theories and apply them to their analyses of ethical problems and moral agency in four to five plays. The plays, which represent a range of genres and periods, are assigned viewing as well as reading; in addition to watching filmed productions, students will attend at least one live performance. Offered periodically. Prerequisites: ENGL 185 plus at least two English courses at level II.","11","0","2","0","9","EIN;ERC","Marsalek, Karen E.","{'fsnum': '10015', 'name': 'Marsalek, Karen E.'}","300","18","","","","","Drama and Ethical Inquiry","","393","{'day': 'Mo', 'end': '08:55', 'location': 'RML 520', 'start': '08:00'};{'day': 'We', 'end': '08:55', 'location': 'RML 520', 'start': '08:00'};{'day': 'Fr', 'end': '08:55', 'location': 'RML 520', 'start': '08:00'}","False","Prerequisites: ENGL 185 plus at least two English courses at level II.","","1","O","20261","","Research","2026"
"0000169524","1.0","0000000455","ENVST","This interdisciplinary course uses basic concepts of environmental science to explore global environmental issues. Topics are drawn from recent texts and current periodic literature, and participants will recognize many of the themes from coverage in the media. Because most environmental problems involve issues beyond the sciences, the class examines the economic, political, and ethical dimensions of environmental questions and environmental decision-making. Offered each semester. This course is equivalent to ENCON 111 and students can earn credit from only one of them.","36","24","2","10","0","IST;NST","Angell, Diane K.","{'fsnum': '256', 'name': 'Angell, Diane K.'}","100","44","","6","","3","Intro: Env Studies","Students in Environmental Conversations should not register for this course.    ;This course is open to a limited number of rising juniors and seniors.","137","{'day': 'Mo', 'end': '11:40', 'location': 'TOH 210', 'start': '10:45'};{'day': 'We', 'end': '11:40', 'location': 'TOH 210', 'start': '10:45'};{'day': 'Fr', 'end': '11:40', 'location': 'TOH 210', 'start': '10:45'}","False","False","","1","O","20261","Introduction to Environmental Studies","Research","2026"
"0000171781","1.0","0000039925","ENVST","This course examines environmental issues foregrounded by questions of social justice, exploring how to combine concern for the natural world with attention to inequality and power. How do intersecting oppressions contribute to environmental crises? How do people and communities negotiate with the unequal impacts of environmental degradation? We will experiment with interdisciplinary approaches to unpack the possibilities of ""environmental justice"" and to engage in research and activism that is radically accountable to the environment and to other people.","26","0","12","0","14","ERC;PAR","Awwad, Megan","{'fsnum': '9006207', 'name': 'Awwad, Megan'}","200","26","","","","","Environmental Justice","","233","{'day': 'Mo', 'end': '14:55', 'location': 'RNS 190', 'start': '14:00'};{'day': 'We', 'end': '14:55', 'location': 'RNS 190', 'start': '14:00'};{'day': 'Fr', 'end': '14:55', 'location': 'RNS 190', 'start': '14:00'}","False","False","","1","C","20261","","Research","2026"
"0000169454","1.0","0000032558","ENVST","Framed by a focus on a contemporary environmental topic, the course attends to the nature of environmental inquiry, one's perspectives and values, and how to use one's knowledge and skills for personal, civic and work-related roles. Individual and team projects connected to community needs teach students how to think and work across the department's three areas of emphasis in an experiential learning framework. Offered each semester. Prerequisite: ENVST 137, at least one course in two of the three areas of emphasis, and a declared environmental studies major or concentration.","25","0","18","0","7","OEP","Abraham, Elizabeth","{'fsnum': '9003395', 'name': 'Abraham, Elizabeth'}","200","24","0","13","0","7","Integration Application Env St","This course includes an academic civic engagement (ACE) component.              ;This course has class-year limits and is open only to juniors and seniors.","237","{'day': 'Mo', 'end': '12:45', 'location': 'RNS 400', 'start': '23:50'};{'day': 'We', 'end': '12:45', 'location': 'RNS 400', 'start': '23:50'};{'day': 'Fr', 'end': '12:45', 'location': 'RNS 400', 'start': '23:50'}","False","ENVST 137, at least one course in two of the three areas of emphasis, and a declared environmental studies major or concentration.","","1","C","20261","Integration and Application in Environmental Studies","Research","2026"
"0000169798","1.0","0000000461","ENVST","Remote sensing and GIS are increasingly used to address basic and applied questions in the environmental sciences and a host of other disciplines. Students survey available remote sensing image types and learn to process (ground-truthing, GPS, scanning, digitizing) and interpret remotely sensed images. They also learn theory and practice of geographic information systems (basic cartography and spatial statistics). Students attend lectures plus one three-hour laboratory per week. Offered annually. Prerequisites: ENVST 137 or a level I course in biology, chemistry, or physics.","21","0","7","4","10","IST;NSL;NST;NTS;SED","Castañeda-Camacho, Xochizeltzin","{'fsnum': '9002453', 'name': 'Castañeda-Camacho, Xochizeltzin'}","200","24","","","","","Remote Sensing & GIS","Students in ENVST 255 must also register for lab ENVST 255 AL or BL.","255","{'day': 'Tu', 'end': '13:10', 'location': 'RNS 400', 'start': '23:45'};{'day': 'Th', 'end': '14:05', 'location': 'RNS 400', 'start': '12:45'}","False","Prerequisites: ENVST 137 or a level I course in biology, chemistry, or physics.","","1","O","20261","Remote Sensing and Geographic Information Systems","Research","2026"
"0000169799","","0000016388","ENVST","","11","0","5","2","4","","Castañeda-Camacho, Xochizeltzin","{'fsnum': '9002453', 'name': 'Castañeda-Camacho, Xochizeltzin'}","200","12","","","","","Remote Sensing & GIS Lab","","255","{'day': 'Mo', 'end': '16:00', 'location': 'RNS 400', 'start': '13:00'}","False","","A","1","O","20261","","Lab","2026"
"0000169800","","0000016388","ENVST","","10","0","2","2","6","","Castañeda-Camacho, Xochizeltzin","{'fsnum': '9002453', 'name': 'Castañeda-Camacho, Xochizeltzin'}","200","12","","","","","Remote Sensing & GIS Lab","","255","{'day': 'We', 'end': '16:00', 'location': 'RNS 400', 'start': '13:00'}","False","","B","1","O","20261","","Lab","2026"
"0000171596","1.0","0000018778","ENVST","In this course, students will explore environmental connections by looking deeply into natural systems, social systems, and the links between them using both quantitative and qualitative frameworks. Through this integrated approach, students will learn to analyze complex environmental challenges and identify solutions aimed at optimizing the health of people, animals, and ecosystems. Prerequisites: ENVST 137 or permission of instructor.","23","1","9","9","4","","Gothmann, Anne M.;Abraham, Elizabeth","{'fsnum': '29141', 'name': 'Gothmann, Anne M.'};{'fsnum': '9003395', 'name': 'Abraham, Elizabeth'}","200","50","","","","","Top: Env Connections: Systems","","281","{'day': 'Mo', 'end': '10:00', 'location': 'TOH 214', 'start': '09:05'};{'day': 'We', 'end': '10:00', 'location': 'TOH 214', 'start': '09:05'};{'day': 'Fr', 'end': '10:00', 'location': 'TOH 214', 'start': '09:05'}","False","Prerequisites: ENVST 137 or permission of instructor.","A","1","O","20261","Topics in Environmental Studies","Topic","2026"
"0000171597","1.0","0000018778","ENVST","Environmental crises are borne of environmental histories. In this class, we examine how we arrived at the present through long histories of human and non-human relationships that span rare earth mineral extraction to swampy-earthed resistance to early settler colonizers. We will utilize the resources like the college archives and Natural Lands, and look at the specificity of Midwestern environmental histories as well as planetary processes. Students will learn how to read a landscape and historicize how processes like colonization, industrialization, suburban development and contamination have shaped the environment.","17","5","1","4","7","","Gilheany, Emma","{'fsnum': '9006208', 'name': 'Gilheany, Emma'}","200","26","","","","","Top: Environmental History","","281","{'day': 'Mo', 'end': '10:00', 'location': 'OM 340', 'start': '09:05'};{'day': 'We', 'end': '10:00', 'location': 'OM 340', 'start': '09:05'};{'day': 'Fr', 'end': '10:00', 'location': 'OM 340', 'start': '09:05'}","False","False","B","1","O","20261","Topics in Environmental Studies","Topic","2026"
"0000171598","1.0","0000018778","ENVST","In this course, we will foreground Inuit voices and Indigenous scholars to consider climate change, environmental activism and imperialism in the Arctic. We will trace Indigenous presence and futurity in the north and consider why the Arctic environment is increasingly an object of geopolitical contestation and of global concern. Using experimental media, art, and diverse texts, students will develop skills in reflective and critical writing and gain an understanding of the relationship between state power, Indigenous politics and nature.","25","0","6","4","15","","Gilheany, Emma","{'fsnum': '9006208', 'name': 'Gilheany, Emma'}","200","25","","","","","Top: The Indigenous Arctic","","281","{'day': 'Mo', 'end': '12:45', 'location': 'HH 433', 'start': '23:50'};{'day': 'We', 'end': '12:45', 'location': 'HH 433', 'start': '23:50'};{'day': 'Fr', 'end': '12:45', 'location': 'HH 433', 'start': '23:50'}","False","False","C","1","C","20261","Topics in Environmental Studies","Topic","2026"
"0000171599","1.0","0000018778","ENVST","In this course, we will foreground Inuit voices and Indigenous scholars to consider climate change, environmental activism and imperialism in the Arctic. We will trace Indigenous presence and futurity in the north and consider why the Arctic environment is increasingly an object of geopolitical contestation and of global concern. Using experimental media, art, and diverse texts, students will develop skills in reflective and critical writing and gain an understanding of the relationship between state power, Indigenous politics and nature.","19","3","4","6","6","","Gilheany, Emma","{'fsnum': '9006208', 'name': 'Gilheany, Emma'}","200","25","","","","","Top: The Indigenous Arctic","","281","{'day': 'Mo', 'end': '13:50', 'location': 'HH 433', 'start': '12:55'};{'day': 'We', 'end': '13:50', 'location': 'HH 433', 'start': '12:55'};{'day': 'Fr', 'end': '13:50', 'location': 'HH 433', 'start': '12:55'}","False","False","D","1","O","20261","Topics in Environmental Studies","Topic","2026"
"0000172048","1.0","0000018782","ENVST","In this course, we’ll be exploring environmental storytelling and stories. What are the important elements of storytelling? And what exactly is an environmental story? Defining ""environmental stories"" is a little mysterious, hard to put in a box or wrestle into a paragraph because the word ""environment"" itself contains pretty much everything. Environmental stories can contain genres (such as science writing, nature writing, climate writing or journalism) but at their core, they must contain a story with stakes for the reader and the author and the environment itself. People tell stories to turn abstract patterns into opportunities for action. They tell stories to empathize, mobilize, find villains, celebrate heroes, give credit, assign blame, experiment with new ways of thinking, make sense of their experiences, and call for action. And listening to and telling stories are actions in their own rights.","7","0","6","0","1","","Patterson, Juliet","{'fsnum': '25348', 'name': 'Patterson, Juliet'}","300","19","0","","0","","Top: Environmental Storytelling","Open only to rising juniors and seniors.                                        ;This course includes an academic civic engagement (ACE) component.","381","{'day': 'Tu', 'end': '13:10', 'location': 'RML 421', 'start': '23:45'};{'day': 'Th', 'end': '14:05', 'location': 'RML 421', 'start': '12:45'}","False","False","","1","O","20261","Advanced Research Topics in Environmental Studies","Topic","2026"
"0000169834","1.0","0000000468","ENVST","A capstone seminar for seniors in the major, this course involves intensive study of special topics through reflective writing, student generated research projects, presentations, and a grant proposal. Topics relate to local or regional environmental issues of interest to the students, and it provides participants with opportunities to interact with alumni, government and regulatory agencies, and community groups. The work culminates in a grant proposal where students rely on the expertise gained from their environmental studies courses and work in other majors as applicable. Offered fall semester. Prerequisites: ENVST 137, ENVST 237, and senior status, or permission of the environmental studies chair and instructor.","22","0","1","0","21","WRI","Jorgenson, Kiara","{'fsnum': '10957', 'name': 'Jorgenson, Kiara'}","300","21","0","0","0","","Sem: Env Studies","Open only to seniors.  Juniors must have permission of the chair to register.   ;This course includes an academic civic engagement (ACE) component.","399","{'day': 'Tu', 'end': '11:00', 'location': 'RNS 210', 'start': '09:35'};{'day': 'Th', 'end': '10:50', 'location': 'RNS 210', 'start': '09:30'}","False","Prerequisites: ENVST 137, ENVST 237, and senior status, or permission of the environmental studies chair and instructor.","A","1","C","20261","Seminar in Environmental Studies","Seminar","2026"
"0000169835","1.0","0000000468","ENVST","A capstone seminar for seniors in the major, this course involves intensive study of special topics through reflective writing, student generated research projects, presentations, and a grant proposal. Topics relate to local or regional environmental issues of interest to the students, and it provides participants with opportunities to interact with alumni, government and regulatory agencies, and community groups. The work culminates in a grant proposal where students rely on the expertise gained from their environmental studies courses and work in other majors as applicable. Offered fall semester. Prerequisites: ENVST 137, ENVST 237, and senior status, or permission of the environmental studies chair and instructor.","18","0","0","0","18","WRI","Grossman, Jake","{'fsnum': '33960', 'name': 'Grossman, Jake'}","300","21","0","0","0","","Sem: Env Studies","Open only to seniors.  Juniors must have permission of the chair to register.   ;This course includes an academic civic engagement (ACE) component.","399","{'day': 'Tu', 'end': '11:00', 'location': 'RNS 297', 'start': '09:35'};{'day': 'Th', 'end': '10:50', 'location': 'RNS 297', 'start': '09:30'}","False","Prerequisites: ENVST 137, ENVST 237, and senior status, or permission of the environmental studies chair and instructor.","B","1","O","20261","Seminar in Environmental Studies","Seminar","2026"
"0000172049","1.0","0000000456","ES/PS","Population growth, industrialization, and the consumption of fossil fuels have increased global environmental problems. The course examines the ways in which nation-states and/or international institutions have addressed these environmental concerns. Depending on the instructor, the focus of the course is either the environmental problems of a particular area (e.g., Latin America, Russia or Asia) or a broader global arena (e.g., international institutions and the environment). Offered alternate years.","27","0","6","16","5","HBS;SCS","Graefe, Carl M.","{'fsnum': '9005108', 'name': 'Graefe, Carl M.'}","200","27","","","","","Global Env Politics","","201","{'day': 'Tu', 'end': '09:25', 'location': 'HH 523', 'start': '08:00'};{'day': 'Th', 'end': '09:20', 'location': 'HH 523', 'start': '08:00'}","False","False","A","1","C","20261","Topics in Global Environmental Politics","Research","2026"
"0000172050","1.0","0000000456","ES/PS","Population growth, industrialization, and the consumption of fossil fuels have increased global environmental problems. The course examines the ways in which nation-states and/or international institutions have addressed these environmental concerns. Depending on the instructor, the focus of the course is either the environmental problems of a particular area (e.g., Latin America, Russia or Asia) or a broader global arena (e.g., international institutions and the environment). Offered alternate years.","26","0","6","8","12","HBS;SCS","Graefe, Carl M.","{'fsnum': '9005108', 'name': 'Graefe, Carl M.'}","200","27","","","","","Global Env Politics","","201","{'day': 'Tu', 'end': '13:10', 'location': 'TOH 308', 'start': '23:45'};{'day': 'Th', 'end': '14:05', 'location': 'TOH 308', 'start': '12:45'}","False","False","B","1","O","20261","Topics in Global Environmental Politics","Research","2026"
"0000169525","1.0","0000000648","FAMST","Students examine American families through the life cycle in relation to personal and professional life, with the major emphasis on communication and commitment in interpersonal relationships. Students study courtship, marriage, adjustment to parenthood, and aging through engaging evidence-based research, case studies, and theoretical frameworks. They examine stressors that affect families such as family violence, divorce, grief and loss, and socioeconomic challenges. This course takes an interdisciplinary approach; students have opportunity for a broad range of individualized study. Offered each semester.","30","11","7","5","7","HBS;SCS","Simpson, Jessica E.","{'fsnum': '9005146', 'name': 'Simpson, Jessica E.'}","100","30","","6","10","6","Intro: Family Studies","This course has class-year limits.","132","{'day': 'Mo', 'end': '21:00', 'location': 'HH 523', 'start': '18:00'}","False","False","","1","C","20261","Introduction to Family Studies","Research","2026"
"0000169281","1.0","0000000649","FAMST","Students explore how family relationships are influenced by social, historical, and political contexts. Drawing on a range of disciplinary contexts and research, this course underscores the ways family relationships are constructed, sustained and challenged in society, with emphasis on theories and practice of family communication. Students draw on the relational dynamics studied in the introductory family studies course to transition to elaborating on the complexities of family functioning in U.S. society and beyond. Offered each semester.","27","0","11","7","9","","Anderson, Wendy D.","{'fsnum': '10757', 'name': 'Anderson, Wendy D.'}","200","26","0","10","8","10","Family Relationships","This course has class-year limits and is not open to incoming first-year        ;students.","242","{'day': 'Tu', 'end': '13:10', 'location': 'TOH 114', 'start': '23:45'};{'day': 'Th', 'end': '14:05', 'location': 'TOH 114', 'start': '12:45'}","False","False","","1","C","20261","","Research","2026"
"0000172051","1.0","0000000651","FAMST","This course explores the varied dimensions of human sexuality as they affect and are affected by past and present human relationships. Sexual problems and issues are examined for the development of a value framework and for the enrichment of family life. The course emphasizes critical thinking skills applied to current issues in human sexuality (e.g. gay marriage, race and gender issues, sexual violence). Students examine issues in contemporary research and ethics in sexuality. Also counts toward gender and sexuality studies major and concentration.","26","3","8","6","9","ORC;SCS","Kanewischer, Erica","{'fsnum': '14740', 'name': 'Kanewischer, Erica'}","200","28","","8","6","10","Human Sexuality","This course has class-year limits.","253","{'day': 'Tu', 'end': '14:45', 'location': 'TOH 212', 'start': '13:20'};{'day': 'Th', 'end': '15:35', 'location': 'TOH 212', 'start': '14:15'}","False","False","","1","O","20261","","Research","2026"
"0000169511","1.0","0000021584","FMS","This course is an introduction to film analysis. Students learn the language used to describe and understand various features and aspects of the cinema. In addition to exploring the elements that make up a film, students also think carefully about the decisions, techniques, and strategies that inform film production. Topics of study include narrative, mise-en-scene, cinematography, editing, film sound, and, later in the course, broader categories of classification such as genre and mode.","24","13","4","7","0","ALS-A;CRE","Mokdad, Linda","{'fsnum': '26249', 'name': 'Mokdad, Linda'}","100","24","","5","8","3","Intro to Film Studies","This course has class-year limits.","101","{'day': 'Tu', 'end': '13:10', 'location': 'RML 525', 'start': '23:45'};{'day': 'Th', 'end': '14:05', 'location': 'RML 525', 'start': '12:45'};{'day': 'We', 'end': '22:00', 'location': 'TOH 280', 'start': '19:00'}","False","False","A","1","C","20261","Introduction to Film Studies","Research","2026"
"0000169512","1.0","0000021584","FMS","This course is an introduction to film analysis. Students learn the language used to describe and understand various features and aspects of the cinema. In addition to exploring the elements that make up a film, students also think carefully about the decisions, techniques, and strategies that inform film production. Topics of study include narrative, mise-en-scene, cinematography, editing, film sound, and, later in the course, broader categories of classification such as genre and mode.","24","13","2","6","3","ALS-A;CRE","Mokdad, Linda","{'fsnum': '26249', 'name': 'Mokdad, Linda'}","100","24","","5","8","3","Intro to Film Studies","This course has class-year limits.","101","{'day': 'Tu', 'end': '14:45', 'location': 'RML 525', 'start': '13:20'};{'day': 'Th', 'end': '15:35', 'location': 'RML 525', 'start': '14:15'};{'day': 'We', 'end': '22:00', 'location': 'TOH 280', 'start': '19:00'}","False","False","B","1","C","20261","Introduction to Film Studies","Research","2026"
"0000170014","1.0","0000034662","FMS","This course introduces students to film and media production. The course rotates topics to accommodate various modes of production such as documentary, experimental, and narrative filmmaking. Students view and study film, learn the creative and technical skills associated with the course's focus, as well as participate in their own film and media productions. Offered annually. Prerequisites: FMS 101 or FMS 160 recommended.","18","1","6","7","4","ALS-A;CRE","O'Keefe, Connor L.","{'fsnum': '9005179', 'name': ""O'Keefe, Connor L.""}","200","18","","","","","Top: Film and Media Production","","220","{'day': 'Tu', 'end': '11:00', 'location': 'RML 115', 'start': '09:35'};{'day': 'Th', 'end': '10:50', 'location': 'RML 115', 'start': '09:30'}","False","Prerequisites: FMS 101 or FMS 160 recommended.","A","1","C","20261","Film and Media Production","Topic","2026"
"0000170015","1.0","0000034662","FMS","This course introduces students to film and media production. The course rotates topics to accommodate various modes of production such as documentary, experimental, and narrative filmmaking. Students view and study film, learn the creative and technical skills associated with the course's focus, as well as participate in their own film and media productions. Offered annually. Prerequisites: FMS 101 or FMS 160 recommended.","18","0","4","9","5","ALS-A;CRE","O'Keefe, Connor L.","{'fsnum': '9005179', 'name': ""O'Keefe, Connor L.""}","200","18","","","","","Top: Film and Media Production","","220","{'day': 'Tu', 'end': '13:10', 'location': 'RML 115', 'start': '23:45'};{'day': 'Th', 'end': '14:05', 'location': 'RML 115', 'start': '12:45'}","False","Prerequisites: FMS 101 or FMS 160 recommended.","B","1","C","20261","Film and Media Production","Topic","2026"
"0000172214","1.0","0000035234","FMS","This course offers a broad overview of European cinema and is split into three segments of similar scope. The first addresses Western European cinema during the period 1960-1990, the second will focus on the Eastern European counterpart during the same time period, and the third and final segment will consider the impact of the European Union and the fall of the Soviet Union upon filmmaking in the continent overall.","21","0","5","3","13","ALS-A","Nordfjörd, Björn","{'fsnum': '26260', 'name': 'Nordfjörd, Björn'}","200","24","","","","","Top: European Cinema","","245","{'day': 'Mo', 'end': '10:00', 'location': 'RML 515', 'start': '09:05'};{'day': 'Fr', 'end': '10:00', 'location': 'RML 515', 'start': '09:05'};{'day': 'Tu', 'end': '22:00', 'location': 'TOH 280', 'start': '19:00'}","False","False","","1","O","20261","Topics: National and Transnational Film and Media","Topic","2026"
"0000172215","1.0","0000035235","FMS","This course will move beyond Hollywood and popular cinema's proposals of celebrity, assimilation, and visibility as the ultimate markers of liberation for trans and gender-nonconforming people. It will take the documentarian’s camera and consider its uniquely queer potential. How have queer filmmakers used the audio, visual, and temporal components of cinema to transform reality into uniquely queer worlds? Students will engage directly with queer cinema, analyzing the formal techniques at play and their effect on the viewer. We will then put these ideas into practice in a series of creative projects inspired by and modeled after the works of queer documentary filmmakers.","24","0","6","3","15","ALS-A","O'Keefe, Connor L.","{'fsnum': '9005179', 'name': ""O'Keefe, Connor L.""}","200","24","","","","","Top: Queering Documentary","","265","{'day': 'Tu', 'end': '14:45', 'location': 'RML 421', 'start': '13:20'};{'day': 'Th', 'end': '15:35', 'location': 'RML 421', 'start': '14:15'}","False","False","","1","C","20261","Topics: Film and Media Modes","Topic","2026"
"0000172216","1.0","0000035237","FMS","Often described as the golden age of Hollywood, the studio era provided American filmmaking with unusual stability during a period (1930-60) that was everything but stable. We will consider the interrelations of Hollywood and American society and politics during the era, as well as the inner workings of the studios themselves and the particular form their product, the classical Hollywood cinema, took. Film genres include musicals, melodrama, war films, comedy, westerns, horror and sci-fi films.","24","2","8","3","11","ALS-A","Nordfjörd, Björn","{'fsnum': '26260', 'name': 'Nordfjörd, Björn'}","200","24","","","","","Top: Classical Hollywood Cinema","","270","{'day': 'Mo', 'end': '11:40', 'location': 'RML 525', 'start': '10:45'};{'day': 'Fr', 'end': '11:40', 'location': 'RML 525', 'start': '10:45'};{'day': 'We', 'end': '22:00', 'location': 'CAD 305', 'start': '19:00'}","False","False","","1","C","20261","Topics: Film and Media History","Topic","2026"
"0000169113","1.0","0000000476","FREN","Students begin to learn French through listening, speaking, reading and writing about topics familiar to them. They study social and cultural notions inherent in the daily life of peoples in diverse Francophone communities and learn to think critically and make interdisciplinary connections and informed cross-cultural comparisons. Offered in the fall semester. Does not count toward French major. Open to students with no prior background in French, or placement.","24","20","0","3","1","","Vendetti, Maria","{'fsnum': '26256', 'name': 'Vendetti, Maria'}","100","24","","","","","Beginning French I","","111","{'day': 'Mo', 'end': '10:00', 'location': 'TOH 108', 'start': '09:05'};{'day': 'We', 'end': '10:00', 'location': 'TOH 108', 'start': '09:05'};{'day': 'Fr', 'end': '10:00', 'location': 'TOH 108', 'start': '09:05'}","False","False","A","1","C","20261","","Research","2026"
"0000169114","1.0","0000000476","FREN","Students begin to learn French through listening, speaking, reading and writing about topics familiar to them. They study social and cultural notions inherent in the daily life of peoples in diverse Francophone communities and learn to think critically and make interdisciplinary connections and informed cross-cultural comparisons. Offered in the fall semester. Does not count toward French major. Open to students with no prior background in French, or placement.","21","19","0","2","0","","Vendetti, Maria","{'fsnum': '26256', 'name': 'Vendetti, Maria'}","100","24","","","","","Beginning French I","","111","{'day': 'Mo', 'end': '11:40', 'location': 'TOH 308', 'start': '10:45'};{'day': 'We', 'end': '11:40', 'location': 'TOH 308', 'start': '10:45'};{'day': 'Fr', 'end': '11:40', 'location': 'TOH 308', 'start': '10:45'}","False","False","B","1","O","20261","","Research","2026"
"0000169115","1.0","0000000476","FREN","Students begin to learn French through listening, speaking, reading and writing about topics familiar to them. They study social and cultural notions inherent in the daily life of peoples in diverse Francophone communities and learn to think critically and make interdisciplinary connections and informed cross-cultural comparisons. Offered in the fall semester. Does not count toward French major. Open to students with no prior background in French, or placement.","24","20","2","1","1","","Briand, Cedric","{'fsnum': '28150', 'name': 'Briand, Cedric'}","100","24","","","","","Beginning French I","","111","{'day': 'Mo', 'end': '12:45', 'location': 'TOH 316', 'start': '23:50'};{'day': 'We', 'end': '12:45', 'location': 'TOH 316', 'start': '23:50'};{'day': 'Fr', 'end': '12:45', 'location': 'TOH 316', 'start': '23:50'}","False","False","C","1","C","20261","","Research","2026"
"0000169466","1.0","0000000479","FREN","Through study, discussion, and analysis of a wide variety of texts, students explore specific social and cultural topics relevant to French culture yesterday and today (e.g., stereotypes, the family, education, immigration) and develop and expand their ability to listen, speak, read, and write in French while also learning specific listening and reading strategies. Explicit focus on cross-cultural comparison/contrast and analysis. Offered each semester. Prerequisite: FREN 112 or placement.","17","11","2","4","0","GHS","Killackey, Sean P.","{'fsnum': '31165', 'name': 'Killackey, Sean P.'}","200","24","","","","","Intermed French I","Prerequisite: FREN 112 or placement","231","{'day': 'Mo', 'end': '10:00', 'location': 'TOH 308', 'start': '09:05'};{'day': 'We', 'end': '10:00', 'location': 'TOH 308', 'start': '09:05'};{'day': 'Fr', 'end': '10:00', 'location': 'TOH 308', 'start': '09:05'}","False","FREN 112 or placement.","A","1","O","20261","Intermediate French I","Research","2026"
"0000169467","1.0","0000000479","FREN","Through study, discussion, and analysis of a wide variety of texts, students explore specific social and cultural topics relevant to French culture yesterday and today (e.g., stereotypes, the family, education, immigration) and develop and expand their ability to listen, speak, read, and write in French while also learning specific listening and reading strategies. Explicit focus on cross-cultural comparison/contrast and analysis. Offered each semester. Prerequisite: FREN 112 or placement.","23","3","1","18","1","GHS","Wolf, Madeleine D.","{'fsnum': '9002463', 'name': 'Wolf, Madeleine D.'}","200","24","","","","","Intermed French I","Prerequisite: FREN 112 or placement","231","{'day': 'Mo', 'end': '11:40', 'location': 'TOH 114', 'start': '10:45'};{'day': 'We', 'end': '11:40', 'location': 'TOH 114', 'start': '10:45'};{'day': 'Fr', 'end': '11:40', 'location': 'TOH 114', 'start': '10:45'}","False","FREN 112 or placement.","B","1","O","20261","Intermediate French I","Research","2026"
"0000169468","1.0","0000000479","FREN","Through study, discussion, and analysis of a wide variety of texts, students explore specific social and cultural topics relevant to French culture yesterday and today (e.g., stereotypes, the family, education, immigration) and develop and expand their ability to listen, speak, read, and write in French while also learning specific listening and reading strategies. Explicit focus on cross-cultural comparison/contrast and analysis. Offered each semester. Prerequisite: FREN 112 or placement.","19","0","7","11","1","GHS","Wolf, Madeleine D.","{'fsnum': '9002463', 'name': 'Wolf, Madeleine D.'}","200","24","","","","","Intermed French I","Prerequisite: FREN 112 or placement","231","{'day': 'Mo', 'end': '12:45', 'location': 'TOH 114', 'start': '23:50'};{'day': 'We', 'end': '12:45', 'location': 'TOH 114', 'start': '23:50'};{'day': 'Fr', 'end': '12:45', 'location': 'TOH 114', 'start': '23:50'}","False","FREN 112 or placement.","C","1","C","20261","Intermediate French I","Research","2026"
"0000169469","1.0","0000000479","FREN","Through study, discussion, and analysis of a wide variety of texts, students explore specific social and cultural topics relevant to French culture yesterday and today (e.g., stereotypes, the family, education, immigration) and develop and expand their ability to listen, speak, read, and write in French while also learning specific listening and reading strategies. Explicit focus on cross-cultural comparison/contrast and analysis. Offered each semester. Prerequisite: FREN 112 or placement.","12","4","2","5","1","GHS","Killackey, Sean P.","{'fsnum': '31165', 'name': 'Killackey, Sean P.'}","200","24","","","","","Intermed French I","Prerequisite: FREN 112 or placement","231","{'day': 'Mo', 'end': '13:50', 'location': 'OM 020', 'start': '12:55'};{'day': 'We', 'end': '13:50', 'location': 'OM 020', 'start': '12:55'};{'day': 'Fr', 'end': '13:50', 'location': 'OM 020', 'start': '12:55'}","False","FREN 112 or placement.","D","1","O","20261","Intermediate French I","Research","2026"
"0000169470","1.0","0000000480","FREN","Students explore questions of identity in the wider Francophone world through reading, discussing, and analyzing a wide variety of texts, including cultural documents, short biographical pieces, literary texts, and films. They consolidate their language skills and continue to develop their ability to analyze and communicate in French by engaging in interactive group activities, making oral presentations, and writing essays. They also work to expand their vocabulary and to review the French verb system and other key grammatical structures. Offered each semester. Prerequisite: FREN 231 or placement.","13","10","0","0","3","FOL-F;GHS;MCG;MCS-G;WLC","Briand, Cedric","{'fsnum': '28150', 'name': 'Briand, Cedric'}","200","24","","","","","Intermed French II","Prerequisite: FREN 231 or placement","232","{'day': 'Mo', 'end': '11:40', 'location': 'TOH 300', 'start': '10:45'};{'day': 'We', 'end': '11:40', 'location': 'TOH 300', 'start': '10:45'};{'day': 'Fr', 'end': '11:40', 'location': 'TOH 300', 'start': '10:45'}","False","FREN 231 or placement.","","1","O","20261","Intermediate French II","Research","2026"
"0000169911","1.0","0000000482","FREN","This course provides an on-campus immersion experience for students interested in improving their oral language proficiency. Students engage in small and large group discussion, give individual and group oral presentations, and review grammar and registers of language. They also explore the notions of communicative competence and oral proficiency in order to become more effective speakers. Taught in French. Offered at least alternate years; one 250-level course will be offered each fall and spring semester. Prerequisite: FREN 232 or FREN 235 or FREN 237, or equivalent.","23","4","5","11","3","FOL-F;ORC;WLC","Yoshioka-Maxwell, Livi C.","{'fsnum': '29128', 'name': 'Yoshioka-Maxwell, Livi C.'}","200","24","","","","","Speaking of French","Prerequisite: FREN 232, 235, 237 or equivalent","250","{'day': 'Tu', 'end': '14:45', 'location': 'TOH 316', 'start': '13:20'};{'day': 'Th', 'end': '15:35', 'location': 'TOH 316', 'start': '14:15'}","False","FREN 232 or FREN 235 or FREN 237, or equivalent.","","1","O","20261","Speaking","Research","2026"
"0000172343","1.0","0000000488","FREN","Students explore a particular period or century through examination of selected literary and non-literary works within their socio-historical and cultural contexts. Coursework includes discussion, analysis, and interpretation of representative works. Sample topics: ""19th-Century French Literature,"" ""La Belle Epoque,"" and ""20th-Century French Literature."" May be repeated if period is different. Taught in French. Offered at least alternate years. Prerequisite: minimum of one 250-level course (two recommended).","14","1","3","1","9","","Wolf, Madeleine D.","{'fsnum': '9002463', 'name': 'Wolf, Madeleine D.'}","200","20","","","","","Top: The Fantastic","Prerequisite: minimum of one 250-level course (two recommended).","273","{'day': 'Mo', 'end': '14:55', 'location': 'TOH 308', 'start': '14:00'};{'day': 'We', 'end': '14:55', 'location': 'TOH 308', 'start': '14:00'};{'day': 'Fr', 'end': '14:55', 'location': 'TOH 308', 'start': '14:00'}","False","minimum of one 250-level course (two recommended).","","1","O","20261","Period Studies","Topic","2026"
"0000172552","1.0","0000000492","FREN","""Le polar"" or crime fiction typically unravels a singular crime, but can also touch on broader corruption, conspiracies, and injustices. In French-language literature and cinema, crime fiction often takes on political and social issues that other genres avoid. In this course, we will look at how and why crime fiction of the postcolonial period--from the 1960s to today--approaches questions of violence, memory, and belonging in Francophone spaces. The course will focus on discussion of texts' historical, political, and cultural contexts and close textual analysis of works by Leïla Slimani, Alain Mabanckou, Didier Daeninckx, Sabri Louatah, and others. Prerequisite: at least one 270-level French course, two strongly recommended","10","0","3","0","7","FOL-F","Vendetti, Maria","{'fsnum': '26256', 'name': 'Vendetti, Maria'}","300","18","","","","","Top: Postcolonial Crime Fiction","Prerequisite: minimum of one 270-level course","372","{'day': 'Mo', 'end': '13:50', 'location': 'TOH 200', 'start': '12:55'};{'day': 'We', 'end': '13:50', 'location': 'TOH 200', 'start': '12:55'};{'day': 'Fr', 'end': '13:50', 'location': 'TOH 200', 'start': '12:55'}","False","at least one 270-level French course, two strongly recommended","","1","O","20261","Topics in Francophone Studies","Topic","2026"
"0000170004","1.0","0000036173","FYS","This course emphasizes critical thinking, conversation, collaboration, and academic habits for the liberal arts. Students learn key skills like locating and evaluating academic sources, as well as reading, reflecting, and responding to texts. Students cultivate their own curiosity while also learning how to engage in community, better understanding their responsibilities to each other. This course is open to first-year students and a limited number of sophomores. Prerequisite: first-year student status.","12","12","0","0","0","FYS","Berry, Anne G.","{'fsnum': '22914', 'name': 'Berry, Anne G.'}","100","15","","0","0","0","Top: Conversation & Connection","Section topic: Using Your Voice: Conversation and Connection on Campus          ;Writing-intensive.  Enrollment by placement.","120","{'day': 'Mo', 'end': '10:00', 'location': 'TOH 300', 'start': '09:05'};{'day': 'We', 'end': '10:00', 'location': 'TOH 300', 'start': '09:05'};{'day': 'Fr', 'end': '10:00', 'location': 'TOH 300', 'start': '09:05'}","False","first-year student status.","A","1","O","20261","First-Year Seminar","Topic","2026"
"0000170003","1.0","0000036173","FYS","This course emphasizes critical thinking, conversation, collaboration, and academic habits for the liberal arts. Students learn key skills like locating and evaluating academic sources, as well as reading, reflecting, and responding to texts. Students cultivate their own curiosity while also learning how to engage in community, better understanding their responsibilities to each other. This course is open to first-year students and a limited number of sophomores. Prerequisite: first-year student status.","13","13","0","0","0","FYS","Berry, Anne G.","{'fsnum': '22914', 'name': 'Berry, Anne G.'}","100","15","","0","0","0","Top: Conversation & Connection","Section topic: Using Your Voice: Conversation and Connection on Campus          ;Writing-intensive                                                               ;Enrollment by placement","120","{'day': 'Tu', 'end': '11:00', 'location': 'TOH 300', 'start': '09:35'};{'day': 'Th', 'end': '10:50', 'location': 'TOH 300', 'start': '09:30'}","False","first-year student status.","B","1","O","20261","First-Year Seminar","Topic","2026"
"0000170025","1.0","0000036173","FYS","This course emphasizes critical thinking, conversation, collaboration, and academic habits for the liberal arts. Students learn key skills like locating and evaluating academic sources, as well as reading, reflecting, and responding to texts. Students cultivate their own curiosity while also learning how to engage in community, better understanding their responsibilities to each other. This course is open to first-year students and a limited number of sophomores. Prerequisite: first-year student status.","14","14","0","0","0","FYS","Draxler, Bridget A.","{'fsnum': '15269', 'name': 'Draxler, Bridget A.'}","100","16","","0","0","0","Top: Practicing Democracy","Section topic: Practicing Democracy                                             ;Enrollment by placement. Writing intensive.                                     ;This course includes an academic civic engagement (ACE) component.","120","{'day': 'Tu', 'end': '11:00', 'location': 'TOH 214', 'start': '09:35'};{'day': 'Th', 'end': '10:50', 'location': 'TOH 214', 'start': '09:30'}","False","first-year student status.","D","1","O","20261","First-Year Seminar","Topic","2026"
"0000170018","1.0","0000036173","FYS","This course emphasizes critical thinking, conversation, collaboration, and academic habits for the liberal arts. Students learn key skills like locating and evaluating academic sources, as well as reading, reflecting, and responding to texts. Students cultivate their own curiosity while also learning how to engage in community, better understanding their responsibilities to each other. This course is open to first-year students and a limited number of sophomores. Prerequisite: first-year student status.","16","16","0","0","0","FYS","Ward, Sean F.","{'fsnum': '28145', 'name': 'Ward, Sean F.'}","100","16","","0","0","0","Top: Identity, Media, & Am Culture","Section topic: Identity, Media, and American Culture                            ;Writing intensive                                                               ;Enrollment by placement","120","{'day': 'Tu', 'end': '13:10', 'location': 'RML 420', 'start': '23:45'};{'day': 'Th', 'end': '14:05', 'location': 'RML 420', 'start': '12:45'}","False","first-year student status.","E","1","C","20261","First-Year Seminar","Topic","2026"
"0000170050","1.0","0000036173","FYS","This course emphasizes critical thinking, conversation, collaboration, and academic habits for the liberal arts. Students learn key skills like locating and evaluating academic sources, as well as reading, reflecting, and responding to texts. Students cultivate their own curiosity while also learning how to engage in community, better understanding their responsibilities to each other. This course is open to first-year students and a limited number of sophomores. Prerequisite: first-year student status.","16","16","0","0","0","FYS","Forstner, Daniel R.","{'fsnum': '15723', 'name': 'Forstner, Daniel R.'}","100","16","","0","0","0","Top: First Time for Anything","Section topic: First Time for Anything                                          ;Enrollment by placement. Writing intensive.","120","{'day': 'Mo', 'end': '14:55', 'location': 'TOH 214', 'start': '14:00'};{'day': 'We', 'end': '14:55', 'location': 'TOH 214', 'start': '14:00'};{'day': 'Fr', 'end': '14:55', 'location': 'TOH 214', 'start': '14:00'}","False","first-year student status.","F","1","C","20261","First-Year Seminar","Topic","2026"
"0000170013","1.0","0000036173","FYS","This course emphasizes critical thinking, conversation, collaboration, and academic habits for the liberal arts. Students learn key skills like locating and evaluating academic sources, as well as reading, reflecting, and responding to texts. Students cultivate their own curiosity while also learning how to engage in community, better understanding their responsibilities to each other. This course is open to first-year students and a limited number of sophomores. Prerequisite: first-year student status.","20","20","0","0","0","FYS","Carter, David","{'fsnum': '973', 'name': 'Carter, David'}","100","20","","0","","0","Top: Race in 20th-Century Music","Section topic: Race in 20th-Century Music","120","{'day': 'Mo', 'end': '08:55', 'location': 'CHM 239', 'start': '08:00'};{'day': 'We', 'end': '08:55', 'location': 'CHM 239', 'start': '08:00'};{'day': 'Fr', 'end': '08:55', 'location': 'CHM 239', 'start': '08:00'}","False","first-year student status.","G","1","C","20261","First-Year Seminar","Topic","2026"
"0000170052","1.0","0000036173","FYS","This course emphasizes critical thinking, conversation, collaboration, and academic habits for the liberal arts. Students learn key skills like locating and evaluating academic sources, as well as reading, reflecting, and responding to texts. Students cultivate their own curiosity while also learning how to engage in community, better understanding their responsibilities to each other. This course is open to first-year students and a limited number of sophomores. Prerequisite: first-year student status.","21","21","0","0","0","FYS","Al Atiyat, Ibtesam","{'fsnum': '21084', 'name': 'Al Atiyat, Ibtesam'}","100","20","","0","","0","Top: Journey's Ends","Section topic: Journey's Ends-Pilgrims, Settlers, Scholars, Tourists, and the   ;Apocalypse of Arrival","120","{'day': 'Mo', 'end': '10:00', 'location': 'HH 205', 'start': '09:05'};{'day': 'We', 'end': '10:00', 'location': 'HH 205', 'start': '09:05'};{'day': 'Fr', 'end': '10:00', 'location': 'HH 205', 'start': '09:05'}","False","first-year student status.","H","1","C","20261","First-Year Seminar","Topic","2026"
"0000170039","1.0","0000036173","FYS","This course emphasizes critical thinking, conversation, collaboration, and academic habits for the liberal arts. Students learn key skills like locating and evaluating academic sources, as well as reading, reflecting, and responding to texts. Students cultivate their own curiosity while also learning how to engage in community, better understanding their responsibilities to each other. This course is open to first-year students and a limited number of sophomores. Prerequisite: first-year student status.","19","19","0","0","0","FYS","Listenberger, Laura","{'fsnum': '21061', 'name': 'Listenberger, Laura'}","100","19","","0","0","0","Top: Molecular Discovery I","Section topic: Molecular Discovery I                                            ;Open to Molecular Discovery Students","120","{'day': 'Mo', 'end': '10:00', 'location': 'RNS 435', 'start': '09:05'};{'day': 'We', 'end': '10:00', 'location': 'RNS 435', 'start': '09:05'};{'day': 'Fr', 'end': '10:00', 'location': 'RNS 435', 'start': '09:05'}","False","first-year student status.","I","1","C","20261","First-Year Seminar","Topic","2026"
"0000170043","1.0","0000036173","FYS","This course emphasizes critical thinking, conversation, collaboration, and academic habits for the liberal arts. Students learn key skills like locating and evaluating academic sources, as well as reading, reflecting, and responding to texts. Students cultivate their own curiosity while also learning how to engage in community, better understanding their responsibilities to each other. This course is open to first-year students and a limited number of sophomores. Prerequisite: first-year student status.","20","20","0","0","0","FYS","Cunningham, Arthur","{'fsnum': '20236', 'name': 'Cunningham, Arthur'}","100","20","","0","","0","Top: Science/Art of Being Human","Section topic: Science and the Art of Being Human","120","{'day': 'Mo', 'end': '11:40', 'location': 'HH 502', 'start': '10:45'};{'day': 'We', 'end': '11:40', 'location': 'HH 502', 'start': '10:45'};{'day': 'Fr', 'end': '11:40', 'location': 'HH 502', 'start': '10:45'}","False","first-year student status.","J","1","C","20261","First-Year Seminar","Topic","2026"
"0000170036","1.0","0000036173","FYS","This course emphasizes critical thinking, conversation, collaboration, and academic habits for the liberal arts. Students learn key skills like locating and evaluating academic sources, as well as reading, reflecting, and responding to texts. Students cultivate their own curiosity while also learning how to engage in community, better understanding their responsibilities to each other. This course is open to first-year students and a limited number of sophomores. Prerequisite: first-year student status.","20","20","0","0","0","FYS","Williamson, Thomas A.","{'fsnum': '14223', 'name': 'Williamson, Thomas A.'}","100","20","","0","","0","Top: Science/Art of Being Human","Section topic: Science and the Art of Being Human","120","{'day': 'Mo', 'end': '11:40', 'location': 'HH 522', 'start': '10:45'};{'day': 'We', 'end': '11:40', 'location': 'HH 522', 'start': '10:45'};{'day': 'Fr', 'end': '11:40', 'location': 'HH 522', 'start': '10:45'}","False","first-year student status.","K","1","C","20261","First-Year Seminar","Topic","2026"
"0000169992","1.0","0000036173","FYS","This course emphasizes critical thinking, conversation, collaboration, and academic habits for the liberal arts. Students learn key skills like locating and evaluating academic sources, as well as reading, reflecting, and responding to texts. Students cultivate their own curiosity while also learning how to engage in community, better understanding their responsibilities to each other. This course is open to first-year students and a limited number of sophomores. Prerequisite: first-year student status.","20","19","0","1","0","FYS","Earls, Averill","{'fsnum': '33976', 'name': 'Earls, Averill'}","100","20","","0","","0","Top: Love in History","Section topic: Love in History                                                  ;This course includes an academic civic engagement (ACE) component.","120","{'day': 'Mo', 'end': '11:40', 'location': 'HH 205', 'start': '10:45'};{'day': 'We', 'end': '11:40', 'location': 'HH 205', 'start': '10:45'};{'day': 'Fr', 'end': '11:40', 'location': 'HH 205', 'start': '10:45'}","False","first-year student status.","L","1","C","20261","First-Year Seminar","Topic","2026"
"0000170063","1.0","0000036173","FYS","This course emphasizes critical thinking, conversation, collaboration, and academic habits for the liberal arts. Students learn key skills like locating and evaluating academic sources, as well as reading, reflecting, and responding to texts. Students cultivate their own curiosity while also learning how to engage in community, better understanding their responsibilities to each other. This course is open to first-year students and a limited number of sophomores. Prerequisite: first-year student status.","21","21","0","0","0","FYS","Dickinson, Shelly D.","{'fsnum': '15747', 'name': 'Dickinson, Shelly D.'}","100","20","","0","","0","Top: Cues, College & Contentment","Section topic: Cues, College and Contentment","120","{'day': 'Mo', 'end': '12:45', 'location': 'RNS 435', 'start': '23:50'};{'day': 'We', 'end': '12:45', 'location': 'RNS 435', 'start': '23:50'};{'day': 'Fr', 'end': '12:45', 'location': 'RNS 435', 'start': '23:50'}","False","first-year student status.","M","1","C","20261","First-Year Seminar","Topic","2026"
"0000170060","1.0","0000036173","FYS","This course emphasizes critical thinking, conversation, collaboration, and academic habits for the liberal arts. Students learn key skills like locating and evaluating academic sources, as well as reading, reflecting, and responding to texts. Students cultivate their own curiosity while also learning how to engage in community, better understanding their responsibilities to each other. This course is open to first-year students and a limited number of sophomores. Prerequisite: first-year student status.","21","21","0","0","0","FYS","Sortor, Marci J.","{'fsnum': '22870', 'name': 'Sortor, Marci J.'}","100","20","","0","","0","Top: The Nature of Knowledge","Section topic: The Nature of Knowledge: Knowledge, College and the Educated     ;Human","120","{'day': 'Mo', 'end': '13:50', 'location': 'TOH 114', 'start': '12:55'};{'day': 'We', 'end': '13:50', 'location': 'TOH 114', 'start': '12:55'};{'day': 'Fr', 'end': '13:50', 'location': 'TOH 114', 'start': '12:55'}","False","first-year student status.","N","1","C","20261","First-Year Seminar","Topic","2026"
"0000170022","1.0","0000036173","FYS","This course emphasizes critical thinking, conversation, collaboration, and academic habits for the liberal arts. Students learn key skills like locating and evaluating academic sources, as well as reading, reflecting, and responding to texts. Students cultivate their own curiosity while also learning how to engage in community, better understanding their responsibilities to each other. This course is open to first-year students and a limited number of sophomores. Prerequisite: first-year student status.","21","21","0","0","0","FYS","Conger, Andrea C.","{'fsnum': '28107', 'name': 'Conger, Andrea C.'}","100","20","","0","","0","Top: Movement as Medicine","Section topic: Movement as Medicine","120","{'day': 'Mo', 'end': '13:50', 'location': 'RML 515', 'start': '12:55'};{'day': 'We', 'end': '13:50', 'location': 'RML 515', 'start': '12:55'};{'day': 'Fr', 'end': '13:50', 'location': 'RML 515', 'start': '12:55'}","False","first-year student status.","O","1","C","20261","First-Year Seminar","Topic","2026"
"0000170040","1.0","0000036173","FYS","This course emphasizes critical thinking, conversation, collaboration, and academic habits for the liberal arts. Students learn key skills like locating and evaluating academic sources, as well as reading, reflecting, and responding to texts. Students cultivate their own curiosity while also learning how to engage in community, better understanding their responsibilities to each other. This course is open to first-year students and a limited number of sophomores. Prerequisite: first-year student status.","17","17","0","0","0","FYS","Coughlin, Jenna M.","{'fsnum': '30107', 'name': 'Coughlin, Jenna M.'}","100","20","","0","","0","Top: Message to the Future","Section topic: Message to the Future: Reading and Writing Future Library","120","{'day': 'Mo', 'end': '14:55', 'location': 'TOH 316', 'start': '14:00'};{'day': 'We', 'end': '14:55', 'location': 'TOH 316', 'start': '14:00'};{'day': 'Fr', 'end': '14:55', 'location': 'TOH 316', 'start': '14:00'}","False","first-year student status.","P","1","O","20261","First-Year Seminar","Topic","2026"
"0000170065","1.0","0000036173","FYS","This course emphasizes critical thinking, conversation, collaboration, and academic habits for the liberal arts. Students learn key skills like locating and evaluating academic sources, as well as reading, reflecting, and responding to texts. Students cultivate their own curiosity while also learning how to engage in community, better understanding their responsibilities to each other. This course is open to first-year students and a limited number of sophomores. Prerequisite: first-year student status.","20","20","0","0","0","FYS","Kucera, Karil J.","{'fsnum': '14964', 'name': 'Kucera, Karil J.'}","100","20","","0","","0","Top: Sacred Sites of Sport","Section topic: Sacred Sites of Sport                                            ;This course includes an academic civic engagement (ACE) component.","120","{'day': 'Mo', 'end': '14:55', 'location': 'CAD 305', 'start': '14:00'};{'day': 'We', 'end': '14:55', 'location': 'CAD 305', 'start': '14:00'};{'day': 'Fr', 'end': '14:55', 'location': 'CAD 305', 'start': '14:00'}","False","first-year student status.","Q","1","C","20261","First-Year Seminar","Topic","2026"
"0000170026","1.0","0000036173","FYS","This course emphasizes critical thinking, conversation, collaboration, and academic habits for the liberal arts. Students learn key skills like locating and evaluating academic sources, as well as reading, reflecting, and responding to texts. Students cultivate their own curiosity while also learning how to engage in community, better understanding their responsibilities to each other. This course is open to first-year students and a limited number of sophomores. Prerequisite: first-year student status.","20","20","0","0","0","FYS","Mohl, Emily","{'fsnum': '25351', 'name': 'Mohl, Emily'}","100","20","","0","","0","Top: Investigating Science","Section topic: Investigating Science: Inquiry and Action to Support Science for ;All.                                                                            ;This course includes an academic civic engagement (ACE) component.","120","{'day': 'Mo', 'end': '14:55', 'location': 'TOH 184', 'start': '14:00'};{'day': 'We', 'end': '14:55', 'location': 'TOH 184', 'start': '14:00'};{'day': 'Fr', 'end': '14:55', 'location': 'TOH 184', 'start': '14:00'}","False","first-year student status.","R","1","C","20261","First-Year Seminar","Topic","2026"
"0000170053","1.0","0000036173","FYS","This course emphasizes critical thinking, conversation, collaboration, and academic habits for the liberal arts. Students learn key skills like locating and evaluating academic sources, as well as reading, reflecting, and responding to texts. Students cultivate their own curiosity while also learning how to engage in community, better understanding their responsibilities to each other. This course is open to first-year students and a limited number of sophomores. Prerequisite: first-year student status.","21","21","0","0","0","FYS","Tegtmeyer Pak, Katherine S.","{'fsnum': '15754', 'name': 'Tegtmeyer Pak, Katherine S.'}","100","20","","0","","0","Top: Imagining Democracies Globally","Section topic: Imagining Democracies Globally                                   ;This course includes an academic civic engagement (ACE) component.","120","{'day': 'Tu', 'end': '09:25', 'location': 'RNS 206', 'start': '08:00'};{'day': 'Th', 'end': '09:20', 'location': 'RNS 206', 'start': '08:00'}","False","first-year student status.","S","1","C","20261","First-Year Seminar","Topic","2026"
"0000170046","1.0","0000036173","FYS","This course emphasizes critical thinking, conversation, collaboration, and academic habits for the liberal arts. Students learn key skills like locating and evaluating academic sources, as well as reading, reflecting, and responding to texts. Students cultivate their own curiosity while also learning how to engage in community, better understanding their responsibilities to each other. This course is open to first-year students and a limited number of sophomores. Prerequisite: first-year student status.","20","20","0","0","0","FYS","Kanewischer, Erica","{'fsnum': '14740', 'name': 'Kanewischer, Erica'}","100","20","","0","","0","Top: Relationshp in Young Adulthood","Section topic: Relationships in Young Adulthood","120","{'day': 'Tu', 'end': '11:00', 'location': 'OM 140', 'start': '09:35'};{'day': 'Th', 'end': '10:50', 'location': 'OM 140', 'start': '09:30'}","False","first-year student status.","T","1","C","20261","First-Year Seminar","Topic","2026"
"0000170005","1.0","0000036173","FYS","This course emphasizes critical thinking, conversation, collaboration, and academic habits for the liberal arts. Students learn key skills like locating and evaluating academic sources, as well as reading, reflecting, and responding to texts. Students cultivate their own curiosity while also learning how to engage in community, better understanding their responsibilities to each other. This course is open to first-year students and a limited number of sophomores. Prerequisite: first-year student status.","19","18","0","1","0","FYS","Yoshioka-Maxwell, Livi C.","{'fsnum': '29128', 'name': 'Yoshioka-Maxwell, Livi C.'}","100","20","","0","","0","Top: Reacting to the Past","Section topic: Reacting to the Past: Art in 19th Century Paris                  ;This course includes an academic civic engagement (ACE) component.","120","{'day': 'Tu', 'end': '11:00', 'location': 'TOH 110', 'start': '09:35'};{'day': 'Th', 'end': '10:50', 'location': 'TOH 110', 'start': '09:30'}","False","first-year student status.","U","1","O","20261","First-Year Seminar","Topic","2026"
"0000170023","1.0","0000036173","FYS","This course emphasizes critical thinking, conversation, collaboration, and academic habits for the liberal arts. Students learn key skills like locating and evaluating academic sources, as well as reading, reflecting, and responding to texts. Students cultivate their own curiosity while also learning how to engage in community, better understanding their responsibilities to each other. This course is open to first-year students and a limited number of sophomores. Prerequisite: first-year student status.","21","21","0","0","0","FYS","Brandwein, Rachel","{'fsnum': '31164', 'name': 'Brandwein, Rachel'}","100","20","","0","","0","Top: The Creative Learning Workshop","Section topic: The Creative Learning Workshop","120","{'day': 'Tu', 'end': '13:10', 'location': 'CHM 232', 'start': '23:45'};{'day': 'Th', 'end': '14:05', 'location': 'CHM 232', 'start': '12:45'}","False","first-year student status.","V","1","C","20261","First-Year Seminar","Topic","2026"
"0000169995","1.0","0000036173","FYS","This course emphasizes critical thinking, conversation, collaboration, and academic habits for the liberal arts. Students learn key skills like locating and evaluating academic sources, as well as reading, reflecting, and responding to texts. Students cultivate their own curiosity while also learning how to engage in community, better understanding their responsibilities to each other. This course is open to first-year students and a limited number of sophomores. Prerequisite: first-year student status.","21","21","0","0","0","FYS","Engleman, Tracey M.","{'fsnum': '14781', 'name': 'Engleman, Tracey M.'}","100","20","","0","","0","Top: The Music that Shapes Us","Section topic: The Music that Shapes Us: Popular Music and Culture from the     ;1960's-Today","120","{'day': 'Tu', 'end': '14:45', 'location': 'CAD 202', 'start': '13:20'};{'day': 'Th', 'end': '15:35', 'location': 'CAD 202', 'start': '14:15'}","False","first-year student status.","W","1","C","20261","First-Year Seminar","Topic","2026"
"0000170035","1.0","0000036173","FYS","This course emphasizes critical thinking, conversation, collaboration, and academic habits for the liberal arts. Students learn key skills like locating and evaluating academic sources, as well as reading, reflecting, and responding to texts. Students cultivate their own curiosity while also learning how to engage in community, better understanding their responsibilities to each other. This course is open to first-year students and a limited number of sophomores. Prerequisite: first-year student status.","21","21","0","0","0","FYS","Parmar, Nissa","{'fsnum': '9002679', 'name': 'Parmar, Nissa'}","100","20","","0","","0","Top: Global Folktales","Section topic: Global Folktales","120","{'day': 'Tu', 'end': '14:45', 'location': 'TOH 112', 'start': '13:20'};{'day': 'Th', 'end': '15:35', 'location': 'TOH 112', 'start': '14:15'}","False","first-year student status.","X","1","C","20261","First-Year Seminar","Topic","2026"
"0000172921","1.0","0000036173","FYS","Throughout history, gardens have been spaces of cultivation, experimentation, discovery, and reflection. Many notable artists and thinkers have turned to gardening as both a refuge and exploration of being in right-relationship with the natural world. How can gardens help us to navigate the complexities of contemporary life as sites where we can explore alternative ways of collaborating with human and non-human beings? Can a hopeful, constructive imagination be cultivated through the practice of gardening? In this First-Year Seminar we will consider these questions by reading a variety of texts, holding small-group and full-class discussions, and writing regular reflective journal entries. We will also visit several local gardens and green spaces where we will practice slow looking and field drawing/journaling. Our semester will culminate in the creation of a collaborative, hand-bound book about (literal, imagined, or metaphorical) gardens with written and visual entries from each class participant.","21","21","0","0","0","FYS","Tanaka, Anda","{'fsnum': '9002559', 'name': 'Tanaka, Anda'}","100","20","","0","","0","Top: Creatives in the Garden","Section topic: Creatives in the Garden","120","{'day': 'Mo', 'end': '08:55', 'location': 'CAD 202', 'start': '08:00'};{'day': 'We', 'end': '08:55', 'location': 'CAD 202', 'start': '08:00'};{'day': 'Fr', 'end': '08:55', 'location': 'CAD 202', 'start': '08:00'}","False","False","Y","1","C","20261","First-Year Seminar","Topic","2026"
"0000172922","1.0","0000036173","FYS","Dutch Historian Johan Huizinga designates the spaces in which we play games as ""temporary worlds within the ordinary world, dedicated to the performance of an act apart."" One might say the same of college, a particular kind of space where students come together to learn and grow in ways that prepare them to thrive in the ""ordinary world"" they enter after graduation. Students in this seminar will draw from the world of tabletop games and texts about games (both practical and philosophical) to learn how to apply good game design to creating a productive and enjoyable college experience. Students will discuss readings, play a variety of tabletop games (some educational and some designed for leisure), and work in groups to create, prototype, and playtest games every few weeks. Students will end the term with one revised and polished game. Writing will include design documents, instructional and marketing text, and reflections.","20","20","0","0","0","FYS","Shaiman, Jennifer","{'fsnum': '30174', 'name': 'Shaiman, Jennifer'}","100","20","","0","","0","Top: Designing Games/Coll Success","Section topic: Designing Games for College Success","120","{'day': 'Mo', 'end': '12:45', 'location': 'CAD 202', 'start': '23:50'};{'day': 'We', 'end': '12:45', 'location': 'CAD 202', 'start': '23:50'};{'day': 'Fr', 'end': '12:45', 'location': 'CAD 202', 'start': '23:50'}","False","False","Z","1","C","20261","First-Year Seminar","Topic","2026"
"0000169856","","0000036590","FYS","","12","12","0","0","0","","Staff","{'fsnum': '', 'name': 'Staff'}","100","15","","","","","SOAR Discussion","SOAR Discussion meets on September 17, October 1, 15, 22, November 5 and 19.","120","{'day': 'Th', 'end': '12:30', 'location': 'RML 520', 'start': '23:30'}","False","","A","1","O","20261","","Discussion","2026"
"0000169857","","0000036590","FYS","","13","13","0","0","0","","Staff","{'fsnum': '', 'name': 'Staff'}","100","15","","","","","SOAR Discussion","SOAR Discussion meets on September 17, October 1, 15, 22, November 5 and 19.","120","{'day': 'Th', 'end': '12:30', 'location': 'HH 429', 'start': '23:30'}","False","","B","1","O","20261","","Discussion","2026"
"0000169858","","0000036590","FYS","","14","14","0","0","0","","Staff","{'fsnum': '', 'name': 'Staff'}","100","16","","","","","SOAR Discussion","SOAR Discussion meets on September 17, October 1, 15, 22, November 5 and 19.","120","{'day': 'Th', 'end': '12:30', 'location': 'RNS 124', 'start': '23:30'}","False","","D","1","O","20261","","Discussion","2026"
"0000169859","","0000036590","FYS","","16","16","0","0","0","","Staff","{'fsnum': '', 'name': 'Staff'}","100","16","","","","","SOAR Discussion","SOAR Discussion meets on September 17, October 1, 15, 22, November 5 and 19.","120","{'day': 'Th', 'end': '12:30', 'location': 'RML 420', 'start': '23:30'}","False","","E","1","C","20261","","Discussion","2026"
"0000169860","","0000036590","FYS","","16","16","0","0","0","","Staff","{'fsnum': '', 'name': 'Staff'}","100","16","","","","","SOAR Discussion","SOAR Discussion meets on September 17, October 1, 15, 22, November 5 and 19.","120","{'day': 'Th', 'end': '12:30', 'location': 'RML 515', 'start': '23:30'}","False","","F","1","C","20261","","Discussion","2026"
"0000169861","","0000036590","FYS","","20","20","0","0","0","","Staff","{'fsnum': '', 'name': 'Staff'}","100","20","","","","","SOAR Discussion","SOAR Discussion meets on September 17, October 1, 15, 22, November 5 and 19.","120","{'day': 'Th', 'end': '12:30', 'location': 'TOH 214', 'start': '23:30'}","False","","G","1","C","20261","","Discussion","2026"
"0000169890","","0000036590","FYS","","21","21","0","0","0","","Staff","{'fsnum': '', 'name': 'Staff'}","100","20","","","","","SOAR Discussion","SOAR Discussion meets on September 17, October 1, 15, 22, November 5 and 19.","120","{'day': 'Th', 'end': '12:30', 'location': 'RML 525', 'start': '23:30'}","False","","H","1","C","20261","","Discussion","2026"
"0000169850","","0000036590","FYS","","19","19","0","0","0","","Staff","{'fsnum': '', 'name': 'Staff'}","100","19","","","","","SOAR Discussion","SOAR Discussion meets on September 17, October 1, 15, 22, November 5 and 19.","120","{'day': 'Th', 'end': '12:30', 'location': 'TOH 308', 'start': '23:30'}","False","","I","1","C","20261","","Discussion","2026"
"0000169851","","0000036590","FYS","","20","20","0","0","0","","Staff","{'fsnum': '', 'name': 'Staff'}","100","20","","","","","SOAR Discussion","SOAR Discussion meets on September 17, October 1, 15, 22, November 5 and 19.","120","{'day': 'Th', 'end': '12:30', 'location': 'TOH 310', 'start': '23:30'}","False","","J","1","C","20261","","Discussion","2026"
"0000169862","","0000036590","FYS","","20","20","0","0","0","","Staff","{'fsnum': '', 'name': 'Staff'}","100","20","","","","","SOAR Discussion","SOAR Discussion meets on September 17, October 1, 15, 22, November 5 and 19.","120","{'day': 'Th', 'end': '12:30', 'location': 'TOH 312', 'start': '23:30'}","False","","K","1","C","20261","","Discussion","2026"
"0000169863","","0000036590","FYS","","20","19","0","1","0","","Staff","{'fsnum': '', 'name': 'Staff'}","100","20","","","","","SOAR Discussion","SOAR Discussion meets on September 17, October 1, 15, 22, November 5 and 19.","120","{'day': 'Th', 'end': '12:30', 'location': 'TOH 314', 'start': '23:30'}","False","","L","1","C","20261","","Discussion","2026"
"0000169864","","0000036590","FYS","","21","21","0","0","0","","Staff","{'fsnum': '', 'name': 'Staff'}","100","20","","","","","SOAR Discussion","SOAR Discussion meets on September 17, October 1, 15, 22, November 5 and 19.","120","{'day': 'Th', 'end': '12:30', 'location': 'TOH 316', 'start': '23:30'}","False","","M","1","C","20261","","Discussion","2026"
"0000169865","","0000036590","FYS","","21","21","0","0","0","","Staff","{'fsnum': '', 'name': 'Staff'}","100","20","","","","","SOAR Discussion","SOAR Discussion meets on September 17, October 1, 15, 22, November 5 and 19.","120","{'day': 'Th', 'end': '12:30', 'location': 'TOH 110', 'start': '23:30'}","False","","N","1","C","20261","","Discussion","2026"
"0000169893","","0000036590","FYS","","21","21","0","0","0","","Staff","{'fsnum': '', 'name': 'Staff'}","100","20","","","","","SOAR Discussion","SOAR Discussion meets on September 17, October 1, 15, 22, November 5 and 19.","120","{'day': 'Th', 'end': '12:30', 'location': 'RNS 410', 'start': '23:30'}","False","","O","1","C","20261","","Discussion","2026"
"0000169892","","0000036590","FYS","","17","17","0","0","0","","Staff","{'fsnum': '', 'name': 'Staff'}","100","20","","","","","SOAR Discussion","SOAR Discussion meets on September 17, October 1, 15, 22, November 5 and 19.","120","{'day': 'Th', 'end': '12:30', 'location': 'RNS 390', 'start': '23:30'}","False","","P","1","O","20261","","Discussion","2026"
"0000169866","","0000036590","FYS","","20","20","0","0","0","","Staff","{'fsnum': '', 'name': 'Staff'}","100","20","","","","","SOAR Discussion","SOAR Discussion meets on September 17, October 1, 15, 22, November 5 and 19.","120","{'day': 'Th', 'end': '12:30', 'location': 'HH 433', 'start': '23:30'}","False","","Q","1","C","20261","","Discussion","2026"
"0000169867","","0000036590","FYS","","20","20","0","0","0","","Staff","{'fsnum': '', 'name': 'Staff'}","100","20","","","","","SOAR Discussion","SOAR Discussion meets on September 17, October 1, 15, 22, November 5 and 19.","120","{'day': 'Th', 'end': '12:30', 'location': 'HH 434', 'start': '23:30'}","False","","R","1","C","20261","","Discussion","2026"
"0000169868","","0000036590","FYS","","21","21","0","0","0","","Staff","{'fsnum': '', 'name': 'Staff'}","100","20","","","","","SOAR Discussion","SOAR Discussion meets on September 17, October 1, 15, 22, November 5 and 19.","120","{'day': 'Th', 'end': '12:30', 'location': 'HH 522', 'start': '23:30'}","False","","S","1","C","20261","","Discussion","2026"
"0000169869","","0000036590","FYS","","20","20","0","0","0","","Staff","{'fsnum': '', 'name': 'Staff'}","100","20","","","","","SOAR Discussion","SOAR Discussion meets on September 17, October 1, 15, 22, November 5 and 19.","120","{'day': 'Th', 'end': '12:30', 'location': 'HH 523', 'start': '23:30'}","False","","T","1","C","20261","","Discussion","2026"
"0000169870","","0000036590","FYS","","19","18","0","1","0","","Staff","{'fsnum': '', 'name': 'Staff'}","100","20","","","","","SOAR Discussion","SOAR Discussion meets on September 17, October 1, 15, 22, November 5 and 19.","120","{'day': 'Th', 'end': '12:30', 'location': 'RML 421', 'start': '23:30'}","False","","U","1","O","20261","","Discussion","2026"
"0000169895","","0000036590","FYS","","21","21","0","0","0","","Staff","{'fsnum': '', 'name': 'Staff'}","100","20","","","","","SOAR Discussion","SOAR Discussion meets on September 17, October 1, 15, 22, November 5 and 19.","120","{'day': 'Th', 'end': '12:30', 'location': 'RNS 210', 'start': '23:30'}","False","","V","1","C","20261","","Discussion","2026"
"0000169896","","0000036590","FYS","","21","21","0","0","0","","Staff","{'fsnum': '', 'name': 'Staff'}","100","20","","","","","SOAR Discussion","SOAR Discussion meets on September 17, October 1, 15, 22, November 5 and 19.","120","{'day': 'Th', 'end': '12:30', 'location': 'RNS 297', 'start': '23:30'}","False","","W","1","C","20261","","Discussion","2026"
"0000169897","","0000036590","FYS","","21","21","0","0","0","","Staff","{'fsnum': '', 'name': 'Staff'}","100","20","","","","","SOAR Discussion","SOAR Discussion meets on September 17, October 1, 15, 22, November 5 and 19.","120","{'day': 'Th', 'end': '12:30', 'location': 'RNS 310', 'start': '23:30'}","False","","X","1","C","20261","","Discussion","2026"
"0000172923","","0000036590","FYS","","21","21","0","0","0","","Staff","{'fsnum': '', 'name': 'Staff'}","100","20","","","","","SOAR Discussion","SOAR Discussion meets on September 17, October 1, 15, 22, November 5 and 19.","120","{'day': 'Th', 'end': '12:30', 'location': 'HH 111', 'start': '23:30'}","False","","Y","1","C","20261","","Discussion","2026"
"0000172924","","0000036590","FYS","","20","20","0","0","0","","Staff","{'fsnum': '', 'name': 'Staff'}","100","20","","","","","SOAR Discussion","SOAR Discussion meets on September 17, October 1, 15, 22, November 5 and 19.","120","{'day': 'Th', 'end': '12:30', 'location': 'RNS 290', 'start': '23:30'}","False","","Z","1","C","20261","","Discussion","2026"
"0000169116","1.0","0000000504","GERM","Students begin to learn German through listening, speaking, reading, and writing about situations familiar to them including their personal biographies, families, daily life, studies, travels, and hobbies. Regular writing assignments help students learn vocabulary, check spelling, and form thoughts with German sentence structure. Regular speaking activities aid in acquiring accurate pronunciation and listening skills. Offered annually in the fall semester. Does not count toward German major or concentration.","15","13","0","2","0","","Kancans, Vincent","{'fsnum': '9006313', 'name': 'Kancans, Vincent'}","100","24","","","","","Beginning German I","Registration open to students who place into GERM 111","111","{'day': 'Mo', 'end': '08:55', 'location': 'TOH 212', 'start': '08:00'};{'day': 'We', 'end': '08:55', 'location': 'TOH 212', 'start': '08:00'};{'day': 'Fr', 'end': '08:55', 'location': 'TOH 212', 'start': '08:00'}","False","False","A","1","O","20261","","Research","2026"
"0000169117","1.0","0000000504","GERM","Students begin to learn German through listening, speaking, reading, and writing about situations familiar to them including their personal biographies, families, daily life, studies, travels, and hobbies. Regular writing assignments help students learn vocabulary, check spelling, and form thoughts with German sentence structure. Regular speaking activities aid in acquiring accurate pronunciation and listening skills. Offered annually in the fall semester. Does not count toward German major or concentration.","24","20","2","1","1","","Randall, Amanda","{'fsnum': '27192', 'name': 'Randall, Amanda'}","100","24","","","","","Beginning German I","Registration open to students who place into GERM 111","111","{'day': 'Mo', 'end': '10:00', 'location': 'TOH 212', 'start': '09:05'};{'day': 'We', 'end': '10:00', 'location': 'TOH 212', 'start': '09:05'};{'day': 'Fr', 'end': '10:00', 'location': 'TOH 212', 'start': '09:05'}","False","False","B","1","C","20261","","Research","2026"
"0000169471","1.0","0000000508","GERM","Students explore notions of identity and belonging through the lens of German-speaking societies. They interpret written texts, films, and images that deal with those themes and examine how their own experiences, perspectives, and interests influence how they understand the texts. Students deepen their vocabulary and writing skills through collaborative and iterative writing tasks, and gain confidence synthesizing information and expressing opinions orally through interactive speaking tasks, short presentations, and reflective speaking activities. Prerequisite: GERM 112 or by placement test.","25","3","5","13","4","","Vosburg, Nora","{'fsnum': '32164', 'name': 'Vosburg, Nora'}","200","24","","5","15","1","Intermed German I","Prerequisite: GERM 112 or by placement test.","231","{'day': 'Mo', 'end': '11:40', 'location': 'TOH 212', 'start': '10:45'};{'day': 'We', 'end': '11:40', 'location': 'TOH 212', 'start': '10:45'};{'day': 'Fr', 'end': '11:40', 'location': 'TOH 212', 'start': '10:45'}","False","GERM 112 or by placement test.","A","1","C","20261","Intermediate German I","Research","2026"
"0000169472","1.0","0000000508","GERM","Students explore notions of identity and belonging through the lens of German-speaking societies. They interpret written texts, films, and images that deal with those themes and examine how their own experiences, perspectives, and interests influence how they understand the texts. Students deepen their vocabulary and writing skills through collaborative and iterative writing tasks, and gain confidence synthesizing information and expressing opinions orally through interactive speaking tasks, short presentations, and reflective speaking activities. Prerequisite: GERM 112 or by placement test.","13","5","3","4","1","","Kancans, Vincent","{'fsnum': '9006313', 'name': 'Kancans, Vincent'}","200","24","","5","15","1","Intermed German I","Prerequisite: GERM 112 or by placement test.","231","{'day': 'Mo', 'end': '14:55', 'location': 'TOH 212', 'start': '14:00'};{'day': 'We', 'end': '14:55', 'location': 'TOH 212', 'start': '14:00'};{'day': 'Fr', 'end': '14:55', 'location': 'TOH 212', 'start': '14:00'}","False","GERM 112 or by placement test.","B","1","O","20261","Intermediate German I","Research","2026"
"0000169358","1.0","0000000515","GERM","Students examine the National Socialist period (1933-1945), its embedding in cultural memory, and its implications for contemporary society. Students discuss and analyze literary and audio/visual texts that emerged from or reflect upon diverse experiences of oppression, violence, destruction and resistance under Nazism. The course is writing intensive and includes short weekly assignments as well as several longer, multi-step writing projects. Advanced grammar review supports analytical tasks. Taught in German. A one-hour weekly small group discussion section led by a native German speaker is required. Offered annually in fall semester. Prerequisite: GERM 232 or by placement test.","11","2","3","5","1","ALS-L;FOL-G;WAC;WLC;WRI","Randall, Amanda","{'fsnum': '27192', 'name': 'Randall, Amanda'}","200","20","","","","","History and Memory","Prerequisite: GERM 232 or by placement test                                     ;Students registering for GERM 251 must also register for GERM 251 discussion.","251","{'day': 'Tu', 'end': '13:10', 'location': 'TOH 314', 'start': '23:45'};{'day': 'Th', 'end': '14:05', 'location': 'TOH 314', 'start': '12:45'}","False","GERM 232 or by placement test.","","1","O","20261","","Research","2026"
"0000169359","","0000038310","GERM","","11","2","3","5","1","","Randall, Amanda","{'fsnum': '27192', 'name': 'Randall, Amanda'}","200","20","","","","","History and Memory Discussion","One-hour weekly weekly small group discussion, led by a native German speaker.  ;Meeting times will be determined at the beginning of the semester in            ;consultation with the leader and the students.","251","","False","","","1","O","20261","","Discussion","2026"
"0000171945","1.0","0000042875","GERM","In this course, students read core theories of translation and translators' reflections, assess existing translations of well-known German works, and create their own translations, collectively and individually, from a variety of text genres, including literary prose, poetry, film subtitling and essays. There is space for students to pursue their own topic interests and hone advanced German skills through reflective and analytical writing and presentations. Taught in German. Prerequisite: At least one 250-level GERM course or with instructor permission.","10","0","0","3","7","CRE;WAC","Randall, Amanda","{'fsnum': '27192', 'name': 'Randall, Amanda'}","200","20","","","","","Top: Translation Theory & Practice","Prerequisites: GERM 251, GERM 252, or permission of the instructor","275","{'day': 'Mo', 'end': '14:55', 'location': 'TOH 108', 'start': '14:00'};{'day': 'We', 'end': '14:55', 'location': 'TOH 108', 'start': '14:00'};{'day': 'Fr', 'end': '14:55', 'location': 'TOH 108', 'start': '14:00'}","False","At least one 250-level GERM course or with instructor permission.","","1","O","20261","Topics in Literary Analysis: Meaning and Form","Topic","2026"
"0000171803","1.0","0000000539","GREEK","In this two-course sequence students learn the basics of ancient Greek. By studying the language's vocabulary, grammar, and syntax, they not only gain appreciation for its intricacies and nuances but also learn more about their own language and about language in general. Completion of both GREEK 111 and GREEK 112 equips students to translate almost any ancient Greek text with the aid of a dictionary. Offered annually in the fall semester.","13","8","1","3","1","","Helms, Kyle","{'fsnum': '30106', 'name': 'Helms, Kyle'}","100","25","","","","","Beginning Greek I","","111","{'day': 'Mo', 'end': '10:00', 'location': 'TOH 112', 'start': '09:05'};{'day': 'We', 'end': '10:00', 'location': 'TOH 112', 'start': '09:05'};{'day': 'Fr', 'end': '10:00', 'location': 'TOH 112', 'start': '09:05'}","False","False","A","1","O","20261","","Research","2026"
"0000171804","1.0","0000000539","GREEK","In this two-course sequence students learn the basics of ancient Greek. By studying the language's vocabulary, grammar, and syntax, they not only gain appreciation for its intricacies and nuances but also learn more about their own language and about language in general. Completion of both GREEK 111 and GREEK 112 equips students to translate almost any ancient Greek text with the aid of a dictionary. Offered annually in the fall semester.","11","5","2","4","0","","Helms, Kyle","{'fsnum': '30106', 'name': 'Helms, Kyle'}","100","25","","","","","Beginning Greek I","","111","{'day': 'Mo', 'end': '14:55', 'location': 'OM 110', 'start': '14:00'};{'day': 'We', 'end': '14:55', 'location': 'OM 110', 'start': '14:00'};{'day': 'Fr', 'end': '14:55', 'location': 'OM 110', 'start': '14:00'}","False","False","B","1","O","20261","","Research","2026"
"0000171805","1.0","0000000541","GREEK","Third-semester Greek students translate selections from Plato's dialogues (Apology, Crito, Phaedo) while reviewing vocabulary, grammar, and syntax. Topics for class discussion include the life and death of Socrates and the significance of the dialogues as works of literature. Offered annually in the fall semester. Prerequisite: GREEK 112 or equivalent.","8","1","3","2","2","FOL-K;WLC","Groton, Anne","{'fsnum': '2771', 'name': 'Groton, Anne'}","200","15","","","","","Intermediate Greek","","231","{'day': 'Mo', 'end': '13:50', 'location': 'TOH 300', 'start': '12:55'};{'day': 'We', 'end': '13:50', 'location': 'TOH 300', 'start': '12:55'};{'day': 'Fr', 'end': '13:50', 'location': 'TOH 300', 'start': '12:55'}","False","GREEK 112 or equivalent.","","1","O","20261","","Research","2026"
"0000171806","1.0","0000000545","GREEK","Students translate selections from one or more genres of ancient Greek literature while exploring a specific topic or theme chosen by the instructor. Close study of the text is combined with discussion of broader literary, historical, and cultural questions. Sample topics: ""Tales of Odysseus,"" ""Hellenistic Greek,"" ""Famous Speeches in Ancient Greek Texts."" Offered periodically in the fall or the spring semester. Prerequisite: GREEK 231 or equivalent.","6","0","1","0","5","FOL-K;WLC","Groton, Anne","{'fsnum': '2771', 'name': 'Groton, Anne'}","300","15","","","","","Top: Alcibiades in Fact and Fiction","","370","{'day': 'Mo', 'end': '14:55', 'location': 'TOH 300', 'start': '14:00'};{'day': 'We', 'end': '14:55', 'location': 'TOH 300', 'start': '14:00'};{'day': 'Fr', 'end': '14:55', 'location': 'TOH 300', 'start': '14:00'}","False","GREEK 231 or equivalent.","","1","O","20261","Topics in Greek Literature","Topic","2026"
"0000172052","1.0","0000026169","GSS","Required for the gender and sexuality studies major and concentration, this course introduces students to the concept of gender as a category of analysis. It is designed for students who seek a fuller understanding of themselves as gendered individuals living in a gendered society - all genders are encouraged to participate! Offered each semester.","19","1","7","4","7","","Horton, Dana R.","{'fsnum': '35059', 'name': 'Horton, Dana R.'}","100","24","","7","6","7","Intro Gender/Sexuality St","This course has class-year limits.","121","{'day': 'Mo', 'end': '13:50', 'location': 'RML 421', 'start': '12:55'};{'day': 'We', 'end': '13:50', 'location': 'RML 421', 'start': '12:55'};{'day': 'Fr', 'end': '13:50', 'location': 'RML 421', 'start': '12:55'}","False","False","A","1","O","20261","Introduction to Gender and Sexuality Studies","Research","2026"
"0000172053","1.0","0000026169","GSS","Required for the gender and sexuality studies major and concentration, this course introduces students to the concept of gender as a category of analysis. It is designed for students who seek a fuller understanding of themselves as gendered individuals living in a gendered society - all genders are encouraged to participate! Offered each semester.","21","11","1","5","4","","Rose McManus, Emily J.","{'fsnum': '9002653', 'name': 'Rose McManus, Emily J.'}","100","24","","","","","Intro Gender/Sexuality St","","121","{'day': 'Tu', 'end': '11:00', 'location': 'OM 020', 'start': '09:35'};{'day': 'Th', 'end': '10:50', 'location': 'OM 020', 'start': '09:30'}","False","False","B","1","O","20261","Introduction to Gender and Sexuality Studies","Research","2026"
"0000172350","1.0","0000040260","GSS","This course covers a wide range of approaches to trans (from gender identity, gender expression, to trans as a method and a theory). Students examine a number of topics including: definitions and language; the binary gender system and its effects on trans life; the history of the trans movement; the legal, social, and medical aspects of transition; transnational perspectives of trans experience; decolonial approaches to trans experience; and socio-political issues of trans life. Offered periodically.","25","0","7","6","12","PAR","Malaver, Lau M.","{'fsnum': '35077', 'name': 'Malaver, Lau M.'}","100","24","","","","","Introduction to Trans Studies","","175","{'day': 'Mo', 'end': '12:45', 'location': 'RML 421', 'start': '23:50'};{'day': 'We', 'end': '12:45', 'location': 'RML 421', 'start': '23:50'};{'day': 'Fr', 'end': '12:45', 'location': 'RML 421', 'start': '23:50'}","False","False","","1","C","20261","","Research","2026"
"0000169352","1.0","0000040261","GSS","Hip Hop Feminism combines Womanist Thought with Hip Hop. Hip Hop Feminism engages with the contradictions of identifying as feminist while still enjoying misogynistic aspects of Hip Hop. This course discusses aspects of Hip Hop culture that relate to Black womanhood and girlhood, such as double-dutch, hair braiding, twerking, and playground games Students engage with core Hip Hop Feminism concepts such as ""the personal is political,"" respectability politics, intersectionality, Black Girl Magic, and radical self-love. Offered periodically.","21","1","7","0","13","CRE","Horton, Dana R.","{'fsnum': '35059', 'name': 'Horton, Dana R.'}","200","20","4","","4","","Hip Hop Feminism","This course is open to a limited-number of rising sophomores and incoming       ;first-year students.","255","{'day': 'Mo', 'end': '14:55', 'location': 'RML 421', 'start': '14:00'};{'day': 'We', 'end': '14:55', 'location': 'RML 421', 'start': '14:00'};{'day': 'Fr', 'end': '14:55', 'location': 'RML 421', 'start': '14:00'}","False","False","","1","C","20261","","Research","2026"
"0000172831","1.0","0000026171","GSS","Independent work is guided by a faculty member. Students need to have the necessary background, including appropriate coursework, before an independent project is approved. A student may not substitute an IS/IR course for a course regularly offered in a department or program. IS/IR culminates in at least one product (a paper, laboratory report, work of art, etc.). Normally, the student and faculty instructor are expected to meet at least once a week. See catalog for more information under registration and course enrollment. Prerequisite: at least second-year standing; at least 2 relevant courses for 298 (IS); approval from the faculty instructor, the academic advisor, and the department chair or program director.","1","0","0","0","1","","Alenuma, Sidonia","{'fsnum': '33074', 'name': 'Alenuma, Sidonia'}","200","0","","","","","IS/Feminist Theories on Development","","298","","False","at least second-year standing; at least 2 relevant courses for 298 (IS); approval from the faculty instructor, the academic advisor, and the department chair or program director.","A","1","C","20261","Independent Study","Research","2026"
"0000169361","1.0","0000040262","HIST","Students investigate notions of witchcraft, magic and the supernatural in Europe from the medieval period to today, survey beliefs and practices around the globe, and dive deep in the 17th century witch trials in early modern England. In addition to studying instructor-provided case studies, students prepare a ""teach-in"" day in pairs on a topic of their choosing, participate in a trial simulation, and examine written and visual primary sources. Offered annually in fall semester.","28","0","8","0","20","GHS","Earls, Averill","{'fsnum': '33976', 'name': 'Earls, Averill'}","100","27","","","","","History of Witchcraft","","111","{'day': 'Mo', 'end': '10:00', 'location': 'HH 111', 'start': '09:05'};{'day': 'We', 'end': '10:00', 'location': 'HH 111', 'start': '09:05'};{'day': 'Fr', 'end': '10:00', 'location': 'HH 111', 'start': '09:05'}","False","False","","1","C","20261","History of Witchcraft in Europe","Research","2026"
"0000169977","1.0","0000041577","HIST","This course views the history and legacy of the World Wars through three thematic lenses: the shock of modernity, the contradictions of empire, and collective memory. From the metropole to the colonial periphery, individuals in the largest cities and the smallest villages experienced rapid and seismic upheaval, including extraordinary technological change, political and social revolution, economic depression, totalitarianism, nuclear war, and the Holocaust.","28","2","5","16","5","GHS","Wilz, Patrick","{'fsnum': '33927', 'name': 'Wilz, Patrick'}","100","28","","","","","WWI-WWII","","123","{'day': 'Mo', 'end': '14:55', 'location': 'HH 502', 'start': '14:00'};{'day': 'We', 'end': '14:55', 'location': 'HH 502', 'start': '14:00'};{'day': 'Fr', 'end': '14:55', 'location': 'HH 502', 'start': '14:00'}","False","False","","1","C","20261","The World Wars: Conflict, Culture and the Birth of the Modern World","Research","2026"
"0000172557","1.0","0000023948","HIST","This course introduces students to the historical forces leading to and scholarly debates about slavery in African history. Students examine the nature and development of domestic slavery to the 19th century as well as the slave trade systems across the Saharan Desert and the Atlantic Ocean. Students ""do history"" using primary sources to retrieve the African voices and agency in discussions of the slave trade and debate themes such as ethnicity, kinship, state formation, and colonialism. Offered annually. Prerequisite: first-year student standing.","0","0","0","0","0","GHS;MCG;MCS-G","Iddrisu, Abdulai","{'fsnum': '21082', 'name': 'Iddrisu, Abdulai'}","100","0","","","","","Slavery in African Hist","","151","{'day': 'Tu', 'end': '13:10', 'location': 'OM 010', 'start': '23:45'};{'day': 'Th', 'end': '14:05', 'location': 'OM 010', 'start': '12:45'}","False","first-year student standing.","","1","X","20261","Slavery in African History","Research","2026"
"0000172559","1.0","0000043171","HIST","In this class, students use primary source readings from the 12th, 13th, and 14th centuries to get a closer look at the human lives and histories of those living in East Asia, Persia, and Europe during the time of the Mongol conquests and subsequent imperial rule. As the class unfolds, students develop basic research knowledge and skills including in-depth interpretation of sources and research-based academic writing. Offered periodically.","29","11","6","8","4","GHS","Becklin, Eric R.","{'fsnum': '20451', 'name': 'Becklin, Eric R.'}","100","28","","","","","Mongols: Global History of Eurasia","","166","{'day': 'Tu', 'end': '13:10', 'location': 'TOH 210', 'start': '23:45'};{'day': 'Th', 'end': '14:05', 'location': 'TOH 210', 'start': '12:45'}","False","False","","1","C","20261","The Mongols: Global History of Eurasia","Research","2026"
"0000170048","1.0","0000000572","HIST","Selected topics in historical studies, depending on instructor. Offered periodically.","28","1","3","21","3","GHS;HWC","Sackrison, Caitlin","{'fsnum': '9002442', 'name': 'Sackrison, Caitlin'}","100","28","","","","","Top: Norwegian Migration to MN","","188","{'day': 'Mo', 'end': '11:40', 'location': 'TOH 310', 'start': '10:45'};{'day': 'We', 'end': '11:40', 'location': 'TOH 310', 'start': '10:45'};{'day': 'Fr', 'end': '11:40', 'location': 'TOH 310', 'start': '10:45'}","False","False","A","1","C","20261","Topical Seminar","Topic","2026"
"0000172353","1.0","0000000572","HIST","While ideas abound about how best to solve problems in the ""Middle East,"" few understand the extreme diversity of the region or the political fault lines that undergird the various regimes currently holding power. While many Americans have recently developed an intense fascination with the ""Question of Palestine,"" few understand how that issue fits into the broader set of questions that plague what has only recently been labeled the ""Middle East."" In this course, we will examine the emergence of the ""Modern Middle East"" out of the wreckage of the World Wars and the disintegration of empires that those wars wrought. We will learn to situate the conflict in Palestine within the broader trends of Arab nationalism and, later, rising Islamism. We will take the influence of religions and religious narratives on the region seriously without resorting to maximalist caricatures. Ultimately, we will weave together a broad contextual understanding in which to situate the conflicts we see daily reflected in our news outlets and social media feeds.","11","7","0","4","0","GHS;HWC","Lippman, Erich","{'fsnum': '9005188', 'name': 'Lippman, Erich'}","100","30","","","","","Top: Modern Middle East","","188","{'day': 'Tu', 'end': '09:25', 'location': 'HH 502', 'start': '08:00'};{'day': 'Th', 'end': '09:20', 'location': 'HH 502', 'start': '08:00'}","False","False","B","1","O","20261","Topical Seminar","Topic","2026"
"0000171602","1.0","0000000573","HIST","This course examines the historical roots of modern culture and institutions from the earliest records of the Ancient Middle East and Mediterranean to Medieval Europe. Through a multi-disciplinary approach, students analyze the evolution of ubiquitous modern systems such as base-6 time keeping (60 seconds in a minute, 60 minutes in an hour, 24 hours in a day), trial by jury, ""school"" and the liberal arts university, ""money,"" enslavement, democracy, republic, monarchy and settler colonialism and imperialism. Offered annually.","0","0","0","0","0","GHS;HWC","Howe, Tim R.","{'fsnum': '15815', 'name': 'Howe, Tim R.'}","100","0","","","","","Middle East and Europe to 1500","","190","{'day': 'Mo', 'end': '14:55', 'location': 'HH 501', 'start': '14:00'};{'day': 'We', 'end': '14:55', 'location': 'HH 501', 'start': '14:00'};{'day': 'Fr', 'end': '14:55', 'location': 'HH 501', 'start': '14:00'}","False","False","","1","X","20261","The Roots of Our Modern World: Middle East and Europe to 1500","Research","2026"
"0000172637","1.0","0000000605","HIST","An overview of the evolution of Latin American societies since 1750, this course examines the consequences of independence, 19th-century economic imperialism, and 20th-century transitions to more urbanized, industrialized ways of life. Students examine major Latin American nations and compare their revolutionary and counter-revolutionary trajectories toward the establishment of authoritarian states. Languages Across the Curriculum (LAC) course is often available in Spanish. Offered periodically.","26","6","5","14","1","GHS;MCG;MCS-G;PAR","Norris, Nathan C.","{'fsnum': '9005423', 'name': 'Norris, Nathan C.'}","100","28","","","","","Modern Latin America","","193","{'day': 'Mo', 'end': '14:55', 'location': 'TOH 114', 'start': '14:00'};{'day': 'We', 'end': '14:55', 'location': 'TOH 114', 'start': '14:00'};{'day': 'Fr', 'end': '14:55', 'location': 'TOH 114', 'start': '14:00'}","False","False","","1","O","20261","","Research","2026"
"0000169330","1.0","0000000576","HIST","This survey course challenges students to break out of their European protective shields and ""imaginings"" and to think globally, while appreciating the contributions of other civilizations that have had such a telling impact on the modern world. Through a rigorous analysis of a list of primary sources and assigned reading, the course examines the significant political, religious, social and economic developments of humankind, and strives for the global perspective. Some historical processes, as one historian aptly stated, are best studied on a global, rather than a single perspective. Offered annually.","22","4","4","10","4","GHS;MCG;MCS-G","Iddrisu, Abdulai","{'fsnum': '21082', 'name': 'Iddrisu, Abdulai'}","100","30","","","","","Global: 1500-Present","","195","{'day': 'Mo', 'end': '11:40', 'location': 'OM 310', 'start': '10:45'};{'day': 'We', 'end': '11:40', 'location': 'OM 310', 'start': '10:45'};{'day': 'Fr', 'end': '11:40', 'location': 'OM 310', 'start': '10:45'}","False","False","","1","O","20261","","Research","2026"
"0000169063","1.0","0000000577","HIST","This course examines the development of American culture and society from the Columbian encounter through the Civil War. Topics include the interaction of Europeans, Africans, and Indigenous peoples in early America; the social development of the British colonies; the evolution of American enslavement; the Revolution and the Constitution; industrialization, expansion, and reform in the 19th century; and the Civil War. Offered annually.","29","6","8","10","5","GHS;HWC;MCD;MCS-D;PAR","Hahn, Steve C.","{'fsnum': '13148', 'name': 'Hahn, Steve C.'}","100","30","","","","","America to 1865","","198","{'day': 'Mo', 'end': '11:40', 'location': 'OM 030', 'start': '10:45'};{'day': 'We', 'end': '11:40', 'location': 'OM 030', 'start': '10:45'};{'day': 'Fr', 'end': '11:40', 'location': 'OM 030', 'start': '10:45'}","False","False","","1","O","20261","American History to 1865","Research","2026"
"0000172321","1.0","0000000583","HIST","This seminar explores the development of the discipline of history, from its beginnings in the Ancient world to the present. Students investigate methodological and stylistic innovations in the Medieval and Early Modern periods that later formed the basis for history's emergence as an academic discipline in the nineteenth century. It features intellectual trends that have transformed historical research and writing over the last one-hundred years, resulting in a number of important ""turns"" influenced by other disciplines, ranging from sociology and anthropology to linguistics. In addition to reading some of the most influential texts in the discipline, students conduct research on a historiographical topic of their choosing.","15","0","10","1","4","GHS;WAC","Hahn, Steve C.","{'fsnum': '13148', 'name': 'Hahn, Steve C.'}","200","15","","","","","Sem: The History of History","","210","{'day': 'Mo', 'end': '13:50', 'location': 'TOH 110', 'start': '12:55'};{'day': 'We', 'end': '13:50', 'location': 'TOH 110', 'start': '12:55'};{'day': 'Fr', 'end': '13:50', 'location': 'TOH 110', 'start': '12:55'}","False","False","A","1","C","20261","Methods Seminar: European History","Seminar","2026"
"0000172354","1.0","0000000583","HIST","How and why did the utopian dreams of nineteenth-century European intellectuals become the ideological justifications for twentieth-century totalitarian regimes? How did theBolshevik revolution in the name of the workers and oppressed peoples lead to authoritarianism and mass terror? How were nineteenth-century romantic dreams of a unified German Volk appropriated in service to a racialized ""Volksgemeinschaft"" that fueled Nazi violence? This seminar begins with the intellectual history of utopianism. Inverted social hierarchies and re-conceptualized means of correcting or preventing injustice are favorite tropes in utopian literature and in plans for creating utopian societies. To our modern ears, this sounds progressive, no? If only we could redesign society with justice and individual human freedom in mind, everyone would benefit, right? Our task will be to consider where and how this type of thinking produces opportunities for greater equity and equality while also laying the groundwork for future exclusivity. The heart of the course will consider the two greatest perversions of utopianism in European history and their deadly, tragic consequences: Stalinism and Nazism. Through primary sources and scholarship on the ""history of everyday life,"" we will encounter a range of lived experiences of utopias in the making in the USSR and Germany.","15","0","6","6","3","GHS;WAC","Lippman, Erich","{'fsnum': '9005188', 'name': 'Lippman, Erich'}","200","15","","","","","Sem: Utopia and Terror","","210","{'day': 'Tu', 'end': '13:10', 'location': 'OM 020', 'start': '23:45'};{'day': 'Th', 'end': '14:05', 'location': 'OM 020', 'start': '12:45'}","False","False","B","1","C","20261","Methods Seminar: European History","Seminar","2026"
"0000172578","0.25","0000043254","HIST","","2","0","1","0","1","","Dossi, Giulia","{'fsnum': '9002450', 'name': 'Dossi, Giulia'}","200","10","","","","","LAC - Russian","Meeting time will be decided based on availability of the registered students.  ;Prerequisite: Completion of RUSSN 231 or equivalent experience. This course     ;cannot be wish listed. Add if after registering for HIST 210B (main course).","210","","False","","","1","O","20261","","FLAC","2026"
"0000171629","1.0","0000000593","HIST","This course surveys the history of France since 1815 and considers, across the arc of five republics, two monarchies, two Napoleonic empires, and one authoritarian regime, what it means to be French. Organizing themes include the revolutionary tradition and the notion of republicanism, industrialization's impact on society, the transformation of France in response to two catastrophic world wars, and contemporary challenges such as austerity and immigration. Language Across the Curriculum (LAC) course often available in French. Offered periodically.","15","0","3","6","6","GHS;HWC","Wilz, Patrick","{'fsnum': '33927', 'name': 'Wilz, Patrick'}","200","28","","","","","Modern France","","226","{'day': 'Mo', 'end': '11:40', 'location': 'HH 501', 'start': '10:45'};{'day': 'We', 'end': '11:40', 'location': 'HH 501', 'start': '10:45'};{'day': 'Fr', 'end': '11:40', 'location': 'HH 501', 'start': '10:45'}","False","False","","1","O","20261","","Research","2026"
"0000171604","1.0","0000038704","HIST","Who are my ancestors and how did they live? This family history workshop enables students to explore their roots and place their ancestors' experiences in historical context. Working primarily with online databases, students construct genealogies and employ archival sources to tell richer stories about family history of marriage and child rearing, migration, and work, while situating them within contemporary social and political contexts. Students communicate their findings by writing a family narrative or by composing an ArcGIS Story Map.","18","0","7","3","8","GHS","Hahn, Steve C.","{'fsnum': '13148', 'name': 'Hahn, Steve C.'}","200","18","","","","","Genealogy and History Workshop","","249","{'day': 'Mo', 'end': '21:00', 'location': 'HH 111', 'start': '18:00'}","False","False","","1","C","20261","","Research","2026"
"0000172055","1.0","0000000611","HIST","This survey of modern Japan from 1800 to the present examines the political transformation of the Meiji Restoration, the industrial revolution and social and cultural change, the rise and fall of party government, militarism and Japanese expansionism in World War II, the American occupation, and postwar social, political, economic, and cultural developments. Offered alternate years.","28","7","5","7","9","GHS;MCG;MCS-G","Becklin, Eric R.","{'fsnum': '20451', 'name': 'Becklin, Eric R.'}","200","28","","","","","Modern Japan","","253","{'day': 'Tu', 'end': '11:00', 'location': 'TOH 108', 'start': '09:35'};{'day': 'Th', 'end': '10:50', 'location': 'TOH 108', 'start': '09:30'}","False","False","","1","C","20261","","Research","2026"
"0000172579","0.25","0000043255","HIST","","3","0","1","0","2","","Quimby, Joanne","{'fsnum': '28070', 'name': 'Quimby, Joanne'}","200","10","","","","","LAC - Japanese","Meeting time will be decided based on availability of the registered students.  ;Prerequisite: Completion of JAPAN 231 or equivalent experience. This course     ;cannot be wish listed. Add it after registering for HIST 253 (main course).","253","","False","","","1","O","20261","","FLAC","2026"
"0000171606","1.0","0000000618","HIST","In this study of African Americans in U. S. society from African origins to the present, students explore the African heritage, the experience of enslavement, segregation, and the rise of the Civil Rights movement of the 1960s. The course pays particular attention to the issue of Black nationalism as a force in American life. Offered periodically.","0","0","0","0","0","GHS;HWC;MCD;MCS-D;PAR","Janak, Jaden","{'fsnum': '35033', 'name': 'Janak, Jaden'}","200","30","","","","","African American Hist","","277","{'day': 'Tu', 'end': '13:10', 'location': 'TBA', 'start': '23:45'};{'day': 'Th', 'end': '14:05', 'location': 'TBA', 'start': '12:45'}","False","False","","1","X","20261","African American History","Research","2026"
"0000172355","1.0","0000000626","HIST","In the first half of the course, we will examine the ""History"" of the Holocaust, and establish a firm grounding in the historical context of the Third Reich and the genocide of the European Jewry. We will pay particular attention to Germany's development of a ""Racial State"" which defined who was and was not part of the Volk, and the legal, social, and economic steps the state took to exclude and persecute a range of the people they deemed ""racially inferior""--Jews, but also the Roma and Scintii, people with developmental and physical disabilities, homosexuals, Slavs, and others. In the second half of the course, we will focus on ways the Holocaust has been remembered. After we've gained an overview of the Holocaust, its victims, its perpetrators, and its bystanders, we will explore the ways that the Holocaust has been memorialized, historicized, and fictionalized. Then, as a class, we will develop our own interpretative memorialization of this horrific moment in history.","12","5","0","4","3","GHS","Lippman, Erich","{'fsnum': '9005188', 'name': 'Lippman, Erich'}","200","30","","","","","Top: Holocaust: History & Memory","Full topic title: The Holocaust: History & Memory","299","{'day': 'Tu', 'end': '14:45', 'location': 'OM 030', 'start': '13:20'};{'day': 'Th', 'end': '15:35', 'location': 'OM 030', 'start': '14:15'}","False","False","A","1","O","20261","Topics in History","Topic","2026"
"0000172638","1.0","0000000626","HIST","This course familiarizes students with Cold War, twentieth-century Latin American history, including US imperialism and intervention in the region. We will ponder; what comes first (or has come first historically), counterrevolution or revolution? How much was anticommunist Cold War paranoia exactly that--a panicked witch hunt whose culprits did not exist or were exaggerated and demonized? How serious and successful were and are the revolutionary, leftist, and socialist politics of twentieth-century Latin America? We will explore why and how the US exported state terror, torture, and dictatorship to Latin America, as well as how homegrown local elite and common people made right-wing, anticommunist policies possible. The class will also document everyday Latin Americans such as campesinos (rural dwellers or peasants) turn to revolutionary and radical politics after being brutalized by counterinsurgency and policing.","15","4","2","5","4","GHS;HWC","Norris, Nathan C.","{'fsnum': '9005423', 'name': 'Norris, Nathan C.'}","200","28","","","","","Top: Counterinsurg/Revol Latin Am","Full topic title: Counterinsurgency and Revolution in Latin America","299","{'day': 'Mo', 'end': '12:45', 'location': 'CHM 239', 'start': '23:50'};{'day': 'We', 'end': '12:45', 'location': 'CHM 239', 'start': '23:50'};{'day': 'Fr', 'end': '12:45', 'location': 'CHM 239', 'start': '23:50'}","False","False","B","1","O","20261","Topics in History","Topic","2026"
"0000172322","1.0","0000000628","HIST","Alexander the Great might be one of the most recognizable historical people. As a result, he is surrounded by a haze of myth, legend, propaganda and idealistic imaginings (and that is just among the modern accounts!). In this research seminar, students will examine the modern scholarship and ancient primary sources in order to uncover their own ""historical"" Alexander.","16","0","7","0","9","GHS","Howe, Tim R.","{'fsnum': '15815', 'name': 'Howe, Tim R.'}","300","15","0","","","","Sem: Alexander the Great","Students that haven't met the prerequisite are welcome to register for this     ;course.","302","{'day': 'Tu', 'end': '13:10', 'location': 'HH 429', 'start': '23:45'};{'day': 'Th', 'end': '14:05', 'location': 'HH 429', 'start': '12:45'}","False","False","","1","C","20261","Research Sem: Greek Civilization","Seminar","2026"
"0000172312","1.0","0000000632","HIST","This course offers students opportunities to examine, question, and investigate ""modern: Irish history through independent research. Students consider the impact of socialism, feminism, religion, sexuality, and emigration on the expansion of Irish national consciousness, the formation of two states after 1922, and the divergent histories of Northern Ireland and the Republic.","15","0","3","1","11","GHS","Earls, Averill","{'fsnum': '33976', 'name': 'Earls, Averill'}","300","15","0","","","","Sem: Making Modern Ireland","","320","{'day': 'Mo', 'end': '12:45', 'location': 'HH 205', 'start': '23:50'};{'day': 'We', 'end': '12:45', 'location': 'HH 205', 'start': '23:50'};{'day': 'Fr', 'end': '12:45', 'location': 'HH 205', 'start': '23:50'}","False","False","","1","C","20261","Research Seminar: Modern European History","Seminar","2026"
"0000172540","1.0","0000000639","HIST","In this 300-level seminar, students will study key criminal cases from the 20th century to explore the connection between true crime, copaganda, and the expansion of the prison industrial complex. Students will use a race, gender, and capital lens to examine the cases of Adam Walsh, O.J. Simpson, the New Jersey Four, the DC Sniper case, and more. As part of the class, students will also conduct an independent research project that examines the historiography of contemporary crime and punishment in the U.S. Using a variety of sources including court transcripts, art, and documentary film, students will learn how to identify and examine key trends within this historiography and the relationship between true crime and the expansion of the carceral state. Prerequisite: HIST 199 is recommended but not required.","15","0","3","1","11","PAR","Janak, Jaden","{'fsnum': '35033', 'name': 'Janak, Jaden'}","300","15","","","","","Sem: Copaganda","Full topic title: Copaganda: True Crime and the Making of the Racial Boogeyman","375","{'day': 'Tu', 'end': '13:10', 'location': 'OM 110', 'start': '23:45'};{'day': 'Th', 'end': '14:05', 'location': 'OM 110', 'start': '12:45'}","False","HIST 199 is recommended but not required.","","1","C","20261","Problems of Contemporary America","Seminar","2026"
"0000172639","1.0","0000000641","HIST","This course introduces students to methods in historical research that look beyond the nation-state in examining the past. Students will research a topic in transnational history that interests them, but as a class we will focus on three types of transnational linkages in history -- flows of humans, ideas and commodities -- to explore different strategies and methods for telling interconnected histories. Through an examination of the historical forces that have made our world interconnected yet also unequal, we will pay attention to local histories of global interconnection and ask if the world itself can be thought of as an interconnected system. Drawing on historical research as well as methods from across the disciplines, students will learn dynamic and connective ways to think about the past.","6","0","1","2","3","WRI","Norris, Nathan C.","{'fsnum': '9005423', 'name': 'Norris, Nathan C.'}","300","15","0","","","","Sem: Transnational & Global History","Full topic title: A Transnational and Global History                            ;Not open to incoming first-year students.","397","{'day': 'Mo', 'end': '10:00', 'location': 'CAD 202', 'start': '09:05'};{'day': 'We', 'end': '10:00', 'location': 'CAD 202', 'start': '09:05'};{'day': 'Fr', 'end': '10:00', 'location': 'CAD 202', 'start': '09:05'}","False","False","","1","O","20261","History Research Workshop","Seminar","2026"
"0000172543","1.0","0000000642","HIST","Independent work is guided by a faculty member. Students need to have the necessary background, including appropriate coursework, before an independent project is approved. A student may not substitute an IS/IR course for a course regularly offered in a department or program. IS/IR culminates in at least one product (a paper, laboratory report, work of art, etc.). Normally, the student and faculty instructor are expected to meet at least once a week. See catalog for more information under registration and course enrollment. Prerequisites: at least second-year standing; at least 5 relevant courses for 398 (IR); approval from the faculty instructor, the academic advisor, and the department chair or program director.","1","0","0","0","1","","Earls, Averill","{'fsnum': '33976', 'name': 'Earls, Averill'}","300","0","","","","","IR/Political Lesbians in Norway","","398","","False","Prerequisites: at least second-year standing; at least 5 relevant courses for 398 (IR); approval from the faculty instructor, the academic advisor, and the department chair or program director.","A","1","C","20261","Independent Research","Research","2026"
"0000172967","1.0","0000000642","HIST","Independent work is guided by a faculty member. Students need to have the necessary background, including appropriate coursework, before an independent project is approved. A student may not substitute an IS/IR course for a course regularly offered in a department or program. IS/IR culminates in at least one product (a paper, laboratory report, work of art, etc.). Normally, the student and faculty instructor are expected to meet at least once a week. See catalog for more information under registration and course enrollment. Prerequisites: at least second-year standing; at least 5 relevant courses for 398 (IR); approval from the faculty instructor, the academic advisor, and the department chair or program director.","1","0","0","0","1","","Hahn, Steve C.","{'fsnum': '13148', 'name': 'Hahn, Steve C.'}","300","0","","","","","IR/The Fillmore Presidency","","398","","False","Prerequisites: at least second-year standing; at least 5 relevant courses for 398 (IR); approval from the faculty instructor, the academic advisor, and the department chair or program director.","B","1","C","20261","Independent Research","Research","2026"
"0000170034","0.25","0000041579","ID","Students engage with applied topics to increase knowledge, skills, and habits for student success. Topics vary to support first- and second-year students who seek sustained supplemental support for their college transition. Courses commonly emphasize the theory and practice of how to learn, navigate academic cultures and communities, develop a sense of belonging, advocate for educational and personal support, and identify and deepen individual strengths through coursework and sustained reflection. P/N only. Prerequisite: Instructor permission.","23","23","0","0","0","","LeBlanc, Diane C.;Lawrence, Wyatt X.","{'fsnum': '13324', 'name': 'LeBlanc, Diane C.'};{'fsnum': '34073', 'name': 'Lawrence, Wyatt X.'}","100","25","","","","","Top: Learning for Student Success","","121","{'day': 'Th', 'end': '16:45', 'location': 'TOH 214', 'start': '15:45'}","True","Instructor permission.","","1","C","20261","Topics in Student Success","Topic","2026"
"0000169380","1.0","0000000499","ID","This course provides an examination and application of the key content, skills, and perspectives of human geography. The lens of the geographer focuses on the spatial distribution of phenomena over the surface of the earth, asking the questions ""where?"" and ""why there?"". The practices and skills of geography are used to investigate a variety of issues in a region of the world, including environmental problems, the culture and management of sacred places, and the reasons for war and the need for peace. Counts toward environmental studies major (social science emphasis).","45","8","12","16","9","GHS;HBS;MCG;MCS-G;SCS","Becklin, Eric R.","{'fsnum': '20451', 'name': 'Becklin, Eric R.'}","200","45","","12","12","9","Human Geography","This course has class-year limits. Open to incoming first-year students.","234","{'day': 'Tu', 'end': '14:45', 'location': 'TOH 210', 'start': '13:20'};{'day': 'Th', 'end': '15:35', 'location': 'TOH 210', 'start': '14:15'}","False","False","","1","C","20261","","Research","2026"
"0000169328","0.25","0000037325","ID","This .25 credit online course supports the curriculum of Smith Center study abroad and away programs with readings and reflection assignments for the Ole Experience in Practice requirement. Students reflect on their experiences in their study abroad or away location, discuss global systems that connect learning, and also engage in discussions of identity across borders. Course topics include identity, vocation, globalization, intercultural communication, adjusting to a new environment, defining culture, and understanding through intercultural practices. Offered fall and spring semesters.","17","0","13","1","3","OEP","Draxler, Bridget A.;Heath, Theresa A.","{'fsnum': '15269', 'name': 'Draxler, Bridget A.'};{'fsnum': '31104', 'name': 'Heath, Theresa A.'}","200","20","","","","","Global Engagement Seminar","Prerequisite: concurrent registration in a study abroad/away semester or        ;year-long program.","296","","True","concurrent registration in a study abroad/away semester or        ","","1","C","20261","","Research","2026"
"0000169711","","0000037520","ID","This course transcripts a student's OLE Experience in Practice (OEP) when that OEP is done through CURI, Magnus, Steen or other academic non-credit-bearing experiences. As a zero-credit pass/no pass course, certification will be done by the respective director after completion of the individual experience.","0","0","0","0","0","OEP","Staff","{'fsnum': '', 'name': 'Staff'}","300","","","","","","OEP Zero-Credit Course","","300","","True","False","","1","C","20261","OLE Experience in Practice","Research","2026"
"0000169845","1.0","0000000689","IM","Students who are pursuing an Individual Major, in consultation with their faculty advisor, may register for this fall semester course, which is graded P/N. This optional course is generally used for research and other preparation for the work planned for the spring semester. Whether students are enrolled in IM 391 or another approved level III course or experience, senior project plans must be submitted to the Individual Major Program by the end of September. Prerequisite: permission of the Individual Major Program.","1","0","0","0","1","","Becklin, Eric R.","{'fsnum': '20451', 'name': 'Becklin, Eric R.'}","300","1","0","0","0","","Senior Project I","","391","","True","permission of the Individual Major Program.","A","1","C","20261","","Research","2026"
"0000169846","1.0","0000000689","IM","Students who are pursuing an Individual Major, in consultation with their faculty advisor, may register for this fall semester course, which is graded P/N. This optional course is generally used for research and other preparation for the work planned for the spring semester. Whether students are enrolled in IM 391 or another approved level III course or experience, senior project plans must be submitted to the Individual Major Program by the end of September. Prerequisite: permission of the Individual Major Program.","0","0","0","0","0","","Gothmann, Anne M.","{'fsnum': '29141', 'name': 'Gothmann, Anne M.'}","300","1","","","","","Senior Project I","","391","","True","permission of the Individual Major Program.","B","1","C","20261","","Research","2026"
"0000172849","1.0","0000000690","IM","Students with individual majors can register for their senior projects in either fall or spring semester of the senior year. The graded work includes final research, a final presentation of the project, and completion of the web portfolio. A brief description of the student's major and senior project appears on the transcript.","1","0","0","0","1","OEP","Kheshgi, Rehanna L.","{'fsnum': '29119', 'name': 'Kheshgi, Rehanna L.'}","300","1","","","","","Senior Project II","","392","","False","False","","1","C","20261","","Research","2026"
"0000169120","1.0","0000000658","JAPAN","This course is an introduction to speaking, reading, and writing Japanese; writing includes the learning of all syllabic letters (Hiragana and Katakana) and basic Kanji (Chinese characters). Class meets four times weekly. Individual language laboratory visits are also required. Offered annually in the fall semester. Does not count toward Japanese major.","15","14","0","0","1","","Akimoto, Hiroe","{'fsnum': '21197', 'name': 'Akimoto, Hiroe'}","100","18","","","","","Beginning Japanese I","Students in Japan 111B must also register for one lab Japan 111AL, BL, CL or DL.","111","{'day': 'Mo', 'end': '11:40', 'location': 'HH 429', 'start': '10:45'};{'day': 'We', 'end': '11:40', 'location': 'HH 429', 'start': '10:45'};{'day': 'Fr', 'end': '11:40', 'location': 'HH 429', 'start': '10:45'}","False","False","A","1","O","20261","","Research","2026"
"0000169119","1.0","0000000658","JAPAN","This course is an introduction to speaking, reading, and writing Japanese; writing includes the learning of all syllabic letters (Hiragana and Katakana) and basic Kanji (Chinese characters). Class meets four times weekly. Individual language laboratory visits are also required. Offered annually in the fall semester. Does not count toward Japanese major.","14","9","1","3","1","","Akimoto, Hiroe","{'fsnum': '21197', 'name': 'Akimoto, Hiroe'}","100","18","","","","","Beginning Japanese I","Students in Japan 111A must also register for one lab Japan 111AL, BL, CL or DL.","111","{'day': 'Mo', 'end': '12:45', 'location': 'HH 429', 'start': '23:50'};{'day': 'We', 'end': '12:45', 'location': 'HH 429', 'start': '23:50'};{'day': 'Fr', 'end': '12:45', 'location': 'HH 429', 'start': '23:50'}","False","False","B","1","O","20261","","Research","2026"
"0000169121","1.0","0000000658","JAPAN","This course is an introduction to speaking, reading, and writing Japanese; writing includes the learning of all syllabic letters (Hiragana and Katakana) and basic Kanji (Chinese characters). Class meets four times weekly. Individual language laboratory visits are also required. Offered annually in the fall semester. Does not count toward Japanese major.","13","8","0","5","0","","Akimoto, Hiroe","{'fsnum': '21197', 'name': 'Akimoto, Hiroe'}","100","18","","","","","Beginning Japanese I","Students in Japan 111C must also register for one lab Japan 111AL, BL, CL or DL.","111","{'day': 'Mo', 'end': '13:50', 'location': 'HH 429', 'start': '12:55'};{'day': 'We', 'end': '13:50', 'location': 'HH 429', 'start': '12:55'};{'day': 'Fr', 'end': '13:50', 'location': 'HH 429', 'start': '12:55'}","False","False","C","1","O","20261","","Research","2026"
"0000171947","","0000000659","JAPAN","","8","8","0","0","0","","Staff","{'fsnum': '', 'name': 'Staff'}","100","12","","","","","Beginning Japanese I Lab","","111","{'day': 'Tu', 'end': '09:55', 'location': 'TOH 312', 'start': '09:00'}","False","","A","1","O","20261","","Lab","2026"
"0000171948","","0000000659","JAPAN","","11","8","0","2","1","","Staff","{'fsnum': '', 'name': 'Staff'}","100","12","","","","","Beginning Japanese I Lab","","111","{'day': 'Tu', 'end': '11:00', 'location': 'TOH 312', 'start': '10:05'}","False","","B","1","O","20261","","Lab","2026"
"0000171949","","0000000659","JAPAN","","12","5","1","5","1","","Staff","{'fsnum': '', 'name': 'Staff'}","100","12","","","","","Beginning Japanese I Lab","","111","{'day': 'Tu', 'end': '12:45', 'location': 'TOH 312', 'start': '23:50'}","False","","C","1","C","20261","","Lab","2026"
"0000171950","","0000000659","JAPAN","","11","10","0","1","0","","Staff","{'fsnum': '', 'name': 'Staff'}","100","12","","","","","Beginning Japanese I Lab","","111","{'day': 'Tu', 'end': '13:55', 'location': 'TOH 312', 'start': '13:00'}","False","","D","1","O","20261","","Lab","2026"
"0000169474","1.0","0000000662","JAPAN","Students continue to develop the listening, speaking, reading and writing skills that enable them to deal not only with topics of daily life, but also cultural themes and authentic materials. Class meets four times weekly. Individual language laboratory visits are also required. Offered annually in the fall semester. Prerequisite: JAPAN 112 or equivalent.","20","2","0","16","2","FOL-J;WLC","Quimby, Joanne","{'fsnum': '28070', 'name': 'Quimby, Joanne'}","200","18","","","","","Intermed Japanese I","Students in Japan 231A  must also register for lab Japan 231 AL, BL or CL.      ;Please note the recent time change.","231","{'day': 'Mo', 'end': '12:45', 'location': 'TOH 112', 'start': '23:50'};{'day': 'We', 'end': '12:45', 'location': 'TOH 112', 'start': '23:50'};{'day': 'Fr', 'end': '12:45', 'location': 'TOH 112', 'start': '23:50'}","False","JAPAN 112 or equivalent.","A","1","C","20261","Intermediate Japanese I","Research","2026"
"0000169473","1.0","0000000662","JAPAN","Students continue to develop the listening, speaking, reading and writing skills that enable them to deal not only with topics of daily life, but also cultural themes and authentic materials. Class meets four times weekly. Individual language laboratory visits are also required. Offered annually in the fall semester. Prerequisite: JAPAN 112 or equivalent.","8","2","3","3","0","FOL-J;WLC","Quimby, Joanne","{'fsnum': '28070', 'name': 'Quimby, Joanne'}","200","16","","","","","Intermed Japanese I","Students in Japan 231B must also register for lab Japan 231 AL, BL or CL.       ;Please note the recent time change.","231","{'day': 'Mo', 'end': '13:50', 'location': 'TOH 112', 'start': '12:55'};{'day': 'We', 'end': '13:50', 'location': 'TOH 112', 'start': '12:55'};{'day': 'Fr', 'end': '13:50', 'location': 'TOH 112', 'start': '12:55'}","False","JAPAN 112 or equivalent.","B","1","O","20261","Intermediate Japanese I","Research","2026"
"0000169475","","0000000663","JAPAN","","4","2","0","2","0","","Staff","{'fsnum': '', 'name': 'Staff'}","200","12","","","","","Intermed Japanese I Lab","","231","{'day': 'Th', 'end': '09:55', 'location': 'TOH 312', 'start': '09:00'}","False","","A","1","O","20261","","Lab","2026"
"0000169476","","0000000663","JAPAN","","12","0","1","10","1","","Staff","{'fsnum': '', 'name': 'Staff'}","200","12","","","","","Intermed Japanese I Lab","","231","{'day': 'Th', 'end': '11:00', 'location': 'TOH 312', 'start': '10:05'}","False","","B","1","C","20261","","Lab","2026"
"0000171951","","0000000663","JAPAN","","12","2","2","7","1","","Staff","{'fsnum': '', 'name': 'Staff'}","200","12","","","","","Intermed Japanese I Lab","","231","{'day': 'Th', 'end': '13:40', 'location': 'TOH 312', 'start': '12:45'}","False","","C","1","C","20261","","Lab","2026"
"0000169050","1.0","0000000666","JAPAN","This third year-level course aims to increase the knowledge of Japanese people, language, and society by comparing with students' own cultures in their target language. Various authentic ""texts"" (images, video clips, written texts, etc.) support student learning. Offered annually in the fall semester. Prerequisite: JAPAN 232 or equivalent.","12","1","7","1","3","FOL-J;WLC","Nelson, Andrew P.","{'fsnum': '9006264', 'name': 'Nelson, Andrew P.'}","300","20","","","","","Advanced Japanese I","","301","{'day': 'Mo', 'end': '10:00', 'location': 'HH 429', 'start': '09:05'};{'day': 'We', 'end': '10:00', 'location': 'HH 429', 'start': '09:05'};{'day': 'Fr', 'end': '10:00', 'location': 'HH 429', 'start': '09:05'}","False","JAPAN 232 or equivalent.","","1","O","20261","","Research","2026"
"0000169402","0.25","0000033780","KINES","Students of all abilities will explore fitness activities and games designed to keep them healthy and active throughout their lives. Students will work at their own level and pace without pressure or competition. The course is designed to be accommodating and accessible to students with physical disabilities, but all students are welcome. Offered annually.","3","0","1","1","1","ACB;SPM","Nesbit, Scott","{'fsnum': '5580', 'name': 'Nesbit, Scott'}","100","10","0","0","0","0","Inclusive Fitness","This is a first-half of semester course.                                        ;Permission of instructor required to enroll in this course.","105","{'day': 'Tu', 'end': '11:00', 'location': 'TOH 200', 'start': '09:35'};{'day': 'Th', 'end': '10:50', 'location': 'TOH 200', 'start': '09:30'}","False","False","","1","C","20261","","Research","2026"
"0000169818","0.25","0000000998","KINES","Students learn basic rock climbing skills, techniques, and safety procedures.","14","0","1","0","13","ACB;PHA;SPM","Herfindahl, Grant M.","{'fsnum': '9002357', 'name': 'Herfindahl, Grant M.'}","100","14","","","","","Rock Climbing","This is a first-half of semester course.","106","{'day': 'Tu', 'end': '11:00', 'location': 'Tostrud Ctr', 'start': '09:35'};{'day': 'Th', 'end': '10:50', 'location': 'Tostrud Ctr', 'start': '09:30'}","False","False","A","1","C","20261","","Research","2026"
"0000169819","0.25","0000000998","KINES","Students learn basic rock climbing skills, techniques, and safety procedures.","14","1","2","2","9","ACB;PHA;SPM","Herfindahl, Grant M.","{'fsnum': '9002357', 'name': 'Herfindahl, Grant M.'}","100","14","","","","","Rock Climbing","This is a second-half of semester course.","106","{'day': 'Tu', 'end': '11:00', 'location': 'Tostrud Ctr', 'start': '09:35'};{'day': 'Th', 'end': '10:50', 'location': 'Tostrud Ctr', 'start': '09:30'}","False","False","B","1","C","20261","","Research","2026"
"0000169106","0.25","0000001001","KINES","This course offers an introduction/review of fundamental skills, rules, and drills. Students focus on basic strategy in game playing.","20","0","8","2","10","ACB;PHA;SPM","Townzen, Ryan K.","{'fsnum': '30123', 'name': 'Townzen, Ryan K.'}","100","20","","","","","Basketball","This is a second-half of semester course.","111","{'day': 'Mo', 'end': '12:45', 'location': 'SAC Gym Ctr', 'start': '23:50'};{'day': 'We', 'end': '12:45', 'location': 'SAC Gym Ctr', 'start': '23:50'};{'day': 'Fr', 'end': '12:45', 'location': 'SAC Gym Ctr', 'start': '23:50'}","False","False","","1","C","20261","","Research","2026"
"0000169652","0.25","0000023242","KINES","This course introduces students to a wide range of lifetime sports and games. Students learn the history and origin of these activities along with the basic rules, etiquette, and strategies.","20","0","9","1","10","ACB;PHA;SPM","Nesbit, Scott","{'fsnum': '5580', 'name': 'Nesbit, Scott'}","100","20","0","","0","","Lifetime Sports and Games","Open only to rising seniors and juniors.                                        ;Second-half of semester course.","118","{'day': 'Tu', 'end': '11:00', 'location': 'Tostrud Ctr', 'start': '09:35'};{'day': 'Th', 'end': '10:50', 'location': 'Tostrud Ctr', 'start': '09:30'}","False","False","","1","C","20261","","Research","2026"
"0000169293","0.25","0000001009","KINES","This course introduces students to the lifetime sport of fly-fishing and fly-tying. Equipment available. Course fee.","16","0","0","0","16","ACB;PHA;SPM","Nesbit, Scott","{'fsnum': '5580', 'name': 'Nesbit, Scott'}","100","16","0","0","0","","Fly Fishing","Open to rising seniors only. Course fee is $75.                                 ;This is a first-half of semester course.","128","{'day': 'Tu', 'end': '09:25', 'location': 'SAC 112', 'start': '08:00'};{'day': 'Th', 'end': '09:20', 'location': 'SAC 112', 'start': '08:00'}","False","False","","1","C","20261","Fly-Fishing/Fly-Tying","Research","2026"
"0000169287","0.25","0000001015","KINES","This is an aerobic-based course utilizing instruction and participation in walking to enhance personal fitness and training knowledge.","21","0","0","0","21","ACB;PHA;SPM","VanDeWalker, Terry M.","{'fsnum': '31125', 'name': 'VanDeWalker, Terry M.'}","100","20","","","","","Fitness Walking","This is a first-half of semester course.","136","{'day': 'Mo', 'end': '13:50', 'location': 'Tostrud Ctr', 'start': '12:55'};{'day': 'We', 'end': '13:50', 'location': 'Tostrud Ctr', 'start': '12:55'};{'day': 'Fr', 'end': '13:50', 'location': 'Tostrud Ctr', 'start': '12:55'}","False","False","A","1","C","20261","","Research","2026"
"0000169288","0.25","0000001015","KINES","This is an aerobic-based course utilizing instruction and participation in walking to enhance personal fitness and training knowledge.","20","1","2","1","16","ACB;PHA;SPM","VanDeWalker, Terry M.","{'fsnum': '31125', 'name': 'VanDeWalker, Terry M.'}","100","20","","","","","Fitness Walking","This is a first-half of semester course.","136","{'day': 'Tu', 'end': '13:10', 'location': 'Tostrud Ctr', 'start': '23:45'};{'day': 'Th', 'end': '14:05', 'location': 'Tostrud Ctr', 'start': '12:45'}","False","False","B","1","C","20261","","Research","2026"
"0000169750","0.25","0000038979","KINES","Students will learn the basics of pickleball rules, court etiquette, shots, scoring, and strategies and will play in singles and doubles in varying tournament styles.","24","1","4","3","16","ACB;SPM","Kulesa, Matthew C.","{'fsnum': '9005025', 'name': 'Kulesa, Matthew C.'}","100","24","","","","","Pickleball","This is a first-half of semester course.","139","{'day': 'Mo', 'end': '11:40', 'location': 'Tostrud Ctr', 'start': '10:45'};{'day': 'We', 'end': '11:40', 'location': 'Tostrud Ctr', 'start': '10:45'};{'day': 'Fr', 'end': '11:40', 'location': 'Tostrud Ctr', 'start': '10:45'}","False","False","A","1","C","20261","","Research","2026"
"0000169751","0.25","0000038979","KINES","Students will learn the basics of pickleball rules, court etiquette, shots, scoring, and strategies and will play in singles and doubles in varying tournament styles.","24","0","5","3","16","ACB;SPM","Townzen, Ryan K.","{'fsnum': '30123', 'name': 'Townzen, Ryan K.'}","100","24","","","","","Pickleball","This is a first-half of semester course.","139","{'day': 'Mo', 'end': '13:50', 'location': 'Tostrud Ctr', 'start': '12:55'};{'day': 'We', 'end': '13:50', 'location': 'Tostrud Ctr', 'start': '12:55'};{'day': 'Fr', 'end': '13:50', 'location': 'Tostrud Ctr', 'start': '12:55'}","False","False","B","1","C","20261","","Research","2026"
"0000169752","0.25","0000038979","KINES","Students will learn the basics of pickleball rules, court etiquette, shots, scoring, and strategies and will play in singles and doubles in varying tournament styles.","23","0","7","4","12","ACB;SPM","VanDeWalker, Terry M.","{'fsnum': '31125', 'name': 'VanDeWalker, Terry M.'}","100","24","","","","","Pickleball","This is a second-half of semester course.","139","{'day': 'Tu', 'end': '11:00', 'location': 'Tostrud Ctr', 'start': '09:35'};{'day': 'Th', 'end': '10:50', 'location': 'Tostrud Ctr', 'start': '09:30'}","False","False","C","1","O","20261","","Research","2026"
"0000170133","0.25","0000001017","KINES","Students learn the principles of training, basic techniques, and safety procedures. Students develop and implement a personal training plan during the course.","27","6","9","4","8","ACB;PHA;SPM","Waters, John T.","{'fsnum': '35150', 'name': 'Waters, John T.'}","100","28","","","","","Wt Training-Men","","141","{'day': 'Tu', 'end': '08:55', 'location': 'Tostrud Ctr', 'start': '08:00'};{'day': 'Th', 'end': '08:55', 'location': 'Tostrud Ctr', 'start': '08:00'}","False","False","","1","O","20261","Weight Training Men","Research","2026"
"0000170134","0.25","0000001018","KINES","Students learn the principles of training, basic techniques, and safety procedures. Students develop and implement a personal training plan during the course.","28","1","12","5","10","ACB;PHA;SPM","Waters, John T.","{'fsnum': '35150', 'name': 'Waters, John T.'}","100","28","","","","","Wt Training-Women","","142","{'day': 'Tu', 'end': '10:30', 'location': 'Tostrud Ctr', 'start': '09:35'};{'day': 'Th', 'end': '10:30', 'location': 'Tostrud Ctr', 'start': '09:35'}","False","False","","1","C","20261","Weight Training Women","Research","2026"
"0000169099","0.25","0000001020","KINES","This course offers instruction/review of fundamental skills, rules, and etiquette of badminton. Students focus on basic strategy in game playing.","28","2","3","2","21","ACB;PHA;SPM","Kulesa, Matthew C.","{'fsnum': '9005025', 'name': 'Kulesa, Matthew C.'}","100","28","","","","","Badminton","This is a first-half of semester course.","151","{'day': 'Mo', 'end': '10:00', 'location': 'Tostrud Ctr', 'start': '09:05'};{'day': 'We', 'end': '10:00', 'location': 'Tostrud Ctr', 'start': '09:05'};{'day': 'Fr', 'end': '10:00', 'location': 'Tostrud Ctr', 'start': '09:05'}","False","False","","1","C","20261","","Research","2026"
"0000169793","0.25","0000001019","KINES","This course offers instruction in basic strokes, history, rules, etiquette, and terminology of racquet sports (tennis, racquetball, badminton, pickleball, table tennis). Students participate in a wide range of assessments designed to enhance physical fitness (strength, endurance, nutrition, flexibility, body composition, stress).","16","0","5","2","9","ACB;PHA;SPM","Nesbit, Scott","{'fsnum': '5580', 'name': 'Nesbit, Scott'}","100","16","","","","","Racquet Sports .25","This is a second-half of semester course.","152","{'day': 'Tu', 'end': '13:10', 'location': 'Tostrud Ctr', 'start': '23:45'};{'day': 'Th', 'end': '14:05', 'location': 'Tostrud Ctr', 'start': '12:45'}","False","False","","1","C","20261","Racquet Sports","Research","2026"
"0000169964","0.25","0000001022","KINES","This course offers instruction/review of basic strokes, history, rules, etiquette, and terminology of tennis. Students learn basic competition strategies in singles and doubles match play.","16","0","0","0","16","ACB;PHA;SPM","Nesbit, Scott","{'fsnum': '5580', 'name': 'Nesbit, Scott'}","100","16","","","","","Tennis","This is a first-half of semester course.","157","{'day': 'Tu', 'end': '13:10', 'location': 'Tostrud Ctr', 'start': '23:45'};{'day': 'Th', 'end': '14:05', 'location': 'Tostrud Ctr', 'start': '12:45'}","False","False","","1","C","20261","","Research","2026"
"0000169204","0.25","0000027685","KINES","Students learn and apply yoga principles of physical fitness and emotional wellness through a blend of yoga postures, movements, relaxation, breathing techniques, and mindfulness.","24","0","1","1","22","ACB;SED;SPM","Bengtson, Denny","{'fsnum': '361', 'name': 'Bengtson, Denny'}","100","22","","","","","Classical Hatha Yoga","Yoga mat required.","162","{'day': 'Mo', 'end': '10:00', 'location': 'CAD Studio 3', 'start': '09:05'};{'day': 'We', 'end': '10:00', 'location': 'CAD Studio 3', 'start': '09:05'}","False","False","A","1","C","20261","","Research","2026"
"0000172056","0.25","0000027685","KINES","Students learn and apply yoga principles of physical fitness and emotional wellness through a blend of yoga postures, movements, relaxation, breathing techniques, and mindfulness.","23","0","2","0","21","ACB;SPM","Bengtson, Denny","{'fsnum': '361', 'name': 'Bengtson, Denny'}","100","22","","","","","Classical Hatha Yoga","Yoga mat required.","162","{'day': 'Mo', 'end': '11:40', 'location': 'CAD Studio 3', 'start': '10:45'};{'day': 'We', 'end': '11:40', 'location': 'CAD Studio 3', 'start': '10:45'}","False","False","B","1","C","20261","","Research","2026"
"0000169455","0.25","0000001031","KINES","Students competing in intercollegiate athletics may use the season of participation in a varsity sport for 0.25 course credit in kinesiology. This 0.25 course can satisfy the Active Body graduation requirement. Only one 0.25 intercollegiate athletics course credit can be applied toward the 35.00 credits required for graduation. Fall: varsity football, soccer, cross-country, women's volleyball; spring: remainder of intercollegiate sports. Participants in club sports are not eligible for academic credit. Students must register for the course during the competitive season, not afterward.","5","4","0","1","0","ACB;PHA;SPM","Fountaine, Charles J.","{'fsnum': '9002454', 'name': 'Fountaine, Charles J.'}","100","","","","","","Intercol C-Country M","This is not a regular activity course.  Only students participating in          ;intercollegiate cross-country can register for this course.","176","","False","False","","1","O","20261","Intercollegiate Cross-Country for Men","Research","2026"
"0000169456","0.25","0000001032","KINES","Students competing in intercollegiate athletics may use the season of participation in a varsity sport for 0.25 course credit in kinesiology. This 0.25 course can satisfy the Active Body graduation requirement. Only one 0.25 intercollegiate athletics course credit can be applied toward the 35.00 credits required for graduation. Fall: varsity football, soccer, cross-country, women's volleyball; spring: remainder of intercollegiate sports. Participants in club sports are not eligible for academic credit. Students must register for the course during the competitive season, not afterward.","2","2","0","0","0","ACB;PHA;SPM","Fountaine, Charles J.","{'fsnum': '9002454', 'name': 'Fountaine, Charles J.'}","100","","","","","","Intercol C-Country W","This is not a regular activity course.  Only students participating in          ;intercollegiate cross-country can register for this course.","177","","False","False","","1","O","20261","Intercollegiate Cross-Country for Women","Research","2026"
"0000169457","0.25","0000001033","KINES","Students competing in intercollegiate athletics may use the season of participation in a varsity sport for 0.25 course credit in kinesiology. This 0.25 course can satisfy the Active Body graduation requirement. Only one 0.25 intercollegiate athletics course credit can be applied toward the 35.00 credits required for graduation. Fall: varsity football, soccer, cross-country, women's volleyball; spring: remainder of intercollegiate sports. Participants in club sports are not eligible for academic credit. Students must register for the course during the competitive season, not afterward.","30","22","2","5","1","ACB;PHA;SPM","Fountaine, Charles J.","{'fsnum': '9002454', 'name': 'Fountaine, Charles J.'}","100","","","","","","Intercol Football","This is not a regular activity course.  Only students participating in          ;intercollegiate football can register for this course.","178","","False","False","","1","O","20261","Intercollegiate Football","Research","2026"
"0000169458","0.25","0000001034","KINES","Students competing in intercollegiate athletics may use the season of participation in a varsity sport for 0.25 course credit in kinesiology. This 0.25 course can satisfy the Active Body graduation requirement. Only one 0.25 intercollegiate athletics course credit can be applied toward the 35.00 credits required for graduation. Fall: varsity football, soccer, cross-country, women's volleyball; spring: remainder of intercollegiate sports. Participants in club sports are not eligible for academic credit. Students must register for the course during the competitive season, not afterward.","1","1","0","0","0","ACB;PHA;SPM","Fountaine, Charles J.","{'fsnum': '9002454', 'name': 'Fountaine, Charles J.'}","100","","","","","","Intercol Golf Men","This is not a regular activity course.  Only students participating in          ;intercollegiate golf can register for this course.","179","","False","False","","1","O","20261","Intercollegiate Golf for Men","Research","2026"
"0000169459","0.25","0000001035","KINES","Students competing in intercollegiate athletics may use the season of participation in a varsity sport for 0.25 course credit in kinesiology. This 0.25 course can satisfy the Active Body graduation requirement. Only one 0.25 intercollegiate athletics course credit can be applied toward the 35.00 credits required for graduation. Fall: varsity football, soccer, cross-country, women's volleyball; spring: remainder of intercollegiate sports. Participants in club sports are not eligible for academic credit. Students must register for the course during the competitive season, not afterward.","4","4","0","0","0","ACB;PHA;SPM","Fountaine, Charles J.","{'fsnum': '9002454', 'name': 'Fountaine, Charles J.'}","100","","","","","","Intercol Golf Women","This is not a regular activity course.  Only students participating in          ;intercollegiate golf can register for this course.","180","","False","False","","1","O","20261","Intercollegiate Golf for Women","Research","2026"
"0000169460","0.25","0000001039","KINES","Students competing in intercollegiate athletics may use the season of participation in a varsity sport for 0.25 course credit in kinesiology. This 0.25 course can satisfy the Active Body graduation requirement. Only one 0.25 intercollegiate athletics course credit can be applied toward the 35.00 credits required for graduation. Fall: varsity football, soccer, cross-country, women's volleyball; spring: remainder of intercollegiate sports. Participants in club sports are not eligible for academic credit. Students must register for the course during the competitive season, not afterward.","10","3","2","5","0","ACB;PHA;SPM","Fountaine, Charles J.","{'fsnum': '9002454', 'name': 'Fountaine, Charles J.'}","100","","","","","","Intercol Soccer Men","This is not a regular activity course.  Only students participating in          ;intercollegiate soccer can register for this course.","184","","False","False","","1","O","20261","Intercollegiate Soccer for Men","Research","2026"
"0000169461","0.25","0000001040","KINES","Students competing in intercollegiate athletics may use the season of participation in a varsity sport for 0.25 course credit in kinesiology. This 0.25 course can satisfy the Active Body graduation requirement. Only one 0.25 intercollegiate athletics course credit can be applied toward the 35.00 credits required for graduation. Fall: varsity football, soccer, cross-country, women's volleyball; spring: remainder of intercollegiate sports. Participants in club sports are not eligible for academic credit. Students must register for the course during the competitive season, not afterward.","6","3","0","3","0","ACB;PHA;SPM","Fountaine, Charles J.","{'fsnum': '9002454', 'name': 'Fountaine, Charles J.'}","100","","","","","","Intercol Soccer Women","This is not a regular activity course.  Only students participating in          ;intercollegiate soccer can register for this course.","185","","False","False","","1","O","20261","Intercollegiate Soccer for Women","Research","2026"
"0000169462","0.25","0000001048","KINES","Students competing in intercollegiate athletics may use the season of participation in a varsity sport for 0.25 course credit in kinesiology. This 0.25 course can satisfy the Active Body graduation requirement. Only one 0.25 intercollegiate athletics course credit can be applied toward the 35.00 credits required for graduation. Fall: varsity football, soccer, cross-country, women's volleyball; spring: remainder of intercollegiate sports. Participants in club sports are not eligible for academic credit. Students must register for the course during the competitive season, not afterward.","8","7","0","1","0","ACB;PHA;SPM","Fountaine, Charles J.","{'fsnum': '9002454', 'name': 'Fountaine, Charles J.'}","100","","","","","","Intercol Volleyball","This is not a regular activity course.  Only students participating in          ;intercollegiate volleyball can register for this course.","193","","False","False","","1","O","20261","Intercollegiate Volleyball","Research","2026"
"0000169531","1.0","0000033751","KINES","This course introduces students to the study of physiological and functional adaptations to human movement. The field is richly interdisciplinary, involving such disciplines as anatomy, chemistry, biology, physics, physiology, biomechanics, motor control, psychology, nutrition, neuroscience, rehabilitative therapy, and exercise prescription. Rigorous and systematic study of these sub-fields enables students to understand how and why people move and the factors which limit and enhance the capacity to move. Offered annually.","32","25","1","6","0","","Yerhot, Paul","{'fsnum': '9005180', 'name': 'Yerhot, Paul'}","100","32","","0","","0","Introduction to Kinesiology","Open only to rising sophomores and incoming first-year students.","195","{'day': 'Mo', 'end': '08:55', 'location': 'SAC 112', 'start': '08:00'};{'day': 'We', 'end': '08:55', 'location': 'SAC 112', 'start': '08:00'};{'day': 'Fr', 'end': '08:55', 'location': 'SAC 112', 'start': '08:00'}","False","False","","1","C","20261","","Research","2026"
"0000169727","1.0","0000035212","KINES","The course is rooted in advanced nutrition science and behavior-change psychology. Students examine the roles nutrient selection, metabolism, and timing play in supporting physical performance as well as mental and emotional health. Students discuss the integration and regulation of metabolism, energy expenditure, hydration, sleep, stress, and recovery; and they conduct an advanced overview of the functions of macronutrients, micronutrients, fluids, and supplements that are determinants of health and diseases. Offered annually. Prerequisite: BIO 143 and BIO 243; kinesiology major.","16","0","12","0","4","IST","Fountaine, Charles J.","{'fsnum': '9002454', 'name': 'Fountaine, Charles J.'}","200","31","0","","0","","Nutrition and Metabolism","Open only to rising seniors and rising juniors.","250","{'day': 'Mo', 'end': '11:40', 'location': 'SAC 112', 'start': '10:45'};{'day': 'We', 'end': '11:40', 'location': 'SAC 112', 'start': '10:45'};{'day': 'Fr', 'end': '11:40', 'location': 'SAC 112', 'start': '10:45'}","False","BIO 143 and BIO 243; kinesiology major.","","1","O","20261","Performance Nutrition","Research","2026"
"0000172057","1.0","0000040264","KINES","This course will explore the different time periods in a woman's life starting at puberty, the time around pregnancy, perimenopause, and post menopause. Changes in hormones lead to potential challenges for sleep, nutrition, exercise, and general health. As women approach mid-life, the risk of chronic disease significantly increases potentially leading to a poorer quality of life. Prevention strategies relating to wellness, nutrition, and exercise will be discussed. Prerequisite: declared kinesiology major.","18","0","4","10","4","","Chesterfield, Ann-Marie E.","{'fsnum': '9005181', 'name': 'Chesterfield, Ann-Marie E.'}","200","25","0","","","","Top: Women's Health Across Lifespan","This course is open only to senior, junior and sophomore Kinesiology majors.    ;All other majors by instructor consent.                                         ;Topics Title: Women's Health Across the Lifespan","291","{'day': 'Tu', 'end': '13:10', 'location': 'SAC 112', 'start': '23:45'};{'day': 'Th', 'end': '14:05', 'location': 'SAC 112', 'start': '12:45'}","False","declared kinesiology major.","A","1","O","20261","Topics in Kinesiology","Topic","2026"
"0000169754","1.0","0000001012","KINES","This course provides an opportunity to develop an in-depth understanding of the principles of physical conditioning through resistance and cardiovascular training with the goal of improving fitness, health, and wellness. The course also explores principles of anatomical and physiological considerations, strength training techniques, physical activity modifications, and program development/evaluation for all populations, thus providing knowledge and skills needed to perform safe and effective strength and conditioning programs. Prerequisites: kinesiology major, senior status, BIO 143, BIO 243, KINES 374, and KINES 375.","16","0","0","0","16","ACB;ORC;PHA;SPM","Wahl, Carly A.","{'fsnum': '9006213', 'name': 'Wahl, Carly A.'}","300","25","0","0","0","","Prin of Strength & Fitness Training","Open only to rising seniors.","331","{'day': 'Mo', 'end': '13:50', 'location': 'SAC 112', 'start': '12:55'};{'day': 'We', 'end': '13:50', 'location': 'SAC 112', 'start': '12:55'};{'day': 'Fr', 'end': '13:50', 'location': 'SAC 112', 'start': '12:55'}","False","Prerequisites: kinesiology major, senior status, BIO 143, BIO 243, KINES 374, and KINES 375.","","1","O","20261","Principles of Strength and Fitness Training","Research","2026"
"0000169145","1.0","0000001062","KINES","Students analyze mechanical principles in depth as they affect human motion. Topics include study of muscular and skeletal systems, skill analysis, and motion measurement techniques. Students attend lectures plus one three-hour laboratory per week. Offered annually. Prerequisites: BIO 143, BIO 243, and junior standing.","25","0","15","0","10","","Neuger, Matt D.","{'fsnum': '20080', 'name': 'Neuger, Matt D.'}","300","25","0","","0","","Biomechanics","Students in KINES 374A must also register for KINES 374A lab.                   ;This course is open only to rising seniors and juniors.                         ;This course includes an academic civic engagement (ACE) component.","374","{'day': 'Mo', 'end': '11:40', 'location': 'SAC 103', 'start': '10:45'};{'day': 'We', 'end': '11:40', 'location': 'SAC 103', 'start': '10:45'};{'day': 'Fr', 'end': '11:40', 'location': 'SAC 103', 'start': '10:45'}","False","Prerequisites: BIO 143, BIO 243, and junior standing.","A","1","C","20261","","Research","2026"
"0000172058","1.0","0000001062","KINES","Students analyze mechanical principles in depth as they affect human motion. Topics include study of muscular and skeletal systems, skill analysis, and motion measurement techniques. Students attend lectures plus one three-hour laboratory per week. Offered annually. Prerequisites: BIO 143, BIO 243, and junior status.","23","0","20","0","3","","Yerhot, Paul","{'fsnum': '9005180', 'name': 'Yerhot, Paul'}","300","25","0","","0","","Biomechanics","Students in KINES 374B must also register for KINES 374B lab.                   ;This course is open to rising seniors and juniors.","374","{'day': 'Mo', 'end': '13:50', 'location': 'SAC 103', 'start': '12:55'};{'day': 'We', 'end': '13:50', 'location': 'SAC 103', 'start': '12:55'};{'day': 'Fr', 'end': '13:50', 'location': 'SAC 103', 'start': '12:55'}","False","Prerequisites: BIO 143, BIO 243, and junior status.","B","1","O","20261","","Research","2026"
"0000169146","","0000001063","KINES","","25","0","15","0","10","","Neuger, Matt D.","{'fsnum': '20080', 'name': 'Neuger, Matt D.'}","300","25","0","","0","","Biomechanics Lab","","374","{'day': 'Mo', 'end': '12:45', 'location': 'SAC 103', 'start': '23:50'};{'day': 'We', 'end': '12:45', 'location': 'SAC 103', 'start': '23:50'};{'day': 'Fr', 'end': '12:45', 'location': 'SAC 103', 'start': '23:50'}","False","","A","1","C","20261","","Lab","2026"
"0000172059","","0000001063","KINES","","23","0","20","0","3","","Yerhot, Paul","{'fsnum': '9005180', 'name': 'Yerhot, Paul'}","300","25","0","","0","","Biomechanics Lab","","374","{'day': 'Mo', 'end': '14:55', 'location': 'SAC 103', 'start': '14:00'};{'day': 'We', 'end': '14:55', 'location': 'SAC 103', 'start': '14:00'};{'day': 'Fr', 'end': '14:55', 'location': 'SAC 103', 'start': '14:00'}","False","","B","1","O","20261","","Lab","2026"
"0000169734","1.0","0000001064","KINES","Students study in-depth the physiology of exercise, covering cardiovascular and muscular adaptions to exercise and factors affecting performance, including body composition, environmental influences, training implications across gender and age, and the assessment of fitness. Students attend lectures plus one three-hour laboratory per week. Offered annually. Prerequisite: junior standing and BIO 143 and BIO 243 or permission of instructor.","18","0","8","0","10","ACB;SPM","Mazzone, Josie L.","{'fsnum': '9006210', 'name': 'Mazzone, Josie L.'}","300","25","0","","0","","Physiology/Exercise","This course is open only to rising seniors and juniors.                         ;Students in KINES 375 must also register for KINES 375 lab.                     ;This course includes an academic civic engagement (ACE) component.","375","{'day': 'Mo', 'end': '08:55', 'location': 'SAC 103', 'start': '08:00'};{'day': 'We', 'end': '08:55', 'location': 'SAC 103', 'start': '08:00'};{'day': 'Fr', 'end': '08:55', 'location': 'SAC 103', 'start': '08:00'}","False","junior standing and BIO 143 and BIO 243 or permission of instructor.","","1","O","20261","Physiology of Exercise","Research","2026"
"0000169735","","0000001065","KINES","","18","0","8","0","10","","Mazzone, Josie L.","{'fsnum': '9006210', 'name': 'Mazzone, Josie L.'}","300","25","0","","0","","Physiology/Exercise Lab","","375","{'day': 'Mo', 'end': '10:00', 'location': 'SAC 103', 'start': '09:05'};{'day': 'We', 'end': '10:00', 'location': 'SAC 103', 'start': '09:05'};{'day': 'Fr', 'end': '10:00', 'location': 'SAC 103', 'start': '09:05'}","False","","","1","O","20261","","Lab","2026"
"0000169627","1.0","0000001066","KINES","Students may be co-registered for the capstone course and their final core courses in the major. Students conduct semester-long research on a topic and present their findings in the form of a research paper. Offered annually. Prerequisite: senior standing.","16","0","0","0","16","WRI","Fountaine, Charles J.","{'fsnum': '9002454', 'name': 'Fountaine, Charles J.'}","300","25","0","0","0","","Kinesiology Seminar","Open only to rising seniors.","390","{'day': 'Tu', 'end': '11:00', 'location': 'SAC 103', 'start': '09:35'};{'day': 'Th', 'end': '10:50', 'location': 'SAC 103', 'start': '09:30'}","False","senior standing.","","1","O","20261","","Research","2026"
"0000169245","0.5","0000019357","KINES","This course provides a comprehensive research opportunity, including an introduction to relevant background material, technical instruction, identification of a meaningful project, and data collection. The topic is determined by the faculty member in charge of the course and may relate to their research interests. Offered based on department decision. May be offered as a 1.00 credit course or .50 credit course. Prerequisite: determined by individual instructor.","3","0","0","0","3","","Mazzone, Josie L.","{'fsnum': '9006210', 'name': 'Mazzone, Josie L.'}","300","5","0","0","0","0","Directed Undergraduate Research","Registration by permission of instructor.                                       ;Hours arranged by instructor.","396","{'day': 'Tu', 'end': '14:45', 'location': 'SAC 103', 'start': '13:20'}","False","determined by individual instructor.","","1","C","20261","","Research","2026"
"0000169637","1.0","0000041594","LAMST","This course is an interdisciplinary introduction to Latin America. A central theme is the complex and recurring dynamics of traditions and change that have characterized Latin America since its inception more than five centuries ago. This includes examining how traditions are constructed and change, how they are maintained and/or revitalized by mixing new with old, local with regional and global, ideology with practice, as well as how new traditions are formed. Offered periodically during fall semester.","14","2","4","2","6","SCS","Chiappari, Chris L.","{'fsnum': '10036', 'name': 'Chiappari, Chris L.'}","100","20","","","","","Latin America: Intro to a Continent","","120","{'day': 'Mo', 'end': '12:45', 'location': 'TOH 214', 'start': '23:50'};{'day': 'We', 'end': '12:45', 'location': 'TOH 214', 'start': '23:50'};{'day': 'Fr', 'end': '12:45', 'location': 'TOH 214', 'start': '23:50'}","False","False","","1","O","20261","Latin America: Introduction to a Continent","Research","2026"
"0000169126","1.0","0000000711","LATIN","In this two-course sequence students learn the basics of classical Latin. By studying the language's vocabulary, grammar, and syntax, they not only gain appreciation for its intricacies and nuances but also learn more about their own language and about language in general. Completion of both LATIN 111 and LATIN 112 equips students to translate almost any classical Latin text with the aid of a dictionary. Offered annually in the fall semester.","15","12","2","1","0","","Groton, Anne","{'fsnum': '2771', 'name': 'Groton, Anne'}","100","25","","","","","Beginning Latin I","","111","{'day': 'Mo', 'end': '08:55', 'location': 'TOH 112', 'start': '08:00'};{'day': 'We', 'end': '08:55', 'location': 'TOH 112', 'start': '08:00'};{'day': 'Fr', 'end': '08:55', 'location': 'TOH 112', 'start': '08:00'}","False","False","A","1","O","20261","","Research","2026"
"0000169127","1.0","0000000711","LATIN","In this two-course sequence students learn the basics of classical Latin. By studying the language's vocabulary, grammar, and syntax, they not only gain appreciation for its intricacies and nuances but also learn more about their own language and about language in general. Completion of both LATIN 111 and LATIN 112 equips students to translate almost any classical Latin text with the aid of a dictionary. Offered annually in the fall semester.","18","14","1","2","1","","Groton, Anne","{'fsnum': '2771', 'name': 'Groton, Anne'}","100","25","","","","","Beginning Latin I","","111","{'day': 'Mo', 'end': '11:40', 'location': 'TOH 112', 'start': '10:45'};{'day': 'We', 'end': '11:40', 'location': 'TOH 112', 'start': '10:45'};{'day': 'Fr', 'end': '11:40', 'location': 'TOH 112', 'start': '10:45'}","False","False","B","1","O","20261","","Research","2026"
"0000169487","1.0","0000000713","LATIN","Third-semester Latin students translate large portions of two orations (First Catilinarian, Pro Caelio) by Cicero and selections from Catullus' poetry while reviewing vocabulary, grammar, and syntax. Topics for class discussion include life in late Republican Rome and the stylistic features of the literature. Offered annually in the fall semester. Prerequisite: LATIN 112 or equivalent.","12","3","2","7","0","FOL-L;WLC","Moench, Peter","{'fsnum': '9002374', 'name': 'Moench, Peter'}","200","25","","","","","Intermediate Latin","","231","{'day': 'Mo', 'end': '12:45', 'location': 'TOH 200', 'start': '23:50'};{'day': 'We', 'end': '12:45', 'location': 'TOH 200', 'start': '23:50'};{'day': 'Fr', 'end': '12:45', 'location': 'TOH 200', 'start': '23:50'}","False","LATIN 112 or equivalent.","A","1","O","20261","","Research","2026"
"0000169488","1.0","0000000713","LATIN","Third-semester Latin students translate large portions of two orations (First Catilinarian, Pro Caelio) by Cicero and selections from Catullus' poetry while reviewing vocabulary, grammar, and syntax. Topics for class discussion include life in late Republican Rome and the stylistic features of the literature. Offered annually in the fall semester. Prerequisite: LATIN 112 or equivalent.","15","6","0","8","1","FOL-L;WLC","Moench, Peter","{'fsnum': '9002374', 'name': 'Moench, Peter'}","200","25","","","","","Intermediate Latin","","231","{'day': 'Mo', 'end': '14:55', 'location': 'TOH 112', 'start': '14:00'};{'day': 'We', 'end': '14:55', 'location': 'TOH 112', 'start': '14:00'};{'day': 'Fr', 'end': '14:55', 'location': 'TOH 112', 'start': '14:00'}","False","LATIN 112 or equivalent.","B","1","O","20261","","Research","2026"
"0000171807","1.0","0000000719","LATIN","Lyric poems -- short, occasional pieces composed in various meters, often concerned with love and longing -- are the focus of this Latin course. Students translate the vivacious verse of Catullus, Horace, Tibullus, and Ovid and learn to recognize the features that make lyric a distinctive genre of Latin poetry. Offered periodically in the fall or the spring semester. Prerequisite: LATIN 231 or equivalent.","11","0","2","2","7","FOL-L;ORC;WLC","Merrill, Frances","{'fsnum': '9006334', 'name': 'Merrill, Frances'}","300","15","","","","","Latin Lyric","","371","{'day': 'Tu', 'end': '11:00', 'location': 'TOH 112', 'start': '09:35'};{'day': 'Th', 'end': '10:50', 'location': 'TOH 112', 'start': '09:30'}","False","LATIN 231 or equivalent.","","1","O","20261","","Research","2026"
"0000169264","1.0","0000000423","LNGST","Students learn about and analyze the English language, beginning with the building blocks of language: morphology, syntax, semantics, and phonetics/phonology. Students also explore the ways humans acquire language, social and geographical influences on English, and major changes during the history of the English language. The course serves as an introduction to the applied linguistics concentration and fulfills the linguistics requirement of the Communication Arts and Literature license. Prerequisite: WRIT 120 or equivalent.","25","0","6","12","7","","Vosburg, Nora","{'fsnum': '32164', 'name': 'Vosburg, Nora'}","200","25","","","","","English Language and Linguistics","","250","{'day': 'Tu', 'end': '11:00', 'location': 'TOH 212', 'start': '09:35'};{'day': 'Th', 'end': '10:50', 'location': 'TOH 212', 'start': '09:30'}","False","WRIT 120 or equivalent.","","1","C","20261","","Research","2026"
"0000169527","1.0","0000027943","MATH","This course combines a full semester of differential calculus with reviews of algebra and pre-calculus topics for students who did not complete a pre-calculus course in high school, or are otherwise not prepared to enroll in MATH 120. Review of algebraic techniques and the language of functions are integrated with topics from the calculus of functions of a single real variable, including trigonometric, exponential, and logarithmic functions. Topics are explored graphically, symbolically, and numerically. Class meets four times per week, including one laboratory meeting. Credit may be earned for either MATH 119 or MATH 120, but not both. Offered in the fall semester. Prerequisite: mathematics placement recommendation.","30","27","0","3","0","AQR;QCR","Salois, Kyle","{'fsnum': '9005160', 'name': 'Salois, Kyle'}","100","30","","0","2","0","Introduction to Calculus","Students in Math 119A must also register for one lab Math 119 AL or BL.         ;Course fee $35.  Registration by                                                ;placement recommendation only or permission of Math Placement Director.","119","{'day': 'Mo', 'end': '11:40', 'location': 'RNS 208', 'start': '10:45'};{'day': 'We', 'end': '11:40', 'location': 'RNS 208', 'start': '10:45'};{'day': 'Fr', 'end': '11:40', 'location': 'RNS 208', 'start': '10:45'}","False","mathematics placement recommendation.","A","1","C","20261","","Research","2026"
"0000169528","1.0","0000027943","MATH","This course combines a full semester of differential calculus with reviews of algebra and pre-calculus topics for students who did not complete a pre-calculus course in high school, or are otherwise not prepared to enroll in MATH 120. Review of algebraic techniques and the language of functions are integrated with topics from the calculus of functions of a single real variable, including trigonometric, exponential, and logarithmic functions. Topics are explored graphically, symbolically, and numerically. Class meets four times per week, including one laboratory meeting. Credit may be earned for either MATH 119 or MATH 120, but not both. Offered in the fall semester. Prerequisite: mathematics placement recommendation.","30","27","0","3","0","AQR;QCR","Salois, Kyle","{'fsnum': '9005160', 'name': 'Salois, Kyle'}","100","30","","0","2","0","Introduction to Calculus","Students in Math 119B must also register for one lab Math 119 AL or BL.         ;Course fee $35. Registration by                                                 ;placement recommendation only or permission of Math Placement Director.","119","{'day': 'Mo', 'end': '12:45', 'location': 'RNS 208', 'start': '23:50'};{'day': 'We', 'end': '12:45', 'location': 'RNS 208', 'start': '23:50'};{'day': 'Fr', 'end': '12:45', 'location': 'RNS 208', 'start': '23:50'}","False","mathematics placement recommendation.","B","1","C","20261","","Research","2026"
"0000169529","","0000027992","MATH","","29","26","0","3","0","","Salois, Kyle","{'fsnum': '9005160', 'name': 'Salois, Kyle'}","100","30","","0","2","0","Introduction to Calculus Lab","","119","{'day': 'Th', 'end': '10:50', 'location': 'RNS 208', 'start': '09:30'}","False","","A","1","O","20261","","Lab","2026"
"0000169530","","0000027992","MATH","","31","28","0","3","0","","Salois, Kyle","{'fsnum': '9005160', 'name': 'Salois, Kyle'}","100","30","","0","2","0","Introduction to Calculus Lab","","119","{'day': 'Th', 'end': '14:05', 'location': 'RNS 208', 'start': '12:45'}","False","","B","1","C","20261","","Lab","2026"
"0000169167","1.0","0000000731","MATH","This course introduces differential and integral calculus of functions of a single real variable, including trigonometric, exponential, and logarithmic functions. Derivatives, integrals, and differential equations are explored graphically, symbolically, and numerically. Applications of these topics are emphasized throughout the course. Credit may be earned for either MATH 119 or MATH 120, but not both. Students may not enroll in this course if they have AP, IB, or CAL Calculus I credit. Offered each semester and during January term. Prerequisite: mathematics placement recommendation.","26","22","1","3","0","AQR;MAR;QCR","Ellefsen, Erin M.","{'fsnum': '9002457', 'name': 'Ellefsen, Erin M.'}","100","26","","","","","Calculus I","Course fee $35","120","{'day': 'Mo', 'end': '08:55', 'location': 'RNS 208', 'start': '08:00'};{'day': 'We', 'end': '08:55', 'location': 'RNS 208', 'start': '08:00'};{'day': 'Fr', 'end': '08:55', 'location': 'RNS 208', 'start': '08:00'}","False","mathematics placement recommendation.","A","1","C","20261","","Research","2026"
"0000169170","1.0","0000000731","MATH","This course introduces differential and integral calculus of functions of a single real variable, including trigonometric, exponential, and logarithmic functions. Derivatives, integrals, and differential equations are explored graphically, symbolically, and numerically. Applications of these topics are emphasized throughout the course. Credit may be earned for either MATH 119 or MATH 120, but not both. Students may not enroll in this course if they have AP, IB, or CAL Calculus I credit. Offered each semester and during January term. Prerequisite: mathematics placement recommendation.","26","23","0","2","1","AQR;MAR;QCR","Ellefsen, Erin M.","{'fsnum': '9002457', 'name': 'Ellefsen, Erin M.'}","100","26","","","","","Calculus I","Course fee $35","120","{'day': 'Mo', 'end': '10:00', 'location': 'RNS 208', 'start': '09:05'};{'day': 'We', 'end': '10:00', 'location': 'RNS 208', 'start': '09:05'};{'day': 'Fr', 'end': '10:00', 'location': 'RNS 208', 'start': '09:05'}","False","mathematics placement recommendation.","B","1","C","20261","","Research","2026"
"0000169169","1.0","0000000731","MATH","This course introduces differential and integral calculus of functions of a single real variable, including trigonometric, exponential, and logarithmic functions. Derivatives, integrals, and differential equations are explored graphically, symbolically, and numerically. Applications of these topics are emphasized throughout the course. Credit may be earned for either MATH 119 or MATH 120, but not both. Students may not enroll in this course if they have AP, IB, or CAL Calculus I credit. Offered each semester and during January term. Prerequisite: mathematics placement recommendation.","24","17","1","5","1","AQR;MAR;QCR","Gandini, Francesca","{'fsnum': '34024', 'name': 'Gandini, Francesca'}","100","24","","","","","Calculus I","Course fee $35","120","{'day': 'Mo', 'end': '11:40', 'location': 'TOH 184', 'start': '10:45'};{'day': 'We', 'end': '11:40', 'location': 'TOH 184', 'start': '10:45'};{'day': 'Fr', 'end': '11:40', 'location': 'TOH 184', 'start': '10:45'}","False","mathematics placement recommendation.","C","1","C","20261","","Research","2026"
"0000169168","1.0","0000000731","MATH","This course introduces differential and integral calculus of functions of a single real variable, including trigonometric, exponential, and logarithmic functions. Derivatives, integrals, and differential equations are explored graphically, symbolically, and numerically. Applications of these topics are emphasized throughout the course. Credit may be earned for either MATH 119 or MATH 120, but not both. Students may not enroll in this course if they have AP, IB, or CAL Calculus I credit. Offered each semester and during January term. Prerequisite: mathematics placement recommendation.","26","19","1","6","0","AQR;MAR;QCR","Gandini, Francesca","{'fsnum': '34024', 'name': 'Gandini, Francesca'}","100","26","","","","","Calculus I","Course fee $35","120","{'day': 'Mo', 'end': '13:50', 'location': 'RNS 208', 'start': '12:55'};{'day': 'We', 'end': '13:50', 'location': 'RNS 208', 'start': '12:55'};{'day': 'Fr', 'end': '13:50', 'location': 'RNS 208', 'start': '12:55'}","False","mathematics placement recommendation.","D","1","C","20261","","Research","2026"
"0000169171","1.0","0000000731","MATH","This course introduces differential and integral calculus of functions of a single real variable, including trigonometric, exponential, and logarithmic functions. Derivatives, integrals, and differential equations are explored graphically, symbolically, and numerically. Applications of these topics are emphasized throughout the course. Credit may be earned for either MATH 119 or MATH 120, but not both. Students may not enroll in this course if they have AP, IB, or CAL Calculus I credit. Offered each semester and during January term. Prerequisite: mathematics placement recommendation.","27","24","1","2","0","AQR;MAR;QCR","Kenney, Meagan","{'fsnum': '34037', 'name': 'Kenney, Meagan'}","100","26","","","","","Calculus I","Course fee $35","120","{'day': 'Mo', 'end': '14:55', 'location': 'RNS 208', 'start': '14:00'};{'day': 'We', 'end': '14:55', 'location': 'RNS 208', 'start': '14:00'};{'day': 'Fr', 'end': '14:55', 'location': 'RNS 208', 'start': '14:00'}","False","mathematics placement recommendation.","E","1","C","20261","","Research","2026"
"0000169172","1.0","0000000731","MATH","This course introduces differential and integral calculus of functions of a single real variable, including trigonometric, exponential, and logarithmic functions. Derivatives, integrals, and differential equations are explored graphically, symbolically, and numerically. Applications of these topics are emphasized throughout the course. Credit may be earned for either MATH 119 or MATH 120, but not both. Students may not enroll in this course if they have AP, IB, or CAL Calculus I credit. Offered each semester and during January term. Prerequisite: mathematics placement recommendation.","25","22","1","2","0","AQR;MAR;QCR","Brooke, Corey T.","{'fsnum': '9006263', 'name': 'Brooke, Corey T.'}","100","24","","","","","Calculus I","Course fee $35","120","{'day': 'Tu', 'end': '09:25', 'location': 'RNS 204', 'start': '08:00'};{'day': 'Th', 'end': '09:20', 'location': 'RNS 204', 'start': '08:00'}","False","mathematics placement recommendation.","F","1","C","20261","","Research","2026"
"0000169173","1.0","0000000731","MATH","This course introduces differential and integral calculus of functions of a single real variable, including trigonometric, exponential, and logarithmic functions. Derivatives, integrals, and differential equations are explored graphically, symbolically, and numerically. Applications of these topics are emphasized throughout the course. Credit may be earned for either MATH 119 or MATH 120, but not both. Students may not enroll in this course if they have AP, IB, or CAL Calculus I credit. Offered each semester and during January term. Prerequisite: mathematics placement recommendation.","24","19","1","4","0","AQR;MAR;QCR","Brooke, Corey T.","{'fsnum': '9006263', 'name': 'Brooke, Corey T.'}","100","24","","","","","Calculus I","Course fee $35","120","{'day': 'Tu', 'end': '11:00', 'location': 'RNS 204', 'start': '09:35'};{'day': 'Th', 'end': '10:50', 'location': 'RNS 204', 'start': '09:30'}","False","mathematics placement recommendation.","G","1","C","20261","","Research","2026"
"0000173353","1.0","0000000731","MATH","This course introduces differential and integral calculus of functions of a single real variable, including trigonometric, exponential, and logarithmic functions. Derivatives, integrals, and differential equations are explored graphically, symbolically, and numerically. Applications of these topics are emphasized throughout the course. Credit may be earned for either MATH 119 or MATH 120, but not both. Students may not enroll in this course if they have AP, IB, or CAL Calculus I credit. Offered each semester and during January term. Prerequisite: mathematics placement recommendation.","24","22","0","1","1","AQR;MAR;QCR","Gandini, Francesca","{'fsnum': '34024', 'name': 'Gandini, Francesca'}","100","24","","","","","Calculus I","Course fee $35.","120","{'day': 'Mo', 'end': '12:45', 'location': 'TOH 184', 'start': '23:50'};{'day': 'We', 'end': '12:45', 'location': 'TOH 184', 'start': '23:50'};{'day': 'Fr', 'end': '12:45', 'location': 'TOH 184', 'start': '23:50'}","False","mathematics placement recommendation.","H","1","C","20261","","Research","2026"
"0000169174","1.0","0000000733","MATH","This course covers methods and applications of integration, geometric and Taylor series, and introduces partial derivatives and double integrals. Credit may be earned for either MATH 126 or MATH 128, but not both. Offered each semester. Prerequisite: MATH 119 or MATH 120 or equivalent, or mathematics placement recommendation.","11","8","1","1","1","AQR;MAR;QCR","Israel, Elana J.","{'fsnum': '9005178', 'name': 'Israel, Elana J.'}","100","22","","","","","Calculus II","Course fee $35","126","{'day': 'Mo', 'end': '08:55', 'location': 'RNS 204', 'start': '08:00'};{'day': 'We', 'end': '08:55', 'location': 'RNS 204', 'start': '08:00'};{'day': 'Fr', 'end': '08:55', 'location': 'RNS 204', 'start': '08:00'}","False","MATH 119 or MATH 120 or equivalent, or mathematics placement recommendation.","A","1","O","20261","","Research","2026"
"0000169175","1.0","0000000733","MATH","This course covers methods and applications of integration, geometric and Taylor series, and introduces partial derivatives and double integrals. Credit may be earned for either MATH 126 or MATH 128, but not both. Offered each semester. Prerequisite: MATH 119 or MATH 120 or equivalent, or mathematics placement recommendation.","24","16","2","5","1","AQR;MAR;QCR","Israel, Elana J.","{'fsnum': '9005178', 'name': 'Israel, Elana J.'}","100","22","","","","","Calculus II","Course fee $35","126","{'day': 'Mo', 'end': '10:00', 'location': 'RNS 204', 'start': '09:05'};{'day': 'We', 'end': '10:00', 'location': 'RNS 204', 'start': '09:05'};{'day': 'Fr', 'end': '10:00', 'location': 'RNS 204', 'start': '09:05'}","False","MATH 119 or MATH 120 or equivalent, or mathematics placement recommendation.","B","1","C","20261","","Research","2026"
"0000169177","1.0","0000000733","MATH","This course covers methods and applications of integration, geometric and Taylor series, and introduces partial derivatives and double integrals. Credit may be earned for either MATH 126 or MATH 128, but not both. Offered each semester. Prerequisite: MATH 119 or MATH 120 or equivalent, or mathematics placement recommendation.","25","11","3","5","6","AQR;MAR;QCR","Walmsley, David P.","{'fsnum': '29131', 'name': 'Walmsley, David P.'}","100","22","","","","","Calculus II","Course fee $35","126","{'day': 'Mo', 'end': '12:45', 'location': 'RNS 206', 'start': '23:50'};{'day': 'We', 'end': '12:45', 'location': 'RNS 206', 'start': '23:50'};{'day': 'Fr', 'end': '12:45', 'location': 'RNS 206', 'start': '23:50'}","False","MATH 119 or MATH 120 or equivalent, or mathematics placement recommendation.","C","1","C","20261","","Research","2026"
"0000169176","1.0","0000000733","MATH","This course covers methods and applications of integration, geometric and Taylor series, and introduces partial derivatives and double integrals. Credit may be earned for either MATH 126 or MATH 128, but not both. Offered each semester. Prerequisite: MATH 119 or MATH 120 or equivalent, or mathematics placement recommendation.","22","14","1","7","0","AQR;MAR;QCR","Walmsley, David P.","{'fsnum': '29131', 'name': 'Walmsley, David P.'}","100","22","","","","","Calculus II","Course fee $35.","126","{'day': 'Mo', 'end': '13:50', 'location': 'RNS 206', 'start': '12:55'};{'day': 'We', 'end': '13:50', 'location': 'RNS 206', 'start': '12:55'};{'day': 'Fr', 'end': '13:50', 'location': 'RNS 206', 'start': '12:55'}","False","MATH 119 or MATH 120 or equivalent, or mathematics placement recommendation.","D","1","C","20261","","Research","2026"
"0000169363","1.0","0000000734","MATH","This course covers the material in MATH 126 in greater depth and breadth. Credit may be earned for either MATH 126 or MATH 128, but not both. Offered annually in the fall semester. Prerequisite: 4 or 5 on AP Calculus AB exam or permission of the Mathematics Placement Director.","24","24","0","0","0","AQR;MAR;QCR","Wright, Matthew","{'fsnum': '27194', 'name': 'Wright, Matthew'}","100","24","","0","0","0","Honors Calculus II","Course fee $35                                                                  ;Open to incoming first-year students only.","128","{'day': 'Mo', 'end': '10:00', 'location': 'TOH 186', 'start': '09:05'};{'day': 'We', 'end': '10:00', 'location': 'TOH 186', 'start': '09:05'};{'day': 'Fr', 'end': '10:00', 'location': 'TOH 186', 'start': '09:05'}","False","4 or 5 on AP Calculus AB exam or permission of the Mathematics Placement Director.","A","1","C","20261","","Research","2026"
"0000169362","1.0","0000000734","MATH","This course covers the material in MATH 126 in greater depth and breadth. Credit may be earned for either MATH 126 or MATH 128, but not both. Offered annually in the fall semester. Prerequisite: 4 or 5 on AP Calculus AB exam or permission of the Mathematics Placement Director.","24","23","0","0","1","AQR;MAR;QCR","Wright, Matthew","{'fsnum': '27194', 'name': 'Wright, Matthew'}","100","24","","0","0","0","Honors Calculus II","Course fee $35                                                                  ;Open to incoming first-year students only.","128","{'day': 'Mo', 'end': '11:40', 'location': 'TOH 186', 'start': '10:45'};{'day': 'We', 'end': '11:40', 'location': 'TOH 186', 'start': '10:45'};{'day': 'Fr', 'end': '11:40', 'location': 'TOH 186', 'start': '10:45'}","False","4 or 5 on AP Calculus AB exam or permission of the Mathematics Placement Director.","B","1","C","20261","","Research","2026"
"0000169259","1.0","0000000736","MATH","This course beautifully illustrates the nature of mathematics as a blend of technique, theory, abstraction, and applications. The important problem of solving systems of linear equations leads to the study of matrix algebra, determinants, vector spaces, bases and dimension, linear transformations, and eigenvalues. Offered each semester and during January term. Prerequisite: MATH 119, MATH 120 or CSCI 221.","24","9","2","11","2","AQR;MAR;QCR","Kraut, Anna K.","{'fsnum': '9002458', 'name': 'Kraut, Anna K.'}","200","25","","","","","Elem Linear Algebra","","220","{'day': 'Mo', 'end': '10:00', 'location': 'RNS 206', 'start': '09:05'};{'day': 'We', 'end': '10:00', 'location': 'RNS 206', 'start': '09:05'};{'day': 'Fr', 'end': '10:00', 'location': 'RNS 206', 'start': '09:05'}","False","MATH 119, MATH 120 or CSCI 221.","A","1","O","20261","Elementary Linear Algebra","Research","2026"
"0000169260","1.0","0000000736","MATH","This course beautifully illustrates the nature of mathematics as a blend of technique, theory, abstraction, and applications. The important problem of solving systems of linear equations leads to the study of matrix algebra, determinants, vector spaces, bases and dimension, linear transformations, and eigenvalues. Offered each semester and during January term. Prerequisite: MATH 119, MATH 120 or CSCI 221.","25","9","3","10","3","AQR;MAR;QCR","Kraut, Anna K.","{'fsnum': '9002458', 'name': 'Kraut, Anna K.'}","200","25","","","","","Elem Linear Algebra","","220","{'day': 'Mo', 'end': '11:40', 'location': 'RNS 206', 'start': '10:45'};{'day': 'We', 'end': '11:40', 'location': 'RNS 206', 'start': '10:45'};{'day': 'Fr', 'end': '11:40', 'location': 'RNS 206', 'start': '10:45'}","False","MATH 119, MATH 120 or CSCI 221.","B","1","C","20261","Elementary Linear Algebra","Research","2026"
"0000169261","1.0","0000000736","MATH","This course beautifully illustrates the nature of mathematics as a blend of technique, theory, abstraction, and applications. The important problem of solving systems of linear equations leads to the study of matrix algebra, determinants, vector spaces, bases and dimension, linear transformations, and eigenvalues. Offered each semester and during January term. Prerequisite: MATH 119, MATH 120 or CSCI 221.","21","6","2","13","0","AQR;MAR;QCR","Norton, Rachael","{'fsnum': '35070', 'name': 'Norton, Rachael'}","200","25","","","","","Elem Linear Algebra","","220","{'day': 'Mo', 'end': '12:45', 'location': 'TOH 186', 'start': '23:50'};{'day': 'We', 'end': '12:45', 'location': 'TOH 186', 'start': '23:50'};{'day': 'Fr', 'end': '12:45', 'location': 'TOH 186', 'start': '23:50'}","False","MATH 119, MATH 120 or CSCI 221.","C","1","O","20261","Elementary Linear Algebra","Research","2026"
"0000169262","1.0","0000000736","MATH","This course beautifully illustrates the nature of mathematics as a blend of technique, theory, abstraction, and applications. The important problem of solving systems of linear equations leads to the study of matrix algebra, determinants, vector spaces, bases and dimension, linear transformations, and eigenvalues. Offered each semester and during January term. Prerequisite: MATH 119, MATH 120 or CSCI 221.","23","8","3","11","1","AQR;MAR;QCR","Norton, Rachael","{'fsnum': '35070', 'name': 'Norton, Rachael'}","200","25","","","","","Elem Linear Algebra","","220","{'day': 'Mo', 'end': '13:50', 'location': 'TOH 186', 'start': '12:55'};{'day': 'We', 'end': '13:50', 'location': 'TOH 186', 'start': '12:55'};{'day': 'Fr', 'end': '13:50', 'location': 'TOH 186', 'start': '12:55'}","False","MATH 119, MATH 120 or CSCI 221.","D","1","O","20261","Elementary Linear Algebra","Research","2026"
"0000169263","1.0","0000000736","MATH","This course beautifully illustrates the nature of mathematics as a blend of technique, theory, abstraction, and applications. The important problem of solving systems of linear equations leads to the study of matrix algebra, determinants, vector spaces, bases and dimension, linear transformations, and eigenvalues. Offered each semester and during January term. Prerequisite: MATH 119, MATH 120 or CSCI 221.","24","23","0","1","0","AQR;MAR;QCR","Berliner, Adam H.","{'fsnum': '21092', 'name': 'Berliner, Adam H.'}","200","25","","0","0","0","Elem Linear Algebra","This section is for incoming first-year students only.","220","{'day': 'Mo', 'end': '14:55', 'location': 'RNS 206', 'start': '14:00'};{'day': 'We', 'end': '14:55', 'location': 'RNS 206', 'start': '14:00'};{'day': 'Fr', 'end': '14:55', 'location': 'RNS 206', 'start': '14:00'}","False","MATH 119, MATH 120 or CSCI 221.","E","1","O","20261","Elementary Linear Algebra","Research","2026"
"0000169693","1.0","0000000738","MATH","This course extends important ideas of single-variable calculus (derivatives, integrals, graphs, approximation, optimization, fundamental theorems, etc.) to higher-dimensional settings. These extensions make calculus tools far more powerful in modeling the (multi-dimensional) real world. Topics include partial derivatives, multiple integrals, transformations, Jacobians, line and surface integrals, and the fundamental theorems of Green, Stokes, and Gauss. Offered each semester. Prerequisites: MATH 126 or MATH 128, and MATH 220.","24","0","8","13","3","","Kenney, Meagan","{'fsnum': '34037', 'name': 'Kenney, Meagan'}","200","24","","","","5","Multivariable Calc","","226","{'day': 'Mo', 'end': '12:45', 'location': 'RNS 204', 'start': '23:50'};{'day': 'We', 'end': '12:45', 'location': 'RNS 204', 'start': '23:50'};{'day': 'Fr', 'end': '12:45', 'location': 'RNS 204', 'start': '23:50'}","False","Prerequisites: MATH 126 or MATH 128, and MATH 220.","A","1","C","20261","Multivariable Calculus","Research","2026"
"0000172060","1.0","0000000738","MATH","This course extends important ideas of single-variable calculus (derivatives, integrals, graphs, approximation, optimization, fundamental theorems, etc.) to higher-dimensional settings. These extensions make calculus tools far more powerful in modeling the (multi-dimensional) real world. Topics include partial derivatives, multiple integrals, transformations, Jacobians, line and surface integrals, and the fundamental theorems of Green, Stokes, and Gauss. Offered each semester. Prerequisites: MATH 126 or MATH 128, and MATH 220.","19","0","11","6","2","","Kenney, Meagan","{'fsnum': '34037', 'name': 'Kenney, Meagan'}","200","24","","","","5","Multivariable Calc","","226","{'day': 'Mo', 'end': '13:50', 'location': 'RNS 204', 'start': '12:55'};{'day': 'We', 'end': '13:50', 'location': 'RNS 204', 'start': '12:55'};{'day': 'Fr', 'end': '13:50', 'location': 'RNS 204', 'start': '12:55'}","False","Prerequisites: MATH 126 or MATH 128, and MATH 220.","B","1","O","20261","Multivariable Calculus","Research","2026"
"0000172061","1.0","0000000740","MATH","This course introduces differential equations and analytical, numerical, and graphical techniques for the analysis of their solutions. First- and second-order differential equations and linear systems are studied. Applications are selected from areas such as biology, chemistry, economics, ecology, and physics. Laplace transforms or nonlinear systems may be covered as time permits. Students use computers extensively to calculate and visualize results. Offered each semester. Prerequisite: MATH 126 or MATH 128 and MATH 220.","18","0","5","10","3","","Israel, Elana J.","{'fsnum': '9005178', 'name': 'Israel, Elana J.'}","200","24","","","","","Differential Equations I","","230","{'day': 'Mo', 'end': '14:55', 'location': 'RNS 204', 'start': '14:00'};{'day': 'We', 'end': '14:55', 'location': 'RNS 204', 'start': '14:00'};{'day': 'Fr', 'end': '14:55', 'location': 'RNS 204', 'start': '14:00'}","False","MATH 126 or MATH 128 and MATH 220.","","1","O","20261","","Research","2026"
"0000169796","1.0","0000000745","MATH","Students encounter the theory of calculus and develop tools for communicating mathematical ideas with technical accuracy and sophistication. The goal is mastery of the concepts (e.g., limit, continuity, derivatives, and integrals) necessary to verify such important results as the Fundamental Theorem of Calculus, the Mean Value Theorem, and the Bolzano-Weierstrass Theorem. Emphasis is on theory and on developing the ability to write proofs. Offered each semester. Prerequisite: MATH 126 or MATH 128, and MATH 220. Permission of instructor required for first-year students.","18","0","8","3","7","WAC;WRI","Walmsley, David P.","{'fsnum': '29131', 'name': 'Walmsley, David P.'}","200","17","0","8","","6","Real Analysis I","Open to incoming first-year students with permission of Math Program Director.","244","{'day': 'Mo', 'end': '08:55', 'location': 'TOH 184', 'start': '08:00'};{'day': 'We', 'end': '08:55', 'location': 'TOH 184', 'start': '08:00'};{'day': 'Fr', 'end': '08:55', 'location': 'TOH 184', 'start': '08:00'}","False","MATH 126 or MATH 128, and MATH 220. Permission of instructor required for first-year students.","A","1","C","20261","","Research","2026"
"0000169795","1.0","0000000745","MATH","Students encounter the theory of calculus and develop tools for communicating mathematical ideas with technical accuracy and sophistication. The goal is mastery of the concepts (e.g., limit, continuity, derivatives, and integrals) necessary to verify such important results as the Fundamental Theorem of Calculus, the Mean Value Theorem, and the Bolzano-Weierstrass Theorem. Emphasis is on theory and on developing the ability to write proofs. Offered each semester. Prerequisite: MATH 126 or MATH 128, and MATH 220. Permission of instructor required for first-year students.","11","0","4","6","1","WAC;WRI","Norton, Rachael","{'fsnum': '35070', 'name': 'Norton, Rachael'}","200","17","0","8","","6","Real Analysis I","Open to incoming first-year students with permission of Math Program Director.","244","{'day': 'Mo', 'end': '14:55', 'location': 'TOH 186', 'start': '14:00'};{'day': 'We', 'end': '14:55', 'location': 'TOH 186', 'start': '14:00'};{'day': 'Fr', 'end': '14:55', 'location': 'TOH 186', 'start': '14:00'}","False","MATH 126 or MATH 128, and MATH 220. Permission of instructor required for first-year students.","B","1","O","20261","","Research","2026"
"0000169018","1.0","0000000747","MATH","Algebra is concerned with sets of objects and operations that satisfy a few basic properties. Using the properties we study axiomatic systems such as groups, rings, and fields, covering topics such as homomorphisms, cosets, quotient structures, polynomial rings, and finite fields. Emphasis is on theory and on developing the ability to write proofs. Offered each semester. Prerequisite: MATH 220. Permission of instructor required for first-year students.","16","0","7","5","4","WAC;WRI","Brooke, Corey T.","{'fsnum': '9006263', 'name': 'Brooke, Corey T.'}","200","16","0","","","","Abstract Algebra I","Open to incoming first-year students with permission of Math Program Director.","252","{'day': 'Mo', 'end': '11:40', 'location': 'RNS 204', 'start': '10:45'};{'day': 'We', 'end': '11:40', 'location': 'RNS 204', 'start': '10:45'};{'day': 'Fr', 'end': '11:40', 'location': 'RNS 204', 'start': '10:45'}","False","MATH 220. Permission of instructor required for first-year students.","A","1","C","20261","","Research","2026"
"0000169017","1.0","0000000747","MATH","Algebra is concerned with sets of objects and operations that satisfy a few basic properties. Using the properties we study axiomatic systems such as groups, rings, and fields, covering topics such as homomorphisms, cosets, quotient structures, polynomial rings, and finite fields. Emphasis is on theory and on developing the ability to write proofs. Offered each semester. Prerequisite: MATH 220. Permission of instructor required for first-year students.","18","0","8","8","2","WAC;WRI","Dietz, Jill","{'fsnum': '1380', 'name': 'Dietz, Jill'}","200","16","0","8","","4","Abstract Algebra I","Open to incoming first-year students with permission of Math Program Director.  ;This course has class-year limits.","252","{'day': 'Tu', 'end': '13:10', 'location': 'TOH 184', 'start': '23:45'};{'day': 'Th', 'end': '14:05', 'location': 'TOH 184', 'start': '12:45'}","False","MATH 220. Permission of instructor required for first-year students.","B","1","C","20261","","Research","2026"
"0000169777","1.0","0000000748","MATH","This course introduces the mathematics of randomness. Topics include probabilities on discrete and continuous sample spaces, conditional probability and Bayes' Theorem, random variables, expectation and variance, distributions (including binomial, Poisson, geometric, normal, exponential, and gamma) and the Central Limit Theorem. Students use computers to explore these topics. Offered each semester. Prerequisite: MATH 126 or MATH 128.","16","1","6","3","6","","Kraut, Anna K.","{'fsnum': '9002458', 'name': 'Kraut, Anna K.'}","200","24","","","","","Probability Theory","","262","{'day': 'Mo', 'end': '12:45', 'location': 'RNS 202', 'start': '23:50'};{'day': 'We', 'end': '12:45', 'location': 'RNS 202', 'start': '23:50'};{'day': 'Fr', 'end': '12:45', 'location': 'RNS 202', 'start': '23:50'}","False","MATH 126 or MATH 128.","","1","O","20261","","Research","2026"
"0000169241","1.0","0000000753","MATH","This course covers partial differential equations from an applied perspective and emphasizes simple models involving phenomena such as wave motion and diffusion. Topics and techniques such as separation of variables, boundary value problems, Fourier series, and orthogonal functions are developed carefully. Mathematical computing is used freely. Offered alternate years. Prerequisite: MATH 226 and MATH 230.","18","0","7","1","10","WRI","Ellefsen, Erin M.","{'fsnum': '9002457', 'name': 'Ellefsen, Erin M.'}","300","18","0","","0","15","Differential Equations II","Open only to rising Juniors and Seniors.                                        ;This course has class-year limits.","330","{'day': 'Tu', 'end': '09:25', 'location': 'TOH 186', 'start': '08:00'};{'day': 'Th', 'end': '09:20', 'location': 'TOH 186', 'start': '08:00'}","False","MATH 226 and MATH 230.","","1","C","20261","","Research","2026"
"0000172062","1.0","0000033674","MATH","This course covers fundamental concepts of graph theory and their applications, including topics such as simple graphs and directed graphs, degree sequences, Eulerian and Hamiltonian graphs, trees and spanning trees, matchings, networks and feasible flows, connectivity, and graph colorings. Other applications and algorithms may include greedy algorithms for minimum spanning trees, Prüfer codes, Hall's Theorem, the Gale-Shapley Algorithm, Menger's Theorem, the Max-Cut/Min-Flow Theorem, the Committee Scheduling Problem, Kuratowski's Theorem, and Ramsey's Theorem. Offered alternate years. Prerequisites: MATH 244 or MATH 252.","24","0","3","0","21","","Berliner, Adam H.","{'fsnum': '21092', 'name': 'Berliner, Adam H.'}","300","18","0","","","","Graph Theory","","332","{'day': 'Tu', 'end': '11:00', 'location': 'TOH 186', 'start': '09:35'};{'day': 'Th', 'end': '10:50', 'location': 'TOH 186', 'start': '09:30'}","False","Prerequisites: MATH 244 or MATH 252.","","1","C","20261","","Research","2026"
"0000172063","1.0","0000000756","MATH","This course is an introduction to topological spaces and their structures mainly from the point-set perspective. Standard topics include separation axioms, compactness, and connectedness. Other topics from geometric and algebraic viewpoints may be included. Offered alternate years. Prerequisite: MATH 244.","23","0","4","1","18","","Wright, Matthew","{'fsnum': '27194', 'name': 'Wright, Matthew'}","300","18","0","","","","Topology","","348","{'day': 'Tu', 'end': '13:10', 'location': 'TOH 186', 'start': '23:45'};{'day': 'Th', 'end': '14:05', 'location': 'TOH 186', 'start': '12:45'}","False","MATH 244.","","1","C","20261","","Research","2026"
"0000169532","1.0","0000000800","MUSIC","First-semester music majors begin formal musicianship studies. Students perform basic melodies and rhythms at sight, and notate dictations of basic rhythms, melodies and harmonic progressions. Students also analyze and compose Western tonal music employing the rubrics of rhythm and meter, pitch, intervals, scales, tertian chords, inversions, harmonic progression, and SATB voice leading. Offered annually in the fall semester. Does not count toward B.A. music major or any B.M. music major. Prerequisite: concurrent registration in MUSIC 161 is strongly encouraged.","25","24","0","1","0","","Clawson-Cannestra, Kaitlyn","{'fsnum': '9006312', 'name': 'Clawson-Cannestra, Kaitlyn'}","100","25","","0","0","0","Introduction to Musicianship","Open only to incoming first-year students.","112","{'day': 'Mo', 'end': '11:40', 'location': 'CHM 239', 'start': '10:45'};{'day': 'Fr', 'end': '11:40', 'location': 'CHM 239', 'start': '10:45'};{'day': 'Tu', 'end': '11:00', 'location': 'CHM 239', 'start': '09:35'};{'day': 'Th', 'end': '10:50', 'location': 'CHM 239', 'start': '09:30'}","False","concurrent registration in MUSIC 161 is strongly encouraged.","A","1","C","20261","","Research","2026"
"0000169533","1.0","0000000800","MUSIC","First-semester music majors begin formal musicianship studies. Students perform basic melodies and rhythms at sight, and notate dictations of basic rhythms, melodies and harmonic progressions. Students also analyze and compose Western tonal music employing the rubrics of rhythm and meter, pitch, intervals, scales, tertian chords, inversions, harmonic progression, and SATB voice leading. Offered annually in the fall semester. Does not count toward B.A. music major or any B.M. music major. Prerequisite: concurrent registration in MUSIC 161 is strongly encouraged.","25","21","1","3","0","","Boone, Christine E.","{'fsnum': '35108', 'name': 'Boone, Christine E.'}","100","25","","0","0","0","Introduction to Musicianship","Open only to incoming first-year students.","112","{'day': 'Mo', 'end': '13:50', 'location': 'CHM 224', 'start': '12:55'};{'day': 'Fr', 'end': '13:50', 'location': 'CHM 224', 'start': '12:55'};{'day': 'Tu', 'end': '13:10', 'location': 'CHM 224', 'start': '23:45'};{'day': 'Th', 'end': '14:05', 'location': 'CHM 224', 'start': '12:45'}","False","concurrent registration in MUSIC 161 is strongly encouraged.","B","1","C","20261","","Research","2026"
"0000169534","1.0","0000000800","MUSIC","First-semester music majors begin formal musicianship studies. Students perform basic melodies and rhythms at sight, and notate dictations of basic rhythms, melodies and harmonic progressions. Students also analyze and compose Western tonal music employing the rubrics of rhythm and meter, pitch, intervals, scales, tertian chords, inversions, harmonic progression, and SATB voice leading. Offered annually in the fall semester. Does not count toward B.A. music major or any B.M. music major. Prerequisite: concurrent registration in MUSIC 161 is strongly encouraged.","25","23","0","2","0","","Brandwein, Rachel","{'fsnum': '31164', 'name': 'Brandwein, Rachel'}","100","25","","0","0","0","Introduction to Musicianship","Open only to incoming first-year students.","112","{'day': 'Mo', 'end': '14:55', 'location': 'CHM 232', 'start': '14:00'};{'day': 'Fr', 'end': '14:55', 'location': 'CHM 232', 'start': '14:00'};{'day': 'Tu', 'end': '14:45', 'location': 'CHM 232', 'start': '13:20'};{'day': 'Th', 'end': '15:35', 'location': 'CHM 232', 'start': '14:15'}","False","concurrent registration in MUSIC 161 is strongly encouraged.","C","1","C","20261","","Research","2026"
"0000169535","1.0","0000031167","MUSIC","This course introduces students to the study of music in cultural and historical perspective. Students explore a broad array of classical and vernacular traditions from throughout the world with the goal of formulating and answering questions about music's nature and about its use by people in diverse times and places. Students also develop essential skills for thinking and writing critically about music-related subjects. Offered every fall and spring semester.","60","37","3","17","3","ALS-A;CRE;HWC","Epstein, Louis K.","{'fsnum': '26252', 'name': 'Epstein, Louis K.'}","100","60","","","","","Introduction to Musicology","","141","{'day': 'Mo', 'end': '10:00', 'location': 'CHM 233', 'start': '09:05'};{'day': 'We', 'end': '10:00', 'location': 'CHM 233', 'start': '09:05'};{'day': 'Fr', 'end': '10:00', 'location': 'CHM 233', 'start': '09:05'}","False","False","","1","C","20261","","Research","2026"
"0000169223","0.25","0000036557","MUSIC","Contemporary Styles Voice Class is open to all students regardless of music background and will focus on singing techniques utilized in contemporary music. Students will develop healthy techniques for breathing and vocalizing in the three core singing techniques used in all contemporary genres: belt, mix, and legit. Students will choose their own repertoire from any style, including but not limited to: pop, jazz, rock, blues, country, R&B, gospel, contemporary music theater, hip hop, etc. Offered annually each semester.","14","2","5","6","1","ALS-A;CRE","Stryker, Marita K.","{'fsnum': '35025', 'name': 'Stryker, Marita K.'}","100","14","","","","","Contemporary Styles Voice Class","","148","{'day': 'Tu', 'end': '13:10', 'location': 'CHM 233', 'start': '23:45'};{'day': 'Th', 'end': '14:05', 'location': 'CHM 233', 'start': '12:45'}","False","False","","1","C","20261","","Research","2026"
"0000169743","0.25","0000000807","MUSIC","For music majors with little or no prior keyboard experience, this course introduces basic keyboard patterns and technical foundations, applied music theory, harmonization and transposition, and playing by ear. Development of sight playing skill is a central focus. Class sessions include reading, ensemble playing, performance, skill development and drill, and structured improvisation. A grade of B- or higher satisfies Piano Proficiency Level 1 requirements. Offered annually in the fall semester. Concurrent registration in MUSIC 112 is strongly encouraged. Prerequisite: declared music major.","10","9","0","1","0","","Kim, April R.","{'fsnum': '19770', 'name': 'Kim, April R.'}","100","12","","","","","Piano Class I","For Music majors only.                                                          ;BM majors and BA Music majors who intend to pursue Music Education should       ;register for this course their first semester.","161","{'day': 'Mo', 'end': '11:40', 'location': 'CHM 222', 'start': '10:45'};{'day': 'We', 'end': '11:40', 'location': 'CHM 222', 'start': '10:45'}","False","declared music major.","A","1","C","20261","","Research","2026"
"0000169742","0.25","0000000807","MUSIC","For music majors with little or no prior keyboard experience, this course introduces basic keyboard patterns and technical foundations, applied music theory, harmonization and transposition, and playing by ear. Development of sight playing skill is a central focus. Class sessions include reading, ensemble playing, performance, skill development and drill, and structured improvisation. A grade of B- or higher satisfies Piano Proficiency Level 1 requirements. Offered annually in the fall semester. Concurrent registration in MUSIC 112 is strongly encouraged. Prerequisite: declared music major.","12","5","1","5","1","","Cannestra, Andrew J.","{'fsnum': '9005235', 'name': 'Cannestra, Andrew J.'}","100","12","","","","","Piano Class I","For Music majors only.                                                          ;BM majors and BA Music majors who intend to pursue Music Education should       ;register for this course their first semester.","161","{'day': 'Tu', 'end': '08:55', 'location': 'CHM 222', 'start': '08:00'};{'day': 'Th', 'end': '08:55', 'location': 'CHM 222', 'start': '08:00'}","False","declared music major.","B","1","C","20261","","Research","2026"
"0000169744","0.25","0000000807","MUSIC","For music majors with little or no prior keyboard experience, this course introduces basic keyboard patterns and technical foundations, applied music theory, harmonization and transposition, and playing by ear. Development of sight playing skill is a central focus. Class sessions include reading, ensemble playing, performance, skill development and drill, and structured improvisation. A grade of B- or higher satisfies Piano Proficiency Level 1 requirements. Offered annually in the fall semester. Concurrent registration in MUSIC 112 is strongly encouraged. Prerequisite: declared music major.","12","9","0","3","0","","Kim, April R.","{'fsnum': '19770', 'name': 'Kim, April R.'}","100","12","","","","","Piano Class I","For Music majors only.                                                          ;BM majors and BA Music majors who intend to pursue Music Education should       ;register for this course their first semester.","161","{'day': 'Tu', 'end': '10:30', 'location': 'CHM 222', 'start': '09:35'};{'day': 'Th', 'end': '10:25', 'location': 'CHM 222', 'start': '09:30'}","False","declared music major.","C","1","C","20261","","Research","2026"
"0000169745","0.25","0000000807","MUSIC","For music majors with little or no prior keyboard experience, this course introduces basic keyboard patterns and technical foundations, applied music theory, harmonization and transposition, and playing by ear. Development of sight playing skill is a central focus. Class sessions include reading, ensemble playing, performance, skill development and drill, and structured improvisation. A grade of B- or higher satisfies Piano Proficiency Level 1 requirements. Offered annually in the fall semester. Concurrent registration in MUSIC 112 is strongly encouraged. Prerequisite: declared music major.","12","6","0","6","0","","Kim, April R.","{'fsnum': '19770', 'name': 'Kim, April R.'}","100","12","","","","","Piano Class I","For Music majors only.                                                          ;BM majors and BA Music majors who intend to pursue Music Education should       ;register for this course their first semester.","161","{'day': 'Mo', 'end': '14:55', 'location': 'CHM 222', 'start': '14:00'};{'day': 'We', 'end': '14:55', 'location': 'CHM 222', 'start': '14:00'}","False","declared music major.","D","1","C","20261","","Research","2026"
"0000173470","0.25","0000000807","MUSIC","For music majors with little or no prior keyboard experience, this course introduces basic keyboard patterns and technical foundations, applied music theory, harmonization and transposition, and playing by ear. Development of sight playing skill is a central focus. Class sessions include reading, ensemble playing, performance, skill development and drill, and structured improvisation. A grade of B- or higher satisfies Piano Proficiency Level 1 requirements. Offered annually in the fall semester. Concurrent registration in MUSIC 112 is strongly encouraged. Prerequisite: declared music major.","12","12","0","0","0","","Cannestra, Andrew J.","{'fsnum': '9005235', 'name': 'Cannestra, Andrew J.'}","100","12","","","","","Piano Class I","For Music majors only.                                                          ;BM majors and BA Music majors who intend to pursue Music Education should       ;register for this course their first semester.","161","{'day': 'Tu', 'end': '14:15', 'location': 'CHM 222', 'start': '13:20'};{'day': 'Th', 'end': '15:10', 'location': 'CHM 222', 'start': '14:15'}","False","declared music major.","E","1","C","20261","","Research","2026"
"0000172064","0.25","0000000810","MUSIC","Through group instruction, students encounter the fundamentals of singing and an introduction to song literature. In-class performance is required. May be repeated once. Offered each semester.","14","2","5","3","4","","Greco, Daniel J.","{'fsnum': '9006550', 'name': 'Greco, Daniel J.'}","100","14","","","","","Voice Class","","164","{'day': 'Mo', 'end': '13:50', 'location': 'CHM 140', 'start': '12:55'};{'day': 'Fr', 'end': '13:50', 'location': 'CHM 140', 'start': '12:55'}","False","False","","1","C","20261","","Research","2026"
"0000169338","0.25","0000031168","MUSIC","Students learn the basics of guitar playing as well as how to teach guitar classes. Course topics include: learning to play guitar at a basic level; tuning and maintaining a guitar; common performance issues and possible solutions; best practices for teaching class guitar; materials, methods and assessments for teaching guitar classes; the guitar as a tool for composition; technology for teaching, learning or composing for guitar. Required for BM music education majors. Others may register if space allows. Offered annually in fall semester. Prerequisite: declared music education major.","19","0","14","0","5","","Moeller, Johnathan R.","{'fsnum': '32165', 'name': 'Moeller, Johnathan R.'}","100","18","0","","","","Guitar Techniques","Course closed during web registration.                                          ;For Music Education majors only.","165","{'day': 'Tu', 'end': '21:00', 'location': 'CHM 140', 'start': '19:00'}","False","declared music education major.","","1","C","20261","","Research","2026"
"0000169935","0.25","0000000813","MUSIC","Students learn basic performance practice on core instruments in each instrument family. Additional topics include: common performance issues and their possible solution; Best Practices in teaching and learning core instruments of the family; and technology for teaching, learning, or composing for instruments as appropriate. Offered annually in the fall semester. Prerequisite: declared music education or composition major or permission of the instructor.","8","0","3","0","5","","Carter, David","{'fsnum': '973', 'name': 'Carter, David'}","100","15","0","","","","String Techniques","For Music Composition and Music Education majors only.","168","{'day': 'Mo', 'end': '10:00', 'location': 'CHM 140', 'start': '09:05'};{'day': 'We', 'end': '10:00', 'location': 'CHM 140', 'start': '09:05'};{'day': 'Fr', 'end': '10:00', 'location': 'CHM 140', 'start': '09:05'}","False","declared music education or composition major or permission of the instructor.","","1","O","20261","","Research","2026"
"0000170130","0.25","0000000814","MUSIC","Students learn basic performance practice on core instruments in each instrument family. Additional topics include: common performance issues and their possible solution; Best Practices in teaching and learning core instruments of the family; and technology for teaching, learning, or composing for instruments as appropriate. Offered annually in the fall semester. Prerequisite: declared music education or composition major or permission of the instructor.","12","0","9","0","3","","Maeda, Dana L.","{'fsnum': '17590', 'name': 'Maeda, Dana L.'}","100","13","","","","","Woodwind Techniques","For Music Composition and Music Education majors only.                          ;Course fee $45","169","{'day': 'Mo', 'end': '12:45', 'location': 'CHM 138', 'start': '23:50'};{'day': 'We', 'end': '12:45', 'location': 'CHM 138', 'start': '23:50'};{'day': 'Fr', 'end': '12:45', 'location': 'CHM 138', 'start': '23:50'}","False","declared music education or composition major or permission of the instructor.","","1","O","20261","","Research","2026"
"0000169198","1.0","0000000816","MUSIC","Second-semester music majors continue formal musicianship studies. Students perform advanced rhythms and increasingly chromatic melodies at sight. Students analyze and compose Western tonal music that employs modal mixture, Neapolitan chords, augmented-sixth chords, and remote modulations, all of which are closely integrated into melodic and harmonic dictations. Students analyze the principle movement-length forms. Class meets four times weekly. Offered annually in the fall semester. Prerequisite: MUSIC 114.","19","0","1","18","0","","Merritt, Justin W.","{'fsnum': '16664', 'name': 'Merritt, Justin W.'}","200","18","","","","","Chromatic Musicianship and Form","","212","{'day': 'Mo', 'end': '10:00', 'location': 'CHM 239', 'start': '09:05'};{'day': 'Fr', 'end': '10:00', 'location': 'CHM 239', 'start': '09:05'};{'day': 'Tu', 'end': '09:25', 'location': 'CHM 239', 'start': '08:00'};{'day': 'Th', 'end': '09:20', 'location': 'CHM 239', 'start': '08:00'}","False","MUSIC 114.","A","1","C","20261","","Research","2026"
"0000169200","1.0","0000000816","MUSIC","Second-semester music majors continue formal musicianship studies. Students perform advanced rhythms and increasingly chromatic melodies at sight. Students analyze and compose Western tonal music that employs modal mixture, Neapolitan chords, augmented-sixth chords, and remote modulations, all of which are closely integrated into melodic and harmonic dictations. Students analyze the principle movement-length forms. Class meets four times weekly. Offered annually in the fall semester. Prerequisite: MUSIC 114.","24","0","4","17","3","","Boone, Christine E.","{'fsnum': '35108', 'name': 'Boone, Christine E.'}","200","21","","","","","Chromatic Musicianship and Form","","212","{'day': 'Mo', 'end': '11:40', 'location': 'CHM 224', 'start': '10:45'};{'day': 'Fr', 'end': '11:40', 'location': 'CHM 224', 'start': '10:45'};{'day': 'Tu', 'end': '11:00', 'location': 'CHM 224', 'start': '09:35'};{'day': 'Th', 'end': '10:50', 'location': 'CHM 224', 'start': '09:30'}","False","MUSIC 114.","B","1","C","20261","","Research","2026"
"0000169199","1.0","0000000816","MUSIC","Second-semester music majors continue formal musicianship studies. Students perform advanced rhythms and increasingly chromatic melodies at sight. Students analyze and compose Western tonal music that employs modal mixture, Neapolitan chords, augmented-sixth chords, and remote modulations, all of which are closely integrated into melodic and harmonic dictations. Students analyze the principle movement-length forms. Class meets four times weekly. Offered annually in the fall semester. Prerequisite: MUSIC 114.","25","0","2","21","2","","Rodland, Catherine R.","{'fsnum': '13173', 'name': 'Rodland, Catherine R.'}","200","18","","","","","Chromatic Musicianship and Form","","212","{'day': 'Mo', 'end': '14:55', 'location': 'CHM 224', 'start': '14:00'};{'day': 'Fr', 'end': '14:55', 'location': 'CHM 224', 'start': '14:00'};{'day': 'Tu', 'end': '14:45', 'location': 'CHM 224', 'start': '13:20'};{'day': 'Th', 'end': '15:35', 'location': 'CHM 224', 'start': '14:15'}","False","MUSIC 114.","C","1","C","20261","","Research","2026"
"0000169218","1.0","0000000822","MUSIC","Students are introduced to a number of compositional techniques and apply them in creating original works of music and hearing them performed. Participants listen to important 20th- and 21st-century compositions, and discuss current trends in music, the changing role of the composer in society, and practical composition issues. Offered each semester. Prerequisite: MUSIC 114, or permission of instructor.","16","0","10","3","3","","Dorn, Henry L.","{'fsnum': '35016', 'name': 'Dorn, Henry L.'}","200","18","","","","","Composition","","223","{'day': 'Tu', 'end': '11:00', 'location': 'CHM 232', 'start': '09:35'};{'day': 'Th', 'end': '10:50', 'location': 'CHM 232', 'start': '09:30'}","False","MUSIC 114, or permission of instructor.","","1","O","20261","","Research","2026"
"0000169656","1.0","0000000829","MUSIC","This course explores how musicians and music researchers impact society. Building on skills and concepts developed in Music 141, this course addresses questions related to ethical musicking in an unequal world. Students study a series of case studies, experience hands-on workshops with local performers, and design community engaged music research proposals. Studying local examples of engagement with music and musicians from around the world prepares students to carry out collaborative musical work wherever they are. Prerequisites: MUSIC 141 or permission of instructor.","51","0","17","26","8","ALS-A;CRE;GHS;MCG;MCS-G","Kheshgi, Rehanna L.","{'fsnum': '29119', 'name': 'Kheshgi, Rehanna L.'}","200","55","","","","","Local and Global Musicking","","237","{'day': 'Mo', 'end': '11:40', 'location': 'CHM 233', 'start': '10:45'};{'day': 'We', 'end': '11:40', 'location': 'CHM 233', 'start': '10:45'};{'day': 'Fr', 'end': '11:40', 'location': 'CHM 233', 'start': '10:45'}","False","Prerequisites: MUSIC 141 or permission of instructor.","","1","O","20261","","Research","2026"
"0000172065","1.0","0000000831","MUSIC","Students encounter the history and development of Western European music from the Middle Ages to ca. 1750 and study the genres and styles of music from monophonic chant to concerted music of the Baroque. Offered periodically in the fall semester. Prerequisite: MUSIC 114.","18","0","4","1","13","","Clawson-Cannestra, Kaitlyn","{'fsnum': '9006312', 'name': 'Clawson-Cannestra, Kaitlyn'}","200","18","","","","","Hist & Lit Music I","","241","{'day': 'Mo', 'end': '13:50', 'location': 'CHM 239', 'start': '12:55'};{'day': 'We', 'end': '13:50', 'location': 'CHM 239', 'start': '12:55'};{'day': 'Fr', 'end': '13:50', 'location': 'CHM 239', 'start': '12:55'}","False","MUSIC 114.","","1","C","20261","History and Literature of Music I","Research","2026"
"0000172628","1.0","0000032293","MUSIC","In this course, students explore the profound relationship between music and social change, examining how songs and sound have served as powerful tools for activism across cultures and movements. Through historical case studies, critical listening, and hands-on workshops, this class emphasizes experiential learning, culminating in a group project where students organize and lead a community event in collaboration with local organizations. This course carries an ACE component.","30","0","19","5","6","EIN;ERC","Kemper, Joseph K.","{'fsnum': '9005103', 'name': 'Kemper, Joseph K.'}","200","30","","","","","Music and Social Justice","This course includes an academic civic engagement (ACE) component.","245","{'day': 'Tu', 'end': '13:10', 'location': 'CHM 138', 'start': '23:45'};{'day': 'Th', 'end': '14:05', 'location': 'CHM 138', 'start': '12:45'}","False","False","","1","C","20261","","Research","2026"
"0000169196","0.5","0000000834","MUSIC","Students learn conducting techniques for choral literature including research-based rehearsal techniques, vocal preparation, score study, and video self-evaluation of gesture and rehearsal. Course work also includes observation of conductors on campus and in the community. Offered annually in the fall semester. Prerequisite: MUSIC 251.","17","0","13","0","4","","Hibbard, Therees","{'fsnum': '27174', 'name': 'Hibbard, Therees'}","200","14","0","","","","Choral Conducting","For Music majors only.","252","{'day': 'Tu', 'end': '14:45', 'location': 'CHM 140', 'start': '13:20'};{'day': 'Th', 'end': '15:35', 'location': 'CHM 140', 'start': '14:15'}","False","MUSIC 251.","","1","C","20261","","Research","2026"
"0000169746","0.25","0000000836","MUSIC","This advanced piano class for music majors only emphasizes sight playing, score reading, harmonization and transposition, advanced harmonic idioms, improvisation, ensemble playing, and performance preparation. A grade of B- or higher satisfies Piano Proficiency Level 3 requirements. Offered annually in the fall semester. Prerequisite: MUSIC 162, completion of Piano Proficiency Level 2, or audition placement; concurrent registration in MUSIC 212 recommended.","12","0","0","11","1","","Cannestra, Andrew J.","{'fsnum': '9005235', 'name': 'Cannestra, Andrew J.'}","200","12","","","","","Piano Class III","","261","{'day': 'Mo', 'end': '08:55', 'location': 'CHM 222', 'start': '08:00'};{'day': 'We', 'end': '08:55', 'location': 'CHM 222', 'start': '08:00'}","False","MUSIC 162, completion of Piano Proficiency Level 2, or audition placement; concurrent registration in MUSIC 212 recommended.","A","1","C","20261","","Research","2026"
"0000169747","0.25","0000000836","MUSIC","This advanced piano class for music majors only emphasizes sight playing, score reading, harmonization and transposition, advanced harmonic idioms, improvisation, ensemble playing, and performance preparation. A grade of B- or higher satisfies Piano Proficiency Level 3 requirements. Offered annually in the fall semester. Prerequisite: MUSIC 162, completion of Piano Proficiency Level 2, or audition placement; concurrent registration in MUSIC 212 recommended.","12","0","1","11","0","","Cannestra, Andrew J.","{'fsnum': '9005235', 'name': 'Cannestra, Andrew J.'}","200","12","","","","","Piano Class III","","261","{'day': 'Mo', 'end': '13:50', 'location': 'CHM 222', 'start': '12:55'};{'day': 'We', 'end': '13:50', 'location': 'CHM 222', 'start': '12:55'}","False","MUSIC 162, completion of Piano Proficiency Level 2, or audition placement; concurrent registration in MUSIC 212 recommended.","B","1","C","20261","","Research","2026"
"0000169748","0.25","0000000836","MUSIC","This advanced piano class for music majors only emphasizes sight playing, score reading, harmonization and transposition, advanced harmonic idioms, improvisation, ensemble playing, and performance preparation. A grade of B- or higher satisfies Piano Proficiency Level 3 requirements. Offered annually in the fall semester. Prerequisite: MUSIC 162, completion of Piano Proficiency Level 2, or audition placement; concurrent registration in MUSIC 212 recommended.","7","0","2","5","0","","Atzinger, Christopher","{'fsnum': '17471', 'name': 'Atzinger, Christopher'}","200","12","","","","","Piano Class III","","261","{'day': 'Mo', 'end': '10:00', 'location': 'CHM 222', 'start': '09:05'};{'day': 'We', 'end': '10:00', 'location': 'CHM 222', 'start': '09:05'}","False","MUSIC 162, completion of Piano Proficiency Level 2, or audition placement; concurrent registration in MUSIC 212 recommended.","C","1","O","20261","","Research","2026"
"0000172217","0.25","0000000837","MUSIC","Students study and practice principles for singing in English and Italian with good pronunciation, enunciation, and expression. Course content includes phonetic analysis using the International Phonetic Alphabet and identifying and exercising the phonemic features of English and Italian through class performances and listening assignments. Offered alternate years. Prerequisite: two semesters of voice lessons.","24","0","6","5","13","","Dunnagan, Wesley S.","{'fsnum': '9002452', 'name': 'Dunnagan, Wesley S.'}","200","30","","","","","Lyric Diction I","","263","{'day': 'Mo', 'end': '14:55', 'location': 'CHM 239', 'start': '14:00'};{'day': 'We', 'end': '14:55', 'location': 'CHM 239', 'start': '14:00'}","False","two semesters of voice lessons.","","1","O","20261","","Research","2026"
"0000172066","1.0","0000000839","MUSIC","This studio course focuses on advanced techniques of acting and singing for the musical stage with emphasis on opera. Students explore voice, movement, improvisation, and characterization at an advanced level. Participants receive coaching in musical and dramatic style through solo and small ensemble literature and prepare scenes for class performance. The course culminates with public performances of a fully staged and costumed lyric theater work. May be repeated once. A production fee will be charged to all students participating in the production. Offered annually. Prerequisites: two semesters of voice study or permission of instructor.","15","1","5","2","7","","Kruse, Dale;Speer, Shari M.","{'fsnum': '25342', 'name': 'Kruse, Dale'};{'fsnum': '34076', 'name': 'Speer, Shari M.'}","200","18","","","","","Adv Act Lyric Stage","This course includes an academic civic engagement (ACE) component.","267","{'day': 'Tu', 'end': '13:10', 'location': 'CHM Urness', 'start': '23:45'};{'day': 'Th', 'end': '14:05', 'location': 'CHM Urness', 'start': '12:45'}","False","Prerequisites: two semesters of voice study or permission of instructor.","","1","O","20261","Advanced Acting for the Lyric Stage","Research","2026"
"0000169452","0.25","0000000841","MUSIC","Through regular rehearsals and coaching sessions, new or already-formed chamber groups prepare and perform selected literature, learn about related repertoire, and cultivate observation, communication, and leadership skills. Typical ensembles include string quartets, brass or woodwind quintets, piano trios, saxophone quartets, etc. May be repeated. Offered each semester. Prerequisite: permission of instructor.","12","0","3","6","3","","Maeda, Dana L.","{'fsnum': '17590', 'name': 'Maeda, Dana L.'}","200","25","","","","","Instr Chamber Music","Students form chamber groups based on approval of music faculty.  No set meeting;time.  Locations and times of rehearsals, coachings, and performances determined;by each coach and ensemble. Registration by capacity override.","275","","False","permission of instructor.","","1","C","20261","Instrumental Chamber Music","Research","2026"
"0000169319","0.5","0000031178","MUSIC","Through group instruction, students encounter the fundamentals of singing and an introduction to song literature. In-class performance is required. Additionally during the second half of the course, class participants are introduced to the principles of vocal pedagogy as applied to the child and adolescent voice in the class or ensemble rehearsal. There is an emphasis on understanding the developing young voice and establishing good vocal habits with healthy pedagogical techniques as well as exploration of appropriate choral literature. Required for BM instrumental music education majors. Offered annually in the fall semester. Prerequisite: MUSIC 251 or permission of instructor.","15","0","9","0","6","","Armstrong, Anton","{'fsnum': '263', 'name': 'Armstrong, Anton'}","200","19","","","","","Fundamentals of Vocal Development","Course Material Fee will be $75.                                                ;For Music majors only.","290","{'day': 'Mo', 'end': '13:50', 'location': 'CHM 232', 'start': '12:55'};{'day': 'We', 'end': '13:50', 'location': 'CHM 232', 'start': '12:55'};{'day': 'Fr', 'end': '13:50', 'location': 'CHM 232', 'start': '12:55'}","False","MUSIC 251 or permission of instructor.","","1","O","20261","Fundamentals of Vocal Development for Instrumentalists","Research","2026"
"0000170102","0.25","0000031179","MUSIC","This course introduces a systematic approach to the study of voice production for use in the studio or classroom. Students examine basic vocal anatomy and physiology approached through body mapping strategies. Students then apply these principles of vocal pedagogy to the child and adolescent voice with emphasis on the developing voice, establishing healthy vocal habits, appropriate teaching techniques, and literature. Offered annually during fall semester. Prerequisite: at least three semesters of MUSPF 152 (voice lessons) or permission of instructor.","18","0","12","0","6","","Dunnagan, Wesley S.;Armstrong, Anton","{'fsnum': '9002452', 'name': 'Dunnagan, Wesley S.'};{'fsnum': '263', 'name': 'Armstrong, Anton'}","200","20","0","18","0","4","Vocal Development and Pedagogy","For Music Composition and Music Education majors only.                          ;Course Material Fee will be $75.                                                ;This course has class-year limits and is only open to seniors and juniors.","291","{'day': 'Mo', 'end': '13:50', 'location': 'CHM 233', 'start': '12:55'};{'day': 'We', 'end': '13:50', 'location': 'CHM 233', 'start': '12:55'}","False","at least three semesters of MUSPF 152 (voice lessons) or permission of instructor.","","1","O","20261","","Research","2026"
"0000172067","0.5","0000000862","MUSIC","Students examine scores and listen to a broad range of string etudes, solos, sonatas, concertos, and orchestral excerpts with attention to notable performers of the past and present. Through required readings, listening assignments, video viewing, discussion, and hands-on teaching, students engage with practical issues of teaching, repertoire selection for beginning and intermediate players, performance and basic studio management. Prerequisites: MUSIC 214 and MUSIC 141, or permission of instructor.","9","0","6","0","3","","Gray, Charles;Carter, David","{'fsnum': '2691', 'name': 'Gray, Charles'};{'fsnum': '973', 'name': 'Carter, David'}","200","18","","","","","String Lit & Pedagogy","","295","{'day': 'Tu', 'end': '14:45', 'location': 'CHM 239', 'start': '13:20'};{'day': 'Th', 'end': '15:35', 'location': 'CHM 239', 'start': '14:15'}","False","Prerequisites: MUSIC 214 and MUSIC 141, or permission of instructor.","","1","O","20261","String Literature and Pedagogy","Research","2026"
"0000173045","0.5","0000000847","MUSIC","Independent work is guided by a faculty member. Students need to have the necessary background, including appropriate coursework, before an independent project is approved. A student may not substitute an IS/IR course for a course regularly offered in a department or program. IS/IR culminates in at least one product (a paper, laboratory report, work of art, etc.). Normally, the student and faculty instructor are expected to meet at least once a week. See catalog for more information under registration and course enrollment. Prerequisites: at least second-year standing; at least 2 relevant courses for 298 (IS); approval from the faculty instructor, the academic advisor, and the department chair or program director.","1","0","0","0","1","","Hibbard, Therees","{'fsnum': '27174', 'name': 'Hibbard, Therees'}","200","0","","","","","IS/Advanced Conducting Pedagogy","","298","","False","Prerequisites: at least second-year standing; at least 2 relevant courses for 298 (IS); approval from the faculty instructor, the academic advisor, and the department chair or program director.","A","1","C","20261","Independent Study","Research","2026"
"0000170069","1.0","0000000857","MUSIC","Students encounter in-depth studies in a specific topic or area of musicology. The content and nature of this course are determined by the instructor and the music department. Sample topics include American music, South Asian music, Opera, and Music, Gender, and Sexuality. May be repeated if topic is different. Offered each semester. Prerequisite: MUSIC 141 or permission of instructor.","19","0","5","0","14","","Kheshgi, Rehanna L.","{'fsnum': '29119', 'name': 'Kheshgi, Rehanna L.'}","300","18","","","","","Top: Music of South Asia","Students that do not have the prerequisite but have experience with or          ;connection to South Asian music are welcome to contact the instructor and       ;submit a requirements override for this course. Note recent time change.","345","{'day': 'Tu', 'end': '09:25', 'location': 'CAD 202', 'start': '08:00'};{'day': 'Th', 'end': '09:20', 'location': 'CAD 202', 'start': '08:00'}","False","MUSIC 141 or permission of instructor.","A","1","C","20261","Advanced Study in Musicology","Topic","2026"
"0000172218","1.0","0000000857","MUSIC","This course addresses the relationship between music and society by considering questions like, ""Why do I like the music that I like?"" and ""Is there such a thing as bad music?"" Using a vigorous musicological framework, students will engage in readings, in-class discussions, produce podcasts and/or blog posts, and produce a final research paper to examine the concepts of musical value, popularity, genre, and taste. Prerequisite: MUSIC 141 or permission of instructor.","19","0","6","0","13","","Boone, Christine E.","{'fsnum': '35108', 'name': 'Boone, Christine E.'}","300","18","","","","","Top: Mus, Values Popularity & Taste","","345","{'day': 'Mo', 'end': '10:00', 'location': 'CHM 224', 'start': '09:05'};{'day': 'We', 'end': '10:00', 'location': 'CHM 224', 'start': '09:05'};{'day': 'Fr', 'end': '10:00', 'location': 'CHM 224', 'start': '09:05'}","False","MUSIC 141 or permission of instructor.","B","1","C","20261","Advanced Study in Musicology","Topic","2026"
"0000169048","0.5","0000000858","MUSIC","Working with a live instrumental or choral ensemble, students learn and conduct complete movements and/or entire works and encounter a variety of advanced baton techniques. Course activities develop skills in reading, preparing, interpreting and memorizing scores, with further focus on rehearsal procedures, performance practice, and concert programming. Participants are required to observe a variety of rehearsals on- and off-campus. Offered annually in the fall semester. Prerequisites: MUSIC 251 and either MUSIC 252 or MUSIC 253.","7","0","0","0","7","","Kemper, Joseph K.","{'fsnum': '9005103', 'name': 'Kemper, Joseph K.'}","300","16","0","","4","","Advanced Conducting","","354","{'day': 'Tu', 'end': '11:00', 'location': 'CHM 140', 'start': '09:35'};{'day': 'Th', 'end': '10:50', 'location': 'CHM 140', 'start': '09:30'}","False","Prerequisites: MUSIC 251 and either MUSIC 252 or MUSIC 253.","A","1","O","20261","","Research","2026"
"0000169049","0.5","0000000858","MUSIC","Working with a live instrumental or choral ensemble, students learn and conduct complete movements and/or entire works and encounter a variety of advanced baton techniques. Course activities develop skills in reading, preparing, interpreting and memorizing scores, with further focus on rehearsal procedures, performance practice, and concert programming. Participants are required to observe a variety of rehearsals on- and off-campus. Offered annually in the fall semester. Prerequisites: MUSIC 251 and either MUSIC 252 or MUSIC 253.","16","0","0","0","16","","Armstrong, Anton","{'fsnum': '263', 'name': 'Armstrong, Anton'}","300","16","0","","4","","Advanced Conducting","","354","{'day': 'Tu', 'end': '11:00', 'location': 'CHM 233', 'start': '09:35'};{'day': 'Th', 'end': '10:50', 'location': 'CHM 233', 'start': '09:30'}","False","Prerequisites: MUSIC 251 and either MUSIC 252 or MUSIC 253.","B","1","C","20261","","Research","2026"
"0000172564","1.0","0000043216","NEURO","Neuroscience is an interdisciplinary field that explores the nervous system from molecules and cells to circuits, behavior, and social interaction. Drawing on biology, psychology, chemistry, physics, computer science, engineering, mathematics, and philosophy, this course introduces foundational concepts, methods, and tools used to study the brain. Students examine major open questions, explore how neuroscience benefits society, and learn how the components of the neuroscience major integrate into a coherent program of study. Offered annually during fall and spring semester. Open only to first year students.","19","19","0","0","0","NTS","Sailer, Lindsay L.","{'fsnum': '9006224', 'name': 'Sailer, Lindsay L.'}","100","32","","0","0","0","Integ Intro to Neuroscience","Students registering for NEURO 125 must also register for NEURO 125 A or B lab. ;Open only to incoming first-year students.","125","{'day': 'Mo', 'end': '12:45', 'location': 'RNS 297', 'start': '23:50'};{'day': 'We', 'end': '12:45', 'location': 'RNS 297', 'start': '23:50'};{'day': 'Fr', 'end': '12:45', 'location': 'RNS 297', 'start': '23:50'}","False","False","","1","O","20261","Integrative Introduction to Neuroscience","Research","2026"
"0000172565","","0000043249","NEURO","","11","11","0","0","0","","Sailer, Lindsay L.","{'fsnum': '9006224', 'name': 'Sailer, Lindsay L.'}","100","16","","0","0","0","Integ Intro to Neuroscience Lab","","125","{'day': 'Tu', 'end': '11:00', 'location': 'RNS 240', 'start': '08:00'}","False","","A","1","O","20261","","Lab","2026"
"0000172566","","0000043249","NEURO","","8","8","0","0","0","","Sailer, Lindsay L.","{'fsnum': '9006224', 'name': 'Sailer, Lindsay L.'}","100","16","","","","","Integ Intro to Neuroscience Lab","","125","{'day': 'Th', 'end': '15:45', 'location': 'RNS 240', 'start': '12:45'}","False","","B","1","O","20261","","Lab","2026"
"0000169699","1.0","0000038380","NORST","The Nordic countries consistently top the list of the best places in the world to live, but what values have supported this outcome? This course examines three core Nordic values--equality, social solidarity, and sustainability--in light of Lutheran and secular traditions. Students examine texts that reflect how these core Nordic values developed and the current challenges facing them. Offered annually.","29","14","6","6","3","RFV","Sackrison, Caitlin","{'fsnum': '9002442', 'name': 'Sackrison, Caitlin'}","100","30","","","","","Nordic Values: Origins to Obstacles","","100","{'day': 'Mo', 'end': '10:00', 'location': 'TOH 210', 'start': '09:05'};{'day': 'We', 'end': '10:00', 'location': 'TOH 210', 'start': '09:05'};{'day': 'Fr', 'end': '10:00', 'location': 'TOH 210', 'start': '09:05'}","False","False","A","1","O","20261","Nordic Values: From Origins to Obstacles","Research","2026"
"0000171952","1.0","0000038380","NORST","The Nordic countries consistently top the list of the best places in the world to live, but what values have supported this outcome? This course examines three core Nordic values--equality, social solidarity, and sustainability--in light of Lutheran and secular traditions. Students examine texts that reflect how these core Nordic values developed and the current challenges facing them. Offered annually.","30","7","10","9","4","RFV","Graefe, Carl M.","{'fsnum': '9005108', 'name': 'Graefe, Carl M.'}","100","30","","","","","Nordic Values: Origins to Obstacles","","100","{'day': 'Mo', 'end': '10:00', 'location': 'TOH 210', 'start': '09:05'};{'day': 'We', 'end': '10:00', 'location': 'TOH 210', 'start': '09:05'};{'day': 'Fr', 'end': '10:00', 'location': 'TOH 210', 'start': '09:05'}","False","False","B","1","C","20261","Nordic Values: From Origins to Obstacles","Research","2026"
"0000172574","0.25","0000041697","NORST","","7","0","0","0","7","","Graefe, Carl M.","{'fsnum': '9005108', 'name': 'Graefe, Carl M.'}","100","10","","","","","LAC - Norwegian","Meeting time will be decided based on availability of the registered students.  ;Prerequisite: Completion of NORW 231 or equivalent experience. This course      ;cannot be wish listed.  Add it after registering for NORST 100 (main course).","100","","False","","","1","O","20261","","FLAC","2026"
"0000171953","1.0","0000036008","NORST","This course examines how women writers from the Nordic region represent gendered identities and sexualities. Using a variety of texts from the nineteenth century to today, students learn how authors have challenged the socio-political role of women over time. Additionally, students investigate how authors make use of different literary genres such as dystopian writing, crime fiction, magical realism, or sci-fi to shine a light on gendered identities in society. Offered alternate years during the spring semester. Prerequisite: WRIT 120 or equivalent.","25","0","19","1","5","ALS-L;WAC;WRI","Sackrison, Caitlin","{'fsnum': '9002442', 'name': 'Sackrison, Caitlin'}","200","24","","","","","Nordic Sexualities and Genders","","264","{'day': 'Mo', 'end': '13:50', 'location': 'TOH 214', 'start': '12:55'};{'day': 'We', 'end': '13:50', 'location': 'TOH 214', 'start': '12:55'};{'day': 'Fr', 'end': '13:50', 'location': 'TOH 214', 'start': '12:55'}","False","WRIT 120 or equivalent.","","1","C","20261","Nordic Explorations of Sexualities and Genders","Research","2026"
"0000169128","1.0","0000000921","NORW","Proficiency in a second language opens the door to another culture and another way of viewing the world. This course starts students on the road to achieving such a proficiency. Students begin learning to speak, understand, read, and write Norwegian and learn about Norwegian culture through the language. Offered annually in the fall semester.","26","16","0","9","1","","Berguson, Claudia","{'fsnum': '30202', 'name': 'Berguson, Claudia'}","100","26","","","","","Beginning Norwegian I","","111","{'day': 'Mo', 'end': '11:40', 'location': 'TOH 314', 'start': '10:45'};{'day': 'We', 'end': '11:40', 'location': 'TOH 314', 'start': '10:45'};{'day': 'Fr', 'end': '11:40', 'location': 'TOH 314', 'start': '10:45'}","False","False","A","1","C","20261","","Research","2026"
"0000169129","1.0","0000000921","NORW","Proficiency in a second language opens the door to another culture and another way of viewing the world. This course starts students on the road to achieving such a proficiency. Students begin learning to speak, understand, read, and write Norwegian and learn about Norwegian culture through the language. Offered annually in the fall semester.","27","21","1","3","2","","Berguson, Claudia","{'fsnum': '30202', 'name': 'Berguson, Claudia'}","100","26","","","","","Beginning Norwegian I","","111","{'day': 'Mo', 'end': '12:45', 'location': 'TOH 314', 'start': '23:50'};{'day': 'We', 'end': '12:45', 'location': 'TOH 314', 'start': '23:50'};{'day': 'Fr', 'end': '12:45', 'location': 'TOH 314', 'start': '23:50'}","False","False","B","1","C","20261","","Research","2026"
"0000171954","1.0","0000000921","NORW","Proficiency in a second language opens the door to another culture and another way of viewing the world. This course starts students on the road to achieving such a proficiency. Students begin learning to speak, understand, read, and write Norwegian and learn about Norwegian culture through the language. Offered annually in the fall semester.","26","12","4","7","3","","Lund, Thea M.","{'fsnum': '9005101', 'name': 'Lund, Thea M.'}","100","26","","","","","Beginning Norwegian I","","111","{'day': 'Mo', 'end': '13:50', 'location': 'TOH 314', 'start': '12:55'};{'day': 'We', 'end': '13:50', 'location': 'TOH 314', 'start': '12:55'};{'day': 'Fr', 'end': '13:50', 'location': 'TOH 314', 'start': '12:55'}","False","False","C","1","C","20261","","Research","2026"
"0000169478","1.0","0000000926","NORW","Students improve proficiency in listening, speaking, reading, and writing, with an emphasis on communication as well as improved grammatical accuracy. Reading and discussion of authentic literary and cultural texts allow students to expand their vocabulary and knowledge of the Norwegian way of life. Offered each semester. Prerequisite: NORW 112 or by placement test.","15","0","4","9","2","FOL-N;WLC","Lund, Thea M.","{'fsnum': '9005101', 'name': 'Lund, Thea M.'}","200","24","","","","","Intermed Norwegian I","Prerequisite: NORW 112 or by placement test","231","{'day': 'Mo', 'end': '08:55', 'location': 'TOH 314', 'start': '08:00'};{'day': 'We', 'end': '08:55', 'location': 'TOH 314', 'start': '08:00'};{'day': 'Fr', 'end': '08:55', 'location': 'TOH 314', 'start': '08:00'}","False","NORW 112 or by placement test.","A","1","O","20261","Intermediate Norwegian I","Research","2026"
"0000171955","1.0","0000000926","NORW","Students improve proficiency in listening, speaking, reading, and writing, with an emphasis on communication as well as improved grammatical accuracy. Reading and discussion of authentic literary and cultural texts allow students to expand their vocabulary and knowledge of the Norwegian way of life. Offered each semester. Prerequisite: NORW 112 or by placement test.","23","0","3","20","0","FOL-N;WLC","Lund, Thea M.","{'fsnum': '9005101', 'name': 'Lund, Thea M.'}","200","24","","","","","Intermed Norwegian I","Prerequisite: NORW 112 or by placement test","231","{'day': 'Mo', 'end': '10:00', 'location': 'TOH 314', 'start': '09:05'};{'day': 'We', 'end': '10:00', 'location': 'TOH 314', 'start': '09:05'};{'day': 'Fr', 'end': '10:00', 'location': 'TOH 314', 'start': '09:05'}","False","NORW 112 or by placement test.","B","1","O","20261","Intermediate Norwegian I","Research","2026"
"0000171956","1.0","0000000930","NORW","In this course students work to develop competence in Norwegian culture, history and society through a survey of the state and politics and the Norwegian population. Through these topics, students learn about important moments in Norwegian history. They explore some of the most important debates that are taking place in Norway now, and learn to formulate themselves in several oral and written contexts, including informative presentations and discussion and argumentative texts. Prerequisite: NORW 232 or by placement test.","13","2","8","2","1","FOL-N;GHS;ORC;WLC","Coughlin, Jenna M.","{'fsnum': '30107', 'name': 'Coughlin, Jenna M.'}","200","12","","","","","Social Debates: Historical Context","Prerequisite: NORW 232 or by placement test","253","{'day': 'Tu', 'end': '13:10', 'location': 'TOH 316', 'start': '23:45'};{'day': 'Th', 'end': '14:05', 'location': 'TOH 316', 'start': '12:45'}","False","NORW 232 or by placement test.","","1","C","20261","Social Debates in Historical Context","Research","2026"
"0000169722","1.0","0000029407","NURS","This course explores pharmacodynamics and pharmacokinetics, integrating principles of pathophysiology through examining drug classifications in relation to disease processes and symptom management. Evaluation of efficacy, potential complications, and special considerations for medication administration are emphasized. Monitoring of physical signs and symptoms, diagnostic evaluation, and complications of drug therapy are reviewed. Open to non-nursing majors with approval of instructor. Offered annually in the fall semester. Prerequisites: for nursing majors: open to junior nursing majors only; completion of NURS 211 and NURS 212 (previously NURS 311) with grades of C or above; concurrent enrollment in NURS 313.","33","0","32","0","1","IST","Saxton, Rebecca A.","{'fsnum': '9002462', 'name': 'Saxton, Rebecca A.'}","300","30","","","","","Pharmacology","","310","{'day': 'Mo', 'end': '08:55', 'location': 'RNS 160E', 'start': '08:00'};{'day': 'We', 'end': '08:55', 'location': 'RNS 160E', 'start': '08:00'};{'day': 'Fr', 'end': '08:55', 'location': 'RNS 160E', 'start': '08:00'}","False","Prerequisites: for nursing majors: open to junior nursing majors only; completion of NURS 211 and NURS 212 (previously NURS 311) with grades of C or above; concurrent enrollment in NURS 313.","","1","C","20261","Pathopharmacology","Research","2026"
"0000172873","1.0","0000043293","NURS","This course focuses on fundamental knowledge for nursing practice. Students examine core concepts of physiological integrity, adaptation, and the delivery of basic care and comfort. Learners engage in classroom instruction with hands-on clinical rotations, simulation, and laboratory experiences. By the end of this course, learners are able to demonstrate competency in basic nursing skills while progressing towards competency in performing holistic patient assessments. Prerequisites: Open to junior nursing majors only; NURS 211 and NURS 212 with grades of C or above; concurrent enrollment in NURS 310.","33","0","32","0","1","","Graefe, Anna","{'fsnum': '9005102', 'name': 'Graefe, Anna'}","300","30","0","","0","0","Fundamentals of Nursing Practice","Open to rising junior Nursing majors only. Will also meet T/Th 7:00 a.m.-3 p.m.","311","{'day': 'Mo', 'end': '10:00', 'location': 'RNS 160E', 'start': '09:05'};{'day': 'We', 'end': '10:00', 'location': 'RNS 160E', 'start': '09:05'};{'day': 'Fr', 'end': '10:00', 'location': 'RNS 160E', 'start': '09:05'}","False","Prerequisites: Open to junior nursing majors only; NURS 211 and NURS 212 with grades of C or above; concurrent enrollment in NURS 310.","","1","C","20261","","Research","2026"
"0000169280","1.0","0000029267","NURS","Students focus on the nursing care of childbearing and childrearing families in the context of family-centered care. Family theory will be utilized as the framework for nursing assessment and care of families in various situations across the lifespan. Clinical experiences are provided with childbearing and childrearing families. Offered annually in the fall semester. Prerequisites: open to senior nursing majors only; NURS 314 with grades of C or above; concurrent enrollment in NURS 315 and NURS 316.","26","0","0","0","26","WRI","Huehn, Susan","{'fsnum': '17526', 'name': 'Huehn, Susan'}","300","30","0","0","0","","Care of the Childbearing Family","Open to rising Senior Nursing majors only.                                      ;Will also meet T/Th 7:00 a.m. - 3 p.m.","312","{'day': 'Mo', 'end': '12:45', 'location': 'RNS 160E', 'start': '23:50'};{'day': 'We', 'end': '12:45', 'location': 'RNS 160E', 'start': '23:50'};{'day': 'Fr', 'end': '12:45', 'location': 'RNS 160E', 'start': '23:50'}","False","Prerequisites: open to senior nursing majors only; NURS 314 with grades of C or above; concurrent enrollment in NURS 315 and NURS 316.","","1","O","20261","Family Health","Research","2026"
"0000169325","1.0","0000029268","NURS","Students examine social, psychological, and biological aspects of aging within the context of holistic nursing. Application of knowledge and skills using gerontological principles for prevalent health problems experienced by older adults is emphasized. The course incorporates instruction and feedback for developing oral communication through the practice of interpersonal communication skills. Clinical experiences focus on elder care in a variety of community settings. Offered annually in the fall semester. Prerequisite: open to junior nursing majors only; NURS 211 and NURS 212 with grades of C or above; concurrent enrollment in NURS 310.","0","0","0","0","0","ORC;WRI","Graefe, Anna;Klein, Joe","{'fsnum': '9005102', 'name': 'Graefe, Anna'};{'fsnum': '9005267', 'name': 'Klein, Joe'}","300","30","0","","0","0","Gerontological Nursing","Open to rising Junior Nursing majors only.  Will also meet T/Th 7:00 a.m.-3 p.m.","313","{'day': 'Mo', 'end': '10:00', 'location': 'RNS 160E', 'start': '09:05'};{'day': 'We', 'end': '10:00', 'location': 'RNS 160E', 'start': '09:05'};{'day': 'Fr', 'end': '10:00', 'location': 'RNS 160E', 'start': '09:05'}","False","open to junior nursing majors only; NURS 211 and NURS 212 with grades of C or above; concurrent enrollment in NURS 310.","","1","X","20261","","Research","2026"
"0000169669","1.0","0000030312","NURS","Building on the interplay between pathophysiology, pharmacology and the nursing process in NURS 314, this course expands upon the holistic nursing care for ill patients of various ages. Students utilize diverse roles of the nurse to manage the care of children and adults with complex abnormalities in the clinical setting. Offered annually in the fall semester. Prerequisites: open to senior nursing majors only; NURS 314 with grade of C or above; concurrent enrollment in NURS 312 and NURS 316.","26","0","0","0","26","","Saxton, Rebecca A.;Graefe, Anna","{'fsnum': '9002462', 'name': 'Saxton, Rebecca A.'};{'fsnum': '9005102', 'name': 'Graefe, Anna'}","300","24","0","0","0","","Medical-Surgical Nursing II","Open to rising Senior Nursing majors only. Will also meet T/Th 7:00 a.m. -3 p.m.","315","{'day': 'Mo', 'end': '11:40', 'location': 'RNS 160E', 'start': '10:45'};{'day': 'We', 'end': '11:40', 'location': 'RNS 160E', 'start': '10:45'};{'day': 'Fr', 'end': '11:40', 'location': 'RNS 160E', 'start': '10:45'}","False","Prerequisites: open to senior nursing majors only; NURS 314 with grade of C or above; concurrent enrollment in NURS 312 and NURS 316.","","1","C","20261","","Research","2026"
"0000169784","1.0","0000030313","NURS","Public health nursing is informed by community needs and environmental factors focusing on health promotion and disease prevention. Through project management, students address the health needs of groups and communities utilizing group communication processes, teamwork, and collaboration. Students focus on utilizing community resources, identifying risk factors, and evaluating the impact on population health as related to current epidemiological trends. Offered annually in the fall semester. Prerequisites: open to senior nursing majors only; NURS 314 with grade of C or above; concurrent enrollment in NURS 312 and NURS 315.","26","0","0","0","26","","Carroll, Emily J.","{'fsnum': '30192', 'name': 'Carroll, Emily J.'}","300","30","0","0","0","","Public Health Nursing","Open to rising Senior nursing majors only. Will also meet T/Th 7:00 a.m. -3 p.m.;This course includes an academic civic engagement (ACE) component.","316","{'day': 'Mo', 'end': '13:50', 'location': 'RNS 160E', 'start': '12:55'};{'day': 'We', 'end': '13:50', 'location': 'RNS 160E', 'start': '12:55'};{'day': 'Fr', 'end': '13:50', 'location': 'RNS 160E', 'start': '12:55'}","False","Prerequisites: open to senior nursing majors only; NURS 314 with grade of C or above; concurrent enrollment in NURS 312 and NURS 315.","","1","O","20261","","Research","2026"
"0000169306","1.0","0000029258","PACON","This course examines American ideals and the tensions among them, ideals such as freedom, community, equality, democracy, justice, responsibility, and authority. The course analyzes the political, economic, moral, and religious dimensions of the debates and decisions that continue to shape American society. It considers classic founding documents, ideas that influenced the founders, and the major thinkers and events relevant to understanding the diverse range of models for government, markets, and society. Offered annually in the fall semester.","22","22","0","0","0","FYS","Westler, Brendon","{'fsnum': '31144', 'name': 'Westler, Brendon'}","100","22","","0","0","0","Foundational Debates","Open only to Public Affairs Conversation students.","180","{'day': 'Mo', 'end': '11:40', 'location': 'OM 305', 'start': '10:45'};{'day': 'We', 'end': '11:40', 'location': 'OM 305', 'start': '10:45'};{'day': 'Fr', 'end': '11:40', 'location': 'OM 305', 'start': '10:45'}","False","False","A","1","C","20261","Public Affairs I: Foundational Debates","Research","2026"
"0000169307","1.0","0000029258","PACON","This course examines American ideals and the tensions among them, ideals such as freedom, community, equality, democracy, justice, responsibility, and authority. The course analyzes the political, economic, moral, and religious dimensions of the debates and decisions that continue to shape American society. It considers classic founding documents, ideas that influenced the founders, and the major thinkers and events relevant to understanding the diverse range of models for government, markets, and society. Offered annually in the fall semester.","22","22","0","0","0","FYS","Casson, Douglas J.","{'fsnum': '17420', 'name': 'Casson, Douglas J.'}","100","22","","0","0","0","Foundational Debates","Open only to Public Affairs Conversation students.","180","{'day': 'Mo', 'end': '11:40', 'location': 'RNS 435', 'start': '10:45'};{'day': 'We', 'end': '11:40', 'location': 'RNS 435', 'start': '10:45'};{'day': 'Fr', 'end': '11:40', 'location': 'RNS 435', 'start': '10:45'}","False","False","B","1","C","20261","Public Affairs I: Foundational Debates","Research","2026"
"0000169888","","0000038949","PACON","","22","22","0","0","0","","Staff","{'fsnum': '', 'name': 'Staff'}","100","22","","","","","SOAR Discussion","SOAR Discussion meets on September 17, October 1, 15, 22, November 5 and 19.","180","{'day': 'Th', 'end': '12:30', 'location': 'TOH 108', 'start': '23:30'}","False","","A","1","C","20261","","Discussion","2026"
"0000169889","","0000038949","PACON","","22","22","0","0","0","","Staff","{'fsnum': '', 'name': 'Staff'}","100","22","","","","","SOAR Discussion","SOAR Discussion meets on September 17, October 1, 15, 22, November 5 and 19.","180","{'day': 'Th', 'end': '12:30', 'location': 'TOH 186', 'start': '23:30'}","False","","B","1","C","20261","","Discussion","2026"
"0000169222","1.0","0000033762","PHIL","Confucius, Buddha, and Socrates are foundational philosophers of the ancient world. Yet, Socrates holds a privileged position in the history of philosophy due to his emphasis on reason, argumentation, and his influence on Plato. In this course students take a comparative approach to the philosophies of these three thinkers with the aim of examining their method of practicing philosophy, analyzing their philosophical theories, and investigating what it is to be a philosopher in each of their cultures. Offered annually. Prerequisite: first-year student or sophomore standing.","15","9","0","5","1","GHS;MCG","Muñoz-Hutchinson, Danny","{'fsnum': '21884', 'name': 'Muñoz-Hutchinson, Danny'}","100","20","","0","10","0","Confucius, Buddha, and Socrates","Course has class-year limits and is open only to first-year and sophomore       ;students.","117","{'day': 'Tu', 'end': '09:25', 'location': 'OM 110', 'start': '08:00'};{'day': 'Th', 'end': '09:20', 'location': 'OM 110', 'start': '08:00'}","False","first-year student or sophomore standing.","","1","O","20261","","Research","2026"
"0000169628","1.0","0000000964","PHIL","This course is a historical introduction to philosophy, a discipline which pursues fundamental questions about the nature of reality and our place within it. Students critically engage with philosophical works across multiple periods and perspectives, while developing their own point of view on major philosophical questions. Specific topics vary, but typical examples include: What can we know, and how can we know it? What is a meaningful life? Is reality objective? What is the self? Offered annually. Prerequisite: first-year student or sophomore standing.","22","11","1","9","1","GHS;HWC","Marsh, Jason","{'fsnum': '23586', 'name': 'Marsh, Jason'}","100","25","","0","12","0","Knowledge, Reality, and the Self","Course has class-year limits and is open only to first-year and sophomore       ;students.","118","{'day': 'Mo', 'end': '10:00', 'location': 'OM 310', 'start': '09:05'};{'day': 'We', 'end': '10:00', 'location': 'OM 310', 'start': '09:05'};{'day': 'Fr', 'end': '10:00', 'location': 'OM 310', 'start': '09:05'}","False","first-year student or sophomore standing.","","1","O","20261","","Research","2026"
"0000172368","1.0","0000000966","PHIL","Literature provides rich resources for thinking through central philosophical questions, including the metaphysics and ethics of freedom; the problem of evil; the role of character in choice and action; the nature of morality; rebellion and human solidarity; God's existence and relation to the world; and the nature of truth. This course explores philosophical ideas in literary works of several different genres by studying plot, character, point-of-view, imagery, and symbolism. Offered periodically.","20","18","1","1","0","ALS-L;CRE","Söderquist, Brian","{'fsnum': '34006', 'name': 'Söderquist, Brian'}","100","25","","0","","0","Philosophy in Literature","Open only to incoming first-year students and rising sophomores.","120","{'day': 'Tu', 'end': '14:45', 'location': 'HH 502', 'start': '13:20'};{'day': 'Th', 'end': '15:35', 'location': 'HH 502', 'start': '14:15'}","False","False","","1","O","20261","","Research","2026"
"0000169514","1.0","0000041595","PHIL","This course is an introduction to PPE, an interdisciplinary field that pursues the powerful connections among its three defining disciplines (philosophy, politics, and economics). Students engage with core topics in the field - such as markets, collective action, justice, and public choice - from a variety of ideological perspectives, such as libertarianism, Marxism, liberalism, and feminism. They learn how to integrate different disciplinary approaches in application to both theoretical and policy debates. Not open to first-year students except by special permission. Offered annually during fall semester.","25","0","7","12","6","ERC","Fuerstein, Michael","{'fsnum': '21885', 'name': 'Fuerstein, Michael'}","200","25","0","","","","Intro to PPE (Phil, Politics, Econ)","Not open to incoming first-year students.","225","{'day': 'Tu', 'end': '11:00', 'location': 'HH 434', 'start': '09:35'};{'day': 'Th', 'end': '10:50', 'location': 'HH 434', 'start': '09:30'}","False","False","","1","C","20261","Introduction to PPE","Research","2026"
"0000169081","1.0","0000000970","PHIL","This course surveys the origins and development of ancient Greek philosophy from the Presocratics in the 6th century BCE through Plato and Aristotle in the 4th century BCE. Students read and analyze primary texts in translation in order to examine the historical foundations of philosophical issues in cosmogony, natural philosophy, metaphysics, epistemology, logic, psychology, and ethics. As time permits, the course may include writings from one or more of the Hellenistic schools of Epicureans, Stoics, and Skeptics. Offered annually. Prerequisite: one course in philosophy or permission of instructor.","13","0","11","2","0","GHS;HWC;WAC","Muñoz-Hutchinson, Danny","{'fsnum': '21884', 'name': 'Muñoz-Hutchinson, Danny'}","200","20","","","","","Ancient Greek Philosophy","","235","{'day': 'Tu', 'end': '11:00', 'location': 'OM 110', 'start': '09:35'};{'day': 'Th', 'end': '10:50', 'location': 'OM 110', 'start': '09:30'}","False","one course in philosophy or permission of instructor.","","1","O","20261","","Research","2026"
"0000169296","1.0","0000000972","PHIL","Formal systems of logic attempt to make principles of good reasoning explicit. This course introduces two such systems of logic: propositional and predicate calculus. Students learn to use formal techniques to analyze arguments and explore philosophical issues related to meta-theory, including consistency and completeness, the paradoxes of material implication, ontological commitment, and the interpretation of quantifiers. Offered annually.","25","3","9","5","8","AQR","Cunningham, Arthur","{'fsnum': '20236', 'name': 'Cunningham, Arthur'}","200","30","","","","","Formal Logic","","240","{'day': 'Mo', 'end': '14:55', 'location': 'HH 434', 'start': '14:00'};{'day': 'We', 'end': '14:55', 'location': 'HH 434', 'start': '14:00'};{'day': 'Fr', 'end': '14:55', 'location': 'HH 434', 'start': '14:00'}","False","False","","1","O","20261","","Research","2026"
"0000169728","1.0","0000000973","PHIL","This course is a philosophical inquiry into the core commitments of Christian theism in the context of other world religions and naturalism. Central themes include beliefs about the existence and nature of God, the doctrines of the trinity and incarnation, redemption and ritual, human free will and responsibility, revelation and reason, religious experience, the problem of evil, different views of life after death, miracles and historical inquiry, and religious pluralism. Offered annually.","25","0","3","22","0","BTS-T;CTD","Söderquist, Brian","{'fsnum': '34006', 'name': 'Söderquist, Brian'}","200","25","","0","","0","Philosophical Theology","Open only to incoming first-year students and rising sophomores.","241","{'day': 'Tu', 'end': '13:10', 'location': 'HH 502', 'start': '23:45'};{'day': 'Th', 'end': '14:05', 'location': 'HH 502', 'start': '12:45'}","False","False","","1","C","20261","","Research","2026"
"0000169148","1.0","0000000977","PHIL","This course clarifies central concepts and distinctions developed in the literature of moral philosophy and applications of those concepts and distinctions to concrete moral problems that arise in the practice of medicine. Issues may include euthanasia, abortion, medical paternalism, allocation of scarce medical resources, culturally sensitive medical care, pandemics, and conflicts of loyalty in managed care. Readings are drawn from both philosophical and medical discussions. Offered annually.","25","0","2","0","23","EIN;ERC","Marsh, Jason","{'fsnum': '23586', 'name': 'Marsh, Jason'}","200","25","0","","","","Biomedical Ethics","Not open to incoming first-year students.","250","{'day': 'Mo', 'end': '11:40', 'location': 'HH 434', 'start': '10:45'};{'day': 'We', 'end': '11:40', 'location': 'HH 434', 'start': '10:45'};{'day': 'Fr', 'end': '11:40', 'location': 'HH 434', 'start': '10:45'}","False","False","","1","C","20261","","Research","2026"
"0000171920","1.0","0000000979","PHIL","This course examines the main Western ethical theories and their application to contemporary moral concerns. Theoretical issues may include rights, duties, virtue, hedonism, egoism, the relation between ethics and theology, the fact-value distinction, relativism, and pluralism. Students discuss current topics such as global economic justice, euthanasia, the death penalty, animal rights, censorship, racism, privacy rights versus public safety, reproductive ethics, and environmental ethics. Offered annually.","19","0","4","1","14","EIN;ERC;WAC","Farnham, Daniel","{'fsnum': '33080', 'name': 'Farnham, Daniel'}","200","20","0","","","","Ethics and the Good Life","Not open to incoming first-year students.","252","{'day': 'Mo', 'end': '11:40', 'location': 'OM 110', 'start': '10:45'};{'day': 'We', 'end': '11:40', 'location': 'OM 110', 'start': '10:45'};{'day': 'Fr', 'end': '11:40', 'location': 'OM 110', 'start': '10:45'}","False","False","A","1","O","20261","","Research","2026"
"0000171921","1.0","0000000979","PHIL","This course examines the main Western ethical theories and their application to contemporary moral concerns. Theoretical issues may include rights, duties, virtue, hedonism, egoism, the relation between ethics and theology, the fact-value distinction, relativism, and pluralism. Students discuss current topics such as global economic justice, euthanasia, the death penalty, animal rights, censorship, racism, privacy rights versus public safety, reproductive ethics, and environmental ethics. Offered annually.","20","0","17","2","1","EIN;ERC;WAC","Farnham, Daniel","{'fsnum': '33080', 'name': 'Farnham, Daniel'}","200","20","0","","","","Ethics and the Good Life","Not open to incoming first-year students.","252","{'day': 'Mo', 'end': '14:55', 'location': 'HH 523', 'start': '14:00'};{'day': 'We', 'end': '14:55', 'location': 'HH 523', 'start': '14:00'};{'day': 'Fr', 'end': '14:55', 'location': 'HH 523', 'start': '14:00'}","False","False","B","1","C","20261","","Research","2026"
"0000169646","1.0","0000000980","PHIL","This course considers the relationships between moral principles, law, and the practice of governments. Topics may include the ""Just War"" debate, censorship, property rights and distributive justice, natural law, political liberalism and its critics, whether governments should act in accordance with specific moral principles or remain neutral, the tensions between individual rights and the good of the community, and the role of religion in public life. Offered annually.","27","0","13","9","5","EIN;ERC","Westler, Brendon","{'fsnum': '31144', 'name': 'Westler, Brendon'}","200","25","0","","","","Law, Politics, and Morality","Not open to incoming first-year students.","254","{'day': 'Mo', 'end': '08:55', 'location': 'HH 433', 'start': '08:00'};{'day': 'We', 'end': '08:55', 'location': 'HH 433', 'start': '08:00'};{'day': 'Fr', 'end': '08:55', 'location': 'HH 433', 'start': '08:00'}","False","False","A","1","C","20261","","Research","2026"
"0000169647","1.0","0000000980","PHIL","This course considers the relationships between moral principles, law, and the practice of governments. Topics may include the ""Just War"" debate, censorship, property rights and distributive justice, natural law, political liberalism and its critics, whether governments should act in accordance with specific moral principles or remain neutral, the tensions between individual rights and the good of the community, and the role of religion in public life. Offered annually.","24","0","12","0","12","EIN;ERC","Westler, Brendon","{'fsnum': '31144', 'name': 'Westler, Brendon'}","200","25","0","","","","Law, Politics, and Morality","Not open to incoming first-year students.","254","{'day': 'Mo', 'end': '10:00', 'location': 'HH 433', 'start': '09:05'};{'day': 'We', 'end': '10:00', 'location': 'HH 433', 'start': '09:05'};{'day': 'Fr', 'end': '10:00', 'location': 'HH 433', 'start': '09:05'}","False","False","B","1","O","20261","","Research","2026"
"0000169790","1.0","0000027679","PHIL","This course analyzes issues concerning race and social justice from the perspective of normative ethical frameworks and various theories of value. Students investigate, interpret, and critique both intellectual foundations and reasons for endorsement of the various approaches to study in grace and social justice. Students pay critical attention to how the Black intellectual tradition understands the meanings and moral implications of such ideas. Offered annually.","22","0","10","1","11","EIN;ERC;PAR","Yokum, Nicole","{'fsnum': '35097', 'name': 'Yokum, Nicole'}","200","22","","","","","Race and Social Justice","","255","{'day': 'Tu', 'end': '13:10', 'location': 'HH 523', 'start': '23:45'};{'day': 'Th', 'end': '14:05', 'location': 'HH 523', 'start': '12:45'}","False","False","A","1","C","20261","","Research","2026"
"0000171922","1.0","0000027679","PHIL","This course analyzes issues concerning race and social justice from the perspective of normative ethical frameworks and various theories of value. Students investigate, interpret, and critique both intellectual foundations and reasons for endorsement of the various approaches to study in grace and social justice. Students pay critical attention to how the Black intellectual tradition understands the meanings and moral implications of such ideas. Offered annually.","25","0","18","1","6","EIN;ERC;PAR","Yokum, Nicole","{'fsnum': '35097', 'name': 'Yokum, Nicole'}","200","22","","","","","Race and Social Justice","","255","{'day': 'Tu', 'end': '14:45', 'location': 'HH 523', 'start': '13:20'};{'day': 'Th', 'end': '15:35', 'location': 'HH 523', 'start': '14:15'}","False","False","B","1","C","20261","","Research","2026"
"0000172551","1.0","0000000991","PHIL","Pragmatism is a philosophical school of thought holding that the truth of our theories depends on their practical value. Students will explore the foundations of this deceptively radical view as it emerged in late 19th and early 20th Century America. And they will follow its more recent development through major innovations in metaphysics, epistemology, ethics, political philosophy, and the philosophy of science. Readings include William James, John Dewey, Richard Rorty, Elizabeth Anderson, and others. Prerequisite: two courses in philosophy, one of which must be either PHIL 235 or PHIL 236 or permission of the department chair.","16","0","6","0","10","HWC","Fuerstein, Michael","{'fsnum': '21885', 'name': 'Fuerstein, Michael'}","300","15","","","","","Topical Sem: Pragmatism","Prerequisite: two courses in philosophy, one of which must be either PHIL 235 or;permission of the department chair.","375","{'day': 'Tu', 'end': '13:10', 'location': 'HH 205', 'start': '23:45'};{'day': 'Th', 'end': '14:05', 'location': 'HH 205', 'start': '12:45'}","False","two courses in philosophy, one of which must be either PHIL 235 or PHIL 236 or permission of the department chair.","","1","C","20261","Seminar in Advanced Topical Studies","Topic","2026"
"0000172781","1.0","0000000993","PHIL","Independent work is guided by a faculty member. Students need to have the necessary background, including appropriate coursework, before an independent project is approved. A student may not substitute an IS/IR course for a course regularly offered in a department or program. IS/IR culminates in at least one product (a paper, laboratory report, work of art, etc.). Normally, the student and faculty instructor are expected to meet at least once a week. See catalog for more information under registration and course enrollment. Prerequisites: one level III course in philosophy, at least second-year standing; and at least 5 relevant courses for 398 (IR); approval from the faculty instructor, the academic advisor, and the department chair or program director.","1","0","1","0","0","","Farnham, Daniel","{'fsnum': '33080', 'name': 'Farnham, Daniel'}","300","0","","","","","IR/Hume and Kant on PracticalReason","","398","","False","Prerequisites: one level III course in philosophy, at least second-year standing; and at least 5 relevant courses for 398 (IR); approval from the faculty instructor, the academic advisor, and the department chair or program director.","A","1","C","20261","Independent Research","Research","2026"
"0000169536","1.0","0000036004","PHS","This introductory course provides students a broad overview of public health focusing on concepts relating to health promotion, disease prevention and epidemiology. Additionally, students learn about the core public health values, functions, population health assessment and intervention and the socio-economic, behavioral, biological and environmental determinants of health. Students engage in oral and written communication to critically think and analyze public health issues. Offered during fall and January terms.","31","0","17","4","10","IST;NTS","Ehresmann, Kris R.","{'fsnum': '34018', 'name': 'Ehresmann, Kris R.'}","100","30","","","","","Introduction to Public Health","This course includes an academic civic engagement (ACE) component.","150","{'day': 'Tu', 'end': '11:00', 'location': 'RNS 160E', 'start': '09:35'};{'day': 'Th', 'end': '10:50', 'location': 'RNS 160E', 'start': '09:30'}","False","False","A","1","C","20261","","Research","2026"
"0000169537","1.0","0000036004","PHS","This introductory course provides students a broad overview of public health focusing on concepts relating to health promotion, disease prevention and epidemiology. Additionally, students learn about the core public health values, functions, population health assessment and intervention and the socio-economic, behavioral, biological and environmental determinants of health. Students engage in oral and written communication to critically think and analyze public health issues. Offered during fall and January terms.","21","18","1","1","1","IST;NTS;SCS","Ehresmann, Kris R.","{'fsnum': '34018', 'name': 'Ehresmann, Kris R.'}","100","25","","0","0","0","Introduction to Public Health","Open only to incoming first-year students.                                      ;This course includes an academic civic engagement (ACE) component.","150","{'day': 'Tu', 'end': '14:45', 'location': 'RNS 160E', 'start': '13:20'};{'day': 'Th', 'end': '15:35', 'location': 'RNS 160E', 'start': '14:15'}","False","False","B","1","O","20261","","Research","2026"
"0000169269","1.0","0000037467","PHS","Epidemiology is the science of applying information about populations with the goal of improving health. This course will focus on multiple epidemiological research strategies in scientific, social and ethical context. By examining the range of health problems and diseases affecting diverse cultures, races, and ethnic groups, students gain understanding of epidemiology as the science of public health. Offered periodically to all St Olaf students in the fall semester. Prerequisites: PHS 150 preferred.","29","0","9","3","17","IST;NTS","Ehresmann, Kris R.","{'fsnum': '34018', 'name': 'Ehresmann, Kris R.'}","200","30","","","","","Epidemiology","","250","{'day': 'Tu', 'end': '13:10', 'location': 'RNS 160E', 'start': '23:45'};{'day': 'Th', 'end': '14:05', 'location': 'RNS 160E', 'start': '12:45'}","False","Prerequisites: PHS 150 preferred.","","1","O","20261","","Research","2026"
"0000169179","1.0","0000037465","PHS","Students explore public health challenges from multiple lenses through literature and case studies designed to integrate and enhance individual skills and vocational interests. Working in interdisciplinary teams, students articulate questions and develop research and response proposals based on literature, data at hand and the skills acquired from prior courses including the OLE Core. Integrating viewpoints, assessment modalities and communication within the team and with external audiences are emphasized. Local and global issues are included. Counts toward public health studies concentration. Prerequisites: Junior or senior classification, declared public health studies concentration, or permission of instructor.","24","0","13","0","11","","Welsh, Ericka","{'fsnum': '9005273', 'name': 'Welsh, Ericka'}","300","24","0","","0","","Case Studies in Public Health","Not open to incoming first-year students and rising sophomores.","325","{'day': 'Th', 'end': '21:00', 'location': 'RNS 160E', 'start': '18:00'}","False","Prerequisites: Junior or senior classification, declared public health studies concentration, or permission of instructor.","","1","C","20261","","Research","2026"
"0000169493","1.0","0000001069","PHYS","A basic introduction to astronomy, this course concentrates on how we know what we know. Students explore questions such as ""How do we measure the distance to a star?"" and ""How do we know the universe is expanding?"" In addition to studying the solar system, stars, black holes, galaxies, and the history of the universe, students engage in observation using the department's telescopes. Offered every other year. Does not count toward physics major. Prerequisite: proficiency in algebra and geometry.","72","3","22","24","23","HWC;IST;NSC;NTS","Kapuru Bandage, Suneth Kassapa","{'fsnum': '9003616', 'name': 'Kapuru Bandage, Suneth Kassapa'}","100","72","","","","","Intro Astronomy","","112","{'day': 'Mo', 'end': '12:45', 'location': 'RNS 150', 'start': '23:50'};{'day': 'We', 'end': '12:45', 'location': 'RNS 150', 'start': '23:50'};{'day': 'Fr', 'end': '12:45', 'location': 'RNS 150', 'start': '23:50'}","False","proficiency in algebra and geometry.","","1","C","20261","Introductory Astronomy","Research","2026"
"0000169770","1.0","0000001072","PHYS","This two-semester in-depth course addresses topics in classical and modern physics using algebra, geometry, and some calculus. The course is well suited for students of biology or chemistry or for those desiring a thorough introduction beyond the high school level. Physics 124 takes up the Newtonian mechanics of point particles (motion, mass, force, torque, energy, momentum, and gravitation), Einstein's reexamination of space time (relativity), and nuclear physics. Students attend lectures plus one 2.5-hour laboratory per week. Offered annually in the fall semester. Does not count toward physics major. Prerequisite: MATH 119 or MATH 120 or equivalent.","72","0","41","1","30","NSC;NSL","Demas, Jay","{'fsnum': '21211', 'name': 'Demas, Jay'}","100","72","0","","","","Principles Physics I","Students in Physics 124 must also register for one Physics 124 lab.             ;Not open to incoming first-year students.                                       ;This course no longer fulfills NTS.","124","{'day': 'Mo', 'end': '11:40', 'location': 'RNS 210', 'start': '10:45'};{'day': 'We', 'end': '11:40', 'location': 'RNS 210', 'start': '10:45'};{'day': 'Fr', 'end': '11:40', 'location': 'RNS 210', 'start': '10:45'}","False","MATH 119 or MATH 120 or equivalent.","","1","C","20261","Principles of Physics I","Research","2026"
"0000169773","","0000001073","PHYS","","24","0","15","0","9","","Demas, Jay","{'fsnum': '21211', 'name': 'Demas, Jay'}","100","24","0","","","","Principles Physics I Lab","","124","{'day': 'Mo', 'end': '15:30', 'location': 'RNS 292', 'start': '13:00'}","False","","A","1","C","20261","","Lab","2026"
"0000169771","","0000001073","PHYS","","24","0","12","1","11","","Borovsky, Brian","{'fsnum': '716', 'name': 'Borovsky, Brian'}","100","24","0","","","","Principles Physics I Lab","","124","{'day': 'Tu', 'end': '11:00', 'location': 'RNS 292', 'start': '08:30'}","False","","B","1","C","20261","","Lab","2026"
"0000169772","","0000001073","PHYS","","24","0","14","0","10","","Demas, Jay","{'fsnum': '21211', 'name': 'Demas, Jay'}","100","24","0","","","","Principles Physics I Lab","","124","{'day': 'Tu', 'end': '14:15', 'location': 'RNS 292', 'start': '23:45'}","False","","C","1","C","20261","","Lab","2026"
"0000169069","1.0","0000001076","PHYS","This three-semester calculus-based sequence leads the student through the basic principles that account for the processes involved in baseballs, car engines, electrical power distribution systems, stereos, and black holes. It is the starting point for a major in physics and is also appropriate for majors in fields such as chemistry or mathematics who desire more mathematical depth than would be used in the two-semester PHYS 124 - PHYS 125 sequence. Physics 130 is a study of Newtonian mechanics --- motion, forces, energy, gravity, and rotation. Students attend lectures plus one 2.5-hour laboratory per week. Offered annually in the fall semester. Prerequisite: concurrent registration in (or previous completion of) MATH 119 or MATH 120 or equivalent.","27","21","2","4","0","IST;NSC;NSL;NTS;SED","Larsen, Amy","{'fsnum': '4619', 'name': 'Larsen, Amy'}","100","24","","","","","Analytical I","Students in Physics 130A must also register for one Physics 130 lab.","130","{'day': 'Mo', 'end': '12:45', 'location': 'RNS 210', 'start': '23:50'};{'day': 'We', 'end': '12:45', 'location': 'RNS 210', 'start': '23:50'};{'day': 'Fr', 'end': '12:45', 'location': 'RNS 210', 'start': '23:50'};{'day': 'Tu', 'end': '12:40', 'location': 'RNS 210', 'start': '23:45'};{'day': 'Th', 'end': '13:40', 'location': 'RNS 210', 'start': '12:45'}","False","concurrent registration in (or previous completion of) MATH 119 or MATH 120 or equivalent.","A","1","C","20261","Analytical Physics I","Research","2026"
"0000169070","1.0","0000001076","PHYS","This three-semester calculus-based sequence leads the student through the basic principles that account for the processes involved in baseballs, car engines, electrical power distribution systems, stereos, and black holes. It is the starting point for a major in physics and is also appropriate for majors in fields such as chemistry or mathematics who desire more mathematical depth than would be used in the two-semester PHYS 124 - PHYS 125 sequence. Physics 130 is a study of Newtonian mechanics --- motion, forces, energy, gravity, and rotation. Students attend lectures plus one 2.5-hour laboratory per week. Offered annually in the fall semester. Prerequisite: concurrent registration in (or previous completion of) MATH 119 or MATH 120 or equivalent.","26","10","7","9","0","IST;NSC;NSL;NTS;SED","Kapuru Bandage, Suneth Kassapa","{'fsnum': '9003616', 'name': 'Kapuru Bandage, Suneth Kassapa'}","100","24","","","","","Analytical I","Students in Physics 130B must also register for one Physics 130 lab.","130","{'day': 'Mo', 'end': '14:55', 'location': 'RNS 210', 'start': '13:25'};{'day': 'We', 'end': '14:55', 'location': 'RNS 210', 'start': '13:25'};{'day': 'Fr', 'end': '14:55', 'location': 'RNS 210', 'start': '13:25'}","False","concurrent registration in (or previous completion of) MATH 119 or MATH 120 or equivalent.","B","1","C","20261","Analytical Physics I","Research","2026"
"0000169071","","0000001077","PHYS","","19","11","3","5","0","","Adhikari, Prabal","{'fsnum': '26288', 'name': 'Adhikari, Prabal'}","100","16","","","","","Analytical I Lab","","130","{'day': 'Tu', 'end': '11:00', 'location': 'RNS 293', 'start': '08:30'}","False","","A","1","C","20261","","Lab","2026"
"0000169072","","0000001077","PHYS","","16","9","2","5","0","","Adhikari, Prabal","{'fsnum': '26288', 'name': 'Adhikari, Prabal'}","100","16","","","","","Analytical I Lab","","130","{'day': 'Tu', 'end': '16:00', 'location': 'RNS 293', 'start': '13:30'}","False","","B","1","C","20261","","Lab","2026"
"0000169073","","0000001077","PHYS","","18","11","4","3","0","","Larsen, Amy","{'fsnum': '4619', 'name': 'Larsen, Amy'}","100","16","","","","","Analytical I Lab","","130","{'day': 'Th', 'end': '16:30', 'location': 'RNS 292', 'start': '14:00'}","False","","C","1","C","20261","","Lab","2026"
"0000169074","1.0","0000001078","PHYS","Physics 232, the third course in the three-semester calculus-based sequence, explores special relativity, waves and oscillations, and the quantum mechanics of light and matter. Students attend lectures and one 2.5-hour laboratory per week. Offered annually in the fall semester. Prerequisites: PHYS 131 or permission of instructor, and concurrent registration in (or previous completion of) MATH 220.","29","0","4","25","0","IST;NSC;NSL;OEP;SED","Hazlett, Eric L.","{'fsnum': '31195', 'name': 'Hazlett, Eric L.'}","200","36","","","","","Analytical III","Students in Physics 232 must also register for lab 232 AL or BL.                ;This course includes an academic civic engagement (ACE) component.","232","{'day': 'Mo', 'end': '10:00', 'location': 'RNS 210', 'start': '09:05'};{'day': 'We', 'end': '10:00', 'location': 'RNS 210', 'start': '09:05'};{'day': 'Fr', 'end': '10:00', 'location': 'RNS 210', 'start': '09:05'}","False","Prerequisites: PHYS 131 or permission of instructor, and concurrent registration in (or previous completion of) MATH 220.","","1","O","20261","Analytical Physics III","Research","2026"
"0000169076","","0000001079","PHYS","","18","0","3","15","0","","Hazlett, Eric L.","{'fsnum': '31195', 'name': 'Hazlett, Eric L.'}","200","16","","","","","Analytical III Lab","","232","{'day': 'Th', 'end': '10:50', 'location': 'RNS 293', 'start': '08:20'}","False","","A","1","C","20261","","Lab","2026"
"0000169075","","0000001079","PHYS","","11","0","1","10","0","","Hazlett, Eric L.","{'fsnum': '31195', 'name': 'Hazlett, Eric L.'}","200","16","","","","","Analytical III Lab","","232","{'day': 'Th', 'end': '15:15', 'location': 'RNS 293', 'start': '12:45'}","False","","B","1","O","20261","","Lab","2026"
"0000169665","1.0","0000029269","PHYS","This course introduces students to the vibrant, interdisciplinary, and growing fields of materials engineering and nanoscale science. Students focus primarily on the relationship between the structure and physical properties of materials, on length scales ranging from millimeters to nanometers. Students research articles from the peer-review literature that highlight the latest developments in the field. Students also discuss the technological and societal impacts of different materials and their applications. Offered annually. Prerequisite: PHYS 244.","11","0","3","0","8","","Paulsen, Joey D.","{'fsnum': '9005104', 'name': 'Paulsen, Joey D.'}","300","18","","","","","Materials and Nanoscience","","362","{'day': 'Tu', 'end': '14:45', 'location': 'RNS 297', 'start': '13:20'};{'day': 'Th', 'end': '15:35', 'location': 'RNS 297', 'start': '14:15'}","False","PHYS 244.","","1","O","20261","Materials Engineering and Nanoscience","Research","2026"
"0000169205","1.0","0000001092","PHYS","This course is an analytical and computational study of Newtonian mechanics, including the harmonic oscillator, central force motion, non-linear oscillators, chaos, and an introduction to the Lagrangian formulation. Students use computers extensively. Offered annually in the fall semester. Prerequisites: PHYS 232 and MATH 230.","14","0","9","0","5","","Adhikari, Prabal","{'fsnum': '26288', 'name': 'Adhikari, Prabal'}","300","12","0","","","","Classical Mechanics","Not open to incoming first-year students.","374","{'day': 'Mo', 'end': '10:00', 'location': 'RNS 297', 'start': '09:05'};{'day': 'We', 'end': '10:00', 'location': 'RNS 297', 'start': '09:05'};{'day': 'Fr', 'end': '10:00', 'location': 'RNS 297', 'start': '09:05'}","False","Prerequisites: PHYS 232 and MATH 230.","A","1","C","20261","","Research","2026"
"0000169206","1.0","0000001092","PHYS","This course is an analytical and computational study of Newtonian mechanics, including the harmonic oscillator, central force motion, non-linear oscillators, chaos, and an introduction to the Lagrangian formulation. Students use computers extensively. Offered annually in the fall semester. Prerequisites: PHYS 232 and MATH 230.","11","0","11","0","0","","Adhikari, Prabal","{'fsnum': '26288', 'name': 'Adhikari, Prabal'}","300","12","0","","","","Classical Mechanics","Not open to incoming first-year students.","374","{'day': 'Mo', 'end': '11:40', 'location': 'RNS 297', 'start': '10:45'};{'day': 'We', 'end': '11:40', 'location': 'RNS 297', 'start': '10:45'};{'day': 'Fr', 'end': '11:40', 'location': 'RNS 297', 'start': '10:45'}","False","Prerequisites: PHYS 232 and MATH 230.","B","1","O","20261","","Research","2026"
"0000169786","1.0","0000001094","PHYS","Students investigate Quantum Theory, in which a particle's behavior is described through a statistically-interpreted wave function rather than through the concepts of Newtonian mechanics. Topics include an examination of the conceptual framework of Quantum Mechanics, solution of the Schrodinger Equation for systems such as the harmonic oscillator and the hydrogen atom, and approximation methods for treating more complex systems and the interaction of radiation with matter. Students in this course are normally registered for PHYS 386 as well, in order to complete the requirements for the physics major. Offered annually in the fall semester. Prerequisites: PHYS 244, PHYS 374, and MATH 226 or CSCI 251, or similar course upon approval of the department chair.","9","0","0","0","9","","Borovsky, Brian","{'fsnum': '716', 'name': 'Borovsky, Brian'}","300","18","0","","0","","Quantum Mechanics","Open only to rising seniors and juniors.","376","{'day': 'Mo', 'end': '08:55', 'location': 'RNS 297', 'start': '08:00'};{'day': 'We', 'end': '08:55', 'location': 'RNS 297', 'start': '08:00'};{'day': 'Fr', 'end': '08:55', 'location': 'RNS 297', 'start': '08:00'}","False","Prerequisites: PHYS 244, PHYS 374, and MATH 226 or CSCI 251, or similar course upon approval of the department chair.","","1","O","20261","","Research","2026"
"0000169053","0.25","0000001098","PHYS","Experiments explore various topics in physics. Emphasis is on the development of good laboratory techniques, analytical skills, and the ability to work independently. Each 0.25-course registration includes one three-hour laboratory per week. Offered annually in the fall semester. Prerequisite: PHYS 245.","7","0","1","0","6","","Paulsen, Joey D.","{'fsnum': '9005104', 'name': 'Paulsen, Joey D.'}","300","8","0","","0","","Advanced Physics Laboratory II","Only open to rising seniors and juniors.","386","{'day': 'Mo', 'end': '17:00', 'location': 'RNS 298', 'start': '14:00'}","False","PHYS 245.","A","1","O","20261","","Lab","2026"
"0000169054","0.25","0000001098","PHYS","Experiments explore various topics in physics. Emphasis is on the development of good laboratory techniques, analytical skills, and the ability to work independently. Each 0.25-course registration includes one three-hour laboratory per week. Offered annually in the fall semester. Prerequisite: PHYS 245.","6","0","2","0","4","","Paulsen, Joey D.","{'fsnum': '9005104', 'name': 'Paulsen, Joey D.'}","300","8","0","","0","","Advanced Physics Laboratory II","Only open to rising seniors and juniors.","386","{'day': 'Th', 'end': '10:50', 'location': 'RNS 298', 'start': '08:00'}","False","PHYS 245.","B","1","O","20261","","Lab","2026"
"0000169055","0.25","0000001098","PHYS","Experiments explore various topics in physics. Emphasis is on the development of good laboratory techniques, analytical skills, and the ability to work independently. Each 0.25-course registration includes one three-hour laboratory per week. Offered annually in the fall semester. Prerequisite: PHYS 245.","8","0","6","0","2","","Gothmann, Anne M.","{'fsnum': '29141', 'name': 'Gothmann, Anne M.'}","300","8","0","","0","","Advanced Physics Laboratory II","Only open to rising seniors and juniors.","386","{'day': 'Fr', 'end': '17:00', 'location': 'RNS 298', 'start': '14:00'}","False","PHYS 245.","C","1","C","20261","","Lab","2026"
"0000169064","1.0","0000001103","PSCI","The promise of American politics is the equal freedom of all. How does practice match principles? What roles do class and race play? Do interest groups and political parties foster democracy? This course is designed not only to help students understand American government and politics but also to motivate them to be active and informed participants. Offered annually.","29","18","4","5","2","HBS;MCD;MCS-D;PAR;SCS","Hofrenning, Dan","{'fsnum': '3418', 'name': 'Hofrenning, Dan'}","100","32","","4","6","2","American Politics","This course has class-year limits.                                              ;This course includes an academic civic engagement (ACE) component.","111","{'day': 'Mo', 'end': '10:00', 'location': 'OM 010', 'start': '09:05'};{'day': 'We', 'end': '10:00', 'location': 'OM 010', 'start': '09:05'};{'day': 'Fr', 'end': '10:00', 'location': 'OM 010', 'start': '09:05'}","False","False","A","1","O","20261","","Research","2026"
"0000169065","1.0","0000001103","PSCI","The promise of American politics is the equal freedom of all. How does practice match principles? What roles do class and race play? Do interest groups and political parties foster democracy? This course is designed not only to help students understand American government and politics but also to motivate them to be active and informed participants. Offered annually.","21","9","4","7","1","HBS;MCD;MCS-D;PAR;SCS","Hofrenning, Dan","{'fsnum': '3418', 'name': 'Hofrenning, Dan'}","100","32","","4","6","2","American Politics","This course has class-year limits.                                              ;This course includes an academic civic engagement (ACE) component.","111","{'day': 'Mo', 'end': '12:45', 'location': 'HH 523', 'start': '23:50'};{'day': 'We', 'end': '12:45', 'location': 'HH 523', 'start': '23:50'};{'day': 'Fr', 'end': '12:45', 'location': 'HH 523', 'start': '23:50'}","False","False","B","1","O","20261","","Research","2026"
"0000172072","1.0","0000001105","PSCI","This course is an introduction to some of the central, interrelated concepts and questions of political theory. Some of the readings will be drawn from recognized classics in the field while others will arise from contemporary debates about political issues and cultural diversity within the U.S. The course pays considerable attention to historical shifts in political thought but is not designed to provide a chronology of the great Western political thinkers. Instead, this course aims to provoke and sustain a semester-long exploration of what it means to be a political actor -- that is, a citizen -- and what it means to think about politics. Offered annually.","27","1","13","9","4","GHS;HWC;ORC","Petroff, Kate","{'fsnum': '9006422', 'name': 'Petroff, Kate'}","100","27","","","","","Intro: Pol Theory","","113","{'day': 'Mo', 'end': '08:55', 'location': 'HH 434', 'start': '08:00'};{'day': 'We', 'end': '08:55', 'location': 'HH 434', 'start': '08:00'};{'day': 'Fr', 'end': '08:55', 'location': 'HH 434', 'start': '08:00'}","False","False","","1","C","20261","Introduction to Political Theory","Research","2026"
"0000169490","1.0","0000001110","PSCI","War and peace, justice and power -- these are age-old topics of the politics among nations. This course examines them by emphasizing certain problem areas in the world and evaluating the principal theories for understanding international politics. Offered annually.","28","17","3","6","2","HBS;SCS","Cilizoglu, Menevis","{'fsnum': '30090', 'name': 'Cilizoglu, Menevis'}","100","32","","4","6","2","International Relations","This course has class-year limits.","121","{'day': 'Mo', 'end': '11:40', 'location': 'HH 523', 'start': '10:45'};{'day': 'We', 'end': '11:40', 'location': 'HH 523', 'start': '10:45'};{'day': 'Fr', 'end': '11:40', 'location': 'HH 523', 'start': '10:45'}","False","False","A","1","O","20261","","Research","2026"
"0000169491","1.0","0000001110","PSCI","War and peace, justice and power -- these are age-old topics of the politics among nations. This course examines them by emphasizing certain problem areas in the world and evaluating the principal theories for understanding international politics. Offered annually.","31","21","3","6","1","HBS;SCS","Cilizoglu, Menevis","{'fsnum': '30090', 'name': 'Cilizoglu, Menevis'}","100","32","","4","6","2","International Relations","This course has class-year limits.","121","{'day': 'Mo', 'end': '13:50', 'location': 'HH 502', 'start': '12:55'};{'day': 'We', 'end': '13:50', 'location': 'HH 502', 'start': '12:55'};{'day': 'Fr', 'end': '13:50', 'location': 'HH 502', 'start': '12:55'}","False","False","B","1","O","20261","","Research","2026"
"0000169666","1.0","0000025198","PSCI","In a democratic state, the media play an important role in linking the people to elected officials and political institutions. The course is principally concerned with this connection. By analyzing broad and varied forms of political communication and studying scholarship on the role of media in society, students explore the structure of American media with respect to political institutions, the effects media can have on individuals' political attitudes, and the role the media play in political campaigns and governance. Also counts toward media studies concentration. Prerequisite: none, but one course in political science is recommended.","0","0","0","0","0","HBS","Chapp, Chris B.","{'fsnum': '20181', 'name': 'Chapp, Chris B.'}","200","27","","","","","Media and Politics","","211","{'day': 'Tu', 'end': '11:00', 'location': 'TBA', 'start': '09:35'};{'day': 'Th', 'end': '10:50', 'location': 'TBA', 'start': '09:30'}","False","none, but one course in political science is recommended.","","1","X","20261","","Research","2026"
"0000172073","1.0","0000041693","PSCI","The American presidency is one of the most powerful political offices in the world. The actions and policies of U.S. presidents influence domestic governance, global affairs, and democratic institutions. This course examines the presidency's powers, constraints, and responsibilities, exploring the political processes that shape it. We analyze contemporary developments and historical trends, addressing key questions about nominations, institutional evolution, personal leadership, and the impact of social and economic forces, with a focus on the 21st-century presidency. Offered annually during spring semester.","13","3","4","3","3","SCS","Nganga, Kathleen","{'fsnum': '9005107', 'name': 'Nganga, Kathleen'}","200","24","","","","","American Presidency","","212","{'day': 'Tu', 'end': '13:10', 'location': 'HH 522', 'start': '23:45'};{'day': 'Th', 'end': '14:05', 'location': 'HH 522', 'start': '12:45'}","False","False","","1","O","20261","The American Presidency","Research","2026"
"0000169079","1.0","0000001113","PSCI","This course explores the diverse modes of inquiry in the discipline of political science. Broadly centered around the question, ""How do you know?,"" students focus on different methods of locating and collecting data, reviewing political texts and contested concepts, and constructing theoretical explanations of political phenomena. Offered each semester. Prerequisite: one previous course in department and a declared PSCI major. Non-majors may register with permission of instructor.","23","0","12","11","0","QCR","Schmotter, Caleb","{'fsnum': '9005159', 'name': 'Schmotter, Caleb'}","200","24","0","","","0","Analyzing Politics","For Political Science majors only.  Others may register with permission of the  ;instructor.  Open only to rising juniors and sophomores.","220","{'day': 'Mo', 'end': '12:45', 'location': 'HH 201', 'start': '23:50'};{'day': 'We', 'end': '12:45', 'location': 'HH 201', 'start': '23:50'};{'day': 'Fr', 'end': '12:45', 'location': 'HH 201', 'start': '23:50'}","False","one previous course in department and a declared PSCI major. Non-majors may register with permission of instructor.","","1","O","20261","Analyzing Politics and Policies","Research","2026"
"0000172561","0.5","0000043220","PSCI","This course allows students to serve on the editorial board of the Pi Sigma Alpha Undergraduate Journal of Politics, the national undergraduate journal of the political science honor society. Students learn how scholarly research is evaluated, revised, and prepared for publication by reviewing manuscripts and participating in editorial workflows. The course also introduces the norms of scholarly publishing. Students may take this course a second time, serving as Senior Editors, with enhanced leadership roles and editorial opportunities. Offered annually during fall and spring semesters. Prerequisites: Junior or senior standing, PSCI 220 and 2 additional political science courses, or instructor permission. Other interested students should reach out to the faculty member teaching the course.","10","0","3","0","7","OEP","Cilizoglu, Menevis","{'fsnum': '30090', 'name': 'Cilizoglu, Menevis'}","200","24","0","","0","","Editorial Lab: Politics in Print","","250","{'day': 'We', 'end': '10:00', 'location': 'RML 515', 'start': '08:30'}","False","Prerequisites: Junior or senior standing, PSCI 220 and 2 additional political science courses, or instructor permission. Other interested students should reach out to the faculty member teaching the course.","","1","O","20261","","Research","2026"
"0000169753","1.0","0000001122","PSCI","Some formerly developing countries have found the way to join the ranks of the industrialized nations, others have not. What explains the difference? By introducing students to theories of modernization, dependency, world systems, order, class, revolution, state, and political economy, the course attempts to provide the framework for answering this question. Also counts toward Latin American studies major and Latin American studies and business and management studies concentrations.","25","11","5","8","1","HBS;MCG;MCS-G","Thalhammer, Kris","{'fsnum': '8281', 'name': 'Thalhammer, Kris'}","200","27","","","","","Politics & Development","","252","{'day': 'Tu', 'end': '14:45', 'location': 'OM 010', 'start': '13:20'};{'day': 'Th', 'end': '15:35', 'location': 'OM 010', 'start': '14:15'}","False","False","","1","O","20261","Politics and Development","Research","2026"
"0000172629","1.0","0000001125","PSCI","Political parties have traditionally served to organize the American electoral process but not to govern. Is their role changing? This course examines party organization, candidate recruitment, campaign strategies, the role of the media, election financing, and citizen participation.","24","5","6","11","2","","Chapp, Chris B.","{'fsnum': '20181', 'name': 'Chapp, Chris B.'}","200","27","","","","","Parties & Elections","This course includes an academic civic engagement (ACE) component.","255","{'day': 'Tu', 'end': '11:00', 'location': 'TOH 114', 'start': '09:35'};{'day': 'Th', 'end': '10:50', 'location': 'TOH 114', 'start': '09:30'}","False","False","","1","O","20261","Political Parties and Elections","Research","2026"
"0000170132","1.0","0000001128","PSCI","The goal of this course is to expand students' knowledge of conflict, cooperation, trade, development, inequality, imperialism, and power in world politics. The course uses substantive examples to teach about issues and institutions in ""world politics"" and to examine appropriate mechanisms to understand and explain international phenomena. Also counts toward business and management studies concentration. Offered annually.","27","1","12","5","9","HBS;SCS","Schmotter, Caleb","{'fsnum': '9005159', 'name': 'Schmotter, Caleb'}","200","27","","","","","World Politics","","258","{'day': 'Mo', 'end': '13:50', 'location': 'HH 523', 'start': '12:55'};{'day': 'We', 'end': '13:50', 'location': 'HH 523', 'start': '12:55'};{'day': 'Fr', 'end': '13:50', 'location': 'HH 523', 'start': '12:55'}","False","False","","1","C","20261","","Research","2026"
"0000172074","1.0","0000001138","PSCI","Once the purview of diplomats and generals, international law has broken those narrow confines and is becoming a part of traditional practice in areas of business, environment, human rights, and criminal law. This course introduces students to this vast and changing subject from a liberal arts perspective, including its history, theory, and practice. Also counts toward international relations concentration.","25","4","4","16","1","GHS;HWC;ORC","Lott, Anthony","{'fsnum': '15825', 'name': 'Lott, Anthony'}","200","27","","","","","International Law","","285","{'day': 'Tu', 'end': '09:25', 'location': 'HH 434', 'start': '08:00'};{'day': 'Th', 'end': '09:20', 'location': 'HH 434', 'start': '08:00'}","False","False","","1","O","20261","","Research","2026"
"0000174532","1.0","0000001139","PSCI","Internships are available in a wide variety of public and private institutions including the state legislature, lobbying agencies, law firms, media organizations, corporate public affairs, and executive agencies.","1","0","1","0","0","OEP","Chapp, Chris B.","{'fsnum': '20181', 'name': 'Chapp, Chris B.'}","200","0","","","","","Academic Internship","","294","","True","False","A","1","C","20261","","Research","2026"
"0000172075","1.0","0000001143","PSCI","This research seminar examines foundational and contemporary questions in American politics through the lens of federalism and democratic governance. How does the federal structure shape political inequality, representation, and policy outcomes? What methodological approaches best illuminate the dynamics of American political institutions? Students will engage with both classic texts and cutting-edge empirical research, critically evaluating the methods scholars use to answer core questions about power, polarization, and democracy in the United States. The seminar emphasizes methodological literacy; students will assess how quantitative, qualitative, historical, and mixed-method approaches address central debates in the field. Through discussion leadership, peer review, and an original research project presented in conference format, students will develop skills essential for advanced study in political science. Prerequisites: PSCI 220 and one course in the subfield, or permission of instructor.","15","0","4","0","11","","Nganga, Kathleen","{'fsnum': '9005107', 'name': 'Nganga, Kathleen'}","300","15","0","","0","","Sem: Federalism as Foundation","This course is open only to rising seniors and juniors.                         ;Full topic title: Federalism as Foundation: Power, Policy, and Polarization in  ;U.S. Governance","311","{'day': 'Tu', 'end': '14:45', 'location': 'HH 429', 'start': '13:20'};{'day': 'Th', 'end': '15:35', 'location': 'HH 429', 'start': '14:15'}","False","Prerequisites: PSCI 220 and one course in the subfield, or permission of instructor.","","1","C","20261","Seminar in American Politics","Seminar","2026"
"0000172076","1.0","0000001144","PSCI","The International Relations Seminar this spring explores order and empire in international relations. Set against the backdrop of a rapidly changing world, each book explores a distinct vision of change and stability at key moments in global history. The course emphasizes the theoretical approaches scholars use to examine past, present, and future interactions between and among political entities. Students will submit a substantial research paper applying theoretical perspectives and historical insight on a topic agreed to with their instructor. Prerequisites: PSCI 220 and one course in the subfield, or permission of instructor.","15","0","4","0","11","","Lott, Anthony","{'fsnum': '15825', 'name': 'Lott, Anthony'}","300","15","0","","0","","Sem: International Relations","This course is open only to rising seniors and juniors.","321","{'day': 'Tu', 'end': '11:00', 'location': 'HH 429', 'start': '09:35'};{'day': 'Th', 'end': '10:50', 'location': 'HH 429', 'start': '09:30'}","False","Prerequisites: PSCI 220 and one course in the subfield, or permission of instructor.","","1","C","20261","Seminar in International Relations","Seminar","2026"
"0000169837","1.0","0000018786","PSCI","This course investigates entry control policy, integration and citizenship policy, and the political activities of migrants in the wealthy democracies. Alternative arguments emphasizing the role of economic interests, sovereignty, national identity, and gender are introduced. Opportunities for academic civic engagement projects are included in the course. Prerequisites: PSCI 220 and one course in the subfield, or permission of instructor.","14","0","8","0","6","WRI","Tegtmeyer Pak, Katherine S.","{'fsnum': '15754', 'name': 'Tegtmeyer Pak, Katherine S.'}","300","15","0","","0","","Sem: Immigration/Citizenship","This course is open only to rising seniors and juniors.                         ;This course includes an academic civic engagement (ACE) component.","350","{'day': 'Tu', 'end': '11:00', 'location': 'RNS 206', 'start': '09:35'};{'day': 'Th', 'end': '10:50', 'location': 'RNS 206', 'start': '09:30'}","False","Prerequisites: PSCI 220 and one course in the subfield, or permission of instructor.","","1","O","20261","Seminar: Immigration and Citizenship","Seminar","2026"
"0000169833","1.0","0000022813","PSCI","Individuals, communities, and organizations have found ways to address even the most egregious state abuses of human rights and other injustices. Using comparative analysis, this course considers cases and theories of nonviolent personal and political resistance and the factors that appear to contribute to people taking action and to successful responses. Students research and analyze cases of their choosing in light of the literature. Collectively students address an injustice, learning to research, network, strategize and take action over the course of the term. Prerequisites: PSCI 220 and at least one course in the subfield, or permission of instructor.","17","0","1","0","16","OEP","Thalhammer, Kris","{'fsnum': '8281', 'name': 'Thalhammer, Kris'}","300","15","0","","0","","Sem: Courageous Resistance","This course is open only to rising seniors and juniors.                         ;This course includes an academic civic engagement (ACE) component.","370","{'day': 'Tu', 'end': '13:10', 'location': 'OM 140', 'start': '23:45'};{'day': 'Th', 'end': '14:05', 'location': 'OM 140', 'start': '12:45'}","False","Prerequisites: PSCI 220 and at least one course in the subfield, or permission of instructor.","","1","C","20261","Seminar: Courageous Resistance to Injustice","Seminar","2026"
"0000172975","0.25","0000001151","PSCI","Students with ideas for internships are encouraged to approach instructors within the department in order to arrange supervision for credit. For Level III credit students must have successfully completed a Level II internship in the same area. Prerequisite: PSCI 294.","0","0","0","0","0","OEP","Lott, Anthony","{'fsnum': '15825', 'name': 'Lott, Anthony'}","300","0","","","","","Academic Internship","","394","","True","PSCI 294.","A","1","X","20261","","Research","2026"
"0000173373","0.25","0000001151","PSCI","Students with ideas for internships are encouraged to approach instructors within the department in order to arrange supervision for credit. For Level III credit students must have successfully completed a Level II internship in the same area. Prerequisite: PSCI 294.","0","0","0","0","0","OEP","Casson, Douglas J.","{'fsnum': '17420', 'name': 'Casson, Douglas J.'}","300","0","","","","","Academic Internship","","394","","True","PSCI 294.","B","1","C","20261","","Research","2026"
"0000169774","1.0","0000001154","PSYCH","This whirlwind introduction comprehensively examines foundational principles, theoretical approaches, and major areas of study within psychology. Acting as skeptical scientists, students gain another lens on the human experience by which they can better understand themselves and others. Students see psychology as a science and challenge ""common sense"" explanations about how people function. This gateway course captures the essence of the liberal arts, applying to almost any career choice. Offered each semester.","90","74","1","12","3","HBS;IST;NST;SCS","Nelson, Daniel R.","{'fsnum': '28151', 'name': 'Nelson, Daniel R.'}","100","90","","","","","Principles: Psych","","125","{'day': 'Mo', 'end': '11:40', 'location': 'RNS 150', 'start': '10:45'};{'day': 'We', 'end': '11:40', 'location': 'RNS 150', 'start': '10:45'};{'day': 'Fr', 'end': '11:40', 'location': 'RNS 150', 'start': '10:45'}","False","False","A","1","C","20261","Principles of Psychology","Research","2026"
"0000169775","1.0","0000001154","PSYCH","This whirlwind introduction comprehensively examines foundational principles, theoretical approaches, and major areas of study within psychology. Acting as skeptical scientists, students gain another lens on the human experience by which they can better understand themselves and others. Students see psychology as a science and challenge ""common sense"" explanations about how people function. This gateway course captures the essence of the liberal arts, applying to almost any career choice. Offered each semester.","90","45","2","42","1","HBS;IST;NST;SCS","Petok, Jess R.","{'fsnum': '26237', 'name': 'Petok, Jess R.'}","100","90","","","","","Principles: Psych","","125","{'day': 'Tu', 'end': '11:00', 'location': 'RNS 150', 'start': '09:35'};{'day': 'Th', 'end': '10:50', 'location': 'RNS 150', 'start': '09:30'}","False","False","B","1","C","20261","Principles of Psychology","Research","2026"
"0000169810","1.0","0000001158","PSYCH","This course prepares students with tools for understanding how research studies in psychology are conceptualized, designed, and ethically conducted, and how data is analyzed, interpreted, and disseminated. Students apply this understanding in independent and small group research projects. In the process, students develop critical reading, thinking, and scientific writing skills. Students attend lectures plus one two-hour laboratory per week. Offered each semester. Prerequisites: PSYCH 125, and STAT 110 or SDS 172 or ECON 260.","18","0","16","1","1","NTS;OEP;WRI","Benson, Jessica M.","{'fsnum': '30091', 'name': 'Benson, Jessica M.'}","200","18","","","","0","Research Methods","Students in Psych 230A must also register for Psych 230 AL.                     ;Prerequisite: completion of STAT 110, STAT 212 (now SDS 172), or ECON 260.","230","{'day': 'Mo', 'end': '10:00', 'location': 'RNS 131', 'start': '09:05'};{'day': 'We', 'end': '10:00', 'location': 'RNS 131', 'start': '09:05'};{'day': 'Fr', 'end': '10:00', 'location': 'RNS 131', 'start': '09:05'}","False","Prerequisites: PSYCH 125, and STAT 110 or SDS 172 or ECON 260.","A","1","C","20261","Research Methods in Psychology","Research","2026"
"0000169809","1.0","0000001158","PSYCH","This course prepares students with tools for understanding how research studies in psychology are conceptualized, designed, and ethically conducted, and how data is analyzed, interpreted, and disseminated. Students apply this understanding in independent and small group research projects. In the process, students develop critical reading, thinking, and scientific writing skills. Students attend lectures plus one two-hour laboratory per week. Offered each semester. Prerequisites: PSYCH 125, and STAT 110 or SDS 172 or ECON 260.","16","0","13","1","2","NTS;OEP;WRI","Valdesolo, Piercarlo","{'fsnum': '34014', 'name': 'Valdesolo, Piercarlo'}","200","18","","","","0","Research Methods","Students in Psych 230B must also register for Psych 230 BL.                     ;Prerequisite: completion of STAT 110, STAT 212 (now SDS 172), or ECON 260.","230","{'day': 'Tu', 'end': '09:25', 'location': 'RNS 131', 'start': '08:00'};{'day': 'Th', 'end': '09:20', 'location': 'RNS 131', 'start': '08:00'}","False","Prerequisites: PSYCH 125, and STAT 110 or SDS 172 or ECON 260.","B","1","O","20261","Research Methods in Psychology","Research","2026"
"0000169811","1.0","0000001158","PSYCH","This course prepares students with tools for understanding how research studies in psychology are conceptualized, designed, and ethically conducted, and how data is analyzed, interpreted, and disseminated. Students apply this understanding in independent and small group research projects. In the process, students develop critical reading, thinking, and scientific writing skills. Students attend lectures plus one two-hour laboratory per week. Offered each semester. Prerequisites: PSYCH 125, and STAT 110 or SDS 172 or ECON 260.","18","0","17","1","0","NTS;OEP","Valdesolo, Piercarlo","{'fsnum': '34014', 'name': 'Valdesolo, Piercarlo'}","200","18","","","","0","Research Methods","Students in Psych 230C must also register for Psych 230 CL.                     ;Prerequisite: completion of STAT 110, STAT 212 (now SDS 172), or ECON 260.","230","{'day': 'Tu', 'end': '11:00', 'location': 'RNS 131', 'start': '09:35'};{'day': 'Th', 'end': '10:50', 'location': 'RNS 131', 'start': '09:30'}","False","Prerequisites: PSYCH 125, and STAT 110 or SDS 172 or ECON 260.","C","1","C","20261","Research Methods in Psychology","Research","2026"
"0000169812","","0000026692","PSYCH","","18","0","16","1","1","","Benson, Jessica M.","{'fsnum': '30091', 'name': 'Benson, Jessica M.'}","200","18","","","","0","Research Methods Lab","","230","{'day': 'Th', 'end': '10:50', 'location': 'RNS 160C', 'start': '08:50'}","False","","A","1","C","20261","","Lab","2026"
"0000169813","","0000026692","PSYCH","","16","0","13","1","2","","Valdesolo, Piercarlo","{'fsnum': '34014', 'name': 'Valdesolo, Piercarlo'}","200","18","","","","0","Research Methods Lab","","230","{'day': 'We', 'end': '12:45', 'location': 'RNS 160C', 'start': '22:45'}","False","","B","1","O","20261","","Lab","2026"
"0000169814","","0000026692","PSYCH","","18","0","17","1","0","","Valdesolo, Piercarlo","{'fsnum': '34014', 'name': 'Valdesolo, Piercarlo'}","200","18","","","","0","Research Methods Lab","","230","{'day': 'We', 'end': '10:00', 'location': 'RNS 160C', 'start': '08:00'}","False","","C","1","C","20261","","Lab","2026"
"0000169221","1.0","0000001161","PSYCH","How do psychologists characterize the most basic aspects of the learning process? While some emphasis is on analysis of the behavioral viewpoint (Pavlov, Skinner), students also examine the ways current investigators apply these basic principles to problems in other fields. These include behavioral therapy for a variety of psychological disturbances, research on the neurobiology of drug reward, and analysis of consumer behavior. Students engage in hands-on activities as a part of the class to enhance their learning. Offered annually. Prerequisite: PSYCH 125.","26","0","17","1","8","NSL;NST","Dickinson, Shelly D.","{'fsnum': '15747', 'name': 'Dickinson, Shelly D.'}","200","26","","","","","Conditioning and Learning","","236","{'day': 'Mo', 'end': '10:00', 'location': 'RNS 290', 'start': '09:05'};{'day': 'We', 'end': '10:00', 'location': 'RNS 290', 'start': '09:05'};{'day': 'Fr', 'end': '10:00', 'location': 'RNS 290', 'start': '09:05'}","False","PSYCH 125.","","1","C","20261","","Research","2026"
"0000169210","1.0","0000001163","PSYCH","This survey of cognition examines how we acquire (perception, attention, learning), store (memory), communicate (language) and use knowledge (thinking, judgment, problem solving, decision making, creativity). Such issues influence how we educate people, evaluate eyewitnesses in court, convince consumers to buy products, and improve our memory or attention. Students will engage in hands-on activities as a part of the class to enhance our study of the mind. Offered annually. Prerequisite: PSYCH 125.","26","0","14","1","11","NSL;NST","Petok, Jess R.","{'fsnum': '26237', 'name': 'Petok, Jess R.'}","200","26","","","","","Cognitive Psychology","","237","{'day': 'Tu', 'end': '13:10', 'location': 'RNS 290', 'start': '23:45'};{'day': 'Th', 'end': '14:05', 'location': 'RNS 290', 'start': '12:45'}","False","PSYCH 125.","","1","C","20261","","Research","2026"
"0000169149","1.0","0000001165","PSYCH","How do biological factors influence fundamental aspects of psychology and behavior? In this course, students learn about relationships between the brain and behavior and use neuroanatomical, physiological, and biochemical levels of analysis to understand basic behavioral processes and systems, including sensation, movement, emotion, sleep and arousal, hunger, motivation, learning, and psychopathology. Offered each semester. Prerequisite: PSYCH 125, or BIO 123 and BIO 227.","25","0","12","10","3","IST;NST","Rivera, Brian","{'fsnum': '9005232', 'name': 'Rivera, Brian'}","200","26","","","","","Biopsychology","","238","{'day': 'Tu', 'end': '13:10', 'location': 'RNS 190', 'start': '23:45'};{'day': 'Th', 'end': '14:05', 'location': 'RNS 190', 'start': '12:45'}","False","PSYCH 125, or BIO 123 and BIO 227.","A","1","O","20261","","Research","2026"
"0000171782","1.0","0000001165","PSYCH","How do biological factors influence fundamental aspects of psychology and behavior? In this course, students learn about relationships between the brain and behavior and use neuroanatomical, physiological, and biochemical levels of analysis to understand basic behavioral processes and systems, including sensation, movement, emotion, sleep and arousal, hunger, motivation, learning, and psychopathology. Offered each semester. Prerequisite: PSYCH 125, or BIO 123 and BIO 227.","25","1","9","11","4","IST;NST","Rivera, Brian","{'fsnum': '9005232', 'name': 'Rivera, Brian'}","200","26","","","","","Biopsychology","","238","{'day': 'Tu', 'end': '14:45', 'location': 'RNS 190', 'start': '13:20'};{'day': 'Th', 'end': '15:35', 'location': 'RNS 190', 'start': '14:15'}","False","PSYCH 125, or BIO 123 and BIO 227.","B","1","O","20261","","Research","2026"
"0000171783","1.0","0000001168","PSYCH","This course helps students better understand human development from the moment of conception and across the life span. The course focuses on biological and environmental factors that shape human development. Major changes in physical, cognitive, personality and social development are discussed. Offered each semester. Prerequisite: PSYCH 125.","26","0","22","3","1","HBS;SCS","Gross, Dana","{'fsnum': '2768', 'name': 'Gross, Dana'}","200","26","","","","0","Developmental Psych","Not open to rising seniors.","241","{'day': 'Mo', 'end': '13:50', 'location': 'RNS 190', 'start': '12:55'};{'day': 'We', 'end': '13:50', 'location': 'RNS 190', 'start': '12:55'};{'day': 'Fr', 'end': '13:50', 'location': 'RNS 190', 'start': '12:55'}","False","PSYCH 125.","A","1","C","20261","Developmental Psychology","Research","2026"
"0000169235","1.0","0000001168","PSYCH","This course helps students better understand human development from the moment of conception and across the life span. The course focuses on biological and environmental factors that shape human development. Major changes in physical, cognitive, personality and social development are discussed. Offered each semester. Prerequisite: PSYCH 125.","26","0","9","16","1","HBS;SCS","Cho, Grace E.","{'fsnum': '20130', 'name': 'Cho, Grace E.'}","200","26","","","","0","Developmental Psych","Not open to rising seniors.","241","{'day': 'Tu', 'end': '09:25', 'location': 'RNS 190', 'start': '08:00'};{'day': 'Th', 'end': '09:20', 'location': 'RNS 190', 'start': '08:00'}","False","PSYCH 125.","B","1","C","20261","Developmental Psychology","Research","2026"
"0000169236","1.0","0000001168","PSYCH","This course helps students better understand human development from the moment of conception and across the life span. The course focuses on biological and environmental factors that shape human development. Major changes in physical, cognitive, personality and social development are discussed. Offered each semester. Prerequisite: PSYCH 125.","26","0","5","21","0","HBS;SCS","Cho, Grace E.","{'fsnum': '20130', 'name': 'Cho, Grace E.'}","200","26","","","","0","Developmental Psych","Not open to rising seniors.","241","{'day': 'Tu', 'end': '11:00', 'location': 'RNS 190', 'start': '09:35'};{'day': 'Th', 'end': '10:50', 'location': 'RNS 190', 'start': '09:30'}","False","PSYCH 125.","C","1","C","20261","Developmental Psychology","Research","2026"
"0000169237","1.0","0000001168","PSYCH","This course helps students better understand human development from the moment of conception and across the life span. The course focuses on biological and environmental factors that shape human development. Major changes in physical, cognitive, personality and social development are discussed. Offered each semester. Prerequisite: PSYCH 125.","26","0","14","12","0","HBS;SCS","Cho, Grace E.","{'fsnum': '20130', 'name': 'Cho, Grace E.'}","200","26","","","","0","Developmental Psych","Not open to rising seniors.","241","{'day': 'Tu', 'end': '13:10', 'location': 'RNS 390', 'start': '23:45'};{'day': 'Th', 'end': '14:05', 'location': 'RNS 390', 'start': '12:45'}","False","PSYCH 125.","D","1","C","20261","Developmental Psychology","Research","2026"
"0000169779","1.0","0000001177","PSYCH","Students examine theories of normal personality development in an effort to understand the factors that shape personality. Is personality biologically determined? Is it a result of interpersonal experiences, learning and reinforcement? Are other factors involved as well? Students investigate prominent personality theories and research and their conceptualizations of this fundamental aspect of human experience. Offered annually. Prerequisite: PSYCH 125.","26","0","8","11","7","HBS;SCS","Ausherbauer, Kadie","{'fsnum': '34068', 'name': 'Ausherbauer, Kadie'}","200","26","","","","","Psych of Personality","","244","{'day': 'Mo', 'end': '11:40', 'location': 'OM 010', 'start': '10:45'};{'day': 'We', 'end': '11:40', 'location': 'OM 010', 'start': '10:45'};{'day': 'Fr', 'end': '11:40', 'location': 'OM 010', 'start': '10:45'}","False","PSYCH 125.","A","1","C","20261","Psychology of Personality","Research","2026"
"0000169780","1.0","0000001177","PSYCH","Students examine theories of normal personality development in an effort to understand the factors that shape personality. Is personality biologically determined? Is it a result of interpersonal experiences, learning and reinforcement? Are other factors involved as well? Students investigate prominent personality theories and research and their conceptualizations of this fundamental aspect of human experience. Offered annually. Prerequisite: PSYCH 125.","25","3","8","13","1","HBS;SCS","Ausherbauer, Kadie","{'fsnum': '34068', 'name': 'Ausherbauer, Kadie'}","200","26","","","","","Psych of Personality","","244","{'day': 'Mo', 'end': '12:45', 'location': 'OM 010', 'start': '23:50'};{'day': 'We', 'end': '12:45', 'location': 'OM 010', 'start': '23:50'};{'day': 'Fr', 'end': '12:45', 'location': 'OM 010', 'start': '23:50'}","False","PSYCH 125.","B","1","O","20261","Psychology of Personality","Research","2026"
"0000169783","1.0","0000001176","PSYCH","Why are certain experiences or patterns of behavior considered psychologically ""abnormal?"" Students investigate a wide array of psychological disorders, including anxiety disorders, depression, eating disorders, and schizophrenia. Students examine models used to conceptualize abnormal behavior, as well as current evidence and theories regarding the etiology and treatment of these important and sometimes devastating disorders. Offered each semester. Prerequisite: PSYCH 125.","26","0","8","16","2","HBS;SCS","Howard, Lindsay","{'fsnum': '9006209', 'name': 'Howard, Lindsay'}","200","26","","","","","Psychopathology","","247","{'day': 'Mo', 'end': '08:55', 'location': 'TOH 310', 'start': '08:00'};{'day': 'We', 'end': '08:55', 'location': 'TOH 310', 'start': '08:00'};{'day': 'Fr', 'end': '08:55', 'location': 'TOH 310', 'start': '08:00'}","False","PSYCH 125.","A","1","C","20261","","Research","2026"
"0000169782","1.0","0000001176","PSYCH","Why are certain experiences or patterns of behavior considered psychologically ""abnormal?"" Students investigate a wide array of psychological disorders, including anxiety disorders, depression, eating disorders, and schizophrenia. Students examine models used to conceptualize abnormal behavior, as well as current evidence and theories regarding the etiology and treatment of these important and sometimes devastating disorders. Offered each semester. Prerequisite: PSYCH 125.","26","0","12","7","7","HBS;SCS","Howard, Lindsay","{'fsnum': '9006209', 'name': 'Howard, Lindsay'}","200","26","","","","","Psychopathology","","247","{'day': 'Mo', 'end': '10:00', 'location': 'TOH 310', 'start': '09:05'};{'day': 'We', 'end': '10:00', 'location': 'TOH 310', 'start': '09:05'};{'day': 'Fr', 'end': '10:00', 'location': 'TOH 310', 'start': '09:05'}","False","PSYCH 125.","B","1","C","20261","","Research","2026"
"0000169781","1.0","0000001176","PSYCH","Why are certain experiences or patterns of behavior considered psychologically ""abnormal?"" Students investigate a wide array of psychological disorders, including anxiety disorders, depression, eating disorders, and schizophrenia. Students examine models used to conceptualize abnormal behavior, as well as current evidence and theories regarding the etiology and treatment of these important and sometimes devastating disorders. Offered each semester. Prerequisite: PSYCH 125.","26","0","8","10","8","HBS;SCS","McKenney, Erin E.","{'fsnum': '9006229', 'name': 'McKenney, Erin E.'}","200","26","","","","","Psychopathology","","247","{'day': 'Tu', 'end': '13:10', 'location': 'RNS 150', 'start': '23:45'};{'day': 'Th', 'end': '14:05', 'location': 'RNS 150', 'start': '12:45'}","False","PSYCH 125.","C","1","C","20261","","Research","2026"
"0000169901","1.0","0000001170","PSYCH","Why are people prejudiced and how can we reduce prejudice? Why do people help others? What is self-esteem and how do we defend it? How does romantic attraction develop? What are emotions and how do they influence us? In this introduction to the ways people interact and think about each other, students design their own theories of social behavior. Offered annually. Prerequisite: PSYCH 125.","26","1","14","1","10","HBS;SCS","Benson, Jessica M.","{'fsnum': '30091', 'name': 'Benson, Jessica M.'}","200","26","","","","","Social Psychology","","249","{'day': 'Mo', 'end': '11:40', 'location': 'RNS 190', 'start': '10:45'};{'day': 'We', 'end': '11:40', 'location': 'RNS 190', 'start': '10:45'};{'day': 'Fr', 'end': '11:40', 'location': 'RNS 190', 'start': '10:45'}","False","PSYCH 125.","","1","C","20261","","Research","2026"
"0000171826","1.0","0000001172","PSYCH","Students apply psychological facts and principles to the problems that permeate business and industry. Topics include organizational structure, personnel management, employee-supervisor relationships, job satisfaction and motivation, communication and leadership. Offered periodically. Prerequisite: PSYCH 125.","12","2","4","2","4","","Erickson, Anna","{'fsnum': '27234', 'name': 'Erickson, Anna'}","200","24","","","","","Indust/Org Psychology","","250","{'day': 'Th', 'end': '21:00', 'location': 'RNS 190', 'start': '18:00'}","False","PSYCH 125.","","1","O","20261","Industrial/Organizational Psychology","Research","2026"
"0000172329","1.0","0000027059","PSYCH","This course examines the thoughts, feelings, and behaviors of individuals in the context of physical activity and how psychological factors affect and are affected by involvement and performance in sport and exercise. Students study theory and research as well as apply principles of sport psychology, drawing from the fields of both psychology and kinesiology. Students explore current issues as well as major topics in the area, such as motivation, leadership, and team dynamics. Offered periodically. Prerequisite: PSYCH 125 or KINES 195.","32","0","10","5","17","","Wahl, Carly A.","{'fsnum': '9006213', 'name': 'Wahl, Carly A.'}","200","32","","","","","Sport and Exercise Psych","","251","{'day': 'Tu', 'end': '11:00', 'location': 'SAC 112', 'start': '09:35'};{'day': 'Th', 'end': '10:50', 'location': 'SAC 112', 'start': '09:30'}","False","PSYCH 125 or KINES 195.","","1","C","20261","Sport and Exercise Psychology","Research","2026"
"0000174528","1.0","0000001178","PSYCH","","1","0","0","0","1","OEP","Gross, Dana","{'fsnum': '2768', 'name': 'Gross, Dana'}","200","0","","","","","Academic Internship","","294","","True","","A","1","C","20261","","Research","2026"
"0000174271","0.25","0000036007","PSYCH","The Research Experience course gives students credit for research experiences in the lab of a psychology department faculty member. Emphasis is placed on the iterative process of experimentation and analysis in ongoing faculty research projects. P/N. Offered annually. Does not count toward psychology major requirements. Prerequisite: PSYCH 125, at least one additional course in the department, and permission of instructor.","3","0","2","0","1","","Loebach, Jeremy","{'fsnum': '21097', 'name': 'Loebach, Jeremy'}","200","0","","","","","Research Experience (.25, .5, 1.0)","","297","","True","PSYCH 125, at least one additional course in the department, and permission of instructor.","A","1","C","20261","Research Experience","Research","2026"
"0000174272","0.5","0000036007","PSYCH","The Research Experience course gives students credit for research experiences in the lab of a psychology department faculty member. Emphasis is placed on the iterative process of experimentation and analysis in ongoing faculty research projects. P/N. Offered annually. Does not count toward psychology major requirements. Prerequisite: PSYCH 125, at least one additional course in the department, and permission of instructor.","1","0","0","0","1","","Loebach, Jeremy","{'fsnum': '21097', 'name': 'Loebach, Jeremy'}","200","0","","","","","Research Experience (.25, .5, 1.0)","","297","","True","PSYCH 125, at least one additional course in the department, and permission of instructor.","B","1","C","20261","Research Experience","Research","2026"
"0000169209","1.0","0000026711","PSYCH","Cognitive neuroscience investigates the biological bases of higher order cognition and complex human behavior (or more simply put, how the brain enables the mind). Discussion topics include the methodologies of cognitive neuroscience, perception, attention, learning, memory, language, executive function, emotion, development, social cognition, and consciousness. Offered periodically. Prerequisites: PSYCH 230, or PSYCH 238 and NEURO 239.","16","0","0","0","16","IST;ORC","Loebach, Jeremy","{'fsnum': '21097', 'name': 'Loebach, Jeremy'}","300","16","0","0","0","","Cognitive Neuroscience","Open only to rising seniors.","339","{'day': 'Mo', 'end': '14:55', 'location': 'RNS 160C', 'start': '14:00'};{'day': 'We', 'end': '14:55', 'location': 'RNS 160C', 'start': '14:00'};{'day': 'Fr', 'end': '14:55', 'location': 'RNS 160C', 'start': '14:00'}","False","Prerequisites: PSYCH 230, or PSYCH 238 and NEURO 239.","","1","C","20261","","Research","2026"
"0000171784","1.0","0000017586","PSYCH","This seminar examines development from birth to age three. Topics include prenatal development, birth and the newborn, physical and motor development, caregiver relationships, infant mental health, cognition, and language development. Students explore questions such as: How long-lasting are the effects of early experiences? How do diverse cultural contexts influence early development? Course format is primarily discussion-based and includes community-based experiential learning projects. Offered annually. Prerequisites: PSYCH 230 and PSYCH 241 or permission of instructor.","17","0","1","0","16","OEP;ORC","Gross, Dana","{'fsnum': '2768', 'name': 'Gross, Dana'}","300","17","","","","","Infant Development","This course includes an academic civic engagement (ACE) component.","341","{'day': 'Mo', 'end': '11:40', 'location': 'RNS 131', 'start': '10:45'};{'day': 'We', 'end': '11:40', 'location': 'RNS 131', 'start': '10:45'};{'day': 'Fr', 'end': '11:40', 'location': 'RNS 131', 'start': '10:45'}","False","Prerequisites: PSYCH 230 and PSYCH 241 or permission of instructor.","","1","C","20261","Infant Behavior and Development","Research","2026"
"0000169208","1.0","0000001181","PSYCH","This course examines several major theoretical perspectives on psychotherapy. Students review empirically supported treatments for specific clinical disorders, as well as ""nonspecific"" factors that affect the therapeutic process. Students explore ethical and legal challenges related to psychotherapy delivery, as well as multicultural and other diversity issues. Course format is primarily discussion-based. Offered annually. Prerequisites: junior or senior standing and PSYCH 230, and PSYCH 244 or PSYCH 247.","17","0","0","0","17","","McKenney, Erin E.","{'fsnum': '9006229', 'name': 'McKenney, Erin E.'}","300","17","0","0","0","","Clinical/Counseling Psych","Open only to rising seniors.","375","{'day': 'Tu', 'end': '14:45', 'location': 'RNS 124', 'start': '13:20'};{'day': 'Th', 'end': '15:35', 'location': 'RNS 124', 'start': '14:15'}","False","Prerequisites: junior or senior standing and PSYCH 230, and PSYCH 244 or PSYCH 247.","","1","C","20261","Clinical and Counseling Psychology","Research","2026"
"0000169832","1.0","0000001186","PSYCH","Seminars allow in-depth study of particular themes or topics in psychology. See department Website for descriptions and additional prerequisites. Offered annually. May be repeated if topic is different. Prerequisite: PSYCH 230.","17","0","0","0","17","","Kochendorfer, Logan B.","{'fsnum': '9005138', 'name': 'Kochendorfer, Logan B.'}","300","17","0","0","0","","Sem: Close Relat Across Lifespan","Full topic title: Seminar: Close Relationships Across the Lifespan              ;Prerequisite: PSYCH 230 and either PSYCH 241 or PSYCH 249                       ;Open only to rising seniors.","390","{'day': 'Mo', 'end': '12:45', 'location': 'RNS 124', 'start': '23:50'};{'day': 'We', 'end': '12:45', 'location': 'RNS 124', 'start': '23:50'};{'day': 'Fr', 'end': '12:45', 'location': 'RNS 124', 'start': '23:50'}","False","PSYCH 230.","A","1","C","20261","Issues in Psychology","Seminar","2026"
"0000171785","1.0","0000001186","PSYCH","This seminar trains students to process and interpret electroencephalography (EEG) and event-related potential (ERP) data using MATLAB. The course has two tracks: an ERP Theory track in which students lead discussions on major ERP components -- their cognitive significance, neural generators, and research applications -- and a Technical Skills track consisting of weekly MATLAB labs that walk students through the complete EEG/ERP processing pipeline, from raw data to publication-quality figures. Students work with real electrophysiological recordings from the ERP CORE dataset and complete a final project in which they conduct a full ERP analysis of an assigned component. Prerequisites: PSYCH 125 and PSYCH 230.","6","0","2","0","4","","Rivera, Brian","{'fsnum': '9005232', 'name': 'Rivera, Brian'}","300","17","","","","","Sem: Electrophys of Complex Cognit","Full topic title: Electrophysiology of Complex Cognition                        ;Prerequisites: PSYCH 125 and PSYCH 230.","390","{'day': 'Tu', 'end': '11:00', 'location': 'RNS 124', 'start': '09:35'};{'day': 'Th', 'end': '10:50', 'location': 'RNS 124', 'start': '09:30'}","False","Prerequisites: PSYCH 125 and PSYCH 230.","B","1","O","20261","Issues in Psychology","Seminar","2026"
"0000169987","1.0","0000038474","PSYCH","This project-based course allows students to explore advanced research areas in Psychology. Dedicated student and faculty collaborative research and experiential learning opportunities allow in-depth study of particular themes or topics in psychology. Topics vary with faculty leading the course and may complement 200 level course offerings. May be repeated if the topic is different. Counts towards Neurosciences or Linguistics concentrations depending on topic. Offered annually. See department website for descriptions and additional prerequisites for specific courses. Prerequisite: PSYCH 230.","15","0","5","0","10","OEP","Kochendorfer, Logan B.","{'fsnum': '9005138', 'name': 'Kochendorfer, Logan B.'}","300","17","","","","","Top: Advanced Research Collaboratio","Prerequisites: PSYCH 230 and either PSYCH 241 or PSYCH 249.","393","{'day': 'Mo', 'end': '14:55', 'location': 'RNS 124', 'start': '14:00'};{'day': 'We', 'end': '14:55', 'location': 'RNS 124', 'start': '14:00'};{'day': 'Fr', 'end': '14:55', 'location': 'RNS 124', 'start': '14:00'}","False","PSYCH 230.","","1","O","20261","Advanced Research Collaborations","Topic","2026"
"0000174530","1.0","0000001188","PSYCH","","0","0","0","0","0","OEP","Gross, Dana","{'fsnum': '2768', 'name': 'Gross, Dana'}","300","0","","","","","Academic Internship","","394","","True","","A","1","X","20261","","Research","2026"
"0000169349","1.0","0000000531","QUEST","Students explore the philosophy, arts, and religion of the Ancient Mediterranean through works of the Babylonians, Israelites, and Greeks, usually including the Epic of Gilgamesh, Homer, Plato, Aristotle, Sappho, Sophocles, and the Hebrew Bible, with modern criticism providing context. This course requires close reading of texts, critical analysis, engaged discussion, and learning in community. Students complete an intensive research project and reflect on the liberal arts and their positions as modern students of ancient texts. Offered annually in the fall semester.","22","22","0","0","0","FYS","Helms, Kyle","{'fsnum': '30106', 'name': 'Helms, Kyle'}","100","22","","","","","Heroes, Gods, and Monsters","Open to Enduring Questions students only.","113","{'day': 'Mo', 'end': '13:50', 'location': 'OM 110', 'start': '12:55'};{'day': 'We', 'end': '13:50', 'location': 'OM 110', 'start': '12:55'};{'day': 'Fr', 'end': '13:50', 'location': 'OM 110', 'start': '12:55'}","False","False","A","1","C","20261","","Research","2026"
"0000169346","1.0","0000000531","QUEST","Students explore the philosophy, arts, and religion of the Ancient Mediterranean through works of the Babylonians, Israelites, and Greeks, usually including the Epic of Gilgamesh, Homer, Plato, Aristotle, Sappho, Sophocles, and the Hebrew Bible, with modern criticism providing context. This course requires close reading of texts, critical analysis, engaged discussion, and learning in community. Students complete an intensive research project and reflect on the liberal arts and their positions as modern students of ancient texts. Offered annually in the fall semester.","21","21","0","0","0","FYS","Simpson-Younger, Nancy","{'fsnum': '15225', 'name': 'Simpson-Younger, Nancy'}","100","22","","0","0","0","Heroes, Gods, and Monsters","Open to Enduring Questions students only.","113","{'day': 'Mo', 'end': '13:50', 'location': 'OM 305', 'start': '12:55'};{'day': 'We', 'end': '13:50', 'location': 'OM 305', 'start': '12:55'};{'day': 'Fr', 'end': '13:50', 'location': 'OM 305', 'start': '12:55'}","False","False","B","1","C","20261","","Research","2026"
"0000169347","1.0","0000000531","QUEST","Students explore the philosophy, arts, and religion of the Ancient Mediterranean through works of the Babylonians, Israelites, and Greeks, usually including the Epic of Gilgamesh, Homer, Plato, Aristotle, Sappho, Sophocles, and the Hebrew Bible, with modern criticism providing context. This course requires close reading of texts, critical analysis, engaged discussion, and learning in community. Students complete an intensive research project and reflect on the liberal arts and their positions as modern students of ancient texts. Offered annually in the fall semester.","19","19","0","0","0","FYS","Wells, Colin","{'fsnum': '8973', 'name': 'Wells, Colin'}","100","22","","0","0","0","Heroes, Gods, and Monsters","Open to Enduring Questions students only.","113","{'day': 'Mo', 'end': '13:50', 'location': 'OM 310', 'start': '12:55'};{'day': 'We', 'end': '13:50', 'location': 'OM 310', 'start': '12:55'};{'day': 'Fr', 'end': '13:50', 'location': 'OM 310', 'start': '12:55'}","False","False","C","1","O","20261","","Research","2026"
"0000169348","1.0","0000000531","QUEST","Students explore the philosophy, arts, and religion of the Ancient Mediterranean through works of the Babylonians, Israelites, and Greeks, usually including the Epic of Gilgamesh, Homer, Plato, Aristotle, Sappho, Sophocles, and the Hebrew Bible, with modern criticism providing context. This course requires close reading of texts, critical analysis, engaged discussion, and learning in community. Students complete an intensive research project and reflect on the liberal arts and their positions as modern students of ancient texts. Offered annually in the fall semester.","22","22","0","0","0","FYS","Wilson, Charles","{'fsnum': '9090', 'name': 'Wilson, Charles'}","100","22","","0","0","0","Heroes, Gods, and Monsters","Open to Enduring Questions students only.","113","{'day': 'Mo', 'end': '13:50', 'location': 'OM 140', 'start': '12:55'};{'day': 'We', 'end': '13:50', 'location': 'OM 140', 'start': '12:55'};{'day': 'Fr', 'end': '13:50', 'location': 'OM 140', 'start': '12:55'}","False","False","D","1","C","20261","","Research","2026"
"0000169852","","0000036610","QUEST","","22","22","0","0","0","","Staff","{'fsnum': '', 'name': 'Staff'}","100","22","","","","","SOAR Discussion","SOAR Discussion meets on September 17, October 1, 15, 22, November 5 and 19.","113","{'day': 'Th', 'end': '12:30', 'location': 'OM 340', 'start': '23:30'}","False","","A","1","C","20261","","Discussion","2026"
"0000169853","","0000036610","QUEST","","21","21","0","0","0","","Staff","{'fsnum': '', 'name': 'Staff'}","100","22","","","","","SOAR Discussion","SOAR Discussion meets on September 17, October 1, 15, 22, November 5 and 19.","113","{'day': 'Th', 'end': '12:30', 'location': 'OM 110', 'start': '23:30'}","False","","B","1","O","20261","","Discussion","2026"
"0000169854","","0000036610","QUEST","","19","19","0","0","0","","Staff","{'fsnum': '', 'name': 'Staff'}","100","22","","","","","SOAR Discussion","SOAR Discussion meets on September 17, October 1, 15, 22, November 5 and 19.","113","{'day': 'Th', 'end': '12:30', 'location': 'OM 210', 'start': '23:30'}","False","","C","1","O","20261","","Discussion","2026"
"0000169855","","0000036610","QUEST","","22","22","0","0","0","","Staff","{'fsnum': '', 'name': 'Staff'}","100","22","","","","","SOAR Discussion","SOAR Discussion meets on September 17, October 1, 15, 22, November 5 and 19.","113","{'day': 'Th', 'end': '12:30', 'location': 'OM 310', 'start': '23:30'}","False","","D","1","C","20261","","Discussion","2026"
"0000172077","1.0","0000000534","QUEST","Covering the period from 1600 to 1900, this course examines themes of explorers, rationalists, and revolutionaries across cultural spheres including Western Europe, Russia, China, and the Americas. Students explore how emerging forms of thought inspired social movements, advocated intellectual and political liberation, but also contributed to colonization, political exclusion, and slavery, questioning: ""What constitutes knowledge?"" ""How should a government use its power justly?"" and ""How can one achieve freedom and equality within the modern state?"" Prerequisites: QUEST 116.","19","0","0","19","0","ALS-L;GHS;WAC","Al Atiyat, Ibtesam","{'fsnum': '21084', 'name': 'Al Atiyat, Ibtesam'}","200","20","0","0","","0","Explorers, Rationalists, Revolution","Open to Enduring Questions students only.","217","{'day': 'Mo', 'end': '12:45', 'location': 'OM 140', 'start': '23:50'};{'day': 'We', 'end': '12:45', 'location': 'OM 140', 'start': '23:50'};{'day': 'Fr', 'end': '12:45', 'location': 'OM 140', 'start': '23:50'}","False","Prerequisites: QUEST 116.","A","1","C","20261","Explorers, Rationalists, Revolutionaries","Research","2026"
"0000172078","1.0","0000000534","QUEST","Covering the period from 1600 to 1900, this course examines themes of explorers, rationalists, and revolutionaries across cultural spheres including Western Europe, Russia, China, and the Americas. Students explore how emerging forms of thought inspired social movements, advocated intellectual and political liberation, but also contributed to colonization, political exclusion, and slavery, questioning: ""What constitutes knowledge?"" ""How should a government use its power justly?"" and ""How can one achieve freedom and equality within the modern state?"" Prerequisites: QUEST 116.","19","0","0","19","0","ALS-L;GHS;WAC","Farnham, Daniel","{'fsnum': '33080', 'name': 'Farnham, Daniel'}","200","20","0","0","","0","Explorers, Rationalists, Revolution","Open to Enduring Questions students only.","217","{'day': 'Mo', 'end': '12:45', 'location': 'OM 110', 'start': '23:50'};{'day': 'We', 'end': '12:45', 'location': 'OM 110', 'start': '23:50'};{'day': 'Fr', 'end': '12:45', 'location': 'OM 110', 'start': '23:50'}","False","Prerequisites: QUEST 116.","B","1","C","20261","Explorers, Rationalists, Revolutionaries","Research","2026"
"0000172079","1.0","0000000534","QUEST","Covering the period from 1600 to 1900, this course examines themes of explorers, rationalists, and revolutionaries across cultural spheres including Western Europe, Russia, China, and the Americas. Students explore how emerging forms of thought inspired social movements, advocated intellectual and political liberation, but also contributed to colonization, political exclusion, and slavery, questioning: ""What constitutes knowledge?"" ""How should a government use its power justly?"" and ""How can one achieve freedom and equality within the modern state?"" Prerequisites: QUEST 116.","0","0","0","0","0","ALS-L;GHS;WAC","Staff","{'fsnum': '', 'name': 'Staff'}","200","20","0","0","","0","Explorers, Rationalists, Revolution","Open to Enduring Questions students only.","217","{'day': 'Mo', 'end': '12:45', 'location': 'OM 020', 'start': '23:50'};{'day': 'We', 'end': '12:45', 'location': 'OM 020', 'start': '23:50'};{'day': 'Fr', 'end': '12:45', 'location': 'OM 020', 'start': '23:50'}","False","Prerequisites: QUEST 116.","C","1","X","20261","Explorers, Rationalists, Revolutionaries","Research","2026"
"0000169516","1.0","0000027324","RACE","This course provides an introduction to critical concepts and key readings about race and racism that are important to the field of Ethnic Studies. Focusing on identities and communities, students learn about racial formation and difference in U.S. and comparative cultural and historical contexts. How does race intersect with class, gender, nation, and sexuality to produce privileges and oppressions? Students survey the emergence of Ethnic Studies through literary texts including art, creative writing, film, music, popular culture, and/or the sciences to become acquainted with interdisciplinary approaches and how concerns for racial equity and social justice formed this academic field. Offered annually.","23","1","7","6","9","ALS-L;CRE;MCD;PAR;WRI","Malaver, Lau M.","{'fsnum': '35077', 'name': 'Malaver, Lau M.'}","100","22","","5","5","8","Intro to Race and Ethnic Studies","This course is required for the Race and Ethnic Studies major and concentration.;RACE majors and concentrators may pre-register by contacting AAA.               ;This course has class-year limits.","121","{'day': 'Mo', 'end': '10:00', 'location': 'RML 421', 'start': '09:05'};{'day': 'We', 'end': '10:00', 'location': 'RML 421', 'start': '09:05'};{'day': 'Fr', 'end': '10:00', 'location': 'RML 421', 'start': '09:05'}","False","False","A","1","C","20261","Introduction to Race and Ethnic Studies","Research","2026"
"0000169517","1.0","0000027324","RACE","This course provides an introduction to critical concepts and key readings about race and racism that are important to the field of Ethnic Studies. Focusing on identities and communities, students learn about racial formation and difference in U.S. and comparative cultural and historical contexts. How does race intersect with class, gender, nation, and sexuality to produce privileges and oppressions? Students survey the emergence of Ethnic Studies through literary texts including art, creative writing, film, music, popular culture, and/or the sciences to become acquainted with interdisciplinary approaches and how concerns for racial equity and social justice formed this academic field. Offered annually.","23","2","6","8","7","ALS-L;CRE;MCD;PAR;WRI","Awwad, Megan","{'fsnum': '9006207', 'name': 'Awwad, Megan'}","100","22","","7","7","5","Intro to Race and Ethnic Studies","This course is required for the Race and Ethnic Studies major and concentration.;RACE majors and concentrators may pre-register by contacting AAA.               ;This course has class-year limits.","121","{'day': 'Mo', 'end': '11:40', 'location': 'TB 227', 'start': '10:45'};{'day': 'We', 'end': '11:40', 'location': 'TB 227', 'start': '10:45'};{'day': 'Fr', 'end': '11:40', 'location': 'TB 227', 'start': '10:45'}","False","False","B","1","C","20261","Introduction to Race and Ethnic Studies","Research","2026"
"0000172562","1.0","0000043136","RACE","This course examines how U.S. citizenship is shaped by race and intersecting relations of labor, class, gender, and sexuality. Students analyze how citizenship defines inclusion and exclusion across national and local contexts from the nineteenth century to the present. Through interdisciplinary perspectives, students explore racialized histories of rights, state power, and violence while considering alternative visions of belonging, justice, and equity emerging from critical ethnic studies. Offered alternate years during fall semester.","25","0","12","0","13","GHS;PAR","Malaver, Lau M.","{'fsnum': '35077', 'name': 'Malaver, Lau M.'}","200","24","","","","","Race & Citizenship","","235","{'day': 'Mo', 'end': '11:40', 'location': 'RML 421', 'start': '10:45'};{'day': 'We', 'end': '11:40', 'location': 'RML 421', 'start': '10:45'};{'day': 'Fr', 'end': '11:40', 'location': 'RML 421', 'start': '10:45'}","False","False","","1","C","20261","","Research","2026"
"0000169791","1.0","0000037533","RAMAT","Race Matters is a three-course, interdisciplinary learning community for first-year students that focuses on race, ethnicity, and related matters (such as gender, sexuality, class, and religion) in the twenty-first century with a general though not exclusive focus on the United States. The thoroughly integrated curriculum of these three courses bridges the humanities and the social sciences, offering students a deep and broad engagement with race and ethnicity in the contemporary world. This course is the first course in the three-course Race Matters Sequence. All students who commit to this course are also committing to enroll in SOAN 121 during January Term and RAMAT 130 during Spring. RAMAT 110 is offered annually in the fall semester.","11","11","0","0","0","FYS","Janak, Jaden","{'fsnum': '35033', 'name': 'Janak, Jaden'}","100","20","20","0","0","0","Race Matters - First-Year Seminar","Open to Race Matters students only.                                             ;This course includes an academic civic engagement (ACE) component.","110","{'day': 'Tu', 'end': '14:45', 'location': 'OM 110', 'start': '13:20'};{'day': 'Th', 'end': '15:35', 'location': 'OM 110', 'start': '14:15'}","False","False","","1","O","20261","Race Matters","Research","2026"
"0000169887","","0000037538","RAMAT","Race Matters is a three-course, interdisciplinary learning community for first-year students that focuses on race, ethnicity, and related matters (such as gender, sexuality, class, and religion) in the twenty-first century with a general though not exclusive focus on the United States. The thoroughly integrated curriculum of these three courses bridges the humanities and the social sciences, offering students a deep and broad engagement with race and ethnicity in the contemporary world. This course is the first course in the three-course Race Matters Sequence. All students who commit to this course are also committing to enroll in SOAN 121 during January Term and RAMAT 130 during Spring. RAMAT 110 is offered annually in the fall semester.","11","11","0","0","0","","Staff","{'fsnum': '', 'name': 'Staff'}","100","22","","","","","SOAR Discussion","SOAR Discussion meets on September 17, October 1, 15, 22, November 5 and 19.","110","{'day': 'Th', 'end': '12:30', 'location': 'TOH 212', 'start': '23:30'}","False","False","","1","O","20261","Race Matters: First-Year Seminar","Discussion","2026"
"0000170032","1.0","0000038475","REL","Students study how a particular religious tradition (or traditions) interacts with a specific topic. Topics vary, but possibilities include the environment, peace and violence, technology, or sexuality. The topic orients students to important questions about how the particular religious tradition understands and acts in the world, as well as debates about what counts as religion. May be repeated if the topic is different.","24","8","8","8","0","RFV","Zager, Sarah V.","{'fsnum': '34025', 'name': 'Zager, Sarah V.'}","100","24","8","8","8","0","Top: Religion and Law","This course has class-year limits and is not open to rising seniors.","110","{'day': 'Tu', 'end': '11:00', 'location': 'OM 340', 'start': '09:35'};{'day': 'Th', 'end': '10:50', 'location': 'OM 340', 'start': '09:30'}","False","False","A","1","C","20261","Topics in Religion","Topic","2026"
"0000170031","1.0","0000038475","REL","Students study how a particular religious tradition (or traditions) interacts with a specific topic. Topics vary, but possibilities include the environment, peace and violence, technology, or sexuality. The topic orients students to important questions about how the particular religious tradition understands and acts in the world, as well as debates about what counts as religion. May be repeated if the topic is different.","24","11","4","9","0","RFV","Schillinger, Jamie A.","{'fsnum': '15819', 'name': 'Schillinger, Jamie A.'}","100","24","","8","8","0","Top: Religion and Law","This course has class-year limits and is not open to rising seniors.","110","{'day': 'Tu', 'end': '11:00', 'location': 'OM 310', 'start': '09:35'};{'day': 'Th', 'end': '10:50', 'location': 'OM 310', 'start': '09:30'}","False","False","B","1","C","20261","Topics in Religion","Topic","2026"
"0000169331","1.0","0000036254","REL","This course addresses how religion - beliefs, practices, values, the ways it functions in society - is reflected in contemporary film. Religion addresses fundamental questions of human existence: Why are we here? How should we live? Why is there suffering and evil? What happens when we die? The course alternates between close readings of central religious texts which probe such questions (including the Jewish Scriptures, the New Testament, and later theologians and philosophers) and films that take up the questions, as well. While the central focus is on Christian and Jewish sources, the course also considers non-theistic perspectives. Through analysis and discussion of both text and film, students begin to form their own answers.","28","1","10","11","6","RFV","Hanson, James","{'fsnum': '3061', 'name': 'Hanson, James'}","100","24","","5","9","5","God at the Movies: Religion & Film","This course has class-year limits.","126","{'day': 'Mo', 'end': '11:40', 'location': 'OM 340', 'start': '10:45'};{'day': 'We', 'end': '11:40', 'location': 'OM 340', 'start': '10:45'};{'day': 'Fr', 'end': '11:40', 'location': 'OM 340', 'start': '10:45'}","False","False","A","1","C","20261","God at the Movies: Religion and Film","Research","2026"
"0000169332","1.0","0000036254","REL","This course addresses how religion - beliefs, practices, values, the ways it functions in society - is reflected in contemporary film. Religion addresses fundamental questions of human existence: Why are we here? How should we live? Why is there suffering and evil? What happens when we die? The course alternates between close readings of central religious texts which probe such questions (including the Jewish Scriptures, the New Testament, and later theologians and philosophers) and films that take up the questions, as well. While the central focus is on Christian and Jewish sources, the course also considers non-theistic perspectives. Through analysis and discussion of both text and film, students begin to form their own answers.","29","0","9","10","10","RFV","Hanson, James","{'fsnum': '3061', 'name': 'Hanson, James'}","100","24","","5","9","5","God at the Movies: Religion & Film","This course has class-year limits.","126","{'day': 'Mo', 'end': '12:45', 'location': 'OM 340', 'start': '23:50'};{'day': 'We', 'end': '12:45', 'location': 'OM 340', 'start': '23:50'};{'day': 'Fr', 'end': '12:45', 'location': 'OM 340', 'start': '23:50'}","False","False","B","1","C","20261","God at the Movies: Religion and Film","Research","2026"
"0000171864","1.0","0000038385","REL","The Christian tradition is replete with images of heroes and villains, human and beyond, in soaring redemption arcs and precipitous falls from glory. Students critically engage material inside and alongside religious communities by examining biblical texts, theological writings, art, comic books, and film. This course explores Christian depictions of human capacities, divine nature, evil, salvation, and hope, ideals that continue to shape broader cultural values and life.","24","5","5","9","5","RFV","Bateza, Anthony","{'fsnum': '27172', 'name': 'Bateza, Anthony'}","100","24","5","5","9","5","Heroes, Villains, and Christianity","This course has class-year limits.","142","{'day': 'Mo', 'end': '14:55', 'location': 'OM 240', 'start': '14:00'};{'day': 'We', 'end': '14:55', 'location': 'OM 240', 'start': '14:00'};{'day': 'Fr', 'end': '14:55', 'location': 'OM 240', 'start': '14:00'}","False","False","","1","C","20261","","Research","2026"
"0000172707","1.0","0000043138","REL","This course explores Jesus through Scripture and Christian tradition using an Indigenous and decolonizing lens. The course examines how colonial histories have shaped dominant interpretations of Jesus and the impact of those interpretations on Indigenous and marginalized communities. Centering Indigenous voices, students encounter Jesus as healer, relative, and liberator, grounded in relationships to land, community, and justice. Through engagement with biblical texts and diverse perspectives, the course invites reflection on how these understandings reshape faith, identity, and belonging.","24","6","6","6","6","CRE;CTD;GHS","Sherman-Conroy, Kelly","{'fsnum': '36059', 'name': 'Sherman-Conroy, Kelly'}","100","24","","6","6","6","Top: Decolonizing Jesus","This course has class-year limits.","150","{'day': 'Tu', 'end': '11:00', 'location': 'OM 240', 'start': '09:35'};{'day': 'Th', 'end': '10:50', 'location': 'OM 240', 'start': '09:30'}","False","False","A","1","C","20261","Topics in Christian Theology","Topic","2026"
"0000172708","1.0","0000043138","REL","This course explores Jesus through Scripture and Christian tradition using an Indigenous and decolonizing lens. The course examines how colonial histories have shaped dominant interpretations of Jesus and the impact of those interpretations on Indigenous and marginalized communities. Centering Indigenous voices, students encounter Jesus as healer, relative, and liberator, grounded in relationships to land, community, and justice. Through engagement with biblical texts and diverse perspectives, the course invites reflection on how these understandings reshape faith, identity, and belonging.","23","5","6","6","6","CRE;CTD;GHS","Sherman-Conroy, Kelly","{'fsnum': '36059', 'name': 'Sherman-Conroy, Kelly'}","100","24","","6","6","6","Top: Decolonizing Jesus","This course has class-year limits.","150","{'day': 'Tu', 'end': '14:45', 'location': 'OM 310', 'start': '13:20'};{'day': 'Th', 'end': '15:35', 'location': 'OM 310', 'start': '14:15'}","False","False","B","1","O","20261","Topics in Christian Theology","Topic","2026"
"0000171865","1.0","0000001193","REL","This course introduces the central matters for argument in Christian theology -- God and Christ -- through close reading and critical analysis of selected classic (pre-1700) and modern theological texts. Students focus on the reasons supporting classic Christian beliefs about God, Christ and related topics and on the modern theological criticism of those beliefs. Is it still possible to be a Christian in the beginning of the 21st century? Offered periodically.","19","0","8","10","1","BTS-T;CTD;WAC","Wilson, Charles","{'fsnum': '9090', 'name': 'Wilson, Charles'}","200","19","","4","10","0","Classics and Moderns","This course has class-year limits and is not open to rising seniors.","202","{'day': 'Mo', 'end': '11:40', 'location': 'OM 140', 'start': '10:45'};{'day': 'We', 'end': '11:40', 'location': 'OM 140', 'start': '10:45'};{'day': 'Fr', 'end': '11:40', 'location': 'OM 140', 'start': '10:45'}","False","False","","1","C","20261","","Research","2026"
"0000172471","1.0","0000001197","REL","Students examine traditional Christian doctrines in light of feminist critiques and reformulations. The course focuses especially upon language and images of God, the person of Christ and the work of redemption and understandings of human nature. Students evaluate arguments for and against the compatibility of Christianity and feminism. Offered periodically.","24","6","6","6","6","BTS-T;CTD","Scopatz, Dana K.","{'fsnum': '23843', 'name': 'Scopatz, Dana K.'}","200","24","6","6","6","6","Intro Feminist Theol","This course has class-year limits.","209","{'day': 'Tu', 'end': '11:00', 'location': 'OM 210', 'start': '09:35'};{'day': 'Th', 'end': '10:50', 'location': 'OM 210', 'start': '09:30'}","False","False","","1","C","20261","Introduction to Feminist Theology","Research","2026"
"0000171867","1.0","0000040349","REL","This course explores how gender has shaped Jewish texts, ideas, and practices in a variety of historical contexts. Students consider how Jewish thinkers have understood - and sometimes worked to change - how gender operates in Jewish life and thought. Students use these thinkers as models for exploring how to think about ethical and religious questions using resources from a tradition of thought that they both learn from and critique. Offered periodically during spring semester.","18","1","5","9","3","RFV","Zager, Sarah V.","{'fsnum': '34025', 'name': 'Zager, Sarah V.'}","200","24","","5","9","5","Gender and Judaism","This course has class-year limits.","215","{'day': 'Tu', 'end': '13:10', 'location': 'OM 210', 'start': '23:45'};{'day': 'Th', 'end': '14:05', 'location': 'OM 210', 'start': '12:45'}","False","False","","1","O","20261","","Research","2026"
"0000169333","1.0","0000001209","REL","How do evil and the suffering that accompanies it affect our sense of the meaning and value of human life? Do religious ideas -- such as the idea of an all-powerful and all-loving God, or the claim that Jesus died on the cross for human sins -- help address these challenges or make them worse? Students explore ways that Christians, Jews, and Muslims have attempted to respond to these questions using philosophical, theological, literary, and visual strategies, and they also examine critiques of religious perspectives. Offered periodically.","23","4","5","9","5","BTS-T;CTD","Chamseddine, Ali","{'fsnum': '32163', 'name': 'Chamseddine, Ali'}","200","24","5","5","9","5","God, Evil, & Human Suffering","This course has class-year limits.","225","{'day': 'Mo', 'end': '08:55', 'location': 'OM 305', 'start': '08:00'};{'day': 'We', 'end': '08:55', 'location': 'OM 305', 'start': '08:00'};{'day': 'Fr', 'end': '08:55', 'location': 'OM 305', 'start': '08:00'}","False","False","A","1","O","20261","God, Evil, and Human Suffering","Research","2026"
"0000169334","1.0","0000001209","REL","How do evil and the suffering that accompanies it affect our sense of the meaning and value of human life? Do religious ideas -- such as the idea of an all-powerful and all-loving God, or the claim that Jesus died on the cross for human sins -- help address these challenges or make them worse? Students explore ways that Christians, Jews, and Muslims have attempted to respond to these questions using philosophical, theological, literary, and visual strategies, and they also examine critiques of religious perspectives. Offered periodically.","23","4","5","9","5","BTS-T;CTD","Chamseddine, Ali","{'fsnum': '32163', 'name': 'Chamseddine, Ali'}","200","24","5","5","9","5","God, Evil, & Human Suffering","This course has class-year limits.","225","{'day': 'Mo', 'end': '10:00', 'location': 'OM 305', 'start': '09:05'};{'day': 'We', 'end': '10:00', 'location': 'OM 305', 'start': '09:05'};{'day': 'Fr', 'end': '10:00', 'location': 'OM 305', 'start': '09:05'}","False","False","B","1","O","20261","God, Evil, and Human Suffering","Research","2026"
"0000169132","1.0","0000027763","REL","This course introduces students to Christian theology through examination of selected works of C.S. Lewis. The course considers both Lewis's explicitly theological writings and his fictional works as resources for theological reflection. Offered periodically.","24","0","10","9","5","BTS-T;CTD","Santurri, Edmund","{'fsnum': '7020', 'name': 'Santurri, Edmund'}","200","24","","","","","Beyond Narnia: Theol of C.S. Lewis","","239","{'day': 'Mo', 'end': '11:40', 'location': 'OM 240', 'start': '10:45'};{'day': 'We', 'end': '11:40', 'location': 'OM 240', 'start': '10:45'};{'day': 'Fr', 'end': '11:40', 'location': 'OM 240', 'start': '10:45'}","False","False","A","1","C","20261","Beyond Narnia: The Theology of C. S. Lewis","Research","2026"
"0000169133","1.0","0000027763","REL","This course introduces students to Christian theology through examination of selected works of C.S. Lewis. The course considers both Lewis's explicitly theological writings and his fictional works as resources for theological reflection. Offered periodically.","24","0","6","14","4","BTS-T;CTD","Santurri, Edmund","{'fsnum': '7020', 'name': 'Santurri, Edmund'}","200","24","","","","","Beyond Narnia: Theol of C.S. Lewis","","239","{'day': 'Mo', 'end': '12:45', 'location': 'OM 240', 'start': '23:50'};{'day': 'We', 'end': '12:45', 'location': 'OM 240', 'start': '23:50'};{'day': 'Fr', 'end': '12:45', 'location': 'OM 240', 'start': '23:50'}","False","False","B","1","C","20261","Beyond Narnia: The Theology of C. S. Lewis","Research","2026"
"0000171870","1.0","0000034991","REL","In this course students investigate the relationship between historical and emergent environmental decline and Christianity's scriptures, claims, traditions, and practices. Students explore how variant ecotheological perspectives address the intersectional realities of gender, race, and socio-economic status when responding to a number of contemporary environmental issues and whether Christianity might aid in the envisaging of future solutions. Offered annually.","24","3","6","10","5","BTS-T;CTD","Jorgenson, Kiara","{'fsnum': '10957', 'name': 'Jorgenson, Kiara'}","200","24","","5","9","5","Ecology, Justice & Christianity","This course has class-year limits.","241","{'day': 'Tu', 'end': '13:10', 'location': 'OM 310', 'start': '23:45'};{'day': 'Th', 'end': '14:05', 'location': 'OM 310', 'start': '12:45'}","False","False","","1","C","20261","Ecology, Justice & the Christian Tradition","Research","2026"
"0000169983","1.0","0000036005","REL","How similar or different is the conception of God that Christians and Muslims speak of, pray to, and worship? Christianity and Islam share scriptural and intellectual resources and complicated histories full of both cooperation and conflict. Exploring these topics, students analyze and compare theological emphases, reflect on how much similarity and difference there has been between the two traditions of reflection, and examine possibilities for future interaction. Offered annually in the spring semester.","24","0","9","8","7","BTS-T;CTD","Schillinger, Jamie A.","{'fsnum': '15819', 'name': 'Schillinger, Jamie A.'}","200","24","0","8","8","8","Theology b/w Christianity and Islam","This course has class-year limits and is not open to incoming first-year        ;students.","247","{'day': 'Tu', 'end': '14:45', 'location': 'OM 340', 'start': '13:20'};{'day': 'Th', 'end': '15:35', 'location': 'OM 340', 'start': '14:15'}","False","False","","1","C","20261","Theology Between Christianity and Islam","Research","2026"
"0000172081","1.0","0000037181","REL","In this course students study deeply the nature of religion itself, experiences of divine union, detachment from false realities, altered states of consciousness, creative scriptural interpretations, gendered differences among reports, and mysticism's role in world peace or world strife. Students study the mystics themselves from a variety of religious and secularist traditions (variously Hindu, Jewish, Indigenous, Buddhist, Christian, Muslim, Ecological). Reading and experiencing mindfully, practicing bodily, students engage their whole selves. Offered annually in the fall semester. Prerequisites: Open to current first-year students under OLE Core; students under GE curriculum must have completed BTS-B.","22","0","5","10","7","BTS-T;RFV","Zimmerman, Trish","{'fsnum': '10370', 'name': 'Zimmerman, Trish'}","200","24","0","7","10","7","Comparative Mysticism","This course has class-year limits and is not open to incoming first-year        ;students.","251","{'day': 'Mo', 'end': '10:00', 'location': 'OM 210', 'start': '09:05'};{'day': 'We', 'end': '10:00', 'location': 'OM 210', 'start': '09:05'};{'day': 'Fr', 'end': '10:00', 'location': 'OM 210', 'start': '09:05'}","False","Prerequisites: Open to current first-year students under OLE Core; students under GE curriculum must have completed BTS-B.","A","1","O","20261","","Research","2026"
"0000172082","1.0","0000037181","REL","In this course students study deeply the nature of religion itself, experiences of divine union, detachment from false realities, altered states of consciousness, creative scriptural interpretations, gendered differences among reports, and mysticism's role in world peace or world strife. Students study the mystics themselves from a variety of religious and secularist traditions (variously Hindu, Jewish, Indigenous, Buddhist, Christian, Muslim, Ecological). Reading and experiencing mindfully, practicing bodily, students engage their whole selves. Offered annually in the fall semester. Prerequisites: Open to current first-year students under OLE Core; students under GE curriculum must have completed BTS-B.","23","0","8","10","5","BTS-T;RFV","Zimmerman, Trish","{'fsnum': '10370', 'name': 'Zimmerman, Trish'}","200","24","0","7","10","7","Comparative Mysticism","This course has class-year limits and is not open to incoming first-year        ;students.","251","{'day': 'Mo', 'end': '12:45', 'location': 'OM 310', 'start': '23:50'};{'day': 'We', 'end': '12:45', 'location': 'OM 310', 'start': '23:50'};{'day': 'Fr', 'end': '12:45', 'location': 'OM 310', 'start': '23:50'}","False","Prerequisites: Open to current first-year students under OLE Core; students under GE curriculum must have completed BTS-B.","B","1","O","20261","","Research","2026"
"0000172363","1.0","0000031156","REL","This course examines the relationship between religion and violence across diverse global contexts. Students consider whether some dimensions of religion - monotheistic belief or rituals of sacrifice, for example - are more prone to produce violent conflict than others; explore debates over how to measure the power of religion vis-a-vis other drivers of behavior; and discuss ethical arguments about justified violence, suffering, and peace-building, focusing on how religious ideas and practices contribute to these debates. Offered periodically.","22","0","5","15","2","EIN;ERC","Schillinger, Jamie A.","{'fsnum': '15819', 'name': 'Schillinger, Jamie A.'}","200","24","","","","","Religion, Violence, and Peace","","252","{'day': 'Tu', 'end': '13:10', 'location': 'OM 340', 'start': '23:45'};{'day': 'Th', 'end': '14:05', 'location': 'OM 340', 'start': '12:45'}","False","False","","1","O","20261","","Research","2026"
"0000171872","1.0","0000001240","REL","Students consider the present situation and future prospects of Roman Catholic theology through an engagement with the figures and events that have most deeply shaped Catholic theology in the 20th and 21st centuries. The course also examines recent Catholic views on the central topics of Christian theology, God, Christ, salvation and the Church, and the relationship of these views to Protestant ideas about the same issues. Offered periodically.","24","0","13","3","8","BTS-T;CTD","Santurri, Edmund","{'fsnum': '7020', 'name': 'Santurri, Edmund'}","200","24","","","","","Roman Catholic Theology","","263","{'day': 'Mo', 'end': '10:00', 'location': 'OM 240', 'start': '09:05'};{'day': 'We', 'end': '10:00', 'location': 'OM 240', 'start': '09:05'};{'day': 'Fr', 'end': '10:00', 'location': 'OM 240', 'start': '09:05'}","False","False","","1","C","20261","","Research","2026"
"0000172083","1.0","0000001232","REL","This course examines the ethical teachings of Jesus as found in the canonical Gospels (with special focus on the Sermon on the Mount), explores how these teachings have been understood at some major moments in Western history, and brings them to bear on the task of contemporary ethical reflection. Issues examined include, for example, non-violence, social and economic justice, sexuality, and ethnic conflict. Offered periodically.","24","0","8","9","7","EIN;ERC","Hanson, James","{'fsnum': '3061', 'name': 'Hanson, James'}","200","24","0","7","10","7","Jesus and the Moral Life","This course has class-year limits and is not open to incoming first-year        ;students.","276","{'day': 'Mo', 'end': '14:55', 'location': 'OM 310', 'start': '14:00'};{'day': 'We', 'end': '14:55', 'location': 'OM 310', 'start': '14:00'};{'day': 'Fr', 'end': '14:55', 'location': 'OM 310', 'start': '14:00'}","False","False","","1","C","20261","","Research","2026"
"0000171873","1.0","0000001233","REL","Students explore the religious significance of selected works of literature and examine how literary plot, character, symbolism, and theme raise religious questions, reveal ethical concerns and imply theological convictions. Offered periodically.","18","4","4","10","0","ALS-L;RFV;WAC","Scopatz, Dana K.","{'fsnum': '23843', 'name': 'Scopatz, Dana K.'}","200","19","5","4","10","0","Religion & Literature","This course has class-year limits and is not open to rising seniors.","280","{'day': 'Tu', 'end': '13:10', 'location': 'OM 305', 'start': '23:45'};{'day': 'Th', 'end': '14:05', 'location': 'OM 305', 'start': '12:45'}","False","False","A","1","O","20261","Religion and Literature","Research","2026"
"0000171874","1.0","0000001233","REL","Students explore the religious significance of selected works of literature and examine how literary plot, character, symbolism, and theme raise religious questions, reveal ethical concerns and imply theological convictions. Offered periodically.","16","2","4","10","0","ALS-L;RFV;WAC","Scopatz, Dana K.","{'fsnum': '23843', 'name': 'Scopatz, Dana K.'}","200","19","5","4","10","0","Religion & Literature","This course has class-year limits and is not open to rising seniors.","280","{'day': 'Tu', 'end': '14:45', 'location': 'OM 305', 'start': '13:20'};{'day': 'Th', 'end': '15:35', 'location': 'OM 305', 'start': '14:15'}","False","False","B","1","O","20261","Religion and Literature","Research","2026"
"0000172702","1.0","0000042884","REL","What might it mean to live authentically? From social media to personal branding, authenticity is a common ethical concept, one oriented towards autonomy and self-realization. Yet, authenticity has a diversity of meanings, whether religious or non-religious. This course will explore authenticity by putting Luther, Kierkegaard, and Nietzsche into conversation with ideas of authenticity. Exploring themes such as divine action, freedom, sin, passion, and will to power, the class will interrogate the (im)possibility of becoming authentic. Offered periodically in spring semester.","24","4","6","9","5","CTD","Jothen, Peder J.","{'fsnum': '17549', 'name': 'Jothen, Peder J.'}","200","24","","5","9","5","Chasing Authenticity","This course has class-year limits.","281","{'day': 'Mo', 'end': '10:00', 'location': 'OM 020', 'start': '09:05'};{'day': 'We', 'end': '10:00', 'location': 'OM 020', 'start': '09:05'};{'day': 'Fr', 'end': '10:00', 'location': 'OM 020', 'start': '09:05'}","False","False","A","1","C","20261","Chasing Authenticity: Luther, Kierkegaard, and Nietzsche","Research","2026"
"0000171875","1.0","0000042884","REL","What might it mean to live authentically? From social media to personal branding, authenticity is a common ethical concept, one oriented towards autonomy and self-realization. Yet, authenticity has a diversity of meanings, whether religious or non-religious. This course will explore authenticity by putting Luther, Kierkegaard, and Nietzsche into conversation with ideas of authenticity. Exploring themes such as divine action, freedom, sin, passion, and will to power, the class will interrogate the (im)possibility of becoming authentic. Offered periodically in spring semester.","21","1","7","9","4","CTD","Jothen, Peder J.","{'fsnum': '17549', 'name': 'Jothen, Peder J.'}","200","24","","5","9","5","Chasing Authenticity","This course has class-year limits.","281","{'day': 'Mo', 'end': '13:50', 'location': 'OM 340', 'start': '12:55'};{'day': 'We', 'end': '13:50', 'location': 'OM 340', 'start': '12:55'};{'day': 'Fr', 'end': '13:50', 'location': 'OM 340', 'start': '12:55'}","False","False","B","1","O","20261","Chasing Authenticity: Luther, Kierkegaard, and Nietzsche","Research","2026"
"0000172084","1.0","0000017626","REL","A study of competing and complementary approaches to the study of religion prevalent in the contemporary academy, this course prepares sophomore and junior religion majors for more advanced research seminars. Paying attention to the emphases and presuppositions of each approach, students develop an improved ability to understand the way that these different approaches affect scholarship and contribute to agreements and disagreements about what religion is and should be. Offered annually.","13","1","5","4","3","WAC","Jothen, Peder J.","{'fsnum': '17549', 'name': 'Jothen, Peder J.'}","200","19","6","4","6","3","What is Religion?","This course has class-year limits.","285","{'day': 'Mo', 'end': '14:55', 'location': 'OM 340', 'start': '14:00'};{'day': 'We', 'end': '14:55', 'location': 'OM 340', 'start': '14:00'};{'day': 'Fr', 'end': '14:55', 'location': 'OM 340', 'start': '14:00'}","False","False","","1","O","20261","What is Religion? Approaches and Methods","Research","2026"
"0000172085","1.0","0000001241","REL","Students critically analyze the development of Christian thought from its beginnings to the 9th century. Special attention is placed on the theological controversies which led to the formation of the Christian community's central doctrines: God as Trinity, Jesus Christ as divine and human, salvation as divine action and human response. Students read from Irenaeus, Origen, Athanasius, Augustine, and others. Offered periodically.","22","0","11","3","8","BTS-T;CTD","Walter, Gregory A.","{'fsnum': '16642', 'name': 'Walter, Gregory A.'}","300","24","0","12","0","12","History of Christian Thought I","Open only to juniors and seniors.  Sophomores by permission of instructor only.","302","{'day': 'Mo', 'end': '10:00', 'location': 'OM 110', 'start': '09:05'};{'day': 'We', 'end': '10:00', 'location': 'OM 110', 'start': '09:05'};{'day': 'Fr', 'end': '10:00', 'location': 'OM 110', 'start': '09:05'}","False","False","","1","O","20261","","Research","2026"
"0000169841","1.0","0000001249","REL","May be repeated if topic is different.","12","0","4","0","8","","Bateza, Anthony","{'fsnum': '27172', 'name': 'Bateza, Anthony'}","300","18","0","","0","","Sem: Salvation as Solidarity","Open only to rising juniors and seniors. Sophomores by faculty approval only.   ;Full topic title: Salvation as Solidarity: Grace, Power, and the Grammar of     ;Liberation","390","{'day': 'Mo', 'end': '13:50', 'location': 'OM 240', 'start': '12:55'};{'day': 'We', 'end': '13:50', 'location': 'OM 240', 'start': '12:55'};{'day': 'Fr', 'end': '13:50', 'location': 'OM 240', 'start': '12:55'}","False","False","","1","O","20261","History of Religions Seminar","Seminar","2026"
"0000169131","1.0","0000001259","RUSSN","This course offers an introduction to grammar and reading through oral and written work. Offered annually in the fall semester.","16","11","3","1","1","","Dossi, Giulia","{'fsnum': '9002450', 'name': 'Dossi, Giulia'}","100","24","","","","","Beginning Russian I","","111","{'day': 'Mo', 'end': '14:55', 'location': 'TOH 110', 'start': '14:00'};{'day': 'We', 'end': '14:55', 'location': 'TOH 110', 'start': '14:00'};{'day': 'Fr', 'end': '14:55', 'location': 'TOH 110', 'start': '14:00'}","False","False","","1","O","20261","","Research","2026"
"0000172563","1.0","0000043137","RUSSN","Ukrainian writer Nikolay Gogol is often miscategorized as a ""Great Russian Writer."" Many readers are unaware that Gogol was Ukrainian and that he aimed to promote the idea of an independent Ukrainian nation. This course will critically examine the Russocentric view of Gogol and Russophone literature (literature written in Russian by non-Russian writers) by placing Gogol in the space of empire, between Russia and Ukraine. No knowledge of Russian or previous background required. Offered periodically during fall semester.","12","2","3","6","1","CRE;GHS","Dossi, Giulia","{'fsnum': '9002450', 'name': 'Dossi, Giulia'}","100","24","","","","","Between Russia and Ukraine","","130","{'day': 'Tu', 'end': '14:45', 'location': 'TOH 308', 'start': '13:20'};{'day': 'Th', 'end': '15:35', 'location': 'TOH 308', 'start': '14:15'}","False","False","","1","O","20261","Nikolay Gogol: Between Russia and Ukraine","Research","2026"
"0000169480","1.0","0000001264","RUSSN","Students continue their grammar, oral, and written work with an emphasis on conversation and reading selections from classical and contemporary Russian authors. Offered annually in the fall semester. Prerequisite: RUSSN 112 or equivalent.","8","1","0","5","2","FOL-R;WLC","Morse, Ashley","{'fsnum': '9002449', 'name': 'Morse, Ashley'}","200","18","","","","","Intermed Russian I","","231","{'day': 'Mo', 'end': '10:00', 'location': 'TOH 200', 'start': '09:05'};{'day': 'We', 'end': '10:00', 'location': 'TOH 200', 'start': '09:05'};{'day': 'Fr', 'end': '10:00', 'location': 'TOH 200', 'start': '09:05'}","False","RUSSN 112 or equivalent.","","1","O","20261","Intermediate Russian I","Research","2026"
"0000172087","1.0","0000001269","RUSSN","This course facilitates oral and written use of the language through conversation and composition, English to Russian translation, selections from Russian literature, and original themes. Offered annually in the fall semester. Prerequisite: RUSSN 232 or permission of instructor.","8","2","2","0","4","FOL-R;WLC","Morse, Ashley","{'fsnum': '9002449', 'name': 'Morse, Ashley'}","300","18","","","","","Conversation & Composition","","301","{'day': 'Mo', 'end': '11:40', 'location': 'RNS 284', 'start': '10:45'};{'day': 'We', 'end': '11:40', 'location': 'RNS 284', 'start': '10:45'};{'day': 'Fr', 'end': '11:40', 'location': 'RNS 284', 'start': '10:45'}","False","RUSSN 232 or permission of instructor.","","1","O","20261","Conversation and Composition","Research","2026"
"0000169230","1.0","0000038706","SDS","Data is the currency of the modern world. At the intersection between statistics and computer science, data science is about gleaning information and making decisions from data. Using data from a variety of contexts and disciplines, students learn to summarize and extract insight from data, create compelling data visualizations, wrangle data, practice literate programming, and explore ethical issues in data science. Offered annually during fall and spring semesters. No prior experience with programming is expected. This course cannot be taken after SDS 264.","31","3","6","15","7","AQR;QCR","Chávez, Carlos","{'fsnum': '9003390', 'name': 'Chávez, Carlos'}","100","32","","","","","Data Science 1","","164","{'day': 'Mo', 'end': '12:45', 'location': 'RNS 160R', 'start': '23:50'};{'day': 'We', 'end': '12:45', 'location': 'RNS 160R', 'start': '23:50'};{'day': 'Fr', 'end': '12:45', 'location': 'RNS 160R', 'start': '23:50'}","False","False","A","1","O","20261","","Research","2026"
"0000169231","1.0","0000038706","SDS","Data is the currency of the modern world. At the intersection between statistics and computer science, data science is about gleaning information and making decisions from data. Using data from a variety of contexts and disciplines, students learn to summarize and extract insight from data, create compelling data visualizations, wrangle data, practice literate programming, and explore ethical issues in data science. Offered annually during fall and spring semesters. No prior experience with programming is expected. This course cannot be taken after SDS 264.","32","3","5","18","6","AQR;QCR","Chávez, Carlos","{'fsnum': '9003390', 'name': 'Chávez, Carlos'}","100","32","","","","","Data Science 1","","164","{'day': 'Mo', 'end': '13:50', 'location': 'RNS 160R', 'start': '12:55'};{'day': 'We', 'end': '13:50', 'location': 'RNS 160R', 'start': '12:55'};{'day': 'Fr', 'end': '13:50', 'location': 'RNS 160R', 'start': '12:55'}","False","False","B","1","C","20261","","Research","2026"
"0000169924","1.0","0000001403","SDS","A first course in statistical methods, this course addresses study design and its implications as well as exploratory and inferential techniques for analyzing and modeling data. Topics include exploratory graphics, descriptive techniques, randomization tests, statistical designs, hypothesis testing, confidence intervals, and simple/multiple regression. Offered each semester. Enrollment limited for seniors. STAT 110, SDS 172, and ECON 260 all provide an introduction to statistics and students should not take more than one; they all can serve as a prerequisite for further courses.","31","4","6","16","5","AQR;MAR;QCR","Chávez, Carlos","{'fsnum': '9003390', 'name': 'Chávez, Carlos'}","100","30","","","","","Statistics 1","Note: SDS 172 was formerly STAT 212","172","{'day': 'Mo', 'end': '08:55', 'location': 'TOH 182', 'start': '08:00'};{'day': 'We', 'end': '08:55', 'location': 'TOH 182', 'start': '08:00'};{'day': 'Fr', 'end': '08:55', 'location': 'TOH 182', 'start': '08:00'}","False","False","A","1","C","20261","","Research","2026"
"0000169925","1.0","0000001403","SDS","A first course in statistical methods, this course addresses study design and its implications as well as exploratory and inferential techniques for analyzing and modeling data. Topics include exploratory graphics, descriptive techniques, randomization tests, statistical designs, hypothesis testing, confidence intervals, and simple/multiple regression. Offered each semester. Enrollment limited for seniors. STAT 110, SDS 172, and ECON 260 all provide an introduction to statistics and students should not take more than one; they all can serve as a prerequisite for further courses.","30","5","17","4","4","AQR;MAR;QCR","Zillig, Martha W.","{'fsnum': '35090', 'name': 'Zillig, Martha W.'}","100","30","","","","","Statistics 1","Note: SDS 172 was formerly STAT 212","172","{'day': 'Mo', 'end': '10:00', 'location': 'TOH 182', 'start': '09:05'};{'day': 'We', 'end': '10:00', 'location': 'TOH 182', 'start': '09:05'};{'day': 'Fr', 'end': '10:00', 'location': 'TOH 182', 'start': '09:05'}","False","False","B","1","C","20261","","Research","2026"
"0000169926","1.0","0000001403","SDS","A first course in statistical methods, this course addresses study design and its implications as well as exploratory and inferential techniques for analyzing and modeling data. Topics include exploratory graphics, descriptive techniques, randomization tests, statistical designs, hypothesis testing, confidence intervals, and simple/multiple regression. Offered each semester. Enrollment limited for seniors. STAT 110, SDS 172, and ECON 260 all provide an introduction to statistics and students should not take more than one; they all can serve as a prerequisite for further courses.","31","5","18","2","6","AQR;MAR;QCR","Roith, Joe","{'fsnum': '31140', 'name': 'Roith, Joe'}","100","30","","","","","Statistics 1","Note: SDS 172 was formerly STAT 212","172","{'day': 'Mo', 'end': '11:40', 'location': 'TOH 182', 'start': '10:45'};{'day': 'We', 'end': '11:40', 'location': 'TOH 182', 'start': '10:45'};{'day': 'Fr', 'end': '11:40', 'location': 'TOH 182', 'start': '10:45'}","False","False","C","1","C","20261","","Research","2026"
"0000169927","1.0","0000001403","SDS","A first course in statistical methods, this course addresses study design and its implications as well as exploratory and inferential techniques for analyzing and modeling data. Topics include exploratory graphics, descriptive techniques, randomization tests, statistical designs, hypothesis testing, confidence intervals, and simple/multiple regression. Offered each semester. Enrollment limited for seniors. STAT 110, SDS 172, and ECON 260 all provide an introduction to statistics and students should not take more than one; they all can serve as a prerequisite for further courses.","30","6","11","7","6","AQR;MAR;QCR","Roith, Joe","{'fsnum': '31140', 'name': 'Roith, Joe'}","100","30","","","","","Statistics 1","Note: SDS 172 was formerly STAT 212","172","{'day': 'Mo', 'end': '12:45', 'location': 'TOH 182', 'start': '23:50'};{'day': 'We', 'end': '12:45', 'location': 'TOH 182', 'start': '23:50'};{'day': 'Fr', 'end': '12:45', 'location': 'TOH 182', 'start': '23:50'}","False","False","D","1","C","20261","","Research","2026"
"0000169928","1.0","0000001403","SDS","A first course in statistical methods, this course addresses study design and its implications as well as exploratory and inferential techniques for analyzing and modeling data. Topics include exploratory graphics, descriptive techniques, randomization tests, statistical designs, hypothesis testing, confidence intervals, and simple/multiple regression. Offered each semester. Enrollment limited for seniors. STAT 110, SDS 172, and ECON 260 all provide an introduction to statistics and students should not take more than one; they all can serve as a prerequisite for further courses.","29","3","3","23","0","AQR;MAR;QCR","Boehm, Laura F.","{'fsnum': '16855', 'name': 'Boehm, Laura F.'}","100","30","","","","","Statistics 1","Note: SDS 172 was formerly STAT 212","172","{'day': 'Mo', 'end': '13:50', 'location': 'TOH 182', 'start': '12:55'};{'day': 'We', 'end': '13:50', 'location': 'TOH 182', 'start': '12:55'};{'day': 'Fr', 'end': '13:50', 'location': 'TOH 182', 'start': '12:55'}","False","False","E","1","O","20261","","Research","2026"
"0000169929","1.0","0000001403","SDS","A first course in statistical methods, this course addresses study design and its implications as well as exploratory and inferential techniques for analyzing and modeling data. Topics include exploratory graphics, descriptive techniques, randomization tests, statistical designs, hypothesis testing, confidence intervals, and simple/multiple regression. Offered each semester. Enrollment limited for seniors. STAT 110, SDS 172, and ECON 260 all provide an introduction to statistics and students should not take more than one; they all can serve as a prerequisite for further courses.","29","5","6","15","3","AQR;MAR;QCR","Boehm, Laura F.","{'fsnum': '16855', 'name': 'Boehm, Laura F.'}","100","30","","","","","Statistics 1","","172","{'day': 'Mo', 'end': '14:55', 'location': 'TOH 182', 'start': '14:00'};{'day': 'We', 'end': '14:55', 'location': 'TOH 182', 'start': '14:00'};{'day': 'Fr', 'end': '14:55', 'location': 'TOH 182', 'start': '14:00'}","False","False","F","1","O","20261","","Research","2026"
"0000169760","1.0","0000041328","SDS","This course explores the history, foundational principles, and theory of data visualization. By designing and creating visualizations with a focus on the iterative process, students learn how to clearly and effectively communicate a story with data. The course utilizes multiple forms of visualization, from sketches to static plots to interactive web -based dashboards using professional visualization software. Offered alternate years during spring semester. Prerequisites: SDS 164, SDS 172, AP Statistics, or permission of instructor.","25","0","13","0","12","CRE","Roith, Joe","{'fsnum': '31140', 'name': 'Roith, Joe'}","200","27","0","","","","Principles of Data Visualization","","250","{'day': 'Mo', 'end': '10:00', 'location': 'RNS 160R', 'start': '09:05'};{'day': 'We', 'end': '10:00', 'location': 'RNS 160R', 'start': '09:05'};{'day': 'Fr', 'end': '10:00', 'location': 'RNS 160R', 'start': '09:05'}","False","Prerequisites: SDS 164, SDS 172, AP Statistics, or permission of instructor.","","1","O","20261","","Research","2026"
"0000169232","1.0","0000032292","SDS","After mastering the foundations of data science - especially data wrangling and visualization - in SDS 164, data science students are ready to explore impactful applications and deeper fundamentals. Programming fundamentals may include iteration, functions, conditions, data types, SQL, regular expressions, version control, and simulation - all in the context of real data. New applications may include text as data, geospatial mapping, networks, and web scraping to produce dynamic graphics - presented with attention to data ethics and reproducible research. Offered annually. Prerequisite: SDS 164: Data Science 1.","27","0","21","1","5","","Roback, Paul J.","{'fsnum': '15751', 'name': 'Roback, Paul J.'}","200","27","0","","","","Data Science 2","The prerequisites for this course recently changed.  If you have not met the new;prerequisite but did meet the old one, please seek permission of instructor to  ;enroll by completing a prerequisite override for this course.","264","{'day': 'Tu', 'end': '11:00', 'location': 'RNS 160R', 'start': '09:35'};{'day': 'Th', 'end': '10:50', 'location': 'RNS 160R', 'start': '09:30'}","False","SDS 164: Data Science 1.","","1","C","20261","","Research","2026"
"0000169930","1.0","0000001405","SDS","This course takes a case-study approach to the fitting and assessment of statistical models with application to real data. Specific topics include multiple regression, model diagnostics, logistic regression, experimental design and ANOVA. The approach focuses on problem-solving tools, interpretation, model assumptions underlying analysis methods, and written statistical reports. Offered each semester. Prerequisite: SDS 172, ECON 260 or equivalent preparation (STAT 110 and SDS 164) or (AP Stat and SDS 164), or permission of instructor.","23","0","11","2","10","","Ziegler-Graham, Kathryn","{'fsnum': '16719', 'name': 'Ziegler-Graham, Kathryn'}","200","27","0","","","","Statistics 2","Not open to incoming first-year students.","272","{'day': 'Tu', 'end': '09:25', 'location': 'TOH 182', 'start': '08:00'};{'day': 'Th', 'end': '09:20', 'location': 'TOH 182', 'start': '08:00'}","False","SDS 172, ECON 260 or equivalent preparation (STAT 110 and SDS 164) or (AP Stat and SDS 164), or permission of instructor.","A","1","O","20261","","Research","2026"
"0000169931","1.0","0000001405","SDS","This course takes a case-study approach to the fitting and assessment of statistical models with application to real data. Specific topics include multiple regression, model diagnostics, logistic regression, experimental design and ANOVA. The approach focuses on problem-solving tools, interpretation, model assumptions underlying analysis methods, and written statistical reports. Offered each semester. Prerequisite: SDS 172, ECON 260 or equivalent preparation (STAT 110 and SDS 164) or (AP Stat and SDS 164), or permission of instructor.","25","0","11","8","6","","Ziegler-Graham, Kathryn","{'fsnum': '16719', 'name': 'Ziegler-Graham, Kathryn'}","200","27","0","","","","Statistics 2","Not open to incoming first-year students.","272","{'day': 'Tu', 'end': '11:00', 'location': 'TOH 182', 'start': '09:35'};{'day': 'Th', 'end': '10:50', 'location': 'TOH 182', 'start': '09:30'}","False","SDS 172, ECON 260 or equivalent preparation (STAT 110 and SDS 164) or (AP Stat and SDS 164), or permission of instructor.","B","1","O","20261","","Research","2026"
"0000169047","1.0","0000001411","SDS","This course extends and generalizes methods introduced in SDS 272 by introducing generalized linear models (GLMs) and correlated data methods. GLMs cover logistic and Poisson regression, and more. Correlated data methods include longitudinal data analysis and multi level models. Applications are drawn from across the disciplines. Offered annually. Prerequisite: SDS 272.","16","0","5","0","11","","Roback, Paul J.","{'fsnum': '15751', 'name': 'Roback, Paul J.'}","300","24","0","","0","","Advanced Statistical Modeling","Open only to rising juniors and seniors. The prerequisite for this course       ;recently changed. If you have not met the new prerequisite but did meet the old ;one, please seek permission of instructor to enroll by completing an override.","316","{'day': 'Mo', 'end': '11:40', 'location': 'RNS 160R', 'start': '10:45'};{'day': 'We', 'end': '11:40', 'location': 'RNS 160R', 'start': '10:45'};{'day': 'Fr', 'end': '11:40', 'location': 'RNS 160R', 'start': '10:45'}","False","SDS 272.","","1","O","20261","","Research","2026"
"0000169060","1.0","0000031455","SDS","This course introduces students to the subject of machine learning. The primary focus is the development and application of powerful machine learning algorithms applied to complex, real-world data. Topics covered include linear regression, nearest neighbor models, k-means clustering, shrinkage methods, decision trees and forests, boosting, bagging, support vector machines, and hierarchical clustering. Applications are taken from a wide variety of disciplines, including biology, economics, public policy, public health, and sports. Offered annually during fall and spring semester. Prerequisite: SDS 164 or SDS 264 or permission of the instructor.","22","0","12","0","10","","Mandery, Kim","{'fsnum': '34040', 'name': 'Mandery, Kim'}","300","24","0","","0","","Algorithms for Decision Making","Open only to rising juniors and seniors. The prerequisite for this course       ;recently changed. If you have not met the new prerequisite but did meet the old ;one, please seek permission of instructor to enroll by completing an override.","341","{'day': 'Tu', 'end': '13:10', 'location': 'RNS 160R', 'start': '23:45'};{'day': 'Th', 'end': '14:05', 'location': 'RNS 160R', 'start': '12:45'}","False","SDS 164 or SDS 264 or permission of the instructor.","","1","O","20261","","Research","2026"
"0000169827","0.5","0000016970","SDS","Students focus on writing scientific papers, preparing scientific posters, and giving presentations in the context of a specific, year-long, interdisciplinary research project. In addition, this weekly seminar series builds collaborative research skills such as working in teams, performing reviews of math, statistics, and computer science literature, consulting effectively, and communicating proficiently. Exposure to post-graduate opportunities in statistics and data science disciplines is also provided. Open to students accepted into the Center for Interdisciplinary Research and by permission of the instructor only. This course does not count toward the SDS Major or SDS Concentration.","18","0","5","0","13","","Roback, Paul J.","{'fsnum': '15751', 'name': 'Roback, Paul J.'}","300","15","","","","","SDS Research Methods","Registration by permission of instructor only.","389","{'day': 'Mo', 'end': '14:55', 'location': 'RNS 207', 'start': '14:00'};{'day': 'We', 'end': '14:55', 'location': 'RNS 207', 'start': '14:00'};{'day': 'Fr', 'end': '14:55', 'location': 'RNS 207', 'start': '14:00'}","False","False","","1","C","20261","Statistics and Data Science Research Methods","Research","2026"
"0000169518","1.0","0000001289","SOAN","This course helps students explore the connections between society and their own lives. Students answer challenging questions such as ""Do we have a 'human nature'?,"" ""Why does social inequality exist?,"" ""What is race?,"" and ""How do societies change?"" In answering these questions students learn to develop a sociological imagination. In doing so they review the various research methods and theories that form the sociological tradition. This course is open to first-year students or students in certain accredited programs. Open to all students when taught during the summer. Offered each semester.","25","23","0","1","1","HBS;MCD;MCS-D;PAR;SCS","Aguilar-Champeau, Matthew","{'fsnum': '9006636', 'name': 'Aguilar-Champeau, Matthew'}","100","25","","0","0","0","Intro to Sociology","Open to incoming first-year students only.","121","{'day': 'Mo', 'end': '08:55', 'location': 'HH 523', 'start': '08:00'};{'day': 'We', 'end': '08:55', 'location': 'HH 523', 'start': '08:00'};{'day': 'Fr', 'end': '08:55', 'location': 'HH 523', 'start': '08:00'}","False","False","A","1","C","20261","Introduction to Sociology","Research","2026"
"0000169519","1.0","0000001289","SOAN","This course helps students explore the connections between society and their own lives. Students answer challenging questions such as ""Do we have a 'human nature'?,"" ""Why does social inequality exist?,"" ""What is race?,"" and ""How do societies change?"" In answering these questions students learn to develop a sociological imagination. In doing so they review the various research methods and theories that form the sociological tradition. This course is open to first-year students or students in certain accredited programs. Open to all students when taught during the summer. Offered each semester.","25","25","0","0","0","HBS;MCD;MCS-D;PAR;SCS","Aguilar-Champeau, Matthew","{'fsnum': '9006636', 'name': 'Aguilar-Champeau, Matthew'}","100","25","","0","0","0","Intro to Sociology","Open to incoming first-year students only.","121","{'day': 'Mo', 'end': '10:00', 'location': 'HH 523', 'start': '09:05'};{'day': 'We', 'end': '10:00', 'location': 'HH 523', 'start': '09:05'};{'day': 'Fr', 'end': '10:00', 'location': 'HH 523', 'start': '09:05'}","False","False","B","1","C","20261","Introduction to Sociology","Research","2026"
"0000169521","1.0","0000001289","SOAN","This course helps students explore the connections between society and their own lives. Students answer challenging questions such as ""Do we have a 'human nature'?,"" ""Why does social inequality exist?,"" ""What is race?,"" and ""How do societies change?"" In answering these questions students learn to develop a sociological imagination. In doing so they review the various research methods and theories that form the sociological tradition. This course is open to first-year students or students in certain accredited programs. Open to all students when taught during the summer. Offered each semester.","25","25","0","0","0","HBS;MCD;MCS-D;PAR;SCS","Alenuma, Sidonia","{'fsnum': '33074', 'name': 'Alenuma, Sidonia'}","100","25","","0","0","0","Intro to Sociology","Open only to incoming first-year students.","121","{'day': 'Tu', 'end': '11:00', 'location': 'HH 433', 'start': '09:35'};{'day': 'Th', 'end': '10:50', 'location': 'HH 433', 'start': '09:30'}","False","False","C","1","C","20261","Introduction to Sociology","Research","2026"
"0000169520","1.0","0000001289","SOAN","This course helps students explore the connections between society and their own lives. Students answer challenging questions such as ""Do we have a 'human nature'?,"" ""Why does social inequality exist?,"" ""What is race?,"" and ""How do societies change?"" In answering these questions students learn to develop a sociological imagination. In doing so they review the various research methods and theories that form the sociological tradition. This course is open to first-year students or students in certain accredited programs. Open to all students when taught during the summer. Offered each semester.","25","25","0","0","0","HBS;MCD;MCS-D;PAR;SCS","Alenuma, Sidonia","{'fsnum': '33074', 'name': 'Alenuma, Sidonia'}","100","25","","0","0","0","Intro to Sociology","Open only to incoming first-year students.","121","{'day': 'Tu', 'end': '14:45', 'location': 'HH 434', 'start': '13:20'};{'day': 'Th', 'end': '15:35', 'location': 'HH 434', 'start': '14:15'}","False","False","D","1","C","20261","Introduction to Sociology","Research","2026"
"0000169506","1.0","0000001294","SOAN","How do anthropologists study other cultures? Peoples around the world create different realities through the ways they conceptualize experience (cultures) and how they organize themselves to do what they need to do (societies). Anthropologists describe and compare cultures and societies, focusing on different aspects such as family and kinship, inequality and power, religion and values, economy and technology, cultural and social change. This course is open to first-year students or students in certain accredited programs. Offered each semester.","25","24","0","1","0","HBS;MCG;MCS-G;SCS","Chiappari, Chris L.","{'fsnum': '10036', 'name': 'Chiappari, Chris L.'}","100","25","","0","0","0","Intro to Cultural Anthropology","Open to incoming first-year students only.","128","{'day': 'Mo', 'end': '13:50', 'location': 'TOH 210', 'start': '12:55'};{'day': 'We', 'end': '13:50', 'location': 'TOH 210', 'start': '12:55'};{'day': 'Fr', 'end': '13:50', 'location': 'TOH 210', 'start': '12:55'}","False","False","A","1","C","20261","Introduction to Cultural Anthropology","Research","2026"
"0000169505","1.0","0000001294","SOAN","How do anthropologists study other cultures? Peoples around the world create different realities through the ways they conceptualize experience (cultures) and how they organize themselves to do what they need to do (societies). Anthropologists describe and compare cultures and societies, focusing on different aspects such as family and kinship, inequality and power, religion and values, economy and technology, cultural and social change. This course is open to first-year students or students in certain accredited programs. Offered each semester.","24","24","0","0","0","HBS;MCG;MCS-G;SCS","Chiappari, Chris L.","{'fsnum': '10036', 'name': 'Chiappari, Chris L.'}","100","25","","0","0","0","Intro to Cultural Anthropology","Open to incoming first-year students only.","128","{'day': 'Mo', 'end': '14:55', 'location': 'TOH 210', 'start': '14:00'};{'day': 'We', 'end': '14:55', 'location': 'TOH 210', 'start': '14:00'};{'day': 'Fr', 'end': '14:55', 'location': 'TOH 210', 'start': '14:00'}","False","False","B","1","O","20261","Introduction to Cultural Anthropology","Research","2026"
"0000169246","1.0","0000031457","SOAN","Disasters and crises loom large. They are not singular events. Their effects spiral starting where the crises occur and spiraling outward globally. This course examines disasters worldwide and anthropological approaches to studying them. This involves learning about disasters through various media, documentary film, written ethnography, and critical social theory. Studying disasters reveals much about scientific and institutional attempts to manage and control them and how power is articulated in disaster (mis)management. Offered annually.","22","1","6","0","15","HBS;MCG","Choi, Vivian","{'fsnum': '28078', 'name': 'Choi, Vivian'}","200","23","","","","","Disasters","","247","{'day': 'Tu', 'end': '14:45', 'location': 'HH 433', 'start': '13:20'};{'day': 'Th', 'end': '15:35', 'location': 'HH 433', 'start': '14:15'}","False","False","","1","O","20261","","Research","2026"
"0000171957","1.0","0000038976","SOAN","This course explores the complex human interaction with drugs. The readings examine historical trajectories of substance use and the ways drugs shaped the development of societies. Students learn more about how drugs work biologically and socially, as well as reasons why drugs can create powerful forms of addiction that often resist treatment. Ethnographic evidence vividly depicts the layered intersection of drugs, addiction, and therapeutic intervention in the United States and elsewhere.","0","0","0","0","0","SCS","Williamson, Thomas A.","{'fsnum': '14223', 'name': 'Williamson, Thomas A.'}","200","23","","","","","Drugs, Addiction, and Anthropology","","258","{'day': 'Mo', 'end': '10:00', 'location': 'TBA', 'start': '09:05'};{'day': 'We', 'end': '10:00', 'location': 'TBA', 'start': '09:05'};{'day': 'Fr', 'end': '10:00', 'location': 'TBA', 'start': '09:05'}","False","False","","1","X","20261","","Research","2026"
"0000169792","1.0","0000001306","SOAN","Students explore the continuing significance of color, class, and immigration in the U.S., with a focus on the experiences and concerns of African Americans, Native Americans, Hispanics/Latinos, and Asian-Americans. The course examines the nature and functions of prejudice; the relationship among race, class and gender; the persistence of racism and inequality; and social policies and social movements intended to create greater social justice. Offered annually in the fall or spring semester.","23","0","6","13","4","HBS;MCD;MCS-D;PAR;SCS","Alenuma, Sidonia","{'fsnum': '33074', 'name': 'Alenuma, Sidonia'}","200","23","","","","","Race/Class-Am Culture","This course includes an academic civic engagement (ACE) component.","264","{'day': 'Tu', 'end': '13:10', 'location': 'HH 434', 'start': '23:45'};{'day': 'Th', 'end': '14:05', 'location': 'HH 434', 'start': '12:45'}","False","False","","1","C","20261","Race and Class in American Culture","Research","2026"
"0000172541","1.0","0000018525","SOAN","How do people understand illness and healing? How does social inequality shape health? These are among the questions explored by medical anthropology. In this course students examine the ways people in different societies experience their bodies, by looking at AIDS in Haiti, old age in India, and childbirth in the United States. Students investigate diverse understandings of health, different means of promoting healing, and the role of power in providing medical care. Offered annually.","23","0","4","1","18","HBS;MCG;MCS-G;SCS","Williamson, Thomas A.","{'fsnum': '14223', 'name': 'Williamson, Thomas A.'}","200","20","","","","","Medical Anthropology","","267","{'day': 'Mo', 'end': '10:00', 'location': 'HH 522', 'start': '09:05'};{'day': 'We', 'end': '10:00', 'location': 'HH 522', 'start': '09:05'};{'day': 'Fr', 'end': '10:00', 'location': 'HH 522', 'start': '09:05'}","False","False","","1","C","20261","","Research","2026"
"0000171958","1.0","0000031158","SOAN","Urban sociology investigates the complex interactions of human beings in cities and beyond. Topics include the changing relationship between people and place; social stratification along the lines of race/ethnicity, gender/sexuality, and class; and urbanism's importance in global political power and economics. Chicago will serve as an important case study for considering these social, political, and economic dynamics. Offered annually.","23","0","5","2","16","HBS;MCD;PAR;SCS","Aguilar-Champeau, Matthew","{'fsnum': '9006636', 'name': 'Aguilar-Champeau, Matthew'}","200","23","","","","","Urban Sociology","","269","{'day': 'Mo', 'end': '11:40', 'location': 'OM 210', 'start': '10:45'};{'day': 'We', 'end': '11:40', 'location': 'OM 210', 'start': '10:45'};{'day': 'Fr', 'end': '11:40', 'location': 'OM 210', 'start': '10:45'}","False","False","","1","C","20261","","Research","2026"
"0000171959","1.0","0000041600","SOAN","This core SOAN course covers critical concepts from Sociology and Anthropology to understand complex social and cultural dynamics systematically. Focusing on key concepts and thinkers that have shaped the disciplines of Sociology and Anthropology, the course will provide majors with the critical analytic tools important for subsequent courses that they will take.","15","0","7","6","2","GHS","Al Atiyat, Ibtesam","{'fsnum': '21084', 'name': 'Al Atiyat, Ibtesam'}","200","20","0","","","","Social Theory","Open to SOAN Majors only","290","{'day': 'Mo', 'end': '08:55', 'location': 'HH 205', 'start': '08:00'};{'day': 'We', 'end': '08:55', 'location': 'HH 205', 'start': '08:00'};{'day': 'Fr', 'end': '08:55', 'location': 'HH 205', 'start': '08:00'}","False","False","","1","O","20261","","Research","2026"
"0000171960","1.0","0000021523","SOAN","This anthropology course examines the ocean both as an object of study and as a tool by which to understand social, global, and cultural complexity. Today's economic and geopolitical imaginations are dictated by geographic territorialisms, primarily articulated by political forms such as nation states, area studies, and trenchant regionalisms. The course offers a ""view from the boat"" or an ""oceanic perspective"" to understand contemporary issues such as climate change, border crises, human-non-human relations, and resource extraction, while also expanding our understandings of history, global connection and exchange.","23","1","9","3","10","","Choi, Vivian","{'fsnum': '28078', 'name': 'Choi, Vivian'}","200","23","","","","","Top: AquaPolitics","Full topic title: Aqua-Politics: Understanding the World Oceanically","299","{'day': 'Tu', 'end': '13:10', 'location': 'HH 433', 'start': '23:45'};{'day': 'Th', 'end': '14:05', 'location': 'HH 433', 'start': '12:45'}","False","False","","1","C","20261","Topics in Sociology/Anthropology","Topic","2026"
"0000169298","1.0","0000001317","SOAN","Students gain the skills necessary to conduct and critically evaluate quantitative research. Students learn the underlying theoretical assumptions and orientations of quantitative research, including research design, sampling techniques, strategies for data collection, and approaches to analysis. Students gain practice in data analysis by conducting are search project and using the Statistical Package for the Social Sciences (SPSS), a standard in sociology. Offered annually in the fall semester. Prerequisite: STAT 110 or SDS 172; open to junior or senior sociology/anthropology majors only.","11","0","5","0","6","ORC;QCR","Sheppard, Ryan R.","{'fsnum': '18160', 'name': 'Sheppard, Ryan R.'}","300","23","0","","0","","Found Soc Sci Resrch","Open to rising senior and junior Sociology/Anthropology majors only.            ;Prerequisite: Statistics 110 or 212 (SDS 172).                                  ;This course includes an academic civic engagement (ACE) component.","371","{'day': 'Mo', 'end': '10:00', 'location': 'HH 201', 'start': '09:05'};{'day': 'We', 'end': '10:00', 'location': 'HH 201', 'start': '09:05'};{'day': 'Fr', 'end': '10:00', 'location': 'HH 201', 'start': '09:05'}","False","STAT 110 or SDS 172; open to junior or senior sociology/anthropology majors only.","A","1","C","20261","Foundations of Social Science Research: Quantitative Methods","Research","2026"
"0000169297","1.0","0000001317","SOAN","Students gain the skills necessary to conduct and critically evaluate quantitative research. Students learn the underlying theoretical assumptions and orientations of quantitative research, including research design, sampling techniques, strategies for data collection, and approaches to analysis. Students gain practice in data analysis by conducting are search project and using the Statistical Package for the Social Sciences (SPSS), a standard in sociology. Offered annually in the fall semester. Prerequisite: STAT 110 or SDS 172; open to junior or senior sociology/anthropology majors only.","11","0","5","0","6","ORC;QCR;WRI","Sheppard, Ryan R.","{'fsnum': '18160', 'name': 'Sheppard, Ryan R.'}","300","23","0","","0","","Found Soc Sci Resrch","Open to rising senior and junior Sociology/Anthropology majors only.            ;Prerequisite: Statistics 110 or 212 (SDS 172).                                  ;This course includes an academic civic engagement (ACE) component.","371","{'day': 'Mo', 'end': '11:40', 'location': 'HH 201', 'start': '10:45'};{'day': 'We', 'end': '11:40', 'location': 'HH 201', 'start': '10:45'};{'day': 'Fr', 'end': '11:40', 'location': 'HH 201', 'start': '10:45'}","False","STAT 110 or SDS 172; open to junior or senior sociology/anthropology majors only.","B","1","O","20261","Foundations of Social Science Research: Quantitative Methods","Research","2026"
"0000171961","1.0","0000036184","SPAN","","0","0","0","0","0","","Hanson, Marit K.","{'fsnum': '18996', 'name': 'Hanson, Marit K.'}","0","24","","","","","Placeholder Course","","1","{'day': 'Mo', 'end': '10:00', 'location': 'TOH 316', 'start': '09:05'};{'day': 'We', 'end': '10:00', 'location': 'TOH 316', 'start': '09:05'};{'day': 'Fr', 'end': '10:00', 'location': 'TOH 316', 'start': '09:05'}","False","","B","1","X","20261","","Research","2026"
"0000169495","1.0","0000001324","SPAN","Students begin learning Spanish in an intercultural context. The course introduces the Spanish-speaking world through exploration of topics, for example: the geography of the Spanish speaking world; Mexico, our neighbor; and ecotourism. In-class speaking, listening, reading, and writing activities are complemented by attendance at two required culture tables. Open only to students who place into Spanish 111. Offered fall semester only. Does not count toward Spanish;major.","24","19","0","5","0","","Ahumada Escobar, Catalina","{'fsnum': '34104', 'name': 'Ahumada Escobar, Catalina'}","100","24","","","","0","Intro Spanish Language/World I","Registration open to students who place into SPAN 111.                          ;This course is not open to rising seniors.","111","{'day': 'Mo', 'end': '10:00', 'location': 'TOH 312', 'start': '09:05'};{'day': 'We', 'end': '10:00', 'location': 'TOH 312', 'start': '09:05'};{'day': 'Fr', 'end': '10:00', 'location': 'TOH 312', 'start': '09:05'}","False","False","A","1","C","20261","Introduction to Spanish Language and the Spanish-Speaking World I","Research","2026"
"0000169496","1.0","0000001324","SPAN","Students begin learning Spanish in an intercultural context. The course introduces the Spanish-speaking world through exploration of topics, for example: the geography of the Spanish speaking world; Mexico, our neighbor; and ecotourism. In-class speaking, listening, reading, and writing activities are complemented by attendance at two required culture tables. Open only to students who place into Spanish 111. Offered fall semester only. Does not count toward Spanish;major.","24","16","4","4","0","","Haugsland, Jessica A.","{'fsnum': '13964', 'name': 'Haugsland, Jessica A.'}","100","24","","","","0","Intro Spanish Language/World I","Registration open to students who place into SPAN 111.                          ;This course is not open to rising seniors.","111","{'day': 'Mo', 'end': '11:40', 'location': 'TOH 312', 'start': '10:45'};{'day': 'We', 'end': '11:40', 'location': 'TOH 312', 'start': '10:45'};{'day': 'Fr', 'end': '11:40', 'location': 'TOH 312', 'start': '10:45'}","False","False","B","1","C","20261","Introduction to Spanish Language and the Spanish-Speaking World I","Research","2026"
"0000169497","1.0","0000001324","SPAN","Students begin learning Spanish in an intercultural context. The course introduces the Spanish-speaking world through exploration of topics, for example: the geography of the Spanish speaking world; Mexico, our neighbor; and ecotourism. In-class speaking, listening, reading, and writing activities are complemented by attendance at two required culture tables. Open only to students who place into Spanish 111. Offered fall semester only. Does not count toward Spanish;major.","14","13","0","1","0","","Haugsland, Jessica A.","{'fsnum': '13964', 'name': 'Haugsland, Jessica A.'}","100","24","","","","0","Intro Spanish Language/World I","Registration open to students who place into SPAN 111.                          ;This course is not open to rising seniors.","111","{'day': 'Mo', 'end': '12:45', 'location': 'TOH 312', 'start': '23:50'};{'day': 'We', 'end': '12:45', 'location': 'TOH 312', 'start': '23:50'};{'day': 'Fr', 'end': '12:45', 'location': 'TOH 312', 'start': '23:50'}","False","False","C","1","O","20261","Introduction to Spanish Language and the Spanish-Speaking World I","Research","2026"
"0000169498","1.0","0000001325","SPAN","Students continue learning Spanish in an intercultural context. The course continues to examine the Spanish-speaking world through exploration of topics, for example: cities and urban life; housing; and the historical roots of culinary traditions and food production. In-class speaking, listening, reading, and writing activities are complemented by attendance at two required culture tables. Offered each semester and January Term. Does not count toward Spanish major. Prerequisite: SPAN 111 or placement into SPAN 112.","24","16","0","8","0","","García Ramírez, Jamison A.","{'fsnum': '9005122', 'name': 'García Ramírez, Jamison A.'}","100","24","","","","","Intro Spanish Language/World II","Prerequisite: Completion of Spanish placement test or preceding course.","112","{'day': 'Mo', 'end': '10:00', 'location': 'TOH 114', 'start': '09:05'};{'day': 'We', 'end': '10:00', 'location': 'TOH 114', 'start': '09:05'};{'day': 'Fr', 'end': '10:00', 'location': 'TOH 114', 'start': '09:05'}","False","SPAN 111 or placement into SPAN 112.","A","1","C","20261","Introduction to Spanish Language and the Spanish-Speaking World II","Research","2026"
"0000169499","1.0","0000001325","SPAN","Students continue learning Spanish in an intercultural context. The course continues to examine the Spanish-speaking world through exploration of topics, for example: cities and urban life; housing; and the historical roots of culinary traditions and food production. In-class speaking, listening, reading, and writing activities are complemented by attendance at two required culture tables. Offered each semester and January Term. Does not count toward Spanish major. Prerequisite: SPAN 111 or placement into SPAN 112.","21","13","1","6","1","","Hanson, Marit K.","{'fsnum': '18996', 'name': 'Hanson, Marit K.'}","100","24","","","","","Intro Spanish Language/World II","Prerequisite: Completion of Spanish placement test or preceding course.","112","{'day': 'Mo', 'end': '11:40', 'location': 'TOH 316', 'start': '10:45'};{'day': 'We', 'end': '11:40', 'location': 'TOH 316', 'start': '10:45'};{'day': 'Fr', 'end': '11:40', 'location': 'TOH 316', 'start': '10:45'}","False","SPAN 111 or placement into SPAN 112.","B","1","O","20261","Introduction to Spanish Language and the Spanish-Speaking World II","Research","2026"
"0000169500","1.0","0000001325","SPAN","Students continue learning Spanish in an intercultural context. The course continues to examine the Spanish-speaking world through exploration of topics, for example: cities and urban life; housing; and the historical roots of culinary traditions and food production. In-class speaking, listening, reading, and writing activities are complemented by attendance at two required culture tables. Offered each semester and January Term. Does not count toward Spanish major. Prerequisite: SPAN 111 or placement into SPAN 112.","14","9","0","4","1","","Cropsey, Kris A.","{'fsnum': '14153', 'name': 'Cropsey, Kris A.'}","100","24","","","","","Intro Spanish Language/World II","Prerequisite: Completion of Spanish placement test or preceding course.","112","{'day': 'Mo', 'end': '12:45', 'location': 'TOH 212', 'start': '23:50'};{'day': 'We', 'end': '12:45', 'location': 'TOH 212', 'start': '23:50'};{'day': 'Fr', 'end': '12:45', 'location': 'TOH 212', 'start': '23:50'}","False","SPAN 111 or placement into SPAN 112.","C","1","O","20261","Introduction to Spanish Language and the Spanish-Speaking World II","Research","2026"
"0000169501","1.0","0000001325","SPAN","Students continue learning Spanish in an intercultural context. The course continues to examine the Spanish-speaking world through exploration of topics, for example: cities and urban life; housing; and the historical roots of culinary traditions and food production. In-class speaking, listening, reading, and writing activities are complemented by attendance at two required culture tables. Offered each semester and January Term. Does not count toward Spanish major. Prerequisite: SPAN 111 or placement into SPAN 112.","19","17","0","1","1","","Cropsey, Kris A.","{'fsnum': '14153', 'name': 'Cropsey, Kris A.'}","100","24","","","","","Intro Spanish Language/World II","Prerequisite: Completion of Spanish placement test or preceding course.","112","{'day': 'Mo', 'end': '13:50', 'location': 'TOH 212', 'start': '12:55'};{'day': 'We', 'end': '13:50', 'location': 'TOH 212', 'start': '12:55'};{'day': 'Fr', 'end': '13:50', 'location': 'TOH 212', 'start': '12:55'}","False","SPAN 111 or placement into SPAN 112.","D","1","O","20261","Introduction to Spanish Language and the Spanish-Speaking World II","Research","2026"
"0000172964","1.0","0000001325","SPAN","Students continue learning Spanish in an intercultural context. The course continues to examine the Spanish-speaking world through exploration of topics, for example: cities and urban life; housing; and the historical roots of culinary traditions and food production. In-class speaking, listening, reading, and writing activities are complemented by attendance at two required culture tables. Offered each semester and January Term. Does not count toward Spanish major. Prerequisite: SPAN 111 or placement into SPAN 112.","0","0","0","0","0","","Ahumada Escobar, Catalina","{'fsnum': '34104', 'name': 'Ahumada Escobar, Catalina'}","100","24","","","","","Intro Spanish Language/World II","Prerequisite: Completion of Spanish placement test or preceding course.","112","{'day': 'Mo', 'end': '08:55', 'location': 'TOH 312', 'start': '08:00'};{'day': 'We', 'end': '08:55', 'location': 'TOH 312', 'start': '08:00'};{'day': 'Fr', 'end': '08:55', 'location': 'TOH 312', 'start': '08:00'}","False","SPAN 111 or placement into SPAN 112.","E","1","X","20261","Introduction to Spanish Language and the Spanish-Speaking World II","Research","2026"
"0000169971","1.0","0000001326","SPAN","Through exploring the material and human diversity of the Spanish-speaking world and important connections among the United States, the Spanish-speaking countries of Latin America, and Spain, students develop increasingly complex skills for analyzing and communicating in Spanish. An examination of geography, environmental challenges and solutions, development, demographic changes, and ethnic diversity highlights the intersection of cultural, economic, and environmental realities. Required attendance at two approved cultural activities. This intermediate I-level Spanish course is offered each semester and during January term. Does not count toward Spanish major. Prerequisite: SPAN 112 or placement into SPAN 231.","13","11","1","1","0","","Ahumada Escobar, Catalina","{'fsnum': '34104', 'name': 'Ahumada Escobar, Catalina'}","200","24","","","","","The U.S. and Spanish-Speaking World","Prerequisite: Completion of Spanish placement test or preceding course.","231","{'day': 'Mo', 'end': '08:55', 'location': 'TOH 312', 'start': '08:00'};{'day': 'We', 'end': '08:55', 'location': 'TOH 312', 'start': '08:00'};{'day': 'Fr', 'end': '08:55', 'location': 'TOH 312', 'start': '08:00'}","False","SPAN 112 or placement into SPAN 231.","A","1","O","20261","Intercultural Connections in Global Wrld: U.S. & Spanish-Speaking Wrld","Research","2026"
"0000169973","1.0","0000001326","SPAN","Through exploring the material and human diversity of the Spanish-speaking world and important connections among the United States, the Spanish-speaking countries of Latin America, and Spain, students develop increasingly complex skills for analyzing and communicating in Spanish. An examination of geography, environmental challenges and solutions, development, demographic changes, and ethnic diversity highlights the intersection of cultural, economic, and environmental realities. Required attendance at two approved cultural activities. This intermediate I-level Spanish course is offered each semester and during January term. Does not count toward Spanish major. Prerequisite: SPAN 112 or placement into SPAN 231.","23","7","2","12","2","","Mendoza-Mori, Américo","{'fsnum': '9005133', 'name': 'Mendoza-Mori, Américo'}","200","24","","","","","The U.S. and Spanish-Speaking World","Prerequisite: Completion of Spanish placement test or preceding course.","231","{'day': 'Mo', 'end': '11:40', 'location': 'TOH 108', 'start': '10:45'};{'day': 'We', 'end': '11:40', 'location': 'TOH 108', 'start': '10:45'};{'day': 'Fr', 'end': '11:40', 'location': 'TOH 108', 'start': '10:45'}","False","SPAN 112 or placement into SPAN 231.","B","1","O","20261","Intercultural Connections in Global Wrld: U.S. & Spanish-Speaking Wrld","Research","2026"
"0000169970","1.0","0000001326","SPAN","Through exploring the material and human diversity of the Spanish-speaking world and important connections among the United States, the Spanish-speaking countries of Latin America, and Spain, students develop increasingly complex skills for analyzing and communicating in Spanish. An examination of geography, environmental challenges and solutions, development, demographic changes, and ethnic diversity highlights the intersection of cultural, economic, and environmental realities. Required attendance at two approved cultural activities. This intermediate I-level Spanish course is offered each semester and during January term. Does not count toward Spanish major. Prerequisite: SPAN 112 or placement into SPAN 231.","24","5","3","14","2","","Broner, Maggie","{'fsnum': '792', 'name': 'Broner, Maggie'}","200","24","","","","","The U.S. and Spanish-Speaking World","Prerequisite: Completion of Spanish placement test or preceding course.","231","{'day': 'Mo', 'end': '11:40', 'location': 'TOH 110', 'start': '10:45'};{'day': 'We', 'end': '11:40', 'location': 'TOH 110', 'start': '10:45'};{'day': 'Fr', 'end': '11:40', 'location': 'TOH 110', 'start': '10:45'}","False","SPAN 112 or placement into SPAN 231.","C","1","C","20261","Intercultural Connections in Global Wrld: U.S. & Spanish-Speaking Wrld","Research","2026"
"0000169975","1.0","0000001326","SPAN","Through exploring the material and human diversity of the Spanish-speaking world and important connections among the United States, the Spanish-speaking countries of Latin America, and Spain, students develop increasingly complex skills for analyzing and communicating in Spanish. An examination of geography, environmental challenges and solutions, development, demographic changes, and ethnic diversity highlights the intersection of cultural, economic, and environmental realities. Required attendance at two approved cultural activities. This intermediate I-level Spanish course is offered each semester and during January term. Does not count toward Spanish major. Prerequisite: SPAN 112 or placement into SPAN 231.","24","8","2","13","1","","Broner, Maggie","{'fsnum': '792', 'name': 'Broner, Maggie'}","200","24","","","","","The U.S. and Spanish-Speaking World","Prerequisite: Completion of Spanish placement test or preceding course.","231","{'day': 'Mo', 'end': '12:45', 'location': 'TOH 110', 'start': '23:50'};{'day': 'We', 'end': '12:45', 'location': 'TOH 110', 'start': '23:50'};{'day': 'Fr', 'end': '12:45', 'location': 'TOH 110', 'start': '23:50'}","False","SPAN 112 or placement into SPAN 231.","D","1","C","20261","Intercultural Connections in Global Wrld: U.S. & Spanish-Speaking Wrld","Research","2026"
"0000169974","1.0","0000001326","SPAN","Through exploring the material and human diversity of the Spanish-speaking world and important connections among the United States, the Spanish-speaking countries of Latin America, and Spain, students develop increasingly complex skills for analyzing and communicating in Spanish. An examination of geography, environmental challenges and solutions, development, demographic changes, and ethnic diversity highlights the intersection of cultural, economic, and environmental realities. Required attendance at two approved cultural activities. This intermediate I-level Spanish course is offered each semester and during January term. Does not count toward Spanish major. Prerequisite: SPAN 112 or placement into SPAN 231.","19","18","0","1","0","","Reyes Payán, Mariana","{'fsnum': '33998', 'name': 'Reyes Payán, Mariana'}","200","24","","","","","The U.S. and Spanish-Speaking World","Prerequisite: Completion of Spanish placement test or preceding course.","231","{'day': 'Mo', 'end': '12:45', 'location': 'TOH 108', 'start': '23:50'};{'day': 'We', 'end': '12:45', 'location': 'TOH 108', 'start': '23:50'};{'day': 'Fr', 'end': '12:45', 'location': 'TOH 108', 'start': '23:50'}","False","SPAN 112 or placement into SPAN 231.","E","1","O","20261","Intercultural Connections in Global Wrld: U.S. & Spanish-Speaking Wrld","Research","2026"
"0000169976","1.0","0000001326","SPAN","Through exploring the material and human diversity of the Spanish-speaking world and important connections among the United States, the Spanish-speaking countries of Latin America, and Spain, students develop increasingly complex skills for analyzing and communicating in Spanish. An examination of geography, environmental challenges and solutions, development, demographic changes, and ethnic diversity highlights the intersection of cultural, economic, and environmental realities. Required attendance at two approved cultural activities. This intermediate I-level Spanish course is offered each semester and during January term. Does not count toward Spanish major. Prerequisite: SPAN 112 or placement into SPAN 231.","22","13","1","6","2","","Reyes Payán, Mariana","{'fsnum': '33998', 'name': 'Reyes Payán, Mariana'}","200","24","","","","","The U.S. and Spanish-Speaking World","Prerequisite: Completion of Spanish placement test or preceding course.","231","{'day': 'Mo', 'end': '13:50', 'location': 'TOH 108', 'start': '12:55'};{'day': 'We', 'end': '13:50', 'location': 'TOH 108', 'start': '12:55'};{'day': 'Fr', 'end': '13:50', 'location': 'TOH 108', 'start': '12:55'}","False","SPAN 112 or placement into SPAN 231.","F","1","O","20261","Intercultural Connections in Global Wrld: U.S. & Spanish-Speaking Wrld","Research","2026"
"0000172965","1.0","0000001326","SPAN","Through exploring the material and human diversity of the Spanish-speaking world and important connections among the United States, the Spanish-speaking countries of Latin America, and Spain, students develop increasingly complex skills for analyzing and communicating in Spanish. An examination of geography, environmental challenges and solutions, development, demographic changes, and ethnic diversity highlights the intersection of cultural, economic, and environmental realities. Required attendance at two approved cultural activities. This intermediate I-level Spanish course is offered each semester and during January term. Does not count toward Spanish major. Prerequisite: SPAN 112 or placement into SPAN 231.","0","0","0","0","0","","Haugsland, Jessica A.","{'fsnum': '13964', 'name': 'Haugsland, Jessica A.'}","200","24","","","","","The U.S. and Spanish-Speaking World","Prerequisite: Completion of Spanish placement test or preceding course.","231","{'day': 'Mo', 'end': '14:55', 'location': 'TOH 314', 'start': '14:00'};{'day': 'We', 'end': '14:55', 'location': 'TOH 314', 'start': '14:00'};{'day': 'Fr', 'end': '14:55', 'location': 'TOH 314', 'start': '14:00'}","False","SPAN 112 or placement into SPAN 231.","G","1","X","20261","Intercultural Connections in Global Wrld: U.S. & Spanish-Speaking Wrld","Research","2026"
"0000169640","1.0","0000001327","SPAN","Students explore the diverse cultural histories and identities of Mexican-Americans, Cuban-Americans, and Puerto Ricans (among other Latinx groups) by considering how ethnicity, race, language, gender, and social class manifest themselves in U.S. histories of citizenry, immigration, economy, and education through generations of Latinxs. Class activities foster analysis of historical and autobiographical texts to reflect on how power and privilege intersect and shape students' own experiences. Attendance at cultural events required. This intermediate II-level Spanish course is offered every semester and during January term. Does not count toward Spanish major. Prerequisite: SPAN 231 or placement into SPAN 232.","24","2","6","14","2","FOL-S;MCD;MCS-D;PAR;WLC","Strichartz, Ariel","{'fsnum': '14955', 'name': 'Strichartz, Ariel'}","200","24","","","","","Latinx Experiences in United States","Prerequisite: Completion of Spanish placement test or preceding course.","232","{'day': 'Mo', 'end': '10:00', 'location': 'TOH 110', 'start': '09:05'};{'day': 'We', 'end': '10:00', 'location': 'TOH 110', 'start': '09:05'};{'day': 'Fr', 'end': '10:00', 'location': 'TOH 110', 'start': '09:05'}","False","SPAN 231 or placement into SPAN 232.","A","1","C","20261","Latinx Experiences in the United States","Research","2026"
"0000169639","1.0","0000001327","SPAN","Students explore the diverse cultural histories and identities of Mexican-Americans, Cuban-Americans, and Puerto Ricans (among other Latinx groups) by considering how ethnicity, race, language, gender, and social class manifest themselves in U.S. histories of citizenry, immigration, economy, and education through generations of Latinxs. Class activities foster analysis of historical and autobiographical texts to reflect on how power and privilege intersect and shape students' own experiences. Attendance at cultural events required. This intermediate II-level Spanish course is offered every semester and during January term. Does not count toward Spanish major. Prerequisite: SPAN 231 or placement into SPAN 232.","23","0","4","17","2","FOL-S;MCD;MCS-D;PAR;WLC","García Ramírez, Jamison A.","{'fsnum': '9005122', 'name': 'García Ramírez, Jamison A.'}","200","24","","","","","Latinx Experiences in United States","Prerequisite: Completion of Spanish placement test or preceding course.","232","{'day': 'Mo', 'end': '12:45', 'location': 'OM 210', 'start': '23:50'};{'day': 'We', 'end': '12:45', 'location': 'OM 210', 'start': '23:50'};{'day': 'Fr', 'end': '12:45', 'location': 'OM 210', 'start': '23:50'}","False","SPAN 231 or placement into SPAN 232.","B","1","O","20261","Latinx Experiences in the United States","Research","2026"
"0000169641","1.0","0000001327","SPAN","Students explore the diverse cultural histories and identities of Mexican-Americans, Cuban-Americans, and Puerto Ricans (among other Latinx groups) by considering how ethnicity, race, language, gender, and social class manifest themselves in U.S. histories of citizenry, immigration, economy, and education through generations of Latinxs. Class activities foster analysis of historical and autobiographical texts to reflect on how power and privilege intersect and shape students' own experiences. Attendance at cultural events required. This intermediate II-level Spanish course is offered every semester and during January term. Does not count toward Spanish major. Prerequisite: SPAN 231 or placement into SPAN 232.","23","1","6","15","1","FOL-S;MCD;MCS-D;PAR;WLC","García Ramírez, Jamison A.","{'fsnum': '9005122', 'name': 'García Ramírez, Jamison A.'}","200","24","","","","","Latinx Experiences in United States","Prerequisite: Completion of Spanish placement test or preceding course.","232","{'day': 'Mo', 'end': '13:50', 'location': 'OM 210', 'start': '12:55'};{'day': 'We', 'end': '13:50', 'location': 'OM 210', 'start': '12:55'};{'day': 'Fr', 'end': '13:50', 'location': 'OM 210', 'start': '12:55'}","False","SPAN 231 or placement into SPAN 232.","C","1","O","20261","Latinx Experiences in the United States","Research","2026"
"0000169642","1.0","0000001327","SPAN","Students explore the diverse cultural histories and identities of Mexican-Americans, Cuban-Americans, and Puerto Ricans (among other Latinx groups) by considering how ethnicity, race, language, gender, and social class manifest themselves in U.S. histories of citizenry, immigration, economy, and education through generations of Latinxs. Class activities foster analysis of historical and autobiographical texts to reflect on how power and privilege intersect and shape students' own experiences. Attendance at cultural events required. This intermediate II-level Spanish course is offered every semester and during January term. Does not count toward Spanish major. Prerequisite: SPAN 231 or placement into SPAN 232.","22","17","2","1","2","FOL-S;MCD;MCS-D;PAR;WLC","Narváez, León","{'fsnum': '5471', 'name': 'Narváez, León'}","200","24","","","","","Latinx Experiences in United States","Prerequisite: Completion of Spanish placement test or preceding course.","232","{'day': 'Tu', 'end': '09:25', 'location': 'TOH 310', 'start': '08:00'};{'day': 'Th', 'end': '09:20', 'location': 'TOH 310', 'start': '08:00'}","False","SPAN 231 or placement into SPAN 232.","D","1","O","20261","Latinx Experiences in the United States","Research","2026"
"0000169643","1.0","0000001327","SPAN","Students explore the diverse cultural histories and identities of Mexican-Americans, Cuban-Americans, and Puerto Ricans (among other Latinx groups) by considering how ethnicity, race, language, gender, and social class manifest themselves in U.S. histories of citizenry, immigration, economy, and education through generations of Latinxs. Class activities foster analysis of historical and autobiographical texts to reflect on how power and privilege intersect and shape students' own experiences. Attendance at cultural events required. This intermediate II-level Spanish course is offered every semester and during January term. Does not count toward Spanish major. Prerequisite: SPAN 231 or placement into SPAN 232.","20","18","1","1","0","FOL-S;MCD;MCS-D;PAR;WLC","Narváez, León","{'fsnum': '5471', 'name': 'Narváez, León'}","200","24","","","","","Latinx Experiences in United States","Prerequisite: Completion of Spanish placement test or preceding course.","232","{'day': 'Tu', 'end': '11:00', 'location': 'TOH 310', 'start': '09:35'};{'day': 'Th', 'end': '10:50', 'location': 'TOH 310', 'start': '09:30'}","False","SPAN 231 or placement into SPAN 232.","E","1","O","20261","Latinx Experiences in the United States","Research","2026"
"0000169644","1.0","0000001327","SPAN","Students explore the diverse cultural histories and identities of Mexican-Americans, Cuban-Americans, and Puerto Ricans (among other Latinx groups) by considering how ethnicity, race, language, gender, and social class manifest themselves in U.S. histories of citizenry, immigration, economy, and education through generations of Latinxs. Class activities foster analysis of historical and autobiographical texts to reflect on how power and privilege intersect and shape students' own experiences. Attendance at cultural events required. This intermediate II-level Spanish course is offered every semester and during January term. Does not count toward Spanish major. Prerequisite: SPAN 231 or placement into SPAN 232.","24","11","3","10","0","FOL-S;MCD;MCS-D;PAR;WLC","Medina-Vilariño, Kristina","{'fsnum': '23607', 'name': 'Medina-Vilariño, Kristina'}","200","24","","","","","Latinx Experiences in United States","Prerequisite: Completion of Spanish placement test or preceding course.","232","{'day': 'Tu', 'end': '11:00', 'location': 'TOH 314', 'start': '09:35'};{'day': 'Th', 'end': '10:50', 'location': 'TOH 314', 'start': '09:30'}","False","SPAN 231 or placement into SPAN 232.","F","1","C","20261","Latinx Experiences in the United States","Research","2026"
"0000173380","1.0","0000001327","SPAN","Students explore the diverse cultural histories and identities of Mexican-Americans, Cuban-Americans, and Puerto Ricans (among other Latinx groups) by considering how ethnicity, race, language, gender, and social class manifest themselves in U.S. histories of citizenry, immigration, economy, and education through generations of Latinxs. Class activities foster analysis of historical and autobiographical texts to reflect on how power and privilege intersect and shape students' own experiences. Attendance at cultural events required. This intermediate II-level Spanish course is offered every semester and during January term. Does not count toward Spanish major. Prerequisite: SPAN 231 or placement into SPAN 232.","21","19","0","2","0","FOL-S;MCD;MCS-D;PAR;WLC","Haugsland, Jessica A.","{'fsnum': '13964', 'name': 'Haugsland, Jessica A.'}","200","24","","","","","Latinx Experiences in United States","Prerequisite: Completion of Spanish placement test or preceding course.","232","{'day': 'Mo', 'end': '14:55', 'location': 'TOH 314', 'start': '14:00'};{'day': 'We', 'end': '14:55', 'location': 'TOH 314', 'start': '14:00'};{'day': 'Fr', 'end': '14:55', 'location': 'TOH 314', 'start': '14:00'}","False","SPAN 231 or placement into SPAN 232.","G","1","O","20261","Latinx Experiences in the United States","Research","2026"
"0000169282","1.0","0000001330","SPAN","Students explore the topic of family and gender roles in Spanish society by analyzing cultural documents (literary and non-literary texts, including at least one substantive literary work). This cultural analysis provides for the development of critical reading and writing skills (e.g., description, narration, exposition, and argumentation). Taught in Spanish. Offered each semester. This course is equivalent to SPAN 251 and students can earn credit from only one of them. Prerequisite: SPAN 232 or placement into SPAN 250 or SPAN 251.","18","13","1","4","0","FOL-S;WAC;WLC;WRI","Cropsey, Kris A.","{'fsnum': '14153', 'name': 'Cropsey, Kris A.'}","200","18","","","","","Family/Gender Roles in Spain","Prerequisite: Completion of Spanish placement test or SPAN 232.                 ;Students may take either Spanish 250 or Spanish 251, which are equivalent, but  ;cannot take both.","250","{'day': 'Tu', 'end': '11:00', 'location': 'TOH 316', 'start': '09:35'};{'day': 'Th', 'end': '10:50', 'location': 'TOH 316', 'start': '09:30'}","False","SPAN 232 or placement into SPAN 250 or SPAN 251.","A","1","C","20261","Family and Gender Roles in Spain: 1900 to Present","Research","2026"
"0000173379","1.0","0000001330","SPAN","Students explore the topic of family and gender roles in Spanish society by analyzing cultural documents (literary and non-literary texts, including at least one substantive literary work). This cultural analysis provides for the development of critical reading and writing skills (e.g., description, narration, exposition, and argumentation). Taught in Spanish. Offered each semester. This course is equivalent to SPAN 251 and students can earn credit from only one of them. Prerequisite: SPAN 232 or placement into SPAN 250 or SPAN 251.","18","18","0","0","0","FOL-S;WAC;WLC","Hanson, Marit K.","{'fsnum': '18996', 'name': 'Hanson, Marit K.'}","200","18","","","","","Family/Gender Roles in Spain","Prerequisite: Completion of Spanish placement test or SPAN 232.                 ;Students may take either Spanish 250 or Spanish 251, which are equivalent, but  ;cannot take both.","250","{'day': 'Mo', 'end': '10:00', 'location': 'TOH 316', 'start': '09:05'};{'day': 'We', 'end': '10:00', 'location': 'TOH 316', 'start': '09:05'};{'day': 'Fr', 'end': '10:00', 'location': 'TOH 316', 'start': '09:05'}","False","SPAN 232 or placement into SPAN 250 or SPAN 251.","B","1","C","20261","Family and Gender Roles in Spain: 1900 to Present","Research","2026"
"0000171962","1.0","0000036264","SPAN","Students explore diverse experiences of modern Latin America through the lenses of gender and race, which provide a productive framework for examining economic, class, and other key aspects of Latin American society. Students will work with a variety of sources, both literary and non-literary, including articles, images, documents, and at least one substantive literary work. This cultural analysis provides for the development of critical reading and writing skills (e.g., description, narration, exposition, and argumentation). Taught in Spanish. Offered each semester. This course is equivalent to SPAN 250 and students can earn credit from only one of them. Prerequisites: SPAN 232 or placement into SPAN 250 or SPAN 251.","18","5","2","10","1","FOL-S;WAC;WLC;WRI","Reyes Payán, Mariana","{'fsnum': '33998', 'name': 'Reyes Payán, Mariana'}","200","18","","","","","Gender & Race in Latin America","Prerequisite: Completion of Spanish placement test or SPAN 232. Students may    ;take either Spanish 250 or Spanish 251, which are equivalent, but cannot take   ;both.","251","{'day': 'Mo', 'end': '10:00', 'location': 'TOH 184', 'start': '09:05'};{'day': 'We', 'end': '10:00', 'location': 'TOH 184', 'start': '09:05'};{'day': 'Fr', 'end': '10:00', 'location': 'TOH 184', 'start': '09:05'}","False","Prerequisites: SPAN 232 or placement into SPAN 250 or SPAN 251.","A","1","C","20261","Gender and Race in Modern Latin America","Research","2026"
"0000169320","1.0","0000036264","SPAN","Students explore diverse experiences of modern Latin America through the lenses of gender and race, which provide a productive framework for examining economic, class, and other key aspects of Latin American society. Students will work with a variety of sources, both literary and non-literary, including articles, images, documents, and at least one substantive literary work. This cultural analysis provides for the development of critical reading and writing skills (e.g., description, narration, exposition, and argumentation). Taught in Spanish. Offered each semester. This course is equivalent to SPAN 250 and students can earn credit from only one of them. Prerequisites: SPAN 232 or placement into SPAN 250 or SPAN 251.","18","3","4","9","2","FOL-S;WAC;WLC;WRI","Strichartz, Ariel","{'fsnum': '14955', 'name': 'Strichartz, Ariel'}","200","18","","","","","Gender & Race in Latin America","Prerequisite: Completion of Spanish placement test or SPAN 232.                 ;Students may take either Spanish 250 or Spanish 251, which are equivalent, but  ;cannot take both.","251","{'day': 'Mo', 'end': '13:50', 'location': 'TOH 312', 'start': '12:55'};{'day': 'We', 'end': '13:50', 'location': 'TOH 312', 'start': '12:55'};{'day': 'Fr', 'end': '13:50', 'location': 'TOH 312', 'start': '12:55'}","False","Prerequisites: SPAN 232 or placement into SPAN 250 or SPAN 251.","B","1","C","20261","Gender and Race in Modern Latin America","Research","2026"
"0000173381","1.0","0000036264","SPAN","Students explore diverse experiences of modern Latin America through the lenses of gender and race, which provide a productive framework for examining economic, class, and other key aspects of Latin American society. Students will work with a variety of sources, both literary and non-literary, including articles, images, documents, and at least one substantive literary work. This cultural analysis provides for the development of critical reading and writing skills (e.g., description, narration, exposition, and argumentation). Taught in Spanish. Offered each semester. This course is equivalent to SPAN 250 and students can earn credit from only one of them. Prerequisites: SPAN 232 or placement into SPAN 250 or SPAN 251.","17","16","0","0","1","FOL-S;WAC;WLC;WRI","O'Conner, Jonathan P.","{'fsnum': '22831', 'name': ""O'Conner, Jonathan P.""}","200","18","","","","","Gender & Race in Latin America","Prerequisite: Completion of Spanish placement test or SPAN 232. Students may    ;take either Spanish 250 or Spanish 251, which are equivalent, but cannot take   ;both.","251","{'day': 'Mo', 'end': '08:55', 'location': 'TOH 308', 'start': '08:00'};{'day': 'We', 'end': '08:55', 'location': 'TOH 308', 'start': '08:00'};{'day': 'Fr', 'end': '08:55', 'location': 'TOH 308', 'start': '08:00'}","False","Prerequisites: SPAN 232 or placement into SPAN 250 or SPAN 251.","C","1","O","20261","Gender and Race in Modern Latin America","Research","2026"
"0000170006","1.0","0000001335","SPAN","Students examine the diverse elements that have shaped Spanish culture through an exploration of political, social, economic, religious, and artistic topics. They develop critical analysis skills through reading, discussion, and written and/or oral projects. This course includes the study of selected literary and non-literary texts, including at least one substantive literary work. May be repeated if topic is different. Taught in Spanish. Offered periodically. Prerequisite: SPAN 250 or SPAN 251.","9","0","4","3","2","","O'Conner, Jonathan P.","{'fsnum': '22831', 'name': ""O'Conner, Jonathan P.""}","200","17","0","","","","Top: Discovery, Conquest, Invasion?","Prerequisite: Completion of Spanish 250 or 251.                                 ;Not open to incoming first-year students.                                       ;Full topic title: Discovery, Conquest, or Invasion?","271","{'day': 'Mo', 'end': '13:50', 'location': 'TOH 184', 'start': '12:55'};{'day': 'We', 'end': '13:50', 'location': 'TOH 184', 'start': '12:55'};{'day': 'Fr', 'end': '13:50', 'location': 'TOH 184', 'start': '12:55'}","False","SPAN 250 or SPAN 251.","","1","O","20261","Cultures of Spain","Topic","2026"
"0000169279","1.0","0000001339","SPAN","In this introduction to literary terminology and to principles of literary analysis across genres, literary texts (including poetry, short stories, theater, and novel) are studied in their socio-historical context. In different semesters, the focus may be literature of the Mexican Revolution, urban and rural life, or another topic chosen by the instructor. Taught in Spanish. Offered each semester. Prerequisite: SPAN 250 or SPAN 251.","15","0","4","10","1","ALS-L;CRE","Medina-Vilariño, Kristina","{'fsnum': '23607', 'name': 'Medina-Vilariño, Kristina'}","200","17","0","","","","Exploring Hispanic Lit","Prerequisites: SPAN 250 or SPAN 251. Not open to incoming first-year students.  ;Course focus: ""Masculine textualities in Latin American Literature."" -with a    ;Caribbean focus","275","{'day': 'Tu', 'end': '14:45', 'location': 'TOH 310', 'start': '13:20'};{'day': 'Th', 'end': '15:35', 'location': 'TOH 310', 'start': '14:15'}","False","SPAN 250 or SPAN 251.","","1","O","20261","Exploring Hispanic Literature","Research","2026"
"0000169910","1.0","0000001340","SPAN","Students explore the processes involved in the acquisition of Spanish as a first and second language and the variation present in the language of both native and non-native speakers of Spanish from Spain, Latin America, and the U.S. Hispanic linguistics are studied with special attention paid to socio-cultural as well as structural aspects. The course includes the study of at least one substantive literary work. Taught in Spanish. Offered each semester. Prerequisite: SPAN 250 or SPAN 251.","18","0","7","9","2","","Broner, Maggie","{'fsnum': '792', 'name': 'Broner, Maggie'}","200","17","0","","","","Spanish 1st/2nd Lang","Prerequisites: SPAN 250 or SPAN 251.                                            ;Not open to incoming first-year students.","276","{'day': 'Mo', 'end': '14:55', 'location': 'TOH 312', 'start': '14:00'};{'day': 'We', 'end': '14:55', 'location': 'TOH 312', 'start': '14:00'};{'day': 'Fr', 'end': '14:55', 'location': 'TOH 312', 'start': '14:00'}","False","SPAN 250 or SPAN 251.","","1","C","20261","Spanish as a First and Second Language","Research","2026"
"0000170045","1.0","0000001344","SPAN","Students examine political, economic, religious and/or social issues through textual analysis of literary and/or non-literary works representing diverse voices of the Spanish-speaking world (e.g. Indigenous people, women, non-Castilian nationalities in Spain, or Afro-Hispanic groups). The course includes study of at least one substantive literary work. Sample topics include: Women and Repression or The Afro Hispanic Struggle for Identity. May be repeated if topic is different. Taught in Spanish. Offered annually. Prerequisites: SPAN 250 or SPAN 251 and at least one 270-level course.","16","0","7","0","9","","Mendoza-Mori, Américo","{'fsnum': '9005133', 'name': 'Mendoza-Mori, Américo'}","300","17","","","","","Top: Indigenous Narratives Lat Am","Prerequisites: SPAN 250 or SPAN 251 and one 270 level course.","312","{'day': 'Mo', 'end': '13:50', 'location': 'TOH 316', 'start': '12:55'};{'day': 'We', 'end': '13:50', 'location': 'TOH 316', 'start': '12:55'};{'day': 'Fr', 'end': '13:50', 'location': 'TOH 316', 'start': '12:55'}","False","Prerequisites: SPAN 250 or SPAN 251 and at least one 270-level course.","","1","O","20261","Voices of the Spanish-Speaking World","Topic","2026"
"0000171963","1.0","0000001346","SPAN","Among English-speakers one sometimes hears references to ""the power of love"" and much is written about love, particularly the love between man and woman as well as family love (between parents and children, between siblings, between grandparents and grandchildren). At the same time some people deny human capacity to overcome difficulties and profound changes in life through love. Is it possible to sustain love between two people under extremely adverse conditions? Are there biological and social forces that 'drive us to love'? What matters at the end of a human life: the political, social, and economic history of a society or the history of the family? What has ultimate meaning: the history of a nation or the love of a committed couple based on shared perceptions, experiences, and esteem? Even among those who believe in the power of love, there are differing opinions with respect to the importance of the love of God. For many novelists toward the end of the past century and today, God does not appear to exist, or at least the force of God in human life is never communicated. In Spanish 314 we will explore these and other themes in a series of literary works written in Latin America. We will analyze not only the authors' perspectives but also the techniques employed to communicate them. Our particular focus will be the use of magical realism. Prerequisite: SPAN 275.","6","0","2","0","4","ALS-L","Narváez, León","{'fsnum': '5471', 'name': 'Narváez, León'}","300","17","","","","","Top: Love & Magical Realism","Prerequisite: SPAN 275                                                          ;Full topic title: Love and Magical Realism: Overcoming the Challenges of Life","314","{'day': 'Tu', 'end': '13:10', 'location': 'TOH 310', 'start': '23:45'};{'day': 'Th', 'end': '14:05', 'location': 'TOH 310', 'start': '12:45'}","False","SPAN 275.","","1","O","20261","Literature and Society in Latin America","Topic","2026"
"0000169899","1.0","0000001359","SWRK","Students study the progression of the U.S. social welfare ""system"" from English Poor Laws through the Social Security Act to contemporary reforms. They examine how its components (public, private, faith-based) interrelate to serve diverse individuals, families, and communities. The development of social work, its foundational knowledge, values, and skills, and its relationship to fields of social welfare are included. Students shadow a social worker for four hours. Offered each semester.","23","0","6","12","5","GHS;HWC;WAC;WRI","Lamberty, Hillary A.","{'fsnum': '35117', 'name': 'Lamberty, Hillary A.'}","200","20","0","4","12","4","Soc Work/Soc Welfare","Not open to incoming first-year students.                                       ;This course has class-year limits.","221","{'day': 'Mo', 'end': '14:55', 'location': 'OM 305', 'start': '14:00'};{'day': 'We', 'end': '14:55', 'location': 'OM 305', 'start': '14:00'};{'day': 'Fr', 'end': '14:55', 'location': 'OM 305', 'start': '14:00'}","False","False","","1","C","20261","Social Work and Social Welfare","Research","2026"
"0000169364","1.0","0000001360","SWRK","Humans relate to one another in diverse families, groups, organizations, and communities. Through traditional and alternative theoretical perspectives on human behavior, students apply prerequisite and advanced material from biology, sociology, psychology, and social work to assess situations encountered by social workers. Diverse examples are drawn from literature, social work research, and from students' autobiographies. Offered annually in the fall semester. Prerequisites: SOAN 121, PSYCH 241, and BIO 123 or BIO 243; open to non-majors by permission of chair only.","15","0","15","0","0","","Anderson, Wendy D.","{'fsnum': '10757', 'name': 'Anderson, Wendy D.'}","200","16","0","16","0","0","Hum Behav in Soc Env","Only open to rising juniors who meet the prerequisites.","246","{'day': 'Tu', 'end': '11:00', 'location': 'HH 522', 'start': '09:35'};{'day': 'Th', 'end': '10:50', 'location': 'HH 522', 'start': '09:30'}","False","Prerequisites: SOAN 121, PSYCH 241, and BIO 123 or BIO 243; open to non-majors by permission of chair only.","","1","O","20261","Human Behavior in the Social Environment","Research","2026"
"0000169403","1.0","0000001361","SWRK","Social work majors study the methods and skills of social work practice, particularly intercultural communication. They describe strengths and problems of diverse individuals and families; frame goals and plans for change utilizing the planned change process and the systems perspective; and use ethical decision-making, informed by the scientific method, grounded in the liberal arts, and concerned with social justice. Students demonstrate learning in recorded role playing and have an academic civic engagement experience. Offered annually in the fall semester. Prerequisites: SWRK 221 and concurrent enrollment in SWRK 246.","15","0","15","0","0","ORC","Doran, Kimberly S.","{'fsnum': '35118', 'name': 'Doran, Kimberly S.'}","200","23","0","","0","0","Inclusive Practice: Individ/Family","Intended for rising junior Social Work majors only.                             ;This course includes an academic civic engagement (ACE) component.","254","{'day': 'Tu', 'end': '14:45', 'location': 'HH 522', 'start': '13:20'};{'day': 'Th', 'end': '15:35', 'location': 'HH 522', 'start': '14:15'}","False","Prerequisites: SWRK 221 and concurrent enrollment in SWRK 246.","","1","O","20261","Inclusive Practice: Individuals and Families","Research","2026"
"0000174533","0.5","0000001366","SWRK","","1","0","1","0","0","OEP","Kanewischer, Erica","{'fsnum': '14740', 'name': 'Kanewischer, Erica'}","200","0","","","","","Academic Internship","","294","","True","","A","1","C","20261","","Research","2026"
"0000169625","1.0","0000001368","SWRK","This course immediately precedes SWRK 380. The course provides an overview of how structural oppression across cultural positions (e.g. race, sexuality, ability, class) may affect client systems. Students integrate awareness, knowledge, and skills for engaging in anti-oppressive, inclusive practice with individuals, families, groups, organizations, and communities. This includes role plays assisting clients who are challenged by oppression as part of their presenting problems and brief immersions with diverse communities. Offered annually during fall semester. Prerequisite: SWRK 261.","23","0","0","0","23","PAR","Doran, Kimberly S.","{'fsnum': '35118', 'name': 'Doran, Kimberly S.'}","300","23","0","0","0","23","Just Practice","Open to rising senior Social Work majors only.","373","{'day': 'Mo', 'end': '10:00', 'location': 'RNS 356A', 'start': '08:00'};{'day': 'We', 'end': '10:00', 'location': 'RNS 356A', 'start': '08:00'};{'day': 'Fr', 'end': '10:00', 'location': 'RNS 356A', 'start': '08:00'};{'day': 'Mo', 'end': '12:40', 'location': 'RNS 356A', 'start': '22:40'};{'day': 'We', 'end': '12:40', 'location': 'RNS 356A', 'start': '22:40'};{'day': 'Fr', 'end': '12:40', 'location': 'RNS 356A', 'start': '22:40'};{'day': 'Th', 'end': '10:50', 'location': 'RNS 356A', 'start': '08:00'};{'day': 'Th', 'end': '14:00', 'location': 'RNS 356A', 'start': '23:30'}","False","SWRK 261.","","1","C","20261","","Research","2026"
"0000169285","3.0","0000001369","SWRK","In this experience, social work majors complete at least 400 hours in a rural or urban agency with structured learning about generalist practice with individuals, families, groups, organizations, and communities from diverse backgrounds. Students engage in professional responsibilities with careful guidance and supervision from the field supervisor and the field coordinator. Students attend a weekly evening seminar to integrate classroom learning, share experiences, and obtain support. Offered annually in the fall semester. Prerequisite: majors who have satisfactorily completed PSYCH 241, SOAN 121, BIO 123 or BIO 243, and all required courses with numbers below 380.","11","0","0","0","11","OEP;WRI","Lamberty, Hillary A.","{'fsnum': '35117', 'name': 'Lamberty, Hillary A.'}","300","11","0","0","0","11","Field Practicum","Open to rising senior Social Work majors only.                                  ;Meets M-F from 8:00-5:00 and M from 7-10 p.m.","380","{'day': 'Mo', 'end': '22:00', 'location': 'HH 433', 'start': '19:00'}","False","majors who have satisfactorily completed PSYCH 241, SOAN 121, BIO 123 or BIO 243, and all required courses with numbers below 380.","A","1","C","20261","","Research","2026"
"0000169286","3.0","0000001369","SWRK","In this experience, social work majors complete at least 400 hours in a rural or urban agency with structured learning about generalist practice with individuals, families, groups, organizations, and communities from diverse backgrounds. Students engage in professional responsibilities with careful guidance and supervision from the field supervisor and the field coordinator. Students attend a weekly evening seminar to integrate classroom learning, share experiences, and obtain support. Offered annually in the fall semester. Prerequisite: majors who have satisfactorily completed PSYCH 241, SOAN 121, BIO 123 or BIO 243, and all required courses with numbers below 380.","12","0","0","0","12","OEP;WRI","Barton, Kate E.","{'fsnum': '9006403', 'name': 'Barton, Kate E.'}","300","12","0","0","0","12","Field Practicum","Open to rising senior Social Work majors only.                                  ;Meets M-F from 8:00-5:00 and M from 7-10 p.m.","380","{'day': 'Mo', 'end': '22:00', 'location': 'HH 434', 'start': '19:00'}","False","majors who have satisfactorily completed PSYCH 241, SOAN 121, BIO 123 or BIO 243, and all required courses with numbers below 380.","B","1","C","20261","","Research","2026"
"0000172088","1.0","0000001375","THEAT","A broad-based introduction to the art and craft of theater, this course focuses on the roles of actor, director, playwright, and designer, as well as aspects of theater history, performance, and literature. Students examine theater as a culturally diverse art form, with emphasis on the ways ethnicity, gender, race, religion, and sexual orientation inform theater in the United States. Students attend performances on campus and in the Twin Cities and integrate them with readings, lectures, and discussions. Offered each semester.","24","14","3","7","0","ALS-A;CRE;MCD;MCS-D;ORC;PAR","Riley, Megan E.","{'fsnum': '33035', 'name': 'Riley, Megan E.'}","100","24","","","","","Intro to Theater","","110","{'day': 'Mo', 'end': '10:00', 'location': 'TB 227', 'start': '09:05'};{'day': 'We', 'end': '10:00', 'location': 'TB 227', 'start': '09:05'};{'day': 'Fr', 'end': '10:00', 'location': 'TB 227', 'start': '09:05'}","False","False","","1","C","20261","Introduction to Theater","Research","2026"
"0000169045","1.0","0000001376","THEAT","This studio course is designed as an overview of the acting process for the non-major and includes basic acting theories, rehearsal techniques, improvisation, history, and styles. Students explore and practice exercises, scene work, and audition material. The course requires trips to professional theaters in the Twin Cities. A ticket fee is required. This course does not fulfill the acting requirement for the major. Counts toward musical theater concentration.","16","1","4","7","4","ACB;ALS-A;CRE;ORC;SPM","Valen, Julia","{'fsnum': '9005161', 'name': 'Valen, Julia'}","100","18","","5","10","5","Acting for Non-Majors","This course has class-year limits.                                              ;$60 ticket and transportation fee required.","115","{'day': 'Tu', 'end': '13:10', 'location': 'TB Kelsey', 'start': '23:45'};{'day': 'Th', 'end': '14:05', 'location': 'TB Kelsey', 'start': '12:45'}","False","False","","1","O","20261","Acting for the Non Major","Research","2026"
"0000169785","1.0","0000001377","THEAT","Students learn and apply principles of speech composition and analyze speeches to understand effective methods. They demonstrate their knowledge in classroom speeches.","0","0","0","0","0","ORC","Valen, Julia","{'fsnum': '9005161', 'name': 'Valen, Julia'}","100","18","","5","10","5","Public Speaking","This course has class-year limits.                                              ;Please note the recent time change.","120","{'day': 'Mo', 'end': '10:00', 'location': 'CHM 232', 'start': '09:05'};{'day': 'We', 'end': '10:00', 'location': 'CHM 232', 'start': '09:05'};{'day': 'Fr', 'end': '10:00', 'location': 'CHM 232', 'start': '09:05'}","False","False","","1","X","20261","","Research","2026"
"0000169502","1.0","0000001378","THEAT","This studio course is centered on training the actor's instrument and developing basic acting skills including characterization, vocal production, physical and emotional connection, motivation and ensemble work. Students learn history of actor training from Stanislavski to present. Exercises, improvisation, monologue and scene work are all explored. This course requires trips to professional theaters in the Twin Cities. A ticket fee is required. Offered each semester.","22","4","3","10","5","ACB;ALS-A;CRE;ORC;SPM","Hansen, Peter C.","{'fsnum': '31118', 'name': 'Hansen, Peter C.'}","100","22","","5","10","5","Intro to Acting","$60 ticket and transportation fee required.                                     ;This course has class-year limits.","130","{'day': 'Tu', 'end': '09:25', 'location': 'TB Haugen', 'start': '08:00'};{'day': 'Th', 'end': '09:20', 'location': 'TB Haugen', 'start': '08:00'}","False","False","","1","C","20261","Introduction to Acting","Research","2026"
"0000172700","0.5","0000043217","THEAT","This studio course focuses on the techniques and styles of movement for the musical theatre through dance, rhythm, and musicality. Students learn the basics of musical theater dance and movements forms including tap, jazz, character, hip hop, and social dance through a character driven and storytelling approach. Offered annually during fall semester.","24","1","7","5","11","ACB;CRE","Swoboda, Nikki","{'fsnum': '9006375', 'name': 'Swoboda, Nikki'}","100","24","","7","7","5","Movement for Musical Theater","Course dates are September 16 - October 28.                                     ;This course has class-year limits.","132","{'day': 'We', 'end': '20:00', 'location': 'CAD Studio 2', 'start': '18:00'}","False","False","","1","C","20261","Movement for the Musical Theater","Research","2026"
"0000169510","1.0","0000019891","THEAT","The attributes of the things we see and hear in the performances that we attend contribute strongly to our experience as an audience. This course considers the elements and principles of design and their application to performance work. Students study the performance space, scenery elements, costuming, lighting and shadow, and the aural experience that the audience encounters during a performance. Problem-solving, collaboration, and design development are included in project work. Also counts toward musical theater concentration.","0","0","0","0","0","ALS-A;CRE;OEP","Pflager, Niffer M.","{'fsnum': '35064', 'name': 'Pflager, Niffer M.'}","100","18","","5","10","5","Intro to Design: Perform","This course has class-year limits.  Course fee is $50.","140","{'day': 'Mo', 'end': '10:00', 'location': 'TB 227', 'start': '09:05'};{'day': 'We', 'end': '10:00', 'location': 'TB 227', 'start': '09:05'};{'day': 'Fr', 'end': '10:00', 'location': 'TB 227', 'start': '09:05'}","False","False","","1","X","20261","Introduction to Design for Performance","Research","2026"
"0000172581","1.0","0000043218","THEAT","The goal of this course is to provide students with an introduction to basic techniques commonly used in theater production. The course focuses on simultaneous development of skills used to create scenery, lighting, and costumes. Successful completion of this course is recommended prior to theater design courses and work backstage. Offered annually during fall semester.","20","5","4","3","8","OEP","Pflager, Niffer M.","{'fsnum': '35064', 'name': 'Pflager, Niffer M.'}","100","30","","","","","Stagecraft","$60 ticket and transportation fee required.","150","{'day': 'Tu', 'end': '11:00', 'location': 'TB Kelsey', 'start': '09:35'};{'day': 'Th', 'end': '10:50', 'location': 'TB Kelsey', 'start': '09:30'}","False","False","","1","O","20261","","Research","2026"
"0000169965","1.0","0000001383","THEAT","Play texts are the raw material for our classes in acting, directing, design, and historical studies. This introductory course for theater majors introduces students to canonical texts and performances that have helped to define our field. Primary emphasis is on the text as a blueprint for production focusing on analysis, variety of interpretation, the changing nature of theater space, and our growing awareness of the changing nature of performance. Students are expected to communicate clarity of understanding both orally and in writing. Non-majors are invited to take this course, though its primary focus is a comprehensive preparation for further theater studies. Offered each semester.","15","9","1","2","3","ALS-L;CRE;WRI","Buis, Kate","{'fsnum': '9006094', 'name': 'Buis, Kate'}","100","18","","5","10","5","Text and Performance","This course has class-year limits.","180","{'day': 'Mo', 'end': '14:55', 'location': 'CAD 202', 'start': '14:00'};{'day': 'We', 'end': '14:55', 'location': 'CAD 202', 'start': '14:00'};{'day': 'Fr', 'end': '14:55', 'location': 'CAD 202', 'start': '14:00'}","False","False","","1","O","20261","","Research","2026"
"0000169923","1.0","0000001385","THEAT","This studio course focuses on the fundamentals of stage direction. Students develop skills of play selection, audience analysis, text interpretation, working with actors, stage picturization and blocking, design considerations, and the process of casting and rehearsals. A primary focus is on developing a point of view about theater and directing by the study of other directors and theories of theater. Offered annually in the fall semester. Prerequisites: THEAT 110 or THEAT 180, and THEAT 115 or THEAT 130 or THEAT 131, and THEAT 140.","18","2","7","4","5","CRE;OEP","Pillatzki-Warzeha, Sara","{'fsnum': '32968', 'name': 'Pillatzki-Warzeha, Sara'}","200","18","","5","10","5","Stage Direction","This course has class-year limits.                                              ;$60 ticket and transportation fee required.","232","{'day': 'Tu', 'end': '13:10', 'location': 'TB Haugen', 'start': '23:45'};{'day': 'Th', 'end': '14:05', 'location': 'TB Haugen', 'start': '12:45'}","False","Prerequisites: THEAT 110 or THEAT 180, and THEAT 115 or THEAT 130 or THEAT 131, and THEAT 140.","","1","C","20261","","Research","2026"
"0000169978","0.25","0000001386","THEAT","This theater lab involves the student in the conceptual and practical processes of artistic creation and performance production in theater. Students study current theory and practice as well as historical approaches to performance problems. Lab sessions include creative projects and practical problem-solving in assistant directing, acting, or dramaturgy as part of the St. Olaf theater season. P/N only. First-year students are encouraged to enroll. May be repeated. Registration is by audition or interview only. Offered each semester.","0","0","0","0","0","ALS-A;CRE;OEP","Hansen, Peter C.","{'fsnum': '31118', 'name': 'Hansen, Peter C.'}","200","18","","","","","Theater Lab: Act/Direct","","233","","True","False","A","1","C","20261","Theater Lab: Acting, Directing, Dramaturgy","Lab","2026"
"0000169979","","0000001386","THEAT","This theater lab involves the student in the conceptual and practical processes of artistic creation and performance production in theater. Students study current theory and practice as well as historical approaches to performance problems. Lab sessions include creative projects and practical problem-solving in assistant directing, acting, or dramaturgy as part of the St. Olaf theater season. P/N only. First-year students are encouraged to enroll. May be repeated. Registration is by audition or interview only. Offered each semester.","0","0","0","0","0","ALS-A;CRE;OEP","Hansen, Peter C.","{'fsnum': '31118', 'name': 'Hansen, Peter C.'}","200","18","","","","","Theater Lab: Act/Direct","","233","","True","False","B","1","C","20261","Theater Lab: Acting, Directing, Dramaturgy","Lab","2026"
"0000169653","1.0","0000001388","THEAT","The design and production of lighting and sound in theater, dance, music, and general presentation work plays a significant role in the experience of these events. This course introduces the production problems of lighting and sound and includes design projects in both lighting and sound. Open to majors and non-majors. Offered annually in the fall semester. Prerequisite: THEAT 140 is recommended.","18","0","4","10","4","ALS-A;CRE;OEP","Pflager, Niffer M.","{'fsnum': '35064', 'name': 'Pflager, Niffer M.'}","200","18","","5","10","5","Lighting Design","This course has class-year limits. Course fee is $50.","250","{'day': 'Mo', 'end': '11:40', 'location': 'RML 115', 'start': '10:45'};{'day': 'We', 'end': '11:40', 'location': 'RML 115', 'start': '10:45'};{'day': 'Fr', 'end': '11:40', 'location': 'RML 115', 'start': '10:45'}","False","THEAT 140 is recommended.","","1","C","20261","Lighting and Sound-Design and Production","Research","2026"
"0000169980","0.25","0000001390","THEAT","This theater lab involves the student in the conceptual and practical processes of stage performance. Class sessions include practical problem-solving and hands-on experiences for productions which are part of the St. Olaf theater season. Experiences in scenery, props, costumes, lighting, sound, and stage management are available. P/N only. First-year students are encouraged to enroll. May be repeated. Registration is by audition or interview only. The theater lab 253A: Design, Technical Production is offered each semester.","0","0","0","0","0","CRE;OEP","Riley, Megan E.","{'fsnum': '33035', 'name': 'Riley, Megan E.'}","200","18","","","","","Theater Lab: Design/Tech Prod","Theater labs include practical problem-solving and hands-on experiences         ;for productions which are part of the St. Olaf theater season, and students     ;enroll in labs solely via permission of the instructor.","253","","True","False","A","1","C","20261","Theater Lab: Design, Technical Production","Lab","2026"
"0000169981","0.25","0000001390","THEAT","This theater lab involves the student in the conceptual and practical processes of stage performance. Class sessions include practical problem-solving and hands-on experiences for productions which are part of the St. Olaf theater season. Experiences in scenery, props, costumes, lighting, sound, and stage management are available. P/N only. First-year students are encouraged to enroll. May be repeated. Registration is by audition or interview only. The theater lab 253A: Design, Technical Production is offered each semester.","0","0","0","0","0","ALS-A;CRE;OEP","Riley, Megan E.","{'fsnum': '33035', 'name': 'Riley, Megan E.'}","200","18","","","","","Theater Lab: Design/Tech Prod","Theater labs include practical problem-solving and hands-on experiences         ;for productions which are part of the St. Olaf theater season, and students     ;enroll in labs solely via permission of the instructor.","253","","True","False","B","1","C","20261","Theater Lab: Design, Technical Production","Lab","2026"
"0000169982","","0000001390","THEAT","This theater lab involves the student in the conceptual and practical processes of stage performance. Class sessions include practical problem-solving and hands-on experiences for productions which are part of the St. Olaf theater season. Experiences in scenery, props, costumes, lighting, sound, and stage management are available. P/N only. First-year students are encouraged to enroll. May be repeated. Registration is by audition or interview only. The theater lab 253A: Design, Technical Production is offered each semester.","0","0","0","0","0","ALS-A;CRE;OEP","Riley, Megan E.","{'fsnum': '33035', 'name': 'Riley, Megan E.'}","200","18","","","","","Theater Lab: Design/Tech Prod","Theater labs include practical problem-solving and hands-on experiences         ;for productions which are part of the St. Olaf theater season, and students     ;enroll in labs solely via permission of the instructor.","253","","True","False","C","1","C","20261","Theater Lab: Design, Technical Production","Lab","2026"
"0000169355","1.0","0000001391","THEAT","Examines theatrical activities, from theater's origins to 1700, from three interrelated perspectives: 1) theater as social history; 2) theater as dramatic literature; and 3) theater as performance (the result of creative decisions made by playwrights, actors, directors, and designers). Offered in the fall semester. Prerequisite: THEAT 110 or THEAT 180 or permission of instructor.","22","2","8","7","5","ALS-L;GHS;HWC;WAC;WRI","Buis, Kate","{'fsnum': '9006094', 'name': 'Buis, Kate'}","200","22","","5","10","5","History of Theater","This course has class-year limits.","270","{'day': 'Mo', 'end': '13:50', 'location': 'RML 525', 'start': '12:55'};{'day': 'We', 'end': '13:50', 'location': 'RML 525', 'start': '12:55'};{'day': 'Fr', 'end': '13:50', 'location': 'RML 525', 'start': '12:55'}","False","THEAT 110 or THEAT 180 or permission of instructor.","","1","C","20261","History of Theater up to 1700","Research","2026"
"0000170057","1.0","0000001398","THEAT","An in-depth investigation of a selected topic through readings, bibliography, reports, and projects. May be repeated if topic is different. Prerequisite: THEAT 110 or THEAT 180; some topics courses may require additional prerequisites.","0","0","0","0","0","ALS-A;ALS-L;CRE;MCS-D;ORC","Riley, Megan E.","{'fsnum': '33035', 'name': 'Riley, Megan E.'}","300","18","10","5","10","5","Top: Stage Management for Theater","This course has class-year limits.                                              ;Please note the recent time change.","379","{'day': 'Mo', 'end': '10:00', 'location': 'TB 227', 'start': '09:05'};{'day': 'We', 'end': '10:00', 'location': 'TB 227', 'start': '09:05'};{'day': 'Fr', 'end': '10:00', 'location': 'TB 227', 'start': '09:05'}","False","THEAT 110 or THEAT 180; some topics courses may require additional prerequisites.","","1","X","20261","Topics in Interpretation and Theater","Topic","2026"
"0000172094","1.0","0000036257","WRIT","When we read a text that is distant from us, whether in time, space, cultural or social context, how do we overcome that distance? As writers, whether our aim is to create a text that pleases or persuades, how do we work towards closing the distance between ourselves and our readers? These are the general questions that we will wrestle with this semester. We will approach them head-on through readings and discussions of a world that will be so distant for many of us that we might not know anything about it at all -- medieval Eastern Europe. In so doing, we will find out how filthy vikings really were, how much bread a squirrel skin could buy in the tenth century, and finally what was an aurochs? By the end, we will gain a better understanding of how to approach texts produced by cultures and peoples that are profoundly distant from us and become better readers and writers in the process.","15","13","0","2","0","WRR","Morse, Ashley","{'fsnum': '9002449', 'name': 'Morse, Ashley'}","100","18","","0","","0","Top: Riding and Writing","Section topic: Riding and Writing: Overcoming Distance in Medieval Europe","120","{'day': 'Mo', 'end': '08:55', 'location': 'TOH 214', 'start': '08:00'};{'day': 'We', 'end': '08:55', 'location': 'TOH 214', 'start': '08:00'};{'day': 'Fr', 'end': '08:55', 'location': 'TOH 214', 'start': '08:00'}","False","False","A","1","O","20261","Writing and Rhetoric","Topic","2026"
"0000172095","1.0","0000036257","WRIT","The word ""utopia"" means both a ""good place"" and ""no place."" Utopian literature embraces this duality by imagining places better than our own. This seminar will begin with these literary utopias before considering historical attempts to make a ""good place"" in a real place and time. We'll investigate the common problems that both real and imagined utopias have tried to solve, and we’ll seek to understand the roots of these problems. Writing for the course will emphasize research, analysis, argumentation, and reflection.","10","10","0","0","0","WRR","Shaiman, Jennifer","{'fsnum': '30174', 'name': 'Shaiman, Jennifer'}","100","18","","0","","0","Top: A Good Place","Section topic: A Good Place","120","{'day': 'Mo', 'end': '08:55', 'location': 'RML 420', 'start': '08:00'};{'day': 'We', 'end': '08:55', 'location': 'RML 420', 'start': '08:00'};{'day': 'Fr', 'end': '08:55', 'location': 'RML 420', 'start': '08:00'}","False","False","B","1","O","20261","Writing and Rhetoric","Topic","2026"
"0000172096","1.0","0000036257","WRIT","This seminar is designed for students interested in language as action in ""real life,"" literature, and performance. In each context, speakers seek to connect with and influence others through language. Questions we may address are: What makes a good conversation? Why (and when) do we lie? How does dialogue capture voices in personal narrative? What is a character trying to achieve through the words they speak in a scene? How does an actor convey and interpret intentions already present in the play's language? We'll seek to answer them through careful observation of our own conversations, readings in non-fiction and drama, and viewing live and filmed productions. Students synthesize these experiences and the results of their inquisitive research to write in several modes and genres. The writing process for these assignments integrates substantial time for workshops of drafts and students' reflections on their own rhetorical practices and development.","10","10","0","0","0","WRR","Marsalek, Karen E.","{'fsnum': '10015', 'name': 'Marsalek, Karen E.'}","100","18","","0","","0","Top: Language as Action","Section topic: Language as Action: Dialogue, Discussion, and Dramtic Literature","120","{'day': 'Mo', 'end': '11:40', 'location': 'RML 420', 'start': '10:45'};{'day': 'We', 'end': '11:40', 'location': 'RML 420', 'start': '10:45'};{'day': 'Fr', 'end': '11:40', 'location': 'RML 420', 'start': '10:45'}","False","False","C","1","O","20261","Writing and Rhetoric","Topic","2026"
"0000172097","1.0","0000036257","WRIT","In this seminar, we'll explore the evolution and manifestations of how society has tried to control and shape our environment and the spaces we live in--from suburbs to the planning of major cities to what makes an area like Division Street in Northfield difficult to replicate. How has this obsession with placemaking (including our digital streets) impacted our conception of family, work, and community? How has the organization of our neighborhoods contributed to racism and socio-economic divides? Major assignments will include personal narratives and reflective journals, an op-ed, a creative project centering around town/city planning, and a major research essay.","11","11","0","0","0","WRR","Nagamatsu, Sequoia","{'fsnum': '28100', 'name': 'Nagamatsu, Sequoia'}","100","18","","0","","0","Top: The Places We Make","Section topic: The Places We Make","120","{'day': 'Mo', 'end': '11:40', 'location': 'RML 520', 'start': '10:45'};{'day': 'We', 'end': '11:40', 'location': 'RML 520', 'start': '10:45'};{'day': 'Fr', 'end': '11:40', 'location': 'RML 520', 'start': '10:45'}","False","False","D","1","O","20261","Writing and Rhetoric","Topic","2026"
"0000172098","1.0","0000036257","WRIT","How do we know what's ethical in a medical setting, and how can we explore those ethics through literature? Going a step further: how can reading and writing lead us to deeper insights about the nature of health itself, including the health of an individual, a group, or even a society? And how do processes of research and reflection inform the daily choices of readers, writers, and medical practitioners? As we explore a range of genres in this seminar, from illustrated memoir and drama to journalism and personal essays, we'll ask how literature and medicine can interact to teach us about observing details, setting priorities, and listening in ethical ways. By working on three sequenced portfolio collections of writing during the semester, each student will hone their own authorial voice before learning to engage with one other writer on a key medical debate, and finally host a research conversation between multiple cited sources.","17","15","0","2","0","WRR","Simpson-Younger, Nancy","{'fsnum': '15225', 'name': 'Simpson-Younger, Nancy'}","100","18","","0","","0","Top: Literature and Medicine","Section topic: Literature and Medicine","120","{'day': 'Mo', 'end': '10:00', 'location': 'OM 140', 'start': '09:05'};{'day': 'We', 'end': '10:00', 'location': 'OM 140', 'start': '09:05'};{'day': 'Fr', 'end': '10:00', 'location': 'OM 140', 'start': '09:05'}","False","False","E","1","O","20261","Writing and Rhetoric","Topic","2026"
"0000172100","1.0","0000036257","WRIT","Have you noticed that despite our unprecedented access to news, entertainment, and social networks, it can often seem harder to stay informed and easier to feel disconnected? This feeling has a history, and this course follows the rise of the modern media--from the transnational networks built in the 19th century to the growth of broadcast media in the 20th century and the rapid spread of social media in the 21st century. We not only explore the histories of technological change (the telegraph, the television, and the internet), but also grapple with the questions they have raised about knowledge, free speech, social fracture, and the future of democracy. Our daily experience of media is deeply personal, and through reading, conversation, and argumentative writing we will discover why our media landscape appears the way it does and how we can find a stable and healthy orientation within it.","18","17","0","1","0","WRR","Wilz, Patrick","{'fsnum': '33927', 'name': 'Wilz, Patrick'}","100","18","","0","","0","Top: The Modern Media","Section topic: The Modern Media, from the Telegraph to TikTok                   ;This course includes an academic civic engagement (ACE) component.","120","{'day': 'Mo', 'end': '13:50', 'location': 'HH 205', 'start': '12:55'};{'day': 'We', 'end': '13:50', 'location': 'HH 205', 'start': '12:55'};{'day': 'Fr', 'end': '13:50', 'location': 'HH 205', 'start': '12:55'}","False","False","F","1","C","20261","Writing and Rhetoric","Topic","2026"
"0000172101","1.0","0000036257","WRIT","Many people today yearn for slowness and connection with each other and the earth as we navigate ecological degradation, rising global autocracy, and accelerating AI automation. In this seminar, we trace the roots of these crises through reading and discussion, and work to imagine alternatives to our current society. Together, we explore what animals, plants, fungi, and water can teach us about liberation and living in right relations with our more-than-human world. We also practice a slow, salvage-and-repair writing process, composing messy first drafts without AI or automation, practicing research as a method to honor our intellectual ""ancestors,"" and developing our voices as civic and public writers, imagining and contributing to livable futures for the common good.","17","17","0","0","0","WRR","Eichberger, Ryan C.","{'fsnum': '32101', 'name': 'Eichberger, Ryan C.'}","100","18","","0","","0","Top: Authentic Living","Section topic: Authentic Living on a Damaged Planet                             ;This course includes an academic civic engagement (ACE) component.","120","{'day': 'Mo', 'end': '14:55', 'location': 'RML 420', 'start': '14:00'};{'day': 'We', 'end': '14:55', 'location': 'RML 420', 'start': '14:00'};{'day': 'Fr', 'end': '14:55', 'location': 'RML 420', 'start': '14:00'}","False","False","G","1","O","20261","Writing and Rhetoric","Topic","2026"
"0000172099","1.0","0000036257","WRIT","Human beings have created and increasingly inhabit a digital world. Our reliance on computers, phones, and digital technology, however, is a recent development. How are our relationships with devices and technology altering us individually? Collectively? Evolutionarily? This seminar will examine the social, psychological, physical, and cultural impacts of computers, internet, smartphones, and AI. We will explore these impacts from different perspectives, including science, social science, and science fiction. Students will reflect on their technology habits, experiment with habit changes, and write a review, an argumentative essay, speculative fiction, and a research project on a topic of their choice.","16","15","1","0","0","WRR","Parmar, Nissa","{'fsnum': '9002679', 'name': 'Parmar, Nissa'}","100","18","","0","","0","Top: Technology and Humanity","Section topic: The Science and Science Fiction of Technology and Humanity","120","{'day': 'Tu', 'end': '09:25', 'location': 'RML 520', 'start': '08:00'};{'day': 'Th', 'end': '09:20', 'location': 'RML 520', 'start': '08:00'}","False","False","H","1","O","20261","Writing and Rhetoric","Topic","2026"
"0000172102","1.0","0000036257","WRIT","What does it mean for art to be ""good"" or ""bad?"" For example, why does Instagram poetry raise questions about its validity as art? What about paintings that try to be ugly? What makes the film The Room ""so bad it's good?"" This seminar explores forms of ""bad"" and ""ugly"" art--specifically in poetry, visual art, and on the screen--that nevertheless attract attention and praise. Our reading, writing, and discussion aim to clarify the nature and the stakes of the most fundamental questions related to art, literature, and aesthetics. Does beauty have an essence that can be identified, qualified, and quantified independent of culture? Is there a connection between our sense of what is ""beautiful"" and our sense of what is ""good"" or ""just"" or ""ethical""? We'll go beyond art to consider how our individual aesthetic tastes influence our friendships and relationship tastes. Students will read, view, watch, and write in order to learn about existing aesthetic theories and to develop their own. Major writing assignments will include a ""letter of recommendation"" for an object or text that you think is ""beautiful"" and a research project that examines an ""ugly"" work of art within the context of existing aesthetic theories.","15","15","0","0","0","WRR","DeFries, Brett B.","{'fsnum': '19433', 'name': 'DeFries, Brett B.'}","100","18","","0","","0","Top: Art and Beauty","Section topic: Art and Beauty: The Good, the Bad, and the Ugly","120","{'day': 'Tu', 'end': '09:25', 'location': 'RML 421', 'start': '08:00'};{'day': 'Th', 'end': '09:20', 'location': 'RML 421', 'start': '08:00'}","False","False","I","1","O","20261","Writing and Rhetoric","Topic","2026"
"0000172103","1.0","0000036257","WRIT","This seminar explores the use of writing as a way of engendering the body and its multiple identities: that is, the body as a sex, raced, queer, and non-normative matter. We will practice close reading through class discussions, personal essays, reflections, and short digital responses while engaging in a relational examination of how contemporary memoirs, essays, short fictions, and other narratives and media show the relationship between consciousness and the body. We will explore how writers narrate what it means to have a disabled, dying, diseased, or ethnically othered body, and how these different conditions are formally and thematically represented across genres and media. It centers how writers narrate embodied experiences, craft alternative spaces of kinship and belonging, love and acceptance, against limiting and normative social categories. To develop as writers, students will be expected to engage in close reading, to write critically and to develop their skills by engaging in regular peer review of each other’s writing (understanding writing as a process that improves through collaboration), and finally by composing a final paper or creative project on a course theme. Readings might include Marjane Satrapi, Lucy Grealy, Jamaica Kincaid, James Baldwin, Richard Rodríguez, and Gloria Anzaldúa. This seminar is ideal for students interested in feminism, queer thinking, and comparative race studies.","0","0","0","0","0","WRR","Sepulveda Ortiz, Joseph","{'fsnum': '35066', 'name': 'Sepulveda Ortiz, Joseph'}","100","18","","0","","0","Top: Writing Self, Writing Body","Section topic: Writing the Self, Writing the Body","120","{'day': 'Tu', 'end': '11:00', 'location': 'RML 421', 'start': '09:35'};{'day': 'Th', 'end': '10:50', 'location': 'RML 421', 'start': '09:30'}","False","False","J","1","X","20261","Writing and Rhetoric","Topic","2026"
"0000172104","1.0","0000036257","WRIT","How did we get from Richard Nixon and DJ Kool Herc's break to Obama's playlists and Cardi B? This writing course uses hip-hop culture as a guide to the social, political, economic, and artistic changes that have taken place in the US since the early 1970s. We will focus on the historical circumstances and unique spaces out of which hip-hop has arisen as well as the culture's own conceptions of history, social life, and aesthetics, or what you might call its poetics of place. Our study of hip-hop culture will encourage us to think about writing as a process, a practice of daily attention and development. To this end, you will learn to write in diverse formats, from close listening exercises and album reviews to personal reflection papers and a research-driven essay. As a class, we will participate in a semester-long series of workshops that will invite you to generate and circulate drafts among your peers, respond to and provide feedback on the work of others, and revise your writing.","15","15","0","0","0","WRR","Ward, Sean F.","{'fsnum': '28145', 'name': 'Ward, Sean F.'}","100","18","","0","","0","Top: Hip-hop Cult/Poetics of Place","Section topic: Hip-hop Culture and the Poetics of Place","120","{'day': 'Tu', 'end': '11:00', 'location': 'RML 520', 'start': '09:35'};{'day': 'Th', 'end': '10:50', 'location': 'RML 520', 'start': '09:30'}","False","False","K","1","O","20261","Writing and Rhetoric","Topic","2026"
"0000172105","1.0","0000036257","WRIT","Environmental Humanities is the name given to the effort to bring together the humanities (literature, art, history, philosophy) and the sciences to address contemporary environmental problems like climate change. This approach recognizes the physical, cultural, and social elements that contribute to complex definitions of environment and environmental problems. In this seminar, we will explore a variety of texts that engage the sciences and humanities to appreciate the essential role that storytelling, poetry, cinema, and other creative genres play in bringing diverse voices and multicultural perspectives to understanding and addressing environmental issues. Students will write a narrative argument, critical analysis, and develop a research project based on a course theme or subject.","18","17","0","1","0","WRR","Parmar, Nissa","{'fsnum': '9002679', 'name': 'Parmar, Nissa'}","100","18","","0","","0","Top: Environmental Humanities","Section topic: Environmental Humanities","120","{'day': 'Tu', 'end': '13:10', 'location': 'TOH 112', 'start': '23:45'};{'day': 'Th', 'end': '14:05', 'location': 'TOH 112', 'start': '12:45'}","False","False","L","1","C","20261","Writing and Rhetoric","Topic","2026"
"0000172106","1.0","0000036257","WRIT","Stephen Hawking once mused that ""[c]omputers will overtake humans with AI within the next 100 years. When that happens, we need to make sure the computers have goals aligned with ours."" Artificial Intelligence (AI) will fundamentally change our world; on this point, scientists, journalists, and creative writers all agree. How it will do so, and whether those changes are positive or catastrophic, is up for debate. In this seminar, we will delve into discussions about AI in the United States and Britain in the contemporary era (1850s-present) and analyze how we talk about AI: what it can do, what it can't (or shouldn’t) do, and what role humans should play in the process. This seminar does not require any technical knowledge and will not ask you to do any coding. Instead, we will read creative works, watch films, and play with generative AI platforms to look at representations of AI to understand how they shape our understanding of this technology, explore its impact on society, and consider its implications for our understanding of our own humanity.","16","14","1","1","0","WRR","Alderks, Elisabeth G.","{'fsnum': '18431', 'name': 'Alderks, Elisabeth G.'}","100","18","","0","","0","Top: AI in Culture and Discourse","Section topic: Artificial Intelligence / Analogue Ignorance?: AI in Culture and ;Discourse","120","{'day': 'Tu', 'end': '14:45', 'location': 'OM 140', 'start': '13:20'};{'day': 'Th', 'end': '15:35', 'location': 'OM 140', 'start': '14:15'}","False","False","M","1","O","20261","Writing and Rhetoric","Topic","2026"
"0000172107","1.0","0000036257","WRIT","Today and in the past, romantic love is a hotly contested theme in many kinds of narratives, including film, poetry, novels, plays, and cultural analyses. In this seminar, students write argumentative papers, interpretive essays, reflections, and other responses to love narratives from Shakespeare to early Hollywood film to contemporary memoir. The seminar will question why romantic love is such a widely celebrated subject, how it has changed over time, how its representation differs among cultures and subcultures, and how queer viewpoints, asexuality, and aromanticism have critiqued its assumptions. Class time will include discussion of assigned texts, workshopping of student writing, and in-class writing sessions.","17","17","0","0","0","WRR","Trull, Mary E.","{'fsnum': '15822', 'name': 'Trull, Mary E.'}","100","18","","0","","0","Top: Romantic Love","Section topic: Romantic Love","120","{'day': 'Tu', 'end': '14:45', 'location': 'OM 210', 'start': '13:20'};{'day': 'Th', 'end': '15:35', 'location': 'OM 210', 'start': '14:15'}","False","False","N","1","O","20261","Writing and Rhetoric","Topic","2026"
"0000172926","1.0","0000036257","WRIT","What does it take to build a world from scratch - and what does the act of building one reveal about storytelling, culture, and imagination? Dungeons & Dragons has been inviting players to answer that question for over 50 years, drawing on a rich literary tradition that runs from Tolkien and Jack Vance to contemporary film, television, and live-play streams like Critical Role. In this seminar, we trace the literary DNA of D&D: the foundational texts that shaped the game, the world-building traditions they created, and how those traditions became a global cultural phenomenon. We treat world-building itself as a writing practice - a way of making arguments about how societies work, what we value, and what we fear. Major writing assignments will move from close analysis of texts and games to research-driven argumentation and reflection. Students will also learn practical skills for engaging AI as a thought partner to strengthen their own writing - learning how to use it and when not to use it. Students with reservations about AI will always have non-AI alternatives. No prior experience with D&D is required or expected.","17","17","0","0","0","FYW;WRR","Killackey, Sean P.","{'fsnum': '31165', 'name': 'Killackey, Sean P.'}","100","18","","0","","0","Top: Dungeons & Dragons","Section topic: Dungeons & Dragons and the Literary Imagination","120","{'day': 'Mo', 'end': '12:45', 'location': 'OM 020', 'start': '23:50'};{'day': 'We', 'end': '12:45', 'location': 'OM 020', 'start': '23:50'};{'day': 'Fr', 'end': '12:45', 'location': 'OM 020', 'start': '23:50'}","False","False","O","1","O","20261","Writing and Rhetoric","Topic","2026"
"0000172928","1.0","0000036257","WRIT","What if we understand clarity in writing to mean not just the difference between usable and inaccessible, but also between just and violent? In this course, we will explore how clarity, or a lack thereof, shapes our experience with interpersonal and institutional power. We'll begin with the Plain Writing Act signed by President Obama in 2010, which requires federal agencies to make their documents clearer and more usable. This legislation argues that clarity will make government language more accessible to the public and by extension, yet perhaps more importantly, that it will reduce federal spending on paperwork. To explore how people communicate with diverse audiences when justice is at stake, we will analyze texts ranging from workplace emails to college marketing copy to legal prose and even long-term nuclear waste warning systems. Students in this class will develop practical rhetorical skills, including the Plain Language style guide, while also considering broader questions about language, power, and responsibility.","12","12","0","0","0","FYW;WRR","Reich, Nicholas T.","{'fsnum': '9005226', 'name': 'Reich, Nicholas T.'}","100","18","","0","","0","Top: Plain Language is Justice","Section topic: Plain Language is Justice","120","{'day': 'Tu', 'end': '13:10', 'location': 'CAD 202', 'start': '23:45'};{'day': 'Th', 'end': '14:05', 'location': 'CAD 202', 'start': '12:45'}","False","False","P","1","O","20261","Writing and Rhetoric","Topic","2026"
"0000169871","","0000036612","WRIT","","15","13","0","2","0","","Staff","{'fsnum': '', 'name': 'Staff'}","100","18","","","","","SOAR Discussion","SOAR Discussion meets on September 17, October 1, 15, 22, November 5 and 19.","120","{'day': 'Th', 'end': '12:30', 'location': 'OM 010', 'start': '23:30'}","False","","A","1","O","20261","","Discussion","2026"
"0000169872","","0000036612","WRIT","","10","10","0","0","0","","Staff","{'fsnum': '', 'name': 'Staff'}","100","18","","","","","SOAR Discussion","SOAR Discussion meets on September 17, October 1, 15, 22, November 5 and 19.","120","{'day': 'Th', 'end': '12:30', 'location': 'OM 020', 'start': '23:30'}","False","","B","1","O","20261","","Discussion","2026"
"0000169873","","0000036612","WRIT","","10","10","0","0","0","","Staff","{'fsnum': '', 'name': 'Staff'}","100","18","","","","","SOAR Discussion","SOAR Discussion meets on September 17, October 1, 15, 22, November 5 and 19.","120","{'day': 'Th', 'end': '12:30', 'location': 'OM 030', 'start': '23:30'}","False","","C","1","O","20261","","Discussion","2026"
"0000169874","","0000036612","WRIT","","11","11","0","0","0","","Staff","{'fsnum': '', 'name': 'Staff'}","100","18","","","","","SOAR Discussion","SOAR Discussion meets on September 17, October 1, 15, 22, November 5 and 19.","120","{'day': 'Th', 'end': '12:30', 'location': 'TOH 184', 'start': '23:30'}","False","","D","1","O","20261","","Discussion","2026"
"0000169875","","0000036612","WRIT","","17","15","0","2","0","","Staff","{'fsnum': '', 'name': 'Staff'}","100","18","","","","","SOAR Discussion","SOAR Discussion meets on September 17, October 1, 15, 22, November 5 and 19.","120","{'day': 'Th', 'end': '12:30', 'location': 'OM 140', 'start': '23:30'}","False","","E","1","O","20261","","Discussion","2026"
"0000169876","","0000036612","WRIT","","18","17","0","1","0","","Staff","{'fsnum': '', 'name': 'Staff'}","100","18","","","","","SOAR Discussion","SOAR Discussion meets on September 17, October 1, 15, 22, November 5 and 19.","120","{'day': 'Th', 'end': '12:30', 'location': 'TOH 210', 'start': '23:30'}","False","","F","1","C","20261","","Discussion","2026"
"0000169877","","0000036612","WRIT","","17","17","0","0","0","","Staff","{'fsnum': '', 'name': 'Staff'}","100","18","","","","","SOAR Discussion","SOAR Discussion meets on September 17, October 1, 15, 22, November 5 and 19.","120","{'day': 'Th', 'end': '12:30', 'location': 'OM 240', 'start': '23:30'}","False","","G","1","O","20261","","Discussion","2026"
"0000169878","","0000036612","WRIT","","16","15","1","0","0","","Staff","{'fsnum': '', 'name': 'Staff'}","100","18","","","","","SOAR Discussion","SOAR Discussion meets on September 17, October 1, 15, 22, November 5 and 19.","120","{'day': 'Th', 'end': '12:30', 'location': 'OM 305', 'start': '23:30'}","False","","H","1","O","20261","","Discussion","2026"
"0000169879","","0000036612","WRIT","","15","15","0","0","0","","Staff","{'fsnum': '', 'name': 'Staff'}","100","18","","","","","SOAR Discussion","SOAR Discussion meets on September 17, October 1, 15, 22, November 5 and 19.","120","{'day': 'Th', 'end': '12:30', 'location': 'RNS 190', 'start': '23:30'}","False","","I","1","O","20261","","Discussion","2026"
"0000169880","","0000036612","WRIT","","0","0","0","0","0","","Staff","{'fsnum': '', 'name': 'Staff'}","100","18","","","","","SOAR Discussion","SOAR Discussion meets on September 17, October 1, 15, 22, November 5 and 19.","120","{'day': 'Th', 'end': '12:30', 'location': 'HH 205', 'start': '23:30'}","False","","J","1","X","20261","","Discussion","2026"
"0000169881","","0000036612","WRIT","","15","15","0","0","0","","Staff","{'fsnum': '', 'name': 'Staff'}","100","18","","","","","SOAR Discussion","SOAR Discussion meets on September 17, October 1, 15, 22, November 5 and 19.","120","{'day': 'Th', 'end': '12:30', 'location': 'TOH 114', 'start': '23:30'}","False","","K","1","O","20261","","Discussion","2026"
"0000169882","","0000036612","WRIT","","17","17","0","0","0","","Staff","{'fsnum': '', 'name': 'Staff'}","100","18","","","","","SOAR Discussion","SOAR Discussion meets on September 17, October 1, 15, 22, November 5 and 19.","120","{'day': 'Th', 'end': '12:30', 'location': 'RNS 208', 'start': '23:30'}","False","","L","1","O","20261","","Discussion","2026"
"0000169883","","0000036612","WRIT","","16","14","1","1","0","","Staff","{'fsnum': '', 'name': 'Staff'}","100","18","","","","","SOAR Discussion","SOAR Discussion meets on September 17, October 1, 15, 22, November 5 and 19.","120","{'day': 'Th', 'end': '12:30', 'location': 'RNS 206', 'start': '23:30'}","False","","M","1","O","20261","","Discussion","2026"
"0000169891","","0000036612","WRIT","","17","17","0","0","0","","Staff","{'fsnum': '', 'name': 'Staff'}","100","18","","","","","SOAR Discussion","SOAR Discussion meets on September 17, October 1, 15, 22, November 5 and 19.","120","{'day': 'Th', 'end': '12:30', 'location': 'HH 502', 'start': '23:30'}","False","","N","1","O","20261","","Discussion","2026"
"0000172927","","0000036612","WRIT","","17","17","0","0","0","","Staff","{'fsnum': '', 'name': 'Staff'}","100","18","","","","","SOAR Discussion","SOAR Discussion meets on September 17, October 1, 15, 22, November 5 and 19.","120","{'day': 'Th', 'end': '12:30', 'location': 'RNS 435', 'start': '23:30'}","False","","O","1","O","20261","","Discussion","2026"
"0000172929","","0000036612","WRIT","","12","12","0","0","0","","Staff","{'fsnum': '', 'name': 'Staff'}","100","18","","","","","SOAR Discussion","SOAR Discussion meets on September 17, October 1, 15, 22, November 5 and 19.","120","{'day': 'Th', 'end': '12:30', 'location': 'HH 201', 'start': '23:30'}","False","","P","1","O","20261","","Discussion","2026"

