"clbid","credits","crsid","department","description","enrolled","enrollment_fy","enrollment_jr","enrollment_so","enrollment_sr","gereqs","instructors","instructors_full","level","max","max_fy","max_jr","max_so","max_sr","name","notes","number","offerings","pn","prerequisites","section","semester","status","term","title","type","year"
"0000172108","1.0","0000031261","ARTH","One of America's most revered artists, Georgia O'Keeffe loved New Mexico, writing: ""It's so beautiful there. It's ridiculous."" This course follows O'Keeffe's path through Santa Fe, Taos, and Ghost Ranch, engaging with her life and work within the Modernist movement and arts of the region. Emphasizing New Mexico's rich Indigenous and Hispanic arts and culture and its unique natural environment, the course uses feminist, decolonial, and critical landscape theories to analyze O'Keeffe and her legacy. Offered alternate years during January term. There are no prerequisites, but ARTH 253 is recommended.","13","0","1","8","4","ALS-A;CRE;MCD;OEP","Ryan, Hannah","{'fsnum': '31158', 'name': 'Ryan, Hannah'}","200","19","","","","","O'Keeffe and Arts of New Mexico","This is a study away course. You will find this course listed in Studio Abroad  ;under its course title.","261","","False","False","","2","O","20262","","Research","2026"
"0000173052","1.0","0000001496","ARTS","This course introduces students to the ceramic processes of wheel throwing and hand building as means for creating works of art. Students learn terminology and critical approaches to ceramics. Students develop critical skills and the ability to analyze and interpret ceramic artwork. The course emphasizes creative approaches to solving visual problems through ceramic work. Slide presentations on contemporary and historical ceramics provide background for assignments and highlight the role of ceramics in various cultural contexts. Materials fee. Offered each semester.","0","0","0","0","0","ALS-A;CRE","Morrison, David P.","{'fsnum': '9006376', 'name': 'Morrison, David P.'}","200","16","","","","","Ceramics","The materials fee for ARTS 207 is $185.","207","{'day': 'Mo', 'end': '15:00', 'location': 'TBA', 'start': '13:00'};{'day': 'Tu', 'end': '15:00', 'location': 'TBA', 'start': '13:00'};{'day': 'We', 'end': '15:00', 'location': 'TBA', 'start': '13:00'};{'day': 'Th', 'end': '15:00', 'location': 'TBA', 'start': '13:00'};{'day': 'Fr', 'end': '15:00', 'location': 'TBA', 'start': '13:00'};{'day': 'Mo', 'end': '12:40', 'location': 'TBA', 'start': '22:40'};{'day': 'Tu', 'end': '12:40', 'location': 'TBA', 'start': '22:40'};{'day': 'We', 'end': '12:40', 'location': 'TBA', 'start': '22:40'};{'day': 'Th', 'end': '12:40', 'location': 'TBA', 'start': '22:40'};{'day': 'Fr', 'end': '12:40', 'location': 'TBA', 'start': '22:40'}","False","False","","2","O","20262","","Research","2026"
"0000172109","1.0","0000000037","ARTS","Through a sequence of architectural design projects, students learn drawing (hand drafting and computer-aided drawing and design) and architectural design processes that require the integration of social, artistic, technical, and environmental issues typical of real projects. Visiting architects are involved. Field trips to experience spaces/places augment the studio work. Materials fee. Offered alternate years. Prerequisite: ARTS 102 or ARTS 103 or ARTS 104 or permission of instructor.","0","0","0","0","0","","Staff","{'fsnum': '', 'name': 'Staff'}","200","16","0","","","","Architectural Drawing and Design I","Pre-requisite: Must have taken ARTS 102, ARTS 103 OR ARTS 104.                  ;Not open to first-year students.","225","{'day': 'Mo', 'end': '15:00', 'location': 'TBA', 'start': '13:00'};{'day': 'Tu', 'end': '15:00', 'location': 'TBA', 'start': '13:00'};{'day': 'We', 'end': '15:00', 'location': 'TBA', 'start': '13:00'};{'day': 'Th', 'end': '15:00', 'location': 'TBA', 'start': '13:00'};{'day': 'Fr', 'end': '15:00', 'location': 'TBA', 'start': '13:00'};{'day': 'Mo', 'end': '12:40', 'location': 'TBA', 'start': '22:40'};{'day': 'Tu', 'end': '12:40', 'location': 'TBA', 'start': '22:40'};{'day': 'We', 'end': '12:40', 'location': 'TBA', 'start': '22:40'};{'day': 'Th', 'end': '12:40', 'location': 'TBA', 'start': '22:40'};{'day': 'Fr', 'end': '12:40', 'location': 'TBA', 'start': '22:40'}","False","ARTS 102 or ARTS 103 or ARTS 104 or permission of instructor.","","2","O","20262","Architectural Design I","Research","2026"
"0000173560","1.0","0000020656","ARTS","This course provides a comprehensive research opportunity, including an introduction to relevant background material, technical instruction, identification of a meaningful project, and data collection. The topic is determined by the faculty member in charge of the course and may relate to their research interests. Offered based on department decision. May be offered as a 1.00 credit course or .50 credit course. Prerequisite: determined by individual instructor.","0","0","0","0","0","","Wu, Peng","{'fsnum': '9002464', 'name': 'Wu, Peng'}","300","6","","","","","Research: Digital Fabrication","Course topic: Digital Fabrication as Creative Practice                          ;Registration by application.","396","","False","determined by individual instructor.","","2","O","20262","Directed Undergraduate Research","Research","2026"
"0000171964","1.0","0000000078","ASIAN","This course examines major cultures of Asia from interdisciplinary and comparative perspectives. Themes vary from year to year, but may include urban and rural life, heroic ideals, gender and sexuality, medicine and healing traditions, and nation-building and empire.","0","0","0","0","0","GHS;MCG;MCS-G","Yun, Sungha","{'fsnum': '33051', 'name': 'Yun, Sungha'}","100","24","","","","","Asian Cultures","","121","{'day': 'Mo', 'end': '12:40', 'location': 'TBA', 'start': '22:40'};{'day': 'Tu', 'end': '12:40', 'location': 'TBA', 'start': '22:40'};{'day': 'We', 'end': '12:40', 'location': 'TBA', 'start': '22:40'};{'day': 'Th', 'end': '12:40', 'location': 'TBA', 'start': '22:40'};{'day': 'Fr', 'end': '12:40', 'location': 'TBA', 'start': '22:40'}","False","False","","2","O","20262","Asian Cultures in Comparative Perspectives","Research","2026"
"0000170285","1.0","0000000080","ASIAN","This course explores major aspects of language use that reflect Japanese culture and society. Issues covered include the characteristics of the Japanese language, loan words, regional differences, politeness, gender differences, and communication styles. The course is taught in a combination of lectures, class discussions, subtitled Japanese films, anime (Japanese animation), and student presentations. Knowledge of Japanese helpful but not necessary. Readings, lectures, and discussions are all in English. Offered alternate years.","0","0","0","0","0","GHS;HBS;MCG;MCS-G;SCS","Staff","{'fsnum': '', 'name': 'Staff'}","100","24","","","","","Language in Japanese Society","","126","{'day': 'Mo', 'end': '15:00', 'location': 'TOH 310', 'start': '13:00'};{'day': 'Tu', 'end': '15:00', 'location': 'TOH 310', 'start': '13:00'};{'day': 'We', 'end': '15:00', 'location': 'TOH 310', 'start': '13:00'};{'day': 'Th', 'end': '15:00', 'location': 'TOH 310', 'start': '13:00'};{'day': 'Fr', 'end': '15:00', 'location': 'TOH 310', 'start': '13:00'}","False","False","","2","O","20262","","Research","2026"
"0000170200","1.0","0000037429","ASIAN","In this course, students travel to China. They consider how direct experience provides them with their own narratives about people, places, and culture of China. Through attention to their own structured and unstructured experiences during the course, students better understand how ordinary people construct ""Chinese"" and ""Asian"" culture and society today. Through multifaceted engagement with multiple sites in China students may visit during their stay, they analyze the role representation and narrative play in both their encounter with and study of Asia. Offered periodically during January Term. Apply through Smith Center for Global Engagement. Prerequisites: at least one Chinese language course or equivalent.","23","0","6","14","3","OEP;SCS","Zhou, Ying","{'fsnum': '26220', 'name': 'Zhou, Ying'}","200","16","","","","","Encountering China: Shanghai","This is a study abroad course. You will find this course listed in Studio Abroad;under its course title.","217","","False","Prerequisites: at least one Chinese language course or equivalent.","","2","C","20262","Encountering China","Research","2026"
"0000170201","1.0","0000040041","ASIAN","Students pursue guided fieldwork experience and language study in Japan. Activities and readings in this course build on the topics from ASCON 110 and ASCON 120 and language study. Students continue to explore their understanding of Asia through language activities, site visits, and ethnographic observations. Students complete language-based tasks and follow a process of inquiry that will help them understand how ordinary people construct ""Asian"" culture and society today. Offered periodically during January term. Priority will be given to ASCON students. Prerequisite: at least one semester of Japanese language study at St Olaf or equivalent.","19","0","2","10","7","GHS;OEP","Quimby, Joanne","{'fsnum': '28070', 'name': 'Quimby, Joanne'}","200","16","","","","","Encountering Japan: Tokyo","This is a study abroad course. You will find this course listed in Studio Abroad;under its course title.","218","","False","at least one semester of Japanese language study at St Olaf or equivalent.","","2","C","20262","","Research","2026"
"0000170204","1.0","0000017674","BI/ES","Human health is affected by the biological environment, a teeming world of parasites and diseases, and the physical environment -- the water, air, and landscapes that we inhabit. Human interactions with the environment have changed rapidly, as human populations grow, travel increases, and ecosystems are altered. This course touches upon traditional environmental topics such as air and water quality and integrates newer public health challenges such as emerging diseases and food-borne illnesses. Offered periodically. Prerequisite: an introductory science course.","0","0","0","0","0","IST;NSC","Angell, Diane K.","{'fsnum': '256', 'name': 'Angell, Diane K.'}","200","24","","","","","Environmental Health","","228","{'day': 'Mo', 'end': '12:40', 'location': 'RNS 435', 'start': '22:40'};{'day': 'Tu', 'end': '12:40', 'location': 'RNS 435', 'start': '22:40'};{'day': 'We', 'end': '12:40', 'location': 'RNS 435', 'start': '22:40'};{'day': 'Th', 'end': '12:40', 'location': 'RNS 435', 'start': '22:40'};{'day': 'Fr', 'end': '12:40', 'location': 'RNS 435', 'start': '22:40'}","False","an introductory science course.","","2","O","20262","","Research","2026"
"0000170349","1.0","0000000104","BIO","Issues of women's biology including views of the evolving female and biological determinism are examined. Core material covers anatomy, development, the biological basis of gender, reproduction, sexual response, the menstrual cycle and aging, and aspects of women's health such as eating disorders, cancers, and hormonal treatments. Students participate in significant amounts of group work and oral presentation. The course is open to both men and women. Offered during January term.","0","0","0","0","0","IST;NSC;NTS;SED","Pettitt, Beth","{'fsnum': '27204', 'name': 'Pettitt, Beth'}","100","24","6","6","6","6","The Biology of Women","This course has class-year limits.","124","{'day': 'Mo', 'end': '15:00', 'location': 'TBA', 'start': '13:00'};{'day': 'Tu', 'end': '15:00', 'location': 'TBA', 'start': '13:00'};{'day': 'We', 'end': '15:00', 'location': 'TBA', 'start': '13:00'};{'day': 'Th', 'end': '15:00', 'location': 'TBA', 'start': '13:00'};{'day': 'Fr', 'end': '15:00', 'location': 'TBA', 'start': '13:00'}","False","False","","2","O","20262","","Research","2026"
"0000172110","1.0","0000042944","BIO","This course explores the intersections of science and culture in Japan. Students gain field research experience while examining the unique ecosystems of the Kii Peninsula, a UNESCO World Heritage Site home to numerous endemic species of flora and fauna, including waterfall-climbing fish and giant salamander. The course also introduces cultural perspectives and ethical issues related to the life sciences. Offered periodically during January term. Prerequisite: BIO 150 - Foundations in Biodiversity.","14","0","4","2","8","NTS;OEP","Maie, Takashi","{'fsnum': '35028', 'name': 'Maie, Takashi'}","200","14","","","","","Science and Culture in Japan","This is a study abroad course. You will find this course listed in Studio Abroad;under its course title.","285","","False","BIO 150 - Foundations in Biodiversity.","","2","C","20262","Exploring Science and Culture in Japan: Kii Peninsula","Research","2026"
"0000172111","1.0","0000028963","BIO","Students study topics in biology. Topics vary from year to year at the discretion of the department. Class work depends on the topics and instructor, but is consistent with the amount and level of work in other 200-level biology courses. May be repeated if topics are different. Counts as an elective toward biology major. May count toward other majors or concentrations if approved by the chair of that major/concentration. Offered periodically each term. Prerequisites: vary.","0","0","0","0","0","","Wallis, Alicia M.","{'fsnum': '9005931', 'name': 'Wallis, Alicia M.'}","200","16","","","","","Top: Cell Therap: Bench to Bedside","","292","","False","Prerequisites: vary.","","2","O","20262","Topics in Biology","Topic","2026"
"0000172113","1.0","0000038367","BIO","This course provides a comprehensive research opportunity, including an introduction to relevant background material, technical instruction, identification of a meaningful project, data collection and analysis, and writing. The topic is determined by the faculty member in charge of the course and may relate to their research interests. This course meets the Writing in the Major requirements for Biology majors. Offered based on department decision. May be offered as a 1.00 credit course or .50 credit course. Prerequisite: determined by instructor.","0","0","0","0","0","OEP","Umbanhowar, Charles Jr.","{'fsnum': '8616', 'name': 'Umbanhowar, Charles Jr.'}","300","3","","","","","Research:","Register by invitation from the professor.","306","","False","determined by instructor.","B","2","O","20262","Directed Undergraduate Research with Writing","Research","2026"
"0000170206","1.0","0000033665","BIO","In this seminar course, students explore new advances and applications at the intersection of evolution and genetics. Short lectures and in-class activities provide students with the necessary background to analyze primary scientific articles, and small group discussions provide a forum for student-led discourse and critique of these articles. Each student undertakes a literature research project on a topic of their choice; this semester-long project includes regular faculty consultation and peer review. Also counts toward biomolecular science concentration. Prerequisite: BIO 233 or permission of the instructor.","0","0","0","0","0","WRI","Porterfield, Jean C.","{'fsnum': '14015', 'name': 'Porterfield, Jean C.'}","300","10","0","","0","","Evolutionary Genetics","Open only to Juniors and seniors.","324","{'day': 'Mo', 'end': '10:00', 'location': 'TBA', 'start': '09:00'};{'day': 'Tu', 'end': '10:00', 'location': 'TBA', 'start': '09:00'};{'day': 'We', 'end': '10:00', 'location': 'TBA', 'start': '09:00'};{'day': 'Th', 'end': '10:00', 'location': 'TBA', 'start': '09:00'};{'day': 'Mo', 'end': '12:40', 'location': 'TBA', 'start': '22:40'};{'day': 'Tu', 'end': '12:40', 'location': 'TBA', 'start': '22:40'};{'day': 'We', 'end': '12:40', 'location': 'TBA', 'start': '22:40'};{'day': 'Th', 'end': '12:40', 'location': 'TBA', 'start': '22:40'}","False","BIO 233 or permission of the instructor.","","2","O","20262","","Research","2026"
"0000170378","1.0","0000000172","BIO","Specific topics announced prior to each term are based on student interests and available staff. Class work includes comprehensive review of literature on the specific topic. Class meetings present topics in discussion format. May be repeated if topic is different. Also counts toward environmental studies major (all emphases) and concentration when taught with environmental science focus and approved by chair. Prerequisites: vary.","0","0","0","0","0","WRI","Peterson, Sean M.","{'fsnum': '34063', 'name': 'Peterson, Sean M.'}","300","10","0","","0","","Top: Winter Ecology","Open to Juniors and Seniors only.                                               ;Prerequisite: BIO 261","391","{'day': 'Tu', 'end': '15:10', 'location': 'RNS 440', 'start': '12:00'};{'day': 'We', 'end': '15:10', 'location': 'RNS 440', 'start': '12:00'};{'day': 'Th', 'end': '15:10', 'location': 'RNS 440', 'start': '12:00'}","False","Prerequisites: vary.","A","2","O","20262","Selected Topics","Topic","2026"
"0000170363","1.0","0000000172","BIO","Specific topics announced prior to each term are based on student interests and available staff. Class work includes comprehensive review of literature on the specific topic. Class meetings present topics in discussion format. May be repeated if topic is different. Also counts toward environmental studies major (all emphases) and concentration when taught with environmental science focus and approved by chair. Prerequisites: vary.","0","0","0","0","0","","Muthukrishnan, Ranjan","{'fsnum': '9002460', 'name': 'Muthukrishnan, Ranjan'}","300","10","0","","0","","Top: Ethics in Biology & Conservat","Open to Juniors and Seniors only.","391","{'day': 'Tu', 'end': '14:00', 'location': 'RNS 356A', 'start': '23:00'};{'day': 'Th', 'end': '14:00', 'location': 'RNS 356A', 'start': '23:00'};{'day': 'Fr', 'end': '14:00', 'location': 'RNS 356A', 'start': '23:00'}","False","Prerequisites: vary.","B","2","O","20262","Selected Topics","Topic","2026"
"0000170360","1.0","0000000172","BIO","Specific topics announced prior to each term are based on student interests and available staff. Class work includes comprehensive review of literature on the specific topic. Class meetings present topics in discussion format. May be repeated if topic is different. Also counts toward environmental studies major (all emphases) and concentration when taught with environmental science focus and approved by chair. Prerequisites: vary.","0","0","0","0","0","","Listenberger, Laura","{'fsnum': '21061', 'name': 'Listenberger, Laura'}","300","10","0","","0","","Top: Cellular Mechanisms of Disease","Open to Juniors and Seniors only.","391","{'day': 'Mo', 'end': '12:40', 'location': 'RNS 284', 'start': '22:40'};{'day': 'Tu', 'end': '12:40', 'location': 'RNS 284', 'start': '22:40'};{'day': 'We', 'end': '12:40', 'location': 'RNS 284', 'start': '22:40'};{'day': 'Th', 'end': '12:40', 'location': 'RNS 284', 'start': '22:40'};{'day': 'Fr', 'end': '12:40', 'location': 'RNS 284', 'start': '22:40'}","False","Prerequisites: vary.","C","2","O","20262","Selected Topics","Topic","2026"
"0000170157","1.0","0000035229","BIO","Teams of science, engineering, nursing, and economics students research the potential for commercialization of a novel medical technology. Students gain experience with medical procedures, market research, the FDA approval process, financial analysis, the health insurance industry, business ethics, intellectual property law, and human subjects research ethics. At the end of this practicum, students write a business plan and deliver a professional presentation of their recommendations to staff at the partner company, investment group, or medical organization. Offered annually during January Term. Does not count toward biology major. Prerequisite: permission of instructor.","0","0","0","0","0","OEP","Oenning, Darin J.","{'fsnum': '9005292', 'name': 'Oenning, Darin J.'}","300","10","","","","","Biomedical Innovation Scholars Prog","","395","{'day': 'Mo', 'end': '15:30', 'location': 'RNS 226', 'start': '13:30'};{'day': 'Tu', 'end': '15:30', 'location': 'RNS 226', 'start': '13:30'};{'day': 'We', 'end': '15:30', 'location': 'RNS 226', 'start': '13:30'};{'day': 'Th', 'end': '15:30', 'location': 'RNS 226', 'start': '13:30'};{'day': 'Fr', 'end': '15:30', 'location': 'RNS 226', 'start': '13:30'};{'day': 'Mo', 'end': '10:00', 'location': 'RNS 226', 'start': '08:00'};{'day': 'Tu', 'end': '10:00', 'location': 'RNS 226', 'start': '08:00'};{'day': 'We', 'end': '10:00', 'location': 'RNS 226', 'start': '08:00'};{'day': 'Th', 'end': '10:00', 'location': 'RNS 226', 'start': '08:00'};{'day': 'Fr', 'end': '10:00', 'location': 'RNS 226', 'start': '08:00'};{'day': 'Mo', 'end': '12:40', 'location': 'RNS 226', 'start': '22:40'};{'day': 'Tu', 'end': '12:40', 'location': 'RNS 226', 'start': '22:40'};{'day': 'We', 'end': '12:40', 'location': 'RNS 226', 'start': '22:40'};{'day': 'Th', 'end': '12:40', 'location': 'RNS 226', 'start': '22:40'};{'day': 'Fr', 'end': '12:40', 'location': 'RNS 226', 'start': '22:40'}","False","permission of instructor.","","2","O","20262","Biomedical Innovation Scholars Program","Research","2026"
"0000170298","1.0","0000041403","BMOLS","In this second course of the Molecular Discovery Learning Community, students build on the content and research skills introduced in the first course (FYS120: Molecular Discovery I) while engaging in a laboratory-based research project. This course emphasizes experimental design, molecular techniques, and data analysis. Offered annually during January term. Prerequisite: FYS 120, section entitled Molecular Discovery I.","0","0","0","0","0","","Bowers, Lisa M.","{'fsnum': '23548', 'name': 'Bowers, Lisa M.'}","100","19","","","","","Molecular Discovery II","Register by permission of the professor.","111","{'day': 'Mo', 'end': '15:00', 'location': 'RNS 398', 'start': '13:00'};{'day': 'Tu', 'end': '15:00', 'location': 'RNS 398', 'start': '13:00'};{'day': 'We', 'end': '15:00', 'location': 'RNS 398', 'start': '13:00'};{'day': 'Th', 'end': '15:00', 'location': 'RNS 398', 'start': '13:00'};{'day': 'Fr', 'end': '15:00', 'location': 'RNS 398', 'start': '13:00'};{'day': 'Mo', 'end': '12:00', 'location': 'RNS 398', 'start': '22:40'};{'day': 'Tu', 'end': '12:00', 'location': 'RNS 398', 'start': '22:40'};{'day': 'We', 'end': '12:00', 'location': 'RNS 398', 'start': '22:40'};{'day': 'Th', 'end': '12:00', 'location': 'RNS 398', 'start': '22:40'};{'day': 'Fr', 'end': '12:00', 'location': 'RNS 398', 'start': '22:40'}","False","FYS 120, section entitled Molecular Discovery I.","","2","O","20262","","Research","2026"
"0000170219","1.0","0000038378","BUS","This introductory course focuses on managerial decision making and problem solving. Students gain a foundation on which to build deeper understanding across the different business disciplines, including accounting and finance, marketing, and entrepreneurship. This course includes case studies and practical assignments to understand the key management skills, tools, and frameworks involved in starting, running, growing and adapting a successful business in the context of a rapidly changing technological, competitive, and consumer environment. Offered each semester.","0","0","0","0","0","","Baumann, Kelsey","{'fsnum': '34056', 'name': 'Baumann, Kelsey'}","100","35","","0","","0","Fundamentals of Business","Open to first-year and sophomore students only.","110","{'day': 'Mo', 'end': '10:00', 'location': 'HH 111', 'start': '08:00'};{'day': 'Tu', 'end': '10:00', 'location': 'HH 111', 'start': '08:00'};{'day': 'We', 'end': '10:00', 'location': 'HH 111', 'start': '08:00'};{'day': 'Th', 'end': '10:00', 'location': 'HH 111', 'start': '08:00'};{'day': 'Fr', 'end': '10:00', 'location': 'HH 111', 'start': '08:00'}","False","False","","2","O","20262","","Research","2026"
"0000172114","1.0","0000033676","BUS","In an age of information overload, stories can rise above the noise. Effective organizational storytelling helps to engage an intended community on a meaningful and emotional level. Students will explore the craft of storytelling and study a variety of media (analogue and digital) on which the story can be delivered. The course will include case study analysis, group work and client-based projects. Offered annually. Prerequisite: sophomore status or above.","0","0","0","0","0","ORC","Christie, Sian E.","{'fsnum': '16804', 'name': 'Christie, Sian E.'}","200","35","0","","","","Organizational Storytelling","Not open to first-year students.                                                ;This course includes an academic civic engagement (ACE) component.","201","{'day': 'Mo', 'end': '12:40', 'location': 'TBA', 'start': '22:40'};{'day': 'Tu', 'end': '12:40', 'location': 'TBA', 'start': '22:40'};{'day': 'We', 'end': '12:40', 'location': 'TBA', 'start': '22:40'};{'day': 'Th', 'end': '12:40', 'location': 'TBA', 'start': '22:40'};{'day': 'Fr', 'end': '12:40', 'location': 'TBA', 'start': '22:40'}","False","sophomore status or above.","","2","O","20262","","Research","2026"
"0000170173","1.0","0000041755","BUS","This intensive January term course empowers students to design a career path rooted in self-awareness and adaptability. Through a blend of introspective exercises, hands-on workshops, and real-world simulations, participants uncover their core values, strengths, and passions while learning to articulate their unique value in the evolving business and professional landscapes. Not open to first year students. Does not count toward the finance or management area of emphasis within economics major, or the business and management studies concentration. Prerequisite: sophomore standing or above.","0","0","0","0","0","","Bullert, Anne","{'fsnum': '9005315', 'name': 'Bullert, Anne'}","200","35","0","","","","Business Career Compass","Not open to first-year students.","253","{'day': 'Mo', 'end': '12:40', 'location': 'OM 010', 'start': '22:40'};{'day': 'Tu', 'end': '12:40', 'location': 'OM 010', 'start': '22:40'};{'day': 'We', 'end': '12:40', 'location': 'OM 010', 'start': '22:40'};{'day': 'Th', 'end': '12:40', 'location': 'OM 010', 'start': '22:40'};{'day': 'Fr', 'end': '12:40', 'location': 'OM 010', 'start': '22:40'}","False","sophomore standing or above.","","2","O","20262","","Research","2026"
"0000171965","1.0","0000040257","BUS","Students develop the skills to translate business concepts into practical financial models using Microsoft Excel. They gain a strong foundation in fundamental Excel functions, formulas, and techniques, and learn how to apply them to real-world business scenarios. The course provides aptitudes that are important for upper-level business courses, as well as internships. Offered annually. Prerequisite: BUS 225 and sophomore status or above, or permission of instructor.","0","0","0","0","0","","Osell, Shawn A.","{'fsnum': '9002958', 'name': 'Osell, Shawn A.'}","200","35","0","","","","Business Modeling in Excel","Not open to first-year students.","266","{'day': 'Mo', 'end': '10:00', 'location': 'TBA', 'start': '08:00'};{'day': 'Tu', 'end': '10:00', 'location': 'TBA', 'start': '08:00'};{'day': 'We', 'end': '10:00', 'location': 'TBA', 'start': '08:00'};{'day': 'Th', 'end': '10:00', 'location': 'TBA', 'start': '08:00'};{'day': 'Fr', 'end': '10:00', 'location': 'TBA', 'start': '08:00'}","False","BUS 225 and sophomore status or above, or permission of instructor.","","2","O","20262","","Research","2026"
"0000172313","1.0","0000043118","CHEM","","0","0","0","0","0","","Kerr, Evan W.","{'fsnum': '9005182', 'name': 'Kerr, Evan W.'}","0","24","","","","","Placeholder Course","","1","{'day': 'Mo', 'end': '12:40', 'location': 'TBA', 'start': '22:40'};{'day': 'Tu', 'end': '12:40', 'location': 'TBA', 'start': '22:40'};{'day': 'We', 'end': '12:40', 'location': 'TBA', 'start': '22:40'};{'day': 'Th', 'end': '12:40', 'location': 'TBA', 'start': '22:40'};{'day': 'Fr', 'end': '12:40', 'location': 'TBA', 'start': '22:40'};{'day': 'Mo', 'end': '16:00', 'location': 'TBA', 'start': '13:30'};{'day': 'We', 'end': '16:00', 'location': 'TBA', 'start': '13:30'}","False","","","2","O","20262","","Research","2026"
"0000172117","1.0","0000000198","CHEM","Students study the structure, bonding, and reactions of compounds containing metal-carbon bonds. Special topics include applications of organometallic chemistry to the synthesis of organic compounds, homogeneous catalysis, and biochemistry. Examples illustrate organometallic chemistry as a bridge between organic and inorganic chemistry. Students use bibliographic and electronic searching software to prepare research papers based on the current literature. Offered alternate years during January term (next time 2027). Prerequisite: CHEM 247.","0","0","0","0","0","WAC","Brezny, Anna","{'fsnum': '33949', 'name': 'Brezny, Anna'}","200","12","","","","","Organometallic Chem","","252","{'day': 'Mo', 'end': '12:40', 'location': 'TBA', 'start': '22:40'};{'day': 'Tu', 'end': '12:40', 'location': 'TBA', 'start': '22:40'};{'day': 'We', 'end': '12:40', 'location': 'TBA', 'start': '22:40'};{'day': 'Th', 'end': '12:40', 'location': 'TBA', 'start': '22:40'};{'day': 'Fr', 'end': '12:40', 'location': 'TBA', 'start': '22:40'}","False","CHEM 247.","","2","O","20262","Organometallic Chemistry","Research","2026"
"0000172118","1.0","0000020059","CHEM","This course introduces the fundamentals of bioanalytical chemistry and the application of modern analysis techniques to biological samples. Current clinical applications and examples of biological problems supplement lecture material. Daily lectures are closely integrated with laboratory experiences. Topics include different types of chromatography used to separate biological mixtures in various ways, 1D- and 2D-gel electrophoresis, capillary electrophoresis, radiochemical and immunological assays, centrifugation techniques, and biological mass spectrometry. Offered during January Term in alternate years (next time 2027). Prerequisites: CHEM 255 or CHEM 379 or permission of instructor.","0","0","0","0","0","IST;NSC;SED","Beussman, Douglas J.","{'fsnum': '15745', 'name': 'Beussman, Douglas J.'}","300","12","","","","","Bioanalytic Chemistry","","384","{'day': 'Mo', 'end': '12:40', 'location': 'TBA', 'start': '22:40'};{'day': 'Tu', 'end': '12:40', 'location': 'TBA', 'start': '22:40'};{'day': 'We', 'end': '12:40', 'location': 'TBA', 'start': '22:40'};{'day': 'Th', 'end': '12:40', 'location': 'TBA', 'start': '22:40'};{'day': 'Fr', 'end': '12:40', 'location': 'TBA', 'start': '22:40'}","False","Prerequisites: CHEM 255 or CHEM 379 or permission of instructor.","","2","O","20262","Bioanalytical Chemistry","Research","2026"
"0000171808","1.0","0000000229","CLASS","With their tales of shape-shifting, vengeance, heroic quests, and tragic turns of fortune, the myths of the ancient Greeks and Romans have long inspired artists, poets, and philosophers. Even today, they continue to influence how human beings view the world and interact with one another. In this course students read thought-provoking stories about gods, heroes, and mortals, explore them in their original contexts, and investigate their connections with modern times and with students' own experiences. Offered annually during January term.","0","0","0","0","0","ALS-L;CRE","Merrill, Frances","{'fsnum': '9006334', 'name': 'Merrill, Frances'}","100","25","","","","","Greek & Roman Myth-Tr","","120","{'day': 'Mo', 'end': '15:00', 'location': 'TBA', 'start': '13:00'};{'day': 'Tu', 'end': '15:00', 'location': 'TBA', 'start': '13:00'};{'day': 'We', 'end': '15:00', 'location': 'TBA', 'start': '13:00'};{'day': 'Th', 'end': '15:00', 'location': 'TBA', 'start': '13:00'};{'day': 'Fr', 'end': '15:00', 'location': 'TBA', 'start': '13:00'}","False","False","","2","O","20262","Greek and Roman Myth","Research","2026"
"0000171809","1.0","0000030088","CLASS","This course entails a careful reading of the Iliad and Odyssey - two of the earliest and most influential epics of human history - with attention to their Greek historical and cultural contexts. The course then explores some of the many reincarnations of Homer's epics in later generations, from Monteverdi's opera Return of Ulysses to David's painting Anger of Achilles to the Coen brothers' film O Brother, Where Art Thou? Offered periodically during January term.","0","0","0","0","0","ALS-L;CRE","Moench, Peter","{'fsnum': '9002374', 'name': 'Moench, Peter'}","100","25","","","","","The Many Faces of Homer","","124","{'day': 'Mo', 'end': '12:40', 'location': 'TBA', 'start': '22:40'};{'day': 'Tu', 'end': '12:40', 'location': 'TBA', 'start': '22:40'};{'day': 'We', 'end': '12:40', 'location': 'TBA', 'start': '22:40'};{'day': 'Th', 'end': '12:40', 'location': 'TBA', 'start': '22:40'};{'day': 'Fr', 'end': '12:40', 'location': 'TBA', 'start': '22:40'}","False","False","","2","O","20262","","Research","2026"
"0000171810","1.0","0000000232","CLASS","This course introduces students to the history and art of ancient Greece. It covers more than 2000 years of Greek civilization, from the Bronze Age through the archaic, classical, and Hellenistic periods. The itinerary takes students all over Greece, with extended stays in Athens and Attica, Crete, the Peloponnese, and Thessaloniki. When not visiting museums and archaeological sites, students have the opportunity to experience modern Greek culture as well. Offered alternate years during January term. Apply through Smith Center for Global Engagement.","29","0","14","8","7","ALS-A;CRE;GHS;HWC","Groton, Anne","{'fsnum': '2771', 'name': 'Groton, Anne'}","200","30","","","","","Classical Studies Greece","This is a study abroad course. You will find this course listed in Studio Abroad;under its course title.","251","","False","False","","2","O","20262","Classical Studies in Greece","Research","2026"
"0000170319","1.0","0000000287","CSCI","This course introduces students to computer science (CS), a field devoted to creative problem solving with computers, and its applications to other disciplines. Students explore fundamental concepts, including iteration, recursion, object-oriented software design, algorithm efficiency, levels of naming, and computing ethics. Students apply these concepts daily in hands-on homework exercises relevant to fields in the arts, humanities (including digital humanities computations), social sciences, and natural sciences. Includes a team project applying CS to a chosen discipline. No prior experience with programming is expected or required. Offered each semester. One of CSCI 121, CSCI 125, or CSCI 251 counts toward applied linguistics concentration.","0","0","0","0","0","AQR;MAR;QCR","Drake, Daniel","{'fsnum': '9006346', 'name': 'Drake, Daniel'}","100","30","","","","","Principles Comp Sci","","121","{'day': 'Mo', 'end': '15:00', 'location': 'RNS 310', 'start': '13:00'};{'day': 'Tu', 'end': '15:00', 'location': 'RNS 310', 'start': '13:00'};{'day': 'We', 'end': '15:00', 'location': 'RNS 310', 'start': '13:00'};{'day': 'Th', 'end': '15:00', 'location': 'RNS 310', 'start': '13:00'};{'day': 'Fr', 'end': '15:00', 'location': 'RNS 310', 'start': '13:00'};{'day': 'Mo', 'end': '12:40', 'location': 'RNS 310', 'start': '22:40'};{'day': 'Tu', 'end': '12:40', 'location': 'RNS 310', 'start': '22:40'};{'day': 'We', 'end': '12:40', 'location': 'RNS 310', 'start': '22:40'};{'day': 'Th', 'end': '12:40', 'location': 'RNS 310', 'start': '22:40'};{'day': 'Fr', 'end': '12:40', 'location': 'RNS 310', 'start': '22:40'}","False","False","","2","O","20262","Principles of Computer Science","Research","2026"
"0000170368","1.0","0000034973","CSCI","Students explore special topics in computer science. Topics may vary from year-to-year. May be repeated if topics are different. Offered periodically. Prerequisite: permission of instructor.","0","0","0","0","0","","Leeson, Will E.","{'fsnum': '9002459', 'name': 'Leeson, Will E.'}","200","20","0","","","","Top: Intro to Cybersecurity","Prerequisite: CSCI 251.                                                         ;Not open to first-year students.","200","{'day': 'Mo', 'end': '15:00', 'location': 'RNS 203', 'start': '13:00'};{'day': 'Tu', 'end': '15:00', 'location': 'RNS 203', 'start': '13:00'};{'day': 'We', 'end': '15:00', 'location': 'RNS 203', 'start': '13:00'};{'day': 'Th', 'end': '15:00', 'location': 'RNS 203', 'start': '13:00'};{'day': 'Fr', 'end': '15:00', 'location': 'RNS 203', 'start': '13:00'};{'day': 'Mo', 'end': '12:40', 'location': 'RNS 203', 'start': '22:40'};{'day': 'Tu', 'end': '12:40', 'location': 'RNS 203', 'start': '22:40'};{'day': 'We', 'end': '12:40', 'location': 'RNS 203', 'start': '22:40'};{'day': 'Th', 'end': '12:40', 'location': 'RNS 203', 'start': '22:40'};{'day': 'Fr', 'end': '12:40', 'location': 'RNS 203', 'start': '22:40'}","False","permission of instructor.","A","2","O","20262","Topics in Computer Science","Topic","2026"
"0000171966","1.0","0000034973","CSCI","Students explore special topics in computer science. Topics may vary from year-to-year. May be repeated if topics are different. Offered periodically. Prerequisite: permission of instructor.","0","0","0","0","0","","Mandery, Kim","{'fsnum': '34040', 'name': 'Mandery, Kim'}","200","20","0","","","","Top: Topics in Computer Science","Prerequisite: CSCI 251.                                                         ;Not open to first-year students.","200","{'day': 'Mo', 'end': '15:00', 'location': 'TBA', 'start': '13:00'};{'day': 'Tu', 'end': '15:00', 'location': 'TBA', 'start': '13:00'};{'day': 'We', 'end': '15:00', 'location': 'TBA', 'start': '13:00'};{'day': 'Th', 'end': '15:00', 'location': 'TBA', 'start': '13:00'};{'day': 'Fr', 'end': '15:00', 'location': 'TBA', 'start': '13:00'};{'day': 'Mo', 'end': '12:40', 'location': 'TBA', 'start': '22:40'};{'day': 'Tu', 'end': '12:40', 'location': 'TBA', 'start': '22:40'};{'day': 'We', 'end': '12:40', 'location': 'TBA', 'start': '22:40'};{'day': 'Th', 'end': '12:40', 'location': 'TBA', 'start': '22:40'};{'day': 'Fr', 'end': '12:40', 'location': 'TBA', 'start': '22:40'}","False","permission of instructor.","B","2","O","20262","Topics in Computer Science","Topic","2026"
"0000171967","1.0","0000034799","CSCI","Class members participate in a team research project abroad. The central activity of the project teams is to implement an applied research project in collaboration with a host community in West Africa. This research project drives the other elements of the course, which include readings from the research literature, ethical analysis of their project applying CSCI 263 principles, documentation practices, and writing a research paper for public presentation. Offered periodically during January Term. Apply through the Smith Center for Global Engagement. Prerequisites: computer science major with junior or senior status and completion of computer science core courses, ordinarily including CSCI 353 and CSCI 263, or permission of instructor.","8","0","2","0","6","OEP","Hall-Holt, Olaf A.","{'fsnum': '16583', 'name': 'Hall-Holt, Olaf A.'}","300","12","0","","0","","Ghana International Capstone","This is a study abroad course. You will find this course listed in Studio Abroad;under its course title.","391","{'day': 'Mo', 'end': '15:00', 'location': 'TBA', 'start': '13:00'};{'day': 'Tu', 'end': '15:00', 'location': 'TBA', 'start': '13:00'};{'day': 'We', 'end': '15:00', 'location': 'TBA', 'start': '13:00'};{'day': 'Th', 'end': '15:00', 'location': 'TBA', 'start': '13:00'};{'day': 'Fr', 'end': '15:00', 'location': 'TBA', 'start': '13:00'};{'day': 'Mo', 'end': '12:40', 'location': 'TBA', 'start': '22:40'};{'day': 'Tu', 'end': '12:40', 'location': 'TBA', 'start': '22:40'};{'day': 'We', 'end': '12:40', 'location': 'TBA', 'start': '22:40'};{'day': 'Th', 'end': '12:40', 'location': 'TBA', 'start': '22:40'};{'day': 'Fr', 'end': '12:40', 'location': 'TBA', 'start': '22:40'}","False","Prerequisites: computer science major with junior or senior status and completion of computer science core courses, ordinarily including CSCI 353 and CSCI 263, or permission of instructor.","","2","O","20262","","Research","2026"
"0000172219","1.0","0000037268","DANCE","This course provides intensive exposure to New York City, one of the major dance capitals of the world. Students attend dance classes (students choose what forms of dance they want to take), performances, visit historical sites and museums, meet and interview working dance artists and alumni, and write extensively about dance. Students develop a greater understanding of and reflect upon their interests within and connected to the dance world. May be repeated. Offered alternate years during January term. Apply through Smith Center for Global Engagement. Prerequisite: At least 2 movement intensive dance courses at St Olaf, sophomore status and above, and either DANCE 170: Veselica International Dance Ensemble or DANCE 180: Companydance. Completion of one of the following courses is highly recommended but not required: DANCE 100, DANCE 246 or DANCE 124.","23","0","6","8","9","ACB;OEP","Klopchin, Heather J.","{'fsnum': '10044', 'name': 'Klopchin, Heather J.'}","200","21","","","","","Dance NOW/NY January Experience","This is a study away course. You will find this course listed in Studio Abroad  ;under its course title.","249","","False","At least 2 movement intensive dance courses at St Olaf, sophomore status and above, and either DANCE 170: Veselica International Dance Ensemble or DANCE 180: Companydance. Completion of one of the following courses is highly recommended but not required: DANCE 100, DANCE 246 or DANCE 124.","","2","C","20262","Dance NOW/NY January Term Experience","Research","2026"
"0000170321","1.0","0000000259","ECON","This course takes an analytical approach to economic reasoning and contemporary issues. The course introduces microeconomic and macroeconomic theories with applications to relevant topics, such as employment, growth, environmental protection, affirmative action, exchange rate fluctuations, taxes, and welfare reform. Students explore economics as an intelligent approach to understanding our daily lives as citizens, workers, managers and consumers. Offered each semester. This course does NOT count toward the economics major, but is the prerequisite for all higher-level economics courses.","0","0","0","0","0","HBS;QCR;SCS","Mookerjee, Urbashi","{'fsnum': '35113', 'name': 'Mookerjee, Urbashi'}","100","25","","","","","Principles of Econ","","121","{'day': 'Mo', 'end': '15:00', 'location': 'TBA', 'start': '13:00'};{'day': 'Tu', 'end': '15:00', 'location': 'TBA', 'start': '13:00'};{'day': 'We', 'end': '15:00', 'location': 'TBA', 'start': '13:00'};{'day': 'Th', 'end': '15:00', 'location': 'TBA', 'start': '13:00'};{'day': 'Fr', 'end': '15:00', 'location': 'TBA', 'start': '13:00'}","False","False","A","2","O","20262","Principles of Economics","Research","2026"
"0000170322","1.0","0000000259","ECON","This course takes an analytical approach to economic reasoning and contemporary issues. The course introduces microeconomic and macroeconomic theories with applications to relevant topics, such as employment, growth, environmental protection, affirmative action, exchange rate fluctuations, taxes, and welfare reform. Students explore economics as an intelligent approach to understanding our daily lives as citizens, workers, managers and consumers. Offered each semester. This course does NOT count toward the economics major, but is the prerequisite for all higher-level economics courses.","0","0","0","0","0","HBS;QCR;SCS","Mullick, Anushka","{'fsnum': '9006586', 'name': 'Mullick, Anushka'}","100","25","","","","","Principles of Econ","","121","{'day': 'Mo', 'end': '12:40', 'location': 'HH 522', 'start': '22:40'};{'day': 'Tu', 'end': '12:40', 'location': 'HH 522', 'start': '22:40'};{'day': 'We', 'end': '12:40', 'location': 'HH 522', 'start': '22:40'};{'day': 'Th', 'end': '12:40', 'location': 'HH 522', 'start': '22:40'};{'day': 'Fr', 'end': '12:40', 'location': 'HH 522', 'start': '22:40'}","False","False","B","2","O","20262","Principles of Economics","Research","2026"
"0000170351","1.0","0000040377","ECON","Students have the opportunity to follow through on a project that they began in one of their 300-level economic analysis elective courses. Students gain hands-on experience in economic writing by turning a draft of this economics research paper into a complete journal article. They learn about the writing process, develop strong writing habits, prepare compelling data visualizations, and incorporate feedback from peers and experts in their areas of interest. Offered alternate years during January term. Prerequisites: ECON 260, ECON 261, and ECON 262, any 300-level Economic Analysis elective, and instructor permission.","0","0","0","0","0","OEP","Luedtke, Allison","{'fsnum': '32138', 'name': 'Luedtke, Allison'}","300","15","0","","0","","The Economic Writing Process","Instructor permission required","393","{'day': 'Mo', 'end': '15:00', 'location': 'HH 429', 'start': '13:00'};{'day': 'Tu', 'end': '15:00', 'location': 'HH 429', 'start': '13:00'};{'day': 'We', 'end': '15:00', 'location': 'HH 429', 'start': '13:00'};{'day': 'Th', 'end': '15:00', 'location': 'HH 429', 'start': '13:00'};{'day': 'Fr', 'end': '15:00', 'location': 'HH 429', 'start': '13:00'}","False","Prerequisites: ECON 260, ECON 261, and ECON 262, any 300-level Economic Analysis elective, and instructor permission.","","2","O","20262","","Research","2026"
"0000170328","1.0","0000019399","ECON","This course provides a comprehensive research opportunity, including an introduction to relevant background material, technical instruction, identification of a meaningful project, and data collection. The topic is determined by the faculty member in charge of the course and may relate to their research interests. Offered based on department decision. May be offered as a 1.00 credit course or .50 credit course. Prerequisite: determined by individual instructor.","0","0","0","0","0","","Harris, Colin","{'fsnum': '30113', 'name': 'Harris, Colin'}","300","12","","","","","Research Experience","This class is not a Level III economic analysis elective for the Econ major.    ;This class counts toward the quantitative research requirement for the          ;Quantitative Economics major.","396","{'day': 'Mo', 'end': '12:40', 'location': 'HH 429', 'start': '22:40'};{'day': 'Tu', 'end': '12:40', 'location': 'HH 429', 'start': '22:40'};{'day': 'We', 'end': '12:40', 'location': 'HH 429', 'start': '22:40'};{'day': 'Th', 'end': '12:40', 'location': 'HH 429', 'start': '22:40'};{'day': 'Fr', 'end': '12:40', 'location': 'HH 429', 'start': '22:40'}","False","determined by individual instructor.","","2","O","20262","Directed Undergraduate Research","Research","2026"
"0000170381","1.0","0000000308","EDUC","In this course, students examine how schools and communities in the Twin Cities interact to provide support and developmental opportunities for school-age children. Through lectures, readings, discussions, field trips, and in-school and co-curricular placements, students gain an understanding and awareness of how race, class, ethnicity, national origin, and gender shape the complex character of urban youth and schools. Students spend one week in orientation activities on campus and two weeks in the Twin Cities. During the time in the Twin Cities, St. Olaf students participate as tutors and classroom assistants during the school day and then assist in various after-school and community programs. The last week of January Term is spent back on campus discussing the experience. P/N only. Preference given to first-year students, but all students may apply. Offered during January Term.","6","0","0","1","5","MCD;MCS-D;OEP","Humm, Courtney A.","{'fsnum': '15009', 'name': 'Humm, Courtney A.'}","100","18","","","","","Urban Schools and Communities","This course is open to all students. (International students must be sophomores,;juniors, or seniors as CPT approval is required).  Admission by application.    ;This course includes an academic civic engagement (ACE) component.","170","{'day': 'Mo', 'end': '13:30', 'location': 'TOH 214', 'start': '22:30'};{'day': 'Tu', 'end': '13:30', 'location': 'TOH 214', 'start': '22:30'};{'day': 'We', 'end': '13:30', 'location': 'TOH 214', 'start': '22:30'};{'day': 'Th', 'end': '13:30', 'location': 'TOH 214', 'start': '22:30'};{'day': 'Fr', 'end': '13:30', 'location': 'TOH 214', 'start': '22:30'}","True","False","","2","O","20262","","Research","2026"
"0000172119","1.0","0000030096","EDUC","This course provides a significant placement in a school setting for students wanting to explore a career in teaching or gain greater understanding of teaching as a profession. Directed by host teachers, students may observe, assist within the classroom, tutor, teach, coach, attend faculty meetings and functions, and meet with school personnel. Students attend orientation sessions on campus before placements begin, complete assigned readings and reflective writings, and present on their school experience during on-campus sessions following the placements. Offered alternate January terms, odd years. Counts as the January term requirement for the TEFL certificate education concentration. Prerequisite: EDUC 295.","0","0","0","0","0","OEP","Staff","{'fsnum': '', 'name': 'Staff'}","200","18","","","","","Exploring Teaching","Prerequisite: EDUC 295                                                          ;This course includes an academic civic engagement (ACE) component.","270","","True","EDUC 295.","","2","O","20262","","Research","2026"
"0000170380","1.0","0000000339","EDUC","This program provides an opportunity for students to gain direct teaching experience by serving as an intern for a teacher in a Minneapolis/St. Paul public school. The January Term will heighten students' sensitivities to the complexities of multicultural, urban education and provide exposure to models used to foster educational and personal success in diverse student populations. On/off-campus orientation will be followed by four weeks of full-time work in a classroom with a host teacher and participation in weekly seminars with the college instructor. Reading assignments, reflective journals, and guest speakers will complement the experience. Intended for education major/licensure students. P/N only. Offered during January term. Apply through the Education Department by Oct.15. Prerequisites: EDUC 330.","0","0","0","0","0","MCD;MCS-D;OEP;PAR","Veverka, Nancy","{'fsnum': '34051', 'name': 'Veverka, Nancy'}","300","26","0","","0","","Urban Education Practicum & Seminar","Admission by application.                                                       ;Open to Juniors and Seniors only.                                               ;Prerequisite: EDUC 330","379","","True","Prerequisites: EDUC 330.","A","2","O","20262","Urban Education Practicum and Seminar","Research","2026"
"0000173833","1.0","0000000339","EDUC","This program provides an opportunity for students to gain direct teaching experience by serving as an intern for a teacher in a Minneapolis/St. Paul public school. The January Term will heighten students' sensitivities to the complexities of multicultural, urban education and provide exposure to models used to foster educational and personal success in diverse student populations. On/off-campus orientation will be followed by four weeks of full-time work in a classroom with a host teacher and participation in weekly seminars with the college instructor. Reading assignments, reflective journals, and guest speakers will complement the experience. Intended for education major/licensure students. P/N only. Offered during January term. Apply through the Education Department by Oct.15. Prerequisites: EDUC 330.","0","0","0","0","0","MCD;MCS-D;OEP;PAR","Staff","{'fsnum': '', 'name': 'Staff'}","300","16","0","","0","","Urban Education Practicum & Seminar","Admission by application.                                                       ;Open to Juniors and Seniors only.                                               ;Prerequisite: EDUC 330","379","","True","Prerequisites: EDUC 330.","B","2","O","20262","Urban Education Practicum and Seminar","Research","2026"
"0000172120","1.0","0000037515","ENCON","The field of environmental studies explores how different parts of the Earth system interact with each other, as well as the role that we - as humans - have in shaping our surroundings. In this introductory class, students draw upon a network of scientific, economic, political, and ethical concepts and assemble a toolkit for approaching environmental problems creatively and analytically. Building upon work in the fall EnCon course, students take a deep look at three broad, current environmental issues: climate change, resources, and waste. This course is the second in a three-course Conversation Program. Prerequisite: ENCON 110.","0","0","0","0","0","","Grossman, Jake","{'fsnum': '33960', 'name': 'Grossman, Jake'}","100","22","","","","","Ways of Seeing the Environment","Open only to Environmental Conversation students.","111","{'day': 'Mo', 'end': '15:00', 'location': 'TBA', 'start': '13:00'};{'day': 'Tu', 'end': '15:00', 'location': 'TBA', 'start': '13:00'};{'day': 'We', 'end': '15:00', 'location': 'TBA', 'start': '13:00'};{'day': 'Th', 'end': '15:00', 'location': 'TBA', 'start': '13:00'};{'day': 'Fr', 'end': '15:00', 'location': 'TBA', 'start': '13:00'}","False","ENCON 110.","","2","O","20262","","Research","2026"
"0000172356","1.0","0000042946","ENGL","Set in Otepoti/Dunedin - where coastlines, hills, and histories converge - this course introduces creative writing as a practice of attention and connection. Through poetry, fiction, and nonfiction, students explore language, place, and identity while engaging with Aotearoa New Zealand's voices. Workshops, readings, and field visits to sites such as the Otago Peninsula and Botanic Gardens support students in developing their creative voices within a collaborative community of writers. Offered alternate years during January term.","19","0","9","5","5","CRE;OEP","Patterson, Juliet","{'fsnum': '25348', 'name': 'Patterson, Juliet'}","100","20","","","","","Creative Writing & Place","","156","","False","False","","2","O","20262","Writing The World Around You: Creative Writing and Place in Aotearoa","Research","2026"
"0000170358","1.0","0000021510","ENGL","In addition to the traditional practices of literary study, cross-disciplinary courses include materials from at least one other academic discipline, requiring students to compare and combine disciplinary perspectives in literary analysis. Examples of courses taught under this heading might include Literature and Politics; Religion and the Novel; Philosophical Approaches to Literature. May be repeated if topic is different. Offered periodically. Prerequisite: WRIT 120 or equivalent.","0","0","0","0","0","ALS-L;WRI","Marsalek, Karen E.","{'fsnum': '10015', 'name': 'Marsalek, Karen E.'}","200","30","","","","","Top: Shakespeare/Material Culture","","260","{'day': 'Mo', 'end': '15:00', 'location': 'TBA', 'start': '13:00'};{'day': 'Tu', 'end': '15:00', 'location': 'TBA', 'start': '13:00'};{'day': 'We', 'end': '15:00', 'location': 'TBA', 'start': '13:00'};{'day': 'Th', 'end': '15:00', 'location': 'TBA', 'start': '13:00'};{'day': 'Fr', 'end': '15:00', 'location': 'TBA', 'start': '13:00'}","False","WRIT 120 or equivalent.","","2","O","20262","Topics in Cross-Disciplinary Literary Study","Topic","2026"
"0000171969","1.0","0000040043","ENGL","Using literature as the primary lens, this course studies soccer as a unique phenomenon with deep roots in British society, paying particular attention to the sport's historical, social, cultural, and aesthetic aspects. While in England, students attend matches, stadium tours, and speak with supporters' organizations from the Premier League to the lower divisions. Students think about how soccer informs other aspects of British culture, and how British society finds its way into England's most popular game. Offered alternate years in January term. Prerequisite: FYS and WRR.","20","0","6","6","8","OEP","Nordfjörd, Björn","{'fsnum': '26260', 'name': 'Nordfjörd, Björn'}","200","17","","","","","Soccer in England","This is a study abroad course. You will find this course listed in Studio Abroad;under its course title.","270","","False","FYS and WRR.","","2","C","20262","","Research","2026"
"0000172472","1.0","0000038375","ENGL","This course guides students through crafts of poetry writing through the lens of Asian Diasporic creative and community practices. From public poems at Angel Island to intimate, multilingual acts of memory, crafts of Asian Diasporic poetry reimagine English-language prosodies to speak to lived experiences of coloniality, forced migration, and racial-gendered violence. In a workshop setting, students explore techniques, develop poems of their own, and learn how to refine drafts through peer critique and reflection. Prerequisite: WRIT 120 or equivalent.","0","0","0","0","0","ALS-L;CRE;WAC;WRI","Kwon Dobbs, Jennifer","{'fsnum': '20156', 'name': 'Kwon Dobbs, Jennifer'}","200","18","","","","","Top: Asian Diasporic Poetry","Full topic title: Workshop: Crafts of Asian Diasporic Poetry","274","{'day': 'Mo', 'end': '12:40', 'location': 'TBA', 'start': '22:40'};{'day': 'Tu', 'end': '12:40', 'location': 'TBA', 'start': '22:40'};{'day': 'We', 'end': '12:40', 'location': 'TBA', 'start': '22:40'};{'day': 'Th', 'end': '12:40', 'location': 'TBA', 'start': '22:40'};{'day': 'Fr', 'end': '12:40', 'location': 'TBA', 'start': '22:40'}","False","WRIT 120 or equivalent.","","2","O","20262","Topics in Creative Writing","Topic","2026"
"0000171970","1.0","0000022130","ENGL","These courses emphasize the study of literature united by specific formal elements rather than by theme, topic, historical period, or national origin. The genre studied may be broad, such as narrative fiction, or narrowly defined, such as the elegy. The course focuses on the study of literature through a critical exploration of form. May be repeated if topic is different. Prerequisite: WRIT 120 or equivalent.","0","0","0","0","0","ALS-L","Alderks, Elisabeth G.","{'fsnum': '18431', 'name': 'Alderks, Elisabeth G.'}","200","30","","","","","Top: Global Graphic Narratives","","280","{'day': 'Mo', 'end': '12:40', 'location': 'TBA', 'start': '22:40'};{'day': 'Tu', 'end': '12:40', 'location': 'TBA', 'start': '22:40'};{'day': 'We', 'end': '12:40', 'location': 'TBA', 'start': '22:40'};{'day': 'Th', 'end': '12:40', 'location': 'TBA', 'start': '22:40'};{'day': 'Fr', 'end': '12:40', 'location': 'TBA', 'start': '22:40'}","False","WRIT 120 or equivalent.","","2","O","20262","Topics in Genre","Topic","2026"
"0000171971","1.0","0000025190","ENGL","This course gives students a hands-on opportunity to develop their use of writing strategies and technologies appropriate to workplaces. Course themes include workplace practices, professional ethics, technology resources, promotional resources, and writing on behalf of an organization. Students create individual and collaborative projects including employment documents, proposals, brochures, memos, and other professional genres. Through case studies, readings, and/or client-based projects, students analyze writing practices in a range of professional settings. Offered periodically. Prerequisite: WRIT 120 or equivalent.","0","0","0","0","0","WAC","Shaiman, Jennifer","{'fsnum': '30174', 'name': 'Shaiman, Jennifer'}","200","18","","","","","Professional and Business Writing","","287","{'day': 'Mo', 'end': '12:40', 'location': 'TBA', 'start': '22:40'};{'day': 'Tu', 'end': '12:40', 'location': 'TBA', 'start': '22:40'};{'day': 'We', 'end': '12:40', 'location': 'TBA', 'start': '22:40'};{'day': 'Th', 'end': '12:40', 'location': 'TBA', 'start': '22:40'};{'day': 'Fr', 'end': '12:40', 'location': 'TBA', 'start': '22:40'}","False","WRIT 120 or equivalent.","","2","O","20262","","Research","2026"
"0000171843","1.0","0000036001","ENGR","How do we ensure complex structures don't fail? How can we model air flow around a wind turbine? How does heat get distributed as a rocket reenters the atmosphere? To solve real-world problems, computational tools are essential in the engineer's toolbox. Students will learn and apply numerical methods for interpolation, differentiation, integration, and solving ordinary and partial differential equations. After grasping these fundamentals, students will use finite element simulation software to model increasingly complex systems. Offered every other year. Prerequisites: PHYS 130, PHYS 131 (or PHYS 124, PHYS 125, and CSCI 121 or CSCI 125), MATH 226, MATH 230.","0","0","0","0","0","","Hazlett, Eric L.","{'fsnum': '31195', 'name': 'Hazlett, Eric L.'}","300","24","","","","","Computer Aided Engineering","","365","{'day': 'Mo', 'end': '10:00', 'location': 'TBA', 'start': '08:30'};{'day': 'Tu', 'end': '10:00', 'location': 'TBA', 'start': '08:30'};{'day': 'We', 'end': '10:00', 'location': 'TBA', 'start': '08:30'};{'day': 'Th', 'end': '10:00', 'location': 'TBA', 'start': '08:30'};{'day': 'Fr', 'end': '10:00', 'location': 'TBA', 'start': '08:30'};{'day': 'Mo', 'end': '13:10', 'location': 'TBA', 'start': '22:40'};{'day': 'Tu', 'end': '13:10', 'location': 'TBA', 'start': '22:40'};{'day': 'We', 'end': '13:10', 'location': 'TBA', 'start': '22:40'};{'day': 'Th', 'end': '13:10', 'location': 'TBA', 'start': '22:40'};{'day': 'Fr', 'end': '13:10', 'location': 'TBA', 'start': '22:40'}","False","Prerequisites: PHYS 130, PHYS 131 (or PHYS 124, PHYS 125, and CSCI 121 or CSCI 125), MATH 226, MATH 230.","","2","O","20262","","Research","2026"
"0000170258","1.0","0000000455","ENVST","This interdisciplinary course uses basic concepts of environmental science to explore global environmental issues. Topics are drawn from recent texts and current periodic literature, and participants will recognize many of the themes from coverage in the media. Because most environmental problems involve issues beyond the sciences, the class examines the economic, political, and ethical dimensions of environmental questions and environmental decision-making. Offered each semester. This course is equivalent to ENCON 111 and students can earn credit from only one of them.","0","0","0","0","0","IST;NST","Abraham, Elizabeth","{'fsnum': '9003395', 'name': 'Abraham, Elizabeth'}","100","35","","9","","6","Intro: Env Studies","This course has junior and senior class-year limits.","137","{'day': 'Mo', 'end': '15:00', 'location': 'RNS 390', 'start': '13:00'};{'day': 'Tu', 'end': '15:00', 'location': 'RNS 390', 'start': '13:00'};{'day': 'We', 'end': '15:00', 'location': 'RNS 390', 'start': '13:00'};{'day': 'Th', 'end': '15:00', 'location': 'RNS 390', 'start': '13:00'};{'day': 'Fr', 'end': '15:00', 'location': 'RNS 390', 'start': '13:00'}","False","False","","2","O","20262","Introduction to Environmental Studies","Research","2026"
"0000173079","1.0","0000039925","ENVST","This course examines environmental issues foregrounded by questions of social justice, exploring how to combine concern for the natural world with attention to inequality and power. How do intersecting oppressions contribute to environmental crises? How do people and communities negotiate with the unequal impacts of environmental degradation? We will experiment with interdisciplinary approaches to unpack the possibilities of ""environmental justice"" and to engage in research and activism that is radically accountable to the environment and to other people.","0","0","0","0","0","ERC;PAR","Staff","{'fsnum': '', 'name': 'Staff'}","200","26","","","","","Environmental Justice","","233","","False","False","","2","O","20262","","Research","2026"
"0000170227","1.0","0000000460","ENVST","This course is an interdisciplinary seminar on climate throughout the earth's history, including recent changes caused by humankind. It examines the climate system in the larger framework of planetary evolution and explores evidence from the geologic record for climates of the past. Using current scientific literature, students investigate causes of climate change and consider scenarios for future climate based on models incorporating alternative global development strategies. Offered annually. Prerequisites: sophomore standing; one level I biology, chemistry, or physics course or ENVST 137 strongly encouraged.","0","0","0","0","0","IST;NST;NTS","Gothmann, Anne M.","{'fsnum': '29141', 'name': 'Gothmann, Anne M.'}","200","26","","","","","Global Climate Change","","245","{'day': 'Mo', 'end': '15:00', 'location': 'RNS 190', 'start': '13:00'};{'day': 'Tu', 'end': '15:00', 'location': 'RNS 190', 'start': '13:00'};{'day': 'We', 'end': '15:00', 'location': 'RNS 190', 'start': '13:00'};{'day': 'Th', 'end': '15:00', 'location': 'RNS 190', 'start': '13:00'};{'day': 'Fr', 'end': '15:00', 'location': 'RNS 190', 'start': '13:00'}","False","Prerequisites: sophomore standing; one level I biology, chemistry, or physics course or ENVST 137 strongly encouraged.","","2","O","20262","","Research","2026"
"0000172121","1.0","0000000649","FAMST","Students explore how family relationships are influenced by social, historical, and political contexts. Drawing on a range of disciplinary contexts and research, this course underscores the ways family relationships are constructed, sustained and challenged in society, with emphasis on theories and practice of family communication. Students draw on the relational dynamics studied in the introductory family studies course to transition to elaborating on the complexities of family functioning in U.S. society and beyond. Offered each semester.","0","0","0","0","0","","Anderson, Wendy D.","{'fsnum': '10757', 'name': 'Anderson, Wendy D.'}","200","28","2","8","10","8","Family Relationships","","242","{'day': 'Mo', 'end': '12:40', 'location': 'TBA', 'start': '22:40'};{'day': 'Tu', 'end': '12:40', 'location': 'TBA', 'start': '22:40'};{'day': 'We', 'end': '12:40', 'location': 'TBA', 'start': '22:40'};{'day': 'Th', 'end': '12:40', 'location': 'TBA', 'start': '22:40'};{'day': 'Fr', 'end': '12:40', 'location': 'TBA', 'start': '22:40'}","False","False","","2","O","20262","","Research","2026"
"0000171972","1.0","0000000489","FREN","Students delve into advanced French language and culture through background readings, site visits, and multimedia exploration of topics including the French court, the medieval cathedral, visual art, immigration, and social protest. They read, discuss, and analyze texts from the Middle Ages to the 21st century, engaging with plays and films to discover Paris through diverse perspectives. Taught in French. Offered alternate years during January term. Apply through Smith Center for Global Engagement. Prerequisite: One French 250-level course (two recommended).","11","0","4","4","3","GHS;OEP;ORC;WRI","Yoshioka-Maxwell, Livi C.","{'fsnum': '29128', 'name': 'Yoshioka-Maxwell, Livi C.'}","200","15","","","","","ID French Studies - Paris","One French 250-level course (two recommended)                                   ;This is a study abroad course. You will find this course listed in Studio Abroad;under its course title.","275","","False","One French 250-level course (two recommended).","","2","O","20262","Interdisciplinary French Studies in Paris","Research","2026"
"0000171974","1.0","0000026175","GERM","In this course, students immerse themselves in Hamburg and Flensburg to explore the representations and concept of borders from a linguistic perspective. They inspect the intersecting roles of political, religious, socioeconomic, historical developments on past and current language systems and ideologies. They apply methods such as linguistic landscaping, linguistic historiography, and fieldwork journaling to develop their own research projects on socio-cultural border identities in Northern Germany. Knowledge of German is helpful, but not required. In the German Language Across the Curriculum (LAC) section, students speak in German about class readings and excursion observations and learn topic-specific terminology. Offered alternate years during January term.","17","0","4","7","6","OEP;SCS","Vosburg, Nora","{'fsnum': '32164', 'name': 'Vosburg, Nora'}","200","18","","","","","Linguistic Landscapes of N Germany","This is a study abroad course. You will find this course listed in Studio Abroad;under its course title.","245","","False","False","","2","O","20262","Linguistic Landscapes of Northern Germany","Research","2026"
"0000172588","","0000040328","GERM","","0","0","0","0","0","","Vosburg, Nora","{'fsnum': '32164', 'name': 'Vosburg, Nora'}","200","10","","","","","LAC - German","","245","","True","","","2","O","20262","","FLAC","2026"
"0000172706","1.0","0000027054","GERM","This course examines the meanings of sound in technological modernity through examples from the German-speaking world. German industry has long been at the forefront of recording devices, hearing aids, headphones, and synthesizers. Yet Germany has produced just as many works of fiction and nonfiction on urban noise, propaganda, and the intrusion of machines into human domains. Students develop their critical ear by listening to music and poetry, and learn to interpret visual and literary works with the mind’s ear. In addition to technology, the course explores how sound interacts with gender, cultural politics, medicine, and spirituality. Taught in English.","0","0","0","0","0","ALS-A;CRE","Kancans, Vincent","{'fsnum': '9006313', 'name': 'Kancans, Vincent'}","200","35","","","","","Top: German Sound Studies","Full topic title: Technologies of Sound in Germany and Beyond","263","{'day': 'Mo', 'end': '12:40', 'location': 'TBA', 'start': '22:40'};{'day': 'Tu', 'end': '12:40', 'location': 'TBA', 'start': '22:40'};{'day': 'We', 'end': '12:40', 'location': 'TBA', 'start': '22:40'};{'day': 'Th', 'end': '12:40', 'location': 'TBA', 'start': '22:40'};{'day': 'Fr', 'end': '12:40', 'location': 'TBA', 'start': '22:40'}","False","False","","2","O","20262","Topics in German Arts","Topic","2026"
"0000171607","1.0","0000000552","HIST","This seminar examines the social and political role of warfare in ancient Greek and Roman history. Students investigate the concepts of war and peace by considering the role of the soldier within society, details of tactics and logistics, and the impact of warfare on both combatants and non-combatants alike. The seminar uses primary sources to examine these themes. Offered periodically.","0","0","0","0","0","GHS;HWC","Howe, Tim R.","{'fsnum': '15815', 'name': 'Howe, Tim R.'}","100","28","","","","","Ancient Warfare","","101","{'day': 'Mo', 'end': '12:40', 'location': 'TBA', 'start': '22:40'};{'day': 'Tu', 'end': '12:40', 'location': 'TBA', 'start': '22:40'};{'day': 'We', 'end': '12:40', 'location': 'TBA', 'start': '22:40'};{'day': 'Th', 'end': '12:40', 'location': 'TBA', 'start': '22:40'};{'day': 'Fr', 'end': '12:40', 'location': 'TBA', 'start': '22:40'}","False","False","","2","O","20262","","Research","2026"
"0000170350","1.0","0000041578","HIST","This course examines the Cold War (1945-1991) outward from the ""West"" and the Communist world, and emerging nations throughout Africa, Asia, and South America. Students analyze and discuss major conceptual themes of ideological conflict, collective action, and technological change, and read, discuss, and write to develop their own ideas and challenge our notions of this global story and what it has meant -and continues to mean- for the past.","0","0","0","0","0","GHS","Wilz, Patrick","{'fsnum': '33927', 'name': 'Wilz, Patrick'}","200","28","","","","","The Cold War","","223","{'day': 'Mo', 'end': '12:40', 'location': 'CHM 224', 'start': '22:40'};{'day': 'Tu', 'end': '12:40', 'location': 'CHM 224', 'start': '22:40'};{'day': 'We', 'end': '12:40', 'location': 'CHM 224', 'start': '22:40'};{'day': 'Th', 'end': '12:40', 'location': 'CHM 224', 'start': '22:40'};{'day': 'Fr', 'end': '12:40', 'location': 'CHM 224', 'start': '22:40'}","False","False","","2","O","20262","","Research","2026"
"0000171975","1.0","0000040045","HIST","This course examines migrations into, out of, and around Norway over time. By examining the push and pull factors for immigration and emigration, and the challenges this creates for Indigenous and minority groups, students gain an understanding of the interconnection of migrant experiences over time and geographical location. Students examine land taking of settler colonialism of Norwegian migrations both within Norway and Norwegian America. Prerequisite: FYS and WRR.","22","0","7","6","9","GHS;OEP","Dorer, Kari L.","{'fsnum': '14082', 'name': 'Dorer, Kari L.'}","200","24","","","","","The Journey North (study abroad)","This is a study abroad course. You will find this course listed in Studio Abroad;under its course title.","225","","False","FYS and WRR.","","2","O","20262","The Journey North: Migrations To, From, & Within Norway","Research","2026"
"0000170354","1.0","0000000705","ID","A full immersion in the art of theater, students attend approximately 20 performances at London and Stratford theaters. The course includes the reading of play texts, dramatic criticism, group discussions, and backstage tours. England, a theatrical center of the English-speaking world, enables students to experience a wide variety of theatrical performances ranging from traditional to contemporary. Excursions to Stratford-upon-Avon and other locations offer additional cultural perspectives. Offered annually during January term. Apply through Smith Center for Global Engagement. Counts toward the theater major in years that a theater faculty or staff member leads the course.","23","0","5","8","10","ALS-A;CRE;OEP","Naito, Jon T.","{'fsnum': '21893', 'name': 'Naito, Jon T.'}","200","24","","","","","Theater in London","This is a study abroad course.                                                  ;You will find this course listed in Studio Abroad under its course title.","258","","False","False","","2","C","20262","","Research","2026"
"0000170251","1.0","0000029415","ID","This seminar integrates the liberal arts with the experience of work and the search for a vocation or career. Course content is composed of virtual class sessions that connect academic theories/analyses of work with each student's particular internship experience. Students also consider and articulate the value of the liberal arts for their pursuit of a creative, productive, and satisfying professional life. Offered annually during January Term. Prerequisite: Internship applications must be approved through the Piper Center before students will be allowed to enroll.","0","0","0","0","0","OEP","Morse, Ashley","{'fsnum': '9002449', 'name': 'Morse, Ashley'}","200","30","","","","","Internship and Reflection Seminar","","295","{'day': 'Tu', 'end': '20:30', 'location': 'VRTL Online', 'start': '19:00'};{'day': 'Th', 'end': '20:30', 'location': 'VRTL Online', 'start': '19:00'}","False","Internship applications must be approved through the Piper Center before students will be allowed to enroll.","","2","O","20262","","Research","2026"
"0000172122","1.0","0000040264","KINES","The field of kinesiology is constantly expanding into new frontiers. This course provides an in-depth study of advanced topics that are chosen with attention to student interest and available staff. Class work depends on the topics and instructor, but is consistent with the amount and level of work in other 200-level kinesiology courses. May be repeated if courses are different. Counts as an elective toward the kinesiology major. May count toward other majors or concentrations if approved by the chair of that major/concentration. Offered periodically. Prerequisite: permission of the instructor.","0","0","0","0","0","","Mazzone, Josie L.","{'fsnum': '9006210', 'name': 'Mazzone, Josie L.'}","200","30","0","","","","Top: Topics in Kinesiology","This course is open only to senior, junior and sophomore Kinesiology majors. All;other majors by instructor consent.","291","{'day': 'Mo', 'end': '12:40', 'location': 'TBA', 'start': '22:40'};{'day': 'Tu', 'end': '12:40', 'location': 'TBA', 'start': '22:40'};{'day': 'We', 'end': '12:40', 'location': 'TBA', 'start': '22:40'};{'day': 'Th', 'end': '12:40', 'location': 'TBA', 'start': '22:40'};{'day': 'Fr', 'end': '12:40', 'location': 'TBA', 'start': '22:40'}","False","permission of the instructor.","B","2","O","20262","Topics in Kinesiology","Topic","2026"
"0000172123","1.0","0000040264","KINES","The field of kinesiology is constantly expanding into new frontiers. This course provides an in-depth study of advanced topics that are chosen with attention to student interest and available staff. Class work depends on the topics and instructor, but is consistent with the amount and level of work in other 200-level kinesiology courses. May be repeated if courses are different. Counts as an elective toward the kinesiology major. May count toward other majors or concentrations if approved by the chair of that major/concentration. Offered periodically. Prerequisite: permission of the instructor.","0","0","0","0","0","","Wahl, Carly A.","{'fsnum': '9006213', 'name': 'Wahl, Carly A.'}","200","30","0","","","","Top: Topics in Kinesiology","This course is open only to senior, junior and sophomore Kinesiology majors. All;other majors by instructor consent.","291","{'day': 'Mo', 'end': '12:40', 'location': 'TBA', 'start': '22:40'};{'day': 'Tu', 'end': '12:40', 'location': 'TBA', 'start': '22:40'};{'day': 'We', 'end': '12:40', 'location': 'TBA', 'start': '22:40'};{'day': 'Th', 'end': '12:40', 'location': 'TBA', 'start': '22:40'};{'day': 'Fr', 'end': '12:40', 'location': 'TBA', 'start': '22:40'}","False","permission of the instructor.","C","2","O","20262","Topics in Kinesiology","Topic","2026"
"0000170231","1.0","0000028767","KINES","This seminar integrates the liberal arts with the experience of healthcare work and the search for a vocation or career. Course content will include both an off-campus internship and on-campus class sessions that connect academic theories/analyses of work with their particular internship experience. Students will also consider and articulate the value of the liberal arts for their pursuit of a creative, productive, and satisfying professional life in the healthcare world. Offered during January Term. Prerequisite: Junior or senior standing.","0","0","0","0","0","OEP","Neuger, Matt D.","{'fsnum': '20080', 'name': 'Neuger, Matt D.'}","200","20","0","","0","","Healthcare Internship Seminar","Open to seniors and juniors only.                                               ;This course includes an academic civic engagement (ACE) component.","295","{'day': 'Fr', 'end': '16:00', 'location': 'SAC 112', 'start': '13:00'}","False","Junior or senior standing.","","2","O","20262","Healthcare Internship and Reflection Seminar","Research","2026"
"0000170174","1.0","0000000731","MATH","This course introduces differential and integral calculus of functions of a single real variable, including trigonometric, exponential, and logarithmic functions. Derivatives, integrals, and differential equations are explored graphically, symbolically, and numerically. Applications of these topics are emphasized throughout the course. Credit may be earned for either MATH 119 or MATH 120, but not both. Students may not enroll in this course if they have AP, IB, or CAL Calculus I credit. Offered each semester and during January term. Prerequisite: mathematics placement recommendation.","0","0","0","0","0","AQR;MAR;QCR","Davis, Maria M.","{'fsnum': '9002598', 'name': 'Davis, Maria M.'}","100","28","","","","","Calculus I","Course fee $35                                                                  ;This course will provide a 1-hour lunch break each day.","120","{'day': 'Mo', 'end': '15:00', 'location': 'RNS 208', 'start': '13:00'};{'day': 'Tu', 'end': '15:00', 'location': 'RNS 208', 'start': '13:00'};{'day': 'We', 'end': '15:00', 'location': 'RNS 208', 'start': '13:00'};{'day': 'Th', 'end': '15:00', 'location': 'RNS 208', 'start': '13:00'};{'day': 'Fr', 'end': '15:00', 'location': 'RNS 208', 'start': '13:00'};{'day': 'Mo', 'end': '12:40', 'location': 'RNS 208', 'start': '22:40'};{'day': 'Tu', 'end': '12:40', 'location': 'RNS 208', 'start': '22:40'};{'day': 'We', 'end': '12:40', 'location': 'RNS 208', 'start': '22:40'};{'day': 'Th', 'end': '12:40', 'location': 'RNS 208', 'start': '22:40'};{'day': 'Fr', 'end': '12:40', 'location': 'RNS 208', 'start': '22:40'}","False","mathematics placement recommendation.","","2","O","20262","","Research","2026"
"0000170195","1.0","0000000736","MATH","This course beautifully illustrates the nature of mathematics as a blend of technique, theory, abstraction, and applications. The important problem of solving systems of linear equations leads to the study of matrix algebra, determinants, vector spaces, bases and dimension, linear transformations, and eigenvalues. Offered each semester and during January term. Prerequisite: MATH 119, MATH 120 or CSCI 221.","0","0","0","0","0","AQR;MAR;QCR","Dietz, Jill","{'fsnum': '1380', 'name': 'Dietz, Jill'}","200","24","","","","","Elem Linear Algebra","This course will provide a 1-hour lunch break each day.","220","{'day': 'Mo', 'end': '15:00', 'location': 'TOH 186', 'start': '13:00'};{'day': 'Tu', 'end': '15:00', 'location': 'TOH 186', 'start': '13:00'};{'day': 'We', 'end': '15:00', 'location': 'TOH 186', 'start': '13:00'};{'day': 'Th', 'end': '15:00', 'location': 'TOH 186', 'start': '13:00'};{'day': 'Fr', 'end': '15:00', 'location': 'TOH 186', 'start': '13:00'};{'day': 'Mo', 'end': '12:40', 'location': 'TOH 186', 'start': '22:40'};{'day': 'Tu', 'end': '12:40', 'location': 'TOH 186', 'start': '22:40'};{'day': 'We', 'end': '12:40', 'location': 'TOH 186', 'start': '22:40'};{'day': 'Th', 'end': '12:40', 'location': 'TOH 186', 'start': '22:40'};{'day': 'Fr', 'end': '12:40', 'location': 'TOH 186', 'start': '22:40'}","False","MATH 119, MATH 120 or CSCI 221.","","2","O","20262","Elementary Linear Algebra","Research","2026"
"0000170187","1.0","0000036280","MATH","In this course students use topics in discrete mathematics to engage in problem solving, abstract mathematical thinking, and logical reasoning. Students practice proof writing in multiple contexts, including propositional and predicate logic; the foundations of set theory, functions, and relations; elementary number theory; arithmetic and geometric progressions; permutations, combinations, and basic probability; and graph theory. Offered each semester. May not be taken after MATH 244 or MATH 252, except with instructor permission. Prerequisite: CSCI 221, MATH 126 or MATH 128.","0","0","0","0","0","","Salois, Kyle","{'fsnum': '9005160', 'name': 'Salois, Kyle'}","200","24","","","","","Discrete Mathematical Reasoning","This course will provide a 1-hour lunch break each day.","234","{'day': 'Mo', 'end': '15:00', 'location': 'RNS 206', 'start': '13:00'};{'day': 'Tu', 'end': '15:00', 'location': 'RNS 206', 'start': '13:00'};{'day': 'We', 'end': '15:00', 'location': 'RNS 206', 'start': '13:00'};{'day': 'Th', 'end': '15:00', 'location': 'RNS 206', 'start': '13:00'};{'day': 'Fr', 'end': '15:00', 'location': 'RNS 206', 'start': '13:00'};{'day': 'Mo', 'end': '12:40', 'location': 'RNS 206', 'start': '22:40'};{'day': 'Tu', 'end': '12:40', 'location': 'RNS 206', 'start': '22:40'};{'day': 'We', 'end': '12:40', 'location': 'RNS 206', 'start': '22:40'};{'day': 'Th', 'end': '12:40', 'location': 'RNS 206', 'start': '22:40'};{'day': 'Fr', 'end': '12:40', 'location': 'RNS 206', 'start': '22:40'}","False","CSCI 221, MATH 126 or MATH 128.","","2","O","20262","","Research","2026"
"0000170315","1.0","0000021801","MATH","This course introduces the study of patterns and relationships satisfied by natural numbers. Topics include divisibility, modular arithmetic, prime numbers, congruences, primitive roots, and quadratic residues. The course is offered in Budapest, Hungary, a world center for mathematics research. The course includes several hours of Hungarian language instruction and lectures by Hungarian mathematicians and scholars. Offered annually during January Term. Prerequisite: MATH 220 or permission of instructor.","23","0","7","15","1","","Berliner, Adam H.","{'fsnum': '21092', 'name': 'Berliner, Adam H.'}","200","24","0","","","","Number Theory - Budapest","This is a study abroad course. You will find this course listed in Studio Abroad;under its course title.","239","","False","MATH 220 or permission of instructor.","","2","O","20262","","Research","2026"
"0000172124","1.0","0000041325","MATH","Computational geometry is the study of algorithms for solving geometric problems. This course introduces students to concepts of discrete geometry and their use in geometric algorithms. Topics may include polygons and polyhedra, triangulations, convex hulls, Voronoi diagrams, and configuration spaces. This course combines both theoretical and computational perspectives, and offers applications to areas such as computer graphics, mesh generation, robotics, and geographic information systems. Offered alternate years during January term. Prerequisites: MATH 242 or MATH 244 or MATH 252 or (MATH 234 and CSCI 221), or instructor permission.","0","0","0","0","0","","Wright, Matthew","{'fsnum': '27194', 'name': 'Wright, Matthew'}","200","24","","","","","Computational Geometry","This course will provide a 1-hour lunch break each day.","261","{'day': 'Mo', 'end': '15:00', 'location': 'TBA', 'start': '13:00'};{'day': 'Tu', 'end': '15:00', 'location': 'TBA', 'start': '13:00'};{'day': 'We', 'end': '15:00', 'location': 'TBA', 'start': '13:00'};{'day': 'Th', 'end': '15:00', 'location': 'TBA', 'start': '13:00'};{'day': 'Fr', 'end': '15:00', 'location': 'TBA', 'start': '13:00'};{'day': 'Mo', 'end': '12:40', 'location': 'TBA', 'start': '22:40'};{'day': 'Tu', 'end': '12:40', 'location': 'TBA', 'start': '22:40'};{'day': 'We', 'end': '12:40', 'location': 'TBA', 'start': '22:40'};{'day': 'Th', 'end': '12:40', 'location': 'TBA', 'start': '22:40'};{'day': 'Fr', 'end': '12:40', 'location': 'TBA', 'start': '22:40'}","False","Prerequisites: MATH 242 or MATH 244 or MATH 252 or (MATH 234 and CSCI 221), or instructor permission.","","2","O","20262","","Research","2026"
"0000170221","1.0","0000000758","MATH","Properties of axiomatic systems are illustrated with finite geometries and applied in a synthetic examination of Euclid's original postulates, well-known Euclidean theorems, and non-Euclidean geometries. Euclidean, similarity, and affine transformations are studied analytically. These transformations are generalized to obtain results in hyperbolic geometry and used to generate fractals in an exploration of fractal geometry. Dynamic geometry software and hands-on labs are used to explore both the transformations and properties of these geometries. Offered annually during January Term. Prerequisite: MATH 220, and MATH 244 or MATH 252.","0","0","0","0","0","WRI","Matsuura, Ryota","{'fsnum': '21867', 'name': 'Matsuura, Ryota'}","300","18","0","","0","","Geometry","Not open to first-year students.                                                ;This course will provide a 1-hour lunch break each day.","356","{'day': 'Mo', 'end': '15:00', 'location': 'TOH 184', 'start': '13:00'};{'day': 'Tu', 'end': '15:00', 'location': 'TOH 184', 'start': '13:00'};{'day': 'We', 'end': '15:00', 'location': 'TOH 184', 'start': '13:00'};{'day': 'Th', 'end': '15:00', 'location': 'TOH 184', 'start': '13:00'};{'day': 'Fr', 'end': '15:00', 'location': 'TOH 184', 'start': '13:00'};{'day': 'Mo', 'end': '12:40', 'location': 'TOH 184', 'start': '22:40'};{'day': 'Tu', 'end': '12:40', 'location': 'TOH 184', 'start': '22:40'};{'day': 'We', 'end': '12:40', 'location': 'TOH 184', 'start': '22:40'};{'day': 'Th', 'end': '12:40', 'location': 'TOH 184', 'start': '22:40'};{'day': 'Fr', 'end': '12:40', 'location': 'TOH 184', 'start': '22:40'}","False","MATH 220, and MATH 244 or MATH 252.","","2","O","20262","","Research","2026"
"0000172125","1.0","0000000823","MUSIC","This course is a hands-on study of the science, aesthetics, history and current practices of electronic music. Creative projects include work with MIDI synthesizers and sequencers, as well as digital sampling and software synthesis. Offered alternate years during January term. Prerequisite: sophomore status or above.","0","0","0","0","0","ALS-A;CRE","Merritt, Justin W.","{'fsnum': '16664', 'name': 'Merritt, Justin W.'}","200","18","","","","","Music/Electronic Med","","225","{'day': 'Mo', 'end': '12:40', 'location': 'TBA', 'start': '22:40'};{'day': 'Tu', 'end': '12:40', 'location': 'TBA', 'start': '22:40'};{'day': 'We', 'end': '12:40', 'location': 'TBA', 'start': '22:40'};{'day': 'Th', 'end': '12:40', 'location': 'TBA', 'start': '22:40'};{'day': 'Fr', 'end': '12:40', 'location': 'TBA', 'start': '22:40'}","False","sophomore status or above.","","2","O","20262","Music in the Electronic Medium","Research","2026"
"0000172631","1.0","0000042949","MUSIC","Musical transmission between generations in the context of spiritual practice is a hallmark of music education in India. Students explore the challenges local educators face when bringing folk and ritual traditions into an urban folk school setting in Assam. Students experience connections between music and spirituality first-hand as they learn to perform songs and dances from culture bearers who introduce them to these participatory traditions in intergenerational environments. Open to students in all majors. Offered periodically during January term.","8","0","3","1","4","CRE","Kheshgi, Rehanna L.","{'fsnum': '29119', 'name': 'Kheshgi, Rehanna L.'}","200","18","","","","","Intergenerational Music in India","This is a study abroad course. You will find this course listed in Studio Abroad;under its course title.                                                         ;This course includes an academic civic engagement (ACE) component.","233","","False","False","","2","O","20262","Intergenerational Music Learning in Northeast India","Research","2026"
"0000172632","1.0","0000042950","MUSIC","This course explores Harlem, NY, focusing on the Harlem Renaissance, a major cultural movement from the 1920s and 1930s. In January, students attend music performances, cultural events, and site visits. These activities aim to deepen their understanding of this significant era through readings, guest lectures, archival research, and exploration. Students reflect on how, despite challenges related to power, class, race, and gender, the movement promoted progress in arts, ideas, and social change. Offered periodically during January term.","13","0","4","8","1","OEP;PAR","Stephens, Emery","{'fsnum': '31100', 'name': 'Stephens, Emery'}","200","18","","","","","New York Music Immersion","This is a study away course. You will find this course listed in Studio Abroad  ;under its course title.","238","","False","False","","2","O","20262","New York Music Immersion: Harlem Renaissance Connections","Research","2026"
"0000172364","1.0","0000027058","MUSIC","This course is designed for students interested in civic engagement in the arts and arts fusion projects. Participants mentor students from a local elementary school in an Opera Creation Residency as the elementary students compose and perform their own original works. The course culminates in staged public performances. Enrollment is subject to a fall interview/audition. Open to all students. May be repeated once. A class fee may be required. Offered during January term in alternate years. Prerequisites: two semesters of voice study or permission of instructor.","0","0","0","0","0","","Kruse, Dale","{'fsnum': '25342', 'name': 'Kruse, Dale'}","200","15","","","","","Opera - Civic Engagement","This course includes an academic civic engagement (ACE) component.","268","","False","Prerequisites: two semesters of voice study or permission of instructor.","","2","O","20262","Opera Creation Residency in the Schools: Civic Engagement","Research","2026"
"0000170323","1.0","0000036274","MUSIC","How does a musician find work with little or no prior professional experience? What skills do musicians need to refine before and after graduation? This course invites students to engage in self-reflection, topical discussions, capacity-building, and best professional practices for individual musicians in the performance industry. Topics include the basics of the music business (roles in the industry, copyright law and contracts), artist identity development, and practical skills for a musical career. Offered periodically in the fall semester of January term..","0","0","0","0","0","OEP","Ramirez, Catherine","{'fsnum': '21899', 'name': 'Ramirez, Catherine'}","200","24","","","","","Professional Practices","","273","{'day': 'Mo', 'end': '15:00', 'location': 'CHM 224', 'start': '13:00'};{'day': 'Tu', 'end': '15:00', 'location': 'CHM 224', 'start': '13:00'};{'day': 'We', 'end': '15:00', 'location': 'CHM 224', 'start': '13:00'};{'day': 'Th', 'end': '15:00', 'location': 'CHM 224', 'start': '13:00'};{'day': 'Fr', 'end': '15:00', 'location': 'CHM 224', 'start': '13:00'}","False","False","","2","O","20262","Professional Practices for the Individual Musician","Research","2026"
"0000172554","1.0","0000019408","MUSIC","This course provides a comprehensive research opportunity, including an introduction to relevant background material, technical instruction, identification of a meaningful project, and data collection. The topic is determined by the faculty member in charge of the course and may relate to their research interests. Offered based on department decision. May be offered as a 1.00 credit course or .50 credit course. Prerequisite: determined by individual instructor.","0","0","0","0","0","","Epstein, Louis K.","{'fsnum': '26252', 'name': 'Epstein, Louis K.'}","300","6","","","","","Research: Musical Geographies","","396","","False","determined by individual instructor.","","2","O","20262","Directed Undergraduate Research","Research","2026"
"0000170153","1.0","0000000922","NORW","Students continue developing proficiency in spoken and written Norwegian, increasing their vocabulary, improving grammatical accuracy, and gaining experience reading and listening to authentic materials. Offered annually during January term and spring semester. Prerequisite: NORW 111 or by placement test.","0","0","0","0","0","","Lund, Thea M.","{'fsnum': '9005101', 'name': 'Lund, Thea M.'}","100","24","","","","","Beginning Norwegian II","Prerequisite: NORW 111 or by placement test","112","{'day': 'Mo', 'end': '10:00', 'location': 'TOH 308', 'start': '09:00'};{'day': 'Tu', 'end': '10:00', 'location': 'TOH 308', 'start': '09:00'};{'day': 'We', 'end': '10:00', 'location': 'TOH 308', 'start': '09:00'};{'day': 'Th', 'end': '10:00', 'location': 'TOH 308', 'start': '09:00'};{'day': 'Fr', 'end': '10:00', 'location': 'TOH 308', 'start': '09:00'};{'day': 'Mo', 'end': '12:40', 'location': 'TOH 308', 'start': '22:40'};{'day': 'Tu', 'end': '12:40', 'location': 'TOH 308', 'start': '22:40'};{'day': 'We', 'end': '12:40', 'location': 'TOH 308', 'start': '22:40'};{'day': 'Th', 'end': '12:40', 'location': 'TOH 308', 'start': '22:40'};{'day': 'Fr', 'end': '12:40', 'location': 'TOH 308', 'start': '22:40'}","False","NORW 111 or by placement test.","","2","O","20262","","Research","2026"
"0000170317","1.0","0000000939","NURS","This course explores the sources, chemical composition, and metabolic behavior of nutrients. Nutritional requirements for a balanced diet are examined as well as the consequences of excesses and deficiencies. Students use nutrition tools and guidelines to make sound food choices, learn how to read food labels, and consider factors affecting food consumption. Class activities increase students' awareness of a healthy diet, help students evaluate nutrition behaviors, and facilitate a nutritionally sound lifestyle. Offered annually. Does not count toward major, but is a prerequisite for the nursing major.","0","0","0","0","0","IST;NST;NTS","Chesterfield, Ann-Marie E.","{'fsnum': '9005181', 'name': 'Chesterfield, Ann-Marie E.'}","100","30","","","","","Nutrition and Wellness","","110","{'day': 'Mo', 'end': '12:40', 'location': 'RNS 150', 'start': '22:40'};{'day': 'Tu', 'end': '12:40', 'location': 'RNS 150', 'start': '22:40'};{'day': 'We', 'end': '12:40', 'location': 'RNS 150', 'start': '22:40'};{'day': 'Th', 'end': '12:40', 'location': 'RNS 150', 'start': '22:40'};{'day': 'Fr', 'end': '12:40', 'location': 'RNS 150', 'start': '22:40'}","False","False","","2","O","20262","","Research","2026"
"0000171924","1.0","0000024362","PHIL","Judo is an Olympic sport and martial art widely known for its dynamic throws, slick submissions, and grueling conditioning. However, the founder of judo also intended it to be a system of moral education rooted in the philosophical traditions of Japan. In this course students learn the physical aspects of judo through intensive practice and the philosophical aspects of judo through studying Zen Buddhism and the writings of judo's founder, Jigoro Kano. Offered during January term.","0","0","0","0","0","ACB;SPM","Muñoz-Hutchinson, Danny","{'fsnum': '21884', 'name': 'Muñoz-Hutchinson, Danny'}","100","20","","0","","0","Zen and Art of Judo","Open to first and second year students only.","127","{'day': 'Mo', 'end': '12:40', 'location': 'TBA', 'start': '22:40'};{'day': 'Tu', 'end': '12:40', 'location': 'TBA', 'start': '22:40'};{'day': 'We', 'end': '12:40', 'location': 'TBA', 'start': '22:40'};{'day': 'Th', 'end': '12:40', 'location': 'TBA', 'start': '22:40'};{'day': 'Fr', 'end': '12:40', 'location': 'TBA', 'start': '22:40'}","False","False","","2","O","20262","Zen and the Art of Judo","Research","2026"
"0000170286","1.0","0000041402","PHIL","This course surveys the philosophy of the Latin American world, considering both the writings of philosophers from Latin America as well as philosophical explorations of issues relevant to Latin America. Students explore how issues such as race, imperialism, political emancipation, and postcolonialism have been approached and understood in Latin American contexts. Prior coursework in philosophy or Latin American studies is recommended but not required. Offered periodically in January term.","0","0","0","0","0","ERC;WAC","Westler, Brendon","{'fsnum': '31144', 'name': 'Westler, Brendon'}","200","25","7","","","","Latin American Philosophy","Completion of WRR is strongly recommended.","242","{'day': 'Mo', 'end': '12:40', 'location': 'CAD 202', 'start': '22:40'};{'day': 'Tu', 'end': '12:40', 'location': 'CAD 202', 'start': '22:40'};{'day': 'We', 'end': '12:40', 'location': 'CAD 202', 'start': '22:40'};{'day': 'Th', 'end': '12:40', 'location': 'CAD 202', 'start': '22:40'};{'day': 'Fr', 'end': '12:40', 'location': 'CAD 202', 'start': '22:40'}","False","False","","2","O","20262","","Research","2026"
"0000170337","1.0","0000019738","PHIL","An exploration of problems about the nature of space and time that are of common interest to philosophers and scientists: Do space and time have boundaries? Are space and time independent of minds and bodies? How are space and time conceived in classical vs. relativistic physics? What is the geometry of space? Is time travel possible? What is God's relation to space and time? Offered during January Term.","0","0","0","0","0","IST;NST","Cunningham, Arthur","{'fsnum': '20236', 'name': 'Cunningham, Arthur'}","200","25","0","","","","Space and Time","Not open to first-year students.","246","{'day': 'Mo', 'end': '12:30', 'location': 'HH 434', 'start': '23:00'};{'day': 'Tu', 'end': '12:30', 'location': 'HH 434', 'start': '23:00'};{'day': 'We', 'end': '12:30', 'location': 'HH 434', 'start': '23:00'};{'day': 'Th', 'end': '12:30', 'location': 'HH 434', 'start': '23:00'};{'day': 'Fr', 'end': '12:30', 'location': 'HH 434', 'start': '23:00'};{'day': 'Mo', 'end': '15:30', 'location': 'RNS 210', 'start': '14:00'};{'day': 'We', 'end': '15:30', 'location': 'RNS 210', 'start': '14:00'};{'day': 'Fr', 'end': '15:30', 'location': 'RNS 210', 'start': '14:00'}","False","False","","2","O","20262","","Research","2026"
"0000171925","1.0","0000000977","PHIL","This course clarifies central concepts and distinctions developed in the literature of moral philosophy and applications of those concepts and distinctions to concrete moral problems that arise in the practice of medicine. Issues may include euthanasia, abortion, medical paternalism, allocation of scarce medical resources, culturally sensitive medical care, pandemics, and conflicts of loyalty in managed care. Readings are drawn from both philosophical and medical discussions. Offered annually.","0","0","0","0","0","EIN;ERC","Marsh, Jason","{'fsnum': '23586', 'name': 'Marsh, Jason'}","200","25","0","","","","Biomedical Ethics","No first year students","250","{'day': 'Mo', 'end': '12:40', 'location': 'TBA', 'start': '22:40'};{'day': 'Tu', 'end': '12:40', 'location': 'TBA', 'start': '22:40'};{'day': 'We', 'end': '12:40', 'location': 'TBA', 'start': '22:40'};{'day': 'Th', 'end': '12:40', 'location': 'TBA', 'start': '22:40'};{'day': 'Fr', 'end': '12:40', 'location': 'TBA', 'start': '22:40'}","False","False","","2","O","20262","","Research","2026"
"0000170324","1.0","0000042882","PHIL","This course examines the relationship of psychoanalysis to critical social theory. Students are introduced to classic psychoanalytic texts and works in critical theory that creatively take up or challenge them. Students are encouraged to develop their own perspectives on ethical issues surrounding human subjectivity, gender and sexuality, race and coloniality, and the possibility of progress -- as well as debates about psychoanalysis as an agent of oppressive normalization versus a force for liberatory social change. Offered periodically in January term. Prerequisite: WRIT 120 or equivalent.","0","0","0","0","0","ERC;WAC","Yokum, Nicole","{'fsnum': '35097', 'name': 'Yokum, Nicole'}","200","20","0","","","","Psychoanalysis and Critical Theory","Not open to first-year students.","265","{'day': 'Mo', 'end': '12:40', 'location': 'HH 205', 'start': '22:40'};{'day': 'Tu', 'end': '12:40', 'location': 'HH 205', 'start': '22:40'};{'day': 'We', 'end': '12:40', 'location': 'HH 205', 'start': '22:40'};{'day': 'Th', 'end': '12:40', 'location': 'HH 205', 'start': '22:40'};{'day': 'Fr', 'end': '12:40', 'location': 'HH 205', 'start': '22:40'}","False","WRIT 120 or equivalent.","","2","O","20262","","Research","2026"
"0000170282","1.0","0000038487","PHIL","This course on Søren Kierkegaard--which takes place in his hometown, Copenhagen, Denmark--moves through some unusual thematic territory. We examine the dialectic of meaninglessness and faith, boredom and passion, solitude and silence; we ask about the joy and pain of embodiment; and we explore forms of love and commitment. Discussions take place in the Danish classroom, but also on-site in the parks, squares, churches, castles, and surrounding forests mentioned in his works.","24","0","11","9","4","OEP;RFV","Söderquist, Brian","{'fsnum': '34006', 'name': 'Söderquist, Brian'}","200","20","0","","","","Kierkegaard in Copenhagen","This is a study abroad course. You will find this course listed in Studio Abroad;under its course title.","266","","False","False","","2","C","20262","","Research","2026"
"0000172634","1.0","0000038486","PHS","In the United States ""health"" constitutes seeing doctors, taking medicines, and getting in 5000 daily steps. In Germany, wellness is fundamental to lifestyle. While traveling in Germany and Switzerland, students compare health practices to examine the factors that contribute to health promotion. How do place, time, money, power, luck and compassion contribute to health in Germany and the U.S.? What personal health practices can we sustain to promote our own wellbeing?","23","0","9","3","11","SCS","Staff","{'fsnum': '', 'name': 'Staff'}","200","20","","","","","Comparative Images of Wellness","This is a study abroad course. You will find this course listed in Studio Abroad;under its course title.","260","","False","False","","2","C","20262","Comparative Health and Wellness - Germany & Switzerland","Research","2026"
"0000170259","1.0","0000033313","PHYS","This course takes a holistic, process approach to design. Student teams identify human-centered needs, define problems, develop and prototype solutions, test, redesign, and present final recommendations. This hands-on course emphasizes the application of scientific principles, analysis, and design to real world problems. Students write throughout the course to develop and share ideas. In the January Term, students attend lectures and a daily laboratory. In the full semester offering, students attend lectures and one 2.5-hour laboratory per week. Offered annually. Prerequisites: MATH 119 or MATH 120 and at least one of the following: PHYS 130, PHYS 124, CHEM 122, CHEM 125, BIO 150, PSYCH 125, CSCI 121, or permission of instructor.","0","0","0","0","0","CRE;IST;NTS;SED","Paulsen, Joey D.","{'fsnum': '9005104', 'name': 'Paulsen, Joey D.'}","100","30","","","","","Introduction to Engineering Design","","160","{'day': 'Mo', 'end': '15:00', 'location': 'RNS 293', 'start': '13:00'};{'day': 'Tu', 'end': '15:00', 'location': 'RNS 293', 'start': '13:00'};{'day': 'We', 'end': '15:00', 'location': 'RNS 293', 'start': '13:00'};{'day': 'Th', 'end': '15:00', 'location': 'RNS 293', 'start': '13:00'};{'day': 'Fr', 'end': '15:00', 'location': 'RNS 293', 'start': '13:00'};{'day': 'Mo', 'end': '10:00', 'location': 'RNS 210', 'start': '08:00'};{'day': 'Tu', 'end': '10:00', 'location': 'RNS 210', 'start': '08:00'};{'day': 'We', 'end': '10:00', 'location': 'RNS 210', 'start': '08:00'};{'day': 'Th', 'end': '10:00', 'location': 'RNS 210', 'start': '08:00'};{'day': 'Fr', 'end': '10:00', 'location': 'RNS 210', 'start': '08:00'};{'day': 'Mo', 'end': '12:40', 'location': 'RNS 293', 'start': '22:40'};{'day': 'Tu', 'end': '12:40', 'location': 'RNS 293', 'start': '22:40'};{'day': 'We', 'end': '12:40', 'location': 'RNS 293', 'start': '22:40'};{'day': 'Th', 'end': '12:40', 'location': 'RNS 293', 'start': '22:40'};{'day': 'Fr', 'end': '12:40', 'location': 'RNS 293', 'start': '22:40'}","False","Prerequisites: MATH 119 or MATH 120 and at least one of the following: PHYS 130, PHYS 124, CHEM 122, CHEM 125, BIO 150, PSYCH 125, CSCI 121, or permission of instructor.","","2","O","20262","","Research","2026"
"0000170302","1.0","0000001086","PHYS","This course offers an introduction to the physics of sound waves, the biological, physical and psychological origins of sound perception, and the synthesis of sounds and sound production in different instruments. Students explore these topics, as well as sound recording and reproduction systems, through lectures, discussions, laboratory experiments, and student presentations. Offered during January Term. Prerequisite: proficiency in algebra and geometry. Musical experience is helpful but not required.","0","0","0","0","0","IST;NSC;NSL;NTS;SED","Borovsky, Brian","{'fsnum': '716', 'name': 'Borovsky, Brian'}","200","36","0","","","","Musical Acoustics","Students in Physics 252 must also register for lab Physics 252 L.               ;First-year students must complete a capacity override request to register.","252","{'day': 'Mo', 'end': '12:10', 'location': 'RNS 210', 'start': '22:40'};{'day': 'Tu', 'end': '12:10', 'location': 'RNS 210', 'start': '22:40'};{'day': 'We', 'end': '12:10', 'location': 'RNS 210', 'start': '22:40'};{'day': 'Th', 'end': '12:10', 'location': 'RNS 210', 'start': '22:40'};{'day': 'Fr', 'end': '12:10', 'location': 'RNS 210', 'start': '22:40'}","False","proficiency in algebra and geometry. Musical experience is helpful but not required.","","2","O","20262","","Research","2026"
"0000170303","","0000001087","PHYS","","0","0","0","0","0","","Borovsky, Brian","{'fsnum': '716', 'name': 'Borovsky, Brian'}","200","36","0","","","","Musical Acoustics Lab","","252","{'day': 'Mo', 'end': '15:30', 'location': 'RNS 292', 'start': '13:15'};{'day': 'Tu', 'end': '15:30', 'location': 'RNS 292', 'start': '13:15'};{'day': 'We', 'end': '15:30', 'location': 'RNS 292', 'start': '13:15'};{'day': 'Th', 'end': '15:30', 'location': 'RNS 292', 'start': '13:15'}","False","","","2","O","20262","","Lab","2026"
"0000172126","1.0","0000041470","PSCI","This study abroad course introduces students to the life and thought of Niccolo Machiavelli as a window into Renaissance Italy, Ancient Rome, and Modern Europe. Students not only trace Machiavelli's career and aspirations through the streets of Florence and Rome, they also explore the way in which his political and literary works continue to shape the way in which Ancient Rome is presented to tourists and national identity is promoted by politicians. Offered alternate years during January term.","20","0","6","9","5","GHS;OEP","Casson, Douglas J.","{'fsnum': '17420', 'name': 'Casson, Douglas J.'}","200","24","","","","","Politics and Power in Italy","This is a study abroad course. You will find this course listed in Studio Abroad;under its course title.","240","","False","False","","2","O","20262","Machiavelli's Shadow: Politics and Power in Italy","Research","2026"
"0000172127","1.0","0000018523","PSCI","Currents of nationalism, regionalism, and globalization organize political life around the world. What trends and policies promote regional integration? What forces frustrate integration? To answer these questions this course investigates security, economic, and cultural relations at the beginning of the 21st century within Asia and between Asia and Russia and the U.S. This course looks at the historical interaction of national, regional, and global forces for additional answers. Offered periodically. Prerequisite: previous course in Asian studies or political science, or permission of instructor.","0","0","0","0","0","GHS;HBS;MCG;MCS-G;SCS","Tegtmeyer Pak, Katherine S.","{'fsnum': '15754', 'name': 'Tegtmeyer Pak, Katherine S.'}","200","27","","","","","Asian Regionalism","","245","{'day': 'Mo', 'end': '12:40', 'location': 'TBA', 'start': '22:40'};{'day': 'Tu', 'end': '12:40', 'location': 'TBA', 'start': '22:40'};{'day': 'We', 'end': '12:40', 'location': 'TBA', 'start': '22:40'};{'day': 'Th', 'end': '12:40', 'location': 'TBA', 'start': '22:40'};{'day': 'Fr', 'end': '12:40', 'location': 'TBA', 'start': '22:40'}","False","previous course in Asian studies or political science, or permission of instructor.","","2","O","20262","","Research","2026"
"0000172128","1.0","0000001128","PSCI","The goal of this course is to expand students' knowledge of conflict, cooperation, trade, development, inequality, imperialism, and power in world politics. The course uses substantive examples to teach about issues and institutions in ""world politics"" and to examine appropriate mechanisms to understand and explain international phenomena. Also counts toward business and management studies concentration. Offered annually.","0","0","0","0","0","HBS;SCS","Lott, Anthony","{'fsnum': '15825', 'name': 'Lott, Anthony'}","200","27","","","","","World Politics","","258","{'day': 'Mo', 'end': '12:40', 'location': 'TBA', 'start': '22:40'};{'day': 'Tu', 'end': '12:40', 'location': 'TBA', 'start': '22:40'};{'day': 'We', 'end': '12:40', 'location': 'TBA', 'start': '22:40'};{'day': 'Th', 'end': '12:40', 'location': 'TBA', 'start': '22:40'};{'day': 'Fr', 'end': '12:40', 'location': 'TBA', 'start': '22:40'}","False","False","","2","O","20262","","Research","2026"
"0000170384","1.0","0000034802","PSCI","This course combines experiential learning with ethical reflection. It offers networking and possible job shadowing opportunities in the areas of policy-making, advocacy, campaigning, federal and local government, journalism, advocacy, law, among others. Students will be matched with a number of St. Olaf alumni and professionals in Washington, D.C. and be able to talk with them about their jobs and perhaps shadow them at their workplace. The jobs-shadowing and career-related experiences will be paired with course material that will help you learn about the practice of governance, politics as a vocation, political efficacy and the ethical dimensions of leadership and public service. Offered periodically during January term. Apply through Smith Center for Global Engagement.","7","0","2","2","3","EIN;ERC;OEP","Hofrenning, Dan","{'fsnum': '3418', 'name': 'Hofrenning, Dan'}","200","20","","","","","Washington D.C. Politics Practicum","This is a study away course. You will find this course listed in Studio Abroad  ;under its course title.                                                         ;This course includes an academic civic engagement (ACE) component.","297","","False","False","","2","O","20262","Washington D.C. Politics and Intl Relations Practicum","Research","2026"
"0000170359","1.0","0000001142","PSCI","The department periodically offers special topics courses. The specific title of the course is listed in the class and lab schedule when it is offered.","0","0","0","0","0","HBS;MCD;MCG;MCS-D","Schmotter, Caleb","{'fsnum': '9005159', 'name': 'Schmotter, Caleb'}","200","27","","","","","Top: Blood Runs Thicker","Full topic title: Top: Blood Runs Thicker - Descent-Based Identities in Global  ;Perspective","299","{'day': 'Mo', 'end': '15:00', 'location': 'HH 501', 'start': '13:00'};{'day': 'Tu', 'end': '15:00', 'location': 'HH 501', 'start': '13:00'};{'day': 'We', 'end': '15:00', 'location': 'HH 501', 'start': '13:00'};{'day': 'Th', 'end': '15:00', 'location': 'HH 501', 'start': '13:00'};{'day': 'Fr', 'end': '15:00', 'location': 'HH 501', 'start': '13:00'}","False","False","","2","O","20262","Topics in Political Science","Topic","2026"
"0000171828","1.0","0000022443","PSYCH","How do we hear? What do we hear? How do we know? This course examines the perception of the acoustic world through our sense of hearing. Topics include the structure of sound itself (acoustics), how sound is encoded and processed by the brain, and how we come to understand sound as something beyond a physical stimulus (representation, meaning, and interpretation). Additional topics include speech perception, music, hearing loss, and cochlear implants. Offered periodically during January term. Prerequisite: PSYCH 125 recommended.","0","0","0","0","0","MCS-D;NST","Loebach, Jeremy","{'fsnum': '21097', 'name': 'Loebach, Jeremy'}","200","26","","","","","Psychology of Hearing","","222","{'day': 'Mo', 'end': '12:40', 'location': 'TBA', 'start': '22:40'};{'day': 'Tu', 'end': '12:40', 'location': 'TBA', 'start': '22:40'};{'day': 'We', 'end': '12:40', 'location': 'TBA', 'start': '22:40'};{'day': 'Th', 'end': '12:40', 'location': 'TBA', 'start': '22:40'};{'day': 'Fr', 'end': '12:40', 'location': 'TBA', 'start': '22:40'}","False","PSYCH 125 recommended.","","2","O","20262","","Research","2026"
"0000171829","1.0","0000034834","PSYCH","Students learn how gender is perceived, constructed, and experienced in contemporary Norway, using psychological and sociocultural perspectives to explore topics such as family life, youth development/empowerment, education, employment, media/advertising, health, and sexuality. They also examine Indigenous Sámi and immigrant perspectives. Lectures, site visits, and other field experiences augment scholarly readings and contribute to an understanding of gender equality as a foundational guiding principle and practice in an increasingly diverse Norwegian society. Offered periodically during January term. Apply through Smith Center for Global Engagement. Prerequisites: PSYCH 125 or a course in Nordic studies, gender and sexuality studies, family studies, or sociology/anthropology, or permission of instructor; PSYCH 241 or PSYCH 249 strongly recommended.","23","0","13","2","8","HBS;OEP;SCS","Gross, Dana","{'fsnum': '2768', 'name': 'Gross, Dana'}","200","25","","","","","Gender Equality in Norway","This is a study abroad course. You will find this course listed in Studio Abroad;under its course title.","232","","False","Prerequisites: PSYCH 125 or a course in Nordic studies, gender and sexuality studies, family studies, or sociology/anthropology, or permission of instructor; PSYCH 241 or PSYCH 249 strongly recommended.","","2","O","20262","","Research","2026"
"0000171830","1.0","0000037432","PSYCH","This topics-based survey course examines the basic principles of psychological science within a given subdiscipline. Students use critical thinking skills to examine fascinating topics such as: language development, health psychology, spirituality, education, learning and memory, choice and decision-making, hormones and behavior, perception, sensation, neuroethics, cultural psychology, neuropsychology, and lifespan development. Students apply basic principles from introductory psychology and act as skeptical scientists. This course applies to many career choices in today's world and provides insight into self and others. May be repeated if topic is different. Offered periodically. Prerequisite: PSYCH 125.","0","0","0","0","0","","Dickinson, Shelly D.","{'fsnum': '15747', 'name': 'Dickinson, Shelly D.'}","200","26","","","","","Top: Topics in Psychology","","290","{'day': 'Mo', 'end': '12:40', 'location': 'TBA', 'start': '22:40'};{'day': 'Tu', 'end': '12:40', 'location': 'TBA', 'start': '22:40'};{'day': 'We', 'end': '12:40', 'location': 'TBA', 'start': '22:40'};{'day': 'Th', 'end': '12:40', 'location': 'TBA', 'start': '22:40'};{'day': 'Fr', 'end': '12:40', 'location': 'TBA', 'start': '22:40'}","False","PSYCH 125.","A","2","O","20262","Topics in Psychology","Topic","2026"
"0000171831","1.0","0000037432","PSYCH","This topics-based survey course examines the basic principles of psychological science within a given subdiscipline. Students use critical thinking skills to examine fascinating topics such as: language development, health psychology, spirituality, education, learning and memory, choice and decision-making, hormones and behavior, perception, sensation, neuroethics, cultural psychology, neuropsychology, and lifespan development. Students apply basic principles from introductory psychology and act as skeptical scientists. This course applies to many career choices in today's world and provides insight into self and others. May be repeated if topic is different. Offered periodically. Prerequisite: PSYCH 125.","0","0","0","0","0","","Ausherbauer, Kadie","{'fsnum': '34068', 'name': 'Ausherbauer, Kadie'}","200","26","","","","","Top: Topics in Psychology","","290","{'day': 'Mo', 'end': '15:00', 'location': 'TBA', 'start': '13:00'};{'day': 'Tu', 'end': '15:00', 'location': 'TBA', 'start': '13:00'};{'day': 'We', 'end': '15:00', 'location': 'TBA', 'start': '13:00'};{'day': 'Th', 'end': '15:00', 'location': 'TBA', 'start': '13:00'};{'day': 'Fr', 'end': '15:00', 'location': 'TBA', 'start': '13:00'}","False","PSYCH 125.","B","2","O","20262","Topics in Psychology","Topic","2026"
"0000171832","1.0","0000037432","PSYCH","This topics-based survey course examines the basic principles of psychological science within a given subdiscipline. Students use critical thinking skills to examine fascinating topics such as: language development, health psychology, spirituality, education, learning and memory, choice and decision-making, hormones and behavior, perception, sensation, neuroethics, cultural psychology, neuropsychology, and lifespan development. Students apply basic principles from introductory psychology and act as skeptical scientists. This course applies to many career choices in today's world and provides insight into self and others. May be repeated if topic is different. Offered periodically. Prerequisite: PSYCH 125.","0","0","0","0","0","","Rivera, Brian","{'fsnum': '9005232', 'name': 'Rivera, Brian'}","200","26","","","","","Top: Topics in Psychology","","290","{'day': 'Mo', 'end': '15:00', 'location': 'TBA', 'start': '13:00'};{'day': 'Tu', 'end': '15:00', 'location': 'TBA', 'start': '13:00'};{'day': 'We', 'end': '15:00', 'location': 'TBA', 'start': '13:00'};{'day': 'Th', 'end': '15:00', 'location': 'TBA', 'start': '13:00'};{'day': 'Fr', 'end': '15:00', 'location': 'TBA', 'start': '13:00'}","False","PSYCH 125.","C","2","O","20262","Topics in Psychology","Topic","2026"
"0000170334","1.0","0000001186","PSYCH","Seminars allow in-depth study of particular themes or topics in psychology. See department Website for descriptions and additional prerequisites. Offered annually. May be repeated if topic is different. Prerequisite: PSYCH 230.","0","0","0","0","0","","Kochendorfer, Logan B.","{'fsnum': '9005138', 'name': 'Kochendorfer, Logan B.'}","300","17","","","0","","Sem: Intimate Relationships","","390","{'day': 'Mo', 'end': '12:40', 'location': 'RNS 124', 'start': '22:40'};{'day': 'Tu', 'end': '12:40', 'location': 'RNS 124', 'start': '22:40'};{'day': 'We', 'end': '12:40', 'location': 'RNS 124', 'start': '22:40'};{'day': 'Th', 'end': '12:40', 'location': 'RNS 124', 'start': '22:40'};{'day': 'Fr', 'end': '12:40', 'location': 'RNS 124', 'start': '22:40'}","False","PSYCH 230.","A","2","O","20262","Issues in Psychology","Seminar","2026"
"0000171833","1.0","0000001186","PSYCH","Seminars allow in-depth study of particular themes or topics in psychology. See department Website for descriptions and additional prerequisites. Offered annually. May be repeated if topic is different. Prerequisite: PSYCH 230.","0","0","0","0","0","","Howard, Lindsay","{'fsnum': '9006209', 'name': 'Howard, Lindsay'}","300","17","","","0","","Sem:","","390","{'day': 'Mo', 'end': '15:00', 'location': 'TBA', 'start': '13:00'};{'day': 'Tu', 'end': '15:00', 'location': 'TBA', 'start': '13:00'};{'day': 'We', 'end': '15:00', 'location': 'TBA', 'start': '13:00'};{'day': 'Th', 'end': '15:00', 'location': 'TBA', 'start': '13:00'};{'day': 'Fr', 'end': '15:00', 'location': 'TBA', 'start': '13:00'}","False","PSYCH 230.","B","2","O","20262","Issues in Psychology","Seminar","2026"
"0000170196","1.0","0000000532","QUEST","The Roman Empire and the rise of Christianity posed questions about the soul, civic and religious virtue, building and resisting empire, and the use of history for political ends. Students address how Christianity was shaped by Roman culture and shaped it in turn. Works include epic, history, philosophy, oratory, canonical and non-canonical gospels, epistles, and apocalyptic works. Students practice oral presentations and debates and complete a project linking visual arts to Roman culture and religion. Offered annually during January Term. Counts toward ancient studies major.","0","0","0","0","0","BTS-B;RFV;WRI","Helms, Kyle","{'fsnum': '30106', 'name': 'Helms, Kyle'}","100","22","","","","","Emperors, Orators, Disciples","Open to Enduring Questions students only.","115","{'day': 'Mo', 'end': '12:40', 'location': 'OM 110', 'start': '22:40'};{'day': 'Tu', 'end': '12:40', 'location': 'OM 110', 'start': '22:40'};{'day': 'We', 'end': '12:40', 'location': 'OM 110', 'start': '22:40'};{'day': 'Th', 'end': '12:40', 'location': 'OM 110', 'start': '22:40'};{'day': 'Fr', 'end': '12:40', 'location': 'OM 110', 'start': '22:40'}","False","False","A","2","O","20262","","Research","2026"
"0000170197","1.0","0000000532","QUEST","The Roman Empire and the rise of Christianity posed questions about the soul, civic and religious virtue, building and resisting empire, and the use of history for political ends. Students address how Christianity was shaped by Roman culture and shaped it in turn. Works include epic, history, philosophy, oratory, canonical and non-canonical gospels, epistles, and apocalyptic works. Students practice oral presentations and debates and complete a project linking visual arts to Roman culture and religion. Offered annually during January Term. Counts toward ancient studies major.","0","0","0","0","0","BTS-B;RFV;WRI","Simpson-Younger, Nancy","{'fsnum': '15225', 'name': 'Simpson-Younger, Nancy'}","100","22","","","","","Emperors, Orators, Disciples","Open to Enduring Questions students only.","115","{'day': 'Mo', 'end': '12:40', 'location': 'OM 210', 'start': '22:40'};{'day': 'Tu', 'end': '12:40', 'location': 'OM 210', 'start': '22:40'};{'day': 'We', 'end': '12:40', 'location': 'OM 210', 'start': '22:40'};{'day': 'Th', 'end': '12:40', 'location': 'OM 210', 'start': '22:40'};{'day': 'Fr', 'end': '12:40', 'location': 'OM 210', 'start': '22:40'}","False","False","B","2","O","20262","","Research","2026"
"0000170198","1.0","0000000532","QUEST","The Roman Empire and the rise of Christianity posed questions about the soul, civic and religious virtue, building and resisting empire, and the use of history for political ends. Students address how Christianity was shaped by Roman culture and shaped it in turn. Works include epic, history, philosophy, oratory, canonical and non-canonical gospels, epistles, and apocalyptic works. Students practice oral presentations and debates and complete a project linking visual arts to Roman culture and religion. Offered annually during January Term. Counts toward ancient studies major.","0","0","0","0","0","BTS-B;RFV;WRI","Wells, Colin","{'fsnum': '8973', 'name': 'Wells, Colin'}","100","22","","","","","Emperors, Orators, Disciples","Open to Enduring Questions students only.","115","{'day': 'Mo', 'end': '12:40', 'location': 'OM 240', 'start': '22:40'};{'day': 'Tu', 'end': '12:40', 'location': 'OM 240', 'start': '22:40'};{'day': 'We', 'end': '12:40', 'location': 'OM 240', 'start': '22:40'};{'day': 'Th', 'end': '12:40', 'location': 'OM 240', 'start': '22:40'};{'day': 'Fr', 'end': '12:40', 'location': 'OM 240', 'start': '22:40'}","False","False","C","2","O","20262","","Research","2026"
"0000170199","1.0","0000000532","QUEST","The Roman Empire and the rise of Christianity posed questions about the soul, civic and religious virtue, building and resisting empire, and the use of history for political ends. Students address how Christianity was shaped by Roman culture and shaped it in turn. Works include epic, history, philosophy, oratory, canonical and non-canonical gospels, epistles, and apocalyptic works. Students practice oral presentations and debates and complete a project linking visual arts to Roman culture and religion. Offered annually during January Term. Counts toward ancient studies major.","0","0","0","0","0","BTS-B;RFV;WRI","Wilson, Charles","{'fsnum': '9090', 'name': 'Wilson, Charles'}","100","22","","","","","Emperors, Orators, Disciples","Open to Enduring Questions students only.","115","{'day': 'Mo', 'end': '12:40', 'location': 'OM 140', 'start': '22:40'};{'day': 'Tu', 'end': '12:40', 'location': 'OM 140', 'start': '22:40'};{'day': 'We', 'end': '12:40', 'location': 'OM 140', 'start': '22:40'};{'day': 'Th', 'end': '12:40', 'location': 'OM 140', 'start': '22:40'};{'day': 'Fr', 'end': '12:40', 'location': 'OM 140', 'start': '22:40'}","False","False","D","2","O","20262","","Research","2026"
"0000170256","1.0","0000027324","RACE","This course provides an introduction to critical concepts and key readings about race and racism that are important to the field of Ethnic Studies. Focusing on identities and communities, students learn about racial formation and difference in U.S. and comparative cultural and historical contexts. How does race intersect with class, gender, nation, and sexuality to produce privileges and oppressions? Students survey the emergence of Ethnic Studies through literary texts including art, creative writing, film, music, popular culture, and/or the sciences to become acquainted with interdisciplinary approaches and how concerns for racial equity and social justice formed this academic field. Offered annually.","0","0","0","0","0","ALS-L;CRE;MCD;PAR","Malaver, Lau M.","{'fsnum': '35077', 'name': 'Malaver, Lau M.'}","100","19","","0","0","0","Intro to Race and Ethnic Studies","Only for students enrolled in the Race Matters program.","121","{'day': 'Mo', 'end': '15:00', 'location': 'TBA', 'start': '13:00'};{'day': 'Tu', 'end': '15:00', 'location': 'TBA', 'start': '13:00'};{'day': 'We', 'end': '15:00', 'location': 'TBA', 'start': '13:00'};{'day': 'Th', 'end': '15:00', 'location': 'TBA', 'start': '13:00'};{'day': 'Fr', 'end': '15:00', 'location': 'TBA', 'start': '13:00'}","False","False","A","2","O","20262","Introduction to Race and Ethnic Studies","Research","2026"
"0000173058","1.0","0000027324","RACE","This course provides an introduction to critical concepts and key readings about race and racism that are important to the field of Ethnic Studies. Focusing on identities and communities, students learn about racial formation and difference in U.S. and comparative cultural and historical contexts. How does race intersect with class, gender, nation, and sexuality to produce privileges and oppressions? Students survey the emergence of Ethnic Studies through literary texts including art, creative writing, film, music, popular culture, and/or the sciences to become acquainted with interdisciplinary approaches and how concerns for racial equity and social justice formed this academic field. Offered annually.","0","0","0","0","0","ALS-L;CRE;MCD;PAR","Pate, SooJin","{'fsnum': '25368', 'name': 'Pate, SooJin'}","100","19","","","","","Intro to Race and Ethnic Studies","","121","{'day': 'Tu', 'end': '15:00', 'location': 'TBA', 'start': '13:00'};{'day': 'Th', 'end': '15:00', 'location': 'TBA', 'start': '13:00'};{'day': 'Tu', 'end': '12:40', 'location': 'TBA', 'start': '22:40'};{'day': 'We', 'end': '12:40', 'location': 'TBA', 'start': '22:40'};{'day': 'Th', 'end': '12:40', 'location': 'TBA', 'start': '22:40'}","False","False","B","2","O","20262","Introduction to Race and Ethnic Studies","Research","2026"
"0000170362","1.0","0000038475","REL","Students study how a particular religious tradition (or traditions) interacts with a specific topic. Topics vary, but possibilities include the environment, peace and violence, technology, or sexuality. The topic orients students to important questions about how the particular religious tradition understands and acts in the world, as well as debates about what counts as religion. May be repeated if the topic is different.","0","0","0","0","0","RFV","Sherman-Conroy, Kelly","{'fsnum': '36059', 'name': 'Sherman-Conroy, Kelly'}","100","24","6","0","6","0","Top: Creation: An Am Indian Ethos","","110","{'day': 'Mo', 'end': '15:00', 'location': 'TBA', 'start': '13:00'};{'day': 'Tu', 'end': '15:00', 'location': 'TBA', 'start': '13:00'};{'day': 'We', 'end': '15:00', 'location': 'TBA', 'start': '13:00'};{'day': 'Th', 'end': '15:00', 'location': 'TBA', 'start': '13:00'};{'day': 'Fr', 'end': '15:00', 'location': 'TBA', 'start': '13:00'}","False","False","","2","O","20262","Topics in Religion","Topic","2026"
"0000171877","1.0","0000036253","REL","How do biblical narratives tell the story of land, water, and creature alongside that of humans and how have Jewish, Christian, and Muslim communities understood and applied these sacred texts? This course introduces eco-critical methods of biblical study to determine the ecological efficacy of the Bible. Students explore historical and contemporary ideological landscapes to analyze how the Bible has impacted variant environmental dispositions and practices. Also counts toward environmental studies major and concentration.","0","0","0","0","0","RFV","Jorgenson, Kiara","{'fsnum': '10957', 'name': 'Jorgenson, Kiara'}","100","24","0","0","0","0","A Green Bible?","","124","{'day': 'Mo', 'end': '12:40', 'location': 'TBA', 'start': '22:40'};{'day': 'Tu', 'end': '12:40', 'location': 'TBA', 'start': '22:40'};{'day': 'We', 'end': '12:40', 'location': 'TBA', 'start': '22:40'};{'day': 'Th', 'end': '12:40', 'location': 'TBA', 'start': '22:40'};{'day': 'Fr', 'end': '12:40', 'location': 'TBA', 'start': '22:40'}","False","False","","2","O","20262","","Research","2026"
"0000171878","1.0","0000031140","REL","In this course students examine Christians' enduring concern over such matters as what happiness is; the role, if any, virtues play in the lives of Christians and their lives with God. Topics include the early church's response to Greek philosophy, interpretations of sin, Christ's humanity, and human flourishing. Students also examine how these theological conversations continue to shape modern reflection on what makes a person happy and a life well-lived. Offered periodically.","0","0","0","0","0","BTS-T;CTD","Bateza, Anthony","{'fsnum': '27172', 'name': 'Bateza, Anthony'}","200","24","6","0","6","0","Blessed are the Happy?","","205","{'day': 'Mo', 'end': '15:00', 'location': 'TBA', 'start': '13:00'};{'day': 'Tu', 'end': '15:00', 'location': 'TBA', 'start': '13:00'};{'day': 'We', 'end': '15:00', 'location': 'TBA', 'start': '13:00'};{'day': 'Th', 'end': '15:00', 'location': 'TBA', 'start': '13:00'};{'day': 'Fr', 'end': '15:00', 'location': 'TBA', 'start': '13:00'}","False","False","","2","O","20262","Blessed are the Happy? Virtue, Happiness, & Good Life in Christian Tht","Research","2026"
"0000170355","1.0","0000020060","REL","Nordic sagas and modern fantastic works pose important theological questions such as the nature of reality in fantasy, the Eucharist, honor, gift, the grotesque, evil, salvation in Christ, and life as a quest and pilgrimage. They also raise valuable problems about the relationship of Christian beliefs to cultural narratives. Students may read J.R.R. Tolkien's Lord of the Rings, G.K. Chesterton, and selected sagas, alongside theological writings. Offered periodically during January Term.","0","0","0","0","0","BTS-T;CTD","Walter, Gregory A.","{'fsnum': '16642', 'name': 'Walter, Gregory A.'}","200","24","6","0","6","0","Tolkien and Theology","","238","{'day': 'Mo', 'end': '12:40', 'location': 'OM 340', 'start': '22:40'};{'day': 'Tu', 'end': '12:40', 'location': 'OM 340', 'start': '22:40'};{'day': 'We', 'end': '12:40', 'location': 'OM 340', 'start': '22:40'};{'day': 'Th', 'end': '12:40', 'location': 'OM 340', 'start': '22:40'};{'day': 'Fr', 'end': '12:40', 'location': 'OM 340', 'start': '22:40'}","False","False","","2","O","20262","","Research","2026"
"0000173770","1.0","0000036005","REL","How similar or different is the conception of God that Christians and Muslims speak of, pray to, and worship? Christianity and Islam share scriptural and intellectual resources and complicated histories full of both cooperation and conflict. Exploring these topics, students analyze and compare theological emphases, reflect on how much similarity and difference there has been between the two traditions of reflection, and examine possibilities for future interaction. Offered annually in the spring semester.","0","0","0","0","0","BTS-T;CTD","Chamseddine, Ali","{'fsnum': '32163', 'name': 'Chamseddine, Ali'}","200","24","","","","","Theology b/w Christianity and Islam","","247","{'day': 'Mo', 'end': '10:00', 'location': 'TBA', 'start': '08:00'};{'day': 'Tu', 'end': '10:00', 'location': 'TBA', 'start': '08:00'};{'day': 'We', 'end': '10:00', 'location': 'TBA', 'start': '08:00'};{'day': 'Th', 'end': '10:00', 'location': 'TBA', 'start': '08:00'};{'day': 'Fr', 'end': '10:00', 'location': 'TBA', 'start': '08:00'}","False","False","","2","O","20262","Theology Between Christianity and Islam","Research","2026"
"0000172129","1.0","0000042952","RUSSN","In this course, students travel to Riga, Latvia. There they engage with the current and past issues of immigration, displacement and diaspora, and language politics in Latvia and the Baltic States more generally. The course centers community engagement: students divide into groups and collaborate with local community partners according to their interest in either community building, writing and media in exile, global LGBTQ+ support or environmental sustainability. Offered periodically during January term.","14","0","5","4","5","GHS;OEP","Dossi, Giulia","{'fsnum': '9002450', 'name': 'Dossi, Giulia'}","200","22","","","","","Civic Engagement in Riga, Latvia","This course includes an academic civic engagement (ACE) component.              ;This is a study abroad course. You will find this course listed in Studio Abroad;under its course title.","282","","False","False","","2","O","20262","Civic Engagement in Riga, Latvia: Hist, Cult & Politics","Research","2026"
"0000170184","1.0","0000038706","SDS","Data is the currency of the modern world. At the intersection between statistics and computer science, data science is about gleaning information and making decisions from data. Using data from a variety of contexts and disciplines, students learn to summarize and extract insight from data, create compelling data visualizations, wrangle data, practice literate programming, and explore ethical issues in data science. Offered annually during fall and spring semesters. No prior experience with programming is expected. This course cannot be taken after SDS 264.","0","0","0","0","0","AQR;QCR","Boehm, Laura F.","{'fsnum': '16855', 'name': 'Boehm, Laura F.'}","100","30","","5","5","5","Data Science 1","","164","{'day': 'Mo', 'end': '12:40', 'location': 'RNS 160R', 'start': '22:40'};{'day': 'Tu', 'end': '12:40', 'location': 'RNS 160R', 'start': '22:40'};{'day': 'We', 'end': '12:40', 'location': 'RNS 160R', 'start': '22:40'};{'day': 'Th', 'end': '12:40', 'location': 'RNS 160R', 'start': '22:40'};{'day': 'Fr', 'end': '12:40', 'location': 'RNS 160R', 'start': '22:40'}","False","False","","2","O","20262","","Research","2026"
"0000170341","1.0","0000001403","SDS","A first course in statistical methods, this course addresses study design and its implications as well as exploratory and inferential techniques for analyzing and modeling data. Topics include exploratory graphics, descriptive techniques, randomization tests, statistical designs, hypothesis testing, confidence intervals, and simple/multiple regression. Offered each semester. Enrollment limited for seniors. STAT 110, SDS 172, and ECON 260 all provide an introduction to statistics and students should not take more than one; they all can serve as a prerequisite for further courses.","0","0","0","0","0","AQR;MAR;QCR","Knutson, Alex A.","{'fsnum': '25760', 'name': 'Knutson, Alex A.'}","100","30","","5","5","5","Statistics 1","","172","{'day': 'Mo', 'end': '10:00', 'location': 'TOH 182', 'start': '08:00'};{'day': 'Tu', 'end': '10:00', 'location': 'TOH 182', 'start': '08:00'};{'day': 'We', 'end': '10:00', 'location': 'TOH 182', 'start': '08:00'};{'day': 'Th', 'end': '10:00', 'location': 'TOH 182', 'start': '08:00'};{'day': 'Fr', 'end': '10:00', 'location': 'TOH 182', 'start': '08:00'}","False","False","A","2","O","20262","","Research","2026"
"0000170342","1.0","0000001403","SDS","A first course in statistical methods, this course addresses study design and its implications as well as exploratory and inferential techniques for analyzing and modeling data. Topics include exploratory graphics, descriptive techniques, randomization tests, statistical designs, hypothesis testing, confidence intervals, and simple/multiple regression. Offered each semester. Enrollment limited for seniors. STAT 110, SDS 172, and ECON 260 all provide an introduction to statistics and students should not take more than one; they all can serve as a prerequisite for further courses.","0","0","0","0","0","AQR;MAR;QCR","Knutson, Victoria E.","{'fsnum': '9006555', 'name': 'Knutson, Victoria E.'}","100","30","","5","5","5","Statistics 1","","172","{'day': 'Mo', 'end': '12:40', 'location': 'TOH 182', 'start': '22:40'};{'day': 'Tu', 'end': '12:40', 'location': 'TOH 182', 'start': '22:40'};{'day': 'We', 'end': '12:40', 'location': 'TOH 182', 'start': '22:40'};{'day': 'Th', 'end': '12:40', 'location': 'TOH 182', 'start': '22:40'};{'day': 'Fr', 'end': '12:40', 'location': 'TOH 182', 'start': '22:40'}","False","False","B","2","O","20262","","Research","2026"
"0000172130","1.0","0000027946","SDS","The course investigates issues in health-related settings using a quantitative, research-oriented perspective. Course material focuses on global and public health issues, study design, methods for analyzing health data, and communication of research findings. Design topics include controlled trials, case-control, cohort and other observational studies. Methods include survival analysis and causal inference for observational studies. Communication emphasizes writing up findings and interpreting published research. Offered alternate years during January term. Prerequisite: completion of MATH 120 and SDS 272 or permission of the instructor.","0","0","0","0","0","","French, Benjamin C.","{'fsnum': '9003636', 'name': 'French, Benjamin C.'}","200","24","0","","","","Biostatistics","","284","{'day': 'Mo', 'end': '12:40', 'location': 'TBA', 'start': '22:40'};{'day': 'Tu', 'end': '12:40', 'location': 'TBA', 'start': '22:40'};{'day': 'We', 'end': '12:40', 'location': 'TBA', 'start': '22:40'};{'day': 'Th', 'end': '12:40', 'location': 'TBA', 'start': '22:40'};{'day': 'Fr', 'end': '12:40', 'location': 'TBA', 'start': '22:40'}","False","completion of MATH 120 and SDS 272 or permission of the instructor.","","2","O","20262","Biostatistics: Design and Analysis","Research","2026"
"0000171976","1.0","0000001294","SOAN","How do anthropologists study other cultures? Peoples around the world create different realities through the ways they conceptualize experience (cultures) and how they organize themselves to do what they need to do (societies). Anthropologists describe and compare cultures and societies, focusing on different aspects such as family and kinship, inequality and power, religion and values, economy and technology, cultural and social change. This course is open to first-year students or students in certain accredited programs. Offered each semester.","0","0","0","0","0","HBS;MCG;MCS-G;SCS","Conger, Andrea C.","{'fsnum': '28107', 'name': 'Conger, Andrea C.'}","100","25","","","","","Intro to Cultural Anthropology","","128","{'day': 'Mo', 'end': '12:40', 'location': 'TBA', 'start': '22:40'};{'day': 'Tu', 'end': '12:40', 'location': 'TBA', 'start': '22:40'};{'day': 'We', 'end': '12:40', 'location': 'TBA', 'start': '22:40'};{'day': 'Th', 'end': '12:40', 'location': 'TBA', 'start': '22:40'};{'day': 'Fr', 'end': '12:40', 'location': 'TBA', 'start': '22:40'}","False","False","","2","O","20262","Introduction to Cultural Anthropology","Research","2026"
"0000170377","1.0","0000041599","SOAN","The department periodically offers special topics courses at the introductory level. The specific title of the course is listed in the class and lab schedule when it is offered.","0","0","0","0","0","","Williamson, Thomas A.","{'fsnum': '14223', 'name': 'Williamson, Thomas A.'}","100","25","5","","","","Top: The Politics of Hope","This course is open to a limited number of first-year students.","199","{'day': 'Mo', 'end': '12:40', 'location': 'HH 433', 'start': '22:40'};{'day': 'Tu', 'end': '12:40', 'location': 'HH 433', 'start': '22:40'};{'day': 'We', 'end': '12:40', 'location': 'HH 433', 'start': '22:40'};{'day': 'Th', 'end': '12:40', 'location': 'HH 433', 'start': '22:40'};{'day': 'Fr', 'end': '12:40', 'location': 'HH 433', 'start': '22:40'}","False","False","","2","O","20262","Introductory Topics in Sociology and Anthropology","Research","2026"
"0000171977","1.0","0000040110","SOAN","This course offers a sociological understanding of social issues in South Africa in the post-apartheid era, as shaped by historical conditions including enslavement, colonization, and apartheid. Students learn about issues of racism and poverty and how they intersect with other lines of inequality and are shaped by culture, policies, and institutions including government, economy, and education. The course draws heavily on guest lecturers and site visits. Offered alternate years during January term. Prerequisite: One course in sociology or anthropology, or a related social science course approved by the instructor.","16","0","9","2","5","OEP;SCS","Sheppard, Ryan R.","{'fsnum': '18160', 'name': 'Sheppard, Ryan R.'}","200","20","","","","","Social Issues in South Africa","This is a study abroad course.  You will find this course listed in Studio      ;Abroad under its course title.","243","","False","One course in sociology or anthropology, or a related social science course approved by the instructor.","","2","O","20262","","Research","2026"
"0000170252","1.0","0000001325","SPAN","Students continue learning Spanish in an intercultural context. The course continues to examine the Spanish-speaking world through exploration of topics, for example: cities and urban life; housing; and the historical roots of culinary traditions and food production. In-class speaking, listening, reading, and writing activities are complemented by attendance at two required culture tables. Offered each semester and January Term. Does not count toward Spanish major. Prerequisite: SPAN 111 or placement into SPAN 112.","0","0","0","0","0","","Haugsland, Jessica A.","{'fsnum': '13964', 'name': 'Haugsland, Jessica A.'}","100","22","15","","","","Intro Spanish Language/World II","Prerequisite: SPAN 111 or placement recommendation.","112","{'day': 'Mo', 'end': '15:00', 'location': 'TBA', 'start': '13:00'};{'day': 'Tu', 'end': '15:00', 'location': 'TBA', 'start': '13:00'};{'day': 'We', 'end': '15:00', 'location': 'TBA', 'start': '13:00'};{'day': 'Th', 'end': '15:00', 'location': 'TBA', 'start': '13:00'};{'day': 'Fr', 'end': '15:00', 'location': 'TBA', 'start': '13:00'};{'day': 'Mo', 'end': '12:00', 'location': 'TBA', 'start': '23:00'};{'day': 'Tu', 'end': '12:00', 'location': 'TBA', 'start': '23:00'};{'day': 'We', 'end': '12:00', 'location': 'TBA', 'start': '23:00'};{'day': 'Th', 'end': '12:00', 'location': 'TBA', 'start': '23:00'};{'day': 'Fr', 'end': '12:00', 'location': 'TBA', 'start': '23:00'}","False","SPAN 111 or placement into SPAN 112.","A","2","O","20262","Introduction to Spanish Language and the Spanish-Speaking World II","Research","2026"
"0000170353","1.0","0000001326","SPAN","Through exploring the material and human diversity of the Spanish-speaking world and important connections among the United States, the Spanish-speaking countries of Latin America, and Spain, students develop increasingly complex skills for analyzing and communicating in Spanish. An examination of geography, environmental challenges and solutions, development, demographic changes, and ethnic diversity highlights the intersection of cultural, economic, and environmental realities. Required attendance at two approved cultural activities. This intermediate I-level Spanish course is offered each semester and during January term. Does not count toward Spanish major. Prerequisite: SPAN 112 or placement into SPAN 231.","0","0","0","0","0","","Mendoza-Mori, Américo","{'fsnum': '9005133', 'name': 'Mendoza-Mori, Américo'}","200","24","","","","","The U.S. and Spanish-Speaking World","Prerequisites: completion of Spanish placement test or preceding course.","231","{'day': 'Mo', 'end': '10:00', 'location': 'TOH 310', 'start': '09:00'};{'day': 'Tu', 'end': '10:00', 'location': 'TOH 310', 'start': '09:00'};{'day': 'We', 'end': '10:00', 'location': 'TOH 310', 'start': '09:00'};{'day': 'Th', 'end': '10:00', 'location': 'TOH 310', 'start': '09:00'};{'day': 'Fr', 'end': '10:00', 'location': 'TOH 310', 'start': '09:00'};{'day': 'Mo', 'end': '12:40', 'location': 'TOH 310', 'start': '22:40'};{'day': 'Tu', 'end': '12:40', 'location': 'TOH 310', 'start': '22:40'};{'day': 'We', 'end': '12:40', 'location': 'TOH 310', 'start': '22:40'};{'day': 'Th', 'end': '12:40', 'location': 'TOH 310', 'start': '22:40'};{'day': 'Fr', 'end': '12:40', 'location': 'TOH 310', 'start': '22:40'}","False","SPAN 112 or placement into SPAN 231.","","2","O","20262","Intercultural Connections in Global Wrld: U.S. & Spanish-Speaking Wrld","Research","2026"
"0000170287","1.0","0000001327","SPAN","Students explore the diverse cultural histories and identities of Mexican-Americans, Cuban-Americans, and Puerto Ricans (among other Latinx groups) by considering how ethnicity, race, language, gender, and social class manifest themselves in U.S. histories of citizenry, immigration, economy, and education through generations of Latinxs. Class activities foster analysis of historical and autobiographical texts to reflect on how power and privilege intersect and shape students' own experiences. Attendance at cultural events required. This intermediate II-level Spanish course is offered every semester and during January term. Does not count toward Spanish major. Prerequisite: SPAN 231 or placement into SPAN 232.","0","0","0","0","0","FOL-S;MCD;MCS-D;PAR;WLC","Strichartz, Ariel","{'fsnum': '14955', 'name': 'Strichartz, Ariel'}","200","24","","","","","Latinx Experiences in United States","Prerequisites: completion of Spanish placement test or preceding course.","232","{'day': 'Mo', 'end': '10:00', 'location': 'TOH 114', 'start': '09:00'};{'day': 'Tu', 'end': '10:00', 'location': 'TOH 114', 'start': '09:00'};{'day': 'We', 'end': '10:00', 'location': 'TOH 114', 'start': '09:00'};{'day': 'Th', 'end': '10:00', 'location': 'TOH 114', 'start': '09:00'};{'day': 'Fr', 'end': '10:00', 'location': 'TOH 114', 'start': '09:00'};{'day': 'Mo', 'end': '12:40', 'location': 'TOH 114', 'start': '22:40'};{'day': 'Tu', 'end': '12:40', 'location': 'TOH 114', 'start': '22:40'};{'day': 'We', 'end': '12:40', 'location': 'TOH 114', 'start': '22:40'};{'day': 'Th', 'end': '12:40', 'location': 'TOH 114', 'start': '22:40'};{'day': 'Fr', 'end': '12:40', 'location': 'TOH 114', 'start': '22:40'}","False","SPAN 231 or placement into SPAN 232.","","2","O","20262","Latinx Experiences in the United States","Research","2026"
"0000171978","1.0","0000001334","SPAN","This topics course explores a Spanish peninsular cultural, literary, and/or linguistic theme from a base in Spain through analysis and discussion of texts, guest lectures, excursions to appropriate cultural sites, field research, and related experiential activities. Sample topics include: Christians, Jews, and Muslims in Spain; Food, Migration, and Identity; and Spain's Multilingual and Multicultural Landscape. Taught in Spanish. Offered alternate years during January term. Apply through Smith Center for Global Engagement. Prerequisite: SPAN 250 or SPAN 251.","21","0","5","8","8","GHS;OEP;ORC","O'Conner, Jonathan P.","{'fsnum': '22831', 'name': ""O'Conner, Jonathan P.""}","200","18","","","","","Food-Migration-Identity in Spain","Prerequisite: SPAN 250 or SPAN 251                                              ;This is a study abroad course. You will find this course listed in Studio Abroad;under its course title.","270","","False","SPAN 250 or SPAN 251.","","2","C","20262","Spain's Cultural and Linguistic Legacy","Research","2026"
"0000170235","1.0","0000001357","SWRK","Students explore service to human beings as a profession, both vocation and avocation. Who needs help? Who helps? Where? How? What motivates people to help? Using the liberal arts as a foundation for helping people, students study opportunities in areas such as health care, social services, ministry, youth work, and the arts. The class includes lectures, discussions, speakers, and field visits. Offered periodically during January term. Does not count toward social work major.","0","0","0","0","0","","Lamberty, Hillary A.","{'fsnum': '35117', 'name': 'Lamberty, Hillary A.'}","100","25","16","0","9","0","I Want to Help People","This course has class-year limits & is open only to first-years and sophomores. ;This course includes an academic civic engagement (ACE) component.","120","{'day': 'Mo', 'end': '15:00', 'location': 'TBA', 'start': '13:00'};{'day': 'Tu', 'end': '15:00', 'location': 'TBA', 'start': '13:00'};{'day': 'We', 'end': '15:00', 'location': 'TBA', 'start': '13:00'};{'day': 'Th', 'end': '15:00', 'location': 'TBA', 'start': '13:00'};{'day': 'Fr', 'end': '15:00', 'location': 'TBA', 'start': '13:00'}","False","False","","2","O","20262","","Research","2026"
"0000170140","1.0","0000001376","THEAT","This studio course is designed as an overview of the acting process for the non-major and includes basic acting theories, rehearsal techniques, improvisation, history, and styles. Students explore and practice exercises, scene work, and audition material. The course requires trips to professional theaters in the Twin Cities. A ticket fee is required. This course does not fulfill the acting requirement for the major. Counts toward musical theater concentration.","0","0","0","0","0","ACB;ALS-A;CRE;ORC;SPM","Hansen, Peter C.","{'fsnum': '31118', 'name': 'Hansen, Peter C.'}","100","18","10","5","10","5","Acting for Non-Majors","This course has class-year limits.","115","{'day': 'Mo', 'end': '10:00', 'location': 'TB Haugen', 'start': '08:00'};{'day': 'Tu', 'end': '10:00', 'location': 'TB Haugen', 'start': '08:00'};{'day': 'We', 'end': '10:00', 'location': 'TB Haugen', 'start': '08:00'};{'day': 'Th', 'end': '10:00', 'location': 'TB Haugen', 'start': '08:00'};{'day': 'Fr', 'end': '10:00', 'location': 'TB Haugen', 'start': '08:00'}","False","False","","2","O","20262","Acting for the Non Major","Research","2026"
"0000170188","1.0","0000038975","THEAT","This course covers the basics of formulating costume designs for performance. Students learn to analyze texts and character, research styles, render drawings, and prepare finished costume designs. Students also learn costume design for performance as a synthesis of text and visuals while exploring introductory sewing and other techniques for realizing costumes in three dimensions.","0","0","0","0","0","CRE","Bernstein, Rebecca J.","{'fsnum': '33103', 'name': 'Bernstein, Rebecca J.'}","200","18","10","5","10","5","Dress the Part: Costume and Charact","This course has class-year limits.","243","{'day': 'Mo', 'end': '12:40', 'location': 'TB Haugen', 'start': '22:40'};{'day': 'Tu', 'end': '12:40', 'location': 'TB Haugen', 'start': '22:40'};{'day': 'We', 'end': '12:40', 'location': 'TB Haugen', 'start': '22:40'};{'day': 'Th', 'end': '12:40', 'location': 'TB Haugen', 'start': '22:40'};{'day': 'Fr', 'end': '12:40', 'location': 'TB Haugen', 'start': '22:40'}","False","False","","2","O","20262","Dress the Part: Costume and Character Design","Research","2026"

