"clbid","credits","crsid","department","description","enrolled","enrollment_fy","enrollment_jr","enrollment_so","enrollment_sr","gereqs","instructors","instructors_full","level","max","max_fy","max_jr","max_so","max_sr","name","notes","number","offerings","pn","prerequisites","section","semester","status","term","title","type","year"
"0000173839","1.0","0000000016","AFAD","The seminar examines Africans in dispersion/Diaspora as students interrogate the African background of African Americans and links between Africans and African Americans. The course examines the dynamics of precolonial West African societies; the nature of the interaction between Africa and the New World; and the role Africans, African culture, and African institutions played in the political, economic, cultural, and religious life of the New World. Students examine the ties that bind Africans and African Americans and explore questions such as: To what extent was the iconography of Africa used to mobilize Africans in dispersion? How effectively was the consciousness of Africa sustained in the New World? What are the contributions of African Americans to Africa? Also counts toward history, race and ethnic studies, and social studies education majors, and race and ethnic studies concentration.","0","0","0","0","0","ALS-L;GHS;MCG;MCS-G;PAR","Iddrisu, Abdulai","{'fsnum': '21082', 'name': 'Iddrisu, Abdulai'}","200","24","","","","","Sem: Africa/Americas","","231","{'day': 'Mo', 'end': '13:50', 'location': 'TBA', 'start': '12:55'};{'day': 'We', 'end': '13:50', 'location': 'TBA', 'start': '12:55'};{'day': 'Fr', 'end': '13:50', 'location': 'TBA', 'start': '12:55'}","False","False","","3","O","20263","Africa and the Americas: The Diaspora Experience","Seminar","2026"
"0000171429","1.0","0000000059","ARTH","This course examines architectural monuments and their symbolic forms combined with evidence of earthly and divine concepts. From cave dwellings to geodesic domes, from Eastern to Western systems, students review sacred and profane structures from a variety of cultures. Each student investigates a living reality of space, function, and form found in human-built environments. Offered annually.","0","0","0","0","0","ALS-A;GHS;MCG","Kucera, Karil J.","{'fsnum': '14964', 'name': 'Kucera, Karil J.'}","100","30","10","5","10","5","World Architecture","This course has class-year limits.","161","{'day': 'Mo', 'end': '12:45', 'location': 'CAD 305', 'start': '23:50'};{'day': 'We', 'end': '12:45', 'location': 'CAD 305', 'start': '23:50'};{'day': 'Fr', 'end': '12:45', 'location': 'CAD 305', 'start': '23:50'}","False","False","","3","O","20263","History of World Architecture","Research","2026"
"0000170724","1.0","0000000055","ARTH","Since its invention, photography has shaped our ways of seeing, our social history, and our identities. Photography is also a compelling form of artistic expression. This course is an introduction to the history of photography from its origins to the present, including the role of photography in society and in the fine arts. Students learn the skills of formal visual analysis and critical thinking about the power of the photographic image in our lives. Offered periodically.","0","0","0","0","0","ALS-A;PAR","Spiker, Christina","{'fsnum': '27183', 'name': 'Spiker, Christina'}","200","20","","","","","History of Photography","","256","{'day': 'Mo', 'end': '11:40', 'location': 'TBA', 'start': '10:45'};{'day': 'We', 'end': '11:40', 'location': 'TBA', 'start': '10:45'};{'day': 'Fr', 'end': '11:40', 'location': 'TBA', 'start': '10:45'}","False","False","","3","O","20263","A History of Photography","Research","2026"
"0000172220","1.0","0000040255","ARTH","This course examines visual art created in Europe between 1300 and 1650, a time when Europe's colonial and economic power in the world was growing. The course considers how Europeans visualized the people and geographies of their world, how religious belief and conflict shaped visual traditions, and how works of art reflect conceptions of sex and gender. Offered alternate years in fall semester.","0","0","0","0","0","ALS-A;GHS;HWC","Thompson, Nancy M.","{'fsnum': '13137', 'name': 'Thompson, Nancy M.'}","200","35","","","","","The Expanding Renaissance","","257","{'day': 'Tu', 'end': '13:10', 'location': 'TBA', 'start': '23:45'};{'day': 'Th', 'end': '14:05', 'location': 'TBA', 'start': '12:45'}","False","False","","3","O","20263","","Research","2026"
"0000172221","1.0","0000000058","ARTH","This course introduces the history of Japanese art, offering a survey of major artistic developments from neolithic times to the present. Among the topics considered: funerary remains of the neolithic through Kofun eras; Indigenous as well as imported religious traditions and their imagery, and the secular arts. Issues discussed include production and patronage, function, and borrowing and influence in the evolution of artistic works. Offered annually.","0","0","0","0","0","ALS-A;GHS;MCG;MCS-G","Spiker, Christina","{'fsnum': '27183', 'name': 'Spiker, Christina'}","200","30","","","","","Arts of Japan","","260","{'day': 'Mo', 'end': '10:00', 'location': 'TBA', 'start': '09:05'};{'day': 'We', 'end': '10:00', 'location': 'TBA', 'start': '09:05'};{'day': 'Fr', 'end': '10:00', 'location': 'TBA', 'start': '09:05'}","False","False","","3","O","20263","The Arts of Japan","Research","2026"
"0000170964","1.0","0000000072","ARTH","This seminar explores methods by which art historians and curators analyze works of art. Students develop an advanced understanding of these methods by application of various methods to works of art, by examining historical factors surrounding principle movements in the study of art history and by engaging in lively class debates about them. Readings, discussions, and presentations culminate in an independent research project that allows each student to find their own place in the discipline. Offered annually. Prerequisite: art history major or permission of the instructor.","0","0","0","0","0","ORC;WRI","Ryan, Hannah","{'fsnum': '31158', 'name': 'Ryan, Hannah'}","300","15","0","","0","","Methods of Art History","This course is only open to juniors and seniors.","350","{'day': 'Tu', 'end': '14:45', 'location': 'TBA', 'start': '13:20'};{'day': 'Th', 'end': '15:35', 'location': 'TBA', 'start': '14:15'}","False","art history major or permission of the instructor.","","3","O","20263","The Methods of Art History","Research","2026"
"0000170680","1.0","0000020054","ARTS","This foundation-level studio course introduces the aesthetic, conceptual, and technical foundations of two-dimensional art-making and the ways drawing informs the creation and understanding of art in cultural contexts. Students explore color, value, form, and space through a wide variety of materials. The course emphasizes strategies for idea generation and visual problem solving. Students engage in spirited investigation, critiques, and thoughtful creative expression. Materials fee. Offered each semester.","0","0","0","0","0","ALS-A;CRE","Tanaka, Anda","{'fsnum': '9002559', 'name': 'Tanaka, Anda'}","100","20","10","0","10","0","Foundation 2-D Media","This course has class-year limits and is open only to sophomores and first-year ;students.                                                                       ;The materials fee for ART 102 A will be $150.","102","{'day': 'Tu', 'end': '14:45', 'location': 'CAD 216', 'start': '23:45'};{'day': 'Th', 'end': '15:45', 'location': 'CAD 216', 'start': '12:45'}","False","False","","3","O","20263","Foundation Two-Dimensional Media","Research","2026"
"0000170683","1.0","0000020056","ARTS","This foundation-level studio course introduces the aesthetic, conceptual, and technical foundations of three-dimensional art-making and the ways three-dimensional media inform the creation and understanding of art in many contexts. Students explore sculpture and its intersection with other media and art forms through a variety of materials and experiments. The course emphasizes idea generation. Students engage in spirited investigation, creative expression, and play. Materials fee. Offered each semester.","0","0","0","0","0","ALS-A;CRE","Wu, Peng","{'fsnum': '9002464', 'name': 'Wu, Peng'}","100","16","8","0","8","0","Foundation 3-D Media","This course has class-year limits and is open only to sophomore and first-year  ;students.                                                                       ;The materials fee for ART 103 will be $150.","103","{'day': 'Tu', 'end': '11:00', 'location': 'TBA', 'start': '08:00'};{'day': 'Th', 'end': '10:50', 'location': 'TBA', 'start': '08:00'}","False","False","","3","O","20263","Foundation Three-Dimensional Media","Research","2026"
"0000170679","1.0","0000020055","ARTS","This foundation-level studio course introduces the aesthetic, conceptual, and technical foundations of new media art making. New media is a broad category that includes a variety of art practices. Areas of focus may include video art, filmmaking, sound art, animation, performance and other digital, time-based, and/or interactive processes. Idea generation and creative development is central to the course, with an emphasis on experimentation and divergent thinking. Students engage in demonstrations, exercises, group work, reflection, and creative projects. Offered each semester.","0","0","0","0","0","ALS-A;CRE","McKagen, Nika","{'fsnum': '9006214', 'name': 'McKagen, Nika'}","100","16","8","0","8","0","Foundation New Media","This course has class-year limits and is open only to sophomore and first-year  ;students.","104","{'day': 'Mo', 'end': '12:45', 'location': 'TBA', 'start': '22:45'};{'day': 'We', 'end': '12:45', 'location': 'TBA', 'start': '22:45'};{'day': 'Fr', 'end': '12:45', 'location': 'TBA', 'start': '22:45'}","False","False","A","3","O","20263","","Research","2026"
"0000173053","1.0","0000020055","ARTS","This foundation-level studio course introduces the aesthetic, conceptual, and technical foundations of new media art making. New media is a broad category that includes a variety of art practices. Areas of focus may include video art, filmmaking, sound art, animation, performance and other digital, time-based, and/or interactive processes. Idea generation and creative development is central to the course, with an emphasis on experimentation and divergent thinking. Students engage in demonstrations, exercises, group work, reflection, and creative projects. Offered each semester.","0","0","0","0","0","ALS-A;CRE","McKagen, Nika","{'fsnum': '9006214', 'name': 'McKagen, Nika'}","100","16","","0","","0","Foundation New Media","This course has class-year limits and is open only to sophomore and first-year  ;students.","104","{'day': 'Mo', 'end': '14:55', 'location': 'TBA', 'start': '12:55'};{'day': 'We', 'end': '14:55', 'location': 'TBA', 'start': '12:55'};{'day': 'Fr', 'end': '14:55', 'location': 'TBA', 'start': '12:55'}","False","False","B","3","O","20263","","Research","2026"
"0000171047","1.0","0000000029","ARTS","This course introduces students to digital photographic processes as a means for creating works of art. Students learn terminology and critical approaches to photography. The course includes presentations on concepts and photographers' works, discussions of articles, and regular critiques. Students are introduced to the history of the medium through presentations and readings. Students develop critical skills and the ability to analyze and interpret photographic work. Materials fee. Offered each semester.","0","0","0","0","0","ALS-A;CRE","McKagen, Nika","{'fsnum': '9006214', 'name': 'McKagen, Nika'}","200","16","0","","","","Photography","The materials fee for ARTS 205 will be $185.                                    ;Not open to first-year students.","205","{'day': 'Mo', 'end': '10:00', 'location': 'TBA', 'start': '08:00'};{'day': 'We', 'end': '10:00', 'location': 'TBA', 'start': '08:00'};{'day': 'Fr', 'end': '10:00', 'location': 'TBA', 'start': '08:00'}","False","False","","3","O","20263","","Research","2026"
"0000170530","1.0","0000001496","ARTS","This course introduces students to the ceramic processes of wheel throwing and hand building as means for creating works of art. Students learn terminology and critical approaches to ceramics. Students develop critical skills and the ability to analyze and interpret ceramic artwork. The course emphasizes creative approaches to solving visual problems through ceramic work. Slide presentations on contemporary and historical ceramics provide background for assignments and highlight the role of ceramics in various cultural contexts. Materials fee. Offered each semester.","0","0","0","0","0","ALS-A;CRE","Morrison, David P.","{'fsnum': '9006376', 'name': 'Morrison, David P.'}","200","16","0","","","","Ceramics","The materials fee for ARTS 207 will be $185.                                    ;Not open to first-year students.","207","{'day': 'Tu', 'end': '11:00', 'location': 'CAD 115', 'start': '08:00'};{'day': 'Th', 'end': '10:50', 'location': 'CAD 115', 'start': '08:00'}","False","False","","3","O","20263","","Research","2026"
"0000171023","1.0","0000000033","ARTS","This course develops and stimulates research into the emotional/expressive properties of painting. By investigating thematic, compositional, and technical problems, students develop a personalized approach to ideas and content. Students learn the importance of process, flexibility, alternatives, and the recognition that a painting has a life of its own. Materials fee. Offered annually. Prerequisite: ARTS 102.","0","0","0","0","0","","Weeks, Michon","{'fsnum': '23761', 'name': 'Weeks, Michon'}","200","17","0","","","","Oil/Acrylic Painting","Not open to first-year students.                                                ;The materials fee for ARTS 221 will be $200.","221","{'day': 'Mo', 'end': '12:45', 'location': 'CAD 214', 'start': '22:45'};{'day': 'We', 'end': '12:45', 'location': 'CAD 214', 'start': '22:45'};{'day': 'Fr', 'end': '12:45', 'location': 'CAD 214', 'start': '22:45'}","False","ARTS 102.","","3","O","20263","","Research","2026"
"0000172314","1.0","0000000036","ARTS","This sculpture course introduces students to metal forming, shaping, fastening and brazing, and welding. Both majors and non-majors discover an art and industrial process that has great artistic and practical application. The course makes use of hands-on instruction, readings, slide talks, and discussion. Course does not cover metal casting. Materials fee. Offered annually. Prerequisite: ARTS 103.","0","0","0","0","0","","Wu, Peng","{'fsnum': '9002464', 'name': 'Wu, Peng'}","200","12","0","","","","Sculpture/Direct Metal","The materials fee for this course is $185.                                      ;Must have taken ARTS 103 Foundations of 3D Media                                ;Not open to first-year students.","224","{'day': 'Tu', 'end': '14:45', 'location': 'TBA', 'start': '23:45'};{'day': 'Th', 'end': '15:45', 'location': 'TBA', 'start': '12:45'}","False","ARTS 103.","","3","O","20263","","Research","2026"
"0000171099","1.0","0000000038","ARTS","Emphasizing individual concepts, personal expression and strong composition, this course explores relief and lithography. Using large-scale, multicolor moveable block, collagraph, wood, or lino block techniques and lithography stones or aluminum plates in both black and white and color. Students produce multiple images on one of the department's three presses. Students become familiar with the heritage of old masters as well as contemporary artists in printmaking. Materials fee. Offered annually. Prerequisite: ARTS 102.","0","0","0","0","0","","Tanaka, Anda","{'fsnum': '9002559', 'name': 'Tanaka, Anda'}","200","15","0","","","","Printmaking: Relief and Lithography","The materials fee for ART 226 is $135.                                          ;Not open to first-year students.","226","{'day': 'Tu', 'end': '11:00', 'location': 'CAD 212', 'start': '08:00'};{'day': 'Th', 'end': '10:50', 'location': 'CAD 212', 'start': '08:00'}","False","ARTS 102.","","3","O","20263","","Research","2026"
"0000170833","1.0","0000000045","ARTS","This intermediate-level course assumes students have a substantial understanding of ceramic processes, plus a good awareness of their own interests in the realm of ceramic expression. The instructor helps students focus their efforts by proposing specific areas of investigation. Materials fee. Offered annually. Prerequisite: ARTS 207 or permission of instructor.","0","0","0","0","0","","Morrison, David P.","{'fsnum': '9006376', 'name': 'Morrison, David P.'}","200","16","0","","","","Intermediate Ceramics","The materials fee for ARTS 234 will be $185.                                    ;Not open to first-year students.","234","{'day': 'Tu', 'end': '14:45', 'location': 'CAD 115', 'start': '23:45'};{'day': 'Th', 'end': '15:45', 'location': 'CAD 115', 'start': '12:45'}","False","ARTS 207 or permission of instructor.","","3","O","20263","","Research","2026"
"0000170711","1.0","0000027951","ARTS","This course introduces students to the medium of graphic design as a method of enhanced communication. The course explores the design communication process including conceptualization, creative processes, terminology, and technology. Assignments introduce computer applications used in the graphic design profession as well as graphic design elements of typography, production, color theory, digital printing processes, and basic web design. Offered periodically. Prerequisite: ARTS 104 or permission of the instructor.","0","0","0","0","0","","Bosch, Kelsey E.","{'fsnum': '32181', 'name': 'Bosch, Kelsey E.'}","200","16","0","","","","Graphic Design","Not open to first-year students.","236","{'day': 'Mo', 'end': '10:00', 'location': 'TBA', 'start': '08:00'};{'day': 'We', 'end': '10:00', 'location': 'TBA', 'start': '08:00'};{'day': 'Fr', 'end': '10:00', 'location': 'TBA', 'start': '08:00'}","False","ARTS 104 or permission of the instructor.","","3","O","20263","","Research","2026"
"0000172222","1.0","0000017673","ARTS","Sound has long captured the imaginations of artists as a unique and expressive medium with which to create soundscapes, interactive art, sculptures, installations, film, custom instruments, and as accompaniment to painting. In this topics course, we will look at the history and evolution of sound as an artistic and interdisciplinary medium with which to tell stories, conduct research, and create artwork and spaces. Students will develop a variety of projects through field recording and electronic sound generation, spatialized audio design, data sonification, and sound installation that may intersect with other media. Prerequisite: ARTS 104.","0","0","0","0","0","","Bosch, Kelsey E.","{'fsnum': '32181', 'name': 'Bosch, Kelsey E.'}","200","16","0","","","","Top: Sound Art","Need to have taken ARTS 104 to register for this course.                        ;Not open to first-year students.","240","{'day': 'Mo', 'end': '12:45', 'location': 'TBA', 'start': '22:45'};{'day': 'We', 'end': '12:45', 'location': 'TBA', 'start': '22:45'};{'day': 'Fr', 'end': '12:45', 'location': 'TBA', 'start': '22:45'}","False","ARTS 104.","","3","O","20263","Topics in the Fine Arts","Topic","2026"
"0000171174","1.0","0000000071","ARTS","This capstone course in the studio art program consists of advanced studio work, a visiting artist series, weekly critiques, and discussions with faculty and peers. Each student's independent work with a faculty advisor culminates in a senior exhibition at Flaten Art Museum. Weekly sessions also cover such topics as preparing a resume, documenting one's work, framing, and producing exhibition announcements and posters. Offered annually. Prerequisites: (for non-studio majors) ARTS 102, ARTS 103, ARTS 104, two upper-level (200-300) courses, one art history course, and permission of chair.","0","0","0","0","0","OEP","Tanaka, Anda;Weeks, Michon","{'fsnum': '9002559', 'name': 'Tanaka, Anda'};{'fsnum': '23761', 'name': 'Weeks, Michon'}","300","35","0","0","0","","Senior Studies in Studio Art","Open to Seniors only.","343","{'day': 'Mo', 'end': '21:00', 'location': 'CAD 305', 'start': '19:00'};{'day': 'Mo', 'end': '15:00', 'location': 'CAD 103', 'start': '13:00'};{'day': 'We', 'end': '15:00', 'location': 'CAD 103', 'start': '13:00'}","False","Prerequisites: (for non-studio majors) ARTS 102, ARTS 103, ARTS 104, two upper-level (200-300) courses, one art history course, and permission of chair.","","3","O","20263","","Research","2026"
"0000170505","1.0","0000001234","AS/RE","Students examine contemporary Buddhist moral teachings on social issues such as violence and peacemaking, human rights and social justice, and humanity and the environment. Coursework focuses on the writings of Vietnamese monk and peace activist Thich Nhat Hanh, Tibetan leader-in-exile Tenzin Gyatso (Fourteenth Dalai Lama), American ecologist Joanna Macy, and others. Students consider the moral paradigms of Christianity and Buddhism: Christ and the Bodhisattva. Offered annually.","0","0","0","0","0","EIN;ERC","Yun, Sungha","{'fsnum': '33051', 'name': 'Yun, Sungha'}","200","24","6","0","6","0","Buddhism, Peace, Justice","","289","{'day': 'Tu', 'end': '13:10', 'location': 'TBA', 'start': '23:45'};{'day': 'Th', 'end': '14:05', 'location': 'TBA', 'start': '12:45'}","False","False","","3","O","20263","Buddhism, Peace and Justice","Research","2026"
"0000172223","1.0","0000022786","ASIAN","","0","0","0","0","0","","Quimby, Joanne","{'fsnum': '28070', 'name': 'Quimby, Joanne'}","0","24","","","","","Placeholder Course","","1","{'day': 'Tu', 'end': '11:00', 'location': 'TBA', 'start': '09:35'};{'day': 'Th', 'end': '10:50', 'location': 'TBA', 'start': '09:30'}","False","","B","3","O","20263","","Research","2026"
"0000172224","1.0","0000022786","ASIAN","","0","0","0","0","0","","Becklin, Eric R.","{'fsnum': '20451', 'name': 'Becklin, Eric R.'}","0","24","","","","","Placeholder Course","","1","{'day': 'Tu', 'end': '14:45', 'location': 'TBA', 'start': '13:20'};{'day': 'Th', 'end': '15:35', 'location': 'TBA', 'start': '14:15'}","False","","C","3","O","20263","","Research","2026"
"0000172225","1.0","0000023461","ASIAN","Can we imagine Russia beyond Russian culture and the Russian-dominated history of the country? This course offers students the opportunity to delve into the rich histories and cultures of the Indigenous peoples of North Asia through an examination of historical texts, documentaries, films, and novels. Students will engage with a wide range of Indigenous writings, including pictographic and ideographic texts that have survived Russian colonization and Soviet collectivization, Indigenous autobiographies supported by Orthodox missionaries and Soviet institutions, socialist realist novels, and experimental de- and post-colonial works. We will seek to interrogate these texts within the context of Russian and Soviet history and through the lens of theoretical and ethnographic work relating to the broader Indigenous world.","0","0","0","0","0","GHS;MCG;MCS-G","Morse, Ashley","{'fsnum': '9002449', 'name': 'Morse, Ashley'}","200","24","","","","","Top: Literatures of the Asian North","","200","{'day': 'Tu', 'end': '09:25', 'location': 'TBA', 'start': '08:00'};{'day': 'Th', 'end': '09:20', 'location': 'TBA', 'start': '08:00'}","False","False","","3","O","20263","Topics in Asian Studies","Topic","2026"
"0000172226","1.0","0000039919","ASIAN","Students read a selection of 20th & 21st century Japanese literary works written by women. Close readings and class discussions focus on representations of the (female) body and bodily/embodied experiences in the assigned texts. What do these representations reveal about specific social contexts and gendered roles/expectations in Japanese society? Gender is a primary analytical concern, and students must feel comfortable reading about and discussing gender, sexuality, and the body. All course materials are read in English translation. No knowledge of Japanese is required. Offered periodically during January term.","0","0","0","0","0","ALS-L;CRE;GHS;MCG","Quimby, Joanne","{'fsnum': '28070', 'name': 'Quimby, Joanne'}","200","24","","","","","The Body in Japanese Women's Lit","","234","{'day': 'Tu', 'end': '14:45', 'location': 'TBA', 'start': '13:20'};{'day': 'Th', 'end': '15:35', 'location': 'TBA', 'start': '14:15'}","False","False","A","3","O","20263","The Body in Japanese Women's Literature","Research","2026"
"0000172228","1.0","0000041323","ASIAN","A rich array of diasporic literature is set amongst the Pacific waves, tracing not only life journeys between homelands and islands, but also racial and ethnic tensions compounded by nuclear weapons and wastes. This course introduces novels, poems, plays, and memoirs that tell Asian, Oceanic, and Austronesian experiences of displacement. Students explore how literary writing carves out spaces for and lends voices to diasporic communities in the Pacific world. Offered alternate years in spring semester. Prerequisite: WRIT 120 or equivalent.","0","0","0","0","0","PAR;WAC","Shih, Hsiang-Lin","{'fsnum': '25327', 'name': 'Shih, Hsiang-Lin'}","200","24","","","","","Diasporic Literature of the Pacific","","238","{'day': 'Tu', 'end': '11:00', 'location': 'TBA', 'start': '09:35'};{'day': 'Th', 'end': '10:50', 'location': 'TBA', 'start': '09:30'}","False","WRIT 120 or equivalent.","","3","O","20263","","Research","2026"
"0000170428","1.0","0000017590","ASIAN","From classical form to avant garde, this course introduces students to the various artistic representations of Asian calligraphy. Students explore the aesthetic concepts, evolution of different styles, and practical techniques of brush-written writings. Class lectures complement hands-on practice in which students master the basic strokes, structures, compositions, and movements that are involved in producing calligraphic work. Asian language knowledge is not required. All readings and demonstrations will be in English. Materials fee. Offered periodically.","0","0","0","0","0","ALS-A;CRE;GHS;MCG;MCS-G","Bi, Hui","{'fsnum': '25359', 'name': 'Bi, Hui'}","200","24","","","","","Asian Calligraphy","","268","{'day': 'Mo', 'end': '12:45', 'location': 'TBA', 'start': '23:50'};{'day': 'We', 'end': '12:45', 'location': 'TBA', 'start': '23:50'};{'day': 'Fr', 'end': '12:45', 'location': 'TBA', 'start': '23:50'}","False","False","","3","O","20263","The Art of Calligraphy: Techniques and Appreciation","Research","2026"
"0000172229","1.0","0000016962","ASIAN","The Universal Declaration of Human Rights proclaims that ""the inherent dignity and ... the equal and inalienable rights of all members of the human family [are] the foundation of freedom, justice and peace in the world."" Who speaks to human rights in East Asia? What ethical perspectives are voiced? Case studies presented through memoirs, films, reports, and multidisciplinary analyses provide the material for exploring diverse normative claims about individual rights in East Asia. Offered annually. This course is designed as a capstone experience for Asian Studies, Chinese and Japanese majors and Asian Studies concentrators. Other students need permission of instructor to enroll.","0","0","0","0","0","EIN;ERC;WRI","Tegtmeyer Pak, Katherine S.","{'fsnum': '15754', 'name': 'Tegtmeyer Pak, Katherine S.'}","300","18","","","","","Human Rights/AsianContext","","397","{'day': 'Tu', 'end': '09:25', 'location': 'TBA', 'start': '08:00'};{'day': 'Th', 'end': '09:20', 'location': 'TBA', 'start': '08:00'}","False","False","","3","O","20263","Seminar: Human Rights/Asian Context","Research","2026"
"0000170657","1.0","0000038365","BIO","This course explores the science of microbiology and the impact of microorganisms (bacteria, viruses, fungi, protozoa, and prions) on human affairs and daily life. Topics include microbial diversity, cell structure and function, growth and metabolism, genetics, control of microbial growth, host-pathogen interactions, immunology, infectious disease, and applied microbiology. Each topic provides a basis for discussion of current issues where microorganisms play a role. Students attend lectures plus one two-hour laboratory per week. Offered annually during Spring semester.","0","0","0","0","0","IST;NTS;SED","Fruehling, Sara E.","{'fsnum': '17588', 'name': 'Fruehling, Sara E.'}","100","66","","","","","Explorations in Microbiology","Students who register for BIO 140 must also register for BIO 140 Lab AL, BL or  ;CL.","140","{'day': 'Mo', 'end': '11:40', 'location': 'RNS 310', 'start': '10:45'};{'day': 'We', 'end': '11:40', 'location': 'RNS 310', 'start': '10:45'};{'day': 'Fr', 'end': '11:40', 'location': 'RNS 310', 'start': '10:45'}","False","False","","3","O","20263","","Research","2026"
"0000170658","","0000038389","BIO","","0","0","0","0","0","","Fruehling, Sara E.","{'fsnum': '17588', 'name': 'Fruehling, Sara E.'}","100","22","","","","","Explorations in Microbiology Lab","","140","{'day': 'We', 'end': '16:00', 'location': 'RNS 398', 'start': '14:00'}","False","","A","3","O","20263","","Lab","2026"
"0000170659","","0000038389","BIO","","0","0","0","0","0","","Fruehling, Sara E.","{'fsnum': '17588', 'name': 'Fruehling, Sara E.'}","100","22","","","","","Explorations in Microbiology Lab","","140","{'day': 'Th', 'end': '10:50', 'location': 'RNS 398', 'start': '08:50'}","False","","B","3","O","20263","","Lab","2026"
"0000170660","","0000038389","BIO","","0","0","0","0","0","","Fruehling, Sara E.","{'fsnum': '17588', 'name': 'Fruehling, Sara E.'}","100","22","","","","","Explorations in Microbiology Lab","","140","{'day': 'Th', 'end': '14:45', 'location': 'RNS 398', 'start': '12:45'}","False","","C","3","O","20263","","Lab","2026"
"0000172131","1.0","0000026712","BIO","The study of the anatomy and physiology of the human body is founded on a thorough understanding of the structure and function of cells and tissues. Students attend lectures plus one three-hour laboratory per week. This course may not be taken after completion of CH/BI 227 or BIO 227. Offered each semester.","0","0","0","0","0","IST;NTS;SED","Cole, Steven","{'fsnum': '26217', 'name': 'Cole, Steven'}","100","60","","","","","Human Anatomy & Physiology I","Students registering for BIO 143 must also register for BIO 143 AL, BL, or CL.","143","{'day': 'Mo', 'end': '10:00', 'location': 'TBA', 'start': '08:30'};{'day': 'We', 'end': '10:00', 'location': 'TBA', 'start': '08:30'}","False","False","","3","O","20263","Human Anatomy and Physiology: Cells and Tissues","Research","2026"
"0000172132","","0000026713","BIO","","0","0","0","0","0","","Cole, Steven","{'fsnum': '26217', 'name': 'Cole, Steven'}","100","20","","","","","Human Anatomy & Physiology I Lab","","143","{'day': 'Mo', 'end': '12:45', 'location': 'TBA', 'start': '22:45'}","False","","A","3","O","20263","","Lab","2026"
"0000172133","","0000026713","BIO","","0","0","0","0","0","","Cole, Steven","{'fsnum': '26217', 'name': 'Cole, Steven'}","100","20","","","","","Human Anatomy & Physiology I Lab","","143","{'day': 'Mo', 'end': '15:00', 'location': 'TBA', 'start': '13:00'}","False","","B","3","O","20263","","Lab","2026"
"0000172134","","0000026713","BIO","","0","0","0","0","0","","Cole, Steven","{'fsnum': '26217', 'name': 'Cole, Steven'}","100","20","","","","","Human Anatomy & Physiology I Lab","","143","{'day': 'Mo', 'end': '17:00', 'location': 'TBA', 'start': '15:00'}","False","","C","3","O","20263","","Lab","2026"
"0000170481","1.0","0000026649","BIO","This course is the gateway for the biology major, guiding students as they develop the context, skills, and modern framework on which to continue their study of biology. Students explore the history, evolution, and diversity of life in the context of genetics and comparative genomics. The laboratory emphasizes question-asking, problem-solving, and exploring biodiversity, and students have multiple opportunities to practice and communicate their science. Students attend lectures plus one 3-hour laboratory/discussion per week. Offered each semester.","0","0","0","0","0","IST;NTS;SED","Peterson, Sean M.","{'fsnum': '34063', 'name': 'Peterson, Sean M.'}","100","63","","","","","Biodiversity Foundations","Students in Bio 150A must also register for one lab Bio 150 AL, BL or CL.","150","{'day': 'Mo', 'end': '11:40', 'location': 'RNS 410', 'start': '10:45'};{'day': 'We', 'end': '11:40', 'location': 'RNS 410', 'start': '10:45'};{'day': 'Fr', 'end': '11:40', 'location': 'RNS 410', 'start': '10:45'}","False","False","A","3","O","20263","Evolutionary Foundations of Biodiversity","Research","2026"
"0000170482","1.0","0000026649","BIO","This course is the gateway for the biology major, guiding students as they develop the context, skills, and modern framework on which to continue their study of biology. Students explore the history, evolution, and diversity of life in the context of genetics and comparative genomics. The laboratory emphasizes question-asking, problem-solving, and exploring biodiversity, and students have multiple opportunities to practice and communicate their science. Students attend lectures plus one 3-hour laboratory/discussion per week. Offered each semester.","0","0","0","0","0","IST;NTS;SED","Angell, Diane K.","{'fsnum': '256', 'name': 'Angell, Diane K.'}","100","40","","","","","Biodiversity Foundations","Students in Bio 150B must also register for Bio 150 DL or EL.","150","{'day': 'Mo', 'end': '08:55', 'location': 'RNS 410', 'start': '08:00'};{'day': 'We', 'end': '08:55', 'location': 'RNS 410', 'start': '08:00'};{'day': 'Fr', 'end': '08:55', 'location': 'RNS 410', 'start': '08:00'}","False","False","B","3","O","20263","Evolutionary Foundations of Biodiversity","Research","2026"
"0000170483","1.0","0000026649","BIO","This course is the gateway for the biology major, guiding students as they develop the context, skills, and modern framework on which to continue their study of biology. Students explore the history, evolution, and diversity of life in the context of genetics and comparative genomics. The laboratory emphasizes question-asking, problem-solving, and exploring biodiversity, and students have multiple opportunities to practice and communicate their science. Students attend lectures plus one 3-hour laboratory/discussion per week. Offered each semester.","0","0","0","0","0","IST;NTS;SED","Schofield, Lynn N.","{'fsnum': '34098', 'name': 'Schofield, Lynn N.'}","100","44","","","","","Biodiversity Foundations","Students in BIO 150C must also register for Bio 150 FL or GL.","150","{'day': 'Mo', 'end': '10:00', 'location': 'TOH 280', 'start': '09:05'};{'day': 'We', 'end': '10:00', 'location': 'TOH 280', 'start': '09:05'};{'day': 'Fr', 'end': '10:00', 'location': 'TOH 280', 'start': '09:05'}","False","False","C","3","O","20263","Evolutionary Foundations of Biodiversity","Research","2026"
"0000170474","","0000026650","BIO","","0","0","0","0","0","","Peterson, Sean M.","{'fsnum': '34063', 'name': 'Peterson, Sean M.'}","100","20","","","","","Biodiversity Found Lab","","150","{'day': 'Mo', 'end': '16:00', 'location': 'RNS 255', 'start': '13:00'}","False","","A","3","O","20263","","Lab","2026"
"0000170475","","0000026650","BIO","","0","0","0","0","0","","Peterson, Sean M.","{'fsnum': '34063', 'name': 'Peterson, Sean M.'}","100","20","","","","","Biodiversity Found Lab","","150","{'day': 'Th', 'end': '11:00', 'location': 'RNS 255', 'start': '08:00'}","False","","B","3","O","20263","","Lab","2026"
"0000170476","","0000026650","BIO","","0","0","0","0","0","","Peterson, Sean M.","{'fsnum': '34063', 'name': 'Peterson, Sean M.'}","100","20","","","","","Biodiversity Found Lab","","150","{'day': 'We', 'end': '16:00', 'location': 'RNS 255', 'start': '13:00'}","False","","C","3","O","20263","","Lab","2026"
"0000170477","","0000026650","BIO","","0","0","0","0","0","","Angell, Diane K.","{'fsnum': '256', 'name': 'Angell, Diane K.'}","100","20","","","","","Biodiversity Found Lab","","150","{'day': 'Tu', 'end': '14:45', 'location': 'RNS 255', 'start': '23:45'}","False","","D","3","O","20263","","Lab","2026"
"0000170478","","0000026650","BIO","","0","0","0","0","0","","Angell, Diane K.","{'fsnum': '256', 'name': 'Angell, Diane K.'}","100","20","","","","","Biodiversity Found Lab","","150","{'day': 'Tu', 'end': '11:00', 'location': 'RNS 255', 'start': '08:00'}","False","","E","3","O","20263","","Lab","2026"
"0000170479","","0000026650","BIO","","0","0","0","0","0","","Schofield, Lynn N.","{'fsnum': '34098', 'name': 'Schofield, Lynn N.'}","100","22","","","","","Biodiversity Found Lab","","150","{'day': 'Th', 'end': '15:45', 'location': 'RNS 255', 'start': '12:45'}","False","","F","3","O","20263","","Lab","2026"
"0000170480","","0000026650","BIO","","0","0","0","0","0","","Schofield, Lynn N.","{'fsnum': '34098', 'name': 'Schofield, Lynn N.'}","100","22","","","","","Biodiversity Found Lab","","150","{'day': 'Fr', 'end': '16:00', 'location': 'RNS 255', 'start': '13:00'}","False","","G","3","O","20263","","Lab","2026"
"0000170515","1.0","0000026714","BIO","This course provides a comprehensive overview of cellular structure and function including cellular compartments, macromolecular structures, and life processes such as energy and material flux, cell division, and control mechanisms. Students learn current and/or historical evidence and methodology (e.g., microscopy, isolation procedures, and probes). Students attend lectures plus one three-hour laboratory per week. Laboratory experiences provide opportunities for qualitative and quantitative observations of cellular structure and function. Students place their work in the context of current research through examination of relevant literature and formal presentations. Offered each semester. Counts toward ""cell biology"" core category. Prerequisites: CHEM 122 or CHEM 125; BIO 150 is strongly preferred.","0","0","0","0","0","","Kandl, Kim A.","{'fsnum': '13100', 'name': 'Kandl, Kim A.'}","200","60","","","","","Cell Biology","Students in Bio 227 must register for one lab, Bio 227 AL, BL or EL.","227","{'day': 'Mo', 'end': '10:00', 'location': 'RNS 410', 'start': '09:05'};{'day': 'We', 'end': '10:00', 'location': 'RNS 410', 'start': '09:05'};{'day': 'Fr', 'end': '10:00', 'location': 'RNS 410', 'start': '09:05'}","False","Prerequisites: CHEM 122 or CHEM 125; BIO 150 is strongly preferred.","A","3","O","20263","","Research","2026"
"0000170516","1.0","0000026714","BIO","This course provides a comprehensive overview of cellular structure and function including cellular compartments, macromolecular structures, and life processes such as energy and material flux, cell division, and control mechanisms. Students learn current and/or historical evidence and methodology (e.g., microscopy, isolation procedures, and probes). Students attend lectures plus one three-hour laboratory per week. Laboratory experiences provide opportunities for qualitative and quantitative observations of cellular structure and function. Students place their work in the context of current research through examination of relevant literature and formal presentations. Offered each semester. Counts toward ""cell biology"" core category. Prerequisites: CHEM 122 or CHEM 125; BIO 150 is strongly preferred.","0","0","0","0","0","","Wallis, Alicia M.","{'fsnum': '9005931', 'name': 'Wallis, Alicia M.'}","200","40","","","","","Cell Biology","Students registering for BIO 227 B must also register for BIO 227 lab CL or DL.","227","{'day': 'Mo', 'end': '12:45', 'location': 'TOH 280', 'start': '23:50'};{'day': 'We', 'end': '12:45', 'location': 'TOH 280', 'start': '23:50'};{'day': 'Fr', 'end': '12:45', 'location': 'TOH 280', 'start': '23:50'}","False","Prerequisites: CHEM 122 or CHEM 125; BIO 150 is strongly preferred.","B","3","O","20263","","Research","2026"
"0000170519","","0000026715","BIO","","0","0","0","0","0","","Kandl, Kim A.","{'fsnum': '13100', 'name': 'Kandl, Kim A.'}","200","22","","","","","Cell Biology Lab","","227","{'day': 'Mo', 'end': '16:00', 'location': 'RNS 398', 'start': '13:00'}","False","","A","3","O","20263","","Lab","2026"
"0000170517","","0000026715","BIO","","0","0","0","0","0","","Kandl, Kim A.","{'fsnum': '13100', 'name': 'Kandl, Kim A.'}","200","22","","","","","Cell Biology Lab","","227","{'day': 'Tu', 'end': '11:00', 'location': 'RNS 398', 'start': '08:00'}","False","","B","3","O","20263","","Lab","2026"
"0000170521","","0000026715","BIO","","0","0","0","0","0","","Kandl, Kim A.","{'fsnum': '13100', 'name': 'Kandl, Kim A.'}","200","20","","","","","Cell Biology Lab","","227","{'day': 'Fr', 'end': '17:00', 'location': 'RNS 398', 'start': '14:00'}","False","","C","3","O","20263","","Lab","2026"
"0000170518","","0000026715","BIO","","0","0","0","0","0","","Wallis, Alicia M.","{'fsnum': '9005931', 'name': 'Wallis, Alicia M.'}","200","20","","","","","Cell Biology Lab","","227","{'day': 'Tu', 'end': '14:45', 'location': 'RNS 398', 'start': '23:45'}","False","","D","3","O","20263","","Lab","2026"
"0000170520","","0000026715","BIO","","0","0","0","0","0","","Wallis, Alicia M.","{'fsnum': '9005931', 'name': 'Wallis, Alicia M.'}","200","20","","","","","Cell Biology Lab","","227","{'day': 'Tu', 'end': '18:00', 'location': 'RNS 398', 'start': '15:00'}","False","","E","3","O","20263","","Lab","2026"
"0000170834","1.0","0000000122","BIO","Genetics examines relationships between genotype and phenotype in prokaryotic and eukaryotic organisms from classical and molecular perspectives. Lectures in this core course cover ideas and technologies contributing to understanding mechanisms of gene transmission and regulation. Laboratories utilize model organisms to investigate classical and molecular modes of inheritance. Students attend lectures plus one three-hour laboratory per week. Offered each semester. Counts as ""genetics"" core category. Prerequisites: BIO 150; and CHEM 125 or CHEM 122.","0","0","0","0","0","","Bowers, Lisa M.","{'fsnum': '23548', 'name': 'Bowers, Lisa M.'}","200","44","","","","","Intermediate Genetics","Students registered for BIO 233 A must also register for BIO 233 lab AL or BL.","233","{'day': 'Mo', 'end': '12:45', 'location': 'RNS 410', 'start': '23:50'};{'day': 'We', 'end': '12:45', 'location': 'RNS 410', 'start': '23:50'};{'day': 'Fr', 'end': '12:45', 'location': 'RNS 410', 'start': '23:50'}","False","Prerequisites: BIO 150; and CHEM 125 or CHEM 122.","A","3","O","20263","","Research","2026"
"0000170835","1.0","0000000122","BIO","Genetics examines relationships between genotype and phenotype in prokaryotic and eukaryotic organisms from classical and molecular perspectives. Lectures in this core course cover ideas and technologies contributing to understanding mechanisms of gene transmission and regulation. Laboratories utilize model organisms to investigate classical and molecular modes of inheritance. Students attend lectures plus one three-hour laboratory per week. Offered each semester. Counts as ""genetics"" core category. Prerequisites: BIO 150; and CHEM 125 or CHEM 122.","0","0","0","0","0","","Matchett, Will E.","{'fsnum': '35072', 'name': 'Matchett, Will E.'}","200","44","","","","","Intermediate Genetics","Students registering for BIO 233 B must also register for one lab, BIO 233 CL or;DL.","233","{'day': 'Mo', 'end': '14:55', 'location': 'TBA', 'start': '14:00'};{'day': 'We', 'end': '14:55', 'location': 'TBA', 'start': '14:00'};{'day': 'Fr', 'end': '14:55', 'location': 'TBA', 'start': '14:00'}","False","Prerequisites: BIO 150; and CHEM 125 or CHEM 122.","B","3","O","20263","","Research","2026"
"0000170837","","0000000123","BIO","","0","0","0","0","0","","Bowers, Lisa M.","{'fsnum': '23548', 'name': 'Bowers, Lisa M.'}","200","22","","","","","Intermediate Genetics Lab","","233","{'day': 'Tu', 'end': '11:00', 'location': 'RNS 394', 'start': '08:00'}","False","","A","3","O","20263","","Lab","2026"
"0000170836","","0000000123","BIO","","0","0","0","0","0","","Bowers, Lisa M.","{'fsnum': '23548', 'name': 'Bowers, Lisa M.'}","200","22","","","","","Intermediate Genetics Lab","","233","{'day': 'Tu', 'end': '15:45', 'location': 'RNS 394', 'start': '12:45'}","False","","B","3","O","20263","","Lab","2026"
"0000170838","","0000000123","BIO","","0","0","0","0","0","","Matchett, Will E.","{'fsnum': '35072', 'name': 'Matchett, Will E.'}","200","22","","","","","Intermediate Genetics Lab","","233","{'day': 'Th', 'end': '11:00', 'location': 'RNS 394', 'start': '08:00'}","False","","C","3","O","20263","","Lab","2026"
"0000170839","","0000000123","BIO","","0","0","0","0","0","","Matchett, Will E.","{'fsnum': '35072', 'name': 'Matchett, Will E.'}","200","22","","","","","Intermediate Genetics Lab","","233","{'day': 'Th', 'end': '15:45', 'location': 'RNS 394', 'start': '12:45'}","False","","D","3","O","20263","","Lab","2026"
"0000170733","1.0","0000000126","BIO","Students journey toward greater understanding of the human body through an integrated study of the structure of the body (anatomy) and how organs such as the brain, heart, and kidney perform their remarkable functions (physiology). The course is designed primarily for students intending careers in the health sciences. Students attend lectures plus one three-hour laboratory per week. Offered each semester. Prerequisite: BIO 143, or BIO 150 and BIO 227.","0","0","0","0","0","","Maie, Takashi","{'fsnum': '35028', 'name': 'Maie, Takashi'}","200","108","","","","","Human Anatomy & Physiology II","Students registering for BIO 243 must also register for BIO 243 Lab AL, BL, CL, ;DL, EL or FL.","243","{'day': 'Mo', 'end': '10:00', 'location': 'TBA', 'start': '09:05'};{'day': 'We', 'end': '10:00', 'location': 'TBA', 'start': '09:05'};{'day': 'Fr', 'end': '10:00', 'location': 'TBA', 'start': '09:05'}","False","BIO 143, or BIO 150 and BIO 227.","","3","O","20263","Human Anatomy and Physiology: Organs and Organ Systems","Research","2026"
"0000172135","","0000000127","BIO","","0","0","0","0","0","","Maie, Takashi","{'fsnum': '35028', 'name': 'Maie, Takashi'}","200","18","","","","","Human Anatomy & Physiology II Lab","","243","{'day': 'Mo', 'end': '13:45', 'location': 'TBA', 'start': '23:45'}","False","","A","3","O","20263","","Lab","2026"
"0000170734","","0000000127","BIO","","0","0","0","0","0","","Maie, Takashi","{'fsnum': '35028', 'name': 'Maie, Takashi'}","200","18","","","","","Human Anatomy & Physiology II Lab","","243","{'day': 'Mo', 'end': '16:00', 'location': 'TBA', 'start': '14:00'}","False","","B","3","O","20263","","Lab","2026"
"0000170736","","0000000127","BIO","","0","0","0","0","0","","Maie, Takashi","{'fsnum': '35028', 'name': 'Maie, Takashi'}","200","18","","","","","Human Anatomy & Physiology II Lab","","243","{'day': 'Tu', 'end': '13:45', 'location': 'RNS 254', 'start': '23:45'}","False","","C","3","O","20263","","Lab","2026"
"0000170735","","0000000127","BIO","","0","0","0","0","0","","Maie, Takashi","{'fsnum': '35028', 'name': 'Maie, Takashi'}","200","18","","","","","Human Anatomy & Physiology II Lab","","243","{'day': 'Tu', 'end': '16:00', 'location': 'RNS 254', 'start': '14:00'}","False","","D","3","O","20263","","Lab","2026"
"0000170737","","0000000127","BIO","","0","0","0","0","0","","Maie, Takashi","{'fsnum': '35028', 'name': 'Maie, Takashi'}","200","18","","","","","Human Anatomy & Physiology II Lab","","243","{'day': 'We', 'end': '16:00', 'location': 'RNS 254', 'start': '14:00'}","False","","E","3","O","20263","","Lab","2026"
"0000170738","","0000000127","BIO","","0","0","0","0","0","","Maie, Takashi","{'fsnum': '35028', 'name': 'Maie, Takashi'}","200","18","","","","","Human Anatomy & Physiology II Lab","","243","{'day': 'Th', 'end': '14:45', 'location': 'RNS 254', 'start': '12:45'}","False","","F","3","O","20263","","Lab","2026"
"0000172136","1.0","0000000136","BIO","Plants are a diverse and important group of organisms. This course considers their evolution, emphasizing the morphology and anatomy of flowering plants. Students learn about basic techniques of data collection and analysis to investigate plant evolution: identifying plants, dissecting and staining plant structures, and using computer-based taxonomic statistics programs. Students attend lectures plus one three-hour laboratory per week. Offered periodically. Counts as ""comparative organismal biology"" core category. Prerequisites: BIO 150.","0","0","0","0","0","","Umbanhowar, Charles Jr.","{'fsnum': '8616', 'name': 'Umbanhowar, Charles Jr.'}","200","48","","","","","Plant Evolution and Systematics","Students registering for BIO 252 must also register for BIO 252 AL or BL.","252","{'day': 'Mo', 'end': '08:55', 'location': 'TBA', 'start': '08:00'};{'day': 'We', 'end': '08:55', 'location': 'TBA', 'start': '08:00'};{'day': 'Fr', 'end': '08:55', 'location': 'TBA', 'start': '08:00'}","False","Prerequisites: BIO 150.","","3","O","20263","","Research","2026"
"0000172137","","0000000137","BIO","","0","0","0","0","0","","Umbanhowar, Charles Jr.","{'fsnum': '8616', 'name': 'Umbanhowar, Charles Jr.'}","200","24","","","","","Plant Evolution and Systematics Lab","","252","{'day': 'Tu', 'end': '16:20', 'location': 'TBA', 'start': '13:20'}","False","","A","3","O","20263","","Lab","2026"
"0000172138","","0000000137","BIO","","0","0","0","0","0","","Umbanhowar, Charles Jr.","{'fsnum': '8616', 'name': 'Umbanhowar, Charles Jr.'}","200","24","","","","","Plant Evolution and Systematics Lab","","252","","False","","B","3","O","20263","","Lab","2026"
"0000170624","1.0","0000000139","BIO","Ecology focuses on the study of the interrelationships that determine the distribution and abundance of organisms. This core course examines organism-environment interactions and the study of populations, communities and ecosystems. Consideration is given to use of ecological studies in ecosystem management. Students attend lectures plus one three-hour laboratory per week. Offered each semester. Counts as ""ecology"" core category. Prerequisite: BIO 150.","0","0","0","0","0","NSC;NSL","Grossman, Jake","{'fsnum': '33960', 'name': 'Grossman, Jake'}","200","72","10","","","","Ecological Principles","Students in Bio 261 must also register for one lab Bio 261 AL, BL or CL.        ;This course is open to a limited number of first-year students.","261","{'day': 'Mo', 'end': '12:45', 'location': 'TBA', 'start': '23:50'};{'day': 'We', 'end': '12:45', 'location': 'TBA', 'start': '23:50'};{'day': 'Fr', 'end': '12:45', 'location': 'TBA', 'start': '23:50'}","False","BIO 150.","","3","O","20263","","Research","2026"
"0000172139","","0000000140","BIO","","0","0","0","0","0","","Grossman, Jake","{'fsnum': '33960', 'name': 'Grossman, Jake'}","200","22","","","","","Ecological Principles Lab","","261","{'day': 'Th', 'end': '11:00', 'location': 'TBA', 'start': '08:00'}","False","","B","3","O","20263","","Lab","2026"
"0000170625","","0000000140","BIO","","0","0","0","0","0","","Grossman, Jake","{'fsnum': '33960', 'name': 'Grossman, Jake'}","200","22","","","","","Ecological Principles Lab","","261","{'day': 'We', 'end': '16:00', 'location': 'RNS 440', 'start': '13:00'}","False","","A","3","O","20263","","Lab","2026"
"0000170626","","0000000140","BIO","","0","0","0","0","0","","Grossman, Jake","{'fsnum': '33960', 'name': 'Grossman, Jake'}","200","22","","","","","Ecological Principles Lab","","261","{'day': 'Th', 'end': '15:45', 'location': 'RNS 440', 'start': '12:45'}","False","","C","3","O","20263","","Lab","2026"
"0000172140","1.0","0000019222","BIO","The ability to reproduce is one of the key features of a living organism. Studying the biology of reproduction requires a synthesis of information and concepts from a wide range of fields within biology. This course addresses reproduction at the genetic, organismal, and population levels. Laboratory work adds a valuable investigative component to the course, and social/psychological issues are addressed throughout. Students attend lectures plus one three-hour laboratory per week. Offered periodically. Counts as ""comparative organismal biology"" core category. Also counts toward gender and sexuality studies major and concentration if approved by petition. Prerequisites: BIO 150 or permission of instructor.","0","0","0","0","0","","Pettitt, Beth","{'fsnum': '27204', 'name': 'Pettitt, Beth'}","200","32","","","","","Biology of Reproduction","Students registering for BIO 275 must also register for BIO 275 AL or BL.","275","{'day': 'Mo', 'end': '14:55', 'location': 'TBA', 'start': '14:00'};{'day': 'We', 'end': '14:55', 'location': 'TBA', 'start': '14:00'};{'day': 'Fr', 'end': '14:55', 'location': 'TBA', 'start': '14:00'}","False","Prerequisites: BIO 150 or permission of instructor.","","3","O","20263","","Research","2026"
"0000172141","","0000019223","BIO","","0","0","0","0","0","","Pettitt, Beth","{'fsnum': '27204', 'name': 'Pettitt, Beth'}","200","16","","","","","Biology of Reproduction Lab","","275","{'day': 'Th', 'end': '11:00', 'location': 'TBA', 'start': '08:00'}","False","","A","3","O","20263","","Lab","2026"
"0000172142","","0000019223","BIO","","0","0","0","0","0","","Pettitt, Beth","{'fsnum': '27204', 'name': 'Pettitt, Beth'}","200","16","","","","","Biology of Reproduction Lab","","275","{'day': 'Th', 'end': '15:45', 'location': 'TBA', 'start': '12:45'}","False","","B","3","O","20263","","Lab","2026"
"0000170961","0.25","0000035214","BIO","This course provides the framework for understanding medical language and terminology used by healthcare professionals, and helps students learn common medical terms essential for safe patient care and effective communication between interprofessional healthcare teams. This course is intended for students preparing for graduate studies in nursing, physician assistant, occupational therapy, physical therapy and other allied health areas, and is not recommended for nursing majors or for students preparing to apply for admission into a school of medicine, dentistry or podiatry. Offered annually in the spring semester. Does not count toward biology major. Prerequisites: BIO 143 and BIO 243.","0","0","0","0","0","","Cole, Steven","{'fsnum': '26217', 'name': 'Cole, Steven'}","200","20","","","","","Medical Terminology (.25)","","290","{'day': 'We', 'end': '12:45', 'location': 'TBA', 'start': '22:45'}","False","Prerequisites: BIO 143 and BIO 243.","","3","O","20263","Medical Terminology","Research","2026"
"0000172143","1.0","0000028963","BIO","Students study topics in biology. Topics vary from year to year at the discretion of the department. Class work depends on the topics and instructor, but is consistent with the amount and level of work in other 200-level biology courses. May be repeated if topics are different. Counts as an elective toward biology major. May count toward other majors or concentrations if approved by the chair of that major/concentration. Offered periodically each term. Prerequisites: vary.","0","0","0","0","0","","Muthukrishnan, Ranjan","{'fsnum': '9002460', 'name': 'Muthukrishnan, Ranjan'}","200","24","","","","","Top: Topics in Biology","","292","","False","Prerequisites: vary.","A","3","O","20263","Topics in Biology","Topic","2026"
"0000172144","1.0","0000028963","BIO","Students study topics in biology. Topics vary from year to year at the discretion of the department. Class work depends on the topics and instructor, but is consistent with the amount and level of work in other 200-level biology courses. May be repeated if topics are different. Counts as an elective toward biology major. May count toward other majors or concentrations if approved by the chair of that major/concentration. Offered periodically each term. Prerequisites: vary.","0","0","0","0","0","","Schofield, Lynn N.","{'fsnum': '34098', 'name': 'Schofield, Lynn N.'}","200","24","","","","","Top: Ornithology","","292","","False","Prerequisites: vary.","B","3","O","20263","Topics in Biology","Topic","2026"
"0000172145","1.0","0000038367","BIO","This course provides a comprehensive research opportunity, including an introduction to relevant background material, technical instruction, identification of a meaningful project, data collection and analysis, and writing. The topic is determined by the faculty member in charge of the course and may relate to their research interests. This course meets the Writing in the Major requirements for Biology majors. Offered based on department decision. May be offered as a 1.00 credit course or .50 credit course. Prerequisite: determined by instructor.","0","0","0","0","0","OEP","Muthukrishnan, Ranjan","{'fsnum': '9002460', 'name': 'Muthukrishnan, Ranjan'}","300","3","","","","","Research:","","306","","False","determined by instructor.","","3","O","20263","Directed Undergraduate Research with Writing","Research","2026"
"0000172230","1.0","0000000172","BIO","Specific topics announced prior to each term are based on student interests and available staff. Class work includes comprehensive review of literature on the specific topic. Class meetings present topics in discussion format. May be repeated if topic is different. Also counts toward environmental studies major (all emphases) and concentration when taught with environmental science focus and approved by chair. Prerequisites: vary.","0","0","0","0","0","","Demas, Jay","{'fsnum': '21211', 'name': 'Demas, Jay'}","300","10","0","","0","","Top: Developmental Neurobiology","Open to Juniors and Seniors only.","391","","False","Prerequisites: vary.","A","3","O","20263","Selected Topics","Topic","2026"
"0000172481","1.0","0000000172","BIO","Specific topics announced prior to each term are based on student interests and available staff. Class work includes comprehensive review of literature on the specific topic. Class meetings present topics in discussion format. May be repeated if topic is different. Also counts toward environmental studies major (all emphases) and concentration when taught with environmental science focus and approved by chair. Prerequisites: vary.","0","0","0","0","0","","Matchett, Will E.","{'fsnum': '35072', 'name': 'Matchett, Will E.'}","300","10","","","","","Top: Pandemics: Past/Present/Future","Open to Juniors and Seniors only.","391","","False","Prerequisites: vary.","B","3","O","20263","Selected Topics","Topic","2026"
"0000172567","1.0","0000000172","BIO","Specific topics announced prior to each term are based on student interests and available staff. Class work includes comprehensive review of literature on the specific topic. Class meetings present topics in discussion format. May be repeated if topic is different. Also counts toward environmental studies major (all emphases) and concentration when taught with environmental science focus and approved by chair. Prerequisites: vary.","0","0","0","0","0","","Riggs, Claire L.","{'fsnum': '9005105', 'name': 'Riggs, Claire L.'}","300","10","0","","0","","Top: Cellular Stress Response","Open to Juniors and Seniors only.","391","{'day': 'We', 'end': '15:30', 'location': 'TBA', 'start': '14:00'};{'day': 'Fr', 'end': '15:30', 'location': 'TBA', 'start': '14:00'}","False","Prerequisites: vary.","C","3","O","20263","Selected Topics","Topic","2026"
"0000170695","1.0","0000038378","BUS","This introductory course focuses on managerial decision making and problem solving. Students gain a foundation on which to build deeper understanding across the different business disciplines, including accounting and finance, marketing, and entrepreneurship. This course includes case studies and practical assignments to understand the key management skills, tools, and frameworks involved in starting, running, growing and adapting a successful business in the context of a rapidly changing technological, competitive, and consumer environment. Offered each semester.","0","0","0","0","0","","Bullert, Anne","{'fsnum': '9005315', 'name': 'Bullert, Anne'}","100","30","","0","","0","Fundamentals of Business","Open only to first-year and sophomore students.","110","{'day': 'Tu', 'end': '13:10', 'location': 'TBA', 'start': '23:45'};{'day': 'Th', 'end': '14:05', 'location': 'TBA', 'start': '12:45'}","False","False","A","3","O","20263","","Research","2026"
"0000171979","1.0","0000038378","BUS","This introductory course focuses on managerial decision making and problem solving. Students gain a foundation on which to build deeper understanding across the different business disciplines, including accounting and finance, marketing, and entrepreneurship. This course includes case studies and practical assignments to understand the key management skills, tools, and frameworks involved in starting, running, growing and adapting a successful business in the context of a rapidly changing technological, competitive, and consumer environment. Offered each semester.","0","0","0","0","0","","Bullert, Anne","{'fsnum': '9005315', 'name': 'Bullert, Anne'}","100","30","","0","","0","Fundamentals of Business","Only open to first-years and sophomores.","110","{'day': 'Tu', 'end': '14:45', 'location': 'TBA', 'start': '13:20'};{'day': 'Th', 'end': '15:35', 'location': 'TBA', 'start': '14:15'}","False","False","B","3","O","20263","","Research","2026"
"0000171085","1.0","0000000768","BUS","This course focuses on four basic financial statements: the income statement, statement of retained earnings, balance sheet, and statement of cash flows. Students learn how business events are recorded and represented on the financial statements and how to use the information to make sound economic judgments. Cases and current articles supplement traditional textbook readings and problems. Offered each semester. Prerequisite: sophomore standing or above.","0","0","0","0","0","","Ramlall, Padma","{'fsnum': '9005135', 'name': 'Ramlall, Padma'}","200","35","0","","","","Principles of Acct","Not open to first-year students.","225","{'day': 'Tu', 'end': '09:25', 'location': 'HH 111', 'start': '08:00'};{'day': 'Th', 'end': '09:20', 'location': 'HH 111', 'start': '08:00'}","False","sophomore standing or above.","A","3","O","20263","Principles of Accounting","Research","2026"
"0000171086","1.0","0000000768","BUS","This course focuses on four basic financial statements: the income statement, statement of retained earnings, balance sheet, and statement of cash flows. Students learn how business events are recorded and represented on the financial statements and how to use the information to make sound economic judgments. Cases and current articles supplement traditional textbook readings and problems. Offered each semester. Prerequisite: sophomore standing or above.","0","0","0","0","0","","Ramlall, Padma","{'fsnum': '9005135', 'name': 'Ramlall, Padma'}","200","35","0","","","","Principles of Acct","Not open to first-year students.","225","{'day': 'Tu', 'end': '11:00', 'location': 'HH 111', 'start': '09:35'};{'day': 'Th', 'end': '10:50', 'location': 'HH 111', 'start': '09:30'}","False","sophomore standing or above.","B","3","O","20263","Principles of Accounting","Research","2026"
"0000170508","1.0","0000042866","BUS","Healthcare spending accounts for a significant portion of gross domestic product and of the federal budget. It is one of the most consequential, and also one of the most complex, industries in this country and across the world. This course will examine the structure of American healthcare, the values explicitly and implicitly embedded in it, and opportunities to improve the system. Offered annually in spring. Prerequisite: BUS 110 Fundamentals of Business or by permission of the instructor.","0","0","0","0","0","","Abbott, Abigail I.","{'fsnum': '9005308', 'name': 'Abbott, Abigail I.'}","200","35","0","","","","Business of Healthcare","Not open to first-year students.","232","{'day': 'Tu', 'end': '11:00', 'location': 'RML 115', 'start': '09:35'};{'day': 'Th', 'end': '10:50', 'location': 'RML 115', 'start': '09:30'}","False","BUS 110 Fundamentals of Business or by permission of the instructor.","","3","O","20263","","Research","2026"
"0000170954","1.0","0000000774","BUS","This course emphasizes the use of financial and operating information to make internal management decisions. Topics include cost measurement and allocation, budgeting and control, performance evaluation, relevant costs for decision-making and capital budgeting decisions. Students are introduced to the modern production environment. Excel spreadsheets are used for many homework assignments. Offered each semester. Prerequisite: BUS 225.","0","0","0","0","0","","Ramlall, Padma","{'fsnum': '9005135', 'name': 'Ramlall, Padma'}","200","35","0","","","","Managerial/Cost Acct","Not open to first-year students.","237","{'day': 'Tu', 'end': '13:10', 'location': 'TBA', 'start': '23:45'};{'day': 'Th', 'end': '14:05', 'location': 'TBA', 'start': '12:45'}","False","BUS 225.","","3","O","20263","Managerial Accounting","Research","2026"
"0000170956","1.0","0000000777","BUS","This course introduces the key elements of marketing principles. Topics include evaluating market opportunities; buyer behavior; market segmentation, targeting, and positioning; market strategy and planning; development of marketing mix; and marketing organization and control. Students are challenged to apply the principles learned in class to current and real world marketing issues. The course includes readings, case study analysis, in-class exercises and group projects. Offered each semester. Prerequisite: sophomore standing or above, or permission of instructor.","0","0","0","0","0","HBS;SCS","Staff","{'fsnum': '', 'name': 'Staff'}","200","35","0","","","","Marketing","Not open to first year students.                                                ;This course includes an academic civic engagement (ACE) component.","250","{'day': 'Th', 'end': '22:00', 'location': 'TBA', 'start': '19:00'}","False","sophomore standing or above, or permission of instructor.","","3","O","20263","","Research","2026"
"0000170952","1.0","0000000778","BUS","This course familiarizes the student with the major management functions of planning, organizing, leading, and controlling. The study of management theory is linked with application exercises. Students begin to develop the management skills necessary in any organization, whether it be a for-profit or not-for-profit venture, a small business, or a large corporation. Offered each semester. Prerequisite: sophomore standing or above, or permission of instructor.","0","0","0","0","0","HBS;SCS","Baumann, Kelsey","{'fsnum': '34056', 'name': 'Baumann, Kelsey'}","200","35","0","","","","Management","Not open to first-year students.","251","{'day': 'Mo', 'end': '08:55', 'location': 'HH 111', 'start': '08:00'};{'day': 'We', 'end': '08:55', 'location': 'HH 111', 'start': '08:00'};{'day': 'Fr', 'end': '08:55', 'location': 'HH 111', 'start': '08:00'}","False","sophomore standing or above, or permission of instructor.","A","3","O","20263","","Research","2026"
"0000170953","1.0","0000000778","BUS","This course familiarizes the student with the major management functions of planning, organizing, leading, and controlling. The study of management theory is linked with application exercises. Students begin to develop the management skills necessary in any organization, whether it be a for-profit or not-for-profit venture, a small business, or a large corporation. Offered each semester. Prerequisite: sophomore standing or above, or permission of instructor.","0","0","0","0","0","HBS;SCS","Baumann, Kelsey","{'fsnum': '34056', 'name': 'Baumann, Kelsey'}","200","35","0","","","","Management","Not open to first-year students.","251","{'day': 'Mo', 'end': '10:00', 'location': 'HH 111', 'start': '09:05'};{'day': 'We', 'end': '10:00', 'location': 'HH 111', 'start': '09:05'};{'day': 'Fr', 'end': '10:00', 'location': 'HH 111', 'start': '09:05'}","False","sophomore standing or above, or permission of instructor.","B","3","O","20263","","Research","2026"
"0000171980","1.0","0000041574","BUS","The study of leadership requires a broad understanding of the many critical contemporary issues emerging in today's environment. This course is designed to provide students with a comprehensive understanding of leadership principles, theories, and practices. The course explores various aspects of leadership, from personal development to organizational dynamics, preparing students to become effective leaders in diverse settings. This course combines insights from business strategy, political science, cognitive psychology, and environmental studies. Not open to first year students. Prerequisite: sophomore status or above.","0","0","0","0","0","","Staff","{'fsnum': '', 'name': 'Staff'}","200","35","","","","","Leadership","Not open to first-year students.","255","{'day': 'Mo', 'end': '22:00', 'location': 'TBA', 'start': '19:00'}","False","sophomore status or above.","","3","O","20263","","Research","2026"
"0000170506","1.0","0000042867","BUS","This course equips students to act ethically in for-profit and non-profit business settings by introducing diverse ethical frameworks and encouraging the use of personal character strengths. Learners engage with moral dilemmas using these frameworks, complete a virtue profile analyzing their top five strengths, and participate in reflection posts and case studies to critically assess their ethical perspectives. Offered annually in the spring. Prerequisite: BUS 110 Fundamentals of Business or by permission of the instructor.","0","0","0","0","0","ERC","Salim, Antar C.","{'fsnum': '9005147', 'name': 'Salim, Antar C.'}","200","35","0","","","","Business Ethics","Not open to first-year students.","270","{'day': 'Mo', 'end': '14:55', 'location': 'HH 111', 'start': '14:00'};{'day': 'We', 'end': '14:55', 'location': 'HH 111', 'start': '14:00'};{'day': 'Fr', 'end': '14:55', 'location': 'HH 111', 'start': '14:00'}","False","BUS 110 Fundamentals of Business or by permission of the instructor.","","3","O","20263","","Research","2026"
"0000172977","1.0","0000000786","BUS","This introduction to making personal investment decisions provides a foundation for students seeking a career in the investment field. Although stocks are the primary focus, bonds, options, futures and mutual funds are also introduced. Topics include risk and return, security analysis, valuation theory, stock investment systems, and portfolio management. Students analyze historical data using a computer database and spreadsheet. Offered annually. Prerequisites: BUS 281 and a statistics course, or permission of instructor.","0","0","0","0","0","","Salim, Antar C.","{'fsnum': '9005147', 'name': 'Salim, Antar C.'}","300","35","0","","0","","Investments","Open to junior and senior students only.","380","{'day': 'Mo', 'end': '12:45', 'location': 'TBA', 'start': '23:50'};{'day': 'We', 'end': '12:45', 'location': 'TBA', 'start': '23:50'};{'day': 'Fr', 'end': '12:45', 'location': 'TBA', 'start': '23:50'}","False","Prerequisites: BUS 281 and a statistics course, or permission of instructor.","A","3","O","20263","","Research","2026"
"0000170878","1.0","0000000786","BUS","This introduction to making personal investment decisions provides a foundation for students seeking a career in the investment field. Although stocks are the primary focus, bonds, options, futures and mutual funds are also introduced. Topics include risk and return, security analysis, valuation theory, stock investment systems, and portfolio management. Students analyze historical data using a computer database and spreadsheet. Offered annually. Prerequisites: BUS 281 and a statistics course, or permission of instructor.","0","0","0","0","0","","Salim, Antar C.","{'fsnum': '9005147', 'name': 'Salim, Antar C.'}","300","35","0","","0","","Investments","Open to junior and senior students only.","380","{'day': 'Mo', 'end': '13:50', 'location': 'HH 111', 'start': '12:55'};{'day': 'We', 'end': '13:50', 'location': 'HH 111', 'start': '12:55'};{'day': 'Fr', 'end': '13:50', 'location': 'HH 111', 'start': '12:55'}","False","Prerequisites: BUS 281 and a statistics course, or permission of instructor.","B","3","O","20263","","Research","2026"
"0000170966","1.0","0000000787","BUS","This is a capstone course for students with a management studies concentration or management area of emphasis in the economics major. Students have the opportunity to further develop their planning and decision-making skills through focused study of the management literature and case analysis exercises. Emphasis is given to identifying, analyzing, and solving organizational problems, which are strategic in nature and cut across all functional areas of the organization. Offered annually in the spring semester. Prerequisite: BUS 250 or BUS 251 or permission of the instructor.","0","0","0","0","0","","Christie, Sian E.","{'fsnum': '16804', 'name': 'Christie, Sian E.'}","300","35","0","","0","","Mgmt Policy & Strat","Open to junior and senior students only.","383","{'day': 'Mo', 'end': '11:40', 'location': 'TBA', 'start': '10:45'};{'day': 'We', 'end': '11:40', 'location': 'TBA', 'start': '10:45'};{'day': 'Fr', 'end': '11:40', 'location': 'TBA', 'start': '10:45'}","False","BUS 250 or BUS 251 or permission of the instructor.","","3","O","20263","Management Policy and Strategy","Research","2026"
"0000170540","1.0","0000000194","CHEM","This course provides a sequential introduction to physical chemistry. Beginning with an introduction to statistical aspects of chemical equilibria, it explores the relationships between energy, entropy and equilibria (thermodynamics); oxidation-reduction reactions and electrochemistry; transitions between phases; and rates of reactions. Students attend three classes and one three-hour laboratory per week. Offered annually during spring semester. Prerequisite: CHEM 125, or CHEM 122, and concurrent or previous enrollment in MATH 119 or MATH 120, or permission of instructor.","0","0","0","0","0","NSC;NSL;SED","Thompson, Rebecca","{'fsnum': '9005106', 'name': 'Thompson, Rebecca'}","100","50","","","","","Chemical Reactions","Students in Chem 126 must also register for one Chem 126 lab.","126","{'day': 'Mo', 'end': '10:00', 'location': 'RNS 390', 'start': '09:05'};{'day': 'We', 'end': '10:00', 'location': 'RNS 390', 'start': '09:05'};{'day': 'Fr', 'end': '10:00', 'location': 'RNS 390', 'start': '09:05'}","False","CHEM 125, or CHEM 122, and concurrent or previous enrollment in MATH 119 or MATH 120, or permission of instructor.","A","3","O","20263","Energies and Rates of Chemical Reactions","Research","2026"
"0000170539","1.0","0000000194","CHEM","This course provides a sequential introduction to physical chemistry. Beginning with an introduction to statistical aspects of chemical equilibria, it explores the relationships between energy, entropy and equilibria (thermodynamics); oxidation-reduction reactions and electrochemistry; transitions between phases; and rates of reactions. Students attend three classes and one three-hour laboratory per week. Offered annually during spring semester. Prerequisite: CHEM 125, or CHEM 122, and concurrent or previous enrollment in MATH 119 or MATH 120, or permission of instructor.","0","0","0","0","0","NSC;NSL;SED","Marlier, Elodie","{'fsnum': '22843', 'name': 'Marlier, Elodie'}","100","50","","","","","Chemical Reactions","Students in Chem 126 must also register for one Chem 126 lab.","126","{'day': 'Mo', 'end': '11:40', 'location': 'TBA', 'start': '10:45'};{'day': 'We', 'end': '11:40', 'location': 'TBA', 'start': '10:45'};{'day': 'Fr', 'end': '11:40', 'location': 'TBA', 'start': '10:45'}","False","CHEM 125, or CHEM 122, and concurrent or previous enrollment in MATH 119 or MATH 120, or permission of instructor.","B","3","O","20263","Energies and Rates of Chemical Reactions","Research","2026"
"0000170541","1.0","0000000194","CHEM","This course provides a sequential introduction to physical chemistry. Beginning with an introduction to statistical aspects of chemical equilibria, it explores the relationships between energy, entropy and equilibria (thermodynamics); oxidation-reduction reactions and electrochemistry; transitions between phases; and rates of reactions. Students attend three classes and one three-hour laboratory per week. Offered annually during spring semester. Prerequisite: CHEM 125, or CHEM 122, and concurrent or previous enrollment in MATH 119 or MATH 120, or permission of instructor.","0","0","0","0","0","NSC;NSL;SED","Ener-Goetz, Maraia","{'fsnum': '36054', 'name': 'Ener-Goetz, Maraia'}","100","38","","","","","Chemical Reactions","Students in Chem 126 must also register for one Chem 126 lab.","126","{'day': 'Mo', 'end': '11:40', 'location': 'RNS 390', 'start': '10:45'};{'day': 'We', 'end': '11:40', 'location': 'RNS 390', 'start': '10:45'};{'day': 'Fr', 'end': '11:40', 'location': 'RNS 390', 'start': '10:45'}","False","CHEM 125, or CHEM 122, and concurrent or previous enrollment in MATH 119 or MATH 120, or permission of instructor.","C","3","O","20263","Energies and Rates of Chemical Reactions","Research","2026"
"0000170542","1.0","0000000194","CHEM","This course provides a sequential introduction to physical chemistry. Beginning with an introduction to statistical aspects of chemical equilibria, it explores the relationships between energy, entropy and equilibria (thermodynamics); oxidation-reduction reactions and electrochemistry; transitions between phases; and rates of reactions. Students attend three classes and one three-hour laboratory per week. Offered annually during spring semester. Prerequisite: CHEM 125, or CHEM 122, and concurrent or previous enrollment in MATH 119 or MATH 120, or permission of instructor.","0","0","0","0","0","NSC;NSL;SED","Ener-Goetz, Maraia","{'fsnum': '36054', 'name': 'Ener-Goetz, Maraia'}","100","38","","","","","Chemical Reactions","Students in Chem 126 must also register for one Chem 126 lab.","126","{'day': 'Mo', 'end': '12:45', 'location': 'RNS 390', 'start': '23:50'};{'day': 'We', 'end': '12:45', 'location': 'RNS 390', 'start': '23:50'};{'day': 'Fr', 'end': '12:45', 'location': 'RNS 390', 'start': '23:50'}","False","CHEM 125, or CHEM 122, and concurrent or previous enrollment in MATH 119 or MATH 120, or permission of instructor.","D","3","O","20263","Energies and Rates of Chemical Reactions","Research","2026"
"0000170543","1.0","0000000194","CHEM","This course provides a sequential introduction to physical chemistry. Beginning with an introduction to statistical aspects of chemical equilibria, it explores the relationships between energy, entropy and equilibria (thermodynamics); oxidation-reduction reactions and electrochemistry; transitions between phases; and rates of reactions. Students attend three classes and one three-hour laboratory per week. Offered annually during spring semester. Prerequisite: CHEM 125, or CHEM 122, and concurrent or previous enrollment in MATH 119 or MATH 120, or permission of instructor.","0","0","0","0","0","NSC;NSL;SED","Cruz-Reyes, Maetzin","{'fsnum': '35099', 'name': 'Cruz-Reyes, Maetzin'}","100","38","","","","","Chemical Reactions","Students in Chem 126 must also register for one Chem 126 lab.","126","{'day': 'Mo', 'end': '12:45', 'location': 'RNS 310', 'start': '23:50'};{'day': 'We', 'end': '12:45', 'location': 'RNS 310', 'start': '23:50'};{'day': 'Fr', 'end': '12:45', 'location': 'RNS 310', 'start': '23:50'}","False","CHEM 125, or CHEM 122, and concurrent or previous enrollment in MATH 119 or MATH 120, or permission of instructor.","E","3","O","20263","Energies and Rates of Chemical Reactions","Research","2026"
"0000170544","1.0","0000000194","CHEM","This course provides a sequential introduction to physical chemistry. Beginning with an introduction to statistical aspects of chemical equilibria, it explores the relationships between energy, entropy and equilibria (thermodynamics); oxidation-reduction reactions and electrochemistry; transitions between phases; and rates of reactions. Students attend three classes and one three-hour laboratory per week. Offered annually during spring semester. Prerequisite: CHEM 125, or CHEM 122, and concurrent or previous enrollment in MATH 119 or MATH 120, or permission of instructor.","0","0","0","0","0","NSC;NSL;NTS;SED","Cruz-Reyes, Maetzin","{'fsnum': '35099', 'name': 'Cruz-Reyes, Maetzin'}","100","38","","","","","Chemical Reactions","Students in Chem 126 must also register for one Chem 126 lab.","126","{'day': 'Mo', 'end': '13:50', 'location': 'RNS 310', 'start': '12:55'};{'day': 'We', 'end': '13:50', 'location': 'RNS 310', 'start': '12:55'};{'day': 'Fr', 'end': '13:50', 'location': 'RNS 310', 'start': '12:55'}","False","CHEM 125, or CHEM 122, and concurrent or previous enrollment in MATH 119 or MATH 120, or permission of instructor.","F","3","O","20263","Energies and Rates of Chemical Reactions","Research","2026"
"0000173017","","0000000195","CHEM","","0","0","0","0","0","","Staff","{'fsnum': '', 'name': 'Staff'}","100","24","","","","","Chemical Reactions Lab","","126","{'day': 'We', 'end': '17:00', 'location': 'TBA', 'start': '14:00'}","False","","G","3","O","20263","","Lab","2026"
"0000170545","","0000000195","CHEM","","0","0","0","0","0","","Muth, Greg W.","{'fsnum': '14961', 'name': 'Muth, Greg W.'}","100","24","","","","","Chemical Reactions Lab","","126","{'day': 'Mo', 'end': '17:00', 'location': 'RNS 350', 'start': '14:00'}","False","","A","3","O","20263","","Lab","2026"
"0000170550","","0000000195","CHEM","","0","0","0","0","0","","Erickson, Brice","{'fsnum': '33087', 'name': 'Erickson, Brice'}","100","24","","","","","Chemical Reactions Lab","","126","{'day': 'Tu', 'end': '11:00', 'location': 'RNS 350', 'start': '08:00'}","False","","B","3","O","20263","","Lab","2026"
"0000170553","","0000000195","CHEM","","0","0","0","0","0","","Kerr, Evan W.","{'fsnum': '9005182', 'name': 'Kerr, Evan W.'}","100","24","","","","","Chemical Reactions Lab","","126","{'day': 'Tu', 'end': '11:00', 'location': 'RNS 355', 'start': '08:00'}","False","","C","3","O","20263","","Lab","2026"
"0000170546","","0000000195","CHEM","","0","0","0","0","0","","Erickson, Brice","{'fsnum': '33087', 'name': 'Erickson, Brice'}","100","24","","","","","Chemical Reactions Lab","","126","{'day': 'Tu', 'end': '14:45', 'location': 'RNS 350', 'start': '23:45'}","False","","D","3","O","20263","","Lab","2026"
"0000170547","","0000000195","CHEM","","0","0","0","0","0","","Marlier, Elodie","{'fsnum': '22843', 'name': 'Marlier, Elodie'}","100","24","","","","","Chemical Reactions Lab","","126","{'day': 'Tu', 'end': '14:45', 'location': 'RNS 355', 'start': '23:45'}","False","","E","3","O","20263","","Lab","2026"
"0000170548","","0000000195","CHEM","","0","0","0","0","0","","Kerr, Evan W.","{'fsnum': '9005182', 'name': 'Kerr, Evan W.'}","100","24","","","","","Chemical Reactions Lab","","126","{'day': 'We', 'end': '17:00', 'location': 'RNS 350', 'start': '14:00'}","False","","F","3","O","20263","","Lab","2026"
"0000170549","","0000000195","CHEM","","0","0","0","0","0","","Kerr, Evan W.","{'fsnum': '9005182', 'name': 'Kerr, Evan W.'}","100","24","","","","","Chemical Reactions Lab","","126","{'day': 'Th', 'end': '11:00', 'location': 'RNS 350', 'start': '08:00'}","False","","H","3","O","20263","","Lab","2026"
"0000170551","","0000000195","CHEM","","0","0","0","0","0","","Staff","{'fsnum': '', 'name': 'Staff'}","100","24","","","","","Chemical Reactions Lab","","126","{'day': 'Th', 'end': '11:00', 'location': 'TBA', 'start': '08:00'}","False","","I","3","O","20263","","Lab","2026"
"0000170552","","0000000195","CHEM","","0","0","0","0","0","","Erickson, Brice","{'fsnum': '33087', 'name': 'Erickson, Brice'}","100","24","","","","","Chemical Reactions Lab","","126","{'day': 'Th', 'end': '15:45', 'location': 'RNS 350', 'start': '12:45'}","False","","J","3","O","20263","","Lab","2026"
"0000170554","","0000000195","CHEM","","0","0","0","0","0","","Staff","{'fsnum': '', 'name': 'Staff'}","100","24","","","","","Chemical Reactions Lab","","126","{'day': 'Th', 'end': '15:45', 'location': 'RNS 355', 'start': '12:45'}","False","","K","3","O","20263","","Lab","2026"
"0000171031","1.0","0000000197","CHEM","This course is a continuation of CHEM 247 topics. Chemistry 248 delves into the chemistry of functional groups, especially those that play a role in the reactivity of biomolecules such as carbohydrates, lipids, proteins ,and nucleic acids. Together, CHEM 247 and CHEM 248 provide a full treatment of introductory organic chemistry. Offered annually during Spring semester. Prerequisite: CHEM 247 or permission of instructor.","0","0","0","0","0","","Gittins, Peter J.","{'fsnum': '21144', 'name': 'Gittins, Peter J.'}","200","36","","10","","3","Organic Chemistry II","Students in Chem 248 must also register for one Chem 254 lab.                   ;This course has class-year limits for juniors and seniors.","248","{'day': 'Mo', 'end': '08:55', 'location': 'RNS 310', 'start': '08:00'};{'day': 'We', 'end': '08:55', 'location': 'RNS 310', 'start': '08:00'};{'day': 'Fr', 'end': '08:55', 'location': 'RNS 310', 'start': '08:00'}","False","CHEM 247 or permission of instructor.","A","3","O","20263","","Research","2026"
"0000171030","1.0","0000000197","CHEM","This course is a continuation of CHEM 247 topics. Chemistry 248 delves into the chemistry of functional groups, especially those that play a role in the reactivity of biomolecules such as carbohydrates, lipids, proteins ,and nucleic acids. Together, CHEM 247 and CHEM 248 provide a full treatment of introductory organic chemistry. Offered annually during Spring semester. Prerequisite: CHEM 247 or permission of instructor.","0","0","0","0","0","","Brezny, Anna","{'fsnum': '33949', 'name': 'Brezny, Anna'}","200","48","","10","","2","Organic Chemistry II","Students in Chem 248 must also register for one Chem 254 lab.                   ;This course has class-year limits for juniors and seniors.","248","{'day': 'Mo', 'end': '10:00', 'location': 'RNS 310', 'start': '09:05'};{'day': 'We', 'end': '10:00', 'location': 'RNS 310', 'start': '09:05'};{'day': 'Fr', 'end': '10:00', 'location': 'RNS 310', 'start': '09:05'}","False","CHEM 247 or permission of instructor.","B","3","O","20263","","Research","2026"
"0000171032","1.0","0000000197","CHEM","This course is a continuation of CHEM 247 topics. Chemistry 248 delves into the chemistry of functional groups, especially those that play a role in the reactivity of biomolecules such as carbohydrates, lipids, proteins ,and nucleic acids. Together, CHEM 247 and CHEM 248 provide a full treatment of introductory organic chemistry. Offered annually during Spring semester. Prerequisite: CHEM 247 or permission of instructor.","0","0","0","0","0","","Roberts, Bill P.","{'fsnum': '19399', 'name': 'Roberts, Bill P.'}","200","36","","10","","3","Organic Chemistry II","Students in Chem 248 must also register for one Chem 254 lab.                   ;This course has class-year limits for juniors and seniors.","248","{'day': 'Tu', 'end': '13:10', 'location': 'RNS 310', 'start': '23:45'};{'day': 'Th', 'end': '14:05', 'location': 'RNS 310', 'start': '12:45'}","False","CHEM 247 or permission of instructor.","C","3","O","20263","","Research","2026"
"0000171252","0.25","0000000200","CHEM","This course is a continuation of CHEM 253. Students gain more experience with techniques used in CHEM 253 and in addition use gas chromatographic/mass spectrometric analyses. Students attend one three-hour laboratory each week. P/N only. Offered annually during Spring semester. Prerequisites: CHEM 253 and previous or concurrent registration in CHEM 248.","0","0","0","0","0","","Brezny, Anna","{'fsnum': '33949', 'name': 'Brezny, Anna'}","200","18","","","","","Synthesis Lab II","","254","{'day': 'Mo', 'end': '17:00', 'location': 'RNS 340', 'start': '14:00'}","True","Prerequisites: CHEM 253 and previous or concurrent registration in CHEM 248.","A","3","O","20263","Synthesis Laboratory II","Lab","2026"
"0000171253","0.25","0000000200","CHEM","This course is a continuation of CHEM 253. Students gain more experience with techniques used in CHEM 253 and in addition use gas chromatographic/mass spectrometric analyses. Students attend one three-hour laboratory each week. P/N only. Offered annually during Spring semester. Prerequisites: CHEM 253 and previous or concurrent registration in CHEM 248.","0","0","0","0","0","","Roberts, Bill P.","{'fsnum': '19399', 'name': 'Roberts, Bill P.'}","200","18","","","","","Synthesis Lab II","","254","{'day': 'Tu', 'end': '11:00', 'location': 'RNS 340', 'start': '08:00'}","True","Prerequisites: CHEM 253 and previous or concurrent registration in CHEM 248.","B","3","O","20263","Synthesis Laboratory II","Lab","2026"
"0000171254","0.25","0000000200","CHEM","This course is a continuation of CHEM 253. Students gain more experience with techniques used in CHEM 253 and in addition use gas chromatographic/mass spectrometric analyses. Students attend one three-hour laboratory each week. P/N only. Offered annually during Spring semester. Prerequisites: CHEM 253 and previous or concurrent registration in CHEM 248.","0","0","0","0","0","","Carpenter, Nancy","{'fsnum': '9002805', 'name': 'Carpenter, Nancy'}","200","18","","","","","Synthesis Lab II","","254","{'day': 'Tu', 'end': '14:45', 'location': 'RNS 340', 'start': '23:45'}","True","Prerequisites: CHEM 253 and previous or concurrent registration in CHEM 248.","C","3","O","20263","Synthesis Laboratory II","Lab","2026"
"0000171255","0.25","0000000200","CHEM","This course is a continuation of CHEM 253. Students gain more experience with techniques used in CHEM 253 and in addition use gas chromatographic/mass spectrometric analyses. Students attend one three-hour laboratory each week. P/N only. Offered annually during Spring semester. Prerequisites: CHEM 253 and previous or concurrent registration in CHEM 248.","0","0","0","0","0","","Roberts, Bill P.","{'fsnum': '19399', 'name': 'Roberts, Bill P.'}","200","18","","","","","Synthesis Lab II","","254","{'day': 'Tu', 'end': '18:00', 'location': 'RNS 340', 'start': '15:00'}","True","Prerequisites: CHEM 253 and previous or concurrent registration in CHEM 248.","D","3","O","20263","Synthesis Laboratory II","Lab","2026"
"0000171256","0.25","0000000200","CHEM","This course is a continuation of CHEM 253. Students gain more experience with techniques used in CHEM 253 and in addition use gas chromatographic/mass spectrometric analyses. Students attend one three-hour laboratory each week. P/N only. Offered annually during Spring semester. Prerequisites: CHEM 253 and previous or concurrent registration in CHEM 248.","0","0","0","0","0","","Carpenter, Nancy","{'fsnum': '9002805', 'name': 'Carpenter, Nancy'}","200","18","","","","","Synthesis Lab II","","254","{'day': 'We', 'end': '17:00', 'location': 'RNS 340', 'start': '14:00'}","True","Prerequisites: CHEM 253 and previous or concurrent registration in CHEM 248.","E","3","O","20263","Synthesis Laboratory II","Lab","2026"
"0000171257","0.25","0000000200","CHEM","This course is a continuation of CHEM 253. Students gain more experience with techniques used in CHEM 253 and in addition use gas chromatographic/mass spectrometric analyses. Students attend one three-hour laboratory each week. P/N only. Offered annually during Spring semester. Prerequisites: CHEM 253 and previous or concurrent registration in CHEM 248.","0","0","0","0","0","","Roberts, Bill P.","{'fsnum': '19399', 'name': 'Roberts, Bill P.'}","200","18","","","","","Synthesis Lab II","","254","{'day': 'Th', 'end': '11:00', 'location': 'RNS 340', 'start': '08:00'}","True","Prerequisites: CHEM 253 and previous or concurrent registration in CHEM 248.","F","3","O","20263","Synthesis Laboratory II","Lab","2026"
"0000170407","1.0","0000000201","CHEM","Students not only investigate the theory of modern analytical chemistry, but also examine the statistical treatment of errors, equilibrium, activities, acid/base chemistry, spectroscopy, electrochemistry, and separations. The accompanying lab course, CHEM 256, illustrates the topics discussed in CHEM 255. Students taking this course use computers for solving problems. Offered each semester. Prerequisites: CHEM 126 or permission of the instructor, and concurrent registration in CHEM 256.","0","0","0","0","0","","Walczak, Mary","{'fsnum': '8868', 'name': 'Walczak, Mary'}","200","32","","","","","Analytical Chemistry","Students in Chem 255 must also register for Chem 256 AL or BL.","255","{'day': 'Tu', 'end': '11:00', 'location': 'RNS 310', 'start': '09:35'};{'day': 'Th', 'end': '10:50', 'location': 'RNS 310', 'start': '09:30'}","False","Prerequisites: CHEM 126 or permission of the instructor, and concurrent registration in CHEM 256.","","3","O","20263","","Research","2026"
"0000170412","0.25","0000000202","CHEM","Students enrolled in this lab course practice techniques of modern analytical chemistry using state-of-the-art instrumentation, including pH meters, liquid chromatographs, and a variety of spectrophotometers. Data acquisition via computer-interfaced instrumentation and electronic record-keeping is emphasized. Students practice and develop group skills by working in ""companies"" throughout the semester. Students attend one four-hour laboratory per week. P/N only. Offered each semester. Prerequisite: concurrent registration in CHEM 255.","0","0","0","0","0","","Walczak, Mary","{'fsnum': '8868', 'name': 'Walczak, Mary'}","200","16","","","","","Analytical Lab","","256","{'day': 'We', 'end': '17:00', 'location': 'TBA', 'start': '13:00'}","True","concurrent registration in CHEM 255.","A","3","O","20263","Analytical Laboratory","Lab","2026"
"0000170413","0.25","0000000202","CHEM","Students enrolled in this lab course practice techniques of modern analytical chemistry using state-of-the-art instrumentation, including pH meters, liquid chromatographs, and a variety of spectrophotometers. Data acquisition via computer-interfaced instrumentation and electronic record-keeping is emphasized. Students practice and develop group skills by working in ""companies"" throughout the semester. Students attend one four-hour laboratory per week. P/N only. Offered each semester. Prerequisite: concurrent registration in CHEM 255.","0","0","0","0","0","","Walczak, Mary","{'fsnum': '8868', 'name': 'Walczak, Mary'}","200","16","","","","","Analytical Lab","","256","{'day': 'Tu', 'end': '15:45', 'location': 'TBA', 'start': '23:45'}","True","concurrent registration in CHEM 255.","B","3","O","20263","Analytical Laboratory","Lab","2026"
"0000170760","0.25","0000031450","CHEM","Independent research is offered for students dedicated to an in-depth research experience. Emphasis is placed on the iterative process of experimentation and analysis. The course requires a faculty supervisor, who will make the decision as to which credit level is appropriate. May be taken more than once. Pass or No Pass (P/N) only (may not be taken for a grade). Offered each term. Prerequisite: permission of the instructor.","0","0","0","0","0","","Beussman, Douglas J.","{'fsnum': '15745', 'name': 'Beussman, Douglas J.'}","200","1","","","","","Independent Research (.25, .5, 1.0)","This is the 0.25 credit version of this course.","297","","True","permission of the instructor.","A","3","O","20263","Independent Research","Research","2026"
"0000170761","0.25","0000031450","CHEM","Independent research is offered for students dedicated to an in-depth research experience. Emphasis is placed on the iterative process of experimentation and analysis. The course requires a faculty supervisor, who will make the decision as to which credit level is appropriate. May be taken more than once. Pass or No Pass (P/N) only (may not be taken for a grade). Offered each term. Prerequisite: permission of the instructor.","0","0","0","0","0","","Jackson, Paul T.","{'fsnum': '3644', 'name': 'Jackson, Paul T.'}","200","1","","","","","Independent Research (.25, .5, 1.0)","","297","","True","permission of the instructor.","B","3","O","20263","Independent Research","Research","2026"
"0000170781","0.25","0000031450","CHEM","Independent research is offered for students dedicated to an in-depth research experience. Emphasis is placed on the iterative process of experimentation and analysis. The course requires a faculty supervisor, who will make the decision as to which credit level is appropriate. May be taken more than once. Pass or No Pass (P/N) only (may not be taken for a grade). Offered each term. Prerequisite: permission of the instructor.","0","0","0","0","0","","Gittins, Peter J.","{'fsnum': '21144', 'name': 'Gittins, Peter J.'}","200","1","","","","","Independent Research (.25, .5, 1.0)","This is the 0.25 credit version of this course.","297","","True","permission of the instructor.","C","3","O","20263","Independent Research","Research","2026"
"0000170762","0.25","0000031450","CHEM","Independent research is offered for students dedicated to an in-depth research experience. Emphasis is placed on the iterative process of experimentation and analysis. The course requires a faculty supervisor, who will make the decision as to which credit level is appropriate. May be taken more than once. Pass or No Pass (P/N) only (may not be taken for a grade). Offered each term. Prerequisite: permission of the instructor.","0","0","0","0","0","","Brezny, Anna","{'fsnum': '33949', 'name': 'Brezny, Anna'}","200","1","","","","","Independent Research (.25, .5, 1.0)","","297","","True","permission of the instructor.","D","3","O","20263","Independent Research","Research","2026"
"0000170763","0.25","0000031450","CHEM","Independent research is offered for students dedicated to an in-depth research experience. Emphasis is placed on the iterative process of experimentation and analysis. The course requires a faculty supervisor, who will make the decision as to which credit level is appropriate. May be taken more than once. Pass or No Pass (P/N) only (may not be taken for a grade). Offered each term. Prerequisite: permission of the instructor.","0","0","0","0","0","","Marlier, Elodie","{'fsnum': '22843', 'name': 'Marlier, Elodie'}","200","1","","","","","Independent Research (.25, .5, 1.0)","","297","","True","permission of the instructor.","E","3","O","20263","Independent Research","Research","2026"
"0000170764","0.25","0000031450","CHEM","Independent research is offered for students dedicated to an in-depth research experience. Emphasis is placed on the iterative process of experimentation and analysis. The course requires a faculty supervisor, who will make the decision as to which credit level is appropriate. May be taken more than once. Pass or No Pass (P/N) only (may not be taken for a grade). Offered each term. Prerequisite: permission of the instructor.","0","0","0","0","0","","Muth, Greg W.","{'fsnum': '14961', 'name': 'Muth, Greg W.'}","200","1","","","","","Independent Research (.25, .5, 1.0)","","297","","True","permission of the instructor.","F","3","O","20263","Independent Research","Research","2026"
"0000170765","0.25","0000031450","CHEM","Independent research is offered for students dedicated to an in-depth research experience. Emphasis is placed on the iterative process of experimentation and analysis. The course requires a faculty supervisor, who will make the decision as to which credit level is appropriate. May be taken more than once. Pass or No Pass (P/N) only (may not be taken for a grade). Offered each term. Prerequisite: permission of the instructor.","0","0","0","0","0","","Joiner, Cassie M.","{'fsnum': '32114', 'name': 'Joiner, Cassie M.'}","200","1","","","","","Independent Research (.25, .5, 1.0)","","297","","True","permission of the instructor.","G","3","O","20263","Independent Research","Research","2026"
"0000170766","0.25","0000031450","CHEM","Independent research is offered for students dedicated to an in-depth research experience. Emphasis is placed on the iterative process of experimentation and analysis. The course requires a faculty supervisor, who will make the decision as to which credit level is appropriate. May be taken more than once. Pass or No Pass (P/N) only (may not be taken for a grade). Offered each term. Prerequisite: permission of the instructor.","0","0","0","0","0","","Schwinefus, Jeff J.","{'fsnum': '14915', 'name': 'Schwinefus, Jeff J.'}","200","1","","","","","Independent Research (.25, .5, 1.0)","","297","","True","permission of the instructor.","H","3","O","20263","Independent Research","Research","2026"
"0000170767","0.5","0000031450","CHEM","Independent research is offered for students dedicated to an in-depth research experience. Emphasis is placed on the iterative process of experimentation and analysis. The course requires a faculty supervisor, who will make the decision as to which credit level is appropriate. May be taken more than once. Pass or No Pass (P/N) only (may not be taken for a grade). Offered each term. Prerequisite: permission of the instructor.","0","0","0","0","0","","Beussman, Douglas J.","{'fsnum': '15745', 'name': 'Beussman, Douglas J.'}","200","1","","","","","Independent Research (.25, .5, 1.0)","","297","","True","permission of the instructor.","I","3","O","20263","Independent Research","Research","2026"
"0000170768","0.5","0000031450","CHEM","Independent research is offered for students dedicated to an in-depth research experience. Emphasis is placed on the iterative process of experimentation and analysis. The course requires a faculty supervisor, who will make the decision as to which credit level is appropriate. May be taken more than once. Pass or No Pass (P/N) only (may not be taken for a grade). Offered each term. Prerequisite: permission of the instructor.","0","0","0","0","0","","Jackson, Paul T.","{'fsnum': '3644', 'name': 'Jackson, Paul T.'}","200","1","","","","","Independent Research (.25, .5, 1.0)","","297","","True","permission of the instructor.","J","3","O","20263","Independent Research","Research","2026"
"0000170782","0.5","0000031450","CHEM","Independent research is offered for students dedicated to an in-depth research experience. Emphasis is placed on the iterative process of experimentation and analysis. The course requires a faculty supervisor, who will make the decision as to which credit level is appropriate. May be taken more than once. Pass or No Pass (P/N) only (may not be taken for a grade). Offered each term. Prerequisite: permission of the instructor.","0","0","0","0","0","","Gittins, Peter J.","{'fsnum': '21144', 'name': 'Gittins, Peter J.'}","200","1","","","","","Independent Research (.25, .5, 1.0)","","297","","True","permission of the instructor.","K","3","O","20263","Independent Research","Research","2026"
"0000170769","0.5","0000031450","CHEM","Independent research is offered for students dedicated to an in-depth research experience. Emphasis is placed on the iterative process of experimentation and analysis. The course requires a faculty supervisor, who will make the decision as to which credit level is appropriate. May be taken more than once. Pass or No Pass (P/N) only (may not be taken for a grade). Offered each term. Prerequisite: permission of the instructor.","0","0","0","0","0","","Brezny, Anna","{'fsnum': '33949', 'name': 'Brezny, Anna'}","200","1","","","","","Independent Research (.25, .5, 1.0)","","297","","True","permission of the instructor.","L","3","O","20263","Independent Research","Research","2026"
"0000170770","0.5","0000031450","CHEM","Independent research is offered for students dedicated to an in-depth research experience. Emphasis is placed on the iterative process of experimentation and analysis. The course requires a faculty supervisor, who will make the decision as to which credit level is appropriate. May be taken more than once. Pass or No Pass (P/N) only (may not be taken for a grade). Offered each term. Prerequisite: permission of the instructor.","0","0","0","0","0","","Marlier, Elodie","{'fsnum': '22843', 'name': 'Marlier, Elodie'}","200","1","","","","","Independent Research (.25, .5, 1.0)","","297","","True","permission of the instructor.","M","3","O","20263","Independent Research","Research","2026"
"0000170771","0.5","0000031450","CHEM","Independent research is offered for students dedicated to an in-depth research experience. Emphasis is placed on the iterative process of experimentation and analysis. The course requires a faculty supervisor, who will make the decision as to which credit level is appropriate. May be taken more than once. Pass or No Pass (P/N) only (may not be taken for a grade). Offered each term. Prerequisite: permission of the instructor.","0","0","0","0","0","","Muth, Greg W.","{'fsnum': '14961', 'name': 'Muth, Greg W.'}","200","1","","","","","Independent Research (.25, .5, 1.0)","","297","","True","permission of the instructor.","N","3","O","20263","Independent Research","Research","2026"
"0000170772","0.5","0000031450","CHEM","Independent research is offered for students dedicated to an in-depth research experience. Emphasis is placed on the iterative process of experimentation and analysis. The course requires a faculty supervisor, who will make the decision as to which credit level is appropriate. May be taken more than once. Pass or No Pass (P/N) only (may not be taken for a grade). Offered each term. Prerequisite: permission of the instructor.","0","0","0","0","0","","Joiner, Cassie M.","{'fsnum': '32114', 'name': 'Joiner, Cassie M.'}","200","1","","","","","Independent Research (.25, .5, 1.0)","","297","","True","permission of the instructor.","O","3","O","20263","Independent Research","Research","2026"
"0000170773","0.5","0000031450","CHEM","Independent research is offered for students dedicated to an in-depth research experience. Emphasis is placed on the iterative process of experimentation and analysis. The course requires a faculty supervisor, who will make the decision as to which credit level is appropriate. May be taken more than once. Pass or No Pass (P/N) only (may not be taken for a grade). Offered each term. Prerequisite: permission of the instructor.","0","0","0","0","0","","Schwinefus, Jeff J.","{'fsnum': '14915', 'name': 'Schwinefus, Jeff J.'}","200","1","","","","","Independent Research (.25, .5, 1.0)","","297","","True","permission of the instructor.","P","3","O","20263","Independent Research","Research","2026"
"0000170774","1.0","0000031450","CHEM","Independent research is offered for students dedicated to an in-depth research experience. Emphasis is placed on the iterative process of experimentation and analysis. The course requires a faculty supervisor, who will make the decision as to which credit level is appropriate. May be taken more than once. Pass or No Pass (P/N) only (may not be taken for a grade). Offered each term. Prerequisite: permission of the instructor.","0","0","0","0","0","","Beussman, Douglas J.","{'fsnum': '15745', 'name': 'Beussman, Douglas J.'}","200","1","","","","","Independent Research (.25, .5, 1.0)","","297","","True","permission of the instructor.","Q","3","O","20263","Independent Research","Research","2026"
"0000170775","1.0","0000031450","CHEM","Independent research is offered for students dedicated to an in-depth research experience. Emphasis is placed on the iterative process of experimentation and analysis. The course requires a faculty supervisor, who will make the decision as to which credit level is appropriate. May be taken more than once. Pass or No Pass (P/N) only (may not be taken for a grade). Offered each term. Prerequisite: permission of the instructor.","0","0","0","0","0","","Jackson, Paul T.","{'fsnum': '3644', 'name': 'Jackson, Paul T.'}","200","1","","","","","Independent Research (.25, .5, 1.0)","","297","","True","permission of the instructor.","R","3","O","20263","Independent Research","Research","2026"
"0000170783","1.0","0000031450","CHEM","Independent research is offered for students dedicated to an in-depth research experience. Emphasis is placed on the iterative process of experimentation and analysis. The course requires a faculty supervisor, who will make the decision as to which credit level is appropriate. May be taken more than once. Pass or No Pass (P/N) only (may not be taken for a grade). Offered each term. Prerequisite: permission of the instructor.","0","0","0","0","0","","Gittins, Peter J.","{'fsnum': '21144', 'name': 'Gittins, Peter J.'}","200","1","","","","","Independent Research (.25, .5, 1.0)","","297","","True","permission of the instructor.","S","3","O","20263","Independent Research","Research","2026"
"0000170776","1.0","0000031450","CHEM","Independent research is offered for students dedicated to an in-depth research experience. Emphasis is placed on the iterative process of experimentation and analysis. The course requires a faculty supervisor, who will make the decision as to which credit level is appropriate. May be taken more than once. Pass or No Pass (P/N) only (may not be taken for a grade). Offered each term. Prerequisite: permission of the instructor.","0","0","0","0","0","","Brezny, Anna","{'fsnum': '33949', 'name': 'Brezny, Anna'}","200","1","","","","","Independent Research (.25, .5, 1.0)","","297","","True","permission of the instructor.","T","3","O","20263","Independent Research","Research","2026"
"0000170777","1.0","0000031450","CHEM","Independent research is offered for students dedicated to an in-depth research experience. Emphasis is placed on the iterative process of experimentation and analysis. The course requires a faculty supervisor, who will make the decision as to which credit level is appropriate. May be taken more than once. Pass or No Pass (P/N) only (may not be taken for a grade). Offered each term. Prerequisite: permission of the instructor.","0","0","0","0","0","","Marlier, Elodie","{'fsnum': '22843', 'name': 'Marlier, Elodie'}","200","1","","","","","Independent Research (.25, .5, 1.0)","","297","","True","permission of the instructor.","U","3","O","20263","Independent Research","Research","2026"
"0000170778","1.0","0000031450","CHEM","Independent research is offered for students dedicated to an in-depth research experience. Emphasis is placed on the iterative process of experimentation and analysis. The course requires a faculty supervisor, who will make the decision as to which credit level is appropriate. May be taken more than once. Pass or No Pass (P/N) only (may not be taken for a grade). Offered each term. Prerequisite: permission of the instructor.","0","0","0","0","0","","Muth, Greg W.","{'fsnum': '14961', 'name': 'Muth, Greg W.'}","200","1","","","","","Independent Research (.25, .5, 1.0)","","297","","True","permission of the instructor.","V","3","O","20263","Independent Research","Research","2026"
"0000170779","1.0","0000031450","CHEM","Independent research is offered for students dedicated to an in-depth research experience. Emphasis is placed on the iterative process of experimentation and analysis. The course requires a faculty supervisor, who will make the decision as to which credit level is appropriate. May be taken more than once. Pass or No Pass (P/N) only (may not be taken for a grade). Offered each term. Prerequisite: permission of the instructor.","0","0","0","0","0","","Joiner, Cassie M.","{'fsnum': '32114', 'name': 'Joiner, Cassie M.'}","200","1","","","","","Independent Research (.25, .5, 1.0)","","297","","True","permission of the instructor.","W","3","O","20263","Independent Research","Research","2026"
"0000170780","1.0","0000031450","CHEM","Independent research is offered for students dedicated to an in-depth research experience. Emphasis is placed on the iterative process of experimentation and analysis. The course requires a faculty supervisor, who will make the decision as to which credit level is appropriate. May be taken more than once. Pass or No Pass (P/N) only (may not be taken for a grade). Offered each term. Prerequisite: permission of the instructor.","0","0","0","0","0","","Schwinefus, Jeff J.","{'fsnum': '14915', 'name': 'Schwinefus, Jeff J.'}","200","1","","","","","Independent Research (.25, .5, 1.0)","","297","","True","permission of the instructor.","X","3","O","20263","Independent Research","Research","2026"
"0000171050","0.25","0000000206","CHEM","Students perform experiments that illustrate the principles of physical chemistry and utilize modern instrumentation. Students characterize the thermodynamic properties of a biopolymer, perform spectroscopic measurements of molecular energy levels, calculate quantum mechanical quantities using computer workstations, and investigate the thermodynamics and kinetics of chemical reactions. Students also develop their scientific writing skills by preparing reports in the style of scientific publications. Students attend one four-hour laboratory per week. P/N only. Offered each semester. Prerequisite: concurrent registration in CHEM 371.","0","0","0","0","0","","Schwinefus, Jeff J.","{'fsnum': '14915', 'name': 'Schwinefus, Jeff J.'}","300","14","","","","","Physical Lab","","357","{'day': 'Mo', 'end': '17:00', 'location': 'RNS 392', 'start': '13:00'}","True","concurrent registration in CHEM 371.","A","3","O","20263","Physical Laboratory","Lab","2026"
"0000171049","0.25","0000000206","CHEM","Students perform experiments that illustrate the principles of physical chemistry and utilize modern instrumentation. Students characterize the thermodynamic properties of a biopolymer, perform spectroscopic measurements of molecular energy levels, calculate quantum mechanical quantities using computer workstations, and investigate the thermodynamics and kinetics of chemical reactions. Students also develop their scientific writing skills by preparing reports in the style of scientific publications. Students attend one four-hour laboratory per week. P/N only. Offered each semester. Prerequisite: concurrent registration in CHEM 371.","0","0","0","0","0","","Schwinefus, Jeff J.","{'fsnum': '14915', 'name': 'Schwinefus, Jeff J.'}","300","14","","","","","Physical Lab","","357","{'day': 'Tu', 'end': '15:45', 'location': 'RNS 392', 'start': '23:45'}","True","concurrent registration in CHEM 371.","B","3","O","20263","Physical Laboratory","Lab","2026"
"0000171048","1.0","0000000207","CHEM","Students delve further into the topics of kinetics, thermodynamics and atomic and molecular structure that were introduced in the first-year courses, with an emphasis on the mathematical aspects of chemistry. Specific topics include reaction mechanisms, the laws of thermodynamics, statistical thermodynamics, equilibrium, quantum mechanics, spectroscopy, and molecular orbital theory. Offered each semester. Prerequisites: CHEM 126 or permission of instructor and concurrent registration in CHEM 357; MATH 126 or MATH 128; previous completion of PHYS 124 or PHYS 130 is recommended.","0","0","0","0","0","IST","Schwinefus, Jeff J.","{'fsnum': '14915', 'name': 'Schwinefus, Jeff J.'}","300","28","","","","","Physical Chemistry","Students in Chem 371 must also register for Chem 357 lab.","371","{'day': 'Mo', 'end': '12:45', 'location': 'HH 501', 'start': '23:50'};{'day': 'We', 'end': '12:45', 'location': 'HH 501', 'start': '23:50'};{'day': 'Fr', 'end': '12:45', 'location': 'HH 501', 'start': '23:50'}","False","Prerequisites: CHEM 126 or permission of instructor and concurrent registration in CHEM 357; MATH 126 or MATH 128; previous completion of PHYS 124 or PHYS 130 is recommended.","","3","O","20263","","Research","2026"
"0000170656","0.25","0000000209","CHEM","This lab course is highly recommended to enhance the study of biochemistry and offers an opportunity to explore research in biochemistry and related fields. In this course, students will learn and use several standard biochemical techniques to address novel research questions. Emphasis is placed on experimental design and the collection, interpretation, and presentation of data. P/N only. Offered each semester. Requires previous or concurrent enrollment in Chem 379: Biochemistry I. Prerequisite: previous or concurrent registration in CHEM 379.","0","0","0","0","0","OEP","Listenberger, Laura","{'fsnum': '21061', 'name': 'Listenberger, Laura'}","300","12","0","","0","","Laboratory Research in Biochemistry","Requires completion of or concurrent enrollment in CHEM 379.","373","{'day': 'We', 'end': '17:00', 'location': 'TBA', 'start': '13:00'}","True","previous or concurrent registration in CHEM 379.","","3","O","20263","","Lab","2026"
"0000173465","0.25","0000043371","CHEM","This lab course offers an opportunity to explore research in inorganic and organometallic chemistry. In this course, students further develop their synthetic skills and use several characterization techniques at the intersection of multiple areas of synthetic chemistry. Emphasis is placed on documenting lab work, interpretation of results and presentation of data. P/N only. Offered alternate spring semesters. Prerequisites: CHEM 248, CHEM 254, and either CHEM 252 or CHEM 386.","0","0","0","0","0","OEP","Brezny, Anna;Marlier, Elodie;Gittins, Peter J.","{'fsnum': '33949', 'name': 'Brezny, Anna'};{'fsnum': '22843', 'name': 'Marlier, Elodie'};{'fsnum': '21144', 'name': 'Gittins, Peter J.'}","300","6","","","","","Inorganic & Materials Chemistry Lab","","376","{'day': 'Th', 'end': '16:50', 'location': 'TBA', 'start': '12:50'}","True","Prerequisites: CHEM 248, CHEM 254, and either CHEM 252 or CHEM 386.","","3","O","20263","Laboratory Research in Inorganic and Materials Chemistry","Lab","2026"
"0000170797","0.25","0000000213","CHEM","Students explore how instrumentation is used to study analytical applications, problem solving, and how people and instruments operate together to investigate chemical questions. Specific lab experiences include interfacing chemical instruments with computers and subsequent signal processing, mass spectrometry, electrochemistry, and various spectroscopic (AA, ICP, UV) and separation techniques. Students attend one four-hour laboratory per week. A laboratory robot is used for sample preparation and analysis. P/N only. Offered annually. Prerequisite: concurrent registration in CHEM 382.","0","0","0","0","0","","Beussman, Douglas J.","{'fsnum': '15745', 'name': 'Beussman, Douglas J.'}","300","6","","","","","Instr Analysis Lab","","378","{'day': 'Tu', 'end': '17:20', 'location': 'RNS 450', 'start': '13:20'}","True","concurrent registration in CHEM 382.","A","3","O","20263","Instrumental Analysis Laboratory","Lab","2026"
"0000170798","0.25","0000000213","CHEM","Students explore how instrumentation is used to study analytical applications, problem solving, and how people and instruments operate together to investigate chemical questions. Specific lab experiences include interfacing chemical instruments with computers and subsequent signal processing, mass spectrometry, electrochemistry, and various spectroscopic (AA, ICP, UV) and separation techniques. Students attend one four-hour laboratory per week. A laboratory robot is used for sample preparation and analysis. P/N only. Offered annually. Prerequisite: concurrent registration in CHEM 382.","0","0","0","0","0","","Beussman, Douglas J.","{'fsnum': '15745', 'name': 'Beussman, Douglas J.'}","300","6","","","","","Instr Analysis Lab","","378","{'day': 'We', 'end': '17:00', 'location': 'RNS 450', 'start': '13:00'}","True","concurrent registration in CHEM 382.","B","3","O","20263","Instrumental Analysis Laboratory","Lab","2026"
"0000170472","1.0","0000000214","CHEM","This course presents fundamental biological processes at the molecular level and serves as a general introduction to biochemistry. Topics include the structure and function of proteins, carbohydrates, lipids and nucleic acids, enzyme catalysis and regulation, bioenergetics and an introduction to carbohydrate metabolism. Subsequent enrollment in CHEM 385 is recommended for students desiring greater breadth and depth in the subject. Offered each semester. Prerequisite: CHEM 248.","0","0","0","0","0","IST","Muth, Greg W.","{'fsnum': '14961', 'name': 'Muth, Greg W.'}","300","38","","","","","Biochemistry I","","379","{'day': 'Mo', 'end': '10:00', 'location': 'RNS 290', 'start': '09:05'};{'day': 'We', 'end': '10:00', 'location': 'RNS 290', 'start': '09:05'};{'day': 'Fr', 'end': '10:00', 'location': 'RNS 290', 'start': '09:05'}","False","CHEM 248.","","3","O","20263","","Research","2026"
"0000170800","1.0","0000000217","CHEM","Students study how an instrument functions mechanically, mathematically, optically, and electronically, and then how its parts are linked together. Topics covered include basic electronics and computer interfacing, spectrophotometric instruments, mass spectrometers, electrochemical instrumentation, and various separation methods. Offered annually. Prerequisites: CHEM 255 and CHEM 256; previous or concurrent enrollment in PHYS 125 or PHYS 131 is recommended; concurrent registration in CHEM 378 is required.","0","0","0","0","0","","Beussman, Douglas J.","{'fsnum': '15745', 'name': 'Beussman, Douglas J.'}","300","12","","","","","Instrumental Analysis","","382","{'day': 'Mo', 'end': '11:40', 'location': 'TBA', 'start': '10:45'};{'day': 'We', 'end': '11:40', 'location': 'TBA', 'start': '10:45'};{'day': 'Fr', 'end': '11:40', 'location': 'TBA', 'start': '10:45'}","False","Prerequisites: CHEM 255 and CHEM 256; previous or concurrent enrollment in PHYS 125 or PHYS 131 is recommended; concurrent registration in CHEM 378 is required.","","3","O","20263","","Research","2026"
"0000172146","1.0","0000000218","CHEM","This course builds depth of biochemical understanding upon the foundation laid in CHEM 379. Contents may include selected topics in catabolic and anabolic metabolism, integration and regulation of metabolism, photosynthesis and biochemical genetics. In addition, students will gain experience with the primary literature. Prerequisite: CHEM 379.","0","0","0","0","0","","Kerr, Evan W.","{'fsnum': '9005182', 'name': 'Kerr, Evan W.'}","300","12","","","","","Biochemistry II","","385","{'day': 'Tu', 'end': '13:10', 'location': 'TBA', 'start': '23:45'};{'day': 'Th', 'end': '14:05', 'location': 'TBA', 'start': '12:45'}","False","CHEM 379.","","3","O","20263","","Research","2026"
"0000172147","1.0","0000019352","CHEM","This course provides a comprehensive research opportunity, including an introduction to relevant background material, technical instruction, identification of a meaningful project, and data collection. The topic is determined by the faculty member in charge of the course and may relate to his/her research interests. Offered at the discretion of the department. May be offered as a 1.00 credit course or .50 credit course. Prerequisite: determined by individual instructor.","0","0","0","0","0","OEP","Thompson, Rebecca","{'fsnum': '9005106', 'name': 'Thompson, Rebecca'}","300","6","","","","","Research:","Enrolls by permission of the instructor.","396","","False","determined by individual instructor.","A","3","O","20263","Directed Undergraduate Research","Research","2026"
"0000172148","1.0","0000019352","CHEM","This course provides a comprehensive research opportunity, including an introduction to relevant background material, technical instruction, identification of a meaningful project, and data collection. The topic is determined by the faculty member in charge of the course and may relate to his/her research interests. Offered at the discretion of the department. May be offered as a 1.00 credit course or .50 credit course. Prerequisite: determined by individual instructor.","0","0","0","0","0","OEP","Cruz-Reyes, Maetzin","{'fsnum': '35099', 'name': 'Cruz-Reyes, Maetzin'}","300","3","","","","","Research:","Enrolls by permission of instructor.","396","","False","determined by individual instructor.","B","3","O","20263","Directed Undergraduate Research","Research","2026"
"0000172556","1.0","0000019352","CHEM","This course provides a comprehensive research opportunity, including an introduction to relevant background material, technical instruction, identification of a meaningful project, and data collection. The topic is determined by the faculty member in charge of the course and may relate to his/her research interests. Offered at the discretion of the department. May be offered as a 1.00 credit course or .50 credit course. Prerequisite: determined by individual instructor.","0","0","0","0","0","OEP","Muth, Greg W.","{'fsnum': '14961', 'name': 'Muth, Greg W.'}","300","3","","","","","Research: Natural Products","Enrolls by permission of the instructor.","396","","False","determined by individual instructor.","C","3","O","20263","Directed Undergraduate Research","Research","2026"
"0000170449","1.0","0000000239","CHIN","Second semester of the two elementary courses, designed for those who have completed CHIN 111 or with equivalent backgrounds. It aims to further develop basic Mandarin skills, such as speaking, listening, reading, writing, and knowledge of Chinese culture and society. Students should achieve the Novice High to Intermediate Low level on the ACTFL proficiency scale, identifying about 300 characters upon completion of this course. Students attend three classes and one laboratory weekly. Offered annually in the spring semester. Prerequisite: CHIN 111 or placement.","0","0","0","0","0","","Zhou, Ying","{'fsnum': '26220', 'name': 'Zhou, Ying'}","100","20","","","","","Beginning Chinese II","Students in CHIN 112A must also register for CHIN 112 Lab.","112","{'day': 'Mo', 'end': '12:45', 'location': 'TBA', 'start': '23:50'};{'day': 'We', 'end': '12:45', 'location': 'TBA', 'start': '23:50'};{'day': 'Fr', 'end': '12:45', 'location': 'TBA', 'start': '23:50'}","False","CHIN 111 or placement.","A","3","O","20263","","Research","2026"
"0000170450","1.0","0000000239","CHIN","Second semester of the two elementary courses, designed for those who have completed CHIN 111 or with equivalent backgrounds. It aims to further develop basic Mandarin skills, such as speaking, listening, reading, writing, and knowledge of Chinese culture and society. Students should achieve the Novice High to Intermediate Low level on the ACTFL proficiency scale, identifying about 300 characters upon completion of this course. Students attend three classes and one laboratory weekly. Offered annually in the spring semester. Prerequisite: CHIN 111 or placement.","0","0","0","0","0","","Zhou, Ying","{'fsnum': '26220', 'name': 'Zhou, Ying'}","100","24","","","","","Beginning Chinese II","Students in CHIN 112B must also register for CHIN 112 lab.","112","{'day': 'Mo', 'end': '13:50', 'location': 'TBA', 'start': '12:55'};{'day': 'We', 'end': '13:50', 'location': 'TBA', 'start': '12:55'};{'day': 'Fr', 'end': '13:50', 'location': 'TBA', 'start': '12:55'}","False","CHIN 111 or placement.","B","3","O","20263","","Research","2026"
"0000172231","","0000000240","CHIN","","0","0","0","0","0","","Staff","{'fsnum': '', 'name': 'Staff'}","100","20","","","","","Beginning Chinese II Lab","","112","{'day': 'Tu', 'end': '14:45', 'location': 'TBA', 'start': '13:20'}","False","","B","3","O","20263","","Lab","2026"
"0000170451","","0000000240","CHIN","","0","0","0","0","0","","Staff","{'fsnum': '', 'name': 'Staff'}","100","20","","","","","Beginning Chinese II Lab","Chinese labs meeting times are now flexible and will be determined by the       ;availability of the leaders and students.","112","{'day': 'Tu', 'end': '13:10', 'location': 'TBA', 'start': '23:45'}","False","","A","3","O","20263","","Lab","2026"
"0000170820","1.0","0000000243","CHIN","This course is for students who have successfully completed CHIN 231 or students with equivalent previous Chinese learning experiences. It aims to further enhance students' proficiency in all four language skills (speaking, listening, reading, and writing) as well as knowledge of various Chinese communities and cross-cultural communications. Students should achieve the Intermediate Medium/High level on the ACTFL proficiency scale. Students attend three classes and one laboratory weekly. Offered annually in the spring semester. Prerequisite: CHIN 231 or placement.","0","0","0","0","0","FOL-C;WLC","Shih, Hsiang-Lin","{'fsnum': '25327', 'name': 'Shih, Hsiang-Lin'}","200","20","","","","","Intermed Chinese II","Students in Chinese 232A must also register for Chinese 232 lab.","232","{'day': 'Mo', 'end': '12:45', 'location': 'TBA', 'start': '23:50'};{'day': 'We', 'end': '12:45', 'location': 'TBA', 'start': '23:50'};{'day': 'Fr', 'end': '12:45', 'location': 'TBA', 'start': '23:50'}","False","CHIN 231 or placement.","A","3","O","20263","Intermediate Chinese II","Research","2026"
"0000172232","","0000000244","CHIN","","0","0","0","0","0","","Staff","{'fsnum': '', 'name': 'Staff'}","200","20","","","","","Intermed Chinese II Lab","","232","{'day': 'Th', 'end': '15:35', 'location': 'TBA', 'start': '14:15'}","False","","B","3","O","20263","","Lab","2026"
"0000170822","","0000000244","CHIN","","0","0","0","0","0","","Staff","{'fsnum': '', 'name': 'Staff'}","200","20","","","","","Intermed Chinese II Lab","Chinese labs meeting times are now flexible and will be determined by the       ;availability of the leaders and the registered students.","232","{'day': 'Th', 'end': '14:05', 'location': 'TBA', 'start': '12:45'}","False","","A","3","O","20263","","Lab","2026"
"0000171279","1.0","0000000246","CHIN","This course provides continued practice in speaking, reading, and writing at the third year-level. Our text introduces students to Chinese geography and history and modern written style. Conducted entirely in Chinese. Offered annually in the spring semester. Prerequisite: CHIN 301 or placement.","0","0","0","0","0","FOL-C;WLC","Bi, Hui","{'fsnum': '25359', 'name': 'Bi, Hui'}","300","20","","","","","Third-Year Chinese II","Please note the recent time change.","302","{'day': 'Mo', 'end': '13:50', 'location': 'TBA', 'start': '12:55'};{'day': 'We', 'end': '13:50', 'location': 'TBA', 'start': '12:55'};{'day': 'Fr', 'end': '13:50', 'location': 'TBA', 'start': '12:55'}","False","CHIN 301 or placement.","","3","O","20263","","Research","2026"
"0000170558","1.0","0000021396","CHIN","This advanced Chinese language course aims to develop students' language proficiency and introduce students to various aspects of contemporary Chinese social life and culture. Course materials include films with excerpts of written scripts, newspapers, television, and essays related to the unit topics. Classroom activities include lectures, language drills, discussions, debates, presentations, and performances. Taught in Chinese. Offered annually. Prerequisite: CHIN 302 or placement.","0","0","0","0","0","","Bi, Hui","{'fsnum': '25359', 'name': 'Bi, Hui'}","300","18","","","","","Chinese Lang/Soc/Media","","351","{'day': 'Mo', 'end': '14:55', 'location': 'TBA', 'start': '14:00'};{'day': 'We', 'end': '14:55', 'location': 'TBA', 'start': '14:00'};{'day': 'Fr', 'end': '14:55', 'location': 'TBA', 'start': '14:00'}","False","CHIN 302 or placement.","","3","O","20263","Chinese Language and Society through the Media","Research","2026"
"0000171811","1.0","0000034972","CLASS","This course explores life, death, and entertainment in the ancient world, particularly Rome. Students focus especially on how and why people take part in sporting events and on how sport intersected with gender, social class, and economics. Topics include the history of sport, enslavement and marginal groups, demography, gladiatorial events, and entertainment and politics. The primary focus of the course is the interpretation of ancient sources, but students also evaluate modern views of ancient entertainment. Offered periodically in the fall or the spring semester.","0","0","0","0","0","GHS;HWC","Steed, Kathryn L.","{'fsnum': '31163', 'name': 'Steed, Kathryn L.'}","200","25","","","","","Sports in the Ancient World","","260","{'day': 'Tu', 'end': '13:10', 'location': 'TBA', 'start': '23:45'};{'day': 'Th', 'end': '14:05', 'location': 'TBA', 'start': '12:45'}","False","False","","3","O","20263","Sports and Recreation in the Ancient World","Research","2026"
"0000171812","1.0","0000038370","CLASS","This course combines close study of ancient texts (in English translation) with wide-ranging discussions of literary, historical, and cultural questions. Students have the opportunity to read selections from one or more genres of Greek and/or Latin literature while exploring a topic chosen by the instructor. Analytical writing assignments lead to a deeper understanding of the creative process and encourage thoughtful reflection on the re-creating and repurposing of the original texts by later authors and artists. Offered annually in the spring semester. Satisfies WIM for ancient studies, classics, Greek, and Latin majors. Prerequisite: WAC (any course satisfying Writing Across the Curriculum) or permission of instructor.","0","0","0","0","0","ALS-L;CRE;WRI","Merrill, Frances","{'fsnum': '9006334', 'name': 'Merrill, Frances'}","300","25","","","","","Topics in Classical Studies","","370","{'day': 'Tu', 'end': '14:45', 'location': 'TBA', 'start': '13:20'};{'day': 'Th', 'end': '15:35', 'location': 'TBA', 'start': '14:15'}","False","WAC (any course satisfying Writing Across the Curriculum) or permission of instructor.","","3","O","20263","","Research","2026"
"0000171084","1.0","0000000287","CSCI","This course introduces students to computer science (CS), a field devoted to creative problem solving with computers, and its applications to other disciplines. Students explore fundamental concepts, including iteration, recursion, object-oriented software design, algorithm efficiency, levels of naming, and computing ethics. Students apply these concepts daily in hands-on homework exercises relevant to fields in the arts, humanities (including digital humanities computations), social sciences, and natural sciences. Includes a team project applying CS to a chosen discipline. No prior experience with programming is expected or required. Offered each semester. One of CSCI 121, CSCI 125, or CSCI 251 counts toward applied linguistics concentration.","0","0","0","0","0","AQR;MAR;QCR","Drake, Daniel","{'fsnum': '9006346', 'name': 'Drake, Daniel'}","100","24","","","","","Principles Comp Sci","","121","{'day': 'Mo', 'end': '10:00', 'location': 'TBA', 'start': '09:05'};{'day': 'We', 'end': '10:00', 'location': 'TBA', 'start': '09:05'};{'day': 'Fr', 'end': '10:00', 'location': 'TBA', 'start': '09:05'}","False","False","A","3","O","20263","Principles of Computer Science","Research","2026"
"0000171083","1.0","0000000287","CSCI","This course introduces students to computer science (CS), a field devoted to creative problem solving with computers, and its applications to other disciplines. Students explore fundamental concepts, including iteration, recursion, object-oriented software design, algorithm efficiency, levels of naming, and computing ethics. Students apply these concepts daily in hands-on homework exercises relevant to fields in the arts, humanities (including digital humanities computations), social sciences, and natural sciences. Includes a team project applying CS to a chosen discipline. No prior experience with programming is expected or required. Offered each semester. One of CSCI 121, CSCI 125, or CSCI 251 counts toward applied linguistics concentration.","0","0","0","0","0","AQR;MAR;QCR","Mandery, Kim","{'fsnum': '34040', 'name': 'Mandery, Kim'}","100","24","","","","","Principles Comp Sci","","121","{'day': 'Tu', 'end': '11:00', 'location': 'TBA', 'start': '09:35'};{'day': 'Th', 'end': '10:50', 'location': 'TBA', 'start': '09:30'}","False","False","B","3","O","20263","Principles of Computer Science","Research","2026"
"0000171981","1.0","0000034973","CSCI","Students explore special topics in computer science. Topics may vary from year-to-year. May be repeated if topics are different. Offered periodically. Prerequisite: permission of instructor.","0","0","0","0","0","","Lynn, Melissa K.","{'fsnum': '35039', 'name': 'Lynn, Melissa K.'}","200","20","","","","","Top: Front-End Web Development","Prerequisite: CSCI 251.","200","{'day': 'Mo', 'end': '14:55', 'location': 'TBA', 'start': '14:00'};{'day': 'We', 'end': '14:55', 'location': 'TBA', 'start': '14:00'};{'day': 'Fr', 'end': '14:55', 'location': 'TBA', 'start': '14:00'}","False","permission of instructor.","","3","O","20263","Topics in Computer Science","Topic","2026"
"0000170857","1.0","0000036262","CSCI","This course introduces students to the C++ programming language and common data structures. Students develop their understanding of how machines store and operate on data, down to the individual bits. Students learn about storage space and run-time requirements of common data structures, including stacks, queues, linked lists, and trees. Combined with their deeper understanding of how the computer processes data, students analyze programs for efficiency and to apply the right data structure for specific scenarios. Offered each semester. Prerequisite: CSCI 121 or CSCI 125 or PHYS 130 or permission of instructor.","0","0","0","0","0","","Lynn, Melissa K.","{'fsnum': '35039', 'name': 'Lynn, Melissa K.'}","200","24","","3","10","3","Intro to Data Structures in C++","This course has class-year limits.","221","{'day': 'Mo', 'end': '12:45', 'location': 'TBA', 'start': '23:50'};{'day': 'We', 'end': '12:45', 'location': 'TBA', 'start': '23:50'};{'day': 'Fr', 'end': '12:45', 'location': 'TBA', 'start': '23:50'}","False","CSCI 121 or CSCI 125 or PHYS 130 or permission of instructor.","","3","O","20263","Introduction to Data Structures in C++","Research","2026"
"0000170716","1.0","0000000291","CSCI","This course explores computer hardware and how the code we write uses it, taught through in-class labs and daily assignments. Topics include an introduction to computer systems, computer organization and architecture, the component-level design of computer hardware, forms of parallelism, machine-level implementation of programming language features, memory organization, logic circuits, data representation, assembly programming, and a brief introduction to networking and cloud computing. Offered each semester. Prerequisite: CSCI 221 or permission of instructor.","0","0","0","0","0","","Fyfe, Charles A.","{'fsnum': '18425', 'name': 'Fyfe, Charles A.'}","200","24","","20","","4","Hardware Design","Prerequisite: CSCI 221.                                                         ;This course has class-year limits.","241","{'day': 'Tu', 'end': '11:00', 'location': 'RNS 203', 'start': '09:35'};{'day': 'Th', 'end': '10:50', 'location': 'RNS 203', 'start': '09:30'}","False","CSCI 221 or permission of instructor.","","3","O","20263","","Research","2026"
"0000171222","1.0","0000000292","CSCI","This course provides an introduction to the structure and creation of computer software, using the C++ programming language and emphasizing object-oriented programming and structured collaborative software-development methodology. Concepts and skills are applied in a substantial multi-week team project. Topics include object-oriented programming, specification, programmed memory management, indirect addressing, tools including team software process, software design strategies, and elementary ethical analysis of software systems. Offered each semester. Prerequisite: CSCI 221 or permission of instructor.","0","0","0","0","0","","Hall-Holt, Olaf A.","{'fsnum': '16583', 'name': 'Hall-Holt, Olaf A.'}","200","24","","4","","0","Software Design","Prerequisite:  CSCI 221.                                                        ;This course has class-year limits.","251","{'day': 'Mo', 'end': '10:00', 'location': 'RNS 203', 'start': '09:05'};{'day': 'We', 'end': '10:00', 'location': 'RNS 203', 'start': '09:05'};{'day': 'Fr', 'end': '10:00', 'location': 'RNS 203', 'start': '09:05'}","False","CSCI 221 or permission of instructor.","","3","O","20263","Software Design and Implementation","Research","2026"
"0000170645","1.0","0000000295","CSCI","The software we design has real effects in people's lives. This course explores the ethical and social considerations inherent in computer-based systems, develops skills in thinking about those considerations and in collecting data to determine their effects, and expands students' abilities to integrate these issues and skills into software development procedures. Coursework uses case studies and surveys topics such as professional and ethical responsibilities, risk, liability, intellectual property, privacy, computer crime, and AI ethics. Offered each semester. Prerequisite: CSCI 251 or permission of instructor.","0","0","0","0","0","EIN;ERC;OEP;ORC;WRI","Drake, Daniel","{'fsnum': '9006346', 'name': 'Drake, Daniel'}","200","20","","","","","Ethical Issues in Software Design","Prerequisite: CSCI 251.","263","{'day': 'Mo', 'end': '11:40', 'location': 'TBA', 'start': '10:45'};{'day': 'We', 'end': '11:40', 'location': 'TBA', 'start': '10:45'};{'day': 'Fr', 'end': '11:40', 'location': 'TBA', 'start': '10:45'}","False","CSCI 251 or permission of instructor.","","3","O","20263","","Research","2026"
"0000171982","1.0","0000000296","CSCI","This course examines the features of modern operating systems, including detailed consideration of Linux and other example systems. Projects range from system-level programming and multithreaded network programming to kernel modifications. Topics include operating system principles, implementation as system calls, process scheduling and dispatch, concurrency, inter-process communication, programming with threads and sockets, low-level memory management, device management, file systems, security and protection mechanisms, virtual machines, and kernel programming. Offered periodically. Prerequisites: completion of or concurrent enrollment in CSCI 241 and CSCI 251, or permission of instructor.","0","0","0","0","0","","Leeson, Will E.","{'fsnum': '9002459', 'name': 'Leeson, Will E.'}","200","20","","","","","Operating Systems","Prerequisite: CSCI 241.","273","{'day': 'Mo', 'end': '08:55', 'location': 'TBA', 'start': '08:00'};{'day': 'We', 'end': '08:55', 'location': 'TBA', 'start': '08:00'};{'day': 'Fr', 'end': '08:55', 'location': 'TBA', 'start': '08:00'}","False","Prerequisites: completion of or concurrent enrollment in CSCI 241 and CSCI 251, or permission of instructor.","","3","O","20263","","Research","2026"
"0000171278","1.0","0000000290","CSCI","Students learn about formal languages, automata, and other topics concerned with the theoretical basis and limitations of computation. The course covers automata theory including regular languages and context-free languages, computability theory, complexity theory including classes P and NP, and cryptographic algorithms. Offered periodically. Prerequisite: a proof writing course (such as MATH 234, MATH 244, or MATH 252) and computer science major or permission of instructor.","0","0","0","0","0","","Wright, Matthew","{'fsnum': '27194', 'name': 'Wright, Matthew'}","300","20","","","","","Theory of Computation","","333","{'day': 'Tu', 'end': '13:10', 'location': 'TBA', 'start': '23:45'};{'day': 'Th', 'end': '14:05', 'location': 'TBA', 'start': '12:45'}","False","a proof writing course (such as MATH 234, MATH 244, or MATH 252) and computer science major or permission of instructor.","","3","O","20263","","Research","2026"
"0000170406","1.0","0000036266","CSCI","This course surveys standard topics in the study of algorithms, with an emphasis on complexity analysis and implementation experience. Topics include asymptotic analysis, searching and sorting, divide and conquer, basic graph algorithms, greedy algorithms, dynamic programming, and NP-complete problems. Offered each semester. Prerequisites: MATH 234 and CSCI 251, or consent of the instructor.","0","0","0","0","0","","Hall-Holt, Olaf A.","{'fsnum': '16583', 'name': 'Hall-Holt, Olaf A.'}","300","18","","","","","Analysis of Algorithms","Prerequisite: CSCI 251 and Math 234.","353","{'day': 'Mo', 'end': '13:50', 'location': 'TBA', 'start': '12:55'};{'day': 'We', 'end': '13:50', 'location': 'TBA', 'start': '12:55'};{'day': 'Fr', 'end': '13:50', 'location': 'TBA', 'start': '12:55'}","False","Prerequisites: MATH 234 and CSCI 251, or consent of the instructor.","","3","O","20263","","Research","2026"
"0000170684","1.0","0000037459","CSCI","Artificial intelligence is an extremely broad field in which the overarching goal is the creation of an autonomous agent with human-level capabilities. Students study the fundamental algorithms and techniques used to create agents with varying degrees of autonomy and function, including search algorithms, first-order logic, Bayesian networks and simple neural networks. Students learn how to represent problems for specific techniques, and how to select the best technique for a given problem. Offered annually. Prerequisites: CSCI 251 and MATH 234, or permission of instructor.","0","0","0","0","0","","Leeson, Will E.","{'fsnum': '9002459', 'name': 'Leeson, Will E.'}","300","20","","","","","Foundations of A.I.","Prerequisite: CSCI 251 and Math 234.","379","{'day': 'Tu', 'end': '09:25', 'location': 'RNS 202', 'start': '08:00'};{'day': 'Th', 'end': '09:20', 'location': 'RNS 202', 'start': '08:00'}","False","Prerequisites: CSCI 251 and MATH 234, or permission of instructor.","","3","O","20263","Foundations of Artificial Intelligence","Research","2026"
"0000170442","0.25","0000000347","DANCE","Ballroom classes are taught from a social and aesthetic perspective. In this course, students learn fundamental steps, rhythms, and styling in foxtrot, slow waltz, east coast swing, and cha cha. May be repeated with permission of instructor. P/N only. Offered each semester.","0","0","0","0","0","ACB;ALS-A;PHA;SPM","Kraabel, Ella","{'fsnum': '9005388', 'name': 'Kraabel, Ella'}","100","20","","","","","Ballroom I","This section is for Leads.","106","{'day': 'Tu', 'end': '11:00', 'location': 'CAD Studio 1', 'start': '10:05'};{'day': 'Th', 'end': '10:50', 'location': 'CAD Studio 1', 'start': '09:55'}","True","False","A","3","O","20263","","Research","2026"
"0000170443","0.25","0000000347","DANCE","Ballroom classes are taught from a social and aesthetic perspective. In this course, students learn fundamental steps, rhythms, and styling in foxtrot, slow waltz, east coast swing, and cha cha. May be repeated with permission of instructor. P/N only. Offered each semester.","0","0","0","0","0","ACB;ALS-A;PHA;SPM","Kraabel, Ella","{'fsnum': '9005388', 'name': 'Kraabel, Ella'}","100","20","","","","","Ballroom I","This section is for Follows.","106","{'day': 'Tu', 'end': '11:00', 'location': 'CAD Studio 1', 'start': '10:05'};{'day': 'Th', 'end': '10:50', 'location': 'CAD Studio 1', 'start': '09:55'}","True","False","B","3","O","20263","","Research","2026"
"0000171298","0.25","0000030304","DANCE","Students explore dance genres that embody a strong rhythmic foundation. They experience rhythmic pattern as an organizing principle for the human body, an expressive capacity, and a social connector. Students investigate the cultural and social milieu from which dance genres emerge. Dance genres could include, hip hop, West African, Asian, and Caribbean dance forms, tap dance, or jazz dance. May be repeated. P/N only. Offered each semester.","0","0","0","0","0","ACB;ALS-A;SPM","Bangoura, Fode;McClusky, Whitney","{'fsnum': '35136', 'name': 'Bangoura, Fode'};{'fsnum': '35149', 'name': 'McClusky, Whitney'}","100","21","","","","","Top: Beginning West African Dance","","107","{'day': 'Tu', 'end': '12:45', 'location': 'CAD Studio 2', 'start': '23:50'};{'day': 'Th', 'end': '13:40', 'location': 'CAD Studio 2', 'start': '12:45'}","True","False","","3","O","20263","Topics in Rhythm in Dance","Topic","2026"
"0000172479","0.25","0000000349","DANCE","International dance classes emphasize dance in its varied cultural contexts. This course surveys vernacular/community dance from around the world with emphasis on European and Near Eastern forms. May be repeated. P/N only. Ticket/transportation fee required. Offered annually.","0","0","0","0","0","ACB;ALS-A;PHA;SPM","Conger, Andrea C.","{'fsnum': '28107', 'name': 'Conger, Andrea C.'}","100","17","","","","","International Dance I","","109","{'day': 'Tu', 'end': '14:55', 'location': 'TBA', 'start': '14:00'};{'day': 'Th', 'end': '15:35', 'location': 'TBA', 'start': '14:40'}","True","False","","3","O","20263","International Dance I: A Survey","Research","2026"
"0000170974","0.25","0000000351","DANCE","This course introduces modern dance as a style of dance and a dance aesthetic. It explores at a beginning level a range of movement vocabulary, body awareness, and creative process. Teaching faculty bring their individual movement backgrounds to the class content. May be repeated. P/N only. Offered each semester.","0","0","0","0","0","ACB;ALS-A;PHA;SPM","Evans, Brian J.","{'fsnum': '9005198', 'name': 'Evans, Brian J.'}","100","28","","","","","Modern Dance I","","111","{'day': 'Mo', 'end': '11:40', 'location': 'TBA', 'start': '10:45'};{'day': 'Fr', 'end': '11:40', 'location': 'TBA', 'start': '10:45'}","True","False","","3","O","20263","","Research","2026"
"0000170720","0.25","0000032554","DANCE","This course explores the dance techniques of Party Dances, which began being termed ""Hip Hop"" dance in the 1980s. As a transformation of styles with Africanist parentage, this course focuses on the rhythm and groove embedded by the New York beginnings of proper Hip Hop. The course exposes students to the influence of Hip Hop on various cultures through the study of Party Dances and urban styles from New York to California, 1980s to now. May be repeated. P/N only. Offered each semester.","0","0","0","0","0","ACB;ALS-A;SPM","Yang, Karen","{'fsnum': '36053', 'name': 'Yang, Karen'}","100","28","","","","","Hip Hop I","","113","{'day': 'Mo', 'end': '21:00', 'location': 'CAD Studio 1', 'start': '19:00'}","True","False","","3","O","20263","","Research","2026"
"0000171320","0.25","0000030305","DANCE","Students learn special topics in dance in a movement intensive environment. Students study the historical, social, and cultural context in which the dance topic emerged and currently functions and the physical and expressive capacities that distinguish it from other forms. Dance topics could include somatics, Gaga, contact improvisation, yoga, partnering, or aerial dance. Topics may vary from year to year. May be repeated. P/N only. Offered each semester. No prerequisite.","0","0","0","0","0","ACB;SPM","Bangoura, Fode;McClusky, Whitney","{'fsnum': '35136', 'name': 'Bangoura, Fode'};{'fsnum': '35149', 'name': 'McClusky, Whitney'}","100","28","","","","","Top: Intermed West African Dance","","141","{'day': 'Tu', 'end': '14:45', 'location': 'CAD Studio 1', 'start': '13:20'};{'day': 'Th', 'end': '15:35', 'location': 'CAD Studio 1', 'start': '14:15'}","True","False","A","3","O","20263","Topics in Movement Studies in Dance","Topic","2026"
"0000171321","0.25","0000030305","DANCE","Students learn special topics in dance in a movement intensive environment. Students study the historical, social, and cultural context in which the dance topic emerged and currently functions and the physical and expressive capacities that distinguish it from other forms. Dance topics could include somatics, Gaga, contact improvisation, yoga, partnering, or aerial dance. Topics may vary from year to year. May be repeated. P/N only. Offered each semester. No prerequisite.","0","0","0","0","0","ACB;SPM","Grotting, Karla","{'fsnum': '26263', 'name': 'Grotting, Karla'}","100","21","","","","","Top: Intermediate Jazz","Permission of instructor required.","141","{'day': 'Tu', 'end': '11:00', 'location': 'CAD Studio 2', 'start': '09:35'};{'day': 'Th', 'end': '10:50', 'location': 'CAD Studio 2', 'start': '09:30'}","True","False","B","3","O","20263","Topics in Movement Studies in Dance","Topic","2026"
"0000172233","1.0","0000000368","DANCE","Students learn, embody, and integrate elements of dance and film by engaging in the creative practice of making dance for the screen. Each student gains experience as a director, performer, videographer, editor, and critic in this collaborative learning community. Students discuss and analyze live movement studies, screen dances by peers and professionals, and relevant texts. Other technologies, such as 3D character animation and reactive/interactive technology, may be introduced. The class culminates with an evening public showing. Offered alternate years in the spring semester.","0","0","0","0","0","ALS-A;CRE","Johnson, Brianna R.","{'fsnum': '21558', 'name': 'Johnson, Brianna R.'}","100","16","","","","","Movement/Camera/Process","","150","{'day': 'Tu', 'end': '14:45', 'location': 'TBA', 'start': '13:20'};{'day': 'Th', 'end': '15:35', 'location': 'TBA', 'start': '14:15'}","False","False","","3","O","20263","Movement, the Camera, and the Creative Process","Research","2026"
"0000171376","","0000033667","DANCE","Veselica International Dance Ensemble introduces student performers and audiences to dance as a global art, expanding their awareness of the spectrum of dance forms and contexts in the world. Student performers develop skills by performing a variety of dance forms and experience the process of working together in an ensemble to create quality performances. Interested students can choreograph or stage international dance works, and members of the ensemble may also work with guest choreographers. The ensemble is open by audition to all students. P/N only. May be repeated.","0","0","0","0","0","","Conger, Andrea C.","{'fsnum': '28107', 'name': 'Conger, Andrea C.'}","100","15","","","","","Veselica Int'l Dance Ensemble","","170","","True","False","","3","O","20263","Veselica International Dance Ensemble","Research","2026"
"0000170577","","0000033666","DANCE","Companydance© is a student dance company offering a wide variety of performing opportunities. Companydance© strives to be inclusive and to accommodate the evolving interests, needs, and abilities of a broad spectrum of students (dance majors and non-majors), while encouraging student responsibility, creative collaboration, community building, and, of course, great dancing. To provide for the optimum growth and safety, each member is required to be concurrently enrolled in a dance movement-intensive class at an appropriate level. P/N only. May be repeated. Offered every semester.","0","0","0","0","0","","Klopchin, Heather J.","{'fsnum': '10044', 'name': 'Klopchin, Heather J.'}","100","30","","","","","Companydance","","180","","True","False","","3","O","20263","Companydance©","Research","2026"
"0000170976","0.5","0000000357","DANCE","Students expand their understanding of modern dance by building on the components of DANCE 111, adding attention to movement qualities, elements of space, dance vocabulary, and of technique with an emphasis on phrasing and sequencing movement. Some sections may also include a focus on performing skills. Open to majors and other students with instructor's permission. May require ticket/transportation fee. Offered each semester. Prerequisites: DANCE 111 and permission of instructor.","0","0","0","0","0","ACB;ALS-A;PHA;SPM","Johnson, Brianna R.","{'fsnum': '21558', 'name': 'Johnson, Brianna R.'}","200","5","","","","","Modern Dance II","Permission of instructor required.","210","{'day': 'Mo', 'end': '15:30', 'location': 'CAD Studio 1', 'start': '14:00'};{'day': 'We', 'end': '15:30', 'location': 'CAD Studio 1', 'start': '14:00'}","False","Prerequisites: DANCE 111 and permission of instructor.","","3","O","20263","","Research","2026"
"0000170975","0.25","0000000358","DANCE","Students expand their understanding of modern dance by building on the components of DANCE 111, adding attention to movement qualities, elements of space, dance vocabulary, and of technique with an emphasis on phrasing and sequencing movement. Some sections may also include a focus on performing skills. Open to majors and other students with instructor's permission. May require ticket/transportation fee. May be repeated. Offered each semester. Prerequisites: DANCE 111 and permission of instructor.","0","0","0","0","0","ACB;ALS-A;PHA;SPM","Johnson, Brianna R.","{'fsnum': '21558', 'name': 'Johnson, Brianna R.'}","200","20","","","","","Modern Dance II","Permission of instructor required.","211","{'day': 'Mo', 'end': '15:30', 'location': 'CAD Studio 1', 'start': '14:00'};{'day': 'We', 'end': '15:30', 'location': 'CAD Studio 1', 'start': '14:00'}","False","Prerequisites: DANCE 111 and permission of instructor.","","3","O","20263","","Research","2026"
"0000170440","0.5","0000000359","DANCE","This course offers an expansion of ballet vocabulary and technique with an emphasis on movement quality, clarity, and efficiency. Outside work includes practicing, reading, writing, and concert attendance. Open to majors and other students with instructor's permission. Offered each semester. Prerequisite: two terms of DANCE 121 or DANCE 130 or DANCE 131 or permission of the instructor.","0","0","0","0","0","ACB;ALS-A;PHA;SPM","Fellner, Stephanie","{'fsnum': '9002901', 'name': 'Fellner, Stephanie'}","200","1","","","","","Ballet II","","220","{'day': 'Tu', 'end': '09:25', 'location': 'CAD Studio 2', 'start': '08:00'};{'day': 'Th', 'end': '09:20', 'location': 'CAD Studio 2', 'start': '08:00'}","False","two terms of DANCE 121 or DANCE 130 or DANCE 131 or permission of the instructor.","","3","O","20263","","Research","2026"
"0000170441","0.25","0000000360","DANCE","This course offers an expansion of ballet vocabulary and technique with an emphasis on movement quality, clarity, and efficiency. Outside work includes practicing, reading, writing, and concert attendance. Open to majors and other students with instructor's permission. May be repeated. Offered each semester. Prerequisite: two terms of DANCE 121 or DANCE 130 or DANCE 131 or permission of the instructor.","0","0","0","0","0","ACB;ALS-A;PHA;SPM","Fellner, Stephanie","{'fsnum': '9002901', 'name': 'Fellner, Stephanie'}","200","20","","","","","Ballet II","","221","{'day': 'Tu', 'end': '09:25', 'location': 'CAD Studio 2', 'start': '08:00'};{'day': 'Th', 'end': '09:20', 'location': 'CAD Studio 2', 'start': '08:00'}","False","two terms of DANCE 121 or DANCE 130 or DANCE 131 or permission of the instructor.","","3","O","20263","","Research","2026"
"0000170599","1.0","0000000371","DANCE","Students trace and integrate the African American and European American dance traditions of the late 19th century, 20th century, and early 21st century. The course focuses on the theatrical dance genres of: ballet, modern, and jazz (includes tap and some musical theater dance) and also examines social dance as the predecessor of some theatrical dance genres. The course also attends to the economic, religious, political, and social forces that have affected the development of dance in the United States, particularly race, ethnicity, and gender and the intersection with other forms of structured inequality. Video examples supplement reading, live dance viewing, physical exploration, class lecture, mid-term and final exams, writing assignments, and discussion. No dance experience required. Ticket/transportation fee required. Offered annually in the spring semester.","0","0","0","0","0","ALS-A;MCD;MCS-D;PAR;WAC;WRI","Evans, Brian J.","{'fsnum': '9005198', 'name': 'Evans, Brian J.'}","200","20","","","","","Dance in United States","","246","{'day': 'Mo', 'end': '12:45', 'location': 'CAD 202', 'start': '23:50'};{'day': 'We', 'end': '12:45', 'location': 'CAD 202', 'start': '23:50'};{'day': 'Fr', 'end': '12:45', 'location': 'CAD 202', 'start': '23:50'}","False","False","","3","O","20263","Dance in the United States","Research","2026"
"0000170977","0.5","0000000362","DANCE","This course builds on the concepts and components of DANCE 111 Modern Dance I and DANCE 210 Modern Dance II and DANCE 211 Modern Dance II. Offered each semester. Prerequisite: DANCE 210 or DANCE 211 for at least two terms with two different instructors or permission of the instructor.","0","0","0","0","0","ACB;ALS-A;PHA;SPM","Evans, Brian J.","{'fsnum': '9005198', 'name': 'Evans, Brian J.'}","300","5","","","","","Modern III","Permission of instructor required.","310","{'day': 'Mo', 'end': '15:30', 'location': 'CAD Studio 2', 'start': '14:00'};{'day': 'We', 'end': '15:30', 'location': 'CAD Studio 2', 'start': '14:00'};{'day': 'Fr', 'end': '15:30', 'location': 'CAD Studio 2', 'start': '14:00'}","False","DANCE 210 or DANCE 211 for at least two terms with two different instructors or permission of the instructor.","","3","O","20263","","Research","2026"
"0000170978","0.25","0000000363","DANCE","This course builds on the concepts and components of DANCE 111 Modern Dance I and DANCE 210 Modern Dance II and DANCE 211 Modern Dance II. Offered each semester. Prerequisite: DANCE 210 or DANCE 211 for at least two terms with two different instructors or permission of the instructor.","0","0","0","0","0","ACB;ALS-A;PHA;SPM","Evans, Brian J.","{'fsnum': '9005198', 'name': 'Evans, Brian J.'}","300","17","","","","","Modern III","Permission of instructor required.","311","{'day': 'Mo', 'end': '15:30', 'location': 'CAD Studio 2', 'start': '14:00'};{'day': 'We', 'end': '15:30', 'location': 'CAD Studio 2', 'start': '14:00'};{'day': 'Fr', 'end': '15:30', 'location': 'CAD Studio 2', 'start': '14:00'}","False","DANCE 210 or DANCE 211 for at least two terms with two different instructors or permission of the instructor.","","3","O","20263","","Research","2026"
"0000170391","1.0","0000000376","DANCE","In this advanced analysis of principles and methods for creating dances, students survey current trends in dance performance as well as choreograph new works. Offered annually in the spring semester. Prerequisite: DANCE 231.","0","0","0","0","0","CRE","Klopchin, Heather J.","{'fsnum': '10044', 'name': 'Klopchin, Heather J.'}","300","16","","","","","Advanced Choreography","","374","{'day': 'Tu', 'end': '13:10', 'location': 'CAD Studio 1', 'start': '23:45'};{'day': 'Th', 'end': '14:05', 'location': 'CAD Studio 1', 'start': '12:45'}","False","DANCE 231.","","3","O","20263","","Research","2026"
"0000171091","1.0","0000000259","ECON","This course takes an analytical approach to economic reasoning and contemporary issues. The course introduces microeconomic and macroeconomic theories with applications to relevant topics, such as employment, growth, environmental protection, affirmative action, exchange rate fluctuations, taxes, and welfare reform. Students explore economics as an intelligent approach to understanding our daily lives as citizens, workers, managers and consumers. Offered each semester. This course does NOT count toward the economics major, but is the prerequisite for all higher-level economics courses.","0","0","0","0","0","HBS;QCR;SCS","Osell, Shawn A.","{'fsnum': '9002958', 'name': 'Osell, Shawn A.'}","100","25","","","","","Principles of Econ","","121","{'day': 'Tu', 'end': '09:25', 'location': 'RNS 210', 'start': '08:00'};{'day': 'Th', 'end': '09:20', 'location': 'RNS 210', 'start': '08:00'}","False","False","A","3","O","20263","Principles of Economics","Research","2026"
"0000171092","1.0","0000000259","ECON","This course takes an analytical approach to economic reasoning and contemporary issues. The course introduces microeconomic and macroeconomic theories with applications to relevant topics, such as employment, growth, environmental protection, affirmative action, exchange rate fluctuations, taxes, and welfare reform. Students explore economics as an intelligent approach to understanding our daily lives as citizens, workers, managers and consumers. Offered each semester. This course does NOT count toward the economics major, but is the prerequisite for all higher-level economics courses.","0","0","0","0","0","HBS;QCR;SCS","Braun, Noah M.","{'fsnum': '9002481', 'name': 'Braun, Noah M.'}","100","25","","","","","Principles of Econ","","121","{'day': 'Tu', 'end': '11:00', 'location': 'RNS 210', 'start': '09:35'};{'day': 'Th', 'end': '10:50', 'location': 'RNS 210', 'start': '09:30'}","False","False","B","3","O","20263","Principles of Economics","Research","2026"
"0000171088","1.0","0000000259","ECON","This course takes an analytical approach to economic reasoning and contemporary issues. The course introduces microeconomic and macroeconomic theories with applications to relevant topics, such as employment, growth, environmental protection, affirmative action, exchange rate fluctuations, taxes, and welfare reform. Students explore economics as an intelligent approach to understanding our daily lives as citizens, workers, managers and consumers. Offered each semester. This course does NOT count toward the economics major, but is the prerequisite for all higher-level economics courses.","0","0","0","0","0","HBS;QCR;SCS","Hisam, Kulsoom","{'fsnum': '9002505', 'name': 'Hisam, Kulsoom'}","100","25","","","","","Principles of Econ","","121","{'day': 'Mo', 'end': '10:00', 'location': 'TBA', 'start': '09:05'};{'day': 'We', 'end': '10:00', 'location': 'TBA', 'start': '09:05'};{'day': 'Fr', 'end': '10:00', 'location': 'TBA', 'start': '09:05'}","False","False","C","3","O","20263","Principles of Economics","Research","2026"
"0000171090","1.0","0000000259","ECON","This course takes an analytical approach to economic reasoning and contemporary issues. The course introduces microeconomic and macroeconomic theories with applications to relevant topics, such as employment, growth, environmental protection, affirmative action, exchange rate fluctuations, taxes, and welfare reform. Students explore economics as an intelligent approach to understanding our daily lives as citizens, workers, managers and consumers. Offered each semester. This course does NOT count toward the economics major, but is the prerequisite for all higher-level economics courses.","0","0","0","0","0","HBS;QCR;SCS","Mookerjee, Urbashi","{'fsnum': '35113', 'name': 'Mookerjee, Urbashi'}","100","25","","","","","Principles of Econ","","121","{'day': 'Mo', 'end': '13:50', 'location': 'TBA', 'start': '12:55'};{'day': 'We', 'end': '13:50', 'location': 'TBA', 'start': '12:55'};{'day': 'Fr', 'end': '13:50', 'location': 'TBA', 'start': '12:55'}","False","False","D","3","O","20263","Principles of Economics","Research","2026"
"0000171089","1.0","0000000259","ECON","This course takes an analytical approach to economic reasoning and contemporary issues. The course introduces microeconomic and macroeconomic theories with applications to relevant topics, such as employment, growth, environmental protection, affirmative action, exchange rate fluctuations, taxes, and welfare reform. Students explore economics as an intelligent approach to understanding our daily lives as citizens, workers, managers and consumers. Offered each semester. This course does NOT count toward the economics major, but is the prerequisite for all higher-level economics courses.","0","0","0","0","0","HBS;QCR;SCS","Mookerjee, Urbashi","{'fsnum': '35113', 'name': 'Mookerjee, Urbashi'}","100","25","","","","","Principles of Econ","","121","{'day': 'Mo', 'end': '14:55', 'location': 'TBA', 'start': '14:00'};{'day': 'We', 'end': '14:55', 'location': 'TBA', 'start': '14:00'};{'day': 'Fr', 'end': '14:55', 'location': 'TBA', 'start': '14:00'}","False","False","E","3","O","20263","Principles of Economics","Research","2026"
"0000174683","1.0","0000000259","ECON","This course takes an analytical approach to economic reasoning and contemporary issues. The course introduces microeconomic and macroeconomic theories with applications to relevant topics, such as employment, growth, environmental protection, affirmative action, exchange rate fluctuations, taxes, and welfare reform. Students explore economics as an intelligent approach to understanding our daily lives as citizens, workers, managers and consumers. Offered each semester. This course does NOT count toward the economics major, but is the prerequisite for all higher-level economics courses.","0","0","0","0","0","HBS;QCR;SCS","Osell, Shawn A.","{'fsnum': '9002958', 'name': 'Osell, Shawn A.'}","100","25","","","","","Principles of Econ","","121","{'day': 'Tu', 'end': '13:10', 'location': 'TBA', 'start': '23:45'};{'day': 'Th', 'end': '14:05', 'location': 'TBA', 'start': '12:45'}","False","False","F","3","O","20263","Principles of Economics","Research","2026"
"0000171314","1.0","0000019728","ECON","In this course students apply the models, insights, and analytical techniques of economics to a specific topic or economic problem. Topics vary from year to year. May be repeated if topic is different. Offered periodically. Prerequisites: ECON 121 or permission of instructor.","0","0","0","0","0","","Mullick, Anushka","{'fsnum': '9006586', 'name': 'Mullick, Anushka'}","200","28","","","","","Top: Urban Economics","","200","{'day': 'Mo', 'end': '10:00', 'location': 'HH 433', 'start': '09:05'};{'day': 'We', 'end': '10:00', 'location': 'HH 433', 'start': '09:05'};{'day': 'Fr', 'end': '10:00', 'location': 'HH 433', 'start': '09:05'}","False","Prerequisites: ECON 121 or permission of instructor.","A","3","O","20263","Topics in Economic Analysis","Topic","2026"
"0000170696","1.0","0000000263","ECON","Game theory is the formal study of the strategic interactions between individuals and between groups of individuals. Game theory has become a widely adopted tool of analysis in economics, business, law, politics, anthropology, sociology, and international relations. This course introduces students to the theoretical constructs of game theory and focuses on economic applications in the fields of labor economics, international trade, environmental economics, macroeconomics, and industrial organization. Offered annually. Prerequisite: ECON 121 or permission of instructor.","0","0","0","0","0","","Luedtke, Allison","{'fsnum': '32138', 'name': 'Luedtke, Allison'}","200","28","","","","","Game Theory in Economics","","222","{'day': 'Mo', 'end': '13:50', 'location': 'HH 501', 'start': '12:55'};{'day': 'We', 'end': '13:50', 'location': 'HH 501', 'start': '12:55'};{'day': 'Fr', 'end': '13:50', 'location': 'HH 501', 'start': '12:55'}","False","ECON 121 or permission of instructor.","","3","O","20263","","Research","2026"
"0000171983","1.0","0000000270","ECON","The health care sector in the U.S. is undergoing rapid change that affects patients, providers and payers. Managed care and managed competition are restructuring the delivery of health care services and reducing costs, while frustrating physicians and patients. The course examines the economic factors leading to the changes, current issues and controversies, and federal health policies. Students interested in nursing, medicine, and the sciences are encouraged to enroll. Offered annually. Prerequisites: ECON 121 or permission of instructor.","0","0","0","0","0","HBS","Hodgson, Ashley","{'fsnum': '22839', 'name': 'Hodgson, Ashley'}","200","28","","","","","Health Care Econ","","245","{'day': 'Tu', 'end': '11:00', 'location': 'TBA', 'start': '09:35'};{'day': 'Th', 'end': '10:50', 'location': 'TBA', 'start': '09:30'}","False","Prerequisites: ECON 121 or permission of instructor.","A","3","O","20263","Economics of Health Care","Research","2026"
"0000171984","1.0","0000000270","ECON","The health care sector in the U.S. is undergoing rapid change that affects patients, providers and payers. Managed care and managed competition are restructuring the delivery of health care services and reducing costs, while frustrating physicians and patients. The course examines the economic factors leading to the changes, current issues and controversies, and federal health policies. Students interested in nursing, medicine, and the sciences are encouraged to enroll. Offered annually. Prerequisites: ECON 121 or permission of instructor.","0","0","0","0","0","HBS","Hodgson, Ashley","{'fsnum': '22839', 'name': 'Hodgson, Ashley'}","200","28","","","","","Health Care Econ","","245","{'day': 'Tu', 'end': '14:45', 'location': 'TBA', 'start': '13:20'};{'day': 'Th', 'end': '15:35', 'location': 'TBA', 'start': '14:15'}","False","Prerequisites: ECON 121 or permission of instructor.","B","3","O","20263","Economics of Health Care","Research","2026"
"0000174684","1.0","0000037640","ECON","This course addresses the institutions that comprise modern monetary systems and the influence that these systems have on levels of income, output, employment, and prices in market economies. It addresses in detail monetary theory and monetary policy, including both the nature of our central bank and the role that it plays in our monetary system. Prerequisite: ECON 121 or permission of instructor.","0","0","0","0","0","","Sardar, Naafey","{'fsnum': '35047', 'name': 'Sardar, Naafey'}","200","28","","","","","Money and Banking","","248","{'day': 'Tu', 'end': '11:00', 'location': 'TBA', 'start': '09:35'};{'day': 'Th', 'end': '10:50', 'location': 'TBA', 'start': '09:30'}","False","ECON 121 or permission of instructor.","","3","O","20263","","Research","2026"
"0000170876","1.0","0000034977","ECON","This course emphasizes skills necessary to understand and analyze economic data. Topics include descriptive statistics, probability and random variables, sampling theory, estimation and hypothesis testing, and practical and theoretical understanding of simple and multiple regression analysis. Applications to economic and business problems use real data, realistic applications, and econometric/statistical software. Offered each semester. ECON 260 is required for economics majors who do not take both SDS 272 and either ECON 384 or ECON 385. Credit toward the economics major will not be given for ECON 260 following completion of SDS 272. Also counts toward environmental studies major (social science emphasis) and public health studies concentration. Prerequisite: MATH 119 or MATH 120 and ECON 121, or permission of instructor.","0","0","0","0","0","","Braun, Noah M.","{'fsnum': '9002481', 'name': 'Braun, Noah M.'}","200","24","","","","","Introductory Econometrics","","260","{'day': 'Tu', 'end': '14:45', 'location': 'TBA', 'start': '13:20'};{'day': 'Th', 'end': '15:35', 'location': 'TBA', 'start': '14:15'}","False","MATH 119 or MATH 120 and ECON 121, or permission of instructor.","A","3","O","20263","","Research","2026"
"0000170877","1.0","0000034977","ECON","This course emphasizes skills necessary to understand and analyze economic data. Topics include descriptive statistics, probability and random variables, sampling theory, estimation and hypothesis testing, and practical and theoretical understanding of simple and multiple regression analysis. Applications to economic and business problems use real data, realistic applications, and econometric/statistical software. Offered each semester. ECON 260 is required for economics majors who do not take both SDS 272 and either ECON 384 or ECON 385. Credit toward the economics major will not be given for ECON 260 following completion of SDS 272. Also counts toward environmental studies major (social science emphasis) and public health studies concentration. Prerequisite: MATH 119 or MATH 120 and ECON 121, or permission of instructor.","0","0","0","0","0","","Struby, Ethan","{'fsnum': '9006212', 'name': 'Struby, Ethan'}","200","24","","","","","Introductory Econometrics","","260","{'day': 'Mo', 'end': '12:45', 'location': 'TBA', 'start': '23:50'};{'day': 'We', 'end': '12:45', 'location': 'TBA', 'start': '23:50'};{'day': 'Fr', 'end': '12:45', 'location': 'TBA', 'start': '23:50'}","False","MATH 119 or MATH 120 and ECON 121, or permission of instructor.","B","3","O","20263","","Research","2026"
"0000171985","1.0","0000034977","ECON","This course emphasizes skills necessary to understand and analyze economic data. Topics include descriptive statistics, probability and random variables, sampling theory, estimation and hypothesis testing, and practical and theoretical understanding of simple and multiple regression analysis. Applications to economic and business problems use real data, realistic applications, and econometric/statistical software. Offered each semester. ECON 260 is required for economics majors who do not take both SDS 272 and either ECON 384 or ECON 385. Credit toward the economics major will not be given for ECON 260 following completion of SDS 272. Also counts toward environmental studies major (social science emphasis) and public health studies concentration. Prerequisite: MATH 119 or MATH 120 and ECON 121, or permission of instructor.","0","0","0","0","0","","Struby, Ethan","{'fsnum': '9006212', 'name': 'Struby, Ethan'}","200","24","","","","","Introductory Econometrics","","260","{'day': 'Mo', 'end': '13:50', 'location': 'TBA', 'start': '12:55'};{'day': 'We', 'end': '13:50', 'location': 'TBA', 'start': '12:55'};{'day': 'Fr', 'end': '13:50', 'location': 'TBA', 'start': '12:55'}","False","MATH 119 or MATH 120 and ECON 121, or permission of instructor.","C","3","O","20263","","Research","2026"
"0000170949","1.0","0000000274","ECON","This course addresses the economic institutions and forces that determine levels of income, output, employment, and prices in our society. Questions related to employment prospects and standard of living provide an important focus. Classical and Keynesian perspectives are employed in attempting to understand these matters, the macroeconomic problems in market economies and the policies that economists prescribe as remedies for these problems. Offered each semester. Prerequisites: MATH 119 or MATH 120, and ECON 121 or permission of instructor.","0","0","0","0","0","","Bansah, Marcus","{'fsnum': '32150', 'name': 'Bansah, Marcus'}","200","27","","","","","Macroeconomic Theory","","261","{'day': 'Tu', 'end': '11:00', 'location': 'TBA', 'start': '09:35'};{'day': 'Th', 'end': '10:50', 'location': 'TBA', 'start': '09:30'}","False","Prerequisites: MATH 119 or MATH 120, and ECON 121 or permission of instructor.","A","3","O","20263","Intermediate Macroeconomic Theory","Research","2026"
"0000170950","1.0","0000000274","ECON","This course addresses the economic institutions and forces that determine levels of income, output, employment, and prices in our society. Questions related to employment prospects and standard of living provide an important focus. Classical and Keynesian perspectives are employed in attempting to understand these matters, the macroeconomic problems in market economies and the policies that economists prescribe as remedies for these problems. Offered each semester. Prerequisites: MATH 119 or MATH 120, and ECON 121 or permission of instructor.","0","0","0","0","0","","Bansah, Marcus","{'fsnum': '32150', 'name': 'Bansah, Marcus'}","200","27","","","","","Macroeconomic Theory","","261","{'day': 'Tu', 'end': '13:10', 'location': 'TBA', 'start': '23:45'};{'day': 'Th', 'end': '14:05', 'location': 'TBA', 'start': '12:45'}","False","Prerequisites: MATH 119 or MATH 120, and ECON 121 or permission of instructor.","B","3","O","20263","Intermediate Macroeconomic Theory","Research","2026"
"0000170967","1.0","0000000275","ECON","Microeconomics is the study of the resource allocation decisions by households, producers, and government and the resource allocation process in various types of market structures. Students are trained in the use of economic models and optimizing techniques to address a variety of real-world problems, including case studies from business and public policy. Offered each semester. Prerequisites: MATH 119 or MATH 120, and ECON 121 or permission of instructor.","0","0","0","0","0","","Harris, Colin","{'fsnum': '30113', 'name': 'Harris, Colin'}","200","27","","","","","Microeconomic Theory","","262","{'day': 'Tu', 'end': '13:10', 'location': 'TBA', 'start': '23:45'};{'day': 'Th', 'end': '14:05', 'location': 'TBA', 'start': '12:45'}","False","Prerequisites: MATH 119 or MATH 120, and ECON 121 or permission of instructor.","A","3","O","20263","Intermediate Microeconomic Theory","Research","2026"
"0000170968","1.0","0000000275","ECON","Microeconomics is the study of the resource allocation decisions by households, producers, and government and the resource allocation process in various types of market structures. Students are trained in the use of economic models and optimizing techniques to address a variety of real-world problems, including case studies from business and public policy. Offered each semester. Prerequisites: MATH 119 or MATH 120, and ECON 121 or permission of instructor.","0","0","0","0","0","","Mullick, Anushka","{'fsnum': '9006586', 'name': 'Mullick, Anushka'}","200","27","","","","","Microeconomic Theory","","262","{'day': 'Mo', 'end': '11:40', 'location': 'TBA', 'start': '10:45'};{'day': 'We', 'end': '11:40', 'location': 'TBA', 'start': '10:45'};{'day': 'Fr', 'end': '11:40', 'location': 'TBA', 'start': '10:45'}","False","Prerequisites: MATH 119 or MATH 120, and ECON 121 or permission of instructor.","B","3","O","20263","Intermediate Microeconomic Theory","Research","2026"
"0000170469","1.0","0000026896","ECON","Classic economics assumes that people make decisions rationally. Behavioral economics weakens that assumption, incorporating the findings of psychology into economic models. Students learn to apply behavioral economics theories to improve their understanding of business, marketing, public policy, and other domains of economics. Students utilize skills they have learned from microeconomic theory and statistics orally and in writing. Offered annually. Prerequisites: ECON 262 and one of ECON 260 or ECON 263 or SDS 272, or permission of instructor.","0","0","0","0","0","EIN;ERC","Hodgson, Ashley","{'fsnum': '22839', 'name': 'Hodgson, Ashley'}","300","18","0","","0","","Behavioral Economics","Open to juniors and seniors only                                                ;Counts toward Quantitative Research requirement for Quantitative Economics major","372","{'day': 'Tu', 'end': '13:10', 'location': 'TOH 108', 'start': '23:45'};{'day': 'Th', 'end': '14:05', 'location': 'TOH 108', 'start': '12:45'}","False","Prerequisites: ECON 262 and one of ECON 260 or ECON 263 or SDS 272, or permission of instructor.","","3","O","20263","","Research","2026"
"0000171986","1.0","0000034661","ECON","This course explores legal systems vastly different from that in the United States and uses economic analysis to understand both the reasons for the peculiarities and their relative success or failure. The objective of this course is to deepen students' understanding of the basic economic principles used to analyze legal institutions and to teach them how to apply economic concepts to important contemporary and historical topics. Offered annually. Prerequisites: ECON 262 and one of ECON 260 or SDS 272, or permission of instructor.","0","0","0","0","0","WRI","Harris, Colin","{'fsnum': '30113', 'name': 'Harris, Colin'}","300","18","0","","0","","Comparative Analysis Legal Systems","Open to juniors and seniors only.","378","{'day': 'Tu', 'end': '14:45', 'location': 'TBA', 'start': '13:20'};{'day': 'Th', 'end': '15:35', 'location': 'TBA', 'start': '14:15'}","False","Prerequisites: ECON 262 and one of ECON 260 or SDS 272, or permission of instructor.","","3","O","20263","Comparative Economic Analysis of Legal Systems","Research","2026"
"0000170843","1.0","0000000281","ECON","This course offers students an integrated approach of theory, policy, and enterprise to understand international trade and investment. The course focuses on the costs and benefits of global economic interdependence for students who plan to enter an international business career or to work for government and international organizations in activities affected by international economic relations. Offered annually. Counts toward the International Economic Analysis and Policy Emphasis of the Economics and Quantitative Economics majors. Prerequisites: ECON 261 and ECON 262, and one of ECON 260 or ECON 263 or SDS 272, or permission of instructor.","0","0","0","0","0","WRI","Bansah, Marcus","{'fsnum': '32150', 'name': 'Bansah, Marcus'}","300","18","0","","0","","International Econ","Open to juniors and seniors only                                                ;Counts toward Quantitative Research requirement for Quantitative Economics major","382","{'day': 'Tu', 'end': '14:45', 'location': 'TBA', 'start': '13:20'};{'day': 'Th', 'end': '15:35', 'location': 'TBA', 'start': '14:15'}","False","Prerequisites: ECON 261 and ECON 262, and one of ECON 260 or ECON 263 or SDS 272, or permission of instructor.","","3","O","20263","International Economics","Research","2026"
"0000170628","1.0","0000034978","ECON","This course emphasizes theoretical foundations, mathematical structure, and applications of major econometric techniques appropriate for cross-sectional and panel data. Topics to be covered include generalized least squares, dummy variables, non-linear models, instrumental variables techniques, fixed- and random-effects models, and limited dependent variable models. This course is recommended for students interested in analysis of issues in microeconomics and public policy. Offered annually. ECON 384 and ECON 385 may not both be used to satisfy the economic analysis requirements for either the economics or quantitative economics major. Prerequisite: ECON 262 and one of ECON 260, ECON 263, or SDS 272; or permission of instructor.","0","0","0","0","0","WRI","Hisam, Kulsoom","{'fsnum': '9002505', 'name': 'Hisam, Kulsoom'}","300","18","0","","0","","Econometrics Cross-Sec & Panel Data","Open to juniors and seniors only.                                               ;Counts toward Quantitative Research requirement for Quantitative Economics      ;major.","384","{'day': 'Mo', 'end': '12:45', 'location': 'HH 433', 'start': '23:50'};{'day': 'We', 'end': '12:45', 'location': 'HH 433', 'start': '23:50'};{'day': 'Fr', 'end': '12:45', 'location': 'HH 433', 'start': '23:50'}","False","ECON 262 and one of ECON 260, ECON 263, or SDS 272; or permission of instructor.","","3","O","20263","Econometrics: Cross-Sectional and Panel Data","Research","2026"
"0000171987","1.0","0000000282","ECON","This course emphasizes the theoretical foundations, mathematical structure, and applications of major econometric techniques appropriate for time-series data. Topics covered include generalized least squares, single-equation time-series models, multi-variable time-series models, forecasting and forecast evaluation, and seasonality. This course is recommended for students interested in analysis of issues in macroeconomics and finance. Offered annually. ECON 384 and ECON 385 may not both be used to satisfy the economic analysis requirements for the economics major. Prerequisites: ECON 261, one of ECON 260 or SDS 272, and MATH 220; or permission of instructor.","0","0","0","0","0","WRI","Sardar, Naafey","{'fsnum': '35047', 'name': 'Sardar, Naafey'}","300","18","0","","0","","Econometrics Time Ser & F'casting","Open to juniors and seniors only                                                ;Counts toward Quantitative Research requirement for Quantitative Economics major","385","{'day': 'Tu', 'end': '09:25', 'location': 'TBA', 'start': '08:00'};{'day': 'Th', 'end': '09:20', 'location': 'TBA', 'start': '08:00'}","False","Prerequisites: ECON 261, one of ECON 260 or SDS 272, and MATH 220; or permission of instructor.","A","3","O","20263","Econometrics: Time Series and Forecasting","Research","2026"
"0000171988","1.0","0000000282","ECON","This course emphasizes the theoretical foundations, mathematical structure, and applications of major econometric techniques appropriate for time-series data. Topics covered include generalized least squares, single-equation time-series models, multi-variable time-series models, forecasting and forecast evaluation, and seasonality. This course is recommended for students interested in analysis of issues in macroeconomics and finance. Offered annually. ECON 384 and ECON 385 may not both be used to satisfy the economic analysis requirements for the economics major. Prerequisites: ECON 261, one of ECON 260 or SDS 272, and MATH 220; or permission of instructor.","0","0","0","0","0","WRI","Struby, Ethan","{'fsnum': '9006212', 'name': 'Struby, Ethan'}","300","18","0","","0","","Econometrics Time Ser & F'casting","open to juniors and seniors only                                                ;Counts toward Quantitative Research requirement for Quantitative Economics major","385","{'day': 'Mo', 'end': '11:40', 'location': 'TBA', 'start': '10:45'};{'day': 'We', 'end': '11:40', 'location': 'TBA', 'start': '10:45'};{'day': 'Fr', 'end': '11:40', 'location': 'TBA', 'start': '10:45'}","False","Prerequisites: ECON 261, one of ECON 260 or SDS 272, and MATH 220; or permission of instructor.","B","3","O","20263","Econometrics: Time Series and Forecasting","Research","2026"
"0000172627","1.0","0000041575","EDUC","In this course, students examine and evaluate ethical issues faced in school and other educational settings by K-12 students, teachers, administrators, and parents. Students explore historical and contemporary issues, including ethical considerations that continue to influence teaching, learning, and policy today. The course encourages students to critically reflect on their own ethical views related to the issues presented and how they might have changed over the course of the semester. May be repeated if topic is different.","0","0","0","0","0","ERC","Staff","{'fsnum': '', 'name': 'Staff'}","200","20","","","","","Top: Ethics in Experiential Educ","","210","{'day': 'Tu', 'end': '11:00', 'location': 'TBA', 'start': '09:35'};{'day': 'Th', 'end': '10:50', 'location': 'TBA', 'start': '09:30'}","False","False","","3","O","20263","Topics in Education and Ethics","Topic","2026"
"0000171370","","0000000309","EDUC","Students examine issues related to chemical use/abuse in our society. The course, required of all candidates for a teaching license, enhances problem identification and helping skills in students' professional and personal lives. Students develop an understanding of enabling and intervening behaviors and gain knowledge about the role of schools in addressing these and other chemical abuse concerns. P/N only. Offered each semester, evenings.","0","0","0","0","0","","Weiss, Nicole","{'fsnum': '9006027', 'name': 'Weiss, Nicole'}","200","30","0","","","","Understanding Substance Abuse","Closed to First-Year Students.                                                  ;For intended education licensure students only.                                 ;Meets in the first half of the semester.","231","{'day': 'Mo', 'end': '21:00', 'location': 'TOH 210', 'start': '19:00'}","True","False","","3","O","20263","","Research","2026"
"0000171261","0.5","0000021398","EDUC","Research clearly shows that labeling isolated sentence components with grammatical terms, drilling workbook exercises, and diagramming sentences are ineffective classroom practices. What can teachers do to help their students gain mastery of standard written English? In this half-credit course, students explore both the theory and practice of contextual grammar instruction. Students also hone their own grammatical knowledge, applying their new knowledge of both content and pedagogy through in-class micro-teachings. Offered annually during the second half of the spring semester.","0","0","0","0","0","","Leer, Elizabeth A.","{'fsnum': '14224', 'name': 'Leer, Elizabeth A.'}","200","18","0","","","","Teaching & Learning English Grammar","Closed to first-year students.                                                  ;Meets in the second half of the semester.","245","{'day': 'Tu', 'end': '11:00', 'location': 'TOH 214', 'start': '09:35'};{'day': 'Th', 'end': '10:50', 'location': 'TOH 214', 'start': '09:30'}","False","False","","3","O","20263","Teaching and Learning English Grammar","Research","2026"
"0000172234","1.0","0000031452","EDUC","Students examine how humans learn language as well as how they learn more than one language, as is the case for the vast majority of people. Students also explore the factors that enable or hinder language learning and whether bilinguals are smarter. These are just some of the fascinating issues addressed in the course that combines study of theory, fieldwork-based analysis of learner language, and pedagogical considerations, including a focus on both English and World Language learners. Offered annually in the fall semester. Required for TEFL certificate. Prerequisite: WRIT 120 or equivalent.","0","0","0","0","0","WAC;WRI","Staff","{'fsnum': '', 'name': 'Staff'}","200","24","","","","","Second Language Acquisition","","250","{'day': 'Tu', 'end': '13:10', 'location': 'TBA', 'start': '23:45'};{'day': 'Th', 'end': '14:05', 'location': 'TBA', 'start': '12:45'}","False","WRIT 120 or equivalent.","","3","O","20263","","Research","2026"
"0000171268","0.5","0000000319","EDUC","This course provides a theoretical and practical foundation for assisting secondary readers. Students learn the essentials of good reading instruction and apply them in the development of a literature unit. Required 10-hour field experience. Offered annually during the first half of the spring semester. Prerequisites: EDUC 330 or permission of instructor.","0","0","0","0","0","","Leer, Elizabeth A.","{'fsnum': '14224', 'name': 'Leer, Elizabeth A.'}","300","16","0","","0","","Teaching Reading, 5-12","Open to juniors and seniors only.                                               ;Prerequisite: EDUC 330 or permission of instructor.                             ;Meets in the first half of the semester.","321","{'day': 'Tu', 'end': '11:00', 'location': 'TOH 214', 'start': '09:35'};{'day': 'Th', 'end': '10:50', 'location': 'TOH 214', 'start': '09:30'}","False","Prerequisites: EDUC 330 or permission of instructor.","","3","O","20263","Teaching of Reading, 5-12","Research","2026"
"0000171072","1.0","0000000321","EDUC","In this course, students learn and practice principles of effective instruction and develop their own teaching style as they prepare to become full-time teachers. Topics include learning theory, teacher roles and responsibilities, planning, methods of instruction, assessment, and classroom management. Students apply skills in a required 20-hour field experience and concurrent enrollment in a lab section. Course should be taken in the spring of sophomore year. Offered during spring semester. Prerequisites: EDUC 295 and acceptance into the teacher education program.","0","0","0","0","0","ORC","Forstner, Daniel R.","{'fsnum': '15723', 'name': 'Forstner, Daniel R.'}","300","14","","","","","Planning, Instruction, & Assessment","Prerequisite: EDUC 295 and acceptance into the teacher education program.       ;20-hour field experience required (2 hours/week, M-F during the school day).    ;Students in EDUC 330 C must also register for EDUC 330 lab C.","330","{'day': 'Tu', 'end': '14:45', 'location': 'TOH 214', 'start': '13:20'};{'day': 'Th', 'end': '15:35', 'location': 'TOH 214', 'start': '14:15'}","False","Prerequisites: EDUC 295 and acceptance into the teacher education program.","C","3","O","20263","Planning, Instruction, and Assessment","Research","2026"
"0000171071","1.0","0000000321","EDUC","In this course, students learn and practice principles of effective instruction and develop their own teaching style as they prepare to become full-time teachers. Topics include learning theory, teacher roles and responsibilities, planning, methods of instruction, assessment, and classroom management. Students apply skills in a required 20-hour field experience and concurrent enrollment in a lab section. Course should be taken in the spring of sophomore year. Offered during spring semester. Prerequisites: EDUC 295 and acceptance into the teacher education program.","0","0","0","0","0","ORC","Forstner, Daniel R.","{'fsnum': '15723', 'name': 'Forstner, Daniel R.'}","300","14","","","","","Planning, Instruction, & Assessment","Prerequisite: EDUC 295 and acceptance into the teacher education program.       ;20-hour field experience required (2 hours/week, M-F during the school day).    ;Students in EDUC 330 B must also register for EDUC 330 lab B.","330","{'day': 'Tu', 'end': '13:10', 'location': 'TOH 214', 'start': '23:45'};{'day': 'Th', 'end': '14:05', 'location': 'TOH 214', 'start': '12:45'}","False","Prerequisites: EDUC 295 and acceptance into the teacher education program.","B","3","O","20263","Planning, Instruction, and Assessment","Research","2026"
"0000171073","1.0","0000000321","EDUC","In this course, students learn and practice principles of effective instruction and develop their own teaching style as they prepare to become full-time teachers. Topics include learning theory, teacher roles and responsibilities, planning, methods of instruction, assessment, and classroom management. Students apply skills in a required 20-hour field experience and concurrent enrollment in a lab section. Course should be taken in the spring of sophomore year. Offered during spring semester. Prerequisites: EDUC 295 and acceptance into the teacher education program.","0","0","0","0","0","ORC","Humm, Courtney A.","{'fsnum': '15009', 'name': 'Humm, Courtney A.'}","300","15","","","","","Planning, Instruction, & Assessment","Prerequisite: EDUC 295 and acceptance into the teacher education program.       ;20-hour field experience required (2 hours/week, M-F during the school day).    ;Students in EDUC 330 A must also register for EDUC 330 lab A.","330","{'day': 'Mo', 'end': '12:45', 'location': 'TOH 214', 'start': '23:50'};{'day': 'We', 'end': '12:45', 'location': 'TOH 214', 'start': '23:50'};{'day': 'Fr', 'end': '12:45', 'location': 'TOH 214', 'start': '23:50'}","False","Prerequisites: EDUC 295 and acceptance into the teacher education program.","A","3","O","20263","Planning, Instruction, and Assessment","Research","2026"
"0000171068","","0000038633","EDUC","","0","0","0","0","0","","Forstner, Daniel R.","{'fsnum': '15723', 'name': 'Forstner, Daniel R.'}","300","15","","","","","Plan, Instruct, &  Assessment Lab","Taken concurrently with EDUC 330.                                               ;Meets only on April 15, 22, and 29.","330","{'day': 'Th', 'end': '21:30', 'location': 'TBA', 'start': '19:00'}","False","","C","3","O","20263","","Lab","2026"
"0000171070","","0000038633","EDUC","","0","0","0","0","0","","Forstner, Daniel R.","{'fsnum': '15723', 'name': 'Forstner, Daniel R.'}","300","15","","","","","Plan, Instruct, &  Assessment Lab","Taken concurrently with EDUC 330.                                               ;Meets only on April 15, 22, and 29.","330","{'day': 'Th', 'end': '18:30', 'location': 'TBA', 'start': '16:00'}","False","","B","3","O","20263","","Lab","2026"
"0000171069","","0000038633","EDUC","","0","0","0","0","0","","Humm, Courtney A.","{'fsnum': '15009', 'name': 'Humm, Courtney A.'}","300","15","","","","","Plan, Instruct, &  Assessment Lab","Taken concurrently with EDUC 330.                                               ;Meets only on April 14, 21, and 28.","330","{'day': 'We', 'end': '18:30', 'location': 'TBA', 'start': '16:00'}","False","","A","3","O","20263","","Lab","2026"
"0000171264","1.0","0000000325","EDUC","This course prepares pre-service communication arts/literature teachers to share their love of the English language with secondary students. Attention is given to the theory and techniques of teaching writing, literature, reading, speech, listening, and media literacy. In addition, students explore topics including multicultural literature, adolescent literature, responding to and evaluating writing, unit planning in the language arts, and the Common Core State Standards for Literacy. Required 20-hour field experience component. Offered annually in the spring semester. Prerequisite: EDUC 330.","0","0","0","0","0","","Leer, Elizabeth A.","{'fsnum': '14224', 'name': 'Leer, Elizabeth A.'}","300","6","0","","0","","Teaching of Comm Arts/Lit, 5-12","Open to juniors and seniors only.                                               ;Prerequisite: EDUC 330 or permission of instructor.                             ;20-hour field experience required (2 hours/week, M-F during the school day).","345","{'day': 'Tu', 'end': '13:10', 'location': 'TOH 200', 'start': '23:45'};{'day': 'Th', 'end': '14:05', 'location': 'TOH 200', 'start': '12:45'}","False","EDUC 330.","","3","O","20263","Teaching of Communication Arts/Literature, 5-12","Research","2026"
"0000171265","1.0","0000000327","EDUC","Students act as a ""community of scholars"" to examine current issues and trends in mathematics education. They learn strategies for engaging pupils in active mathematical investigation, using appropriate technology and other mathematical tools and for emphasizing communication, problem solving, reasoning and mathematical connections in their teaching. Includes reliance on the National Council of Teachers of Mathematics Standards documents. Required 20-hour field experience component. Offered annually in the spring semester. Prerequisite: EDUC 330.","0","0","0","0","0","","Matsuura, Ryota","{'fsnum': '21867', 'name': 'Matsuura, Ryota'}","300","12","0","","0","","Teaching of Mathematics, 5-12","Open to juniors and seniors only.                                               ;Prerequisite: EDUC 330 or permission of instructor.                             ;20-hour field experience required (2 hours/week, M-F during the school day).","350","{'day': 'Tu', 'end': '13:10', 'location': 'RNS 356A', 'start': '23:45'};{'day': 'Th', 'end': '14:05', 'location': 'RNS 356A', 'start': '12:45'}","False","EDUC 330.","","3","O","20263","","Research","2026"
"0000171263","1.0","0000000329","EDUC","The goal of the course is to acquire the knowledge, skills, and understandings necessary to develop, implement and assess a K-5 general music program. The course emphasizes current approaches such as those of Orff, Dalcroze and Kodaly as well as intercultural and interdisciplinary learning. Required 10-hour field experience component. Offered annually in the spring semester. Prerequisite: EDUC 330.","0","0","0","0","0","","Garner, Leigh Ann","{'fsnum': '32144', 'name': 'Garner, Leigh Ann'}","300","18","0","","0","","Teaching Music-Elementary Schools","Open to juniors and seniors only.                                               ;Prerequisite: EDUC 330.                                                         ;10-hour field experience required (M-F during the school day).","355","{'day': 'Tu', 'end': '14:45', 'location': 'CHM 233', 'start': '13:20'};{'day': 'Th', 'end': '15:35', 'location': 'CHM 233', 'start': '14:15'}","False","EDUC 330.","","3","O","20263","Teaching of Music in the Elementary School","Research","2026"
"0000171266","1.0","0000000333","EDUC","Prospective science teachers learn strategies for the practical application of learning theory to secondary school science classrooms. Topics include: the national science standards movement and No Child Left Behind; inquiry learning in the science classroom; lesson planning; teaching in the classroom and in the laboratory; technology; managing a science laboratory; and continuing professional development. Required 20-hour field experience component. Offered annually in the spring semester. Prerequisite: EDUC 330.","0","0","0","0","0","WRI","Mohl, Emily","{'fsnum': '25351', 'name': 'Mohl, Emily'}","300","6","0","","0","","Teaching of Science, 5-12","Open to juniors and seniors only.                                               ;Prerequisite: EDUC 330 or permission of instructor.                             ;20-hour field experience required (2 hours/week, M-F during the school day).","364","{'day': 'Tu', 'end': '13:10', 'location': 'TBA', 'start': '23:45'};{'day': 'Th', 'end': '14:05', 'location': 'TBA', 'start': '12:45'}","False","EDUC 330.","","3","O","20263","","Research","2026"
"0000171267","1.0","0000000334","EDUC","Students acquire the skills, knowledge and attitudes to become successful teachers in the secondary social studies classroom. They use the curriculum standards of the National Council for Social Studies and those identified by the State of Minnesota to develop goals, outcomes, and assessments for the various content areas. Students acquire the knowledge, skills, and understandings necessary to address appropriate skills development in 5-12 social studies classrooms. Required 20-hour field experience component. Offered annually in the spring semester. Prerequisite: EDUC 330.","0","0","0","0","0","","Humm, Courtney A.","{'fsnum': '15009', 'name': 'Humm, Courtney A.'}","300","10","0","","0","","Teaching of Social Studies, 5-12","Open to juniors and seniors only.                                               ;Prerequisite: EDUC 330 or permission of instructor.                             ;20-hour field experience required (2 hours/week, M-F during the school day).","365","{'day': 'Mo', 'end': '13:50', 'location': 'TOH 214', 'start': '12:55'};{'day': 'We', 'end': '13:50', 'location': 'TOH 214', 'start': '12:55'};{'day': 'Fr', 'end': '13:50', 'location': 'TOH 214', 'start': '12:55'}","False","EDUC 330.","","3","O","20263","","Research","2026"
"0000171173","0.5","0000000340","EDUC","Offered concurrently with student teaching, this course meets during student teaching. It focuses on professional development, including personal philosophies of teaching/education, professional ethics, and portfolio development. Seminar sessions also address specific issues pertaining to the student teacher experience including classroom management, differentiated instruction, assessment, and planning. Student teachers only. Offered each semester.","0","0","0","0","0","","Staff","{'fsnum': '', 'name': 'Staff'}","300","22","0","0","0","","Senior Seminar Educ","Open to seniors in the professional semester only.                              ;Generally meets every other Wednesday from 4-6:30 pm","381","","False","False","","3","O","20263","Senior Seminar","Research","2026"
"0000170739","","0000000341","EDUC","All candidates must have a multicultural field experience to help develop their competence in teaching in multicultural environments. A minimum of 80 hours of field experience in a multicultural school environment (an January Term or its equivalent) is required prior to student teaching. All field experiences must be pre-approved. Below is a summary of options: EDUC 378: Multicultural Education in Hawaii; EDUC 379: Urban Education Seminar and Practicum; or pre-approved internships in multicultural schools. See Education Department faculty and website for advice and information. EDUC 382 is not a course. Rather it is a recording mechanism indicating St. Olaf students who have completed their multicultural education requirement. Students register for EDUC 382 during their professional semester. P/N only. Offered each semester.","0","0","0","0","0","","Staff","{'fsnum': '', 'name': 'Staff'}","300","22","0","0","0","","Human Relations","Open to seniors in the professional semester only.","382","","True","False","","3","O","20263","","Research","2026"
"0000171247","3.0","0000000343","EDUC","Students are assigned to a full-time internship in schools under the guidance of a competent cooperating teacher and supervised by faculty from both the content area department and the Education Department. Student teaching provides the best possible introduction to the teaching experience. Student teachers practice all classroom teaching skills required to assure competency to begin their first year of teaching. Minimum of 14 full-time weeks teaching, including orientation sessions and required seminars. Only student teachers may enroll: seniors or college graduates. Offered each semester.","0","0","0","0","0","","Staff","{'fsnum': '', 'name': 'Staff'}","300","22","0","0","0","","Student Teaching","Open to seniors in the professional semester only.                              ;M-F 7:30 am-4:00 pm","389","","False","False","","3","O","20263","","Research","2026"
"0000171349","0.5","0000024291","EDUC","Students are assigned to a full-time internship in schools under the guidance of a competent cooperating teacher and supervised by faculty from both the content area department and the Education Department. Minimum of 6-12 full-time weeks teaching. Only student teachers may enroll: seniors or college graduates seeking an additional license. Offered each semester and during January Term. Cannot be taken concurrently with EDUC 389. Prerequisite: completion of EDUC 389 or equivalent.","0","0","0","0","0","","Staff","{'fsnum': '', 'name': 'Staff'}","300","2","0","0","0","","Top: Student Teaching: Additional L","Open to seniors in the professional semester only.                              ;M-F 7:30-4:00","391","","False","completion of EDUC 389 or equivalent.","A","3","O","20263","Student Teaching: Additional License","Topic","2026"
"0000170757","1.0","0000037516","ENCON","Building on explorations in the Fall and January Term, this course will examine the following questions: What motivates and inspires human beings to nurture existing relationships with their environment and/or to seek a change in those relationships? What are strategies and actions for solving environmental challenges? What role will I play in Earth's future? (and in my community...). In navigating these questions, students will look through an interdisciplinary lens, engaging with a sustained research paper, creating art, and thinking about how we can take scholarship and personal explorations and translate them into civic engagement. This course is the third of a three-course Conversation Program. Prerequisites: ENCON 110 and ENCON 111.","0","0","0","0","0","WRR","Nagamatsu, Sequoia","{'fsnum': '28100', 'name': 'Nagamatsu, Sequoia'}","100","22","","","","","Imagineering Earth's Future","Open to Environmental Conversation program students only.","112","{'day': 'Tu', 'end': '11:00', 'location': 'OM 020', 'start': '09:35'};{'day': 'Th', 'end': '10:50', 'location': 'OM 020', 'start': '09:30'}","False","Prerequisites: ENCON 110 and ENCON 111.","","3","O","20263","","Research","2026"
"0000171207","","0000037618","ENCON","","0","0","0","0","0","","Staff","{'fsnum': '', 'name': 'Staff'}","100","23","","","","","SOAR Discussion","SOAR Discussion meets on Feb 13, Feb 27, Mar 13, Mar 27, Apr 10.","112","{'day': 'Th', 'end': '12:30', 'location': 'TBA', 'start': '23:30'}","False","","","3","O","20263","","Discussion","2026"
"0000170593","1.0","0000021525","ENGL","This course introduces the craft of creative writing through contemporary readings and writing exercises in poetry and prose. Students learn to read and to write texts with attention to how a literary work is constructed. Emphasis on the elements of craft and strategies for revision prepare students to pursue the creative writing major or the English major with teaching licensure. Offered every semester.","0","0","0","0","0","CRE;WRI","Bucciaglia, Cole","{'fsnum': '28110', 'name': 'Bucciaglia, Cole'}","100","18","8","0","10","0","Craft of Creative Writing","This course has class-year limits and is open only to sophomore and first-year  ;students.","150","{'day': 'Tu', 'end': '13:10', 'location': 'TBA', 'start': '23:45'};{'day': 'Th', 'end': '14:05', 'location': 'TBA', 'start': '12:45'}","False","False","A","3","O","20263","The Craft of Creative Writing","Research","2026"
"0000170594","1.0","0000021525","ENGL","This course introduces the craft of creative writing through contemporary readings and writing exercises in poetry and prose. Students learn to read and to write texts with attention to how a literary work is constructed. Emphasis on the elements of craft and strategies for revision prepare students to pursue the creative writing major or the English major with teaching licensure. Offered every semester.","0","0","0","0","0","CRE","Patterson, Juliet","{'fsnum': '25348', 'name': 'Patterson, Juliet'}","100","18","8","0","10","0","Craft of Creative Writing","This course has class-year limits and is open only to sophomores and            ;first-year students.","150","{'day': 'Mo', 'end': '11:40', 'location': 'TBA', 'start': '10:45'};{'day': 'We', 'end': '11:40', 'location': 'TBA', 'start': '10:45'};{'day': 'Fr', 'end': '11:40', 'location': 'TBA', 'start': '10:45'}","False","False","B","3","O","20263","The Craft of Creative Writing","Research","2026"
"0000170946","1.0","0000000392","ENGL","Students learn strategies of critical analysis and interpretation as they encounter a variety of literary texts. This course is only recommended for students interested in pursuing the English major, the modified English major with a teaching license, or the creative writing major. Offered each semester.","0","0","0","0","0","ALS-L","DeFries, Brett B.","{'fsnum': '19433', 'name': 'DeFries, Brett B.'}","100","24","","5","","4","Literary Studies","This course has class-year limits for seniors and juniors.","185","{'day': 'Tu', 'end': '13:10', 'location': 'TBA', 'start': '23:45'};{'day': 'Th', 'end': '14:05', 'location': 'TBA', 'start': '12:45'}","False","False","","3","O","20263","","Research","2026"
"0000172150","1.0","0000021526","ENGL","Focusing on multicultural American literatures, this topics course examines literature as a human expression that embraces both commonality and difference within and across cultures. This course also employs critical approaches specifically designed to address cross-cultural literary issues. It may be repeated if topics are different. Offered periodically. Prerequisite: WRIT 120 or equivalent.","0","0","0","0","0","ALS-L;MCD;PAR","Horton, Dana R.","{'fsnum': '35059', 'name': 'Horton, Dana R.'}","200","30","","","","","Top: Black Science Fiction","","200","{'day': 'Tu', 'end': '11:00', 'location': 'TBA', 'start': '09:35'};{'day': 'Th', 'end': '10:50', 'location': 'TBA', 'start': '09:30'}","False","WRIT 120 or equivalent.","A","3","O","20263","Topics in Cross-Cultural American Literature","Topic","2026"
"0000172151","1.0","0000021526","ENGL","Focusing on multicultural American literatures, this topics course examines literature as a human expression that embraces both commonality and difference within and across cultures. This course also employs critical approaches specifically designed to address cross-cultural literary issues. It may be repeated if topics are different. Offered periodically. Prerequisite: WRIT 120 or equivalent.","0","0","0","0","0","ALS-L;MCD;PAR","Sepulveda Ortiz, Joseph","{'fsnum': '35066', 'name': 'Sepulveda Ortiz, Joseph'}","200","30","","","","","Top: Latinx Literature","","200","{'day': 'Mo', 'end': '13:50', 'location': 'TBA', 'start': '12:55'};{'day': 'We', 'end': '13:50', 'location': 'TBA', 'start': '12:55'};{'day': 'Fr', 'end': '13:50', 'location': 'TBA', 'start': '12:55'}","False","WRIT 120 or equivalent.","B","3","O","20263","Topics in Cross-Cultural American Literature","Topic","2026"
"0000170418","1.0","0000038374","ENGL","In this course, students analyze globalization and its consequences through two related lenses: the ethical and the literary. First, students explore this phenomenon historically and philosophically, and consider different ethical responses to globalization's consequences. Then, students read and analyze works of Anglophone literature (English-language literature from Africa, Asia, and the Caribbean) that engage these very issues. This approach both reorients understandings of the ethics of globalization and emphasizes the role of literature in ethical inquiry. Prerequisite: WRIT 120 or equivalent.","0","0","0","0","0","EIN;ERC","Alderks, Elisabeth G.","{'fsnum': '18431', 'name': 'Alderks, Elisabeth G.'}","200","30","","","","","Anglophone Lit and Global Ethics","","219","{'day': 'Mo', 'end': '10:00', 'location': 'TBA', 'start': '09:05'};{'day': 'We', 'end': '10:00', 'location': 'TBA', 'start': '09:05'};{'day': 'Fr', 'end': '10:00', 'location': 'TBA', 'start': '09:05'}","False","WRIT 120 or equivalent.","","3","O","20263","Anglophone Literature and Global Ethics","Research","2026"
"0000171353","1.0","0000021527","ENGL","These courses trace the process of literary change during a selected period of approximately one hundred years, providing an experience of chronological breadth and textual variety. Students examine the development of styles, conventions, and forms within a particular national literature or across two or more national literatures. Examples of possible topics include Declarations of Independence in American Literature; Literature of the Atlantic Triangle, 1650-1800; 20th-century British and Irish Modernism. May be repeated if topic is different. Offered periodically. Prerequisite: WRIT 120 or equivalent.","0","0","0","0","0","ALS-L;WAC;WRI","Ward, Sean F.","{'fsnum': '28145', 'name': 'Ward, Sean F.'}","200","18","","","","","Top: Postcolonial Anglophone Lit","","220","{'day': 'Mo', 'end': '10:00', 'location': 'TOH 108', 'start': '09:05'};{'day': 'We', 'end': '10:00', 'location': 'TOH 108', 'start': '09:05'};{'day': 'Fr', 'end': '10:00', 'location': 'TOH 108', 'start': '09:05'}","False","WRIT 120 or equivalent.","","3","O","20263","Topics in Literary History","Topic","2026"
"0000172152","1.0","0000025458","ENGL","Two themes persist in early British literature: the role of fate (Old English wyrd) versus free will and the power of wonders--from the miraculous to the magical. These themes are traced in the Old English period in sermons, charms and riddles, biblical epics and Christian texts, and the heroic epic Beowulf. Readings from the Middle English period include lyric and ballad, romance from the Arthurian and non-Arthurian traditions, drama, allegory, mystical treatises, and Chaucer's Canterbury Tales. Offered periodically. Prerequisite: WRIT 120 or equivalent.","0","0","0","0","0","ALS-L;WAC","Marsalek, Karen E.","{'fsnum': '10015', 'name': 'Marsalek, Karen E.'}","200","18","","","","","Old & Middle English Lit","","223","{'day': 'Mo', 'end': '13:50', 'location': 'TBA', 'start': '12:55'};{'day': 'We', 'end': '13:50', 'location': 'TBA', 'start': '12:55'};{'day': 'Fr', 'end': '13:50', 'location': 'TBA', 'start': '12:55'}","False","WRIT 120 or equivalent.","","3","O","20263","Old and Middle English Literature: The Weird and the Wonderful","Research","2026"
"0000170555","1.0","0000000406","ENGL","Students read and discuss children's literature from Britain and the United States. Beginning with fairy tales and classics from the ""golden age"" of children's literature, students explore an array of picture books, poetry, and fiction, that exemplifies the best in fantasy and realism for children and young adults. Offered annually. Prerequisite: WRIT 120 or equivalent.","0","0","0","0","0","ALS-L","Shaiman, Jennifer","{'fsnum': '30174', 'name': 'Shaiman, Jennifer'}","200","30","","","","","Children's & Young Adult Literature","","242","{'day': 'Mo', 'end': '12:45', 'location': 'TBA', 'start': '23:50'};{'day': 'We', 'end': '12:45', 'location': 'TBA', 'start': '23:50'};{'day': 'Fr', 'end': '12:45', 'location': 'TBA', 'start': '23:50'}","False","WRIT 120 or equivalent.","","3","O","20263","Children's and Young Adult Literature","Research","2026"
"0000173834","1.0","0000043373","ENGL","In this workshop, students read literary and scholarly texts about food and then produce their own food writing. Topics may include food's relationship with intergenerationality, social movements, travel, migration, conflict, and climate. During workshops, students apply journalistic principles to draft restaurant reviews and feature stories (such as culinary travelogues or stories profiling their own food traditions), use instructional theory to adapt found/family recipes, and craft graphically rich, digital page spreads showcasing their food writing. Offered periodically. Prerequisite: WRIT 120 or equivalent.","0","0","0","0","0","WAC","Eichberger, Ryan C.","{'fsnum': '32101', 'name': 'Eichberger, Ryan C.'}","200","18","","","","","Global Food Writing","","255","{'day': 'Mo', 'end': '12:45', 'location': 'TBA', 'start': '23:50'};{'day': 'We', 'end': '12:45', 'location': 'TBA', 'start': '23:50'};{'day': 'Fr', 'end': '12:45', 'location': 'TBA', 'start': '23:50'}","False","WRIT 120 or equivalent.","","3","O","20263","","Research","2026"
"0000172153","1.0","0000000426","ENGL","Students examine Renaissance drama by Shakespeare and others in order to concentrate on how to read the plays well and how to respond fully to both text and performance. Students attend live performances when possible and view productions on video. The course includes some consideration of historical context and background as well as practice in how to write about the plays. Offered periodically. Prerequisite: WRIT 120 or equivalent.","0","0","0","0","0","ALS-L","Trull, Mary E.","{'fsnum': '15822', 'name': 'Trull, Mary E.'}","200","30","","","","","Shakespeare & Contemp","","256","{'day': 'Tu', 'end': '11:00', 'location': 'TBA', 'start': '09:35'};{'day': 'Th', 'end': '10:50', 'location': 'TBA', 'start': '09:30'}","False","WRIT 120 or equivalent.","","3","O","20263","Shakespeare and His Contemporaries","Research","2026"
"0000172323","1.0","0000000424","ENGL","Students explore the complex relationships between literature and film. How do we translate the verbal into the visual? What can novels do that films cannot and vice versa? Subject matter includes both classic and contemporary fiction and film. Also counts toward film and media studies major and concentration. Prerequisite: WRIT 120 or equivalent.","0","0","0","0","0","ALS-L","Nordfjörd, Björn","{'fsnum': '26260', 'name': 'Nordfjörd, Björn'}","200","30","","","","","Literature & Film","","275","{'day': 'Tu', 'end': '14:45', 'location': 'TBA', 'start': '13:20'};{'day': 'Th', 'end': '15:35', 'location': 'TBA', 'start': '14:15'}","False","WRIT 120 or equivalent.","","3","O","20263","Literature and Film","Research","2026"
"0000172154","1.0","0000000417","ENGL","Students examine local, metro, and national news while learning to write both hard news and features. Subject areas may include covering meetings and business, reviewing arts and food, and/or writing about sports and travel. Students also learn UPI/AP copy-editing and proofreading, important skills for internships and print media jobs. Offered periodically. Prerequisites: WRIT 120 or equivalent and at least sophomore status.","0","0","0","0","0","WAC","Eichberger, Ryan C.","{'fsnum': '32101', 'name': 'Eichberger, Ryan C.'}","200","18","","","","","Journalism & Daily Newswriting","","289","{'day': 'Mo', 'end': '14:55', 'location': 'TBA', 'start': '14:00'};{'day': 'We', 'end': '14:55', 'location': 'TBA', 'start': '14:00'};{'day': 'Fr', 'end': '14:55', 'location': 'TBA', 'start': '14:00'}","False","Prerequisites: WRIT 120 or equivalent and at least sophomore status.","","3","O","20263","","Research","2026"
"0000172155","1.0","0000032284","ENGL","This course explores the inner workings of the publishing world from literary magazines to book publishers. Students explore the modern history and trends of publishing in America, as well as engage with hands-on projects that both illuminate readings and offer insight into the daily practices of writers and literary gatekeepers. Projects may include the drafting of a proposal for a hypothetical literary magazine, a marketing campaign, reading submissions for a magazine, layout and cover design projects, and conducting a podcast interview. Offered periodically. Prerequisite: WRIT 120 or equivalent.","0","0","0","0","0","OEP;WAC;WRI","Nagamatsu, Sequoia","{'fsnum': '28100', 'name': 'Nagamatsu, Sequoia'}","200","18","","","","","Exploring Literary Publishing","","290","{'day': 'Tu', 'end': '14:45', 'location': 'TBA', 'start': '13:20'};{'day': 'Th', 'end': '15:35', 'location': 'TBA', 'start': '14:15'}","False","WRIT 120 or equivalent.","","3","O","20263","","Research","2026"
"0000172156","1.0","0000000413","ENGL","In this course, students read a diversity of creative nonfiction and write intensively, exploring creative nonfiction craft elements. Students workshop longer pieces and participate in the generation of peer feedback and reflection about the revision process. They consider their own creative nonfiction writing within the context of larger literary conversations and communities. Offered annually. Prerequisites: WRIT 120 or equivalent and at least sophomore status.","0","0","0","0","0","CRE;WAC","Schwehn, Kaethe","{'fsnum': '19355', 'name': 'Schwehn, Kaethe'}","200","18","","","","","Creative Nonfiction Writing","","291","{'day': 'Tu', 'end': '13:10', 'location': 'TBA', 'start': '23:45'};{'day': 'Th', 'end': '14:05', 'location': 'TBA', 'start': '12:45'}","False","Prerequisites: WRIT 120 or equivalent and at least sophomore status.","","3","O","20263","","Research","2026"
"0000171074","1.0","0000021509","ENGL","In this course, students read a diversity of contemporary poetry and write intensively, exploring a poet's craft. Students engage in creative exercises with attention to invention, style and arrangement, and workshop drafts as a way of engaging in reflection, revision, and community. Prerequisites: WRIT 120 or equivalent and at least sophomore status.","0","0","0","0","0","CRE;WAC;WRI","Patterson, Juliet","{'fsnum': '25348', 'name': 'Patterson, Juliet'}","200","18","","","","","Poetry Writing","","292","{'day': 'Mo', 'end': '14:55', 'location': 'TBA', 'start': '14:00'};{'day': 'We', 'end': '14:55', 'location': 'TBA', 'start': '14:00'};{'day': 'Fr', 'end': '14:55', 'location': 'TBA', 'start': '14:00'}","False","Prerequisites: WRIT 120 or equivalent and at least sophomore status.","","3","O","20263","","Research","2026"
"0000171316","1.0","0000000436","ENGL","Students explore specific periods in American literature and examine the relationship between literary texts and movements and their particular cultural, political, and historical contexts. Each offering of this course examines a different literary era and emphasizes specific literary and historical issues. May be repeated if topic is different. Prerequisites: ENGL 185 plus at least two English courses at level II, or permission of the instructor.","0","0","0","0","0","","Mokdad, Linda","{'fsnum': '26249', 'name': 'Mokdad, Linda'}","300","18","","","","","Top: City in Literature and Film","","340","{'day': 'Tu', 'end': '14:45', 'location': 'RML 421', 'start': '13:20'};{'day': 'Th', 'end': '15:35', 'location': 'RML 421', 'start': '14:15'}","False","Prerequisites: ENGL 185 plus at least two English courses at level II, or permission of the instructor.","A","3","O","20263","Advanced Studies in Literary Eras: American","Topic","2026"
"0000172157","1.0","0000000436","ENGL","Students explore specific periods in American literature and examine the relationship between literary texts and movements and their particular cultural, political, and historical contexts. Each offering of this course examines a different literary era and emphasizes specific literary and historical issues. May be repeated if topic is different. Prerequisites: ENGL 185 plus at least two English courses at level II, or permission of the instructor.","0","0","0","0","0","","Wells, Colin","{'fsnum': '8973', 'name': 'Wells, Colin'}","300","18","","","","","Top: American Romanticism","","340","{'day': 'Mo', 'end': '11:40', 'location': 'TBA', 'start': '10:45'};{'day': 'We', 'end': '11:40', 'location': 'TBA', 'start': '10:45'};{'day': 'Fr', 'end': '11:40', 'location': 'TBA', 'start': '10:45'}","False","Prerequisites: ENGL 185 plus at least two English courses at level II, or permission of the instructor.","B","3","O","20263","Advanced Studies in Literary Eras: American","Topic","2026"
"0000170393","1.0","0000000441","ENGL","Students develop and complete individual projects in fiction (including preparations for longform projects such as a novella), deepening and polishing their work. Class sessions are devoted to community development, the discussion of craft and publishing, the examination of book-length literary models, and the workshopping of student writing. Prerequisites: completion of any 200-level fiction writing course such as ENGL 293 or ENGL 282 or permission of the instructor.","0","0","0","0","0","WRI","Nagamatsu, Sequoia","{'fsnum': '28100', 'name': 'Nagamatsu, Sequoia'}","300","15","","","","","Advanced Fiction Writing","","372","{'day': 'Tu', 'end': '09:25', 'location': 'TBA', 'start': '08:00'};{'day': 'Th', 'end': '09:20', 'location': 'TBA', 'start': '08:00'}","False","Prerequisites: completion of any 200-level fiction writing course such as ENGL 293 or ENGL 282 or permission of the instructor.","","3","O","20263","","Research","2026"
"0000170392","1.0","0000000442","ENGL","Students deepen their understanding of creative nonfiction by reading contemporary essay collections and memoirs and completing individual, polished writing projects. Class sessions are devoted to community development, the discussion of craft and a writer's vocation, the examination of book-length literary models, and the workshopping of student writing. Prerequisites: ENGL 291 or permission of the instructor.","0","0","0","0","0","","Schwehn, Kaethe","{'fsnum': '19355', 'name': 'Schwehn, Kaethe'}","300","15","","","","","Advanced Creative Nonfict Writing","","373","{'day': 'Tu', 'end': '11:00', 'location': 'TBA', 'start': '09:35'};{'day': 'Th', 'end': '10:50', 'location': 'TBA', 'start': '09:30'}","False","Prerequisites: ENGL 291 or permission of the instructor.","","3","O","20263","Advanced Creative Nonfiction Writing","Research","2026"
"0000172235","1.0","0000038376","ENGR","Students engage in in-depth study of particular topics in engineering in a full-term. Topics are based on student interest and available staff. Potential course topics include Renewable Energy Systems, Fluid Dynamics, Signals and Systems, and Optics. Offered periodically. Prerequisites: PHYS 130 and PHYS 131 OR PHYS 124, PHYS 125, and CSCI 121 (or CSCI 125) and MATH 126 or equivalent.","0","0","0","0","0","","Paulsen, Joey D.","{'fsnum': '9005104', 'name': 'Paulsen, Joey D.'}","200","30","","","","","Selected Topics in Engineering","","291","{'day': 'Mo', 'end': '10:00', 'location': 'TBA', 'start': '09:05'};{'day': 'We', 'end': '10:00', 'location': 'TBA', 'start': '09:05'};{'day': 'Fr', 'end': '10:00', 'location': 'TBA', 'start': '09:05'}","False","Prerequisites: PHYS 130 and PHYS 131 OR PHYS 124, PHYS 125, and CSCI 121 (or CSCI 125) and MATH 126 or equivalent.","","3","O","20263","","Research","2026"
"0000170866","1.0","0000000455","ENVST","This interdisciplinary course uses basic concepts of environmental science to explore global environmental issues. Topics are drawn from recent texts and current periodic literature, and participants will recognize many of the themes from coverage in the media. Because most environmental problems involve issues beyond the sciences, the class examines the economic, political, and ethical dimensions of environmental questions and environmental decision-making. Offered each semester. This course is equivalent to ENCON 111 and students can earn credit from only one of them.","0","0","0","0","0","IST;NST","Abraham, Elizabeth","{'fsnum': '9003395', 'name': 'Abraham, Elizabeth'}","100","44","","5","12","4","Intro: Env Studies","This course has class-year limits.","137","{'day': 'Mo', 'end': '11:40', 'location': 'HH 501', 'start': '10:45'};{'day': 'We', 'end': '11:40', 'location': 'HH 501', 'start': '10:45'};{'day': 'Fr', 'end': '11:40', 'location': 'HH 501', 'start': '10:45'}","False","False","","3","O","20263","Introduction to Environmental Studies","Research","2026"
"0000171786","1.0","0000039925","ENVST","This course examines environmental issues foregrounded by questions of social justice, exploring how to combine concern for the natural world with attention to inequality and power. How do intersecting oppressions contribute to environmental crises? How do people and communities negotiate with the unequal impacts of environmental degradation? We will experiment with interdisciplinary approaches to unpack the possibilities of ""environmental justice"" and to engage in research and activism that is radically accountable to the environment and to other people.","0","0","0","0","0","ERC;PAR","Awwad, Megan","{'fsnum': '9006207', 'name': 'Awwad, Megan'}","200","26","","","","","Environmental Justice","","233","{'day': 'Mo', 'end': '14:55', 'location': 'TBA', 'start': '14:00'};{'day': 'We', 'end': '14:55', 'location': 'TBA', 'start': '14:00'};{'day': 'Fr', 'end': '14:55', 'location': 'TBA', 'start': '14:00'}","False","False","","3","O","20263","","Research","2026"
"0000170802","1.0","0000032558","ENVST","Framed by a focus on a contemporary environmental topic, the course attends to the nature of environmental inquiry, one's perspectives and values, and how to use one's knowledge and skills for personal, civic and work-related roles. Individual and team projects connected to community needs teach students how to think and work across the department's three areas of emphasis in an experiential learning framework. Offered each semester. Prerequisite: ENVST 137, at least one course in two of the three areas of emphasis, and a declared environmental studies major or concentration.","0","0","0","0","0","OEP","Gilheany, Emma","{'fsnum': '9006208', 'name': 'Gilheany, Emma'}","200","24","0","","","","Integration Application Env St","This course includes an academic civic engagement (ACE) component.              ;Not open to first-year students.","237","{'day': 'Mo', 'end': '11:40', 'location': 'TBA', 'start': '10:45'};{'day': 'We', 'end': '11:40', 'location': 'TBA', 'start': '10:45'};{'day': 'Fr', 'end': '11:40', 'location': 'TBA', 'start': '10:45'}","False","ENVST 137, at least one course in two of the three areas of emphasis, and a declared environmental studies major or concentration.","A","3","O","20263","Integration and Application in Environmental Studies","Research","2026"
"0000170803","1.0","0000032558","ENVST","Framed by a focus on a contemporary environmental topic, the course attends to the nature of environmental inquiry, one's perspectives and values, and how to use one's knowledge and skills for personal, civic and work-related roles. Individual and team projects connected to community needs teach students how to think and work across the department's three areas of emphasis in an experiential learning framework. Offered each semester. Prerequisite: ENVST 137, at least one course in two of the three areas of emphasis, and a declared environmental studies major or concentration.","0","0","0","0","0","OEP","Gilheany, Emma","{'fsnum': '9006208', 'name': 'Gilheany, Emma'}","200","24","","","","","Integration Application Env St","This course includes an academic civic engagement (ACE) component.","237","{'day': 'Mo', 'end': '13:50', 'location': 'TBA', 'start': '12:55'};{'day': 'We', 'end': '13:50', 'location': 'TBA', 'start': '12:55'};{'day': 'Fr', 'end': '13:50', 'location': 'TBA', 'start': '12:55'}","False","ENVST 137, at least one course in two of the three areas of emphasis, and a declared environmental studies major or concentration.","B","3","O","20263","Integration and Application in Environmental Studies","Research","2026"
"0000171608","1.0","0000018778","ENVST","The course offers a geographical approach for understanding human-environment interactions on the Earth. This hands-on course examines the ecosystem services framework for identifying, interpreting (description-based) and integrating data for Environmental Analysis. Lab exercises provide opportunities to develop applied skills in the use of quantitative and qualitative variables and methods. Ethical values are emphasized for assessing challenges and opportunities to increase stakeholder participation towards environmental justice at different scales (local, state, national, regional). Methods and techniques in science are vast and impossible to be thoroughly covered in one single course, however, this holistic approach is wide-ranging and relates the use of theories, ArcGIS Pro software, creation of databases and maps. Students will explore various topics through practical exercises using principles on geomorphology, hydrology, geology, soils, climate, vegetation, land use/cover, population distribution, population occupation, spatial pattern analysis and survey design. Prerequisite: ENVST 137.","0","0","0","0","0","","Castañeda-Camacho, Xochizeltzin","{'fsnum': '9002453', 'name': 'Castañeda-Camacho, Xochizeltzin'}","200","17","","","","","Top: Mixed Methods Enviro Analysis","","281","{'day': 'Tu', 'end': '11:00', 'location': 'TBA', 'start': '09:35'};{'day': 'Th', 'end': '10:50', 'location': 'TBA', 'start': '09:30'}","False","ENVST 137.","A","3","O","20263","Topics in Environmental Studies","Topic","2026"
"0000171609","1.0","0000018778","ENVST","Students study topics related to the environment. Topics vary from year to year at the discretion of the instructor. Topics may include Environment and Theology, Environmental Justice, Ecotourism, and Literature of the Poles. Class is largely discussion-based but may include a lab/fieldwork component depending on the topic. May be repeated if topic is different. Offered annually.","0","0","0","0","0","","Abraham, Elizabeth","{'fsnum': '9003395', 'name': 'Abraham, Elizabeth'}","200","25","","","","","Top: Ecosystem Health","This course includes an academic civic engagement (ACE) component.","281","{'day': 'Mo', 'end': '10:00', 'location': 'TBA', 'start': '09:05'};{'day': 'We', 'end': '10:00', 'location': 'TBA', 'start': '09:05'};{'day': 'Fr', 'end': '10:00', 'location': 'TBA', 'start': '09:05'}","False","False","B","3","O","20263","Topics in Environmental Studies","Topic","2026"
"0000171610","1.0","0000018778","ENVST","Students study topics related to the environment. Topics vary from year to year at the discretion of the instructor. Topics may include Environment and Theology, Environmental Justice, Ecotourism, and Literature of the Poles. Class is largely discussion-based but may include a lab/fieldwork component depending on the topic. May be repeated if topic is different. Offered annually.","0","0","0","0","0","","Abraham, Elizabeth","{'fsnum': '9003395', 'name': 'Abraham, Elizabeth'}","200","25","","","","","Top: Ecosystem Health","This course includes an academic civic engagement (ACE) component.","281","{'day': 'Mo', 'end': '13:50', 'location': 'TBA', 'start': '12:55'};{'day': 'We', 'end': '13:50', 'location': 'TBA', 'start': '12:55'};{'day': 'Fr', 'end': '13:50', 'location': 'TBA', 'start': '12:55'}","False","False","C","3","O","20263","Topics in Environmental Studies","Topic","2026"
"0000171330","1.0","0000018778","ENVST","Students study topics related to the environment. Topics vary from year to year at the discretion of the instructor. Topics may include Environment and Theology, Environmental Justice, Ecotourism, and Literature of the Poles. Class is largely discussion-based but may include a lab/fieldwork component depending on the topic. May be repeated if topic is different. Offered annually.","0","0","0","0","0","EIN","Castañeda-Camacho, Xochizeltzin","{'fsnum': '9002453', 'name': 'Castañeda-Camacho, Xochizeltzin'}","200","17","","","","","Top: Mixed Methods Enviro Analysis","Full topic title: Mixed Methods for Environmental Analysis                      ;Prerequisite: ENVST 137 or equivalent.  It will count flexibly as either a      ;social science or natural science elective for the major or concentration.","281","{'day': 'Tu', 'end': '14:45', 'location': 'RNS 400', 'start': '13:20'};{'day': 'Th', 'end': '15:35', 'location': 'RNS 400', 'start': '14:15'}","False","ENVST 137 or equivalent.  It will count flexibly as either a      ","D","3","O","20263","Topics in Environmental Studies","Topic","2026"
"0000171611","1.0","0000018782","ENVST","In this seminar, students will be introduced to the interdisciplinary field of energy humanities, which seeks to understand the relationship between culture and the energy sources that people produce and consume. Students will encounter foundational texts in the field, alongside literature, film, and visual media that explore how both fossil fuels and renewable energy influence aspects of life ranging from everyday decisions to local ecosystems to global politics. The course will devote significant attention to environmental justice issues related to energy extraction and the renewable energy transition. This is an upper-division course in which students will take a leading role in discussions. Students will also produce a substantial research-based project with ample opportunity to pursue their personal interests within the broader course topic.","0","0","0","0","0","","Coughlin, Jenna M.","{'fsnum': '30107', 'name': 'Coughlin, Jenna M.'}","300","20","0","","","","Top: Global Energy Humanities","Not open to first-year students.","381","{'day': 'Tu', 'end': '11:00', 'location': 'TBA', 'start': '09:35'};{'day': 'Th', 'end': '10:50', 'location': 'TBA', 'start': '09:30'}","False","False","A","3","O","20263","Advanced Research Topics in Environmental Studies","Topic","2026"
"0000171612","1.0","0000018782","ENVST","Fire is not merely a disturbance, but a foundational force that has shaped North America's landscape for millennia. In this course students will explore multiple aspects of fire dynamics including the ecology of fire, and the cultural history of fire in indigenous communities, and the economic and social forces that drive fire policy in the U.S. Students will also get hands-on experience participating in prescribed burning in St. Olaf's natural lands.","0","0","0","0","0","","Zillig, Martha W.","{'fsnum': '35090', 'name': 'Zillig, Martha W.'}","300","20","0","","","","Top: Pyroecology","Full topic title: Pyroecology: Fire dynamics and conservation science in the    ;U.S.","381","{'day': 'Tu', 'end': '13:10', 'location': 'TBA', 'start': '23:45'};{'day': 'Th', 'end': '14:05', 'location': 'TBA', 'start': '12:45'}","False","False","B","3","O","20263","Advanced Research Topics in Environmental Studies","Topic","2026"
"0000171834","1.0","0000019353","ENVST","This course provides a comprehensive research opportunity, including an introduction to relevant background material, technical instruction, identification of a meaningful project, and data collection. The topic is determined by the faculty member in charge of the course and may relate to their research interests. Offered based on department decision. May be offered as a 1.00 credit course or .50 credit course. Prerequisite: determined by individual instructor.","0","0","0","0","0","","Castañeda-Camacho, Xochizeltzin","{'fsnum': '9002453', 'name': 'Castañeda-Camacho, Xochizeltzin'}","300","10","0","","","","Research:","","396","","False","determined by individual instructor.","","3","O","20263","Directed Undergraduate Research","Research","2026"
"0000170643","1.0","0000001135","ES/PS","Analysis of environmental policy includes the politics of agenda setting, policy selection and program implementation, and the effects of policy outcomes. Offered annually.","0","0","0","0","0","HBS;SCS","Hofrenning, Dan","{'fsnum': '3418', 'name': 'Hofrenning, Dan'}","200","26","","","","","Environmental Politics","","276","{'day': 'Tu', 'end': '09:25', 'location': 'HH 523', 'start': '08:00'};{'day': 'Th', 'end': '09:20', 'location': 'HH 523', 'start': '08:00'}","False","False","","3","O","20263","","Research","2026"
"0000170867","1.0","0000000648","FAMST","Students examine American families through the life cycle in relation to personal and professional life, with the major emphasis on communication and commitment in interpersonal relationships. Students study courtship, marriage, adjustment to parenthood, and aging through engaging evidence-based research, case studies, and theoretical frameworks. They examine stressors that affect families such as family violence, divorce, grief and loss, and socioeconomic challenges. This course takes an interdisciplinary approach; students have opportunity for a broad range of individualized study. Offered each semester.","0","0","0","0","0","HBS;SCS","Doran, Kimberly S.","{'fsnum': '35118', 'name': 'Doran, Kimberly S.'}","100","30","","7","8","7","Intro: Family Studies","This course has class-year limits.","132","{'day': 'Mo', 'end': '11:40', 'location': 'CAD 305', 'start': '10:45'};{'day': 'We', 'end': '11:40', 'location': 'CAD 305', 'start': '10:45'};{'day': 'Fr', 'end': '11:40', 'location': 'CAD 305', 'start': '10:45'}","False","False","","3","O","20263","Introduction to Family Studies","Research","2026"
"0000172158","1.0","0000037182","FAMST","In this course students examine and connect faith beliefs & practices, family relationships and values that are lived out in community. Students study family rituals and values from several global religions. Students learn how rituals and values are modeled and taught in the family and examine how spiritual practices and religious beliefs can be both sources of support and stress to families. Students explore and articulate their own stories related to family, faith and values. Offered periodically in January Term.","0","0","0","0","0","ORC;RFV","Lamberty, Hillary A.","{'fsnum': '35117', 'name': 'Lamberty, Hillary A.'}","200","28","5","8","5","10","Family, Faith and Values","","230","{'day': 'Tu', 'end': '11:00', 'location': 'TBA', 'start': '09:35'};{'day': 'Th', 'end': '10:50', 'location': 'TBA', 'start': '09:30'}","False","False","","3","O","20263","","Research","2026"
"0000171152","1.0","0000000655","FAMST","This required capstone seminar explores current research and the integration of key foundation disciplines in the study of families. Students explore special topics through readings assignments and lecture material. Prerequisites: FAMST 132 and FAMST 242. Students can take FAMST 242 and FAMST 391 concurrently with permission of program director or FAMST 391 instructor.","0","0","0","0","0","OEP","Anderson, Wendy D.","{'fsnum': '10757', 'name': 'Anderson, Wendy D.'}","300","16","0","0","0","","Sem: Families and Trauma","Open to senior Family Studies concentrators only.","391","{'day': 'Mo', 'end': '12:45', 'location': 'HH 205', 'start': '23:50'};{'day': 'We', 'end': '12:45', 'location': 'HH 205', 'start': '23:50'};{'day': 'Fr', 'end': '12:45', 'location': 'HH 205', 'start': '23:50'}","False","Prerequisites: FAMST 132 and FAMST 242. Students can take FAMST 242 and FAMST 391 concurrently with permission of program director or FAMST 391 instructor.","A","3","O","20263","Senior Seminar: Special Topics","Seminar","2026"
"0000171153","1.0","0000000655","FAMST","This required capstone seminar explores current research and the integration of key foundation disciplines in the study of families. Students explore special topics through readings assignments and lecture material. Prerequisites: FAMST 132 and FAMST 242. Students can take FAMST 242 and FAMST 391 concurrently with permission of program director or FAMST 391 instructor.","0","0","0","0","0","OEP","Kanewischer, Erica","{'fsnum': '14740', 'name': 'Kanewischer, Erica'}","300","16","0","0","0","","Sem: Families and Trauma","Open to Senior Family Studies students only","391","{'day': 'Tu', 'end': '13:10', 'location': 'TBA', 'start': '23:45'};{'day': 'Th', 'end': '14:05', 'location': 'TBA', 'start': '12:45'}","False","Prerequisites: FAMST 132 and FAMST 242. Students can take FAMST 242 and FAMST 391 concurrently with permission of program director or FAMST 391 instructor.","B","3","O","20263","Senior Seminar: Special Topics","Seminar","2026"
"0000172236","1.0","0000000792","FMS","This course encourages students to critically assess and shape their personal relationship to the media landscape. Its premise is that we are all, to some extent, uninformed and uncritical consumers of media products, services and effects rather than conscientious and civically engaged users of them. In this spirit, this course is designed to give students a theoretical, as well as practical, experience with issues of gender, race, class, and sexuality as they manifest in mediated artifacts of popular culture. The course is taught from a media studies perspective where students gain skills in critical analysis and media literacy. Concepts of power, privilege, justice, representation, hegemony, consumption and resistance are woven throughout course readings, images, assignments and discussions. Offered twice annually.","0","0","0","0","0","MCD;MCS-D;ORC;PAR","O'Keefe, Connor L.","{'fsnum': '9005179', 'name': ""O'Keefe, Connor L.""}","100","30","","","","","The Media Landscape","","160","{'day': 'Mo', 'end': '10:00', 'location': 'TBA', 'start': '09:05'};{'day': 'We', 'end': '10:00', 'location': 'TBA', 'start': '09:05'};{'day': 'Fr', 'end': '10:00', 'location': 'TBA', 'start': '09:05'}","False","False","","3","O","20263","","Research","2026"
"0000171312","1.0","0000034662","FMS","This course introduces students to film and media production. The course rotates topics to accommodate various modes of production such as documentary, experimental, and narrative filmmaking. Students view and study film, learn the creative and technical skills associated with the course's focus, as well as participate in their own film and media productions. Offered annually. Prerequisites: FMS 101 or FMS 160 recommended.","0","0","0","0","0","ALS-A;CRE","O'Keefe, Connor L.","{'fsnum': '9005179', 'name': ""O'Keefe, Connor L.""}","200","18","","","","","Top: Film and Media Production","","220","{'day': 'Mo', 'end': '13:50', 'location': 'TBA', 'start': '12:55'};{'day': 'We', 'end': '13:50', 'location': 'TBA', 'start': '12:55'};{'day': 'Fr', 'end': '13:50', 'location': 'TBA', 'start': '12:55'}","False","Prerequisites: FMS 101 or FMS 160 recommended.","","3","O","20263","Film and Media Production","Topic","2026"
"0000170667","1.0","0000035239","FMS","This course is an introduction to the major figures, concepts, and debates in film and media theory (1915 to the present day). Although a historical framework informs the structure of this course, students are strongly encouraged to observe similarities and differences within the same schools of theory as well as across different theoretical models and periods. Topics of study include formative and realist film theory, psychoanalysis, semiotics, new and digital media, feminist media theory, and postmodernism. Offered annually in the spring semester beginning spring semester 2021-22. Prerequisite: FMS 101 or permission of instructor.","0","0","0","0","0","ALS-A","Nordfjörd, Björn","{'fsnum': '26260', 'name': 'Nordfjörd, Björn'}","200","24","","","","","Film and Media Theory","","280","{'day': 'Tu', 'end': '13:10', 'location': 'TBA', 'start': '23:45'};{'day': 'Th', 'end': '14:05', 'location': 'TBA', 'start': '12:45'}","False","FMS 101 or permission of instructor.","","3","O","20263","","Research","2026"
"0000172237","1.0","0000037180","FMS","This is an advanced film and media production course that builds upon students' prior skills in the field. It gives them the opportunity to further develop their expertise and skills in developing advanced film and media projects. The course rotates topics to accommodate various approaches and types of film and media production. Offered periodically. Prerequisite: FMS 220 Film and Media production or comparable course.","0","0","0","0","0","ALS-A;CRE","O'Keefe, Connor L.","{'fsnum': '9005179', 'name': ""O'Keefe, Connor L.""}","300","16","","","","","Top: Advanced Film and Media Produc","","320","{'day': 'Mo', 'end': '11:40', 'location': 'TBA', 'start': '10:45'};{'day': 'We', 'end': '11:40', 'location': 'TBA', 'start': '10:45'};{'day': 'Fr', 'end': '11:40', 'location': 'TBA', 'start': '10:45'}","False","FMS 220 Film and Media production or comparable course.","","3","O","20263","Advanced Film and Media Production","Topic","2026"
"0000172238","1.0","0000032286","FMS","This advanced course rotates between various topics in film that may include genres and styles, authorship, national and transnational cinemas, industrial history, and film's relationship to other art forms and popular culture at large. Students study films within a context that emphasizes specialized theoretical, cultural, or historical concerns and questions. May be repeated if topic is different. Offered annually in the spring semester. Prerequisite: FMS 101.","0","0","0","0","0","","Mokdad, Linda","{'fsnum': '26249', 'name': 'Mokdad, Linda'}","300","19","","","","","Top: The Horror Film","","350","{'day': 'Tu', 'end': '11:00', 'location': 'TBA', 'start': '09:35'};{'day': 'Th', 'end': '10:50', 'location': 'TBA', 'start': '09:30'}","False","FMS 101.","","3","O","20263","Topics in Film and Media Studies","Topic","2026"
"0000170453","1.0","0000000477","FREN","Students expand their developing language skills by continuing to listen, speak, read, and write on topics familiar to them. They continue their study of social and cultural notions inherent in the daily life of peoples in diverse Francophone communities and learn to think critically and make interdisciplinary connections and informed cross-cultural comparisons. Offered during spring semester. Does not count toward French major. Prerequisite: FREN 111 or placement.","0","0","0","0","0","","Vendetti, Maria","{'fsnum': '26256', 'name': 'Vendetti, Maria'}","100","24","","","","","Beginning French II","Prerequisite: FREN 111 or placement","112","{'day': 'Mo', 'end': '10:00', 'location': 'TOH 214', 'start': '09:05'};{'day': 'We', 'end': '10:00', 'location': 'TOH 214', 'start': '09:05'};{'day': 'Fr', 'end': '10:00', 'location': 'TOH 214', 'start': '09:05'}","False","FREN 111 or placement.","A","3","O","20263","","Research","2026"
"0000170452","1.0","0000000477","FREN","Students expand their developing language skills by continuing to listen, speak, read, and write on topics familiar to them. They continue their study of social and cultural notions inherent in the daily life of peoples in diverse Francophone communities and learn to think critically and make interdisciplinary connections and informed cross-cultural comparisons. Offered during spring semester. Does not count toward French major. Prerequisite: FREN 111 or placement.","0","0","0","0","0","","Wolf, Madeleine D.","{'fsnum': '9002463', 'name': 'Wolf, Madeleine D.'}","100","24","","","","","Beginning French II","Prerequisite: FREN 111 or placement","112","{'day': 'Mo', 'end': '11:40', 'location': 'TOH 214', 'start': '10:45'};{'day': 'We', 'end': '11:40', 'location': 'TOH 214', 'start': '10:45'};{'day': 'Fr', 'end': '11:40', 'location': 'TOH 214', 'start': '10:45'}","False","FREN 111 or placement.","B","3","O","20263","","Research","2026"
"0000170454","1.0","0000000477","FREN","Students expand their developing language skills by continuing to listen, speak, read, and write on topics familiar to them. They continue their study of social and cultural notions inherent in the daily life of peoples in diverse Francophone communities and learn to think critically and make interdisciplinary connections and informed cross-cultural comparisons. Offered during spring semester. Does not count toward French major. Prerequisite: FREN 111 or placement.","0","0","0","0","0","","Yoshioka-Maxwell, Livi C.","{'fsnum': '29128', 'name': 'Yoshioka-Maxwell, Livi C.'}","100","24","","","","","Beginning French II","Prerequisite: FREN 111 or placement","112","{'day': 'Mo', 'end': '12:45', 'location': 'TOH 316', 'start': '23:50'};{'day': 'We', 'end': '12:45', 'location': 'TOH 316', 'start': '23:50'};{'day': 'Fr', 'end': '12:45', 'location': 'TOH 316', 'start': '23:50'}","False","FREN 111 or placement.","C","3","O","20263","","Research","2026"
"0000170455","1.0","0000000477","FREN","Students expand their developing language skills by continuing to listen, speak, read, and write on topics familiar to them. They continue their study of social and cultural notions inherent in the daily life of peoples in diverse Francophone communities and learn to think critically and make interdisciplinary connections and informed cross-cultural comparisons. Offered during spring semester. Does not count toward French major. Prerequisite: FREN 111 or placement.","0","0","0","0","0","","Yoshioka-Maxwell, Livi C.","{'fsnum': '29128', 'name': 'Yoshioka-Maxwell, Livi C.'}","100","24","","","","","Beginning French II","Prerequisite: FREN 111 or placement","112","{'day': 'Mo', 'end': '13:50', 'location': 'TOH 316', 'start': '12:55'};{'day': 'We', 'end': '13:50', 'location': 'TOH 316', 'start': '12:55'};{'day': 'Fr', 'end': '13:50', 'location': 'TOH 316', 'start': '12:55'}","False","FREN 111 or placement.","D","3","O","20263","","Research","2026"
"0000170824","1.0","0000000480","FREN","Students explore questions of identity in the wider Francophone world through reading, discussing, and analyzing a wide variety of texts, including cultural documents, short biographical pieces, literary texts, and films. They consolidate their language skills and continue to develop their ability to analyze and communicate in French by engaging in interactive group activities, making oral presentations, and writing essays. They also work to expand their vocabulary and to review the French verb system and other key grammatical structures. Offered each semester. Prerequisite: FREN 231 or placement.","0","0","0","0","0","FOL-F;GHS;MCG;MCS-G;WLC","Briand, Cedric","{'fsnum': '28150', 'name': 'Briand, Cedric'}","200","24","","","","","Intermed French II","Prerequisite: FREN 231 or placement","232","{'day': 'Mo', 'end': '10:00', 'location': 'TOH 308', 'start': '09:05'};{'day': 'We', 'end': '10:00', 'location': 'TOH 308', 'start': '09:05'};{'day': 'Fr', 'end': '10:00', 'location': 'TOH 308', 'start': '09:05'}","False","FREN 231 or placement.","A","3","O","20263","Intermediate French II","Research","2026"
"0000170823","1.0","0000000480","FREN","Students explore questions of identity in the wider Francophone world through reading, discussing, and analyzing a wide variety of texts, including cultural documents, short biographical pieces, literary texts, and films. They consolidate their language skills and continue to develop their ability to analyze and communicate in French by engaging in interactive group activities, making oral presentations, and writing essays. They also work to expand their vocabulary and to review the French verb system and other key grammatical structures. Offered each semester. Prerequisite: FREN 231 or placement.","0","0","0","0","0","FOL-F;GHS;MCG;MCS-G;WLC","Briand, Cedric","{'fsnum': '28150', 'name': 'Briand, Cedric'}","200","24","","","","","Intermed French II","Prerequisite: FREN 231 or placement","232","{'day': 'Mo', 'end': '11:40', 'location': 'TOH 308', 'start': '10:45'};{'day': 'We', 'end': '11:40', 'location': 'TOH 308', 'start': '10:45'};{'day': 'Fr', 'end': '11:40', 'location': 'TOH 308', 'start': '10:45'}","False","FREN 231 or placement.","B","3","O","20263","Intermediate French II","Research","2026"
"0000170851","1.0","0000000485","FREN","Students read a variety of French literary texts. The course focuses on aspects of literary analysis, terminology, methodology, and literary history. Students develop critical skills through discussion and analytical writing. Taught in French. Offered annually; one 250-level course will be offered each fall and spring semester. Prerequisite: FREN 232 or FREN 235, or FREN 237 or equivalent.","0","0","0","0","0","ALS-L;CRE;FOL-F;WLC","Killackey, Sean P.","{'fsnum': '31165', 'name': 'Killackey, Sean P.'}","200","20","","","","","Intro Literary Analy","Prerequisite: FREN 232 or FREN 235, or equivalent.","253","{'day': 'Tu', 'end': '13:10', 'location': 'TOH 312', 'start': '23:45'};{'day': 'Th', 'end': '14:05', 'location': 'TOH 312', 'start': '12:45'}","False","FREN 232 or FREN 235, or FREN 237 or equivalent.","","3","O","20263","Introduction to Literary Analysis","Research","2026"
"0000172635","1.0","0000000488","FREN","Students explore a particular period or century through examination of selected literary and non-literary works within their socio-historical and cultural contexts. Coursework includes discussion, analysis, and interpretation of representative works. Sample topics: ""19th-Century French Literature,"" ""La Belle Epoque,"" and ""20th-Century French Literature."" May be repeated if period is different. Taught in French. Offered at least alternate years. Prerequisite: minimum of one 250-level course (two recommended).","0","0","0","0","0","","Briand, Cedric","{'fsnum': '28150', 'name': 'Briand, Cedric'}","200","20","","","","","Top: France -Middle Ages to Revolut","Prerequisite: minimum of one 250-level course (two recommended).                ;Full topic title: France from the Middle Ages to the Revolution","273","{'day': 'Tu', 'end': '11:00', 'location': 'TBA', 'start': '09:35'};{'day': 'Th', 'end': '10:50', 'location': 'TBA', 'start': '09:30'}","False","minimum of one 250-level course (two recommended).","","3","O","20263","Period Studies","Topic","2026"
"0000172473","1.0","0000000492","FREN","Students explore a specified topic or theme in language, in literature, or in culture/civilization, or in a combination of these, through close reading, discussion, analysis, and interpretation of selected literary and/or non-literary works. Recent topics include ""War and Terrorism,"" ""Crime and Memory in Fiction,"" and ""Translation Studies."" May be repeated if topic is different. Taught in French. Offered annually. Prerequisite: minimum of one 270-level course (two recommended).","0","0","0","0","0","","Wolf, Madeleine D.","{'fsnum': '9002463', 'name': 'Wolf, Madeleine D.'}","300","20","","","","","Top:","Prerequisite: minimum of one 270-level course","372","{'day': 'Mo', 'end': '14:55', 'location': 'TBA', 'start': '14:00'};{'day': 'We', 'end': '14:55', 'location': 'TBA', 'start': '14:00'};{'day': 'Fr', 'end': '14:55', 'location': 'TBA', 'start': '14:00'}","False","minimum of one 270-level course (two recommended).","","3","O","20263","Topics in Francophone Studies","Topic","2026"
"0000172480","1.0","0000036173","FYS","This course emphasizes critical thinking, conversation, collaboration, and academic habits for the liberal arts. Students learn key skills like locating and evaluating academic sources, as well as reading, reflecting, and responding to texts. Students cultivate their own curiosity while also learning how to engage in community, better understanding their responsibilities to each other. This course is open to first-year students and a limited number of sophomores. Prerequisite: first-year student status.","0","0","0","0","0","FYS","Graefe, Carl M.","{'fsnum': '9005108', 'name': 'Graefe, Carl M.'}","100","20","","0","","0","Top: First-Year Seminar","","120","{'day': 'Mo', 'end': '08:55', 'location': 'TBA', 'start': '08:00'};{'day': 'We', 'end': '08:55', 'location': 'TBA', 'start': '08:00'};{'day': 'Fr', 'end': '08:55', 'location': 'TBA', 'start': '08:00'}","False","first-year student status.","B","3","O","20263","First-Year Seminar","Topic","2026"
"0000171991","1.0","0000036173","FYS","This course emphasizes critical thinking, conversation, collaboration, and academic habits for the liberal arts. Students learn key skills like locating and evaluating academic sources, as well as reading, reflecting, and responding to texts. Students cultivate their own curiosity while also learning how to engage in community, better understanding their responsibilities to each other. This course is open to first-year students and a limited number of sophomores. Prerequisite: first-year student status.","0","0","0","0","0","FYS","Thompson, Nancy M.","{'fsnum': '13137', 'name': 'Thompson, Nancy M.'}","100","20","","0","","0","Top: Art/Gender in 17th-Cent Italy","Special Topic: Art and Gender in 17-Century Italy","120","{'day': 'Tu', 'end': '14:45', 'location': 'TBA', 'start': '13:20'};{'day': 'Th', 'end': '15:35', 'location': 'TBA', 'start': '14:15'}","False","first-year student status.","M","3","O","20263","First-Year Seminar","Topic","2026"
"0000171326","1.0","0000036173","FYS","This course emphasizes critical thinking, conversation, collaboration, and academic habits for the liberal arts. Students learn key skills like locating and evaluating academic sources, as well as reading, reflecting, and responding to texts. Students cultivate their own curiosity while also learning how to engage in community, better understanding their responsibilities to each other. This course is open to first-year students and a limited number of sophomores. Prerequisite: first-year student status.","0","0","0","0","0","FYS","Ripley, Jason J.","{'fsnum': '17395', 'name': 'Ripley, Jason J.'}","100","20","","0","","0","Top: Love and Liberating Arts","Section topic: Love and the Liberating Arts","120","{'day': 'Mo', 'end': '08:55', 'location': 'TOH 308', 'start': '08:00'};{'day': 'We', 'end': '08:55', 'location': 'TOH 308', 'start': '08:00'};{'day': 'Fr', 'end': '08:55', 'location': 'TOH 308', 'start': '08:00'}","False","first-year student status.","A","3","O","20263","First-Year Seminar","Topic","2026"
"0000171281","1.0","0000036173","FYS","This course emphasizes critical thinking, conversation, collaboration, and academic habits for the liberal arts. Students learn key skills like locating and evaluating academic sources, as well as reading, reflecting, and responding to texts. Students cultivate their own curiosity while also learning how to engage in community, better understanding their responsibilities to each other. This course is open to first-year students and a limited number of sophomores. Prerequisite: first-year student status.","0","0","0","0","0","FYS","Carter, David","{'fsnum': '973', 'name': 'Carter, David'}","100","20","","0","","0","Top: Race in 20th-Century Music","Section topic: Race in 20th-Century Music                                       ;This course includes an academic civic engagement (ACE) component.","120","{'day': 'Mo', 'end': '10:00', 'location': 'RML 421', 'start': '09:05'};{'day': 'We', 'end': '10:00', 'location': 'RML 421', 'start': '09:05'};{'day': 'Fr', 'end': '10:00', 'location': 'RML 421', 'start': '09:05'}","False","first-year student status.","C","3","O","20263","First-Year Seminar","Topic","2026"
"0000171292","1.0","0000036173","FYS","This course emphasizes critical thinking, conversation, collaboration, and academic habits for the liberal arts. Students learn key skills like locating and evaluating academic sources, as well as reading, reflecting, and responding to texts. Students cultivate their own curiosity while also learning how to engage in community, better understanding their responsibilities to each other. This course is open to first-year students and a limited number of sophomores. Prerequisite: first-year student status.","0","0","0","0","0","FYS","Sackrison, Caitlin","{'fsnum': '9002442', 'name': 'Sackrison, Caitlin'}","100","20","","0","","0","Top: First-Year Seminar","Section topic:","120","{'day': 'Mo', 'end': '10:00', 'location': 'TBA', 'start': '09:05'};{'day': 'We', 'end': '10:00', 'location': 'TBA', 'start': '09:05'};{'day': 'Fr', 'end': '10:00', 'location': 'TBA', 'start': '09:05'}","False","first-year student status.","D","3","O","20263","First-Year Seminar","Topic","2026"
"0000171293","1.0","0000036173","FYS","This course emphasizes critical thinking, conversation, collaboration, and academic habits for the liberal arts. Students learn key skills like locating and evaluating academic sources, as well as reading, reflecting, and responding to texts. Students cultivate their own curiosity while also learning how to engage in community, better understanding their responsibilities to each other. This course is open to first-year students and a limited number of sophomores. Prerequisite: first-year student status.","0","0","0","0","0","FYS","Sackrison, Caitlin","{'fsnum': '9002442', 'name': 'Sackrison, Caitlin'}","100","20","","0","","0","Top: First-Year Seminar","Section topic:","120","{'day': 'Mo', 'end': '13:50', 'location': 'TBA', 'start': '12:55'};{'day': 'We', 'end': '13:50', 'location': 'TBA', 'start': '12:55'};{'day': 'Fr', 'end': '13:50', 'location': 'TBA', 'start': '12:55'}","False","first-year student status.","E","3","O","20263","First-Year Seminar","Topic","2026"
"0000171289","1.0","0000036173","FYS","This course emphasizes critical thinking, conversation, collaboration, and academic habits for the liberal arts. Students learn key skills like locating and evaluating academic sources, as well as reading, reflecting, and responding to texts. Students cultivate their own curiosity while also learning how to engage in community, better understanding their responsibilities to each other. This course is open to first-year students and a limited number of sophomores. Prerequisite: first-year student status.","0","0","0","0","0","FYS","Kucera, Karil J.","{'fsnum': '14964', 'name': 'Kucera, Karil J.'}","100","20","","0","","0","Top: Sacred Sites of Sport","Section topic: Sacred Sites of Sport","120","{'day': 'Mo', 'end': '13:50', 'location': 'HH 205', 'start': '12:55'};{'day': 'We', 'end': '13:50', 'location': 'HH 205', 'start': '12:55'};{'day': 'Fr', 'end': '13:50', 'location': 'HH 205', 'start': '12:55'}","False","first-year student status.","F","3","O","20263","First-Year Seminar","Topic","2026"
"0000171317","1.0","0000036173","FYS","This course emphasizes critical thinking, conversation, collaboration, and academic habits for the liberal arts. Students learn key skills like locating and evaluating academic sources, as well as reading, reflecting, and responding to texts. Students cultivate their own curiosity while also learning how to engage in community, better understanding their responsibilities to each other. This course is open to first-year students and a limited number of sophomores. Prerequisite: first-year student status.","0","0","0","0","0","FYS","Parmar, Nissa","{'fsnum': '9002679', 'name': 'Parmar, Nissa'}","100","20","","0","","0","Top: First-Year Seminar","","120","{'day': 'Tu', 'end': '09:25', 'location': 'HH 522', 'start': '08:00'};{'day': 'Th', 'end': '09:20', 'location': 'HH 522', 'start': '08:00'}","False","first-year student status.","G","3","O","20263","First-Year Seminar","Topic","2026"
"0000171351","1.0","0000036173","FYS","This course emphasizes critical thinking, conversation, collaboration, and academic habits for the liberal arts. Students learn key skills like locating and evaluating academic sources, as well as reading, reflecting, and responding to texts. Students cultivate their own curiosity while also learning how to engage in community, better understanding their responsibilities to each other. This course is open to first-year students and a limited number of sophomores. Prerequisite: first-year student status.","0","0","0","0","0","FYS","Fuerstein, Michael","{'fsnum': '21885', 'name': 'Fuerstein, Michael'}","100","20","","0","","0","Top: First-Year Seminar","Section topic:","120","{'day': 'Tu', 'end': '11:00', 'location': 'TBA', 'start': '09:35'};{'day': 'Th', 'end': '10:50', 'location': 'TBA', 'start': '09:30'}","False","first-year student status.","H","3","O","20263","First-Year Seminar","Topic","2026"
"0000171341","1.0","0000036173","FYS","This course emphasizes critical thinking, conversation, collaboration, and academic habits for the liberal arts. Students learn key skills like locating and evaluating academic sources, as well as reading, reflecting, and responding to texts. Students cultivate their own curiosity while also learning how to engage in community, better understanding their responsibilities to each other. This course is open to first-year students and a limited number of sophomores. Prerequisite: first-year student status.","0","0","0","0","0","FYS","Tegtmeyer Pak, Katherine S.","{'fsnum': '15754', 'name': 'Tegtmeyer Pak, Katherine S.'}","100","20","","0","","0","Top: Imagining Democracies Globally","Section topic: Imagining Democracies Globally                                   ;This course includes an academic civic engagement (ACE) component.","120","{'day': 'Tu', 'end': '11:00', 'location': 'TBA', 'start': '09:35'};{'day': 'Th', 'end': '10:50', 'location': 'TBA', 'start': '09:30'}","False","first-year student status.","I","3","O","20263","First-Year Seminar","Topic","2026"
"0000171286","1.0","0000036173","FYS","This course emphasizes critical thinking, conversation, collaboration, and academic habits for the liberal arts. Students learn key skills like locating and evaluating academic sources, as well as reading, reflecting, and responding to texts. Students cultivate their own curiosity while also learning how to engage in community, better understanding their responsibilities to each other. This course is open to first-year students and a limited number of sophomores. Prerequisite: first-year student status.","0","0","0","0","0","FYS","Becklin, Eric R.","{'fsnum': '20451', 'name': 'Becklin, Eric R.'}","100","20","","0","","0","Top: First-Year Seminar","Section topic:","120","{'day': 'Tu', 'end': '11:00', 'location': 'TBA', 'start': '09:35'};{'day': 'Th', 'end': '10:50', 'location': 'TBA', 'start': '09:30'}","False","first-year student status.","J","3","O","20263","First-Year Seminar","Topic","2026"
"0000171297","1.0","0000036173","FYS","This course emphasizes critical thinking, conversation, collaboration, and academic habits for the liberal arts. Students learn key skills like locating and evaluating academic sources, as well as reading, reflecting, and responding to texts. Students cultivate their own curiosity while also learning how to engage in community, better understanding their responsibilities to each other. This course is open to first-year students and a limited number of sophomores. Prerequisite: first-year student status.","0","0","0","0","0","FYS","Brandwein, Rachel","{'fsnum': '31164', 'name': 'Brandwein, Rachel'}","100","20","","0","","0","Top: The Creative Learning Workshop","Section topic: The Creative Learning Workshop","120","{'day': 'Tu', 'end': '13:10', 'location': 'TBA', 'start': '23:45'};{'day': 'Th', 'end': '14:05', 'location': 'TBA', 'start': '12:45'}","False","first-year student status.","K","3","O","20263","First-Year Seminar","Topic","2026"
"0000171282","1.0","0000036173","FYS","This course emphasizes critical thinking, conversation, collaboration, and academic habits for the liberal arts. Students learn key skills like locating and evaluating academic sources, as well as reading, reflecting, and responding to texts. Students cultivate their own curiosity while also learning how to engage in community, better understanding their responsibilities to each other. This course is open to first-year students and a limited number of sophomores. Prerequisite: first-year student status.","0","0","0","0","0","FYS","Stryker, Marita K.","{'fsnum': '35025', 'name': 'Stryker, Marita K.'}","100","20","","0","","0","Top: First-Year Seminar","Section topic:","120","{'day': 'Tu', 'end': '14:45', 'location': 'OM 340', 'start': '13:20'};{'day': 'Th', 'end': '15:35', 'location': 'OM 340', 'start': '14:15'}","False","first-year student status.","L","3","O","20263","First-Year Seminar","Topic","2026"
"0000172305","","0000036590","FYS","","0","0","0","0","0","","Staff","{'fsnum': '', 'name': 'Staff'}","100","19","","","","","SOAR Discussion","","120","{'day': 'Th', 'end': '12:30', 'location': 'TBA', 'start': '23:30'}","False","","N","3","O","20263","","Discussion","2026"
"0000171178","","0000036590","FYS","","0","0","0","0","0","","Staff","{'fsnum': '', 'name': 'Staff'}","100","19","","","","","SOAR Discussion","SOAR Discussion meets on Feb 13, Feb 27, Mar 13, Mar 27, Apr 10.","120","{'day': 'Th', 'end': '12:30', 'location': 'TBA', 'start': '23:30'}","False","","A","3","O","20263","","Discussion","2026"
"0000171179","","0000036590","FYS","","0","0","0","0","0","","Staff","{'fsnum': '', 'name': 'Staff'}","100","19","","","","","SOAR Discussion","SOAR Discussion meets on Feb 13, Feb 27, Mar 13, Mar 27, Apr 10.","120","{'day': 'Th', 'end': '12:30', 'location': 'TBA', 'start': '23:30'}","False","","B","3","O","20263","","Discussion","2026"
"0000171180","","0000036590","FYS","","0","0","0","0","0","","Staff","{'fsnum': '', 'name': 'Staff'}","100","19","","","","","SOAR Discussion","SOAR Discussion meets on Feb 13, Feb 27, Mar 13, Mar 27, Apr 10.","120","{'day': 'Th', 'end': '12:30', 'location': 'TBA', 'start': '23:30'}","False","","C","3","O","20263","","Discussion","2026"
"0000171181","","0000036590","FYS","","0","0","0","0","0","","Staff","{'fsnum': '', 'name': 'Staff'}","100","19","","","","","SOAR Discussion","SOAR Discussion meets on Feb 13, Feb 27, Mar 13, Mar 27, Apr 10.","120","{'day': 'Th', 'end': '12:30', 'location': 'TBA', 'start': '23:30'}","False","","D","3","O","20263","","Discussion","2026"
"0000171182","","0000036590","FYS","","0","0","0","0","0","","Staff","{'fsnum': '', 'name': 'Staff'}","100","19","","","","","SOAR Discussion","SOAR Discussion meets on Feb 13, Feb 27, Mar 13, Mar 27, Apr 10.","120","{'day': 'Th', 'end': '12:30', 'location': 'TBA', 'start': '23:30'}","False","","E","3","O","20263","","Discussion","2026"
"0000171183","","0000036590","FYS","","0","0","0","0","0","","Staff","{'fsnum': '', 'name': 'Staff'}","100","19","","","","","SOAR Discussion","SOAR Discussion meets on Feb 13, Feb 27, Mar 13, Mar 27, Apr 10.","120","{'day': 'Th', 'end': '12:30', 'location': 'TBA', 'start': '23:30'}","False","","F","3","O","20263","","Discussion","2026"
"0000171184","","0000036590","FYS","","0","0","0","0","0","","Staff","{'fsnum': '', 'name': 'Staff'}","100","19","","","","","SOAR Discussion","SOAR Discussion meets on Feb 13, Feb 27, Mar 13, Mar 27, Apr 10.","120","{'day': 'Th', 'end': '12:30', 'location': 'TBA', 'start': '23:30'}","False","","G","3","O","20263","","Discussion","2026"
"0000171185","","0000036590","FYS","","0","0","0","0","0","","Staff","{'fsnum': '', 'name': 'Staff'}","100","19","","","","","SOAR Discussion","SOAR Discussion meets on Feb 13, Feb 27, Mar 13, Mar 27, Apr 10.","120","{'day': 'Th', 'end': '12:30', 'location': 'TBA', 'start': '23:30'}","False","","H","3","O","20263","","Discussion","2026"
"0000171186","","0000036590","FYS","","0","0","0","0","0","","Staff","{'fsnum': '', 'name': 'Staff'}","100","19","","","","","SOAR Discussion","SOAR Discussion meets on Feb 13, Feb 27, Mar 13, Mar 27, Apr 10.","120","{'day': 'Th', 'end': '12:30', 'location': 'TBA', 'start': '23:30'}","False","","I","3","O","20263","","Discussion","2026"
"0000171187","","0000036590","FYS","","0","0","0","0","0","","Staff","{'fsnum': '', 'name': 'Staff'}","100","19","","","","","SOAR Discussion","SOAR Discussion meets on Feb 13, Feb 27, Mar 13, Mar 27, Apr 10.","120","{'day': 'Th', 'end': '12:30', 'location': 'TBA', 'start': '23:30'}","False","","J","3","O","20263","","Discussion","2026"
"0000171188","","0000036590","FYS","","0","0","0","0","0","","Staff","{'fsnum': '', 'name': 'Staff'}","100","19","","","","","SOAR Discussion","SOAR Discussion meets on Feb 13, Feb 27, Mar 13, Mar 27, Apr 10.","120","{'day': 'Th', 'end': '12:30', 'location': 'TBA', 'start': '23:30'}","False","","K","3","O","20263","","Discussion","2026"
"0000171189","","0000036590","FYS","","0","0","0","0","0","","Staff","{'fsnum': '', 'name': 'Staff'}","100","19","","","","","SOAR Discussion","SOAR Discussion meets on Feb 13, Feb 27, Mar 13, Mar 27, Apr 10.","120","{'day': 'Th', 'end': '12:30', 'location': 'TBA', 'start': '23:30'}","False","","L","3","O","20263","","Discussion","2026"
"0000171215","","0000036590","FYS","","0","0","0","0","0","","Staff","{'fsnum': '', 'name': 'Staff'}","100","19","","","","","SOAR Discussion","SOAR Discussion meets on Feb 13, Feb 27, Mar 13, Mar 27, Apr 10.","120","{'day': 'Th', 'end': '12:30', 'location': 'TBA', 'start': '23:30'}","False","","M","3","O","20263","","Discussion","2026"
"0000170456","1.0","0000000505","GERM","Students continue to develop basic language skills with emphasis on expanding vocabulary and on writing assignments that aid in the practical application of grammatical concepts. Communicating in German about familiar personal topics, students acquire vocabulary about sports, food, holidays, school, the environment, and everyday life in German-speaking societies. Offered annually in the spring semester. Does not count toward German major or concentration. Prerequisite: GERM 111 or by placement test.","0","0","0","0","0","","Randall, Amanda","{'fsnum': '27192', 'name': 'Randall, Amanda'}","100","24","","","","","Beginning German II","Prerequisite: GERM 111 or by placement test.","112","{'day': 'Mo', 'end': '08:55', 'location': 'TOH 212', 'start': '08:00'};{'day': 'We', 'end': '08:55', 'location': 'TOH 212', 'start': '08:00'};{'day': 'Fr', 'end': '08:55', 'location': 'TOH 212', 'start': '08:00'}","False","GERM 111 or by placement test.","A","3","O","20263","","Research","2026"
"0000170457","1.0","0000000505","GERM","Students continue to develop basic language skills with emphasis on expanding vocabulary and on writing assignments that aid in the practical application of grammatical concepts. Communicating in German about familiar personal topics, students acquire vocabulary about sports, food, holidays, school, the environment, and everyday life in German-speaking societies. Offered annually in the spring semester. Does not count toward German major or concentration. Prerequisite: GERM 111 or by placement test.","0","0","0","0","0","","Kancans, Vincent","{'fsnum': '9006313', 'name': 'Kancans, Vincent'}","100","24","","","","","Beginning German II","Prerequisite: GERM 111 or by placement test.","112","{'day': 'Mo', 'end': '10:00', 'location': 'TOH 212', 'start': '09:05'};{'day': 'We', 'end': '10:00', 'location': 'TOH 212', 'start': '09:05'};{'day': 'Fr', 'end': '10:00', 'location': 'TOH 212', 'start': '09:05'}","False","GERM 111 or by placement test.","B","3","O","20263","","Research","2026"
"0000170825","1.0","0000000509","GERM","Students advance their German language skills through engagement with texts concerning the effects of the past on the present. Topics include protest and resistance, environmental sustainability, and exile experiences, as captured in a graphic novel, short stories, essays, songs, and film. Close reading and integrated grammar and vocabulary-building tasks allow students to improve their German comprehension, speaking and writing. They develop critical literacy skills through written reflections and essays, and interpersonal, interpretive, and presentational speaking tasks. Taught in German. Offered annually in the spring semester. Prerequisite: GERM 231 or by placement test.","0","0","0","0","0","FOL-G;GHS;WLC","Vosburg, Nora","{'fsnum': '32164', 'name': 'Vosburg, Nora'}","200","28","","","","","Intermed German II","Prerequisite: GERM 231 or by placement test.","232","{'day': 'Mo', 'end': '14:55', 'location': 'TOH 212', 'start': '14:00'};{'day': 'We', 'end': '14:55', 'location': 'TOH 212', 'start': '14:00'};{'day': 'Fr', 'end': '14:55', 'location': 'TOH 212', 'start': '14:00'}","False","GERM 231 or by placement test.","","3","O","20263","Intermediate German II","Research","2026"
"0000170701","1.0","0000000516","GERM","Students examine current issues in German-speaking societies such as politics, sustainability, social welfare, diversity, and migration. They compare multiple perspectives on, and connections between the issues through sources including documentaries, podcasts, and news articles. Short writing assignments and oral presentations emphasize analysis of texts' strategic organization, argumentative structure, style, and layered voices. Advanced grammar review supports analytical tasks. Taught in German. A weekly small group discussion section led by a native German speaker is required. Offered annually in the spring semester. Prerequisite: GERM 232 or by placement test.","0","0","0","0","0","FOL-G;ORC;WLC","Kancans, Vincent","{'fsnum': '9006313', 'name': 'Kancans, Vincent'}","200","20","","","","","German-speaking Societies","Prerequisite: GERM 232 or by placement test                                     ;Students in GERM 252 must also register for GERM 252 discussion.","252","{'day': 'Tu', 'end': '13:10', 'location': 'TOH 316', 'start': '23:45'};{'day': 'Th', 'end': '14:05', 'location': 'TOH 316', 'start': '12:45'}","False","GERM 232 or by placement test.","","3","O","20263","German-speaking Societies in Global Context","Research","2026"
"0000170702","","0000038338","GERM","","0","0","0","0","0","","Kancans, Vincent","{'fsnum': '9006313', 'name': 'Kancans, Vincent'}","200","20","","","","","German-speaking Societies Discussio","","252","","False","","","3","O","20263","","Discussion","2026"
"0000171992","1.0","0000000526","GERM","Students explore an interdisciplinary topic in language, literature, history, or culture through close reading, discussion, analysis, and interpretation of selected works, including theoretical texts. Recent topics: identities and boundaries of the German-speaking world, Arbeitskulturen, and the Rote Armee Fraktion. Taught in German. May be repeated if topic is different. Offered alternate years in spring semester. Prerequisite: at least one 270-level GERM course.","0","0","0","0","0","","Vosburg, Nora","{'fsnum': '32164', 'name': 'Vosburg, Nora'}","300","20","","","","","Top: Arbeitskulturen","Prerequisite: at least one 270-level GERM course","372","{'day': 'Tu', 'end': '11:00', 'location': 'TBA', 'start': '09:35'};{'day': 'Th', 'end': '10:50', 'location': 'TBA', 'start': '09:30'}","False","at least one 270-level GERM course.","","3","O","20263","Transdisciplinary Topics in German Studies","Topic","2026"
"0000171813","1.0","0000000540","GREEK","In this two-course sequence students learn the basics of ancient Greek. By studying the language's vocabulary, grammar, and syntax, they not only gain appreciation for its intricacies and nuances but also learn more about their own language and about language in general. Completion of both GREEK 111 and GREEK 112 equips students to translate almost any ancient Greek text with the aid of a dictionary. Offered annually in the spring semester. Prerequisite: GREEK 111 or equivalent.","0","0","0","0","0","","Moench, Peter","{'fsnum': '9002374', 'name': 'Moench, Peter'}","100","25","","","","","Beginning Greek II","","112","{'day': 'Mo', 'end': '14:55', 'location': 'TBA', 'start': '14:00'};{'day': 'We', 'end': '14:55', 'location': 'TBA', 'start': '14:00'};{'day': 'Fr', 'end': '14:55', 'location': 'TBA', 'start': '14:00'}","False","GREEK 111 or equivalent.","","3","O","20263","","Research","2026"
"0000171814","1.0","0000000542","GREEK","The New Testament is the most famous and most widely translated Greek text from antiquity. Students have the opportunity to read one or more of the Gospels, the Acts of the Apostles, or selected Pauline letters in the original language. Questions about the transmission of the text and about its theological implications provoke lively discussions. Offered alternate years in the spring semester. Prerequisite: GREEK 231 or equivalent.","0","0","0","0","0","ALS-L;FOL-K;RFV;WLC","Moench, Peter","{'fsnum': '9002374', 'name': 'Moench, Peter'}","200","15","","","","","New Testament Greek","","253","{'day': 'Mo', 'end': '10:00', 'location': 'TBA', 'start': '09:05'};{'day': 'We', 'end': '10:00', 'location': 'TBA', 'start': '09:05'};{'day': 'Fr', 'end': '10:00', 'location': 'TBA', 'start': '09:05'}","False","GREEK 231 or equivalent.","","3","O","20263","","Research","2026"
"0000170849","1.0","0000026169","GSS","Required for the gender and sexuality studies major and concentration, this course introduces students to the concept of gender as a category of analysis. It is designed for students who seek a fuller understanding of themselves as gendered individuals living in a gendered society - all genders are encouraged to participate! Offered each semester.","0","0","0","0","0","","Pate, SooJin","{'fsnum': '25368', 'name': 'Pate, SooJin'}","100","21","10","5","5","5","Intro Gender/Sexuality St","","121","{'day': 'Tu', 'end': '13:10', 'location': 'TBA', 'start': '23:45'};{'day': 'Th', 'end': '14:05', 'location': 'TBA', 'start': '12:45'}","False","False","A","3","O","20263","Introduction to Gender and Sexuality Studies","Research","2026"
"0000171163","1.0","0000026503","GSS","The course provides a capstone to the major. Taught as a seminar, it offers an opportunity for students to integrate their studies of women and gender across disciplines and to become more aware of the intricate web of gender, race, culture, and class that informs women's experiences. Offered annually in the spring semester. Prerequisite: GSS 121; priority given to majors and concentrators.","0","0","0","0","0","WRI","Malaver, Lau M.","{'fsnum': '35077', 'name': 'Malaver, Lau M.'}","300","22","0","","0","19","Sem: Marxism and Intersectionality","Majors should contact the director to pre-register.  Preference will be given to;seniors and juniors.","399","{'day': 'Tu', 'end': '13:10', 'location': 'RNS 297', 'start': '23:45'};{'day': 'Th', 'end': '14:05', 'location': 'RNS 297', 'start': '12:45'}","False","GSS 121; priority given to majors and concentrators.","","3","O","20263","Advanced Topics in Gender and Sexuality Studies","Seminar","2026"
"0000172936","1.0","0000026652","HIST","","0","0","0","0","0","","Lippman, Erich","{'fsnum': '9005188', 'name': 'Lippman, Erich'}","0","15","0","","","","Placeholder Course","","1","{'day': 'Tu', 'end': '11:00', 'location': 'TBA', 'start': '09:35'};{'day': 'Th', 'end': '10:50', 'location': 'TBA', 'start': '09:30'}","False","","A","3","O","20263","","Research","2026"
"0000171614","1.0","0000026652","HIST","","0","0","0","0","0","","Wilz, Patrick","{'fsnum': '33927', 'name': 'Wilz, Patrick'}","0","15","","","","","Placeholder Course","","1","{'day': 'Tu', 'end': '14:45', 'location': 'TBA', 'start': '13:20'};{'day': 'Th', 'end': '15:35', 'location': 'TBA', 'start': '14:15'}","False","","B","3","O","20263","","Research","2026"
"0000172937","1.0","0000026652","HIST","","0","0","0","0","0","","Lippman, Erich","{'fsnum': '9005188', 'name': 'Lippman, Erich'}","0","28","","","","","Placeholder Course","","1","{'day': 'Tu', 'end': '09:25', 'location': 'TBA', 'start': '08:00'};{'day': 'Th', 'end': '09:20', 'location': 'TBA', 'start': '08:00'}","False","","C","3","O","20263","","Research","2026"
"0000172938","1.0","0000021544","HIST","This course examines Latin America's colonial history from 1492 to 1898. We will examine the history of Spanish, Portuguese and French imperialism in the region through the eyes of the people who lived it: Indigenous commoners and nobles, enslaved and freed people, women and children, scientists and entrepreneurs. With a specific focus on the history of human interaction with the region's diverse ecologies and the development of capitalism, on colonial law and the history of race and gender, we will ask how colonial society took shape, how these empires sustained themselves and why they eventually collapsed. Students will gain an appreciation for Latin America's central role in the modern history of global interconnection and understand how the specific dynamics of imperialism established the foundation for Latin America's postcolonial history.","0","0","0","0","0","GHS;MCG;MCS-G","Norris, Nathan C.","{'fsnum': '9005423', 'name': 'Norris, Nathan C.'}","100","28","","","","","Peoples of Colonial Latin America","","126","{'day': 'Tu', 'end': '11:00', 'location': 'TBA', 'start': '09:35'};{'day': 'Th', 'end': '10:50', 'location': 'TBA', 'start': '09:30'}","False","False","","3","O","20263","","Research","2026"
"0000171615","1.0","0000023953","HIST","This course explores the rise and fall of English piracy in the Caribbean, from its origins during the reign of Elizabeth I to the emergence of the so-called ""Golden Age"" of piracy in the early 18th century. Students investigate the ways in which piracy advanced and then later threatened the imperial goals of the English state and examine the enduring appeal of pirates in the popular imagination. Offered periodically.","0","0","0","0","0","GHS;HWC","Hahn, Steve C.","{'fsnum': '13148', 'name': 'Hahn, Steve C.'}","100","25","","","","","Pirates of the Caribbean","","140","{'day': 'Tu', 'end': '13:10', 'location': 'TBA', 'start': '23:45'};{'day': 'Th', 'end': '14:05', 'location': 'TBA', 'start': '12:45'}","False","False","","3","O","20263","","Research","2026"
"0000174593","1.0","0000023948","HIST","This course introduces students to the historical forces leading to and scholarly debates about slavery in African history. Students examine the nature and development of domestic slavery to the 19th century as well as the slave trade systems across the Saharan Desert and the Atlantic Ocean. Students ""do history"" using primary sources to retrieve the African voices and agency in discussions of the slave trade and debate themes such as ethnicity, kinship, state formation, and colonialism. Offered annually. Prerequisite: first-year student standing.","0","0","0","0","0","GHS;MCG;MCS-G","Iddrisu, Abdulai","{'fsnum': '21082', 'name': 'Iddrisu, Abdulai'}","100","30","","","","","Slavery in African Hist","","151","","False","first-year student standing.","","3","O","20263","Slavery in African History","Research","2026"
"0000174594","1.0","0000000573","HIST","This course examines the historical roots of modern culture and institutions from the earliest records of the Ancient Middle East and Mediterranean to Medieval Europe. Through a multi-disciplinary approach, students analyze the evolution of ubiquitous modern systems such as base-6 time keeping (60 seconds in a minute, 60 minutes in an hour, 24 hours in a day), trial by jury, ""school"" and the liberal arts university, ""money,"" enslavement, democracy, republic, monarchy and settler colonialism and imperialism. Offered annually.","0","0","0","0","0","GHS;HWC","Howe, Tim R.","{'fsnum': '15815', 'name': 'Howe, Tim R.'}","100","30","","","","","Middle East and Europe to 1500","","190","","False","False","","3","O","20263","The Roots of Our Modern World: Middle East and Europe to 1500","Research","2026"
"0000170654","1.0","0000000574","HIST","This course surveys European history and culture since the Reformation. Topics include the impact of Protestantism, the development of nation-states, the Enlightenment, revolutionary ideas and experiences, the Napoleonic era, imperialism, mass political movements, and global warfare. Through original texts, historical studies, and literature, students explore relations among religions, states and societies and understandings of liberty and reason, natural environments, family life, and gender roles. Offered annually.","0","0","0","0","0","GHS;HWC","Earls, Averill","{'fsnum': '33976', 'name': 'Earls, Averill'}","100","30","","","","","Europe: 1492-Present","","191","{'day': 'Tu', 'end': '14:45', 'location': 'TBA', 'start': '13:20'};{'day': 'Th', 'end': '15:35', 'location': 'TBA', 'start': '14:15'}","False","False","","3","O","20263","","Research","2026"
"0000170401","1.0","0000000578","HIST","As they study the development of American institutions and society from the Civil War to the present, students examine economic, social, and political themes with a special emphasis on changing interpretations. Major topics are Reconstruction, urbanization, populism, progressivism, depression, New Deal, foreign relations, civil rights, social reform, equality for women, and other recent trends. Offered annually.","0","0","0","0","0","GHS;HWC;MCD;MCS-D;PAR","Janak, Jaden","{'fsnum': '35033', 'name': 'Janak, Jaden'}","100","30","","","","","America After 1865","","199","{'day': 'Mo', 'end': '13:50', 'location': 'TBA', 'start': '12:55'};{'day': 'We', 'end': '13:50', 'location': 'TBA', 'start': '12:55'};{'day': 'Fr', 'end': '13:50', 'location': 'TBA', 'start': '12:55'}","False","False","A","3","O","20263","American History Since 1865","Research","2026"
"0000170402","1.0","0000000578","HIST","As they study the development of American institutions and society from the Civil War to the present, students examine economic, social, and political themes with a special emphasis on changing interpretations. Major topics are Reconstruction, urbanization, populism, progressivism, depression, New Deal, foreign relations, civil rights, social reform, equality for women, and other recent trends. Offered annually.","0","0","0","0","0","GHS;HWC;MCD;MCS-D;PAR","Janak, Jaden","{'fsnum': '35033', 'name': 'Janak, Jaden'}","100","30","","","","","America After 1865","","199","{'day': 'Mo', 'end': '14:55', 'location': 'TBA', 'start': '14:00'};{'day': 'We', 'end': '14:55', 'location': 'TBA', 'start': '14:00'};{'day': 'Fr', 'end': '14:55', 'location': 'TBA', 'start': '14:00'}","False","False","B","3","O","20263","American History Since 1865","Research","2026"
"0000170417","1.0","0000000582","HIST","This course is a survey of Mediterranean civilization from the early history of Italy through the Roman Republic and Empire. Language Across the Curriculum (LAC) course periodically available in Latin. Offered annually.","0","0","0","0","0","GHS;HWC;WAC","Howe, Tim R.","{'fsnum': '15815', 'name': 'Howe, Tim R.'}","200","22","","","","","Ancient: Rome","","204","{'day': 'Tu', 'end': '11:00', 'location': 'HH 501', 'start': '09:35'};{'day': 'Th', 'end': '10:50', 'location': 'HH 501', 'start': '09:30'}","False","False","","3","O","20263","","Research","2026"
"0000172597","1.0","0000043133","HIST","This course covers the main developments and themes in Europe from the fourteenth to seventeenth centuries, drawing on some of the on-going debates about the period, and giving particular attention to the powerful but often unpredictable influences of ideas and economic change in shaping institutions and people's experiences, including the Renaissance, literary and Christian humanism, the Protestant and Catholic Reformations, the rise of state power, merchant capitalism, European expansion, and the Scientific Revolution. Offered annually during fall semester.","0","0","0","0","0","","Sortor, Marci J.","{'fsnum': '22870', 'name': 'Sortor, Marci J.'}","200","30","","","","","Europe 1350-1650","","213","{'day': 'Mo', 'end': '11:40', 'location': 'TBA', 'start': '10:45'};{'day': 'We', 'end': '11:40', 'location': 'TBA', 'start': '10:45'};{'day': 'Fr', 'end': '11:40', 'location': 'TBA', 'start': '10:45'}","False","False","","3","O","20263","Europe 1350-1650: Renaissance, Reformation, Revolution","Research","2026"
"0000171006","1.0","0000042877","HIST","In the 17th and 18th centuries, the Age of Reason and Enlightenment sparked revolutions throughout Europe and the world. This course explores how the Nordic nations were shaped by this transformative era. Students analyze the impact of these global movements on Nordic history, examining new views on science, religion, and government. Students learn how these countries were an interconnected part of a revolutionary time, experiencing their own significant shifts in power, society, and culture. Offered periodically in spring semester.","0","0","0","0","0","ERC;GHS","Sackrison, Caitlin","{'fsnum': '9002442', 'name': 'Sackrison, Caitlin'}","200","28","","","","","Nordic Revolutions","","214","{'day': 'Mo', 'end': '11:40', 'location': 'TOH 212', 'start': '10:45'};{'day': 'We', 'end': '11:40', 'location': 'TOH 212', 'start': '10:45'};{'day': 'Fr', 'end': '11:40', 'location': 'TOH 212', 'start': '10:45'}","False","False","","3","O","20263","","Research","2026"
"0000172939","1.0","0000000603","HIST","This course explores topics in the history of Africa, Asia, or Latin America, designed to emphasize active skills of critical reading, textual and contextual analysis, historiographical argument, and historical writing. Recent topics have included ""American Empire: A Cultural History of US-Latin America Relations"" and ""Imperialism and Nationalism in Southeast Asia."" Primarily for history majors; others by permission of instructor. Offered periodically.","0","0","0","0","0","GHS;MCG;WRI","Norris, Nathan C.","{'fsnum': '9005423', 'name': 'Norris, Nathan C.'}","200","15","","","","","Sem: Cities in Latin American Hist","","240","{'day': 'Tu', 'end': '13:10', 'location': 'TBA', 'start': '23:45'};{'day': 'Th', 'end': '14:05', 'location': 'TBA', 'start': '12:45'}","False","False","","3","O","20263","Methods Seminar: Histories of Africa, Asia, and Latin America","Seminar","2026"
"0000171616","1.0","0000040346","HIST","This seminar explores a public-facing format for historical storytelling: podcasting. Students are trained in assessing podcasts as public history, then develop podcasting episode topics, conduct historical research, practice ""writing for the ear"", learn how to optimize sound recording and edit audio, and engage in peer review and iterative writing and audio editing processes. For the final project, students work together to produce a podcast of their own, from concept to final product.","0","0","0","0","0","OEP;WAC","Earls, Averill","{'fsnum': '33976', 'name': 'Earls, Averill'}","200","15","","","","","Sem: Podcasting History","","248","{'day': 'Tu', 'end': '21:00', 'location': 'TBA', 'start': '18:00'}","False","False","","3","O","20263","Sem: Digital Storytelling: Podcasting History","Seminar","2026"
"0000172239","1.0","0000000608","HIST","This course introduces the history of ancient and imperial China beginning with the earliest historical records through the 19th century. In this broad sweep of history, students engage with works of literature, philosophy, religion, medicine, the arts, and political statecraft in English translation. Rather than focusing solely on political history and dynastic change, this course also explores the cultural and social lives of ordinary people as a central theme. Offered annually during fall semester.","0","0","0","0","0","ERC;GHS;MCG;MCS-G","Becklin, Eric R.","{'fsnum': '20451', 'name': 'Becklin, Eric R.'}","200","28","","","","","China: Past and Present","","250","{'day': 'Tu', 'end': '11:00', 'location': 'TBA', 'start': '09:35'};{'day': 'Th', 'end': '10:50', 'location': 'TBA', 'start': '09:30'}","False","False","","3","O","20263","","Research","2026"
"0000172324","1.0","0000041692","HIST","This course explores human responses to epidemic diseases in world history. Beginning with the pandemics of the Ancient world, students encounter the 14th-century Black Death, ""virgin soil"" epidemics in the Americas, London's cholera outbreak of the 1850s, as well as more recent events, from the 1918 influenza pandemic to Covid-19. Students consider the varied medical, social, political, and cultural impacts of disease through an exploration of diverse topics, ranging from the discovery of microbes to the recent popularity of zombie movies. Offered periodically during spring semester.","0","0","0","0","0","GHS","Hahn, Steve C.","{'fsnum': '13148', 'name': 'Hahn, Steve C.'}","200","30","","","","","Plagues and Peoples","","258","{'day': 'Tu', 'end': '11:00', 'location': 'TBA', 'start': '09:35'};{'day': 'Th', 'end': '10:50', 'location': 'TBA', 'start': '09:30'}","False","False","","3","O","20263","Plagues and Peoples in World History","Research","2026"
"0000171618","1.0","0000033781","HIST","Students explore the theory and practice of Public History as they learn to identify and interpret history for the public. Using readings, workshops, site visits, and individual and collaborative projects, students explore how ownership and funding influence decisions regarding what is preserved; how the past informs the present; how the present may oppose the past; and how cultures engage in remembering their pasts in ways consistent with the common good. Offered annually. Prerequisite: history major or permission of instructor.","0","0","0","0","0","GHS;ORC","Wilz, Patrick","{'fsnum': '33927', 'name': 'Wilz, Patrick'}","200","28","","","","","Intro to Public History","This course includes an academic civic engagement (ACE) component.","280","{'day': 'Tu', 'end': '13:10', 'location': 'TBA', 'start': '23:45'};{'day': 'Th', 'end': '14:05', 'location': 'TBA', 'start': '12:45'}","False","history major or permission of instructor.","","3","O","20263","","Research","2026"
"0000171158","1.0","0000022440","HIST","This seminar introduces students to the nature and development of Muslim societies in sub-Saharan Africa, from the earliest times to the present. Students also explore questions of authenticity and ""historical truth"" as they examine current debates on themes such as patterns of Islamization, ""African Islam,"" and Islam in Africa. Other themes include the invention of Muslim identities, expansion of Sufism, women in Islam, Islamic education, Islam and colonialism, as well as revivalism in Islam. Offered annually.","0","0","0","0","0","GHS;MCG;MCS-G","Iddrisu, Abdulai","{'fsnum': '21082', 'name': 'Iddrisu, Abdulai'}","200","15","","","","","Sem: Muslim Societies/Africa","","292","{'day': 'Mo', 'end': '11:40', 'location': 'HH 522', 'start': '10:45'};{'day': 'We', 'end': '11:40', 'location': 'HH 522', 'start': '10:45'};{'day': 'Fr', 'end': '11:40', 'location': 'HH 522', 'start': '10:45'}","False","False","","3","O","20263","Sem: Muslim Societies in Sub-Saharan Africa","Seminar","2026"
"0000172940","1.0","0000000626","HIST","This course offers selected surveys in historical studies. Topics depend on instructor. Recent topics have included ""Women in Early America,"" ""U.S.-Latin American Relations,"" and ""Doing Public History."" May be repeated if topic is different. Offered periodically.","0","0","0","0","0","GHS","Norris, Nathan C.","{'fsnum': '9005423', 'name': 'Norris, Nathan C.'}","200","28","","","","","Top: Capitalism & Ecology Latin Am","","299","{'day': 'Tu', 'end': '14:45', 'location': 'TBA', 'start': '13:20'};{'day': 'Th', 'end': '15:35', 'location': 'TBA', 'start': '14:15'}","False","False","","3","O","20263","Topics in History","Topic","2026"
"0000174531","1.0","0000000632","HIST","This seminar covers various topics in modern European history, depending upon the instructor. Recent topics have included ""Gender and the Enlightenment,"" ""The Holocaust and History,"" ""Race, Gender, and Medicine,"" and ""Nation and Empire in Russian History."" May be repeated if topic is different. Offered periodically. Prerequisites for certain offerings.","0","0","0","0","0","GHS","Lippman, Erich","{'fsnum': '9005188', 'name': 'Lippman, Erich'}","300","15","","","","","Sem: Modern European Hist","","320","{'day': 'Tu', 'end': '13:10', 'location': 'TBA', 'start': '23:45'};{'day': 'Th', 'end': '14:05', 'location': 'TBA', 'start': '12:45'}","False","Prerequisites for certain offerings.","","3","O","20263","Research Seminar: Modern European History","Seminar","2026"
"0000171115","1.0","0000019404","HIST","This course provides a comprehensive research opportunity, including an introduction to relevant background material, technical instruction, identification of a meaningful project, and data collection. The topic is determined by the faculty member in charge of the course and may relate to their research interests. Offered based on department decision. May be offered as a 1.00 credit course or .50 credit course. Prerequisite: determined by individual instructor.","0","0","0","0","0","ERC","Howe, Tim R.","{'fsnum': '15815', 'name': 'Howe, Tim R.'}","300","10","0","","","","Res: Archaeological Res & Ethics","Registration by application","396","{'day': 'Mo', 'end': '21:00', 'location': 'HH 429', 'start': '18:00'}","False","determined by individual instructor.","","3","O","20263","Directed Undergraduate Research","Research","2026"
"0000171213","","0000038483","ID","","0","0","0","0","0","","Staff","{'fsnum': '', 'name': 'Staff'}","100","","","","","","SOAR Discussion","SOAR Discussion meets on Feb 13, Feb 27, Mar 13, Mar 27, Apr 10.","120","{'day': 'Th', 'end': '12:30', 'location': 'TBA', 'start': '23:30'}","False","","","3","O","20263","","Discussion","2026"
"0000170425","1.0","0000000769","ID","This course provides an overview of the key issues that face arts administrators. Topics addressed include strategic planning, budgeting, fund raising, audience development, and human resource management as each relates to the unique setting of the arts. Case analysis and guest speakers provide opportunities to explore application of key concepts. Offered annually.","0","0","0","0","0","HBS;SCS","Broker, Eric J.","{'fsnum': '9003613', 'name': 'Broker, Eric J.'}","200","24","","","","","Arts Management","","229","{'day': 'Mo', 'end': '22:00', 'location': 'HH 523', 'start': '19:00'}","False","False","","3","O","20263","","Research","2026"
"0000170709","0.25","0000037325","ID","This .25 credit online course supports the curriculum of Smith Center study abroad and away programs with readings and reflection assignments for the Ole Experience in Practice requirement. Students reflect on their experiences in their study abroad or away location, discuss global systems that connect learning, and also engage in discussions of identity across borders. Course topics include identity, vocation, globalization, intercultural communication, adjusting to a new environment, defining culture, and understanding through intercultural practices. Offered fall and spring semesters.","0","0","0","0","0","OEP","Morse, Ashley;Draxler, Bridget A.","{'fsnum': '9002449', 'name': 'Morse, Ashley'};{'fsnum': '15269', 'name': 'Draxler, Bridget A.'}","200","20","","","","","Global Engagement Seminar","Prerequisite: concurrent registration in a study abroad/away semester or        ;year-long program.","296","","True","concurrent registration in a study abroad/away semester or        ","","3","O","20263","","Research","2026"
"0000171398","0.25","0000041324","ID","This .25 course will engage students in mentoring, guided inquiry, and reflection to explore how a high-impact experiential learning experience (internships and student employment; study abroad/away, civic and community engagement; undergraduate research; leadership experience) connects to their developing vocational identity. Students explore readings, videos, and first-hand experiences about fundamental concepts of vocation and experiential learning. Prerequisite: Completed or concurrent participation in a high-impact experiential learning practice (internships and student employment; study abroad/away, civic and community engagement; undergraduate research; leadership experience) with instructor permission.","0","0","0","0","0","OEP","Draxler, Bridget A.;Staff","{'fsnum': '15269', 'name': 'Draxler, Bridget A.'};{'fsnum': '', 'name': 'Staff'}","200","18","","","","","Vocation Reflection Seminar","Reach out to the instructor to register.                                        ;Synchronous class dates: Monday, Feb. 9, 6-7:30 pm, Monday, March 16, 6-9 pm,   ;and Monday, April 27, 6-7:30 pm","297","","True","Completed or concurrent participation in a high-impact experiential learning practice (internships and student employment; study abroad/away, civic and community engagement; undergraduate research; leadership experience) with instructor permission.","","3","O","20263","","Research","2026"
"0000171165","1.0","0000000690","IM","Students with individual majors can register for their senior projects in either fall or spring semester of the senior year. The graded work includes final research, a final presentation of the project, and completion of the web portfolio. A brief description of the student's major and senior project appears on the transcript.","0","0","0","0","0","OEP","Staff","{'fsnum': '', 'name': 'Staff'}","300","15","0","0","0","","Senior Project II","Open to senior majors only.  Closed during web registration.                    ;Approval of web portfolio required.","392","","False","False","","3","O","20263","","Research","2026"
"0000171166","1.0","0000000690","IM","Students with individual majors can register for their senior projects in either fall or spring semester of the senior year. The graded work includes final research, a final presentation of the project, and completion of the web portfolio. A brief description of the student's major and senior project appears on the transcript.","0","0","0","0","0","OEP","Staff","{'fsnum': '', 'name': 'Staff'}","300","1","","","","","Senior Project II","","392","","False","False","A","3","O","20263","","Research","2026"
"0000171167","1.0","0000000690","IM","Students with individual majors can register for their senior projects in either fall or spring semester of the senior year. The graded work includes final research, a final presentation of the project, and completion of the web portfolio. A brief description of the student's major and senior project appears on the transcript.","0","0","0","0","0","OEP","Nelson, Peter B.","{'fsnum': '13653', 'name': 'Nelson, Peter B.'}","300","1","","","","","Senior Project II","","392","","False","False","B","3","O","20263","","Research","2026"
"0000171168","1.0","0000000690","IM","Students with individual majors can register for their senior projects in either fall or spring semester of the senior year. The graded work includes final research, a final presentation of the project, and completion of the web portfolio. A brief description of the student's major and senior project appears on the transcript.","0","0","0","0","0","OEP","Zillig, Martha W.","{'fsnum': '35090', 'name': 'Zillig, Martha W.'}","300","1","","","","","Senior Project II","","392","","False","False","C","3","O","20263","","Research","2026"
"0000171170","1.0","0000000690","IM","Students with individual majors can register for their senior projects in either fall or spring semester of the senior year. The graded work includes final research, a final presentation of the project, and completion of the web portfolio. A brief description of the student's major and senior project appears on the transcript.","0","0","0","0","0","OEP","Christie, Sian E.","{'fsnum': '16804', 'name': 'Christie, Sian E.'}","300","1","","","","","Senior Project II","","392","","False","False","D","3","O","20263","","Research","2026"
"0000171169","1.0","0000000690","IM","Students with individual majors can register for their senior projects in either fall or spring semester of the senior year. The graded work includes final research, a final presentation of the project, and completion of the web portfolio. A brief description of the student's major and senior project appears on the transcript.","0","0","0","0","0","OEP","Eichberger, Ryan C.","{'fsnum': '32101', 'name': 'Eichberger, Ryan C.'}","300","1","","","","","Senior Project II","","392","","False","False","E","3","O","20263","","Research","2026"
"0000170459","1.0","0000000660","JAPAN","This course is an introduction to speaking, reading, and writing Japanese; writing includes the learning of all syllabic letters (Hiragana and Katakana) and basic Kanji (Chinese characters). Class meets four times weekly. Individual language laboratory visits are also required. Offered annually in the spring semester. Does not count toward Japanese major. Prerequisite: JAPAN 111 or equivalent.","0","0","0","0","0","","Nelson, Andrew P.","{'fsnum': '9006264', 'name': 'Nelson, Andrew P.'}","100","20","","","","","Beginning Japanese II","Students in Japanese 112A must also register for one lab Japanese 112 AL, BL, or;CL.","112","{'day': 'Mo', 'end': '11:40', 'location': 'TOH 114', 'start': '10:45'};{'day': 'We', 'end': '11:40', 'location': 'TOH 114', 'start': '10:45'};{'day': 'Fr', 'end': '11:40', 'location': 'TOH 114', 'start': '10:45'}","False","JAPAN 111 or equivalent.","A","3","O","20263","","Research","2026"
"0000170460","1.0","0000000660","JAPAN","This course is an introduction to speaking, reading, and writing Japanese; writing includes the learning of all syllabic letters (Hiragana and Katakana) and basic Kanji (Chinese characters). Class meets four times weekly. Individual language laboratory visits are also required. Offered annually in the spring semester. Does not count toward Japanese major. Prerequisite: JAPAN 111 or equivalent.","0","0","0","0","0","","Nelson, Andrew P.","{'fsnum': '9006264', 'name': 'Nelson, Andrew P.'}","100","20","","","","","Beginning Japanese II","Students in Japanese 112B must also register for one lab Japanese 112 AL, BL, or;CL.","112","{'day': 'Mo', 'end': '12:45', 'location': 'TOH 114', 'start': '23:50'};{'day': 'We', 'end': '12:45', 'location': 'TOH 114', 'start': '23:50'};{'day': 'Fr', 'end': '12:45', 'location': 'TOH 114', 'start': '23:50'}","False","JAPAN 111 or equivalent.","B","3","O","20263","","Research","2026"
"0000172240","","0000000661","JAPAN","","0","0","0","0","0","","Staff","{'fsnum': '', 'name': 'Staff'}","100","12","","","","","Beginning Japanese II Lab","","112","{'day': 'Tu', 'end': '12:40', 'location': 'TBA', 'start': '23:45'}","False","","C","3","O","20263","","Lab","2026"
"0000170461","","0000000661","JAPAN","","0","0","0","0","0","","Staff","{'fsnum': '', 'name': 'Staff'}","100","20","","","","","Beginning Japanese II Lab","","112","{'day': 'Tu', 'end': '09:55', 'location': 'TOH 308', 'start': '09:00'}","False","","A","3","O","20263","","Lab","2026"
"0000170462","","0000000661","JAPAN","","0","0","0","0","0","","Staff","{'fsnum': '', 'name': 'Staff'}","100","20","","","","","Beginning Japanese II Lab","","112","{'day': 'Tu', 'end': '11:00', 'location': 'TOH 308', 'start': '10:05'}","False","","B","3","O","20263","","Lab","2026"
"0000170826","1.0","0000000664","JAPAN","Students continue to develop the listening, speaking, reading and writing skills that enable them to deal not only with topics of daily life, but also cultural themes and authentic materials. Class meets four times weekly. Individual language laboratory visits are also required. Offered annually in the spring semester. Prerequisite: JAPAN 231 or equivalent.","0","0","0","0","0","FOL-J;WLC","Akimoto, Hiroe","{'fsnum': '21197', 'name': 'Akimoto, Hiroe'}","200","24","","","","","Intermed Japanese II","Students in Japanese 232 must also register for one lab Japanese 232 AL or BL.","232","{'day': 'Mo', 'end': '12:45', 'location': 'TOH 212', 'start': '23:50'};{'day': 'We', 'end': '12:45', 'location': 'TOH 212', 'start': '23:50'};{'day': 'Fr', 'end': '12:45', 'location': 'TOH 212', 'start': '23:50'}","False","JAPAN 231 or equivalent.","A","3","O","20263","Intermediate Japanese II","Research","2026"
"0000170828","","0000000665","JAPAN","","0","0","0","0","0","","Staff","{'fsnum': '', 'name': 'Staff'}","200","9","","","","","Intermed Japanese II Lab","","232","{'day': 'Th', 'end': '10:20', 'location': 'TBA', 'start': '09:35'}","False","","A","3","O","20263","","Lab","2026"
"0000170829","","0000000665","JAPAN","","0","0","0","0","0","","Staff","{'fsnum': '', 'name': 'Staff'}","200","9","","","","","Intermed Japanese II Lab","","232","{'day': 'Th', 'end': '11:10', 'location': 'TBA', 'start': '10:25'}","False","","B","3","O","20263","","Lab","2026"
"0000170394","1.0","0000000667","JAPAN","This course builds on Japanese 301 and aims to increase the knowledge of Japanese people, language, and society by comparing with students' own cultures in their target language. Authentic ""texts"" (images, video clips, written texts, etc.) support student learning. Offered annually in the spring semester. Prerequisite: JAPAN 301 or equivalent.","0","0","0","0","0","FOL-J;WLC","Akimoto, Hiroe","{'fsnum': '21197', 'name': 'Akimoto, Hiroe'}","300","20","","","","","Advanced Japanese II","","302","{'day': 'Mo', 'end': '13:50', 'location': 'TBA', 'start': '12:55'};{'day': 'We', 'end': '13:50', 'location': 'TBA', 'start': '12:55'};{'day': 'Fr', 'end': '13:50', 'location': 'TBA', 'start': '12:55'}","False","JAPAN 301 or equivalent.","","3","O","20263","","Research","2026"
"0000171348","1.0","0000021530","JAPAN","In this fourth-year-level Japanese course, students explore a specified topic or theme in language, in various text/media (literature, newspaper, manga, and films), in culture/civilization, or in a combination of these, through close examination of texts (written or visual), discussion, analysis, and interpretation of selected materials. Sample topics include"" Best Sellers and Film Adaptations"" and ""Haiku and the Concept of Nature."" May be repeated if topic is different. Taught in Japanese. Also counts toward Asian studies major and concentration. Prerequisite: JAPAN 302 or equivalent.","0","0","0","0","0","FOL-J","Akimoto, Hiroe","{'fsnum': '21197', 'name': 'Akimoto, Hiroe'}","300","24","","","","","Top: Slow: Learning and Life","","320","{'day': 'Mo', 'end': '14:55', 'location': 'TBA', 'start': '14:00'};{'day': 'We', 'end': '14:55', 'location': 'TBA', 'start': '14:00'};{'day': 'Fr', 'end': '14:55', 'location': 'TBA', 'start': '14:00'}","False","JAPAN 302 or equivalent.","","3","O","20263","Special Topics in Japanese","Topic","2026"
"0000171133","0.25","0000000998","KINES","Students learn basic rock climbing skills, techniques, and safety procedures.","0","0","0","0","0","ACB;PHA;SPM","Herfindahl, Grant M.","{'fsnum': '9002357', 'name': 'Herfindahl, Grant M.'}","100","12","","","","","Rock Climbing","This is a first-half of semester course.","106","{'day': 'Tu', 'end': '11:00', 'location': 'Tostrud Ctr', 'start': '09:35'};{'day': 'Th', 'end': '10:50', 'location': 'Tostrud Ctr', 'start': '09:30'}","False","False","A","3","O","20263","","Research","2026"
"0000171134","0.25","0000000998","KINES","Students learn basic rock climbing skills, techniques, and safety procedures.","0","0","0","0","0","ACB;PHA;SPM","Herfindahl, Grant M.","{'fsnum': '9002357', 'name': 'Herfindahl, Grant M.'}","100","12","","","","","Rock Climbing","This is a second-half of semester course.","106","{'day': 'Tu', 'end': '11:00', 'location': 'Tostrud Ctr', 'start': '09:35'};{'day': 'Th', 'end': '10:50', 'location': 'Tostrud Ctr', 'start': '09:30'}","False","False","B","3","O","20263","","Research","2026"
"0000171362","0.25","0000030310","KINES","Students learn and practice the skills and techniques involved in completing a triathlon. Before enrolling, students should be able to swim at least 100 yards, cycle for at least 3 miles, and run at least 1 mile without stopping to rest. Students must provide their own equipment, including a bicycle. Offered annually in the spring semester.","0","0","0","0","0","ACB;SPM","Staff","{'fsnum': '', 'name': 'Staff'}","100","18","","","","","Triathlon Training","","110","{'day': 'Mo', 'end': '10:00', 'location': 'Tostrud Ctr', 'start': '09:05'};{'day': 'We', 'end': '10:00', 'location': 'Tostrud Ctr', 'start': '09:05'}","False","False","","3","O","20263","","Research","2026"
"0000170446","0.25","0000001001","KINES","This course offers an introduction/review of fundamental skills, rules, and drills. Students focus on basic strategy in game playing.","0","0","0","0","0","ACB;PHA;SPM","Townzen, Ryan K.","{'fsnum': '30123', 'name': 'Townzen, Ryan K.'}","100","24","","","","","Basketball","","111","{'day': 'Mo', 'end': '11:40', 'location': 'SAC Gym Ctr', 'start': '10:45'};{'day': 'We', 'end': '11:40', 'location': 'SAC Gym Ctr', 'start': '10:45'}","False","False","","3","O","20263","","Research","2026"
"0000170944","0.25","0000023242","KINES","This course introduces students to a wide range of lifetime sports and games. Students learn the history and origin of these activities along with the basic rules, etiquette, and strategies.","0","0","0","0","0","ACB;PHA;SPM","Nesbit, Scott","{'fsnum': '5580', 'name': 'Nesbit, Scott'}","100","20","","","","","Lifetime Sports and Games","This is a first-half of semester course.","118","{'day': 'Tu', 'end': '11:00', 'location': 'Tostrud Ctr', 'start': '09:35'};{'day': 'Th', 'end': '10:50', 'location': 'Tostrud Ctr', 'start': '09:30'}","False","False","","3","O","20263","","Research","2026"
"0000170468","0.25","0000001004","KINES","This course is for the non-swimming and the novice swimmer only.","0","0","0","0","0","ACB;PHA;SPM","Staff","{'fsnum': '', 'name': 'Staff'}","100","15","","","","","Beginning Swimming","","121","{'day': 'Tu', 'end': '08:55', 'location': 'SAC Pool', 'start': '08:00'};{'day': 'Th', 'end': '08:55', 'location': 'SAC Pool', 'start': '08:00'}","False","False","","3","O","20263","","Research","2026"
"0000170676","0.25","0000001009","KINES","This course introduces students to the lifetime sport of fly-fishing and fly-tying. Equipment available. Course fee.","0","0","0","0","0","ACB;PHA;SPM","Nesbit, Scott","{'fsnum': '5580', 'name': 'Nesbit, Scott'}","100","15","0","0","0","","Fly Fishing","Open to seniors only. Course fee is $75.                                        ;This is a second-half of semester course.","128","{'day': 'Tu', 'end': '09:25', 'location': 'Tostrud Ctr', 'start': '08:00'};{'day': 'Th', 'end': '09:20', 'location': 'Tostrud Ctr', 'start': '08:00'}","False","False","","3","O","20263","Fly-Fishing/Fly-Tying","Research","2026"
"0000171251","0.25","0000001010","KINES","This is an aerobic-based course utilizing swimming and water exercises. Prerequisite: be able to swim 300 yards.","0","0","0","0","0","ACB;PHA;SPM","Staff","{'fsnum': '', 'name': 'Staff'}","100","18","","","","","Swim Fitness","","130","{'day': 'Mo', 'end': '08:55', 'location': 'SAC Pool', 'start': '08:00'};{'day': 'We', 'end': '08:55', 'location': 'SAC Pool', 'start': '08:00'}","False","be able to swim 300 yards.","","3","O","20263","","Research","2026"
"0000170669","0.25","0000001015","KINES","This is an aerobic-based course utilizing instruction and participation in walking to enhance personal fitness and training knowledge.","0","0","0","0","0","ACB;PHA;SPM","VanDeWalker, Terry M.","{'fsnum': '31125', 'name': 'VanDeWalker, Terry M.'}","100","20","","","","","Fitness Walking","This is a second-half of semester course.","136","{'day': 'Mo', 'end': '13:50', 'location': 'Tostrud Ctr', 'start': '12:55'};{'day': 'We', 'end': '13:50', 'location': 'Tostrud Ctr', 'start': '12:55'};{'day': 'Fr', 'end': '13:50', 'location': 'Tostrud Ctr', 'start': '12:55'}","False","False","A","3","O","20263","","Research","2026"
"0000170670","0.25","0000001015","KINES","This is an aerobic-based course utilizing instruction and participation in walking to enhance personal fitness and training knowledge.","0","0","0","0","0","ACB;PHA;SPM","VanDeWalker, Terry M.","{'fsnum': '31125', 'name': 'VanDeWalker, Terry M.'}","100","20","","","","","Fitness Walking","This is a second-half of semester course.","136","{'day': 'Tu', 'end': '13:10', 'location': 'Tostrud Ctr', 'start': '23:45'};{'day': 'Th', 'end': '14:05', 'location': 'Tostrud Ctr', 'start': '12:45'}","False","False","B","3","O","20263","","Research","2026"
"0000171066","0.25","0000038979","KINES","Students will learn the basics of pickleball rules, court etiquette, shots, scoring, and strategies and will play in singles and doubles in varying tournament styles.","0","0","0","0","0","ACB;SPM","VanDeWalker, Terry M.","{'fsnum': '31125', 'name': 'VanDeWalker, Terry M.'}","100","24","","","","","Pickleball","This is a first-half of semester course.","139","{'day': 'Tu', 'end': '09:25', 'location': 'Tostrud Ctr', 'start': '08:00'};{'day': 'Th', 'end': '09:20', 'location': 'Tostrud Ctr', 'start': '08:00'}","False","False","A","3","O","20263","","Research","2026"
"0000171067","0.25","0000038979","KINES","Students will learn the basics of pickleball rules, court etiquette, shots, scoring, and strategies and will play in singles and doubles in varying tournament styles.","0","0","0","0","0","ACB;SPM","Kulesa, Matthew C.","{'fsnum': '9005025', 'name': 'Kulesa, Matthew C.'}","100","24","","","","","Pickleball","This is a first-half of semester course.","139","{'day': 'Tu', 'end': '11:00', 'location': 'Tostrud Ctr', 'start': '09:35'};{'day': 'Th', 'end': '10:50', 'location': 'Tostrud Ctr', 'start': '09:30'}","False","False","B","3","O","20263","","Research","2026"
"0000171065","0.25","0000038979","KINES","Students will learn the basics of pickleball rules, court etiquette, shots, scoring, and strategies and will play in singles and doubles in varying tournament styles.","0","0","0","0","0","ACB;SPM","Staff","{'fsnum': '', 'name': 'Staff'}","100","24","","","","","Pickleball","This is a second-half of semester course.","139","{'day': 'Mo', 'end': '13:50', 'location': 'Tostrud Ctr', 'start': '12:55'};{'day': 'We', 'end': '13:50', 'location': 'Tostrud Ctr', 'start': '12:55'};{'day': 'Fr', 'end': '13:50', 'location': 'Tostrud Ctr', 'start': '12:55'}","False","False","C","3","O","20263","","Research","2026"
"0000170439","0.25","0000001020","KINES","This course offers instruction/review of fundamental skills, rules, and etiquette of badminton. Students focus on basic strategy in game playing.","0","0","0","0","0","ACB;PHA;SPM","Kulesa, Matthew C.","{'fsnum': '9005025', 'name': 'Kulesa, Matthew C.'}","100","28","","","","","Badminton","This is a second-half of semester course.","151","{'day': 'Mo', 'end': '10:00', 'location': 'Tostrud Ctr', 'start': '09:05'};{'day': 'We', 'end': '10:00', 'location': 'Tostrud Ctr', 'start': '09:05'};{'day': 'Fr', 'end': '10:00', 'location': 'Tostrud Ctr', 'start': '09:05'}","False","False","","3","O","20263","","Research","2026"
"0000171107","0.25","0000001019","KINES","This course offers instruction in basic strokes, history, rules, etiquette, and terminology of racquet sports (tennis, racquetball, badminton, pickleball, table tennis). Students participate in a wide range of assessments designed to enhance physical fitness (strength, endurance, nutrition, flexibility, body composition, stress).","0","0","0","0","0","ACB;PHA;SPM","Nesbit, Scott","{'fsnum': '5580', 'name': 'Nesbit, Scott'}","100","16","","","","","Racquet Sports .25","This is a first-half of semester course.","152","{'day': 'Tu', 'end': '13:10', 'location': 'Tostrud Ctr', 'start': '23:45'};{'day': 'Th', 'end': '14:05', 'location': 'Tostrud Ctr', 'start': '12:45'}","False","False","","3","O","20263","Racquet Sports","Research","2026"
"0000170842","0.25","0000001023","KINES","This course is for students who can already serve, score, play the net, and know basic singles and doubles strategy. Prerequisite: KINES 157 or permission of instructor.","0","0","0","0","0","ACB;PHA;SPM","Nesbit, Scott","{'fsnum': '5580', 'name': 'Nesbit, Scott'}","100","16","","","","","Intermediate Tennis","This is a second-half of semester course.","158","{'day': 'Tu', 'end': '11:00', 'location': 'TBA', 'start': '09:35'};{'day': 'Th', 'end': '10:50', 'location': 'TBA', 'start': '09:30'}","False","KINES 157 or permission of instructor.","","3","O","20263","","Research","2026"
"0000170565","0.25","0000027685","KINES","Students learn and apply yoga principles of physical fitness and emotional wellness through a blend of yoga postures, movements, relaxation, breathing techniques, and mindfulness.","0","0","0","0","0","ACB;SPM","Bengtson, Denny","{'fsnum': '361', 'name': 'Bengtson, Denny'}","100","22","","","","","Classical Hatha Yoga","Yoga mat required.","162","{'day': 'Mo', 'end': '10:00', 'location': 'CAD Studio 3', 'start': '09:05'};{'day': 'We', 'end': '10:00', 'location': 'CAD Studio 3', 'start': '09:05'}","False","False","A","3","O","20263","","Research","2026"
"0000170566","0.25","0000027685","KINES","Students learn and apply yoga principles of physical fitness and emotional wellness through a blend of yoga postures, movements, relaxation, breathing techniques, and mindfulness.","0","0","0","0","0","ACB;SPM","Bengtson, Denny","{'fsnum': '361', 'name': 'Bengtson, Denny'}","100","22","","","","","Classical Hatha Yoga","Yoga mat required.","162","{'day': 'Mo', 'end': '11:40', 'location': 'CAD Studio 3', 'start': '10:45'};{'day': 'We', 'end': '11:40', 'location': 'CAD Studio 3', 'start': '10:45'}","False","False","B","3","O","20263","","Research","2026"
"0000170812","0.25","0000001025","KINES","Students competing in intercollegiate athletics may use the season of participation in a varsity sport for 0.25 course credit in kinesiology. This 0.25 course can satisfy the Active Body graduation requirement. Only one 0.25 intercollegiate athletics course credit can be applied toward the 35.00 credits required for graduation. Fall: varsity football, soccer, cross-country, women's volleyball; spring: remainder of intercollegiate sports. Participants in club sports are not eligible for academic credit. Students must register for the course during the competitive season, not afterward.","0","0","0","0","0","ACB;PHA;SPM","Fountaine, Charles J.","{'fsnum': '9002454', 'name': 'Fountaine, Charles J.'}","100","","","","","","Intercol Hockey Women","This is not a regular activity course.  Only students participating in          ;intercollegiate hockey can register for this course.","170","","False","False","","3","O","20263","Intercollegiate Hockey for Women","Research","2026"
"0000170804","0.25","0000001026","KINES","Students competing in intercollegiate athletics may use the season of participation in a varsity sport for 0.25 course credit in kinesiology. This 0.25 course can satisfy the Active Body graduation requirement. Only one 0.25 intercollegiate athletics course credit can be applied toward the 35.00 credits required for graduation. Fall: varsity football, soccer, cross-country, women's volleyball; spring: remainder of intercollegiate sports. Participants in club sports are not eligible for academic credit. Students must register for the course during the competitive season, not afterward.","0","0","0","0","0","ACB;PHA;SPM","Fountaine, Charles J.","{'fsnum': '9002454', 'name': 'Fountaine, Charles J.'}","100","","","","","","Intercol Alpine Skiing M","This is not a regular activity course.  Only students participating in          ;intercollegiate alpine skiing can register for this course.","171","","False","False","","3","O","20263","Intercollegiate Skiing for Men","Research","2026"
"0000170805","0.25","0000001027","KINES","Students competing in intercollegiate athletics may use the season of participation in a varsity sport for 0.25 course credit in kinesiology. This 0.25 course can satisfy the Active Body graduation requirement. Only one 0.25 intercollegiate athletics course credit can be applied toward the 35.00 credits required for graduation. Fall: varsity football, soccer, cross-country, women's volleyball; spring: remainder of intercollegiate sports. Participants in club sports are not eligible for academic credit. Students must register for the course during the competitive season, not afterward.","0","0","0","0","0","ACB;PHA;SPM","Fountaine, Charles J.","{'fsnum': '9002454', 'name': 'Fountaine, Charles J.'}","100","","","","","","Intercol Alpine Skiing W","This is not a regular activity course.  Only students participating in          ;intercollegiate alpine skiing can register for this course.","172","","False","False","","3","O","20263","Intercollegiate Skiing for Women","Research","2026"
"0000170806","0.25","0000001028","KINES","Students competing in intercollegiate athletics may use the season of participation in a varsity sport for 0.25 course credit in kinesiology. This 0.25 course can satisfy the Active Body graduation requirement. Only one 0.25 intercollegiate athletics course credit can be applied toward the 35.00 credits required for graduation. Fall: varsity football, soccer, cross-country, women's volleyball; spring: remainder of intercollegiate sports. Participants in club sports are not eligible for academic credit. Students must register for the course during the competitive season, not afterward.","0","0","0","0","0","ACB;PHA;SPM","McDonald, Matt","{'fsnum': '5195', 'name': 'McDonald, Matt'}","100","","","","","","Intercol Baseball","This is not a regular activity course.  Only students participating in          ;intercollegiate baseball can register for this course.","173","","False","False","","3","O","20263","Intercollegiate Baseball","Research","2026"
"0000170807","0.25","0000001029","KINES","Students competing in intercollegiate athletics may use the season of participation in a varsity sport for 0.25 course credit in kinesiology. This 0.25 course can satisfy the Active Body graduation requirement. Only one 0.25 intercollegiate athletics course credit can be applied toward the 35.00 credits required for graduation. Fall: varsity football, soccer, cross-country, women's volleyball; spring: remainder of intercollegiate sports. Participants in club sports are not eligible for academic credit. Students must register for the course during the competitive season, not afterward.","0","0","0","0","0","ACB;PHA;SPM","Kosmoski, Daniel","{'fsnum': '4502', 'name': 'Kosmoski, Daniel'}","100","","","","","","Intercol Basketball M","This is not a regular activity course.  Only students participating in          ;intercollegiate basketball can register for this course.","174","","False","False","","3","O","20263","Intercollegiate Basketball for Men","Research","2026"
"0000170808","0.25","0000001030","KINES","Students competing in intercollegiate athletics may use the season of participation in a varsity sport for 0.25 course credit in kinesiology. This 0.25 course can satisfy the Active Body graduation requirement. Only one 0.25 intercollegiate athletics course credit can be applied toward the 35.00 credits required for graduation. Fall: varsity football, soccer, cross-country, women's volleyball; spring: remainder of intercollegiate sports. Participants in club sports are not eligible for academic credit. Students must register for the course during the competitive season, not afterward.","0","0","0","0","0","ACB;PHA;SPM","Fountaine, Charles J.","{'fsnum': '9002454', 'name': 'Fountaine, Charles J.'}","100","","","","","","Intercol Basketball W","This is not a regular activity course.  Only students participating in          ;intercollegiate basketball can register for this course.","175","","False","False","","3","O","20263","Intercollegiate Basketball for Women","Research","2026"
"0000170811","0.25","0000001036","KINES","Students competing in intercollegiate athletics may use the season of participation in a varsity sport for 0.25 course credit in kinesiology. This 0.25 course can satisfy the Active Body graduation requirement. Only one 0.25 intercollegiate athletics course credit can be applied toward the 35.00 credits required for graduation. Fall: varsity football, soccer, cross-country, women's volleyball; spring: remainder of intercollegiate sports. Participants in club sports are not eligible for academic credit. Students must register for the course during the competitive season, not afterward.","0","0","0","0","0","ACB;PHA;SPM","Fountaine, Charles J.","{'fsnum': '9002454', 'name': 'Fountaine, Charles J.'}","100","","","","","","Intercol Hockey Men","This is not a regular activity course.  Only students participating in          ;intercollegiate hockey can register for this course.","181","","False","False","","3","O","20263","Intercollegiate Hockey for Men","Research","2026"
"0000170809","0.25","0000001037","KINES","Students competing in intercollegiate athletics may use the season of participation in a varsity sport for 0.25 course credit in kinesiology. This 0.25 course can satisfy the Active Body graduation requirement. Only one 0.25 intercollegiate athletics course credit can be applied toward the 35.00 credits required for graduation. Fall: varsity football, soccer, cross-country, women's volleyball; spring: remainder of intercollegiate sports. Participants in club sports are not eligible for academic credit. Students must register for the course during the competitive season, not afterward.","0","0","0","0","0","ACB;PHA;SPM","Fountaine, Charles J.","{'fsnum': '9002454', 'name': 'Fountaine, Charles J.'}","100","","","","","","Intercol CC Skiing M","This is not a regular activity course.  Only students participating in          ;intercollegiate cross-country skiing can register for this course.","182","","False","False","","3","O","20263","Intercollegiate Cross-Country Skiing for Men","Research","2026"
"0000170810","0.25","0000001038","KINES","Students competing in intercollegiate athletics may use the season of participation in a varsity sport for 0.25 course credit in kinesiology. This 0.25 course can satisfy the Active Body graduation requirement. Only one 0.25 intercollegiate athletics course credit can be applied toward the 35.00 credits required for graduation. Fall: varsity football, soccer, cross-country, women's volleyball; spring: remainder of intercollegiate sports. Participants in club sports are not eligible for academic credit. Students must register for the course during the competitive season, not afterward.","0","0","0","0","0","ACB;PHA;SPM","Fountaine, Charles J.","{'fsnum': '9002454', 'name': 'Fountaine, Charles J.'}","100","","","","","","Intercol CC Skiing W","This is not a regular activity course.  Only students participating in          ;intercollegiate cross-country skiing can register for this course.","183","","False","False","","3","O","20263","Intercollegiate Cross-Country Skiing for Women","Research","2026"
"0000170813","0.25","0000001041","KINES","Students competing in intercollegiate athletics may use the season of participation in a varsity sport for 0.25 course credit in kinesiology. This 0.25 course can satisfy the Active Body graduation requirement. Only one 0.25 intercollegiate athletics course credit can be applied toward the 35.00 credits required for graduation. Fall: varsity football, soccer, cross-country, women's volleyball; spring: remainder of intercollegiate sports. Participants in club sports are not eligible for academic credit. Students must register for the course during the competitive season, not afterward.","0","0","0","0","0","ACB;PHA;SPM","Hatting, Kayla R.","{'fsnum': '28128', 'name': 'Hatting, Kayla R.'}","100","","","","","","Intercol Softball","This is not a regular activity course.  Only students participating in          ;intercollegiate softball can register for this course.","186","","False","False","","3","O","20263","Intercollegiate Softball","Research","2026"
"0000170814","0.25","0000001042","KINES","Students competing in intercollegiate athletics may use the season of participation in a varsity sport for 0.25 course credit in kinesiology. This 0.25 course can satisfy the Active Body graduation requirement. Only one 0.25 intercollegiate athletics course credit can be applied toward the 35.00 credits required for graduation. Fall: varsity football, soccer, cross-country, women's volleyball; spring: remainder of intercollegiate sports. Participants in club sports are not eligible for academic credit. Students must register for the course during the competitive season, not afterward.","0","0","0","0","0","ACB;PHA;SPM","Hauck, Bob","{'fsnum': '3165', 'name': 'Hauck, Bob'}","100","","","","","","Intercol Swimming M","This is not a regular activity course.  Only students participating in          ;intercollegiate swimming can register for this course.","187","","False","False","","3","O","20263","Intercollegiate Swimming for Men","Research","2026"
"0000170815","0.25","0000001043","KINES","Students competing in intercollegiate athletics may use the season of participation in a varsity sport for 0.25 course credit in kinesiology. This 0.25 course can satisfy the Active Body graduation requirement. Only one 0.25 intercollegiate athletics course credit can be applied toward the 35.00 credits required for graduation. Fall: varsity football, soccer, cross-country, women's volleyball; spring: remainder of intercollegiate sports. Participants in club sports are not eligible for academic credit. Students must register for the course during the competitive season, not afterward.","0","0","0","0","0","ACB;PHA;SPM","Hauck, Bob","{'fsnum': '3165', 'name': 'Hauck, Bob'}","100","","","","","","Intercol Swimming W","This is not a regular activity course.  Only students participating in          ;intercollegiate swimming can register for this course.","188","","False","False","","3","O","20263","Intercollegiate Swimming for Women","Research","2026"
"0000170816","0.25","0000001044","KINES","Students competing in intercollegiate athletics may use the season of participation in a varsity sport for 0.25 course credit in kinesiology. This 0.25 course can satisfy the Active Body graduation requirement. Only one 0.25 intercollegiate athletics course credit can be applied toward the 35.00 credits required for graduation. Fall: varsity football, soccer, cross-country, women's volleyball; spring: remainder of intercollegiate sports. Participants in club sports are not eligible for academic credit. Students must register for the course during the competitive season, not afterward.","0","0","0","0","0","ACB;PHA;SPM","Fountaine, Charles J.","{'fsnum': '9002454', 'name': 'Fountaine, Charles J.'}","100","","","","","","Intercol Tennis Men","This is not a regular activity course.  Only students participating in          ;intercollegiate tennis can register for this course.","189","","False","False","","3","O","20263","Intercollegiate Tennis for Men","Research","2026"
"0000170817","0.25","0000001045","KINES","Students competing in intercollegiate athletics may use the season of participation in a varsity sport for 0.25 course credit in kinesiology. This 0.25 course can satisfy the Active Body graduation requirement. Only one 0.25 intercollegiate athletics course credit can be applied toward the 35.00 credits required for graduation. Fall: varsity football, soccer, cross-country, women's volleyball; spring: remainder of intercollegiate sports. Participants in club sports are not eligible for academic credit. Students must register for the course during the competitive season, not afterward.","0","0","0","0","0","ACB;PHA;SPM","Fountaine, Charles J.","{'fsnum': '9002454', 'name': 'Fountaine, Charles J.'}","100","","","","","","Intercol Tennis Women","This is not a regular activity course.  Only students participating in          ;intercollegiate tennis can register for this course.","190","","False","False","","3","O","20263","Intercollegiate Tennis for Women","Research","2026"
"0000170818","0.25","0000001046","KINES","Students competing in intercollegiate athletics may use the season of participation in a varsity sport for 0.25 course credit in kinesiology. This 0.25 course can satisfy the Active Body graduation requirement. Only one 0.25 intercollegiate athletics course credit can be applied toward the 35.00 credits required for graduation. Fall: varsity football, soccer, cross-country, women's volleyball; spring: remainder of intercollegiate sports. Participants in club sports are not eligible for academic credit. Students must register for the course during the competitive season, not afterward.","0","0","0","0","0","ACB;PHA;SPM","Fountaine, Charles J.","{'fsnum': '9002454', 'name': 'Fountaine, Charles J.'}","100","","","","","","Intercol Track Men","This is not a regular activity course.  Only students participating in          ;intercollegiate track can register for this course.","191","","False","False","","3","O","20263","Intercollegiate Track for Men","Research","2026"
"0000170819","0.25","0000001047","KINES","Students competing in intercollegiate athletics may use the season of participation in a varsity sport for 0.25 course credit in kinesiology. This 0.25 course can satisfy the Active Body graduation requirement. Only one 0.25 intercollegiate athletics course credit can be applied toward the 35.00 credits required for graduation. Fall: varsity football, soccer, cross-country, women's volleyball; spring: remainder of intercollegiate sports. Participants in club sports are not eligible for academic credit. Students must register for the course during the competitive season, not afterward.","0","0","0","0","0","ACB;PHA;SPM","Fountaine, Charles J.","{'fsnum': '9002454', 'name': 'Fountaine, Charles J.'}","100","","","","","","Intercol Track Women","This is not a regular activity course.  Only students participating in          ;intercollegiate track can register for this course.","192","","False","False","","3","O","20263","Intercollegiate Track for Women","Research","2026"
"0000170869","1.0","0000033751","KINES","This course introduces students to the study of physiological and functional adaptations to human movement. The field is richly interdisciplinary, involving such disciplines as anatomy, chemistry, biology, physics, physiology, biomechanics, motor control, psychology, nutrition, neuroscience, rehabilitative therapy, and exercise prescription. Rigorous and systematic study of these sub-fields enables students to understand how and why people move and the factors which limit and enhance the capacity to move. Offered annually.","0","0","0","0","0","","Mazzone, Josie L.","{'fsnum': '9006210', 'name': 'Mazzone, Josie L.'}","100","25","","0","0","0","Introduction to Kinesiology","Open only to first-year students.","195","{'day': 'Tu', 'end': '09:25', 'location': 'SAC 112', 'start': '08:00'};{'day': 'Th', 'end': '09:20', 'location': 'SAC 112', 'start': '08:00'}","False","False","A","3","O","20263","","Research","2026"
"0000170870","1.0","0000033751","KINES","This course introduces students to the study of physiological and functional adaptations to human movement. The field is richly interdisciplinary, involving such disciplines as anatomy, chemistry, biology, physics, physiology, biomechanics, motor control, psychology, nutrition, neuroscience, rehabilitative therapy, and exercise prescription. Rigorous and systematic study of these sub-fields enables students to understand how and why people move and the factors which limit and enhance the capacity to move. Offered annually.","0","0","0","0","0","","Mazzone, Josie L.","{'fsnum': '9006210', 'name': 'Mazzone, Josie L.'}","100","25","","0","","0","Introduction to Kinesiology","This course is open only to first-year students and sophomores.","195","{'day': 'Tu', 'end': '11:00', 'location': 'SAC 112', 'start': '09:35'};{'day': 'Th', 'end': '10:50', 'location': 'SAC 112', 'start': '09:30'}","False","False","B","3","O","20263","","Research","2026"
"0000171041","1.0","0000035212","KINES","The course is rooted in advanced nutrition science and behavior-change psychology. Students examine the roles nutrient selection, metabolism, and timing play in supporting physical performance as well as mental and emotional health. Students discuss the integration and regulation of metabolism, energy expenditure, hydration, sleep, stress, and recovery; and they conduct an advanced overview of the functions of macronutrients, micronutrients, fluids, and supplements that are determinants of health and diseases. Offered annually. Prerequisite: BIO 143 and BIO 243; kinesiology major.","0","0","0","0","0","IST","Fountaine, Charles J.","{'fsnum': '9002454', 'name': 'Fountaine, Charles J.'}","200","25","0","","0","","Nutrition and Metabolism","This course is open only to juniors and seniors.","250","{'day': 'Mo', 'end': '14:55', 'location': 'TBA', 'start': '14:00'};{'day': 'We', 'end': '14:55', 'location': 'TBA', 'start': '14:00'};{'day': 'Fr', 'end': '14:55', 'location': 'TBA', 'start': '14:00'}","False","BIO 143 and BIO 243; kinesiology major.","","3","O","20263","Performance Nutrition","Research","2026"
"0000172241","1.0","0000040264","KINES","The field of kinesiology is constantly expanding into new frontiers. This course provides an in-depth study of advanced topics that are chosen with attention to student interest and available staff. Class work depends on the topics and instructor, but is consistent with the amount and level of work in other 200-level kinesiology courses. May be repeated if courses are different. Counts as an elective toward the kinesiology major. May count toward other majors or concentrations if approved by the chair of that major/concentration. Offered periodically. Prerequisite: permission of the instructor.","0","0","0","0","0","","Yerhot, Paul","{'fsnum': '9005180', 'name': 'Yerhot, Paul'}","200","32","0","","","","Top: Topics in Kinesiology","Full topic title: Motor Control and Learning Practices                          ;This course is open only to seniors, juniors and sophomores.","291","{'day': 'Tu', 'end': '13:10', 'location': 'TBA', 'start': '23:45'};{'day': 'Th', 'end': '14:05', 'location': 'TBA', 'start': '12:45'}","False","permission of the instructor.","D","3","O","20263","Topics in Kinesiology","Topic","2026"
"0000171082","1.0","0000001012","KINES","This course provides an opportunity to develop an in-depth understanding of the principles of physical conditioning through resistance and cardiovascular training with the goal of improving fitness, health, and wellness. The course also explores principles of anatomical and physiological considerations, strength training techniques, physical activity modifications, and program development/evaluation for all populations, thus providing knowledge and skills needed to perform safe and effective strength and conditioning programs. Prerequisites: kinesiology major, senior status, BIO 143, BIO 243, KINES 374, and KINES 375.","0","0","0","0","0","ACB;ORC;PHA;SPM","Wahl, Carly A.","{'fsnum': '9006213', 'name': 'Wahl, Carly A.'}","300","18","0","0","0","18","Prin of Strength & Fitness Training","Open only to seniors.","331","{'day': 'Mo', 'end': '13:50', 'location': 'SAC 112', 'start': '12:55'};{'day': 'We', 'end': '13:50', 'location': 'SAC 112', 'start': '12:55'};{'day': 'Fr', 'end': '13:50', 'location': 'SAC 112', 'start': '12:55'}","False","Prerequisites: kinesiology major, senior status, BIO 143, BIO 243, KINES 374, and KINES 375.","","3","O","20263","Principles of Strength and Fitness Training","Research","2026"
"0000170484","1.0","0000001062","KINES","Students analyze mechanical principles in depth as they affect human motion. Topics include study of muscular and skeletal systems, skill analysis, and motion measurement techniques. Students attend lectures plus one three-hour laboratory per week. Offered annually. Prerequisites: BIO 143, BIO 243, and junior standing.","0","0","0","0","0","","Neuger, Matt D.","{'fsnum': '20080', 'name': 'Neuger, Matt D.'}","300","25","","","","","Biomechanics","This course includes an academic civic engagement (ACE) component.              ;Students in KINES 374 must also register for KINES 374 lab.","374","{'day': 'Mo', 'end': '11:40', 'location': 'SAC 103', 'start': '10:45'};{'day': 'We', 'end': '11:40', 'location': 'SAC 103', 'start': '10:45'};{'day': 'Fr', 'end': '11:40', 'location': 'SAC 103', 'start': '10:45'}","False","Prerequisites: BIO 143, BIO 243, and junior standing.","","3","O","20263","","Research","2026"
"0000170485","","0000001063","KINES","","0","0","0","0","0","","Neuger, Matt D.","{'fsnum': '20080', 'name': 'Neuger, Matt D.'}","300","25","","","","","Biomechanics Lab","","374","{'day': 'Mo', 'end': '12:45', 'location': 'SAC 103', 'start': '23:50'};{'day': 'We', 'end': '12:45', 'location': 'SAC 103', 'start': '23:50'};{'day': 'Fr', 'end': '12:45', 'location': 'SAC 103', 'start': '23:50'}","False","","","3","O","20263","","Lab","2026"
"0000174282","1.0","0000001064","KINES","Students study in-depth the physiology of exercise, covering cardiovascular and muscular adaptions to exercise and factors affecting performance, including body composition, environmental influences, training implications across gender and age, and the assessment of fitness. Students attend lectures plus one three-hour laboratory per week. Offered annually. Prerequisite: junior status and BIO 143 and BIO 243 or permission of instructor.","0","0","0","0","0","ACB;SPM","Miller, Jenny M.","{'fsnum': '28146', 'name': 'Miller, Jenny M.'}","300","25","0","","0","","Physiology/Exercise","Open only to seniors and juniors.                                               ;This course includes an academic civic engagement (ACE) component.              ;Student in KINES 375B must also register for KINES 375B lab.","375","{'day': 'Mo', 'end': '11:40', 'location': 'TBA', 'start': '10:45'};{'day': 'We', 'end': '11:40', 'location': 'TBA', 'start': '10:45'};{'day': 'Fr', 'end': '11:40', 'location': 'TBA', 'start': '10:45'}","False","junior status and BIO 143 and BIO 243 or permission of instructor.","B","3","O","20263","Physiology of Exercise","Research","2026"
"0000171051","1.0","0000001064","KINES","Students study in-depth the physiology of exercise, covering cardiovascular and muscular adaptions to exercise and factors affecting performance, including body composition, environmental influences, training implications across gender and age, and the assessment of fitness. Students attend lectures plus one three-hour laboratory per week. Offered annually. Prerequisite: junior standing and BIO 143 and BIO 243 or permission of instructor.","0","0","0","0","0","ACB;SPM","Miller, Jenny M.","{'fsnum': '28146', 'name': 'Miller, Jenny M.'}","300","25","0","","0","","Physiology/Exercise","Open only to seniors and juniors.                                               ;This course includes an academic civic engagement (ACE) component.              ;Students in KINES 375A must also register for KINES 375A lab.","375","{'day': 'Mo', 'end': '08:55', 'location': 'SAC 112', 'start': '08:00'};{'day': 'We', 'end': '08:55', 'location': 'SAC 112', 'start': '08:00'};{'day': 'Fr', 'end': '08:55', 'location': 'SAC 112', 'start': '08:00'}","False","junior standing and BIO 143 and BIO 243 or permission of instructor.","A","3","O","20263","Physiology of Exercise","Research","2026"
"0000174283","","0000001065","KINES","","0","0","0","0","0","","Miller, Jenny M.","{'fsnum': '28146', 'name': 'Miller, Jenny M.'}","300","25","0","","0","","Physiology/Exercise Lab","","375","{'day': 'Mo', 'end': '12:45', 'location': 'TBA', 'start': '23:50'};{'day': 'We', 'end': '12:45', 'location': 'TBA', 'start': '23:50'};{'day': 'Fr', 'end': '12:45', 'location': 'TBA', 'start': '23:50'}","False","","B","3","O","20263","","Lab","2026"
"0000171052","","0000001065","KINES","","0","0","0","0","0","","Miller, Jenny M.","{'fsnum': '28146', 'name': 'Miller, Jenny M.'}","300","25","0","","0","","Physiology/Exercise Lab","","375","{'day': 'Mo', 'end': '10:00', 'location': 'SAC 103', 'start': '09:05'};{'day': 'We', 'end': '10:00', 'location': 'SAC 103', 'start': '09:05'};{'day': 'Fr', 'end': '10:00', 'location': 'SAC 103', 'start': '09:05'}","False","","A","3","O","20263","","Lab","2026"
"0000170655","1.0","0000022780","KINES","This course presents the fundamental principles of exercise testing and prescription for both healthy and special needs individuals. Students explore techniques for assessing fitness and prescribing exercise using a variety of ergometers for improvement of health fitness parameters. Students also utilize case studies and laboratory experiences. Topics include health/medical histories, submaximal graded exercise testing, and assessment of strength, flexibility, pulmonary functions, and body composition. Offered annually. Prerequisites: senior kinesiology major; BIO 143, BIO 243 and KINES 375.","0","0","0","0","0","ACB;OEP;SPM","Neuger, Matt D.","{'fsnum': '20080', 'name': 'Neuger, Matt D.'}","300","15","0","0","0","","Exercise Prescription","This course includes an academic civic engagement (ACE) component.              ;Open only to seniors.","376","{'day': 'Mo', 'end': '14:55', 'location': 'SAC 103', 'start': '14:00'};{'day': 'We', 'end': '14:55', 'location': 'SAC 103', 'start': '14:00'};{'day': 'Fr', 'end': '14:55', 'location': 'SAC 103', 'start': '14:00'}","False","Prerequisites: senior kinesiology major; BIO 143, BIO 243 and KINES 375.","","3","O","20263","Fitness Assessment and Exercise Prescription","Research","2026"
"0000170921","1.0","0000001066","KINES","Students may be co-registered for the capstone course and their final core courses in the major. Students conduct semester-long research on a topic and present their findings in the form of a research paper. Offered annually. Prerequisite: senior standing.","0","0","0","0","0","WRI","Fountaine, Charles J.","{'fsnum': '9002454', 'name': 'Fountaine, Charles J.'}","300","18","0","0","0","18","Kinesiology Seminar","Open only to seniors.","390","{'day': 'Tu', 'end': '11:00', 'location': 'SAC 103', 'start': '09:35'};{'day': 'Th', 'end': '10:50', 'location': 'SAC 103', 'start': '09:30'}","False","senior standing.","","3","O","20263","","Research","2026"
"0000172347","1.0","0000027403","LAMST","This seminar focuses on the implications of studying Latin America, or the way in which different conceptualizations of this region have helped to shape Latin America as an object of study. Possible topics for approaching this question include the history of Latin American studies in the United States and the relation between scholarship on Latin America and U.S. policy in the region; Latin American responses to U.S. representations of the region; the production of images of lo indígena according to Western expectations; and Indigenous cultures and globalization. Languages Across the Curriculum (LAC) course is often available in Spanish. Offered alternate years in the fall semester.","0","0","0","0","0","GHS;MCG","Medina-Vilariño, Kristina","{'fsnum': '23607', 'name': 'Medina-Vilariño, Kristina'}","300","15","","","","","Contemp Latin Am Issues","","333","{'day': 'Tu', 'end': '14:45', 'location': 'TBA', 'start': '13:20'};{'day': 'Th', 'end': '15:35', 'location': 'TBA', 'start': '14:15'}","False","False","","3","O","20263","Contemporary Latin American Issues","Research","2026"
"0000171816","1.0","0000000712","LATIN","In this two-course sequence students learn the basics of classical Latin. By studying the language's vocabulary, grammar, and syntax, they not only gain appreciation for its intricacies and nuances but also learn more about their own language and about language in general. Completion of both LATIN 111 and LATIN 112 equips students to translate almost any classical Latin text with the aid of a dictionary. Offered annually in the spring semester. Prerequisite: LATIN 111 or equivalent.","0","0","0","0","0","","Merrill, Frances","{'fsnum': '9006334', 'name': 'Merrill, Frances'}","100","25","","","","","Beginning Latin II","","112","{'day': 'Mo', 'end': '14:55', 'location': 'TBA', 'start': '14:00'};{'day': 'We', 'end': '14:55', 'location': 'TBA', 'start': '14:00'};{'day': 'Fr', 'end': '14:55', 'location': 'TBA', 'start': '14:00'}","False","LATIN 111 or equivalent.","B","3","O","20263","","Research","2026"
"0000171817","1.0","0000000715","LATIN","Lord Tennyson called Vergil the ""wielder of the stateliest measure ever moulded by the lips of man."" Students encounter that stately measure when they translate selections from Vergil's three major poems (Eclogues, Georgics, Aeneid). Through discussion and readings, students also explore the development of Latin epic and Vergil's reception in later literature, art, and music. Depending on the instructor, students engage in at least one significant writing project, e.g., on poetic interpretation or literary translation. Offered alternate years in the spring semester. Prerequisite: LATIN 231 or equivalent.","0","0","0","0","0","CRE;FOL-L;WAC;WRI","Merrill, Frances","{'fsnum': '9006334', 'name': 'Merrill, Frances'}","200","25","","","","","Vergil & Latin Epic","","252","{'day': 'Mo', 'end': '11:40', 'location': 'TBA', 'start': '10:45'};{'day': 'We', 'end': '11:40', 'location': 'TBA', 'start': '10:45'};{'day': 'Fr', 'end': '11:40', 'location': 'TBA', 'start': '10:45'}","False","LATIN 231 or equivalent.","","3","O","20263","Vergil and Latin Epic","Research","2026"
"0000172847","1.0","0000000718","LATIN","Students translate selections from one or more genres of ancient Latin literature while exploring a specific topic or theme chosen by the instructor. Close study of the text is combined with discussion of broader literary, historical, and cultural questions. Sample topics: ""Ovid,"" ""Latin Epistolography,"" ""Augustan Elegy."" Offered periodically in the fall or the spring semester. Prerequisite: LATIN 231 or equivalent.","0","0","0","0","0","FOL-L;WLC","Groton, Anne","{'fsnum': '2771', 'name': 'Groton, Anne'}","300","15","","","","","Top: Topics in Latin Lit","","370","{'day': 'Tu', 'end': '11:00', 'location': 'TBA', 'start': '09:35'};{'day': 'Th', 'end': '10:50', 'location': 'TBA', 'start': '09:30'}","False","LATIN 231 or equivalent.","","3","O","20263","Topics in Latin Literature","Topic","2026"
"0000171818","1.0","0000000726","LATIN","Independent work is guided by a faculty member. Students need to have the necessary background, including appropriate coursework, before an independent project is approved. A student may not substitute an IS/IR course for a course regularly offered in a department or program. IS/IR culminates in at least one product (a paper, laboratory report, work of art, etc.). Normally, the student and faculty instructor are expected to meet at least once a week. See catalog for more information under registration and course enrollment. Prerequisites: at least second-year standing; at least 5 relevant courses for 398 (IR); approval from the faculty instructor, the academic advisor, and the department chair or program director.","0","0","0","0","0","","Helms, Kyle","{'fsnum': '30106', 'name': 'Helms, Kyle'}","300","10","","","","","IR/","","398","{'day': 'Mo', 'end': '11:40', 'location': 'TBA', 'start': '10:45'};{'day': 'We', 'end': '11:40', 'location': 'TBA', 'start': '10:45'};{'day': 'Fr', 'end': '11:40', 'location': 'TBA', 'start': '10:45'}","False","Prerequisites: at least second-year standing; at least 5 relevant courses for 398 (IR); approval from the faculty instructor, the academic advisor, and the department chair or program director.","","3","O","20263","Independent Research","Research","2026"
"0000170510","1.0","0000000731","MATH","This course introduces differential and integral calculus of functions of a single real variable, including trigonometric, exponential, and logarithmic functions. Derivatives, integrals, and differential equations are explored graphically, symbolically, and numerically. Applications of these topics are emphasized throughout the course. Credit may be earned for either MATH 119 or MATH 120, but not both. Students may not enroll in this course if they have AP, IB, or CAL Calculus I credit. Offered each semester and during January term. Prerequisite: mathematics placement recommendation.","0","0","0","0","0","AQR;MAR;QCR","Davis, Maria M.","{'fsnum': '9002598', 'name': 'Davis, Maria M.'}","100","24","","","","","Calculus I","Course fee $35","120","{'day': 'Mo', 'end': '10:00', 'location': 'RNS 208', 'start': '09:05'};{'day': 'We', 'end': '10:00', 'location': 'RNS 208', 'start': '09:05'};{'day': 'Fr', 'end': '10:00', 'location': 'RNS 208', 'start': '09:05'}","False","mathematics placement recommendation.","A","3","O","20263","","Research","2026"
"0000170509","1.0","0000000731","MATH","This course introduces differential and integral calculus of functions of a single real variable, including trigonometric, exponential, and logarithmic functions. Derivatives, integrals, and differential equations are explored graphically, symbolically, and numerically. Applications of these topics are emphasized throughout the course. Credit may be earned for either MATH 119 or MATH 120, but not both. Students may not enroll in this course if they have AP, IB, or CAL Calculus I credit. Offered each semester and during January term. Prerequisite: mathematics placement recommendation.","0","0","0","0","0","AQR;MAR;QCR","Whitehead, Ian","{'fsnum': '9006206', 'name': 'Whitehead, Ian'}","100","24","","","","","Calculus I","Course fee $35","120","{'day': 'Mo', 'end': '13:50', 'location': 'TBA', 'start': '12:55'};{'day': 'We', 'end': '13:50', 'location': 'TBA', 'start': '12:55'};{'day': 'Fr', 'end': '13:50', 'location': 'TBA', 'start': '12:55'}","False","mathematics placement recommendation.","B","3","O","20263","","Research","2026"
"0000170511","1.0","0000000731","MATH","This course introduces differential and integral calculus of functions of a single real variable, including trigonometric, exponential, and logarithmic functions. Derivatives, integrals, and differential equations are explored graphically, symbolically, and numerically. Applications of these topics are emphasized throughout the course. Credit may be earned for either MATH 119 or MATH 120, but not both. Students may not enroll in this course if they have AP, IB, or CAL Calculus I credit. Offered each semester and during January term. Prerequisite: mathematics placement recommendation.","0","0","0","0","0","AQR;MAR;QCR","Whitehead, Ian","{'fsnum': '9006206', 'name': 'Whitehead, Ian'}","100","24","","","","","Calculus I","Course fee $35","120","{'day': 'Mo', 'end': '14:55', 'location': 'TBA', 'start': '14:00'};{'day': 'We', 'end': '14:55', 'location': 'TBA', 'start': '14:00'};{'day': 'Fr', 'end': '14:55', 'location': 'TBA', 'start': '14:00'}","False","mathematics placement recommendation.","C","3","O","20263","","Research","2026"
"0000170512","1.0","0000000733","MATH","This course covers methods and applications of integration, geometric and Taylor series, and introduces partial derivatives and double integrals. Credit may be earned for either MATH 126 or MATH 128, but not both. Offered each semester. Prerequisite: MATH 119 or MATH 120 or equivalent, or mathematics placement recommendation.","0","0","0","0","0","AQR;MAR;QCR","Berliner, Adam H.","{'fsnum': '21092', 'name': 'Berliner, Adam H.'}","100","20","","","","","Calculus II","Course fee $35","126","{'day': 'Mo', 'end': '08:55', 'location': 'TBA', 'start': '08:00'};{'day': 'We', 'end': '08:55', 'location': 'TBA', 'start': '08:00'};{'day': 'Fr', 'end': '08:55', 'location': 'TBA', 'start': '08:00'}","False","MATH 119 or MATH 120 or equivalent, or mathematics placement recommendation.","A","3","O","20263","","Research","2026"
"0000170513","1.0","0000000733","MATH","This course covers methods and applications of integration, geometric and Taylor series, and introduces partial derivatives and double integrals. Credit may be earned for either MATH 126 or MATH 128, but not both. Offered each semester. Prerequisite: MATH 119 or MATH 120 or equivalent, or mathematics placement recommendation.","0","0","0","0","0","AQR;MAR;QCR","Berliner, Adam H.","{'fsnum': '21092', 'name': 'Berliner, Adam H.'}","100","20","","","","","Calculus II","Course fee $35","126","{'day': 'Mo', 'end': '10:00', 'location': 'TBA', 'start': '09:05'};{'day': 'We', 'end': '10:00', 'location': 'TBA', 'start': '09:05'};{'day': 'Fr', 'end': '10:00', 'location': 'TBA', 'start': '09:05'}","False","MATH 119 or MATH 120 or equivalent, or mathematics placement recommendation.","B","3","O","20263","","Research","2026"
"0000172242","1.0","0000000733","MATH","This course covers methods and applications of integration, geometric and Taylor series, and introduces partial derivatives and double integrals. Credit may be earned for either MATH 126 or MATH 128, but not both. Offered each semester. Prerequisite: MATH 119 or MATH 120 or equivalent, or mathematics placement recommendation.","0","0","0","0","0","AQR;MAR;QCR","Israel, Elana J.","{'fsnum': '9005178', 'name': 'Israel, Elana J.'}","100","20","","","","","Calculus II","","126","{'day': 'Mo', 'end': '14:55', 'location': 'TBA', 'start': '14:00'};{'day': 'We', 'end': '14:55', 'location': 'TBA', 'start': '14:00'};{'day': 'Fr', 'end': '14:55', 'location': 'TBA', 'start': '14:00'}","False","MATH 119 or MATH 120 or equivalent, or mathematics placement recommendation.","C","3","O","20263","","Research","2026"
"0000170635","1.0","0000000736","MATH","This course beautifully illustrates the nature of mathematics as a blend of technique, theory, abstraction, and applications. The important problem of solving systems of linear equations leads to the study of matrix algebra, determinants, vector spaces, bases and dimension, linear transformations, and eigenvalues. Offered each semester and during January term. Prerequisite: MATH 119, MATH 120 or CSCI 221.","0","0","0","0","0","AQR;MAR;QCR","Walmsley, David P.","{'fsnum': '29131', 'name': 'Walmsley, David P.'}","200","24","","","","","Elem Linear Algebra","","220","{'day': 'Mo', 'end': '08:55', 'location': 'RNS 204', 'start': '08:00'};{'day': 'We', 'end': '08:55', 'location': 'RNS 204', 'start': '08:00'};{'day': 'Fr', 'end': '08:55', 'location': 'RNS 204', 'start': '08:00'}","False","MATH 119, MATH 120 or CSCI 221.","A","3","O","20263","Elementary Linear Algebra","Research","2026"
"0000170634","1.0","0000000736","MATH","This course beautifully illustrates the nature of mathematics as a blend of technique, theory, abstraction, and applications. The important problem of solving systems of linear equations leads to the study of matrix algebra, determinants, vector spaces, bases and dimension, linear transformations, and eigenvalues. Offered each semester and during January term. Prerequisite: MATH 119, MATH 120 or CSCI 221.","0","0","0","0","0","AQR;MAR;QCR","Brooke, Corey T.","{'fsnum': '9006263', 'name': 'Brooke, Corey T.'}","200","24","","","","","Elem Linear Algebra","","220","{'day': 'Mo', 'end': '10:00', 'location': 'RNS 204', 'start': '09:05'};{'day': 'We', 'end': '10:00', 'location': 'RNS 204', 'start': '09:05'};{'day': 'Fr', 'end': '10:00', 'location': 'RNS 204', 'start': '09:05'}","False","MATH 119, MATH 120 or CSCI 221.","B","3","O","20263","Elementary Linear Algebra","Research","2026"
"0000170636","1.0","0000000736","MATH","This course beautifully illustrates the nature of mathematics as a blend of technique, theory, abstraction, and applications. The important problem of solving systems of linear equations leads to the study of matrix algebra, determinants, vector spaces, bases and dimension, linear transformations, and eigenvalues. Offered each semester and during January term. Prerequisite: MATH 119, MATH 120 or CSCI 221.","0","0","0","0","0","AQR;MAR;QCR","Brooke, Corey T.","{'fsnum': '9006263', 'name': 'Brooke, Corey T.'}","200","24","","","","","Elem Linear Algebra","","220","{'day': 'Mo', 'end': '11:40', 'location': 'RNS 204', 'start': '10:45'};{'day': 'We', 'end': '11:40', 'location': 'RNS 204', 'start': '10:45'};{'day': 'Fr', 'end': '11:40', 'location': 'RNS 204', 'start': '10:45'}","False","MATH 119, MATH 120 or CSCI 221.","C","3","O","20263","Elementary Linear Algebra","Research","2026"
"0000170637","1.0","0000000736","MATH","This course beautifully illustrates the nature of mathematics as a blend of technique, theory, abstraction, and applications. The important problem of solving systems of linear equations leads to the study of matrix algebra, determinants, vector spaces, bases and dimension, linear transformations, and eigenvalues. Offered each semester and during January term. Prerequisite: MATH 119, MATH 120 or CSCI 221.","0","0","0","0","0","AQR;MAR;QCR","Davis, Maria M.","{'fsnum': '9002598', 'name': 'Davis, Maria M.'}","200","24","","","","","Elem Linear Algebra","","220","{'day': 'Mo', 'end': '12:45', 'location': 'RNS 204', 'start': '23:50'};{'day': 'We', 'end': '12:45', 'location': 'RNS 204', 'start': '23:50'};{'day': 'Fr', 'end': '12:45', 'location': 'RNS 204', 'start': '23:50'}","False","MATH 119, MATH 120 or CSCI 221.","D","3","O","20263","Elementary Linear Algebra","Research","2026"
"0000170638","1.0","0000000736","MATH","This course beautifully illustrates the nature of mathematics as a blend of technique, theory, abstraction, and applications. The important problem of solving systems of linear equations leads to the study of matrix algebra, determinants, vector spaces, bases and dimension, linear transformations, and eigenvalues. Offered each semester and during January term. Prerequisite: MATH 119, MATH 120 or CSCI 221.","0","0","0","0","0","AQR;MAR;QCR","Davis, Maria M.","{'fsnum': '9002598', 'name': 'Davis, Maria M.'}","200","24","","","","","Elem Linear Algebra","","220","{'day': 'Mo', 'end': '13:50', 'location': 'RNS 204', 'start': '12:55'};{'day': 'We', 'end': '13:50', 'location': 'RNS 204', 'start': '12:55'};{'day': 'Fr', 'end': '13:50', 'location': 'RNS 204', 'start': '12:55'}","False","MATH 119, MATH 120 or CSCI 221.","E","3","O","20263","Elementary Linear Algebra","Research","2026"
"0000170989","1.0","0000000738","MATH","This course extends important ideas of single-variable calculus (derivatives, integrals, graphs, approximation, optimization, fundamental theorems, etc.) to higher-dimensional settings. These extensions make calculus tools far more powerful in modeling the (multi-dimensional) real world. Topics include partial derivatives, multiple integrals, transformations, Jacobians, line and surface integrals, and the fundamental theorems of Green, Stokes, and Gauss. Offered each semester. Prerequisites: MATH 126 or MATH 128, and MATH 220.","0","0","0","0","0","","Israel, Elana J.","{'fsnum': '9005178', 'name': 'Israel, Elana J.'}","200","24","","","","","Multivariable Calc","","226","{'day': 'Mo', 'end': '12:45', 'location': 'TBA', 'start': '23:50'};{'day': 'We', 'end': '12:45', 'location': 'TBA', 'start': '23:50'};{'day': 'Fr', 'end': '12:45', 'location': 'TBA', 'start': '23:50'}","False","Prerequisites: MATH 126 or MATH 128, and MATH 220.","A","3","O","20263","Multivariable Calculus","Research","2026"
"0000170988","1.0","0000000738","MATH","This course extends important ideas of single-variable calculus (derivatives, integrals, graphs, approximation, optimization, fundamental theorems, etc.) to higher-dimensional settings. These extensions make calculus tools far more powerful in modeling the (multi-dimensional) real world. Topics include partial derivatives, multiple integrals, transformations, Jacobians, line and surface integrals, and the fundamental theorems of Green, Stokes, and Gauss. Offered each semester. Prerequisites: MATH 126 or MATH 128, and MATH 220.","0","0","0","0","0","","Israel, Elana J.","{'fsnum': '9005178', 'name': 'Israel, Elana J.'}","200","24","","","","","Multivariable Calc","","226","{'day': 'Mo', 'end': '13:50', 'location': 'TBA', 'start': '12:55'};{'day': 'We', 'end': '13:50', 'location': 'TBA', 'start': '12:55'};{'day': 'Fr', 'end': '13:50', 'location': 'TBA', 'start': '12:55'}","False","Prerequisites: MATH 126 or MATH 128, and MATH 220.","B","3","O","20263","Multivariable Calculus","Research","2026"
"0000170615","1.0","0000000740","MATH","This course introduces differential equations and analytical, numerical, and graphical techniques for the analysis of their solutions. First- and second-order differential equations and linear systems are studied. Applications are selected from areas such as biology, chemistry, economics, ecology, and physics. Laplace transforms or nonlinear systems may be covered as time permits. Students use computers extensively to calculate and visualize results. Offered each semester. Prerequisite: MATH 126 or MATH 128 and MATH 220.","0","0","0","0","0","","Salois, Kyle","{'fsnum': '9005160', 'name': 'Salois, Kyle'}","200","24","","","","","Differential Equations I","","230","{'day': 'Mo', 'end': '10:00', 'location': 'RNS 206', 'start': '09:05'};{'day': 'We', 'end': '10:00', 'location': 'RNS 206', 'start': '09:05'};{'day': 'Fr', 'end': '10:00', 'location': 'RNS 206', 'start': '09:05'}","False","MATH 126 or MATH 128 and MATH 220.","A","3","O","20263","","Research","2026"
"0000170616","1.0","0000000740","MATH","This course introduces differential equations and analytical, numerical, and graphical techniques for the analysis of their solutions. First- and second-order differential equations and linear systems are studied. Applications are selected from areas such as biology, chemistry, economics, ecology, and physics. Laplace transforms or nonlinear systems may be covered as time permits. Students use computers extensively to calculate and visualize results. Offered each semester. Prerequisite: MATH 126 or MATH 128 and MATH 220.","0","0","0","0","0","","Salois, Kyle","{'fsnum': '9005160', 'name': 'Salois, Kyle'}","200","24","","","","","Differential Equations I","","230","{'day': 'Mo', 'end': '11:40', 'location': 'TBA', 'start': '10:45'};{'day': 'We', 'end': '11:40', 'location': 'TBA', 'start': '10:45'};{'day': 'Fr', 'end': '11:40', 'location': 'TBA', 'start': '10:45'}","False","MATH 126 or MATH 128 and MATH 220.","B","3","O","20263","","Research","2026"
"0000170621","1.0","0000036280","MATH","In this course students use topics in discrete mathematics to engage in problem solving, abstract mathematical thinking, and logical reasoning. Students practice proof writing in multiple contexts, including propositional and predicate logic; the foundations of set theory, functions, and relations; elementary number theory; arithmetic and geometric progressions; permutations, combinations, and basic probability; and graph theory. Offered each semester. May not be taken after MATH 244 or MATH 252, except with instructor permission. Prerequisite: CSCI 221, MATH 126 or MATH 128.","0","0","0","0","0","","Gandini, Francesca","{'fsnum': '34024', 'name': 'Gandini, Francesca'}","200","24","","","","","Discrete Mathematical Reasoning","","234","{'day': 'Tu', 'end': '13:10', 'location': 'TBA', 'start': '23:45'};{'day': 'Th', 'end': '14:05', 'location': 'TBA', 'start': '12:45'}","False","CSCI 221, MATH 126 or MATH 128.","","3","O","20263","","Research","2026"
"0000170957","1.0","0000000743","MATH","This course introduces students to the essential modeling techniques of formulation, implementation, validation, and analysis. Students engage in these areas by combining experiment, mathematical theory, statistics, and computation to better understand a wide variety of biological systems. Offered annually in the spring semester. Prerequisite: MATH 126 or MATH 128, and familiarity with R programming (BIO 150 or SDS 172 or CSCI 125 or equivalent programming experience).","0","0","0","0","0","IST;NTS;SED","Kraut, Anna K.","{'fsnum': '9002458', 'name': 'Kraut, Anna K.'}","200","22","","","","","Math of Biology","Students enrolling for Math 236 must also enroll in Math 236 Lab.","236","{'day': 'Mo', 'end': '13:50', 'location': 'TOH 186', 'start': '12:55'};{'day': 'Fr', 'end': '13:50', 'location': 'TOH 186', 'start': '12:55'}","False","MATH 126 or MATH 128, and familiarity with R programming (BIO 150 or SDS 172 or CSCI 125 or equivalent programming experience).","","3","O","20263","Mathematics of Biology","Research","2026"
"0000170958","","0000027684","MATH","","0","0","0","0","0","","Kraut, Anna K.;Muthukrishnan, Ranjan","{'fsnum': '9002458', 'name': 'Kraut, Anna K.'};{'fsnum': '9002460', 'name': 'Muthukrishnan, Ranjan'}","200","22","","","","","Math of Biology Lab","","236","{'day': 'We', 'end': '15:00', 'location': 'RNS 394', 'start': '12:55'}","False","","","3","O","20263","","Lab","2026"
"0000170973","1.0","0000016235","MATH","Modern mathematics is characterized by the interaction of theoretical and computational techniques. In this course, students study topics from pure and applied mathematics with the aid of computation. Symbolic, graphical, and numerical computational techniques are introduced. Students develop computational skills sufficient to investigate mathematical questions independently. No previous programming experience is required. Offered annually. Prerequisite: MATH 220.","0","0","0","0","0","","Ellefsen, Erin M.","{'fsnum': '9002457', 'name': 'Ellefsen, Erin M.'}","200","20","","","","","Modern Computational Math","Course fee $20.","242","{'day': 'Mo', 'end': '08:55', 'location': 'RNS 160R', 'start': '08:00'};{'day': 'We', 'end': '08:55', 'location': 'RNS 160R', 'start': '08:00'};{'day': 'Fr', 'end': '08:55', 'location': 'RNS 160R', 'start': '08:00'}","False","MATH 220.","A","3","O","20263","Modern Computational Mathematics","Research","2026"
"0000172243","1.0","0000016235","MATH","Modern mathematics is characterized by the interaction of theoretical and computational techniques. In this course, students study topics from pure and applied mathematics with the aid of computation. Symbolic, graphical, and numerical computational techniques are introduced. Students develop computational skills sufficient to investigate mathematical questions independently. No previous programming experience is required. Offered annually. Prerequisite: MATH 220.","0","0","0","0","0","","Ellefsen, Erin M.","{'fsnum': '9002457', 'name': 'Ellefsen, Erin M.'}","200","20","","","","","Modern Computational Math","","242","{'day': 'Mo', 'end': '14:55', 'location': 'TBA', 'start': '14:00'};{'day': 'We', 'end': '14:55', 'location': 'TBA', 'start': '14:00'};{'day': 'Fr', 'end': '14:55', 'location': 'TBA', 'start': '14:00'}","False","MATH 220.","B","3","O","20263","Modern Computational Mathematics","Research","2026"
"0000171110","1.0","0000000745","MATH","Students encounter the theory of calculus and develop tools for communicating mathematical ideas with technical accuracy and sophistication. The goal is mastery of the concepts (e.g., limit, continuity, derivatives, and integrals) necessary to verify such important results as the Fundamental Theorem of Calculus, the Mean Value Theorem, and the Bolzano-Weierstrass Theorem. Emphasis is on theory and on developing the ability to write proofs. Offered each semester. Prerequisite: MATH 126 or MATH 128, and MATH 220. Permission of instructor required for first-year students.","0","0","0","0","0","WAC;WRI","Whitehead, Ian","{'fsnum': '9006206', 'name': 'Whitehead, Ian'}","200","17","","8","","6","Real Analysis I","","244","{'day': 'Mo', 'end': '11:40', 'location': 'TBA', 'start': '10:45'};{'day': 'We', 'end': '11:40', 'location': 'TBA', 'start': '10:45'};{'day': 'Fr', 'end': '11:40', 'location': 'TBA', 'start': '10:45'}","False","MATH 126 or MATH 128, and MATH 220. Permission of instructor required for first-year students.","A","3","O","20263","","Research","2026"
"0000171109","1.0","0000000745","MATH","Students encounter the theory of calculus and develop tools for communicating mathematical ideas with technical accuracy and sophistication. The goal is mastery of the concepts (e.g., limit, continuity, derivatives, and integrals) necessary to verify such important results as the Fundamental Theorem of Calculus, the Mean Value Theorem, and the Bolzano-Weierstrass Theorem. Emphasis is on theory and on developing the ability to write proofs. Offered each semester. Prerequisite: MATH 126 or MATH 128, and MATH 220. Permission of instructor required for first-year students.","0","0","0","0","0","WAC;WRI","Norton, Rachael","{'fsnum': '35070', 'name': 'Norton, Rachael'}","200","17","","8","","6","Real Analysis I","","244","{'day': 'Mo', 'end': '14:55', 'location': 'TOH 184', 'start': '14:00'};{'day': 'We', 'end': '14:55', 'location': 'TOH 184', 'start': '14:00'};{'day': 'Fr', 'end': '14:55', 'location': 'TOH 184', 'start': '14:00'}","False","MATH 126 or MATH 128, and MATH 220. Permission of instructor required for first-year students.","B","3","O","20263","","Research","2026"
"0000170387","1.0","0000000747","MATH","Algebra is concerned with sets of objects and operations that satisfy a few basic properties. Using the properties we study axiomatic systems such as groups, rings, and fields, covering topics such as homomorphisms, cosets, quotient structures, polynomial rings, and finite fields. Emphasis is on theory and on developing the ability to write proofs. Offered each semester. Prerequisite: MATH 220. Permission of instructor required for first-year students.","0","0","0","0","0","WAC;WRI","Walmsley, David P.","{'fsnum': '29131', 'name': 'Walmsley, David P.'}","200","16","","","","","Abstract Algebra I","","252","{'day': 'Tu', 'end': '11:00', 'location': 'TOH 186', 'start': '09:35'};{'day': 'Th', 'end': '10:50', 'location': 'TOH 186', 'start': '09:30'}","False","MATH 220. Permission of instructor required for first-year students.","","3","O","20263","","Research","2026"
"0000171101","1.0","0000000748","MATH","This course introduces the mathematics of randomness. Topics include probabilities on discrete and continuous sample spaces, conditional probability and Bayes' Theorem, random variables, expectation and variance, distributions (including binomial, Poisson, geometric, normal, exponential, and gamma) and the Central Limit Theorem. Students use computers to explore these topics. Offered each semester. Prerequisite: MATH 126 or MATH 128.","0","0","0","0","0","","Brooke, Corey T.","{'fsnum': '9006263', 'name': 'Brooke, Corey T.'}","200","22","","","","","Probability Theory","","262","{'day': 'Mo', 'end': '14:55', 'location': 'TBA', 'start': '14:00'};{'day': 'We', 'end': '14:55', 'location': 'TBA', 'start': '14:00'};{'day': 'Fr', 'end': '14:55', 'location': 'TBA', 'start': '14:00'}","False","MATH 126 or MATH 128.","","3","O","20263","","Research","2026"
"0000170578","1.0","0000000754","MATH","Complex analysis treats the calculus of complex-valued functions of a complex variable. Familiar words and ideas from ordinary calculus (limit, derivative, integral, maximum and minimum, infinite series) reappear in the complex setting. Topics include complex mappings, derivatives, and integrals; applications focus especially on the physical sciences. Offered annually. Prerequisite: MATH 220, and MATH 226 or MATH 244.","0","0","0","0","0","WRI","Norton, Rachael","{'fsnum': '35070', 'name': 'Norton, Rachael'}","300","18","","","","","Complex Analysis","","340","{'day': 'Mo', 'end': '11:40', 'location': 'TOH 184', 'start': '10:45'};{'day': 'We', 'end': '11:40', 'location': 'TOH 184', 'start': '10:45'};{'day': 'Fr', 'end': '11:40', 'location': 'TOH 184', 'start': '10:45'}","False","MATH 220, and MATH 226 or MATH 244.","","3","O","20263","","Research","2026"
"0000172244","1.0","0000000757","MATH","This course is a continuation of the study of the theory of groups, rings, and fields. Topics include group actions, Sylow theory, and Galois theory. Other topics may include representation theory, module theory, and others. Offered alternate years. Prerequisite: MATH 252.","0","0","0","0","0","","Gandini, Francesca","{'fsnum': '34024', 'name': 'Gandini, Francesca'}","300","18","","","","","Abstract Algebra II","","352","{'day': 'Tu', 'end': '11:00', 'location': 'TBA', 'start': '09:35'};{'day': 'Th', 'end': '10:50', 'location': 'TBA', 'start': '09:30'}","False","MATH 252.","","3","O","20263","","Research","2026"
"0000172245","1.0","0000000762","MATH","Students work intensively on a special topic in mathematics. Topics vary from year to year. May be repeated if topic is different. Offered annually.","0","0","0","0","0","","Dietz, Jill","{'fsnum': '1380', 'name': 'Dietz, Jill'}","300","18","","","","","Sem: Cryptography","Prerequisite: One of MATH 239, MATH 252, or CSCI 353","382","{'day': 'Tu', 'end': '13:10', 'location': 'TBA', 'start': '23:45'};{'day': 'Th', 'end': '14:05', 'location': 'TBA', 'start': '12:45'}","False","One of MATH 239, MATH 252, or CSCI 353","","3","O","20263","Topics in Mathematics","Seminar","2026"
"0000171119","1.0","0000019406","MATH","This course provides a comprehensive research opportunity, including an introduction to relevant background material, technical instruction, identification of a meaningful project, and data collection. The topic is determined by the faculty member in charge of the course and may relate to their research interests. Offered periodically. May be offered as a 1.00 credit course or .50 credit course. Prerequisite: determined by individual instructor.","0","0","0","0","0","OEP;WRI","Kraut, Anna K.","{'fsnum': '9002458', 'name': 'Kraut, Anna K.'}","300","6","","","","","Research:","Registration by application only.","396","{'day': 'Mo', 'end': '12:45', 'location': 'TBA', 'start': '23:50'};{'day': 'We', 'end': '12:45', 'location': 'TBA', 'start': '23:50'};{'day': 'Fr', 'end': '12:45', 'location': 'TBA', 'start': '23:50'}","False","determined by individual instructor.","","3","O","20263","Directed Undergraduate Research","Research","2026"
"0000171342","1.0","0000021529","MEST","This course introduces students to different topics within the cultures and traditions of the modern Middle East. Students gain familiarity with significant moments, movements, voices, and trends in society, politics, architecture, and literature, and their interdependence. The course also acquaints students with intellectual debates and conflicts in and about the Middle East, and enables them to better think through those debates for themselves. May be repeated if topic is different. Offered annually in the spring semester.","0","0","0","0","0","GHS;MCG;MCS-G;WAC;WRI","Vendetti, Maria","{'fsnum': '26256', 'name': 'Vendetti, Maria'}","200","19","","","","","Top: Women in Post-Revolution MENA","Full topic title: Women at War and in Revolt in the Middle East & North Africa","202","{'day': 'Mo', 'end': '11:40', 'location': 'TBA', 'start': '10:45'};{'day': 'We', 'end': '11:40', 'location': 'TBA', 'start': '10:45'};{'day': 'Fr', 'end': '11:40', 'location': 'TBA', 'start': '10:45'}","False","False","","3","O","20263","Topics in Modern Middle Eastern Studies","Topic","2026"
"0000170997","1.0","0000000802","MUSIC","First-semester music majors begin formal musicianship studies. Students perform rhythms and melodies at sight. Students also analyze and compose Western tonal music that employs non-dominant seventh chords, applied chords, sequences, modulations, and small forms. These topics are closely integrated into melodic and harmonic dictations. Class meets four times weekly. Offered annually. Prerequisite: MUSIC 112. Concurrent registration in MUSIC 162 is strongly encouraged.","0","0","0","0","0","","Rodland, Catherine R.","{'fsnum': '13173', 'name': 'Rodland, Catherine R.'}","100","24","","","","","Musicianship: Tonality","","114","{'day': 'Mo', 'end': '08:55', 'location': 'TBA', 'start': '08:00'};{'day': 'Fr', 'end': '08:55', 'location': 'TBA', 'start': '08:00'};{'day': 'Tu', 'end': '09:25', 'location': 'TBA', 'start': '08:00'};{'day': 'Th', 'end': '09:20', 'location': 'TBA', 'start': '08:00'}","False","MUSIC 112. Concurrent registration in MUSIC 162 is strongly encouraged.","A","3","O","20263","","Research","2026"
"0000170998","1.0","0000000802","MUSIC","First-semester music majors begin formal musicianship studies. Students perform rhythms and melodies at sight. Students also analyze and compose Western tonal music that employs non-dominant seventh chords, applied chords, sequences, modulations, and small forms. These topics are closely integrated into melodic and harmonic dictations. Class meets four times weekly. Offered annually. Prerequisite: MUSIC 112. Concurrent registration in MUSIC 162 is strongly encouraged.","0","0","0","0","0","","Boone, Christine E.","{'fsnum': '35108', 'name': 'Boone, Christine E.'}","100","25","","","","","Musicianship: Tonality","","114","{'day': 'Mo', 'end': '10:00', 'location': 'CHM 224', 'start': '09:05'};{'day': 'Fr', 'end': '10:00', 'location': 'CHM 224', 'start': '09:05'};{'day': 'Tu', 'end': '11:00', 'location': 'CHM 224', 'start': '09:35'};{'day': 'Th', 'end': '10:50', 'location': 'CHM 224', 'start': '09:30'}","False","MUSIC 112. Concurrent registration in MUSIC 162 is strongly encouraged.","B","3","O","20263","","Research","2026"
"0000170996","1.0","0000000802","MUSIC","First-semester music majors begin formal musicianship studies. Students perform rhythms and melodies at sight. Students also analyze and compose Western tonal music that employs non-dominant seventh chords, applied chords, sequences, modulations, and small forms. These topics are closely integrated into melodic and harmonic dictations. Class meets four times weekly. Offered annually. Prerequisite: MUSIC 112. Concurrent registration in MUSIC 162 is strongly encouraged.","0","0","0","0","0","","Clawson-Cannestra, Kaitlyn","{'fsnum': '9006312', 'name': 'Clawson-Cannestra, Kaitlyn'}","100","24","","","","","Musicianship: Tonality","","114","{'day': 'Mo', 'end': '13:50', 'location': 'TBA', 'start': '12:55'};{'day': 'Fr', 'end': '13:50', 'location': 'TBA', 'start': '12:55'};{'day': 'Tu', 'end': '14:45', 'location': 'CHM 224', 'start': '13:20'};{'day': 'Th', 'end': '15:35', 'location': 'CHM 224', 'start': '14:15'}","False","MUSIC 112. Concurrent registration in MUSIC 162 is strongly encouraged.","C","3","O","20263","","Research","2026"
"0000172159","1.0","0000031167","MUSIC","This course introduces students to the study of music in cultural and historical perspective. Students explore a broad array of classical and vernacular traditions from throughout the world with the goal of formulating and answering questions about music's nature and about its use by people in diverse times and places. Students also develop essential skills for thinking and writing critically about music-related subjects. Offered every fall and spring semester.","0","0","0","0","0","ALS-A;CRE;HWC","Epstein, Louis K.","{'fsnum': '26252', 'name': 'Epstein, Louis K.'}","100","18","","","","","Introduction to Musicology","","141","{'day': 'Mo', 'end': '14:55', 'location': 'TBA', 'start': '14:00'};{'day': 'We', 'end': '14:55', 'location': 'TBA', 'start': '14:00'};{'day': 'Fr', 'end': '14:55', 'location': 'TBA', 'start': '14:00'}","False","False","","3","O","20263","","Research","2026"
"0000171059","0.25","0000000808","MUSIC","In this continuation of MUSIC 161, students further develop their reading fluency and technical skill, and work with more advanced harmonic idioms. Class activities include harmonization and transposition, score reading, performance, by-ear playing, and improvisation. A grade of B- or higher satisfies Piano Proficiency Level 2 requirements. Offered annually in the spring semester. Concurrent registration in MUSIC 114 is strongly encouraged. Prerequisite: MUSIC 161, completion of Piano Proficiency Level 1, or audition placement.","0","0","0","0","0","","Cannestra, Andrew J.","{'fsnum': '9005235', 'name': 'Cannestra, Andrew J.'}","100","12","","","","","Piano Class II","","162","{'day': 'Tu', 'end': '10:30', 'location': 'CHM 222', 'start': '09:35'};{'day': 'Th', 'end': '10:25', 'location': 'CHM 222', 'start': '09:30'}","False","MUSIC 161, completion of Piano Proficiency Level 1, or audition placement.","A","3","O","20263","","Research","2026"
"0000171060","0.25","0000000808","MUSIC","In this continuation of MUSIC 161, students further develop their reading fluency and technical skill, and work with more advanced harmonic idioms. Class activities include harmonization and transposition, score reading, performance, by-ear playing, and improvisation. A grade of B- or higher satisfies Piano Proficiency Level 2 requirements. Offered annually in the spring semester. Concurrent registration in MUSIC 114 is strongly encouraged. Prerequisite: MUSIC 161, completion of Piano Proficiency Level 1, or audition placement.","0","0","0","0","0","","Cannestra, Andrew J.","{'fsnum': '9005235', 'name': 'Cannestra, Andrew J.'}","100","12","","","","","Piano Class II","","162","{'day': 'Tu', 'end': '08:55', 'location': 'CHM 222', 'start': '08:00'};{'day': 'Th', 'end': '08:55', 'location': 'CHM 222', 'start': '08:00'}","False","MUSIC 161, completion of Piano Proficiency Level 1, or audition placement.","B","3","O","20263","","Research","2026"
"0000171061","0.25","0000000808","MUSIC","In this continuation of MUSIC 161, students further develop their reading fluency and technical skill, and work with more advanced harmonic idioms. Class activities include harmonization and transposition, score reading, performance, by-ear playing, and improvisation. A grade of B- or higher satisfies Piano Proficiency Level 2 requirements. Offered annually in the spring semester. Concurrent registration in MUSIC 114 is strongly encouraged. Prerequisite: MUSIC 161, completion of Piano Proficiency Level 1, or audition placement.","0","0","0","0","0","","Kim, April R.","{'fsnum': '19770', 'name': 'Kim, April R.'}","100","12","","","","","Piano Class II","","162","{'day': 'Mo', 'end': '13:50', 'location': 'CHM 222', 'start': '12:55'};{'day': 'We', 'end': '13:50', 'location': 'CHM 222', 'start': '12:55'}","False","MUSIC 161, completion of Piano Proficiency Level 1, or audition placement.","C","3","O","20263","","Research","2026"
"0000171062","0.25","0000000808","MUSIC","In this continuation of MUSIC 161, students further develop their reading fluency and technical skill, and work with more advanced harmonic idioms. Class activities include harmonization and transposition, score reading, performance, by-ear playing, and improvisation. A grade of B- or higher satisfies Piano Proficiency Level 2 requirements. Offered annually in the spring semester. Concurrent registration in MUSIC 114 is strongly encouraged. Prerequisite: MUSIC 161, completion of Piano Proficiency Level 1, or audition placement.","0","0","0","0","0","","Cannestra, Andrew J.","{'fsnum': '9005235', 'name': 'Cannestra, Andrew J.'}","100","12","","","","","Piano Class II","","162","{'day': 'Tu', 'end': '13:10', 'location': 'TBA', 'start': '23:45'};{'day': 'Th', 'end': '14:05', 'location': 'TBA', 'start': '12:45'}","False","MUSIC 161, completion of Piano Proficiency Level 1, or audition placement.","D","3","O","20263","","Research","2026"
"0000170489","0.25","0000000811","MUSIC","Students learn basic performance practice on core instruments in each instrument family. Additional topics include: common performance issues and their possible solution; Best Practices in teaching and learning core instruments of the family; and technology for teaching, learning, or composing for instruments as appropriate. Offered annually in the spring semester. Prerequisite: declared music education or composition major or permission of the instructor.","0","0","0","0","0","","Staff","{'fsnum': '', 'name': 'Staff'}","100","15","0","","","","Brass Techniques","For Music Composition and Music Education Majors only.                          ;Not open to first-year students.","166","{'day': 'Mo', 'end': '12:45', 'location': 'CHM 140', 'start': '23:50'};{'day': 'We', 'end': '12:45', 'location': 'CHM 140', 'start': '23:50'};{'day': 'Fr', 'end': '12:45', 'location': 'CHM 140', 'start': '23:50'}","False","declared music education or composition major or permission of the instructor.","","3","O","20263","","Research","2026"
"0000171040","0.25","0000000812","MUSIC","Students learn basic performance practice on core instruments in each instrument family. Additional topics include: common performance issues and their possible solution; Best Practices in teaching and learning core instruments of the family; and technology for teaching, learning, or composing for instruments as appropriate. Offered annually in the spring semester. Prerequisite:declared music education or composition major or permission of the instructor.","0","0","0","0","0","","McClung, James M.","{'fsnum': '32183', 'name': 'McClung, James M.'}","100","16","4","","","","Percussion Techniques","For Music Composition and Music Education Majors only.                          ;Open to a limited-number of first-year students.","167","{'day': 'Tu', 'end': '13:10', 'location': 'CHM 138', 'start': '23:45'};{'day': 'Th', 'end': '14:05', 'location': 'CHM 138', 'start': '12:45'}","False","Prerequisite:declared music education or composition major or permission of the instructor.","","3","O","20263","","Research","2026"
"0000171081","1.0","0000000818","MUSIC","Music majors continue formal musicianship studies. Students analyze and compose Western art music in styles from 1875 to the present, including late-nineteenth-century chromaticism, serialism and set theory, impressionism and neoclassicism, and blues and jazz styles. Performance and dictation studies follow these topics closely, including an introduction to jazz improvisation. Class meets four times weekly. Offered annually in spring. Prerequisite: MUSIC 114.","0","0","0","0","0","","Clawson-Cannestra, Kaitlyn","{'fsnum': '9006312', 'name': 'Clawson-Cannestra, Kaitlyn'}","200","24","","","","","Post-Tonal Musicianship","","214","{'day': 'Mo', 'end': '08:55', 'location': 'TBA', 'start': '08:00'};{'day': 'Fr', 'end': '08:55', 'location': 'TBA', 'start': '08:00'};{'day': 'Tu', 'end': '09:25', 'location': 'TBA', 'start': '08:00'};{'day': 'Th', 'end': '09:20', 'location': 'TBA', 'start': '08:00'}","False","MUSIC 114.","A","3","O","20263","","Research","2026"
"0000171080","1.0","0000000818","MUSIC","Music majors continue formal musicianship studies. Students analyze and compose Western art music in styles from 1875 to the present, including late-nineteenth-century chromaticism, serialism and set theory, impressionism and neoclassicism, and blues and jazz styles. Performance and dictation studies follow these topics closely, including an introduction to jazz improvisation. Class meets four times weekly. Offered annually in spring. Prerequisite: MUSIC 114.","0","0","0","0","0","","Boone, Christine E.","{'fsnum': '35108', 'name': 'Boone, Christine E.'}","200","24","","","","","Post-Tonal Musicianship","","214","{'day': 'Mo', 'end': '13:50', 'location': 'CHM 232', 'start': '12:55'};{'day': 'Fr', 'end': '13:50', 'location': 'CHM 232', 'start': '12:55'};{'day': 'Tu', 'end': '13:10', 'location': 'TBA', 'start': '23:45'};{'day': 'Th', 'end': '14:05', 'location': 'TBA', 'start': '12:45'}","False","MUSIC 114.","B","3","O","20263","","Research","2026"
"0000170580","1.0","0000000822","MUSIC","Students are introduced to a number of compositional techniques and apply them in creating original works of music and hearing them performed. Participants listen to important 20th- and 21st-century compositions, and discuss current trends in music, the changing role of the composer in society, and practical composition issues. Offered each semester. Prerequisite: MUSIC 114, or permission of instructor.","0","0","0","0","0","CRE","Merritt, Justin W.","{'fsnum': '16664', 'name': 'Merritt, Justin W.'}","200","18","","","","","Composition","","223","{'day': 'Mo', 'end': '11:40', 'location': 'CHM 224', 'start': '10:45'};{'day': 'We', 'end': '11:40', 'location': 'CHM 224', 'start': '10:45'};{'day': 'Fr', 'end': '11:40', 'location': 'CHM 224', 'start': '10:45'}","False","MUSIC 114, or permission of instructor.","","3","O","20263","","Research","2026"
"0000170911","0.5","0000021522","MUSIC","Students learn to create improvised solos based on standard jazz practice from different historical eras. To internalize the styles of jazz masters from different time periods, participants transcribe recorded jazz solos by ear and perform them in class. Students gain appreciation of and experience with different harmonic and scalar conceptions through performing and analyzing selected jazz solos. Open to instrumentalists and vocalists. Offered annually in the spring semester.","0","0","0","0","0","","Jefferson, Joseph L.","{'fsnum': '35067', 'name': 'Jefferson, Joseph L.'}","200","14","10","","","","Jazz Improvisation","","229","{'day': 'Tu', 'end': '14:45', 'location': 'TBA', 'start': '13:20'};{'day': 'Th', 'end': '15:35', 'location': 'TBA', 'start': '14:15'}","False","False","","3","O","20263","","Research","2026"
"0000172160","1.0","0000000832","MUSIC","Continuing the study begun in MUSIC 241, students encounter the history and development of Western European music from ca. 1750 to the present and study the major forms, styles and representative literature of the Classic and Romantic eras and the 20th and 21st centuries. Offered periodically during spring semester. Prerequisite: MUSIC 114.","0","0","0","0","0","","Clawson-Cannestra, Kaitlyn","{'fsnum': '9006312', 'name': 'Clawson-Cannestra, Kaitlyn'}","200","18","","","","","Hist & Lit Music II","","242","{'day': 'Mo', 'end': '14:55', 'location': 'TBA', 'start': '14:00'};{'day': 'We', 'end': '14:55', 'location': 'TBA', 'start': '14:00'};{'day': 'Fr', 'end': '14:55', 'location': 'TBA', 'start': '14:00'}","False","MUSIC 114.","","3","O","20263","History and Literature of Music II","Research","2026"
"0000170995","0.25","0000042879","MUSIC","In this course, students build an audition book of repertoire, surveying eras and genre-specific styles within the musical theater canon. Students develop an understanding of contemporary vocal styles unique to each repertoire category and practice techniques for both in-person and self-taped auditions according to industry standards. Coursework includes in-class and self-taped performances, goal-setting, and career preparation. Offered annually in Spring semester. Prerequisites: MUSPF 152 or MUSIC 148.","0","0","0","0","0","","Stryker, Marita K.","{'fsnum': '35025', 'name': 'Stryker, Marita K.'}","200","16","","","","","Musical Theater Lit","","248","{'day': 'Tu', 'end': '12:40', 'location': 'CHM 233', 'start': '23:45'};{'day': 'Th', 'end': '13:40', 'location': 'CHM 233', 'start': '12:45'}","False","Prerequisites: MUSPF 152 or MUSIC 148.","","3","O","20263","","Research","2026"
"0000170584","0.5","0000000833","MUSIC","Students learn basic conducting gestures (with and without baton) through exercises in meter patterns, preparatory beats and cut-offs, cueing, dynamics, fermata, articulations, phrasing, left hand independence, and face/eye usage. Offered annually in the spring semester. Prerequisite: MUSIC 114 and sophomore status, or permission of instructor.","0","0","0","0","0","","Park, Chung H.","{'fsnum': '34005', 'name': 'Park, Chung H.'}","200","18","0","","","","Conducting","Prerequisite: MUSIC 141 and MUSIC 114.                                          ;Not open to first-year students.","251","{'day': 'Tu', 'end': '11:00', 'location': 'CHM 140', 'start': '09:35'};{'day': 'Th', 'end': '10:50', 'location': 'CHM 140', 'start': '09:30'}","False","MUSIC 114 and sophomore status, or permission of instructor.","A","3","O","20263","","Research","2026"
"0000170585","0.5","0000000833","MUSIC","Students learn basic conducting gestures (with and without baton) through exercises in meter patterns, preparatory beats and cut-offs, cueing, dynamics, fermata, articulations, phrasing, left hand independence, and face/eye usage. Offered annually in the spring semester. Prerequisite: MUSIC 114 and sophomore status, or permission of instructor.","0","0","0","0","0","","Armstrong, Anton","{'fsnum': '263', 'name': 'Armstrong, Anton'}","200","18","0","","","","Conducting","Prerequisite: MUSIC 141 and MUSIC 114.                                          ;Not open to first-year students.","251","{'day': 'Tu', 'end': '11:00', 'location': 'CHM 233', 'start': '09:35'};{'day': 'Th', 'end': '10:50', 'location': 'CHM 233', 'start': '09:30'}","False","MUSIC 114 and sophomore status, or permission of instructor.","B","3","O","20263","","Research","2026"
"0000170801","0.5","0000000835","MUSIC","Students learn conducting techniques for instrumental literature, including rehearsal techniques, score preparation, and reading full score. Repertoire includes characteristic examples from standard band and orchestra literature. Students gain practical experience in conducting an instrumental ensemble. Course work includes observation of conducting faculty. Offered annually in the spring semester. Prerequisite: MUSIC 251.","0","0","0","0","0","","Dorn, Henry L.","{'fsnum': '35016', 'name': 'Dorn, Henry L.'}","200","20","0","","","","Instrumental Conducting","Not open to first-year students.","253","{'day': 'Tu', 'end': '11:00', 'location': 'CHM 138', 'start': '09:35'};{'day': 'Th', 'end': '10:50', 'location': 'CHM 138', 'start': '09:30'}","False","MUSIC 251.","","3","O","20263","","Research","2026"
"0000171064","0.25","0000018783","MUSIC","This continuation of 261 emphasizes sight playing, score reading, harmonization and transposition, more advanced improvisation and harmonic usage, performance preparation, and leadership from the keyboard. A grade of B- or higher satisfies Piano Proficiency Level 4 requirements. Offered annually in the spring semester. Prerequisite: MUSIC 261, completion of Piano Proficiency 3, or audition placement; concurrent registration in MUSIC 214 recommended.","0","0","0","0","0","","Kim, April R.","{'fsnum': '19770', 'name': 'Kim, April R.'}","200","12","","","","","Piano Class IV","","262","{'day': 'Mo', 'end': '10:00', 'location': 'CHM 222', 'start': '09:05'};{'day': 'We', 'end': '10:00', 'location': 'CHM 222', 'start': '09:05'}","False","MUSIC 261, completion of Piano Proficiency 3, or audition placement; concurrent registration in MUSIC 214 recommended.","A","3","O","20263","","Research","2026"
"0000171063","0.25","0000018783","MUSIC","This continuation of 261 emphasizes sight playing, score reading, harmonization and transposition, more advanced improvisation and harmonic usage, performance preparation, and leadership from the keyboard. A grade of B- or higher satisfies Piano Proficiency Level 4 requirements. Offered annually in the spring semester. Prerequisite: MUSIC 261, completion of Piano Proficiency 3, or audition placement; concurrent registration in MUSIC 214 recommended.","0","0","0","0","0","","Kim, April R.","{'fsnum': '19770', 'name': 'Kim, April R.'}","200","12","","","","","Piano Class IV","","262","{'day': 'Mo', 'end': '11:40', 'location': 'CHM 222', 'start': '10:45'};{'day': 'We', 'end': '11:40', 'location': 'CHM 222', 'start': '10:45'}","False","MUSIC 261, completion of Piano Proficiency 3, or audition placement; concurrent registration in MUSIC 214 recommended.","B","3","O","20263","","Research","2026"
"0000172161","0.25","0000000838","MUSIC","Students study and practice principles for singing in French and German with good pronunciation, enunciation, and expression. Course content includes phonetic analysis using the International Phonetic Alphabet and identifying and exercising the phonemic features of French and German through class performances and listening assignments. Offered spring semester in alternate years. Prerequisite: MUSIC 263 and two semesters of voice lessons.","0","0","0","0","0","","Dunnagan, Wesley S.","{'fsnum': '9002452', 'name': 'Dunnagan, Wesley S.'}","200","30","","","","","Lyric Diction II","","264","{'day': 'Mo', 'end': '14:55', 'location': 'TBA', 'start': '14:00'};{'day': 'We', 'end': '14:55', 'location': 'TBA', 'start': '14:00'}","False","MUSIC 263 and two semesters of voice lessons.","","3","O","20263","","Research","2026"
"0000172162","1.0","0000031595","MUSIC","Drawing from the fields of biology, neuroscience, physics, and psychology, this course introduces students to the biological and psychological aspects of music performance. Students develop an understanding of the origins of performance-related injury, the mechanism of hearing, the sources of workplace stress in the lives of professional musicians. Each student will design and complete an exercise program tailored to their individual needs as a musician. Offered periodically during January term.","0","0","0","0","0","ACB;IST;SPM","Ananda-Owens, Kathryn","{'fsnum': '154', 'name': 'Ananda-Owens, Kathryn'}","200","18","","","","","Music Performance Science","","271","{'day': 'Mo', 'end': '13:50', 'location': 'TBA', 'start': '12:55'};{'day': 'We', 'end': '13:50', 'location': 'TBA', 'start': '12:55'};{'day': 'Fr', 'end': '13:50', 'location': 'TBA', 'start': '12:55'}","False","False","","3","O","20263","","Research","2026"
"0000170799","0.25","0000000841","MUSIC","Through regular rehearsals and coaching sessions, new or already-formed chamber groups prepare and perform selected literature, learn about related repertoire, and cultivate observation, communication, and leadership skills. Typical ensembles include string quartets, brass or woodwind quintets, piano trios, saxophone quartets, etc. May be repeated. Offered each semester. Prerequisite: permission of instructor.","0","0","0","0","0","","Maeda, Dana L.","{'fsnum': '17590', 'name': 'Maeda, Dana L.'}","200","40","","","","","Instr Chamber Music","Students form chamber groups based on approval of music faculty.  No set meeting;time.  Locations and times of rehearsals, coachings, and performances determined;by each coach and ensemble.","275","","False","permission of instructor.","","3","O","20263","Instrumental Chamber Music","Research","2026"
"0000172163","0.5","0000017591","MUSIC","Beginning with the 17th century, students trace the evolution of literature for piano through the major works of such diverse composers as Bach, Boulez, Couperin, and Cage. Course content includes lectures, readings, listening, analysis, performance, and written assignments. Special attention is paid to performance practice traditions and historical context. Offered periodically. Prerequisites: MUSIC 141, MUSIC 212, and one 300-level musicology or music theory elective, or permission of instructor.","0","0","0","0","0","","Atzinger, Christopher","{'fsnum': '17471', 'name': 'Atzinger, Christopher'}","200","12","","","","","Piano Literature","","283","{'day': 'Tu', 'end': '14:45', 'location': 'TBA', 'start': '13:20'};{'day': 'Th', 'end': '15:35', 'location': 'TBA', 'start': '14:15'}","False","Prerequisites: MUSIC 141, MUSIC 212, and one 300-level musicology or music theory elective, or permission of instructor.","","3","O","20263","","Research","2026"
"0000170560","0.5","0000000844","MUSIC","This course is a study of the smaller forms of choral music from the Renaissance to the present with an emphasis on music suitable for junior and senior high school and church choirs. Students study scores and recordings and discuss representative style features and characteristics, interpretation, and conducting problems. Offered annually in the spring semester. Prerequisites: MUSIC 252.","0","0","0","0","0","","Kemper, Joseph K.","{'fsnum': '9005103', 'name': 'Kemper, Joseph K.'}","200","18","0","","","","Choral Literature","Not open to first-year students.","287","{'day': 'Mo', 'end': '13:50', 'location': 'TBA', 'start': '12:55'};{'day': 'We', 'end': '13:50', 'location': 'TBA', 'start': '12:55'};{'day': 'Fr', 'end': '13:50', 'location': 'TBA', 'start': '12:55'}","False","Prerequisites: MUSIC 252.","","3","O","20263","Choral Literature I","Research","2026"
"0000171396","0.25","0000031180","MUSIC","This course focuses on applying the foundations of vocal production learned in MUSIC 291 - Vocal Development and Pedagogy to the practice of teaching voice in a solo setting. Students in this course take on a private voice student for the semester and develop a systematic, personalized curriculum for this student. Topics include developing a pedagogical approach to warm-ups and vocalizations, choosing repertoire, vocal registration, vocal acoustics and format training, training different voice types, musical theater belting technique, and the aging voice. Offered annually in spring semester. Prerequisite: MUSIC 291.","0","0","0","0","0","","Engleman, Tracey M.","{'fsnum': '14781', 'name': 'Engleman, Tracey M.'}","200","18","0","15","0","5","Vocal Pedagogy II","This course has class-year limits and it is open only to juniors and a limited  ;number of seniors.","292","{'day': 'Mo', 'end': '11:40', 'location': 'CHM 233', 'start': '10:45'};{'day': 'We', 'end': '11:40', 'location': 'CHM 233', 'start': '10:45'}","False","MUSIC 291.","","3","O","20263","","Research","2026"
"0000172164","1.0","0000000849","MUSIC","Analysis is a course of discovery, using advanced tools of music theory to examine the ways in which great works of music are put together. Students examine principles of form and style and, using a range of analytical techniques, come to a deeper understanding of tonal music. The course focuses on Classical and Romantic literature, with some work in 20th-century tonality. Offered during spring semester alternate years. Prerequisite: MUSIC 214.","0","0","0","0","0","ORC","Castro, David R.","{'fsnum': '20190', 'name': 'Castro, David R.'}","300","18","","","","","Analysis/Tonal Music","","313","{'day': 'Mo', 'end': '11:40', 'location': 'TBA', 'start': '10:45'};{'day': 'We', 'end': '11:40', 'location': 'TBA', 'start': '10:45'};{'day': 'Fr', 'end': '11:40', 'location': 'TBA', 'start': '10:45'}","False","MUSIC 214.","","3","O","20263","Analysis of Tonal Music","Research","2026"
"0000170992","1.0","0000033332","MUSIC","Students consider how norms of masculinity and femininity are expressed through music in historical and contemporary contexts around the world. Through investigating relationships between music, gender, and sexuality from a variety of analytical perspectives structured around ethnographic case studies, students encounter multiple models of music research, which they use to guide their own ethnographic projects. Prerequisite: MUSIC 141 or permission of instructor.","0","0","0","0","0","CRE;MCG;SCS","Kheshgi, Rehanna L.","{'fsnum': '29119', 'name': 'Kheshgi, Rehanna L.'}","300","24","","","","","Music, Gender, and Sexuality","","346","{'day': 'Mo', 'end': '10:00', 'location': 'CHM 239', 'start': '09:05'};{'day': 'We', 'end': '10:00', 'location': 'CHM 239', 'start': '09:05'};{'day': 'Fr', 'end': '10:00', 'location': 'CHM 239', 'start': '09:05'}","False","MUSIC 141 or permission of instructor.","","3","O","20263","","Research","2026"
"0000172165","1.0","0000039928","MUSIC","Students explore how Somali diaspora communities have made important visible and audible contributions to the cultural landscape of Minnesota, while studying and learning to perform the interconnected arts of Somali poetry, music, dance, and theater. Interactions with local Somali musicians and community leaders, a visit to the Somali mosque, and collaboratively working to discern and support the needs of a community partner organization that serves Somali families provides students with hands-on experience in community engagement. Prerequisite: MUSIC 141 or permission of instructor.","0","0","0","0","0","MCD;OEP","Kheshgi, Rehanna L.","{'fsnum': '29119', 'name': 'Kheshgi, Rehanna L.'}","300","18","","","","","Somali Music & Community Engagement","This course includes an academic civic engagement (ACE) component.","347","{'day': 'Tu', 'end': '13:10', 'location': 'TBA', 'start': '23:45'};{'day': 'Th', 'end': '14:05', 'location': 'TBA', 'start': '12:45'}","False","MUSIC 141 or permission of instructor.","","3","O","20263","Somali Community Engagement through Music","Research","2026"
"0000173835","1.0","0000043216","NEURO","Neuroscience is an interdisciplinary field that explores the nervous system from molecules and cells to circuits, behavior, and social interaction. Drawing on biology, psychology, chemistry, physics, computer science, engineering, mathematics, and philosophy, this course introduces foundational concepts, methods, and tools used to study the brain. Students examine major open questions, explore how neuroscience benefits society, and learn how the components of the neuroscience major integrate into a coherent program of study. Offered annually during fall and spring semester. Open only to first year students.","0","0","0","0","0","NTS","Sailer, Lindsay L.","{'fsnum': '9006224', 'name': 'Sailer, Lindsay L.'}","100","32","","","","","Integ Intro to Neuroscience","Students registering for NEURO 125 must also register for NEURO 125 Lab AL or   ;BL.","125","{'day': 'Mo', 'end': '12:45', 'location': 'TBA', 'start': '23:50'};{'day': 'We', 'end': '12:45', 'location': 'TBA', 'start': '23:50'};{'day': 'Fr', 'end': '12:45', 'location': 'TBA', 'start': '23:50'}","False","False","","3","O","20263","Integrative Introduction to Neuroscience","Research","2026"
"0000173836","","0000043249","NEURO","","0","0","0","0","0","","Sailer, Lindsay L.","{'fsnum': '9006224', 'name': 'Sailer, Lindsay L.'}","100","16","","","","","Integ Intro to Neuroscience Lab","","125","{'day': 'Tu', 'end': '11:00', 'location': 'TBA', 'start': '08:00'}","False","","A","3","O","20263","","Lab","2026"
"0000173837","","0000043249","NEURO","","0","0","0","0","0","","Sailer, Lindsay L.","{'fsnum': '9006224', 'name': 'Sailer, Lindsay L.'}","100","16","","","","","Integ Intro to Neuroscience Lab","","125","{'day': 'Th', 'end': '15:45', 'location': 'TBA', 'start': '12:45'}","False","","B","3","O","20263","","Lab","2026"
"0000170525","1.0","0000022782","NEURO","Neuroscience is one of the fastest-growing fields in the sciences, with research interests ranging from molecular genetics to whole animal behavior. Topics include membrane biophysics, synaptic transmission and plasticity, intracellular signaling, sensory transduction, motor control systems, and development. Students attend lectures plus one three-hour laboratory per week. Offered annually in the spring semester. Prerequisite: BIO 143 or BIO 227 or PSYCH 238.","0","0","0","0","0","IST;NTS;SED","Lee, Norman","{'fsnum': '29095', 'name': 'Lee, Norman'}","200","33","","","","","Cell/Molec Neuroscience","Students in Neuro 239 must also register for Neuro 239 lab AL, BL, or CL.       ;This will be the last time that this course is offered.","239","{'day': 'Mo', 'end': '11:40', 'location': 'RNS 190', 'start': '10:45'};{'day': 'We', 'end': '11:40', 'location': 'RNS 190', 'start': '10:45'};{'day': 'Fr', 'end': '11:40', 'location': 'RNS 190', 'start': '10:45'}","False","BIO 143 or BIO 227 or PSYCH 238.","","3","O","20263","Cellular and Molecular Neuroscience","Research","2026"
"0000170522","","0000022826","NEURO","","0","0","0","0","0","","Lee, Norman","{'fsnum': '29095', 'name': 'Lee, Norman'}","200","11","","","","","Cell/Molec Neuro Lab","","239","{'day': 'Th', 'end': '11:00', 'location': 'RNS 240', 'start': '08:00'}","False","","A","3","O","20263","","Lab","2026"
"0000170523","","0000022826","NEURO","","0","0","0","0","0","","Lee, Norman","{'fsnum': '29095', 'name': 'Lee, Norman'}","200","11","","","","","Cell/Molec Neuro Lab","","239","{'day': 'Tu', 'end': '14:45', 'location': 'RNS 240', 'start': '23:45'}","False","","B","3","O","20263","","Lab","2026"
"0000170524","","0000022826","NEURO","","0","0","0","0","0","","Lee, Norman","{'fsnum': '29095', 'name': 'Lee, Norman'}","200","11","","","","","Cell/Molec Neuro Lab","","239","{'day': 'Th', 'end': '16:00', 'location': 'RNS 240', 'start': '13:00'}","False","","C","3","O","20263","","Lab","2026"
"0000172548","1.0","0000019409","NEURO","This course provides a comprehensive research opportunity, including an introduction to relevant background material, technical instruction, identification of a meaningful project, and data collection. The topic is determined by the faculty member in charge of the course and may relate to their research interests. Offered based on department decision. May be offered as a 1.00 credit course or .50 credit course. Prerequisite: determined by individual instructor.","0","0","0","0","0","","Sailer, Lindsay L.","{'fsnum': '9006224', 'name': 'Sailer, Lindsay L.'}","300","6","","","","","Research:","Registration by permission of the professor.","396","","False","determined by individual instructor.","","3","O","20263","Directed Undergraduate Research","Research","2026"
"0000171994","1.0","0000037177","NORST","Students explore an interdisciplinary topic in language, literature, history, or culture through close reading, discussion, analysis, and interpretation of selected works, including theoretical texts. Recent topics include: Peace and non-violence from a Nordic Perspective, The Immigrant Experience: From Nordic to Contemporary Immigration to Minnesota, Nordic American heritage, Social Welfare in the Nordic context. Taught in English. May be repeated if topics are different. Offered periodically. Some topics may count toward Norwegian major.","0","0","0","0","0","EIN;ERC","Graefe, Carl M.","{'fsnum': '9005108', 'name': 'Graefe, Carl M.'}","200","24","","","","","Top: Nordic Government","","219","{'day': 'Tu', 'end': '13:10', 'location': 'TBA', 'start': '23:45'};{'day': 'Th', 'end': '14:05', 'location': 'TBA', 'start': '12:45'}","False","False","A","3","O","20263","Transdisciplinary Topics in Nordic Studies","Topic","2026"
"0000172589","1.0","0000037177","NORST","The humans of the medieval past lived in societies as complex as ours. What guidelines can we glean about modern life and how best to live it from history? From codes of honor for warriors and leaders to advice for domestic life and gender relations, Hávamál (The Sayings of the High One) contains fragments of wisdom inherited from the Viking age of Nordic history. Pairing the adages found in this poem of Viking etiquette with Enlightenment ethical reasoning will give students a comparative look at how ethical systems shape and are shaped by history and society. Students will then explore ethical reasoning in literature from the golden age of the Icelandic Commonwealth. Through a close reading of Njal's Saga students will explore the nexus of power, law, and ethics. Comparing Njal's family's uses and abuses of law and power to contemporary issues will allow students to critically evaluate their own positionality and ethics. Finally, a reading of the kingly saga of St. Olaf alongside Kit Christensen's work on justice and revenge will conclude the course and give students greater knowledge of their institution's namesake. Ultimately students will work to develop a tool set for how to critically assess ethical reasoning presented to them by historical sources and how to productively engage with the lessons of the past both historic and personal.","0","0","0","0","0","EIN;ERC","Graefe, Carl M.","{'fsnum': '9005108', 'name': 'Graefe, Carl M.'}","200","24","","","","","Top: Viking Ethics","","219","{'day': 'Tu', 'end': '09:25', 'location': 'TBA', 'start': '08:00'};{'day': 'Th', 'end': '09:20', 'location': 'TBA', 'start': '08:00'}","False","False","B","3","O","20263","Transdisciplinary Topics in Nordic Studies","Topic","2026"
"0000170465","1.0","0000000922","NORW","Students continue developing proficiency in spoken and written Norwegian, increasing their vocabulary, improving grammatical accuracy, and gaining experience reading and listening to authentic materials. Offered annually during January term and spring semester. Prerequisite: NORW 111 or by placement test.","0","0","0","0","0","","Dorer, Kari L.","{'fsnum': '14082', 'name': 'Dorer, Kari L.'}","100","24","","","","","Beginning Norwegian II","Prerequisite: NORW 111 or by placement test","112","{'day': 'Mo', 'end': '11:40', 'location': 'TBA', 'start': '10:45'};{'day': 'We', 'end': '11:40', 'location': 'TBA', 'start': '10:45'};{'day': 'Fr', 'end': '11:40', 'location': 'TBA', 'start': '10:45'}","False","NORW 111 or by placement test.","A","3","O","20263","","Research","2026"
"0000170466","1.0","0000000922","NORW","Students continue developing proficiency in spoken and written Norwegian, increasing their vocabulary, improving grammatical accuracy, and gaining experience reading and listening to authentic materials. Offered annually during January term and spring semester. Prerequisite: NORW 111 or by placement test.","0","0","0","0","0","","Dorer, Kari L.","{'fsnum': '14082', 'name': 'Dorer, Kari L.'}","100","24","","","","","Beginning Norwegian II","Prerequisite: NORW 111 or by placement test","112","{'day': 'Mo', 'end': '12:45', 'location': 'TBA', 'start': '23:50'};{'day': 'We', 'end': '12:45', 'location': 'TBA', 'start': '23:50'};{'day': 'Fr', 'end': '12:45', 'location': 'TBA', 'start': '23:50'}","False","NORW 111 or by placement test.","B","3","O","20263","","Research","2026"
"0000171995","1.0","0000036268","NORW","This course examines the representation of nature from creation narratives of Norse myth, 19th century nation-building, and up to present concerns about climate change and environmental destruction in the Nordic region. Students examine central works and contested notions of nature. Alongside these, they will be introduced to ecocriticism as a method of textual analysis. This provides an entryway into the environmental humanities, and an opportunity to explore what makes Nordic literature and culture unique. Offered periodically.","0","0","0","0","0","ALS-L;CRE;WAC;WRI","Coughlin, Jenna M.","{'fsnum': '30107', 'name': 'Coughlin, Jenna M.'}","200","20","","","","","Nordic Nature","","205","{'day': 'Mo', 'end': '10:00', 'location': 'TBA', 'start': '09:05'};{'day': 'We', 'end': '10:00', 'location': 'TBA', 'start': '09:05'};{'day': 'Fr', 'end': '10:00', 'location': 'TBA', 'start': '09:05'}","False","False","","3","O","20263","Nature in Nordic Literature and Culture","Research","2026"
"0000170830","1.0","0000000926","NORW","Students improve proficiency in listening, speaking, reading, and writing, with an emphasis on communication as well as improved grammatical accuracy. Reading and discussion of authentic literary and cultural texts allow students to expand their vocabulary and knowledge of the Norwegian way of life. Offered each semester. Prerequisite: NORW 112 or by placement test.","0","0","0","0","0","FOL-N;WLC","Lund, Thea M.","{'fsnum': '9005101', 'name': 'Lund, Thea M.'}","200","24","","","","","Intermed Norwegian I","Prerequisite: NORW 112 or by placement test","231","{'day': 'Mo', 'end': '12:45', 'location': 'TOH 312', 'start': '23:50'};{'day': 'We', 'end': '12:45', 'location': 'TOH 312', 'start': '23:50'};{'day': 'Fr', 'end': '12:45', 'location': 'TOH 312', 'start': '23:50'}","False","NORW 112 or by placement test.","A","3","O","20263","Intermediate Norwegian I","Research","2026"
"0000170831","1.0","0000000927","NORW","This course is a continuation of the approach of NORW 231, in which authentic cultural and literary texts provide the basis for writing and discussion on topics such as health, work, Norwegian history, society, politics, environmental issues, and minorities in Norway. Materials include a contemporary novel. Offered annually in the spring semester. Prerequisite: NORW 231 or by placement test.","0","0","0","0","0","FOL-N;WLC","Lund, Thea M.","{'fsnum': '9005101', 'name': 'Lund, Thea M.'}","200","24","","","","","Intermed Norwegian II","Prerequisite: NORW 231 or by placement test","232","{'day': 'Mo', 'end': '14:55', 'location': 'TOH 312', 'start': '14:00'};{'day': 'We', 'end': '14:55', 'location': 'TOH 312', 'start': '14:00'};{'day': 'Fr', 'end': '14:55', 'location': 'TOH 312', 'start': '14:00'}","False","NORW 231 or by placement test.","","3","O","20263","Intermediate Norwegian II","Research","2026"
"0000171996","1.0","0000030089","NORW","This course offers an in-depth investigation of a selected topic from Norwegian literary or cultural history. Topics may be organized by period (Realism, Postwar literature), historical events (literature and World War II), important themes (feminism, social democracy, religion and secularism), or genre (Norwegian poetry, literature and film). The course also emphasizes development of critical, interpretive, and research skills, as well as refinement of Norwegian language proficiency. This course is taught in Norwegian. Offered annually.Prerequisite: NORW 253 or equivalent.","0","0","0","0","0","ALS-L;WRI","Coughlin, Jenna M.","{'fsnum': '30107', 'name': 'Coughlin, Jenna M.'}","300","24","","","","","Top: Topics in Norwegian Lit/Cultur","Prerequisite: NORW 253 or equivalent","372","{'day': 'Tu', 'end': '14:45', 'location': 'TBA', 'start': '13:20'};{'day': 'Th', 'end': '15:35', 'location': 'TBA', 'start': '14:15'}","False","NORW 253 or equivalent.","","3","O","20263","Topics in Norwegian Literature/Culture","Topic","2026"
"0000174284","1.0","0000000939","NURS","This course explores the sources, chemical composition, and metabolic behavior of nutrients. Nutritional requirements for a balanced diet are examined as well as the consequences of excesses and deficiencies. Students use nutrition tools and guidelines to make sound food choices, learn how to read food labels, and consider factors affecting food consumption. Class activities increase students' awareness of a healthy diet, help students evaluate nutrition behaviors, and facilitate a nutritionally sound lifestyle. Offered annually. Does not count toward major, but is a prerequisite for the nursing major.","0","0","0","0","0","IST;NST;NTS","Chesterfield, Ann-Marie E.","{'fsnum': '9005181', 'name': 'Chesterfield, Ann-Marie E.'}","100","30","","","","","Nutrition and Wellness","","110","{'day': 'Tu', 'end': '11:00', 'location': 'TBA', 'start': '09:35'};{'day': 'Th', 'end': '10:50', 'location': 'TBA', 'start': '09:30'}","False","False","","3","O","20263","","Research","2026"
"0000170726","1.0","0000029265","NURS","This course focuses on holistic health assessment, health promotion, and disease prevention across the lifespan. Students obtain health histories, identify risk factors, and develop health assessment skills in physiologic, psychosocial, developmental, and spiritual dimensions. Identification of data from a holistic perspective and analysis of findings through critical thinking are emphasized. Active learning experiences are utilized to apply knowledge and informatics during health assessment. Students attend lectures plus one two-hour laboratory per week. Offered annually in the spring semester. Prerequisites: open to sophomore nursing majors only; concurrent enrollment in NURS 212.","0","0","0","0","0","","Graefe, Anna","{'fsnum': '9005102', 'name': 'Graefe, Anna'}","200","48","0","2","","0","Holistic Health","Open to Sophomore Nursing majors only.                                          ;Students in NURS 211 must also register for one NURS 211 lab.                   ;Final lab assignments will be determined in January.","211","{'day': 'Mo', 'end': '14:55', 'location': 'RNS 160E', 'start': '14:00'};{'day': 'We', 'end': '14:55', 'location': 'RNS 160E', 'start': '14:00'};{'day': 'Fr', 'end': '14:55', 'location': 'RNS 160E', 'start': '14:00'}","False","Prerequisites: open to sophomore nursing majors only; concurrent enrollment in NURS 212.","","3","O","20263","Holistic Health Assessment and Health Promotion","Research","2026"
"0000170727","","0000029283","NURS","","0","0","0","0","0","","Graefe, Anna","{'fsnum': '9005102', 'name': 'Graefe, Anna'}","200","12","0","0","","0","Holistic Health Lab","","211","{'day': 'Tu', 'end': '12:00', 'location': 'RNS 160D', 'start': '21:30'}","False","","A","3","O","20263","","Lab","2026"
"0000170728","","0000029283","NURS","","0","0","0","0","0","","Graefe, Anna","{'fsnum': '9005102', 'name': 'Graefe, Anna'}","200","12","0","1","","0","Holistic Health Lab","","211","{'day': 'Tu', 'end': '15:00', 'location': 'RNS 160D', 'start': '12:30'}","False","","B","3","O","20263","","Lab","2026"
"0000170729","","0000029283","NURS","","0","0","0","0","0","","Graefe, Anna","{'fsnum': '9005102', 'name': 'Graefe, Anna'}","200","12","0","0","","0","Holistic Health Lab","","211","{'day': 'Th', 'end': '12:00', 'location': 'RNS 160D', 'start': '21:30'}","False","","C","3","O","20263","","Lab","2026"
"0000170730","","0000029283","NURS","","0","0","0","0","0","","Graefe, Anna","{'fsnum': '9005102', 'name': 'Graefe, Anna'}","200","12","0","2","","0","Holistic Health Lab","","211","{'day': 'Th', 'end': '15:00', 'location': 'RNS 160D', 'start': '12:30'}","False","","D","3","O","20263","","Lab","2026"
"0000170686","1.0","0000029266","NURS","This course introduces the philosophical and scientific foundations of professional nursing. Students examine historical foundations of the nursing profession and scientific processes and frameworks underlying nursing theory and practice. Exploration of concepts in the nursing discipline builds knowledge and understanding essential to the provision of holistic patient care across the lifespan. Emphasis is on development of professionalism, use of critical thinking, and evidence-based practice. Offered annually in the spring semester. Prerequisites: open to sophomore nursing majors only; concurrent enrollment in NURS 211.","0","0","0","0","0","WRI","Pelegano, Nancy A.","{'fsnum': '35116', 'name': 'Pelegano, Nancy A.'}","200","24","","","","","Intro to Professional Nursing","","212","{'day': 'Mo', 'end': '13:50', 'location': 'RNS 160E', 'start': '12:55'};{'day': 'We', 'end': '13:50', 'location': 'RNS 160E', 'start': '12:55'};{'day': 'Fr', 'end': '13:50', 'location': 'RNS 160E', 'start': '12:55'}","False","Prerequisites: open to sophomore nursing majors only; concurrent enrollment in NURS 211.","","3","O","20263","Foundations of Professional Nursing","Research","2026"
"0000170962","1.0","0000029408","NURS","This course focuses on the etiology, clinical manifestations, and management of holistic nursing care for ill patients of various ages. Major concept areas explore the dynamics of common acute and chronic abnormalities observed in specific populations. Students utilize diverse roles of the nurse integrating knowledge from pharmacology and health assessment to manage the care of a patient in the clinical setting. Offered annually in the spring semester. Prerequisites: open to junior nursing majors only; NURS 310 and NURS 313 with grades of C or above.","0","0","0","0","0","WRI","Saxton, Rebecca A.;Graefe, Anna","{'fsnum': '9002462', 'name': 'Saxton, Rebecca A.'};{'fsnum': '9005102', 'name': 'Graefe, Anna'}","300","28","0","","0","","Medical-Surgical Nursing I","Open to Junior Nursing majors only.  Will also meet T/Th 7:00 a.m. -3:00 p.m.","314","{'day': 'Mo', 'end': '13:50', 'location': 'RNS 190', 'start': '12:55'};{'day': 'We', 'end': '13:50', 'location': 'RNS 190', 'start': '12:55'};{'day': 'Fr', 'end': '13:50', 'location': 'RNS 190', 'start': '12:55'}","False","Prerequisites: open to junior nursing majors only; NURS 310 and NURS 313 with grades of C or above.","","3","O","20263","Lifespan Medical-Surgical Nursing I","Research","2026"
"0000170471","1.0","0000030520","NURS","Students synthesize knowledge and apply evidence-based practice in the care and management of clients experiencing a major psychiatric and/or mental health disorder. Emphasis is placed on the role of the professional nurse in various treatment settings as well as current treatment modalities. The client population includes children, adolescents, and adults along the health-illness continuum. Offered annually in the spring semester. Prerequisites: open to senior nursing majors only; NURS 312, NURS 315, and NURS 316 with grades of C or above; concurrent enrollment in NURS 318, NURS 319, and NURS 399.","0","0","0","0","0","","Pelegano, Nancy A.","{'fsnum': '35116', 'name': 'Pelegano, Nancy A.'}","300","24","0","0","0","","Psychiatric Mental Health Nursing","Open to senior Nursing majors only.  Will also meet T/Th 7:00 a.m. - 3:00 p.m.","317","{'day': 'Mo', 'end': '08:55', 'location': 'RNS 160E', 'start': '08:00'};{'day': 'We', 'end': '08:55', 'location': 'RNS 160E', 'start': '08:00'};{'day': 'Fr', 'end': '08:55', 'location': 'RNS 160E', 'start': '08:00'}","False","Prerequisites: open to senior nursing majors only; NURS 312, NURS 315, and NURS 316 with grades of C or above; concurrent enrollment in NURS 318, NURS 319, and NURS 399.","","3","O","20263","Behavioral Health","Research","2026"
"0000171019","1.5","0000030521","NURS","This synthesis course focuses on professional role development, nursing leadership and contemporary issues in nursing. Students gain the knowledge and skills in organizational systems leadership, quality improvement and safety that are needed to lead healthcare teams, coordinate patient care, and achieve patient outcomes. Offered annually in the spring semester. Prerequisites: open to senior nursing majors only; NURS 312, NURS 315, and NURS 316 with grades of C or above; concurrent enrollment in NURS 317, NURS 319, and NURS 399.","0","0","0","0","0","OEP;WRI","Huehn, Susan","{'fsnum': '17526', 'name': 'Huehn, Susan'}","300","24","0","0","0","","Nursing Leadership","Open to senior Nursing majors only.  Will also meet M-F 7:00 a.m. - 3:00 p.m.","318","{'day': 'Mo', 'end': '10:00', 'location': 'RNS 160E', 'start': '09:05'};{'day': 'We', 'end': '10:00', 'location': 'RNS 160E', 'start': '09:05'};{'day': 'Fr', 'end': '10:00', 'location': 'RNS 160E', 'start': '09:05'}","False","Prerequisites: open to senior nursing majors only; NURS 312, NURS 315, and NURS 316 with grades of C or above; concurrent enrollment in NURS 317, NURS 319, and NURS 399.","","3","O","20263","","Research","2026"
"0000170579","1.0","0000030522","NURS","Students synthesize knowledge and apply evidence-based practice in the care and management of patients with multiple complex health conditions. The focus of this course is on caring for patients with limitations in their ability to function due to physical, mental, and psychosocial challenges. Simulation is used to facilitate student learning in critical care environments. Offered annually in the spring semester. Prerequisites: open to senior nursing majors only; NURS 312, NURS 315, and NURS 316 with grades of C or above; concurrent enrollment in NURS 317, NURS 318, and NURS 399.","0","0","0","0","0","","Carroll, Emily J.","{'fsnum': '30192', 'name': 'Carroll, Emily J.'}","300","24","0","0","0","","Complex Patient Care","Open to senior Nursing majors only.","319","{'day': 'Mo', 'end': '11:40', 'location': 'RNS 160E', 'start': '10:45'};{'day': 'We', 'end': '11:40', 'location': 'RNS 160E', 'start': '10:45'};{'day': 'Fr', 'end': '11:40', 'location': 'RNS 160E', 'start': '10:45'}","False","Prerequisites: open to senior nursing majors only; NURS 312, NURS 315, and NURS 316 with grades of C or above; concurrent enrollment in NURS 317, NURS 318, and NURS 399.","","3","O","20263","","Research","2026"
"0000171164","0.5","0000030523","NURS","Nursing is a complex, evolving profession responding to an ever-changing healthcare environment. Students discuss emerging nursing/healthcare issues and are guided in the development of strategies to prepare for the NCLEX-RN and for successful transition to baccalaureate generalist nursing practice. This course focuses on professional development, including personal philosophies of nursing, professional ethics, and portfolio development. Offered annually in the spring semester. Prerequisites: open to senior nursing majors only; NURS 312, NURS 315, and NURS 316 with grades of C or above; concurrent enrollment in NURS 317, NURS 318, and NURS 319.","0","0","0","0","0","","Saxton, Rebecca A.","{'fsnum': '9002462', 'name': 'Saxton, Rebecca A.'}","300","24","0","0","0","","Senior Nursing Seminar","Open to senior Nursing majors only.","399","{'day': 'Mo', 'end': '12:45', 'location': 'RNS 160E', 'start': '23:50'};{'day': 'We', 'end': '12:45', 'location': 'RNS 160E', 'start': '23:50'};{'day': 'Fr', 'end': '12:45', 'location': 'RNS 160E', 'start': '23:50'}","False","Prerequisites: open to senior nursing majors only; NURS 312, NURS 315, and NURS 316 with grades of C or above; concurrent enrollment in NURS 317, NURS 318, and NURS 319.","","3","O","20263","","Research","2026"
"0000170590","1.0","0000029259","PACON","This contemporary public affairs course examines normative commitments and empirical evidence relevant to the workings of government, markets, and society as applied to contemporary issues. Possible topics include immigration, abortion, education, sexuality, medical care, foreign policy, income inequality and poverty, affirmative action, and responses to climate change. Offered annually in the spring semester. Prerequisite: PACON 180.","0","0","0","0","0","WRR","Harris, Colin","{'fsnum': '30113', 'name': 'Harris, Colin'}","100","22","","","","","Contemporary Controversies","Open only to Public Affairs Conversation students.","181","{'day': 'Tu', 'end': '11:00', 'location': 'RML 520', 'start': '09:35'};{'day': 'Th', 'end': '10:50', 'location': 'RML 520', 'start': '09:30'}","False","PACON 180.","A","3","O","20263","Public Affairs II: Contemporary Controversies","Research","2026"
"0000170591","1.0","0000029259","PACON","This contemporary public affairs course examines normative commitments and empirical evidence relevant to the workings of government, markets, and society as applied to contemporary issues. Possible topics include immigration, abortion, education, sexuality, medical care, foreign policy, income inequality and poverty, affirmative action, and responses to climate change. Offered annually in the spring semester. Prerequisite: PACON 180.","0","0","0","0","0","WRR","Westler, Brendon","{'fsnum': '31144', 'name': 'Westler, Brendon'}","100","22","","","","","Contemporary Controversies","Open only to Public Affairs Conversation students.","181","{'day': 'Tu', 'end': '11:00', 'location': 'RNS 204', 'start': '09:35'};{'day': 'Th', 'end': '10:50', 'location': 'RNS 204', 'start': '09:30'}","False","PACON 180.","B","3","O","20263","Public Affairs II: Contemporary Controversies","Research","2026"
"0000171211","","0000038951","PACON","","0","0","0","0","0","","Staff","{'fsnum': '', 'name': 'Staff'}","100","22","","","","","SOAR Discussion","SOAR Discussion meets on Feb 13, Feb 27, Mar 13, Mar 27, Apr 10.","181","{'day': 'Th', 'end': '12:30', 'location': 'TBA', 'start': '23:30'}","False","","A","3","O","20263","","Discussion","2026"
"0000171212","","0000038951","PACON","","0","0","0","0","0","","Staff","{'fsnum': '', 'name': 'Staff'}","100","22","","","","","SOAR Discussion","SOAR Discussion meets on Feb 13, Feb 27, Mar 13, Mar 27, Apr 10.","181","{'day': 'Th', 'end': '12:30', 'location': 'TBA', 'start': '23:30'}","False","","B","3","O","20263","","Discussion","2026"
"0000171997","1.0","0000000965","PHIL","This seminar provides an introduction to philosophy that compares psychological and philosophical approaches to moral behavior and character. The course examines the nature of those states of mind that are thought to constitute moral (or evil) character and produce moral (or evil) actions, relationships, and societies. States considered may include humility, self-respect, beneficence, compassion, caring, anger, forgiveness, courage, and truthfulness. Offered annually. Prerequisite: first-year student or sophomore standing.","0","0","0","0","0","HBS;SCS","Fuerstein, Michael","{'fsnum': '21885', 'name': 'Fuerstein, Michael'}","100","25","13","0","12","0","Moral Psychology","","119","{'day': 'Tu', 'end': '13:10', 'location': 'TBA', 'start': '23:45'};{'day': 'Th', 'end': '14:05', 'location': 'TBA', 'start': '12:45'}","False","first-year student or sophomore standing.","","3","O","20263","","Research","2026"
"0000171044","1.0","0000000968","PHIL","Is there anything about the human mind that cannot in principle be understood scientifically? Are we just complex physical machines? This course looks at recent attempts to answer such questions. Students examine the philosophical foundations of various approaches to the study of the mind and consider the possible moral and social implications of these approaches with respect to questions of free will, personal identity, and our responsibility for our actions. Offered annually.","0","0","0","0","0","HBS","Muñoz-Hutchinson, Danny","{'fsnum': '21884', 'name': 'Muñoz-Hutchinson, Danny'}","200","25","","","","","Philosophy of Mind","","231","{'day': 'Tu', 'end': '11:00', 'location': 'TBA', 'start': '09:35'};{'day': 'Th', 'end': '10:50', 'location': 'TBA', 'start': '09:30'}","False","False","","3","O","20263","","Research","2026"
"0000171998","1.0","0000000969","PHIL","This course traces the development of the idea of authentic existence in the Existentialist tradition beginning with Søren Kierkegaard, then through thinkers such as Martin Heidegger, Simone de Beauvoir, Jean-Paul Sartre, Hannah Arendt, and Albert Camus. Among other things, we will observe how ethical thinking has moved from the language of duty to that of personal answerability, and how the search for meaningful existence has increasingly become the responsibility of the individual. Offered annually.","0","0","0","0","0","GHS;HWC","Söderquist, Brian","{'fsnum': '34006', 'name': 'Söderquist, Brian'}","200","25","","","","","Existentialism","","233","{'day': 'Tu', 'end': '14:45', 'location': 'TBA', 'start': '13:20'};{'day': 'Th', 'end': '15:35', 'location': 'TBA', 'start': '14:15'}","False","False","","3","O","20263","","Research","2026"
"0000170979","1.0","0000000971","PHIL","This course examines philosophical developments from the 17th through 19th centuries, with a focus on the emergence of a distinctively modern sense of self. We ask what it means to be modern, and how modern science and philosophy have served as both liberating and alienating forces in shaping the world today. We engage canonical European thinkers and philosophical texts, while also highlighting marginalized voices--with significant contributions from women and Black philosophers. Offered annually. Prerequisite: one course in philosophy or permission of instructor.","0","0","0","0","0","GHS;HWC;WAC;WRI","Strelis Söderquist, Anna L.","{'fsnum': '34007', 'name': 'Strelis Söderquist, Anna L.'}","200","19","","","","","Modern Philosophy","Must have taken one Philosophy class","236","{'day': 'Tu', 'end': '11:00', 'location': 'OM 340', 'start': '09:35'};{'day': 'Th', 'end': '10:50', 'location': 'OM 340', 'start': '09:30'}","False","one course in philosophy or permission of instructor.","","3","O","20263","History of Modern Philosophy","Research","2026"
"0000171045","1.0","0000000975","PHIL","Using examples from the natural sciences, this course examines fundamental concepts of science, including scientific method, the nature of scientific theories and hypotheses, objectivity in data collection and analysis, the use of technology in making observations, confirmation versus falsification, and explanation versus prediction. To illustrate why non-scientists need to understand scientific practice the course also considers controversies such as global warming and intelligent design. Offered annually.","0","0","0","0","0","IST;NST;WAC;WRI","Cunningham, Arthur","{'fsnum': '20236', 'name': 'Cunningham, Arthur'}","200","20","0","","","","Philosophy of Science","Not open to first-year students.","244","{'day': 'Mo', 'end': '12:45', 'location': 'TBA', 'start': '23:50'};{'day': 'We', 'end': '12:45', 'location': 'TBA', 'start': '23:50'};{'day': 'Fr', 'end': '12:45', 'location': 'TBA', 'start': '23:50'}","False","False","A","3","O","20263","","Research","2026"
"0000171046","1.0","0000000975","PHIL","Using examples from the natural sciences, this course examines fundamental concepts of science, including scientific method, the nature of scientific theories and hypotheses, objectivity in data collection and analysis, the use of technology in making observations, confirmation versus falsification, and explanation versus prediction. To illustrate why non-scientists need to understand scientific practice the course also considers controversies such as global warming and intelligent design. Offered annually.","0","0","0","0","0","IST;NST;WAC;WRI","Cunningham, Arthur","{'fsnum': '20236', 'name': 'Cunningham, Arthur'}","200","20","0","","","","Philosophy of Science","Not open to first-year students.","244","{'day': 'Mo', 'end': '13:50', 'location': 'TBA', 'start': '12:55'};{'day': 'We', 'end': '13:50', 'location': 'TBA', 'start': '12:55'};{'day': 'Fr', 'end': '13:50', 'location': 'TBA', 'start': '12:55'}","False","False","B","3","O","20263","","Research","2026"
"0000171043","1.0","0000000976","PHIL","Students examine feminist critiques of aspects of contemporary culture that shape women's lives, such as conventional morality, science, education, art, medicine, law, religion, and marriage. Students critically examine philosophical views that underlie these institutions, including views of human nature, gender, rationality, knowledge, morality, justice, and the value of autonomy. Alternative feminist views that promote feminist aims are explored and evaluated. Offered periodically.","0","0","0","0","0","MCD;MCS-D;PAR","Yokum, Nicole","{'fsnum': '35097', 'name': 'Yokum, Nicole'}","200","22","0","","","","Philosophy & Feminism","Not open to first-year students.","245","{'day': 'Mo', 'end': '10:00', 'location': 'TBA', 'start': '09:05'};{'day': 'We', 'end': '10:00', 'location': 'TBA', 'start': '09:05'};{'day': 'Fr', 'end': '10:00', 'location': 'TBA', 'start': '09:05'}","False","False","A","3","O","20263","Philosophy and Feminism","Research","2026"
"0000171999","1.0","0000000976","PHIL","Students examine feminist critiques of aspects of contemporary culture that shape women's lives, such as conventional morality, science, education, art, medicine, law, religion, and marriage. Students critically examine philosophical views that underlie these institutions, including views of human nature, gender, rationality, knowledge, morality, justice, and the value of autonomy. Alternative feminist views that promote feminist aims are explored and evaluated. Offered periodically.","0","0","0","0","0","MCD;MCS-D;PAR","Yokum, Nicole","{'fsnum': '35097', 'name': 'Yokum, Nicole'}","200","22","0","","","","Philosophy & Feminism","Not open to first-year students.","245","{'day': 'Mo', 'end': '11:40', 'location': 'TBA', 'start': '10:45'};{'day': 'We', 'end': '11:40', 'location': 'TBA', 'start': '10:45'};{'day': 'Fr', 'end': '11:40', 'location': 'TBA', 'start': '10:45'}","False","False","B","3","O","20263","Philosophy and Feminism","Research","2026"
"0000170431","1.0","0000000978","PHIL","Asian philosophy is a long and broad period, ""beginning"" in 6th century BCE China and continuing throughout Asia to the present day. This course spans the Spring and Autumn Period (722-481 BCE) and the Warring States Period (403-221 BCE) of ancient China and the Golden Age of Buddhist philosophy in ancient India (1st century BCE to 7th century CE). In the former we will focus on the Confucians, the Mohists, and the Daoists. In the latter we will focus on Madhyamaka and Yogacara. The guiding thread behind this course is the concept of the path. What is the path? How do we know it? Why should we follow it? How does following it inform our lives and communities?","0","0","0","0","0","GHS;MCG;MCS-G;RFV","Muñoz-Hutchinson, Danny","{'fsnum': '21884', 'name': 'Muñoz-Hutchinson, Danny'}","200","22","","","","","Asian Philosophy","","249","{'day': 'Tu', 'end': '13:10', 'location': 'TBA', 'start': '23:45'};{'day': 'Th', 'end': '14:05', 'location': 'TBA', 'start': '12:45'}","False","False","","3","O","20263","","Research","2026"
"0000172000","1.0","0000026501","PHIL","Modern science raises important challenges for ethics and religion. Some are theoretical: can evolutionary and cognitive science be fully accommodated by religious persons and moral realists? Are the arguments for God's existence helped or hurt by modern science? Scientific developments also give rise to practical challenges for ethics. Should we radically enhance human nature? Does neuroscience show that we can't be morally responsible? Should we worry about global catastrophes? Students explore these or related questions. Offered annually.","0","0","0","0","0","EIN;ERC","Marsh, Jason","{'fsnum': '23586', 'name': 'Marsh, Jason'}","200","25","","","","","Science, Ethics, and Religion","","251","{'day': 'Tu', 'end': '11:00', 'location': 'TBA', 'start': '09:35'};{'day': 'Th', 'end': '10:50', 'location': 'TBA', 'start': '09:30'}","False","False","","3","O","20263","","Research","2026"
"0000170641","1.0","0000000982","PHIL","Valuing nature raises significant philosophical and ethical issues. This course considers the nature of animal life, the character and control of pollution, the conflict between preservationism and conservationism, corporate and governmental responsibility for the eco-crisis, the use of economic categories to assess wilderness areas and endangered species, the conflict between eco-holism and individualism, and the philosophy of wilderness management. Offered annually.","0","0","0","0","0","EIN;ERC","Farnham, Daniel","{'fsnum': '33080', 'name': 'Farnham, Daniel'}","200","25","0","","","","Environmental Ethics","Not open to first-year students.","257","{'day': 'Mo', 'end': '08:55', 'location': 'TBA', 'start': '08:00'};{'day': 'We', 'end': '08:55', 'location': 'TBA', 'start': '08:00'};{'day': 'Fr', 'end': '08:55', 'location': 'TBA', 'start': '08:00'}","False","False","A","3","O","20263","","Research","2026"
"0000170640","1.0","0000000982","PHIL","Valuing nature raises significant philosophical and ethical issues. This course considers the nature of animal life, the character and control of pollution, the conflict between preservationism and conservationism, corporate and governmental responsibility for the eco-crisis, the use of economic categories to assess wilderness areas and endangered species, the conflict between eco-holism and individualism, and the philosophy of wilderness management. Offered annually.","0","0","0","0","0","EIN;ERC","Farnham, Daniel","{'fsnum': '33080', 'name': 'Farnham, Daniel'}","200","25","0","","","","Environmental Ethics","Not open to first-year students.","257","{'day': 'Mo', 'end': '11:40', 'location': 'RML 515', 'start': '10:45'};{'day': 'We', 'end': '11:40', 'location': 'RML 515', 'start': '10:45'};{'day': 'Fr', 'end': '11:40', 'location': 'RML 515', 'start': '10:45'}","False","False","B","3","O","20263","","Research","2026"
"0000172001","1.0","0000000987","PHIL","Students explore contemporary approaches to classical issues in theory of knowledge which include the nature and limits of knowledge; theories of justification; conceptions of truth; relativism and skepticism; and the standards of knowledge in the sciences, mathematics, history, ethics and religion. Specific issues discussed vary year to year. May be repeated if topic is different. Offered alternate years. Prerequisites: two courses in philosophy, one of which must be either PHIL 235 or PHIL 236 or permission of the department chair.","0","0","0","0","0","","Marsh, Jason","{'fsnum': '23586', 'name': 'Marsh, Jason'}","300","15","0","","","","Epistemology Sem:","Not open to first-year students.","371","{'day': 'Tu', 'end': '14:45', 'location': 'TBA', 'start': '13:20'};{'day': 'Th', 'end': '15:35', 'location': 'TBA', 'start': '14:15'}","False","Prerequisites: two courses in philosophy, one of which must be either PHIL 235 or PHIL 236 or permission of the department chair.","","3","O","20263","Seminar in Epistemology","Research","2026"
"0000172002","1.0","0000000990","PHIL","This course traces the development of phenomenology from G.W.F. Hegel through Edmund Husserl and into its existential and critical transformations in Edith Stein, Martin Heidegger, and Simone de Beauvoir, among others. The course introduces core phenomenological concepts such as intentionality, the phenomenological method, and the constitution of meaning. Topics include selfhood, freedom, being-in-the-world, intersubjectivity, and the phenomenology of gender. Prerequisites: two courses in philosophy, one of which must be either PHIL 235 or PHIL 236 or permission of the department chair.","0","0","0","0","0","ORC","Strelis Söderquist, Anna L.","{'fsnum': '34007', 'name': 'Strelis Söderquist, Anna L.'}","300","12","","","","","Sem: History of Phenomenology","","374","{'day': 'Tu', 'end': '13:10', 'location': 'TBA', 'start': '23:45'};{'day': 'Th', 'end': '14:05', 'location': 'TBA', 'start': '12:45'}","False","Prerequisites: two courses in philosophy, one of which must be either PHIL 235 or PHIL 236 or permission of the department chair.","","3","O","20263","Seminar in the History of Philosophy","Seminar","2026"
"0000170514","1.0","0000037465","PHS","Students explore public health challenges from multiple lenses through literature and case studies designed to integrate and enhance individual skills and vocational interests. Working in interdisciplinary teams, students articulate questions and develop research and response proposals based on literature, data at hand and the skills acquired from prior courses including the OLE Core. Integrating viewpoints, assessment modalities and communication within the team and with external audiences are emphasized. Local and global issues are included. Counts toward public health studies concentration. Prerequisites: Junior or senior classification, declared public health studies concentration, or permission of instructor.","0","0","0","0","0","","Welsh, Ericka","{'fsnum': '9005273', 'name': 'Welsh, Ericka'}","300","25","","","","","Case Studies in Public Health","","325","{'day': 'Th', 'end': '21:00', 'location': 'RNS 160E', 'start': '18:00'}","False","Prerequisites: Junior or senior classification, declared public health studies concentration, or permission of instructor.","","3","O","20263","","Research","2026"
"0000171093","1.0","0000001074","PHYS","This two-semester in-depth course addresses topics in classical and modern physics using algebra, geometry, and some calculus. The course is well-suited for students of biology or chemistry or for those desiring a thorough introduction beyond the high-school level.;Physics 125 explores the character of electric and magnetic forces and fields, then takes up the extended description of matter (vibrations, waves - sound and light). Finally, both particle and wave descriptions are shown to be necessary for discussing quantum mechanics and its application to atomic physics. Students attend lectures and one 2.5-hour laboratory per week. Offered annually in the spring semester. Does not count toward physics major. Prerequisites: PHYS 124 and either MATH 119 or MATH 120 or equivalent.","0","0","0","0","0","NSC;NSL;SED","Kapuru Bandage, Suneth Kassapa","{'fsnum': '9003616', 'name': 'Kapuru Bandage, Suneth Kassapa'}","100","72","","","","","Principles Physics II","Students in PHYS 125 must also register for PHYS 125 lab A, B, or C  lab.","125","{'day': 'Mo', 'end': '11:40', 'location': 'RNS 210', 'start': '10:45'};{'day': 'We', 'end': '11:40', 'location': 'RNS 210', 'start': '10:45'};{'day': 'Fr', 'end': '11:40', 'location': 'RNS 210', 'start': '10:45'}","False","Prerequisites: PHYS 124 and either MATH 119 or MATH 120 or equivalent.","","3","O","20263","Principles of Physics II","Research","2026"
"0000171094","","0000001075","PHYS","","0","0","0","0","0","","Kapuru Bandage, Suneth Kassapa","{'fsnum': '9003616', 'name': 'Kapuru Bandage, Suneth Kassapa'}","100","23","0","","","","Principles Physics II Lab","","125","{'day': 'Mo', 'end': '15:30', 'location': 'RNS 292', 'start': '13:00'}","False","","A","3","O","20263","","Lab","2026"
"0000171095","","0000001075","PHYS","","0","0","0","0","0","","Demas, Jay","{'fsnum': '21211', 'name': 'Demas, Jay'}","100","23","0","","","","Principles Physics II Lab","","125","{'day': 'Tu', 'end': '11:00', 'location': 'RNS 292', 'start': '08:30'}","False","","B","3","O","20263","","Lab","2026"
"0000171096","","0000001075","PHYS","","0","0","0","0","0","","Demas, Jay","{'fsnum': '21211', 'name': 'Demas, Jay'}","100","23","0","","","","Principles Physics II Lab","","125","{'day': 'Tu', 'end': '14:15', 'location': 'RNS 292', 'start': '23:45'}","False","","C","3","O","20263","","Lab","2026"
"0000170408","1.0","0000001080","PHYS","Physics 131, the second course in the three-semester calculus-based sequence, treats electricity, magnetism, and electromagnetic waves. Students attend lectures and one 2.5-hour laboratory per week. Offered annually in the spring semester. Prerequisites: PHYS 130 and concurrent registration in (or previous completion of) MATH 126 or MATH 128.","0","0","0","0","0","IST;NSC;NSL;NTS;SED","Borovsky, Brian","{'fsnum': '716', 'name': 'Borovsky, Brian'}","100","36","","","","","Analytical II","Students in Physics 131 must also register for one Physics 131 lab.","131","{'day': 'Mo', 'end': '12:45', 'location': 'RNS 210', 'start': '23:50'};{'day': 'We', 'end': '12:45', 'location': 'RNS 210', 'start': '23:50'};{'day': 'Fr', 'end': '12:45', 'location': 'RNS 210', 'start': '23:50'}","False","Prerequisites: PHYS 130 and concurrent registration in (or previous completion of) MATH 126 or MATH 128.","","3","O","20263","Analytical Physics II","Research","2026"
"0000170411","","0000017584","PHYS","","0","0","0","0","0","","Borovsky, Brian","{'fsnum': '716', 'name': 'Borovsky, Brian'}","100","12","","","","","Analytical II Lab","","131","{'day': 'Th', 'end': '10:50', 'location': 'RNS 293', 'start': '08:30'}","False","","A","3","O","20263","","Lab","2026"
"0000170409","","0000017584","PHYS","","0","0","0","0","0","","Paulsen, Joey D.","{'fsnum': '9005104', 'name': 'Paulsen, Joey D.'}","100","12","","","","","Analytical II Lab","","131","{'day': 'Th', 'end': '15:15', 'location': 'RNS 293', 'start': '12:45'}","False","","B","3","O","20263","","Lab","2026"
"0000170410","","0000017584","PHYS","","0","0","0","0","0","","Borovsky, Brian","{'fsnum': '716', 'name': 'Borovsky, Brian'}","100","12","","","","","Analytical II Lab","","131","{'day': 'Fr', 'end': '16:00', 'location': 'RNS 293', 'start': '13:30'}","False","","C","3","O","20263","","Lab","2026"
"0000171310","1.0","0000041753","PHYS","Introductory study of selected topics in physics in a full-semester format. Topics are chosen to engage students in physics based on available staff. Offered periodically during spring semester. Potential topics include quantum computing, astrophysics and the physics of energy.","0","0","0","0","0","NTS","Adhikari, Prabal","{'fsnum': '26288', 'name': 'Adhikari, Prabal'}","100","20","","0","9","0","Top: Fascinating World of Quantum","Students that have taken or are currently taking PHYS 244 are not eligible to   ;take this course. Open only to first-years and a limited number of sophomores.  ;Full topic title: The Fascinating World of Quantum (Mechanics & Computing)","190","{'day': 'Mo', 'end': '13:50', 'location': 'RNS 210', 'start': '12:55'};{'day': 'We', 'end': '13:50', 'location': 'RNS 210', 'start': '12:55'};{'day': 'Fr', 'end': '13:50', 'location': 'RNS 210', 'start': '12:55'}","False","False","","3","O","20263","Introductory Topics in Physics","Topic","2026"
"0000170983","1.0","0000001082","PHYS","Quantum mechanics has changed the conceptual framework for our understanding of atoms and molecules, both as free particles and in condensed states of matter. It also guides our understanding of the nucleus and elementary particles. This course examines these discoveries and several applications they produced. Offered annually in the spring semester. Prerequisites: PHYS 232 and concurrent registration (or previous completion of) MATH 230; concurrent registration in PHYS 245 is required.","0","0","0","0","0","","Gothmann, Anne M.","{'fsnum': '29141', 'name': 'Gothmann, Anne M.'}","200","36","","","","","Modern Physics","Students in PHYS 244 must also register for one lab PHYS 245 AL, BL, or CL.","244","{'day': 'Mo', 'end': '11:40', 'location': 'RNS 290', 'start': '10:45'};{'day': 'We', 'end': '11:40', 'location': 'RNS 290', 'start': '10:45'};{'day': 'Fr', 'end': '11:40', 'location': 'RNS 290', 'start': '10:45'}","False","Prerequisites: PHYS 232 and concurrent registration (or previous completion of) MATH 230; concurrent registration in PHYS 245 is required.","","3","O","20263","","Research","2026"
"0000170980","0.25","0000001083","PHYS","This course, meeting once a week for three hours, uses both historical experiments and open-ended investigations with modern instrumentation to examine in detail the important developments covered in PHYS 244. Offered annually in the spring semester.","0","0","0","0","0","","Hazlett, Eric L.","{'fsnum': '31195', 'name': 'Hazlett, Eric L.'}","200","10","","","","","Modern Phys Lab (244)","","245","{'day': 'Mo', 'end': '16:00', 'location': 'RNS 298', 'start': '13:00'}","False","False","A","3","O","20263","Modern Physics Laboratory","Lab","2026"
"0000170981","0.25","0000001083","PHYS","This course, meeting once a week for three hours, uses both historical experiments and open-ended investigations with modern instrumentation to examine in detail the important developments covered in PHYS 244. Offered annually in the spring semester.","0","0","0","0","0","","Hazlett, Eric L.","{'fsnum': '31195', 'name': 'Hazlett, Eric L.'}","200","10","","","","","Modern Phys Lab (244)","","245","{'day': 'Tu', 'end': '11:00', 'location': 'RNS 298', 'start': '08:00'}","False","False","B","3","O","20263","Modern Physics Laboratory","Lab","2026"
"0000170982","0.25","0000001083","PHYS","This course, meeting once a week for three hours, uses both historical experiments and open-ended investigations with modern instrumentation to examine in detail the important developments covered in PHYS 244. Offered annually in the spring semester.","0","0","0","0","0","","Hazlett, Eric L.","{'fsnum': '31195', 'name': 'Hazlett, Eric L.'}","200","10","","","","","Modern Phys Lab (244)","","245","{'day': 'Tu', 'end': '14:45', 'location': 'RNS 298', 'start': '23:45'}","False","False","C","3","O","20263","Modern Physics Laboratory","Lab","2026"
"0000170960","1.0","0000001093","PHYS","This course utilizes integral and vector calculus in a thorough and analytic examination of classical electromagnetic theory and the physical laws on which it is based. Topics include electric and magnetic fields, macroscopic interaction of electromagnetism with matter, and the propagation of electromagnetic waves in various media. Students in this course are normally registered for PHYS 385 as well, in order to complete the requirements for the physics major. Offered annually in the spring semester. Prerequisites: PHYS 232 and MATH 230, and MATH 226 or CSCI 251 or similar course upon approval of the department chair.","0","0","0","0","0","","Larsen, Amy","{'fsnum': '4619', 'name': 'Larsen, Amy'}","300","12","","","","","Maxwell's Equations","","375","{'day': 'Mo', 'end': '08:55', 'location': 'RNS 297', 'start': '08:00'};{'day': 'We', 'end': '08:55', 'location': 'RNS 297', 'start': '08:00'};{'day': 'Fr', 'end': '08:55', 'location': 'RNS 297', 'start': '08:00'}","False","Prerequisites: PHYS 232 and MATH 230, and MATH 226 or CSCI 251 or similar course upon approval of the department chair.","A","3","O","20263","","Research","2026"
"0000170959","1.0","0000001093","PHYS","This course utilizes integral and vector calculus in a thorough and analytic examination of classical electromagnetic theory and the physical laws on which it is based. Topics include electric and magnetic fields, macroscopic interaction of electromagnetism with matter, and the propagation of electromagnetic waves in various media. Students in this course are normally registered for PHYS 385 as well, in order to complete the requirements for the physics major. Offered annually in the spring semester. Prerequisites: PHYS 232 and MATH 230, and MATH 226 or CSCI 251 or similar course upon approval of the department chair.","0","0","0","0","0","","Larsen, Amy","{'fsnum': '4619', 'name': 'Larsen, Amy'}","300","12","","","","","Maxwell's Equations","","375","{'day': 'Mo', 'end': '10:00', 'location': 'RNS 297', 'start': '09:05'};{'day': 'We', 'end': '10:00', 'location': 'RNS 297', 'start': '09:05'};{'day': 'Fr', 'end': '10:00', 'location': 'RNS 297', 'start': '09:05'}","False","Prerequisites: PHYS 232 and MATH 230, and MATH 226 or CSCI 251 or similar course upon approval of the department chair.","B","3","O","20263","","Research","2026"
"0000171836","1.0","0000001095","PHYS","How do macroscopic variables (e.g. energy, pressure) develop through the collision or interaction of microscopic objects? Why is the spread of disease in an orchard similar to a piece of iron becoming magnetized? Students study classical and quantum gases, followed by magnets and phase transitions (Ising Model, percolation, renormalization) and employ both analytical and computer methods (Monte-Carlo sampling, simulations, molecular dynamics). Offered alternate years. Prerequisite: PHYS 244.","0","0","0","0","0","","Adhikari, Prabal","{'fsnum': '26288', 'name': 'Adhikari, Prabal'}","300","18","","","","","Statistical Physics","","379","{'day': 'Mo', 'end': '12:45', 'location': 'TBA', 'start': '23:50'};{'day': 'We', 'end': '12:45', 'location': 'TBA', 'start': '23:50'};{'day': 'Fr', 'end': '12:45', 'location': 'TBA', 'start': '23:50'}","False","PHYS 244.","","3","O","20263","","Research","2026"
"0000170397","0.25","0000001097","PHYS","Experiments in the areas of mechanics, electricity and magnetism, and materials science. Emphasis is on the development of good laboratory techniques, analytical skills, and the ability to work independently. Each 0.25-course registration includes one three-hour laboratory per week. Offered annually in the spring semester. Prerequisite: concurrent registration in (or previous completion of) PHYS 245.","0","0","0","0","0","WRI","Kapuru Bandage, Suneth Kassapa","{'fsnum': '9003616', 'name': 'Kapuru Bandage, Suneth Kassapa'}","300","8","0","","0","","Advanced Physics Laboratory I","Open to seniors and juniors only.","385","{'day': 'Th', 'end': '10:50', 'location': 'RNS 298', 'start': '08:00'}","False","concurrent registration in (or previous completion of) PHYS 245.","A","3","O","20263","","Lab","2026"
"0000170395","0.25","0000001097","PHYS","Experiments in the areas of mechanics, electricity and magnetism, and materials science. Emphasis is on the development of good laboratory techniques, analytical skills, and the ability to work independently. Each 0.25-course registration includes one three-hour laboratory per week. Offered annually in the spring semester. Prerequisite: concurrent registration in (or previous completion of) PHYS 245.","0","0","0","0","0","WRI","Kapuru Bandage, Suneth Kassapa","{'fsnum': '9003616', 'name': 'Kapuru Bandage, Suneth Kassapa'}","300","8","0","","0","","Advanced Physics Laboratory I","Open to Seniors and Juniors only.","385","{'day': 'Th', 'end': '15:45', 'location': 'RNS 298', 'start': '12:45'}","False","concurrent registration in (or previous completion of) PHYS 245.","B","3","O","20263","","Lab","2026"
"0000170396","0.25","0000001097","PHYS","Experiments in the areas of mechanics, electricity and magnetism, and materials science. Emphasis is on the development of good laboratory techniques, analytical skills, and the ability to work independently. Each 0.25-course registration includes one three-hour laboratory per week. Offered annually in the spring semester. Prerequisite: concurrent registration in (or previous completion of) PHYS 245.","0","0","0","0","0","WRI","Kapuru Bandage, Suneth Kassapa","{'fsnum': '9003616', 'name': 'Kapuru Bandage, Suneth Kassapa'}","300","8","0","","0","","Advanced Physics Laboratory I","Open to Seniors and Juniors only.","385","{'day': 'Fr', 'end': '17:00', 'location': 'RNS 298', 'start': '14:00'}","False","concurrent registration in (or previous completion of) PHYS 245.","C","3","O","20263","","Lab","2026"
"0000171837","1.0","0000019412","PHYS","This course provides a comprehensive research opportunity, including an introduction to relevant background material, technical instruction, identification of a meaningful project, and data collection. The topic is determined by the faculty member in charge of the course and may relate to their research interests. Offered based on department decision. May be offered as a 1.00 credit course or .50 credit course. Prerequisite: determined by individual instructor.","0","0","0","0","0","OEP","Gothmann, Anne M.","{'fsnum': '29141', 'name': 'Gothmann, Anne M.'}","300","3","","","","","Research:","","396","","False","determined by individual instructor.","A","3","O","20263","Directed Undergraduate Research","Research","2026"
"0000171126","1.0","0000019412","PHYS","This course provides a comprehensive research opportunity, including an introduction to relevant background material, technical instruction, identification of a meaningful project, and data collection. The topic is determined by the faculty member in charge of the course and may relate to their research interests. Offered based on department decision. May be offered as a 1.00 credit course or .50 credit course. Prerequisite: determined by individual instructor.","0","0","0","0","0","OEP","Borovsky, Brian","{'fsnum': '716', 'name': 'Borovsky, Brian'}","300","3","","","","","Research:","","396","","False","determined by individual instructor.","B","3","O","20263","Directed Undergraduate Research","Research","2026"
"0000171161","0.25","0000001102","PHYS","Seniors and faculty members study topics of current interest. Discussions are based on journal articles, other readings, library research, and presentations by faculty, participants, or visitors. P/N only. May be repeated if topic is different. Prerequisites: PHYS 374 and PHYS 375.","0","0","0","0","0","","Larsen, Amy","{'fsnum': '4619', 'name': 'Larsen, Amy'}","300","18","0","0","0","","Sem: Senior","Open to seniors only.","399","{'day': 'Fr', 'end': '15:00', 'location': 'RNS 297', 'start': '14:00'}","True","Prerequisites: PHYS 374 and PHYS 375.","","3","O","20263","Senior Seminar","Seminar","2026"
"0000170403","1.0","0000001103","PSCI","The promise of American politics is the equal freedom of all. How does practice match principles? What roles do class and race play? Do interest groups and political parties foster democracy? This course is designed not only to help students understand American government and politics but also to motivate them to be active and informed participants. Offered annually.","0","0","0","0","0","HBS;MCD;MCS-D;PAR;SCS","Nganga, Kathleen","{'fsnum': '9005107', 'name': 'Nganga, Kathleen'}","100","32","","4","6","2","American Politics","","111","{'day': 'Mo', 'end': '10:00', 'location': 'TBA', 'start': '09:05'};{'day': 'We', 'end': '10:00', 'location': 'TBA', 'start': '09:05'};{'day': 'Fr', 'end': '10:00', 'location': 'TBA', 'start': '09:05'}","False","False","A","3","O","20263","","Research","2026"
"0000172168","1.0","0000001103","PSCI","The promise of American politics is the equal freedom of all. How does practice match principles? What roles do class and race play? Do interest groups and political parties foster democracy? This course is designed not only to help students understand American government and politics but also to motivate them to be active and informed participants. Offered annually.","0","0","0","0","0","HBS;MCD;MCS-D;PAR;SCS","Nganga, Kathleen","{'fsnum': '9005107', 'name': 'Nganga, Kathleen'}","100","27","","","","","American Politics","","111","{'day': 'Mo', 'end': '11:40', 'location': 'TBA', 'start': '10:45'};{'day': 'We', 'end': '11:40', 'location': 'TBA', 'start': '10:45'};{'day': 'Fr', 'end': '11:40', 'location': 'TBA', 'start': '10:45'}","False","False","B","3","O","20263","","Research","2026"
"0000171076","1.0","0000001109","PSCI","What makes a person capable of repression? Who obeys morally unjust orders to torture or kill innocent victims? What causes genocide? Who risks their life to defend others' rights? Using case studies from around the world, this course looks at various explanations for the range of ways individuals respond to immoral government actions, with special emphasis on theories of political psychology. Offered annually.","0","0","0","0","0","HBS;SCS","Thalhammer, Kris","{'fsnum': '8281', 'name': 'Thalhammer, Kris'}","100","32","","4","6","2","Politics Human Rights","This course has class-year limits.","117","{'day': 'Mo', 'end': '10:00', 'location': 'HH 523', 'start': '09:05'};{'day': 'We', 'end': '10:00', 'location': 'HH 523', 'start': '09:05'};{'day': 'Fr', 'end': '10:00', 'location': 'HH 523', 'start': '09:05'}","False","False","A","3","O","20263","Politics and Human Rights","Research","2026"
"0000171077","1.0","0000001109","PSCI","What makes a person capable of repression? Who obeys morally unjust orders to torture or kill innocent victims? What causes genocide? Who risks their life to defend others' rights? Using case studies from around the world, this course looks at various explanations for the range of ways individuals respond to immoral government actions, with special emphasis on theories of political psychology. Offered annually.","0","0","0","0","0","HBS;SCS","Thalhammer, Kris","{'fsnum': '8281', 'name': 'Thalhammer, Kris'}","100","32","","4","6","2","Politics Human Rights","This course has class-year limits.","117","{'day': 'Mo', 'end': '11:40', 'location': 'HH 523', 'start': '10:45'};{'day': 'We', 'end': '11:40', 'location': 'HH 523', 'start': '10:45'};{'day': 'Fr', 'end': '11:40', 'location': 'HH 523', 'start': '10:45'}","False","False","B","3","O","20263","Politics and Human Rights","Research","2026"
"0000170847","1.0","0000001110","PSCI","War and peace, justice and power -- these are age-old topics of the politics among nations. This course examines them by emphasizing certain problem areas in the world and evaluating the principal theories for understanding international politics. Offered annually.","0","0","0","0","0","HBS;SCS","Lott, Anthony","{'fsnum': '15825', 'name': 'Lott, Anthony'}","100","32","","4","6","2","International Relations","This course has class-year limits.","121","{'day': 'Mo', 'end': '12:45', 'location': 'TBA', 'start': '23:50'};{'day': 'We', 'end': '12:45', 'location': 'TBA', 'start': '23:50'};{'day': 'Fr', 'end': '12:45', 'location': 'TBA', 'start': '23:50'}","False","False","A","3","O","20263","","Research","2026"
"0000170848","1.0","0000001110","PSCI","War and peace, justice and power -- these are age-old topics of the politics among nations. This course examines them by emphasizing certain problem areas in the world and evaluating the principal theories for understanding international politics. Offered annually.","0","0","0","0","0","HBS;SCS","Lott, Anthony","{'fsnum': '15825', 'name': 'Lott, Anthony'}","100","32","","4","6","2","International Relations","This course has class-year limits.","121","{'day': 'Mo', 'end': '13:50', 'location': 'TBA', 'start': '12:55'};{'day': 'We', 'end': '13:50', 'location': 'TBA', 'start': '12:55'};{'day': 'Fr', 'end': '13:50', 'location': 'TBA', 'start': '12:55'}","False","False","B","3","O","20263","","Research","2026"
"0000172169","1.0","0000041693","PSCI","The American presidency is one of the most powerful political offices in the world. The actions and policies of U.S. presidents influence domestic governance, global affairs, and democratic institutions. This course examines the presidency's powers, constraints, and responsibilities, exploring the political processes that shape it. We analyze contemporary developments and historical trends, addressing key questions about nominations, institutional evolution, personal leadership, and the impact of social and economic forces, with a focus on the 21st-century presidency. Offered annually during spring semester.","0","0","0","0","0","SCS","Nganga, Kathleen","{'fsnum': '9005107', 'name': 'Nganga, Kathleen'}","200","27","","","","","American Presidency","","212","{'day': 'Mo', 'end': '13:50', 'location': 'TBA', 'start': '12:55'};{'day': 'We', 'end': '13:50', 'location': 'TBA', 'start': '12:55'};{'day': 'Fr', 'end': '13:50', 'location': 'TBA', 'start': '12:55'}","False","False","","3","O","20263","The American Presidency","Research","2026"
"0000170414","1.0","0000001113","PSCI","This course explores the diverse modes of inquiry in the discipline of political science. Broadly centered around the question, ""How do you know?,"" students focus on different methods of locating and collecting data, reviewing political texts and contested concepts, and constructing theoretical explanations of political phenomena. Offered each semester. Prerequisite: one previous course in department and a declared PSCI major. Non-majors may register with permission of instructor.","0","0","0","0","0","QCR","Schmotter, Caleb","{'fsnum': '9005159', 'name': 'Schmotter, Caleb'}","200","19","0","","","0","Analyzing Politics","Open only to juniors and sophomores.  Political Science majors should plan to   ;enroll in PSCI 220 during their sophomore or junior year.  This course is a     ;prerequisite for all 300-level Political Science courses.","220","{'day': 'Mo', 'end': '11:40', 'location': 'RNS 435', 'start': '10:45'};{'day': 'We', 'end': '11:40', 'location': 'RNS 435', 'start': '10:45'};{'day': 'Fr', 'end': '11:40', 'location': 'RNS 435', 'start': '10:45'}","False","one previous course in department and a declared PSCI major. Non-majors may register with permission of instructor.","A","3","O","20263","Analyzing Politics and Policies","Research","2026"
"0000170415","1.0","0000001113","PSCI","This course explores the diverse modes of inquiry in the discipline of political science. Broadly centered around the question, ""How do you know?,"" students focus on different methods of locating and collecting data, reviewing political texts and contested concepts, and constructing theoretical explanations of political phenomena. Offered each semester. Prerequisite: one previous course in department and a declared PSCI major. Non-majors may register with permission of instructor.","0","0","0","0","0","QCR","Schmotter, Caleb","{'fsnum': '9005159', 'name': 'Schmotter, Caleb'}","200","19","0","","","0","Analyzing Politics","Open only to juniors and sophomores.  Political Science majors should plan to   ;enroll in PSCI 220 during their sophomore or junior year.  This course is a     ;prerequisite for all 300-level Political Science courses.","220","{'day': 'Mo', 'end': '12:45', 'location': 'RNS 435', 'start': '23:50'};{'day': 'We', 'end': '12:45', 'location': 'RNS 435', 'start': '23:50'};{'day': 'Fr', 'end': '12:45', 'location': 'RNS 435', 'start': '23:50'}","False","one previous course in department and a declared PSCI major. Non-majors may register with permission of instructor.","B","3","O","20263","Analyzing Politics and Policies","Research","2026"
"0000170846","1.0","0000032561","PSCI","How do states govern their economies and how does the international economy affect domestic politics? This course aims to answer these two interrelated questions by introducing students to theories of the politics of trade, finance, and investment; as well as contemporary debates on the role of economic organizations, regional trade agreements, migration, environment and inequality. The course approaches each topic by examining alternative theoretical approaches; students evaluate these theories using historical and contemporary evidence. Offered annually in the fall semester. Prerequisite: prior course work in political science or economics useful but not required.","0","0","0","0","0","HBS;SCS","Cilizoglu, Menevis","{'fsnum': '30090', 'name': 'Cilizoglu, Menevis'}","200","27","","","","","International Political Economy","","222","{'day': 'Tu', 'end': '14:45', 'location': 'TBA', 'start': '13:20'};{'day': 'Th', 'end': '15:35', 'location': 'TBA', 'start': '14:15'}","False","prior course work in political science or economics useful but not required.","","3","O","20263","","Research","2026"
"0000172598","0.5","0000043220","PSCI","This course allows students to serve on the editorial board of the Pi Sigma Alpha Undergraduate Journal of Politics, the national undergraduate journal of the political science honor society. Students learn how scholarly research is evaluated, revised, and prepared for publication by reviewing manuscripts and participating in editorial workflows. The course also introduces the norms of scholarly publishing. Students may take this course a second time, serving as Senior Editors, with enhanced leadership roles and editorial opportunities. Offered annually during fall and spring semesters. Prerequisites: Junior or senior standing, PSCI 220 and 2 additional political science courses, or instructor permission. Other interested students should reach out to the faculty member teaching the course.","0","0","0","0","0","OEP","Cilizoglu, Menevis","{'fsnum': '30090', 'name': 'Cilizoglu, Menevis'}","200","27","","","","","Editorial Lab: Politics in Print","","250","","False","Prerequisites: Junior or senior standing, PSCI 220 and 2 additional political science courses, or instructor permission. Other interested students should reach out to the faculty member teaching the course.","","3","O","20263","","Research","2026"
"0000170934","1.0","0000001132","PSCI","How do the peoples of Latin America participate politically? How do domestic politics interact with national and international economics? How do states treat challenges posed by migration and by desires for ""modernization"" and democracy in a context of authoritarian legacy and debt? Students examine how Latin American politics work, focusing on Mexico, parts of Central America, the Caribbean, the Andean Region, and the Southern Cone. Also counts toward Latin American studies major and Latin American studies and business and management studies concentrations.","0","0","0","0","0","GHS;MCG;MCS-G","Thalhammer, Kris","{'fsnum': '8281', 'name': 'Thalhammer, Kris'}","200","27","","","","","Latin American Politics","","264","{'day': 'Mo', 'end': '13:50', 'location': 'RML 525', 'start': '12:55'};{'day': 'We', 'end': '13:50', 'location': 'RML 525', 'start': '12:55'};{'day': 'Fr', 'end': '13:50', 'location': 'RML 525', 'start': '12:55'}","False","False","","3","O","20263","","Research","2026"
"0000172170","1.0","0000001142","PSCI","How can we know what traditions must be respected and which ones should be changed? All societies must contend with the challenges posed by the rise of new ideologies, philosophies, and belief systems. But when these new ideas threaten the established order, how leaders respond can mean the difference between life and death. This course focuses on the struggles of two political communities at critical junctures in their histories -- imperial Ming China and England under Henry VIII. Over the course of the semester, we will engage in extensive role-playing games where you assume the roles of important historical political figures and factions and use writing and speaking to persuade other students to agree with your position. In this way, we will explore the philosophical and moral dimensions of autocratic power and elitism in leadership and decision-making to better understand some of the critical issues facing society today. Specifically, we will examine Ming China in 1587 and the Reformation Parliament in England from 1529 to 1536 in order to compare their debates and experiences wrestling with questions like the following: What is the nature of autocratic power? How do social norms and traditions serve as limits on autocratic power? Does absolute power corrupt absolutely? What is the ideal relationship between the government and the people? What are the ideal characteristics of the ruler? Can immoral means ever justify moral ends?","0","0","0","0","0","","Schmotter, Caleb","{'fsnum': '9005159', 'name': 'Schmotter, Caleb'}","200","27","","","","","Top: Maladroit Monarchs","","299","{'day': 'Mo', 'end': '10:00', 'location': 'TBA', 'start': '09:05'};{'day': 'We', 'end': '10:00', 'location': 'TBA', 'start': '09:05'};{'day': 'Fr', 'end': '10:00', 'location': 'TBA', 'start': '09:05'}","False","False","","3","O","20263","Topics in Political Science","Topic","2026"
"0000171154","1.0","0000001143","PSCI","This seminar introduces the core questions, concepts, and theories of the field of American politics. With topics varying from term to term, students read both ""cutting edge"" research and the classic articles of the field. The methodology employed in the research is a central topic. Students ask whether the methods are appropriate and helpful for answering the central questions of American politics. The course also includes a major research project. Prerequisites: PSCI 220 and one course in the subfield, or permission of instructor.","0","0","0","0","0","","Hofrenning, Dan","{'fsnum': '3418', 'name': 'Hofrenning, Dan'}","300","15","0","0","0","","Sem: American Politics","Open only to seniors.","311","{'day': 'Tu', 'end': '11:00', 'location': 'TBA', 'start': '09:35'};{'day': 'Th', 'end': '10:50', 'location': 'TBA', 'start': '09:30'}","False","Prerequisites: PSCI 220 and one course in the subfield, or permission of instructor.","","3","O","20263","Seminar in American Politics","Seminar","2026"
"0000172171","1.0","0000032562","PSCI","Economic statecraft refers to states' use of economic means to pursue foreign policy goals and political ends. This seminar provides students with advanced study of economic statecraft tools, which often combine economic rewards and punishments. Specifically, students explore when and how governments choose from their economic statecraft repertoire, and assess the effectiveness of the available tools, including but not limited to foreign aid, bilateral trade and investment, and economic sanctions. Offered annually in the fall semester. Prerequisite: PSCI 220 and one course in the international relations subfield, or permission of the instructor.","0","0","0","0","0","WRI","Cilizoglu, Menevis","{'fsnum': '30090', 'name': 'Cilizoglu, Menevis'}","300","15","0","2","0","","Sem: Economic Statecraft","","322","{'day': 'Tu', 'end': '13:10', 'location': 'TBA', 'start': '23:45'};{'day': 'Th', 'end': '14:05', 'location': 'TBA', 'start': '12:45'}","False","PSCI 220 and one course in the international relations subfield, or permission of the instructor.","","3","O","20263","Seminar: Economic Statecraft","Research","2026"
"0000171160","1.0","0000001148","PSCI","This is an advanced course in the area of political thought. The topic, a detailed study of either major works or themes in political philosophy, varies with each offering. Prerequisites: PSCI 220 and one course in the subfield, or permission of instructor.","0","0","0","0","0","WRI","Casson, Douglas J.","{'fsnum': '17420', 'name': 'Casson, Douglas J.'}","300","15","0","7","0","","Sem: Utopias and Dystopias","Open only to seniors.","384","{'day': 'Tu', 'end': '09:25', 'location': 'TBA', 'start': '08:00'};{'day': 'Th', 'end': '09:20', 'location': 'TBA', 'start': '08:00'}","False","Prerequisites: PSCI 220 and one course in the subfield, or permission of instructor.","","3","O","20263","Seminar in Political Theory","Seminar","2026"
"0000171097","1.0","0000001154","PSYCH","This whirlwind introduction comprehensively examines foundational principles, theoretical approaches, and major areas of study within psychology. Acting as skeptical scientists, students gain another lens on the human experience by which they can better understand themselves and others. Students see psychology as a science and challenge ""common sense"" explanations about how people function. This gateway course captures the essence of the liberal arts, applying to almost any career choice. Offered each semester.","0","0","0","0","0","HBS;IST;NST;SCS","Nelson, Daniel R.","{'fsnum': '28151', 'name': 'Nelson, Daniel R.'}","100","90","","","","","Principles: Psych","","125","{'day': 'Mo', 'end': '11:40', 'location': 'RNS 150', 'start': '10:45'};{'day': 'We', 'end': '11:40', 'location': 'RNS 150', 'start': '10:45'};{'day': 'Fr', 'end': '11:40', 'location': 'RNS 150', 'start': '10:45'}","False","False","A","3","O","20263","Principles of Psychology","Research","2026"
"0000171098","1.0","0000001154","PSYCH","This whirlwind introduction comprehensively examines foundational principles, theoretical approaches, and major areas of study within psychology. Acting as skeptical scientists, students gain another lens on the human experience by which they can better understand themselves and others. Students see psychology as a science and challenge ""common sense"" explanations about how people function. This gateway course captures the essence of the liberal arts, applying to almost any career choice. Offered each semester.","0","0","0","0","0","HBS;IST;NST;SCS","Petok, Jess R.","{'fsnum': '26237', 'name': 'Petok, Jess R.'}","100","90","","","","","Principles: Psych","","125","{'day': 'Tu', 'end': '11:00', 'location': 'RNS 150', 'start': '09:35'};{'day': 'Th', 'end': '10:50', 'location': 'RNS 150', 'start': '09:30'}","False","False","B","3","O","20263","Principles of Psychology","Research","2026"
"0000171122","1.0","0000001158","PSYCH","This course prepares students with tools for understanding how research studies in psychology are conceptualized, designed, and ethically conducted, and how data is analyzed, interpreted, and disseminated. Students apply this understanding in independent and small group research projects. In the process, students develop critical reading, thinking, and scientific writing skills. Students attend lectures plus one two-hour laboratory per week. Offered each semester. Prerequisites: PSYCH 125, and STAT 110 or SDS 172 or ECON 260.","0","0","0","0","0","NTS;OEP","Benson, Jessica M.","{'fsnum': '30091', 'name': 'Benson, Jessica M.'}","200","18","","","","0","Research Methods","Students in Psych 230A must also register for Psych 230 AL.                     ;Only open to class of 2026 via capacity override.","230","{'day': 'Mo', 'end': '10:00', 'location': 'RNS 131', 'start': '09:05'};{'day': 'We', 'end': '10:00', 'location': 'RNS 131', 'start': '09:05'};{'day': 'Fr', 'end': '10:00', 'location': 'RNS 131', 'start': '09:05'}","False","Prerequisites: PSYCH 125, and STAT 110 or SDS 172 or ECON 260.","A","3","O","20263","Research Methods in Psychology","Research","2026"
"0000171120","1.0","0000001158","PSYCH","This course prepares students with tools for understanding how research studies in psychology are conceptualized, designed, and ethically conducted, and how data is analyzed, interpreted, and disseminated. Students apply this understanding in independent and small group research projects. In the process, students develop critical reading, thinking, and scientific writing skills. Students attend lectures plus one two-hour laboratory per week. Offered each semester. Prerequisites: PSYCH 125, and STAT 110 or SDS 172 or ECON 260.","0","0","0","0","0","NTS;OEP;WRI","Kochendorfer, Logan B.","{'fsnum': '9005138', 'name': 'Kochendorfer, Logan B.'}","200","18","","","","0","Research Methods","Students in Psych 230C must also register for lab Psych 230 CL.                 ;Only open to class of 2026 via capacity override.","230","{'day': 'Tu', 'end': '11:00', 'location': 'TBA', 'start': '09:35'};{'day': 'Th', 'end': '10:50', 'location': 'TBA', 'start': '09:30'}","False","Prerequisites: PSYCH 125, and STAT 110 or SDS 172 or ECON 260.","C","3","O","20263","Research Methods in Psychology","Research","2026"
"0000171121","1.0","0000001158","PSYCH","This course prepares students with tools for understanding how research studies in psychology are conceptualized, designed, and ethically conducted, and how data is analyzed, interpreted, and disseminated. Students apply this understanding in independent and small group research projects. In the process, students develop critical reading, thinking, and scientific writing skills. Students attend lectures plus one two-hour laboratory per week. Offered each semester. Prerequisites: PSYCH 125, and STAT 110 or SDS 172 or ECON 260.","0","0","0","0","0","NTS;OEP;WRI","Kochendorfer, Logan B.","{'fsnum': '9005138', 'name': 'Kochendorfer, Logan B.'}","200","18","","","","0","Research Methods","Students in Psych 230B must also register for lab Psych 230 BL.                 ;Only open to class of 2026 via capacity override.","230","{'day': 'Tu', 'end': '09:25', 'location': 'TBA', 'start': '08:00'};{'day': 'Th', 'end': '09:20', 'location': 'TBA', 'start': '08:00'}","False","Prerequisites: PSYCH 125, and STAT 110 or SDS 172 or ECON 260.","B","3","O","20263","Research Methods in Psychology","Research","2026"
"0000171125","","0000026692","PSYCH","","0","0","0","0","0","","Benson, Jessica M.","{'fsnum': '30091', 'name': 'Benson, Jessica M.'}","200","18","","","","0","Research Methods Lab","","230","{'day': 'Th', 'end': '10:50', 'location': 'RNS 160C', 'start': '08:50'}","False","","A","3","O","20263","","Lab","2026"
"0000171123","","0000026692","PSYCH","","0","0","0","0","0","","Kochendorfer, Logan B.","{'fsnum': '9005138', 'name': 'Kochendorfer, Logan B.'}","200","18","","","","0","Research Methods Lab","","230","{'day': 'Mo', 'end': '10:00', 'location': 'TBA', 'start': '08:00'}","False","","B","3","O","20263","","Lab","2026"
"0000171124","","0000026692","PSYCH","","0","0","0","0","0","","Kochendorfer, Logan B.","{'fsnum': '9005138', 'name': 'Kochendorfer, Logan B.'}","200","18","","","","0","Research Methods Lab","","230","{'day': 'Mo', 'end': '12:45', 'location': 'RNS 160C', 'start': '22:45'}","False","","C","3","O","20263","","Lab","2026"
"0000171788","1.0","0000001159","PSYCH","In this course, students will explore the processes of sensation (how our sensory epithelia change physical information from the environment into electrical impulses in our brains) and perception (how we utilize those electrical impulses to form a representation of the world giving rise to our subjective realities). Students participate in in class psychophysical, physiological, and perceptual activities on vision, hearing, touch, smell, and taste in order to enhance their learning. Offered annually. Prerequisite: PSYCH 125.","0","0","0","0","0","NSL;NST","Loebach, Jeremy","{'fsnum': '21097', 'name': 'Loebach, Jeremy'}","200","26","","","","","Sensation/Perception","","235","{'day': 'Mo', 'end': '14:55', 'location': 'TBA', 'start': '14:00'};{'day': 'We', 'end': '14:55', 'location': 'TBA', 'start': '14:00'};{'day': 'Fr', 'end': '14:55', 'location': 'TBA', 'start': '14:00'}","False","PSYCH 125.","","3","O","20263","Sensation and Perception","Research","2026"
"0000170583","1.0","0000001161","PSYCH","How do psychologists characterize the most basic aspects of the learning process? While some emphasis is on analysis of the behavioral viewpoint (Pavlov, Skinner), students also examine the ways current investigators apply these basic principles to problems in other fields. These include behavioral therapy for a variety of psychological disturbances, research on the neurobiology of drug reward, and analysis of consumer behavior. Students engage in hands-on activities as a part of the class to enhance their learning. Offered annually. Prerequisite: PSYCH 125.","0","0","0","0","0","NSL;NST","Howard, Lindsay","{'fsnum': '9006209', 'name': 'Howard, Lindsay'}","200","26","","","","","Conditioning and Learning","","236","{'day': 'Mo', 'end': '08:55', 'location': 'TBA', 'start': '08:00'};{'day': 'We', 'end': '08:55', 'location': 'TBA', 'start': '08:00'};{'day': 'Fr', 'end': '08:55', 'location': 'TBA', 'start': '08:00'}","False","PSYCH 125.","","3","O","20263","","Research","2026"
"0000171789","1.0","0000001163","PSYCH","This survey of cognition examines how we acquire (perception, attention, learning), store (memory), communicate (language) and use knowledge (thinking, judgment, problem solving, decision making, creativity). Such issues influence how we educate people, evaluate eyewitnesses in court, convince consumers to buy products, and improve our memory or attention. Students will engage in hands-on activities as a part of the class to enhance our study of the mind. Offered annually. Prerequisite: PSYCH 125.","0","0","0","0","0","NSL;NST","Rivera, Brian","{'fsnum': '9005232', 'name': 'Rivera, Brian'}","200","26","","","","","Cognitive Psychology","","237","{'day': 'Mo', 'end': '11:40', 'location': 'TBA', 'start': '10:45'};{'day': 'We', 'end': '11:40', 'location': 'TBA', 'start': '10:45'};{'day': 'Fr', 'end': '11:40', 'location': 'TBA', 'start': '10:45'}","False","PSYCH 125.","A","3","O","20263","","Research","2026"
"0000171790","1.0","0000001163","PSYCH","This survey of cognition examines how we acquire (perception, attention, learning), store (memory), communicate (language) and use knowledge (thinking, judgment, problem solving, decision making, creativity). Such issues influence how we educate people, evaluate eyewitnesses in court, convince consumers to buy products, and improve our memory or attention. Students will engage in hands-on activities as a part of the class to enhance our study of the mind. Offered annually. Prerequisite: PSYCH 125.","0","0","0","0","0","NSL;NST","Rivera, Brian","{'fsnum': '9005232', 'name': 'Rivera, Brian'}","200","26","","","","","Cognitive Psychology","","237","{'day': 'Mo', 'end': '12:45', 'location': 'TBA', 'start': '23:50'};{'day': 'We', 'end': '12:45', 'location': 'TBA', 'start': '23:50'};{'day': 'Fr', 'end': '12:45', 'location': 'TBA', 'start': '23:50'}","False","PSYCH 125.","B","3","O","20263","","Research","2026"
"0000170570","1.0","0000001163","PSYCH","This survey of cognition examines how we acquire (perception, attention, learning), store (memory), communicate (language) and use knowledge (thinking, judgment, problem solving, decision making, creativity). Such issues influence how we educate people, evaluate eyewitnesses in court, convince consumers to buy products, and improve our memory or attention. Students will engage in hands-on activities as a part of the class to enhance our study of the mind. Offered annually. Prerequisite: PSYCH 125.","0","0","0","0","0","NSL;NST","Petok, Jess R.","{'fsnum': '26237', 'name': 'Petok, Jess R.'}","200","26","","","","","Cognitive Psychology","","237","{'day': 'Tu', 'end': '13:10', 'location': 'RNS 390', 'start': '23:45'};{'day': 'Th', 'end': '14:05', 'location': 'RNS 390', 'start': '12:45'}","False","PSYCH 125.","C","3","O","20263","","Research","2026"
"0000170487","1.0","0000001165","PSYCH","How do biological factors influence fundamental aspects of psychology and behavior? In this course, students learn about relationships between the brain and behavior and use neuroanatomical, physiological, and biochemical levels of analysis to understand basic behavioral processes and systems, including sensation, movement, emotion, sleep and arousal, hunger, motivation, learning, and psychopathology. Offered each semester. Prerequisite: PSYCH 125, or BIO 123 and BIO 227.","0","0","0","0","0","IST;NST","Dickinson, Shelly D.","{'fsnum': '15747', 'name': 'Dickinson, Shelly D.'}","200","26","","","","","Biopsychology","","238","{'day': 'Tu', 'end': '14:45', 'location': 'TBA', 'start': '13:20'};{'day': 'Th', 'end': '15:35', 'location': 'TBA', 'start': '14:15'}","False","PSYCH 125, or BIO 123 and BIO 227.","","3","O","20263","","Research","2026"
"0000171791","1.0","0000033301","PSYCH","From legalized marijuana, to the widespread use of antidepressants and antianxiety medications, to the ubiquitous presence of coffee shops, the ""drug culture"" affects nearly everyone in our society. This course introduces the world of psychopharmacology, with an emphasis on the basic neural mechanisms underlying the effects of drugs, including their portrayal in popular movies and music. By learning how drugs can affect the way neurons communicate, students become more thoughtful consumers. Offered periodically during January term. Prerequisites: PSYCH 125 or PSYCH 238 or any Level I biology, or chemistry course.","0","0","0","0","0","","Dickinson, Shelly D.","{'fsnum': '15747', 'name': 'Dickinson, Shelly D.'}","200","26","","","","","Drugs, the Brain and Behavior","","239","{'day': 'Tu', 'end': '11:00', 'location': 'TBA', 'start': '09:35'};{'day': 'Th', 'end': '10:50', 'location': 'TBA', 'start': '09:30'}","False","Prerequisites: PSYCH 125 or PSYCH 238 or any Level I biology, or chemistry course.","","3","O","20263","","Research","2026"
"0000170611","1.0","0000001168","PSYCH","This course helps students better understand human development from the moment of conception and across the life span. The course focuses on biological and environmental factors that shape human development. Major changes in physical, cognitive, personality and social development are discussed. Offered each semester. Prerequisite: PSYCH 125.","0","0","0","0","0","HBS;SCS","Ausherbauer, Kadie","{'fsnum': '34068', 'name': 'Ausherbauer, Kadie'}","200","24","","","","0","Developmental Psych","","241","{'day': 'Mo', 'end': '08:55', 'location': 'TBA', 'start': '08:00'};{'day': 'We', 'end': '08:55', 'location': 'TBA', 'start': '08:00'};{'day': 'Fr', 'end': '08:55', 'location': 'TBA', 'start': '08:00'}","False","PSYCH 125.","A","3","O","20263","Developmental Psychology","Research","2026"
"0000170613","1.0","0000001168","PSYCH","This course helps students better understand human development from the moment of conception and across the life span. The course focuses on biological and environmental factors that shape human development. Major changes in physical, cognitive, personality and social development are discussed. Offered each semester. Prerequisite: PSYCH 125.","0","0","0","0","0","HBS;SCS","Ausherbauer, Kadie","{'fsnum': '34068', 'name': 'Ausherbauer, Kadie'}","200","24","","","","0","Developmental Psych","","241","{'day': 'Mo', 'end': '10:00', 'location': 'TBA', 'start': '09:05'};{'day': 'We', 'end': '10:00', 'location': 'TBA', 'start': '09:05'};{'day': 'Fr', 'end': '10:00', 'location': 'TBA', 'start': '09:05'}","False","PSYCH 125.","B","3","O","20263","Developmental Psychology","Research","2026"
"0000170612","1.0","0000001168","PSYCH","This course helps students better understand human development from the moment of conception and across the life span. The course focuses on biological and environmental factors that shape human development. Major changes in physical, cognitive, personality and social development are discussed. Offered each semester. Prerequisite: PSYCH 125.","0","0","0","0","0","HBS;SCS","Gross, Dana","{'fsnum': '2768', 'name': 'Gross, Dana'}","200","24","","","","0","Developmental Psych","","241","{'day': 'Mo', 'end': '12:45', 'location': 'TBA', 'start': '23:50'};{'day': 'We', 'end': '12:45', 'location': 'TBA', 'start': '23:50'};{'day': 'Fr', 'end': '12:45', 'location': 'TBA', 'start': '23:50'}","False","PSYCH 125.","C","3","O","20263","Developmental Psychology","Research","2026"
"0000170614","1.0","0000001168","PSYCH","This course helps students better understand human development from the moment of conception and across the life span. The course focuses on biological and environmental factors that shape human development. Major changes in physical, cognitive, personality and social development are discussed. Offered each semester. Prerequisite: PSYCH 125.","0","0","0","0","0","HBS;SCS","Gross, Dana","{'fsnum': '2768', 'name': 'Gross, Dana'}","200","24","","","","0","Developmental Psych","","241","{'day': 'Mo', 'end': '13:50', 'location': 'TBA', 'start': '12:55'};{'day': 'We', 'end': '13:50', 'location': 'TBA', 'start': '12:55'};{'day': 'Fr', 'end': '13:50', 'location': 'TBA', 'start': '12:55'}","False","PSYCH 125.","D","3","O","20263","Developmental Psychology","Research","2026"
"0000171792","1.0","0000001177","PSYCH","Students examine theories of normal personality development in an effort to understand the factors that shape personality. Is personality biologically determined? Is it a result of interpersonal experiences, learning and reinforcement? Are other factors involved as well? Students investigate prominent personality theories and research and their conceptualizations of this fundamental aspect of human experience. Offered annually. Prerequisite: PSYCH 125.","0","0","0","0","0","HBS;SCS","Nelson, Daniel R.","{'fsnum': '28151', 'name': 'Nelson, Daniel R.'}","200","26","","","","","Psych of Personality","","244","{'day': 'Mo', 'end': '10:00', 'location': 'TBA', 'start': '09:05'};{'day': 'We', 'end': '10:00', 'location': 'TBA', 'start': '09:05'};{'day': 'Fr', 'end': '10:00', 'location': 'TBA', 'start': '09:05'}","False","PSYCH 125.","","3","O","20263","Psychology of Personality","Research","2026"
"0000171103","1.0","0000001176","PSYCH","Why are certain experiences or patterns of behavior considered psychologically ""abnormal?"" Students investigate a wide array of psychological disorders, including anxiety disorders, depression, eating disorders, and schizophrenia. Students examine models used to conceptualize abnormal behavior, as well as current evidence and theories regarding the etiology and treatment of these important and sometimes devastating disorders. Offered each semester. Prerequisite: PSYCH 125.","0","0","0","0","0","HBS;SCS","McKenney, Erin E.","{'fsnum': '9006229', 'name': 'McKenney, Erin E.'}","200","26","","","","","Psychopathology","","247","{'day': 'Tu', 'end': '11:00', 'location': 'TBA', 'start': '09:35'};{'day': 'Th', 'end': '10:50', 'location': 'TBA', 'start': '09:30'}","False","PSYCH 125.","A","3","O","20263","","Research","2026"
"0000171104","1.0","0000001176","PSYCH","Why are certain experiences or patterns of behavior considered psychologically ""abnormal?"" Students investigate a wide array of psychological disorders, including anxiety disorders, depression, eating disorders, and schizophrenia. Students examine models used to conceptualize abnormal behavior, as well as current evidence and theories regarding the etiology and treatment of these important and sometimes devastating disorders. Offered each semester. Prerequisite: PSYCH 125.","0","0","0","0","0","HBS;SCS","McKenney, Erin E.","{'fsnum': '9006229', 'name': 'McKenney, Erin E.'}","200","26","","","","","Psychopathology","","247","{'day': 'Tu', 'end': '13:10', 'location': 'TBA', 'start': '23:45'};{'day': 'Th', 'end': '14:05', 'location': 'TBA', 'start': '12:45'}","False","PSYCH 125.","B","3","O","20263","","Research","2026"
"0000171219","1.0","0000001170","PSYCH","Why are people prejudiced and how can we reduce prejudice? Why do people help others? What is self-esteem and how do we defend it? How does romantic attraction develop? What are emotions and how do they influence us? In this introduction to the ways people interact and think about each other, students design their own theories of social behavior. Offered annually. Prerequisite: PSYCH 125.","0","0","0","0","0","HBS;SCS","Valdesolo, Piercarlo","{'fsnum': '34014', 'name': 'Valdesolo, Piercarlo'}","200","26","","","","","Social Psychology","","249","{'day': 'Tu', 'end': '13:10', 'location': 'RNS 410', 'start': '23:45'};{'day': 'Th', 'end': '14:05', 'location': 'RNS 410', 'start': '12:45'}","False","PSYCH 125.","","3","O","20263","","Research","2026"
"0000172330","1.0","0000027059","PSYCH","This course examines the thoughts, feelings, and behaviors of individuals in the context of physical activity and how psychological factors affect and are affected by involvement and performance in sport and exercise. Students study theory and research as well as apply principles of sport psychology, drawing from the fields of both psychology and kinesiology. Students explore current issues as well as major topics in the area, such as motivation, leadership, and team dynamics. Offered periodically. Prerequisite: PSYCH 125 or KINES 195.","0","0","0","0","0","","Wahl, Carly A.","{'fsnum': '9006213', 'name': 'Wahl, Carly A.'}","200","32","","","","","Sport and Exercise Psych","","251","{'day': 'Tu', 'end': '11:00', 'location': 'TBA', 'start': '09:35'};{'day': 'Th', 'end': '10:50', 'location': 'TBA', 'start': '09:30'}","False","PSYCH 125 or KINES 195.","","3","O","20263","Sport and Exercise Psychology","Research","2026"
"0000171793","1.0","0000018762","PSYCH","Memory is a fundamental part of human existence, but what do we currently know about the neurobiology that underlies this remarkable ability? In this seminar, students present and discuss recently published research that examines the neurobiology of learning and memory from molecular, cellular, behavioral and cognitive neuroscience perspectives. Offered periodically. Prerequisites: PSYCH 230, and PSYCH 238 or NEURO 239.","0","0","0","0","0","","Muir, Gary M.","{'fsnum': '16584', 'name': 'Muir, Gary M.'}","300","17","","","","","Neurobiology of Learning & Memory","","337","{'day': 'Mo', 'end': '12:45', 'location': 'TBA', 'start': '23:50'};{'day': 'We', 'end': '12:45', 'location': 'TBA', 'start': '23:50'};{'day': 'Fr', 'end': '12:45', 'location': 'TBA', 'start': '23:50'}","False","Prerequisites: PSYCH 230, and PSYCH 238 or NEURO 239.","","3","O","20263","Neurobiology of Learning and Memory","Research","2026"
"0000171794","1.0","0000038383","PSYCH","What is diversity? Who is impacted by diversity? How is diversity studied? In this discussion-based course, students unpack issues on diversity relating to identity, power, and privilege with a particular emphasis on race and ethnicity in the United States. Students use theory and research from social psychology to examine individual, interpersonal, and societal factors that shape the way people perceive and respond to difference. Finally, students discuss strategies for reducing intergroup bias and inequality. Offered periodically. Prerequisite: PSYCH 230.","0","0","0","0","0","PAR","Benson, Jessica M.","{'fsnum': '30091', 'name': 'Benson, Jessica M.'}","300","17","","","","","Sem: Soc Psyc Perspectives on Diver","","346","{'day': 'Mo', 'end': '11:40', 'location': 'TBA', 'start': '10:45'};{'day': 'We', 'end': '11:40', 'location': 'TBA', 'start': '10:45'};{'day': 'Fr', 'end': '11:40', 'location': 'TBA', 'start': '10:45'}","False","PSYCH 230.","","3","O","20263","Social Psychological Perspectives on Diversity","Seminar","2026"
"0000171795","1.0","0000018788","PSYCH","This course explores research on parenting and child development across a variety of diverse family structures and sociocultural contexts, including families with primary caregiving fathers, divorced and remarried parents, adoptive parents, gay and lesbian parents. Students discuss similarities and variability across families, and examine how factors such as gender, sexual orientation, race/ethnicity and social class shape parenting experiences and unique psychosocial challenges that ""nontraditional"" families may confront. Students examine and bridge the empirical literature with popular culture and media portrayals of families. Offered periodically. Prerequisite: PSYCH 241; PSYCH 230 is strongly recommended.","0","0","0","0","0","MCD;MCS-D","Cho, Grace E.","{'fsnum': '20130', 'name': 'Cho, Grace E.'}","300","14","","","","","Development in Diverse Families","This course includes an academic civic engagement (ACE) component.","350","{'day': 'Tu', 'end': '14:45', 'location': 'TBA', 'start': '13:20'};{'day': 'Th', 'end': '15:35', 'location': 'TBA', 'start': '14:15'}","False","PSYCH 241; PSYCH 230 is strongly recommended.","","3","O","20263","Parenting and Child Development in Diverse Families","Research","2026"
"0000170569","1.0","0000001181","PSYCH","This course examines several major theoretical perspectives on psychotherapy. Students review empirically supported treatments for specific clinical disorders, as well as ""nonspecific"" factors that affect the therapeutic process. Students explore ethical and legal challenges related to psychotherapy delivery, as well as multicultural and other diversity issues. Course format is primarily discussion-based. Offered annually. Prerequisites: junior or senior standing and PSYCH 230, and PSYCH 244 or PSYCH 247.","0","0","0","0","0","","Ausherbauer, Kadie","{'fsnum': '34068', 'name': 'Ausherbauer, Kadie'}","300","17","","","","","Clinical/Counseling Psych","","375","{'day': 'Mo', 'end': '13:50', 'location': 'RNS 124', 'start': '12:55'};{'day': 'We', 'end': '13:50', 'location': 'RNS 124', 'start': '12:55'};{'day': 'Fr', 'end': '13:50', 'location': 'RNS 124', 'start': '12:55'}","False","Prerequisites: junior or senior standing and PSYCH 230, and PSYCH 244 or PSYCH 247.","","3","O","20263","Clinical and Counseling Psychology","Research","2026"
"0000171159","1.0","0000001186","PSYCH","Seminars allow in-depth study of particular themes or topics in psychology. See department Website for descriptions and additional prerequisites. Offered annually. May be repeated if topic is different. Prerequisite: PSYCH 230.","0","0","0","0","0","","Valdesolo, Piercarlo","{'fsnum': '34014', 'name': 'Valdesolo, Piercarlo'}","300","17","","","","","Sem: Psychology of Morality","","390","{'day': 'Tu', 'end': '09:25', 'location': 'RNS 124', 'start': '08:00'};{'day': 'Th', 'end': '09:20', 'location': 'RNS 124', 'start': '08:00'}","False","PSYCH 230.","","3","O","20263","Issues in Psychology","Seminar","2026"
"0000171287","1.0","0000038474","PSYCH","This project-based course allows students to explore advanced research areas in Psychology. Dedicated student and faculty collaborative research and experiential learning opportunities allow in-depth study of particular themes or topics in psychology. Topics vary with faculty leading the course and may complement 200 level course offerings. May be repeated if the topic is different. Counts towards Neurosciences or Linguistics concentrations depending on topic. Offered annually. See department website for descriptions and additional prerequisites for specific courses. Prerequisite: PSYCH 230.","0","0","0","0","0","OEP","Cho, Grace E.","{'fsnum': '20130', 'name': 'Cho, Grace E.'}","300","14","","","","","Top: Advanced Research Collaboratio","This course includes an academic civic engagement (ACE) component.","393","{'day': 'Tu', 'end': '11:00', 'location': 'TBA', 'start': '09:35'};{'day': 'Th', 'end': '10:50', 'location': 'TBA', 'start': '09:30'}","False","PSYCH 230.","","3","O","20263","Advanced Research Collaborations","Topic","2026"
"0000171116","1.0","0000019414","PSYCH","This course provides a comprehensive research opportunity, including an introduction to relevant background material, technical instruction, identification of a meaningful project, and data collection. The topic is determined by the faculty member in charge of the course and may relate to their research interests. Offered annually. May be offered as a 1.00 credit course or .50 credit course. Prerequisite: determined by individual instructor.","0","0","0","0","0","OEP","McKenney, Erin E.","{'fsnum': '9006229', 'name': 'McKenney, Erin E.'}","300","6","","","","","Research:","Closed at registration.  Registration by permission.","396","{'day': 'Mo', 'end': '11:40', 'location': 'RNS 124', 'start': '10:45'};{'day': 'We', 'end': '11:40', 'location': 'RNS 124', 'start': '10:45'};{'day': 'Fr', 'end': '11:40', 'location': 'RNS 124', 'start': '10:45'}","False","determined by individual instructor.","A","3","O","20263","Directed Undergraduate Research","Research","2026"
"0000171118","1.0","0000019414","PSYCH","This course provides a comprehensive research opportunity, including an introduction to relevant background material, technical instruction, identification of a meaningful project, and data collection. The topic is determined by the faculty member in charge of the course and may relate to their research interests. Offered annually. May be offered as a 1.00 credit course or .50 credit course. Prerequisite: determined by individual instructor.","0","0","0","0","0","OEP;WRI","Howard, Lindsay","{'fsnum': '9006209', 'name': 'Howard, Lindsay'}","300","6","","","","","Research:","Permission of instructor required to register.","396","{'day': 'Tu', 'end': '13:10', 'location': 'TBA', 'start': '23:45'};{'day': 'Th', 'end': '14:05', 'location': 'TBA', 'start': '12:45'}","False","determined by individual instructor.","B","3","O","20263","Directed Undergraduate Research","Research","2026"
"0000171424","1.0","0000000533","QUEST","Christian and Muslim empires rose and fell in the Medieval and Renaissance Mediterranean world. The end of feudalism and changing social structures offered platforms to marginalized speakers. This course usually includes the Quran, Christian and Muslim theology, mysticism, and authors like Augustine, Hildegard von Bingen, Dante, Machiavelli, and Michelangelo. Course themes include journeys, gender, sexuality, faith, and reason. Students reflect on the relevance of premodern Europe to today's world and their learning process thus far. Counts toward medieval studies major. Prerequisites: QUEST 113 and QUEST 115.","0","0","0","0","0","FYW;HWC;WRR","Helms, Kyle","{'fsnum': '30106', 'name': 'Helms, Kyle'}","100","22","","0","0","0","Warriors, Mystics, Reformers","Open to Enduring Questions students only.","116","{'day': 'Mo', 'end': '13:50', 'location': 'OM 140', 'start': '12:55'};{'day': 'We', 'end': '13:50', 'location': 'OM 140', 'start': '12:55'};{'day': 'Fr', 'end': '13:50', 'location': 'OM 140', 'start': '12:55'}","False","Prerequisites: QUEST 113 and QUEST 115.","A","3","O","20263","","Research","2026"
"0000171425","1.0","0000000533","QUEST","Christian and Muslim empires rose and fell in the Medieval and Renaissance Mediterranean world. The end of feudalism and changing social structures offered platforms to marginalized speakers. This course usually includes the Quran, Christian and Muslim theology, mysticism, and authors like Augustine, Hildegard von Bingen, Dante, Machiavelli, and Michelangelo. Course themes include journeys, gender, sexuality, faith, and reason. Students reflect on the relevance of premodern Europe to today's world and their learning process thus far. Counts toward medieval studies major. Prerequisites: QUEST 113 and QUEST 115.","0","0","0","0","0","FYW;HWC;WRR","Simpson-Younger, Nancy","{'fsnum': '15225', 'name': 'Simpson-Younger, Nancy'}","100","22","","0","1","0","Warriors, Mystics, Reformers","Open to Enduring Questions students only.","116","{'day': 'Mo', 'end': '13:50', 'location': 'OM 110', 'start': '12:55'};{'day': 'We', 'end': '13:50', 'location': 'OM 110', 'start': '12:55'};{'day': 'Fr', 'end': '13:50', 'location': 'OM 110', 'start': '12:55'}","False","Prerequisites: QUEST 113 and QUEST 115.","B","3","O","20263","","Research","2026"
"0000171426","1.0","0000000533","QUEST","Christian and Muslim empires rose and fell in the Medieval and Renaissance Mediterranean world. The end of feudalism and changing social structures offered platforms to marginalized speakers. This course usually includes the Quran, Christian and Muslim theology, mysticism, and authors like Augustine, Hildegard von Bingen, Dante, Machiavelli, and Michelangelo. Course themes include journeys, gender, sexuality, faith, and reason. Students reflect on the relevance of premodern Europe to today's world and their learning process thus far. Counts toward medieval studies major. Prerequisites: QUEST 113 and QUEST 115.","0","0","0","0","0","FYW;HWC;WRR","Wells, Colin","{'fsnum': '8973', 'name': 'Wells, Colin'}","100","22","","0","0","0","Warriors, Mystics, Reformers","Open to Enduring Questions students only.","116","{'day': 'Mo', 'end': '13:50', 'location': 'OM 030', 'start': '12:55'};{'day': 'We', 'end': '13:50', 'location': 'OM 030', 'start': '12:55'};{'day': 'Fr', 'end': '13:50', 'location': 'OM 030', 'start': '12:55'}","False","Prerequisites: QUEST 113 and QUEST 115.","C","3","O","20263","","Research","2026"
"0000171427","1.0","0000000533","QUEST","Christian and Muslim empires rose and fell in the Medieval and Renaissance Mediterranean world. The end of feudalism and changing social structures offered platforms to marginalized speakers. This course usually includes the Quran, Christian and Muslim theology, mysticism, and authors like Augustine, Hildegard von Bingen, Dante, Machiavelli, and Michelangelo. Course themes include journeys, gender, sexuality, faith, and reason. Students reflect on the relevance of premodern Europe to today's world and their learning process thus far. Counts toward medieval studies major. Prerequisites: QUEST 113 and QUEST 115.","0","0","0","0","0","FYW;HWC;WRR","Wilson, Charles","{'fsnum': '9090', 'name': 'Wilson, Charles'}","100","22","","0","0","0","Warriors, Mystics, Reformers","Open to Enduring Questions students only.","116","{'day': 'Mo', 'end': '13:50', 'location': 'OM 305', 'start': '12:55'};{'day': 'We', 'end': '13:50', 'location': 'OM 305', 'start': '12:55'};{'day': 'Fr', 'end': '13:50', 'location': 'OM 305', 'start': '12:55'}","False","Prerequisites: QUEST 113 and QUEST 115.","D","3","O","20263","","Research","2026"
"0000171204","","0000037617","QUEST","","0","0","0","0","0","","Staff","{'fsnum': '', 'name': 'Staff'}","100","24","","","","","SOAR Discussion","SOAR Discussion meets on Feb 13, Feb 27, Mar 13, Mar 27, Apr 10.","116","{'day': 'Th', 'end': '12:30', 'location': 'TBA', 'start': '23:30'}","False","","A","3","O","20263","","Discussion","2026"
"0000171205","","0000037617","QUEST","","0","0","0","0","0","","Staff","{'fsnum': '', 'name': 'Staff'}","100","24","","","","","SOAR Discussion","SOAR Discussion meets on Feb 13, Feb 27, Mar 13, Mar 27, Apr 10.","116","{'day': 'Th', 'end': '12:30', 'location': 'TBA', 'start': '23:30'}","False","","B","3","O","20263","","Discussion","2026"
"0000171206","","0000037617","QUEST","","0","0","0","0","0","","Staff","{'fsnum': '', 'name': 'Staff'}","100","23","","","","","SOAR Discussion","SOAR Discussion meets on Feb 13, Feb 27, Mar 13, Mar 27, Apr 10.","116","{'day': 'Th', 'end': '12:30', 'location': 'TBA', 'start': '23:30'}","False","","C","3","O","20263","","Discussion","2026"
"0000171209","","0000037617","QUEST","","0","0","0","0","0","","Staff","{'fsnum': '', 'name': 'Staff'}","100","23","","","","","SOAR Discussion","SOAR Discussion meets on Feb 13, Feb 27, Mar 13, Mar 27, Apr 10.","116","{'day': 'Th', 'end': '12:30', 'location': 'TBA', 'start': '23:30'}","False","","D","3","O","20263","","Discussion","2026"
"0000170596","1.0","0000000535","QUEST","In this course, students consider the modern age in light of their Enduring Questions experience. Topics include artists and authors from the twentieth century to the present, such as Freud, Picasso, Woolf, Arendt, and Borges, addressing topics such as the rise of nationalism, rejections of colonialism, globalization, migration, and race and racism. Students identify and evaluate their own ethical views in relation to ethical theories, like consequentialism and virtue ethics, encountered throughout the Enduring Questions program. Offered annually in the spring semester. Prerequisites: QUEST 217.","0","0","0","0","0","ALS-A;CRE;ERC;HWC;ORC;WRI","Al Atiyat, Ibtesam","{'fsnum': '21084', 'name': 'Al Atiyat, Ibtesam'}","200","21","0","0","","0","Critics, Dreamers, Radicals","Open to Enduring Questions students only.","218","{'day': 'Mo', 'end': '12:45', 'location': 'OM 240', 'start': '23:50'};{'day': 'We', 'end': '12:45', 'location': 'OM 240', 'start': '23:50'};{'day': 'Fr', 'end': '12:45', 'location': 'OM 240', 'start': '23:50'}","False","Prerequisites: QUEST 217.","A","3","O","20263","","Research","2026"
"0000170597","1.0","0000000535","QUEST","In this course, students consider the modern age in light of their Enduring Questions experience. Topics include artists and authors from the twentieth century to the present, such as Freud, Picasso, Woolf, Arendt, and Borges, addressing topics such as the rise of nationalism, rejections of colonialism, globalization, migration, and race and racism. Students identify and evaluate their own ethical views in relation to ethical theories, like consequentialism and virtue ethics, encountered throughout the Enduring Questions program. Offered annually in the spring semester. Prerequisites: QUEST 217.","0","0","0","0","0","ALS-A;CRE;ERC;HWC;ORC;WRI","Farnham, Daniel","{'fsnum': '33080', 'name': 'Farnham, Daniel'}","200","21","0","0","","0","Critics, Dreamers, Radicals","Open to Enduring Questions students only.","218","{'day': 'Mo', 'end': '12:45', 'location': 'OM 210', 'start': '23:50'};{'day': 'We', 'end': '12:45', 'location': 'OM 210', 'start': '23:50'};{'day': 'Fr', 'end': '12:45', 'location': 'OM 210', 'start': '23:50'}","False","Prerequisites: QUEST 217.","B","3","O","20263","","Research","2026"
"0000170860","1.0","0000027324","RACE","This course provides an introduction to critical concepts and key readings about race and racism that are important to the field of Ethnic Studies. Focusing on identities and communities, students learn about racial formation and difference in U.S. and comparative cultural and historical contexts. How does race intersect with class, gender, nation, and sexuality to produce privileges and oppressions? Students survey the emergence of Ethnic Studies through literary texts including art, creative writing, film, music, popular culture, and/or the sciences to become acquainted with interdisciplinary approaches and how concerns for racial equity and social justice formed this academic field. Offered annually.","0","0","0","0","0","ALS-L;CRE;MCD;PAR","Awwad, Megan","{'fsnum': '9006207', 'name': 'Awwad, Megan'}","100","24","","","","","Intro to Race and Ethnic Studies","","121","{'day': 'Mo', 'end': '11:40', 'location': 'TBA', 'start': '10:45'};{'day': 'We', 'end': '11:40', 'location': 'TBA', 'start': '10:45'};{'day': 'Fr', 'end': '11:40', 'location': 'TBA', 'start': '10:45'}","False","False","A","3","O","20263","Introduction to Race and Ethnic Studies","Research","2026"
"0000173059","1.0","0000027324","RACE","This course provides an introduction to critical concepts and key readings about race and racism that are important to the field of Ethnic Studies. Focusing on identities and communities, students learn about racial formation and difference in U.S. and comparative cultural and historical contexts. How does race intersect with class, gender, nation, and sexuality to produce privileges and oppressions? Students survey the emergence of Ethnic Studies through literary texts including art, creative writing, film, music, popular culture, and/or the sciences to become acquainted with interdisciplinary approaches and how concerns for racial equity and social justice formed this academic field. Offered annually.","0","0","0","0","0","ALS-L;CRE;MCD;PAR","Pate, SooJin","{'fsnum': '25368', 'name': 'Pate, SooJin'}","100","21","","4","4","4","Intro to Race and Ethnic Studies","","121","{'day': 'Tu', 'end': '14:45', 'location': 'TBA', 'start': '13:20'};{'day': 'Th', 'end': '15:35', 'location': 'TBA', 'start': '14:15'}","False","False","B","3","O","20263","Introduction to Race and Ethnic Studies","Research","2026"
"0000171148","1.0","0000027326","RACE","Students apply interdisciplinary theories and methods to selected topics in race and ethnic studies. The course employs a discussion format, focusing on critical reading and literary texts. Offered in alternate years. May be repeated if topic is different.","0","0","0","0","0","ALS-L;CRE;MCD;PAR","Awwad, Megan","{'fsnum': '9006207', 'name': 'Awwad, Megan'}","200","24","","","","","Sem: Critical Indigenous Studies","","250","{'day': 'Mo', 'end': '12:45', 'location': 'TBA', 'start': '23:50'};{'day': 'We', 'end': '12:45', 'location': 'TBA', 'start': '23:50'};{'day': 'Fr', 'end': '12:45', 'location': 'TBA', 'start': '23:50'}","False","False","","3","O","20263","Topical Seminar","Seminar","2026"
"0000171117","1.0","0000027332","RACE","How is academic work in Race and Ethnic Studies enabled or transformed by an openness to creativity? And how is creative work--in fields such as film, music, literature, and visual art--enabled or transformed by research? In this seminar, students encounter foundational and contemporary work that addresses one or both of these questions. In the second half of the semester, students pursue individual projects (academic, creative, or both) that serve as their response. Offered annually in the spring semester. Prerequisite: Enrollment by approval of instructor.","0","0","0","0","0","OEP;WRI","Janak, Jaden","{'fsnum': '35033', 'name': 'Janak, Jaden'}","300","22","0","","0","","Res: Research and Creativity","This course is strongly recommended for senior RACE majors and fulfills the     ;senior project requirement for a B.A. in Race and Ethnic Studies. Junior RACE   ;majors and junior/senior RACE concentrators may register with Instructor","396","{'day': 'Mo', 'end': '12:45', 'location': 'TBA', 'start': '23:50'};{'day': 'We', 'end': '12:45', 'location': 'TBA', 'start': '23:50'};{'day': 'Fr', 'end': '12:45', 'location': 'TBA', 'start': '23:50'}","False","Enrollment by approval of instructor.","","3","O","20263","Directed Undergraduate Research","Research","2026"
"0000171340","1.0","0000037534","RAMAT","Race Matters is an interdisciplinary learning community for first-year students that focuses on race, ethnicity, and related matters (such as gender, sexuality, class, and religion) in the twenty-first century with a general though not exclusive focus on the United States. The thoroughly integrated curriculum of these three courses bridges the humanities and the social sciences, offering students a deep and broad engagement with race and ethnicity in the contemporary world. This course is the third course in the three-course Race Matters Sequence. It is only open to Race Matters students. RAMAT 130 is offered annually in the spring semester. Prerequisite: RAMAT 110 and SOAN 121.","0","0","0","0","0","WRR","Horton, Dana R.","{'fsnum': '35059', 'name': 'Horton, Dana R.'}","100","20","","0","0","0","Top: Race Matters - Writing and Rhe","Open to Race Matters students only.","130","{'day': 'Tu', 'end': '13:10', 'location': 'RML 421', 'start': '23:45'};{'day': 'Th', 'end': '14:05', 'location': 'RML 421', 'start': '12:45'}","False","RAMAT 110 and SOAN 121.","","3","O","20263","Race Matters","Research","2026"
"0000171210","","0000037619","RAMAT","","0","0","0","0","0","","Staff","{'fsnum': '', 'name': 'Staff'}","100","20","","","","","SOAR Discussion","","130","{'day': 'Th', 'end': '12:30', 'location': 'TBA', 'start': '23:30'}","False","","","3","O","20263","","Discussion","2026"
"0000171880","1.0","0000021536","REL","","0","0","0","0","0","","Staff","{'fsnum': '', 'name': 'Staff'}","0","24","6","0","6","0","Placeholder Course","","0","{'day': 'Mo', 'end': '14:55', 'location': 'TBA', 'start': '14:00'};{'day': 'We', 'end': '14:55', 'location': 'TBA', 'start': '14:00'};{'day': 'Fr', 'end': '14:55', 'location': 'TBA', 'start': '14:00'}","False","","A","3","O","20263","","Research","2026"
"0000172246","1.0","0000021536","REL","","0","0","0","0","0","","Zager, Sarah V.","{'fsnum': '34025', 'name': 'Zager, Sarah V.'}","0","24","","","","","Placeholder Course","","0","{'day': 'Tu', 'end': '11:00', 'location': 'TBA', 'start': '09:35'};{'day': 'Th', 'end': '10:50', 'location': 'TBA', 'start': '09:30'}","False","","B","3","O","20263","","Research","2026"
"0000171344","1.0","0000038475","REL","Students study how a particular religious tradition (or traditions) interacts with a specific topic. Topics vary, but possibilities include the environment, peace and violence, technology, or sexuality. The topic orients students to important questions about how the particular religious tradition understands and acts in the world, as well as debates about what counts as religion. May be repeated if the topic is different.","0","0","0","0","0","RFV","Sherman-Conroy, Kelly","{'fsnum': '36059', 'name': 'Sherman-Conroy, Kelly'}","100","24","6","6","6","6","Top: Sacred Storytelling","Full topic title: Sacred Storytelling: Indigenous Narratives and Theologies     ;This course has class-year limits.","110","{'day': 'Tu', 'end': '11:00', 'location': 'TBA', 'start': '09:35'};{'day': 'Th', 'end': '10:50', 'location': 'TBA', 'start': '09:30'}","False","False","A","3","O","20263","Topics in Religion","Topic","2026"
"0000171881","1.0","0000038475","REL","Students study how a particular religious tradition (or traditions) interacts with a specific topic. Topics vary, but possibilities include the environment, peace and violence, technology, or sexuality. The topic orients students to important questions about how the particular religious tradition understands and acts in the world, as well as debates about what counts as religion. May be repeated if the topic is different.","0","0","0","0","0","RFV","Sherman-Conroy, Kelly","{'fsnum': '36059', 'name': 'Sherman-Conroy, Kelly'}","100","24","6","6","6","6","Top: Sacred Storytelling","Full topic title: Sacred Storytelling: Indigenous Narratives and Theologies     ;This course has class-year limits.","110","{'day': 'Tu', 'end': '13:10', 'location': 'TBA', 'start': '23:45'};{'day': 'Th', 'end': '14:05', 'location': 'TBA', 'start': '12:45'}","False","False","B","3","O","20263","Topics in Religion","Topic","2026"
"0000171882","1.0","0000038475","REL","Students study how a particular religious tradition (or traditions) interacts with a specific topic. Topics vary, but possibilities include the environment, peace and violence, technology, or sexuality. The topic orients students to important questions about how the particular religious tradition understands and acts in the world, as well as debates about what counts as religion. May be repeated if the topic is different.","0","0","0","0","0","RFV","Scopatz, Dana K.","{'fsnum': '23843', 'name': 'Scopatz, Dana K.'}","100","24","6","6","6","6","Top: Topics in Religion","This course has class-year limits.","110","{'day': 'Tu', 'end': '11:00', 'location': 'TBA', 'start': '09:35'};{'day': 'Th', 'end': '10:50', 'location': 'TBA', 'start': '09:30'}","False","False","C","3","O","20263","Topics in Religion","Topic","2026"
"0000171883","1.0","0000038475","REL","Students study how a particular religious tradition (or traditions) interacts with a specific topic. Topics vary, but possibilities include the environment, peace and violence, technology, or sexuality. The topic orients students to important questions about how the particular religious tradition understands and acts in the world, as well as debates about what counts as religion. May be repeated if the topic is different.","0","0","0","0","0","RFV","Scopatz, Dana K.","{'fsnum': '23843', 'name': 'Scopatz, Dana K.'}","100","24","6","6","6","6","Top: Topics in Religion","This course has class-year limits.","110","{'day': 'Tu', 'end': '13:10', 'location': 'TBA', 'start': '23:45'};{'day': 'Th', 'end': '14:05', 'location': 'TBA', 'start': '12:45'}","False","False","D","3","O","20263","Topics in Religion","Topic","2026"
"0000171324","1.0","0000038475","REL","Students study how a particular religious tradition (or traditions) interacts with a specific topic. Topics vary, but possibilities include the environment, peace and violence, technology, or sexuality. The topic orients students to important questions about how the particular religious tradition understands and acts in the world, as well as debates about what counts as religion. May be repeated if the topic is different.","0","0","0","0","0","RFV","Zager, Sarah V.","{'fsnum': '34025', 'name': 'Zager, Sarah V.'}","100","20","6","0","6","0","Top: Jewish Women in Own Words","","110","{'day': 'Tu', 'end': '13:10', 'location': 'TBA', 'start': '23:45'};{'day': 'Th', 'end': '14:05', 'location': 'TBA', 'start': '12:45'}","False","False","E","3","O","20263","Topics in Religion","Topic","2026"
"0000171884","1.0","0000038475","REL","Students study how a particular religious tradition (or traditions) interacts with a specific topic. Topics vary, but possibilities include the environment, peace and violence, technology, or sexuality. The topic orients students to important questions about how the particular religious tradition understands and acts in the world, as well as debates about what counts as religion. May be repeated if the topic is different.","0","0","0","0","0","RFV","Zager, Sarah V.","{'fsnum': '34025', 'name': 'Zager, Sarah V.'}","100","24","6","0","6","0","Top: Jewish Women in Own Words","","110","{'day': 'Tu', 'end': '14:45', 'location': 'TBA', 'start': '13:20'};{'day': 'Th', 'end': '15:35', 'location': 'TBA', 'start': '14:15'}","False","False","F","3","O","20263","Topics in Religion","Topic","2026"
"0000171886","1.0","0000036252","REL","The Bible has been a catalyst for social transformation and a cudgel for repression, intersecting with racism, gender performance, sexuality, climate change, and religious violence. This course explores historical, literary, and ideological approaches to biblical interpretation, focused on how its messages and interpretations shape and are shaped by the worlds they inhabit. Sustained attention is given to readings of the Bible from historically marginalized communities (including Black, Latinx, Indigenous, Ecofeminist, Queer, and Jewish perspectives).","0","0","0","0","0","BTS-B;RFV","Ripley, Jason J.","{'fsnum': '17395', 'name': 'Ripley, Jason J.'}","100","24","6","0","6","0","Engaging the Bible Today","","125","{'day': 'Mo', 'end': '10:00', 'location': 'TBA', 'start': '09:05'};{'day': 'We', 'end': '10:00', 'location': 'TBA', 'start': '09:05'};{'day': 'Fr', 'end': '10:00', 'location': 'TBA', 'start': '09:05'}","False","False","","3","O","20263","Ancient Texts, Modern Challenges: Engaging the Bible Today","Research","2026"
"0000171887","1.0","0000036256","REL","We now seem to live in a world with and without religion. This dimension of the world can be called the secular as a form of life, secularization as a social reality, and secularism as a perspective informing human ethics, politics, and life. Students consider how religion and the secular relate, their joint genesis in modern and ancient religious histories, and evaluate various proposals for their contemporary life together.","0","0","0","0","0","RFV","Wilson, Charles","{'fsnum': '9090', 'name': 'Wilson, Charles'}","100","26","6","5","9","5","The Secular: Life without Religion?","","131","{'day': 'Mo', 'end': '11:40', 'location': 'TBA', 'start': '10:45'};{'day': 'We', 'end': '11:40', 'location': 'TBA', 'start': '10:45'};{'day': 'Fr', 'end': '11:40', 'location': 'TBA', 'start': '10:45'}","False","False","","3","O","20263","","Research","2026"
"0000171888","1.0","0000037270","REL","Meditative practice lies at the heart of the Buddhist tradition. Students explore the theories and practices of meditation in the Buddhist traditions historically developed and practiced in India, China, Korea, and Japan. Through this course, students develop an in-depth understanding of the Buddha's teachings in association with the principles behind those meditative practices, the modern adaptations of these practices, as well as the relationship with the Buddhist teachings on well-being and spiritual happiness. Offered annually in the spring semester.","0","0","0","0","0","RFV","Yun, Sungha","{'fsnum': '33051', 'name': 'Yun, Sungha'}","100","24","6","0","6","0","Buddhist Meditation Traditions","","133","{'day': 'Tu', 'end': '11:00', 'location': 'TBA', 'start': '09:35'};{'day': 'Th', 'end': '10:50', 'location': 'TBA', 'start': '09:30'}","False","False","","3","O","20263","","Research","2026"
"0000171111","1.0","0000037469","REL","Are religion and science in conflict? They have experienced significant tensions yet they owe much to each other. This course introduces students to science and religion in the modern era and how they map out distinct territories. Students examine the mutual influence of science and religion in forming conceptions about what nature, fact, and belief are, and how these notions have changed. Students investigate topics such as the denial of science, human origins, and emergence.","0","0","0","0","0","RFV","Walter, Gregory A.","{'fsnum': '16642', 'name': 'Walter, Gregory A.'}","100","24","12","0","12","0","Religion and Science","This course has class-year limits and is only open to first-year students and   ;sophomores.","165","{'day': 'Mo', 'end': '10:00', 'location': 'TBA', 'start': '09:05'};{'day': 'We', 'end': '10:00', 'location': 'TBA', 'start': '09:05'};{'day': 'Fr', 'end': '10:00', 'location': 'TBA', 'start': '09:05'}","False","False","","3","O","20263","","Research","2026"
"0000172474","1.0","0000001195","REL","Examining essential Christian beliefs with special attention to their implications for the moral life, students in this course analyze the meaning and truth of Christian symbols and claims about God, Christ, creation, fall, providence, redemption, etc., and explore their bearing upon ethical perspectives and principles, moral character and community and societal institutions and practices. Readings include classical and contemporary Christian theological sources. Offered periodically.","0","0","0","0","0","BTS-T;CTD","Scopatz, Dana K.","{'fsnum': '23843', 'name': 'Scopatz, Dana K.'}","200","24","6","6","6","6","Chr Theol/Moral Life","This course has class-year limits.","207","{'day': 'Tu', 'end': '14:45', 'location': 'TBA', 'start': '13:20'};{'day': 'Th', 'end': '15:35', 'location': 'TBA', 'start': '14:15'}","False","False","","3","O","20263","Christian Theology and the Moral Life","Research","2026"
"0000171889","1.0","0000001196","REL","This course traces the significance of essential Christian theological doctrines (e.g., God, Christ, sin, salvation) for contemporary understandings of human beings and human behavior. Selected comparisons with alternative and/or complementary views of human nature (for example, philosophical, psychological, sociological, literary) are also included. Offered periodically.","0","0","0","0","0","BTS-T;CTD","Staff","{'fsnum': '', 'name': 'Staff'}","200","24","6","0","6","0","Chr Theol/Human Exist","","208","{'day': 'Mo', 'end': '12:45', 'location': 'TBA', 'start': '23:50'};{'day': 'We', 'end': '12:45', 'location': 'TBA', 'start': '23:50'};{'day': 'Fr', 'end': '12:45', 'location': 'TBA', 'start': '23:50'}","False","False","A","3","O","20263","Christian Theology and Human Existence","Research","2026"
"0000171890","1.0","0000001196","REL","This course traces the significance of essential Christian theological doctrines (e.g., God, Christ, sin, salvation) for contemporary understandings of human beings and human behavior. Selected comparisons with alternative and/or complementary views of human nature (for example, philosophical, psychological, sociological, literary) are also included. Offered periodically.","0","0","0","0","0","BTS-T;CTD","Staff","{'fsnum': '', 'name': 'Staff'}","200","24","6","0","6","0","Chr Theol/Human Exist","","208","{'day': 'Mo', 'end': '13:50', 'location': 'TBA', 'start': '12:55'};{'day': 'We', 'end': '13:50', 'location': 'TBA', 'start': '12:55'};{'day': 'Fr', 'end': '13:50', 'location': 'TBA', 'start': '12:55'}","False","False","B","3","O","20263","Christian Theology and Human Existence","Research","2026"
"0000171892","1.0","0000038386","REL","Ecospirituality asks how attention to distinct bioregions leads to a flourishing life. Amidst climate catastrophe, encountering wisdom across spiritual traditions helps students learn from place. This course focuses on Indigenous, Christian, Jewish, Buddhist, and Spiritual-but-Not-Religious practices in rural and urban environments; amidst plains, forests, prairies; submerged in streams, bogs, and big water. While marrying region to practice, students use data collection, storytelling, ritual, hand arts, food, and music to reflect upon their own ecospirituality.","0","0","0","0","0","RFV;WAC;WRI","Zimmerman, Trish","{'fsnum': '10370', 'name': 'Zimmerman, Trish'}","200","19","5","0","5","0","Ecospirituality Learning from Place","","234","{'day': 'Mo', 'end': '12:45', 'location': 'TBA', 'start': '23:50'};{'day': 'We', 'end': '12:45', 'location': 'TBA', 'start': '23:50'};{'day': 'Fr', 'end': '12:45', 'location': 'TBA', 'start': '23:50'}","False","False","A","3","O","20263","","Research","2026"
"0000172247","1.0","0000038386","REL","Ecospirituality asks how attention to distinct bioregions leads to a flourishing life. Amidst climate catastrophe, encountering wisdom across spiritual traditions helps students learn from place. This course focuses on Indigenous, Christian, Jewish, Buddhist, and Spiritual-but-Not-Religious practices in rural and urban environments; amidst plains, forests, prairies; submerged in streams, bogs, and big water. While marrying region to practice, students use data collection, storytelling, ritual, hand arts, food, and music to reflect upon their own ecospirituality.","0","0","0","0","0","RFV;WAC;WRI","Zimmerman, Trish","{'fsnum': '10370', 'name': 'Zimmerman, Trish'}","200","19","6","0","6","0","Ecospirituality Learning from Place","","234","{'day': 'Mo', 'end': '13:50', 'location': 'TBA', 'start': '12:55'};{'day': 'We', 'end': '13:50', 'location': 'TBA', 'start': '12:55'};{'day': 'Fr', 'end': '13:50', 'location': 'TBA', 'start': '12:55'}","False","False","B","3","O","20263","","Research","2026"
"0000173771","1.0","0000029270","REL","Comparative theology is the study and interpretation of one religion in conversation with the texts, symbols, and practices of other religious traditions. It aims to discover new theological insights from another or from one's own tradition. The readings for this course explore the nature of comparative theology as a method of doing theology, drawing upon both theoretical paradigms in the field and religious texts contributing to Christianity's dialogue with other movements and traditions such as Hinduism, Buddhism, Jainism, Sikhism, Judaism, Islam, Shinto, Confucianism, Taoism, Chinese Traditional Religion, African Diasporic Traditions, Wicca/Neo-Paganism, Indigenous religions and spiritualities, and New Religious Movements. Offered annually.","0","0","0","0","0","BTS-T;CTD","Chamseddine, Ali","{'fsnum': '32163', 'name': 'Chamseddine, Ali'}","200","24","","","","","Theology in Comp Perspective","","254","{'day': 'Mo', 'end': '08:55', 'location': 'TBA', 'start': '08:00'};{'day': 'We', 'end': '08:55', 'location': 'TBA', 'start': '08:00'};{'day': 'Fr', 'end': '08:55', 'location': 'TBA', 'start': '08:00'}","False","False","A","3","O","20263","Theology in Comparative Perspective","Research","2026"
"0000173772","1.0","0000029270","REL","Comparative theology is the study and interpretation of one religion in conversation with the texts, symbols, and practices of other religious traditions. It aims to discover new theological insights from another or from one's own tradition. The readings for this course explore the nature of comparative theology as a method of doing theology, drawing upon both theoretical paradigms in the field and religious texts contributing to Christianity's dialogue with other movements and traditions such as Hinduism, Buddhism, Jainism, Sikhism, Judaism, Islam, Shinto, Confucianism, Taoism, Chinese Traditional Religion, African Diasporic Traditions, Wicca/Neo-Paganism, Indigenous religions and spiritualities, and New Religious Movements. Offered annually.","0","0","0","0","0","BTS-T;CTD","Chamseddine, Ali","{'fsnum': '32163', 'name': 'Chamseddine, Ali'}","200","24","","","","","Theology in Comp Perspective","","254","{'day': 'Mo', 'end': '10:00', 'location': 'TBA', 'start': '09:05'};{'day': 'We', 'end': '10:00', 'location': 'TBA', 'start': '09:05'};{'day': 'Fr', 'end': '10:00', 'location': 'TBA', 'start': '09:05'}","False","False","B","3","O","20263","Theology in Comparative Perspective","Research","2026"
"0000171895","1.0","0000032294","REL","Are the arts a distraction from or essential to being religious? This course examines how theologians, philosophers, and artists articulate a diversity of answers to this question. Doing so, the class examines ways to interpret the religious meaning and purpose of art. Students encounter different ideas about the value of beauty, the importance of creativity, the moral and cultural relevance of art, and whether art offers a revelation beyond the material world. Offered periodically.","0","0","0","0","0","BTS-T;CTD","Jothen, Peder J.","{'fsnum': '17549', 'name': 'Jothen, Peder J.'}","200","24","6","0","6","0","Beauty, Arts, and Religion","","255","{'day': 'Mo', 'end': '12:45', 'location': 'TBA', 'start': '23:50'};{'day': 'We', 'end': '12:45', 'location': 'TBA', 'start': '23:50'};{'day': 'Fr', 'end': '12:45', 'location': 'TBA', 'start': '23:50'}","False","False","A","3","O","20263","","Research","2026"
"0000172248","1.0","0000032294","REL","Are the arts a distraction from or essential to being religious? This course examines how theologians, philosophers, and artists articulate a diversity of answers to this question. Doing so, the class examines ways to interpret the religious meaning and purpose of art. Students encounter different ideas about the value of beauty, the importance of creativity, the moral and cultural relevance of art, and whether art offers a revelation beyond the material world. Offered periodically.","0","0","0","0","0","BTS-T;CTD","Jothen, Peder J.","{'fsnum': '17549', 'name': 'Jothen, Peder J.'}","200","24","6","0","6","0","Beauty, Arts, and Religion","","255","{'day': 'Mo', 'end': '14:55', 'location': 'TBA', 'start': '14:00'};{'day': 'We', 'end': '14:55', 'location': 'TBA', 'start': '14:00'};{'day': 'Fr', 'end': '14:55', 'location': 'TBA', 'start': '14:00'}","False","False","B","3","O","20263","","Research","2026"
"0000172904","1.0","0000001240","REL","Students consider the present situation and future prospects of Roman Catholic theology through an engagement with the figures and events that have most deeply shaped Catholic theology in the 20th and 21st centuries. The course also examines recent Catholic views on the central topics of Christian theology, God, Christ, salvation and the Church, and the relationship of these views to Protestant ideas about the same issues. Offered periodically.","0","0","0","0","0","BTS-T;CTD","Santurri, Edmund","{'fsnum': '7020', 'name': 'Santurri, Edmund'}","200","24","","","","","Roman Catholic Theology","","263","{'day': 'Mo', 'end': '10:00', 'location': 'OM 240', 'start': '09:05'};{'day': 'We', 'end': '10:00', 'location': 'OM 240', 'start': '09:05'};{'day': 'Fr', 'end': '10:00', 'location': 'OM 240', 'start': '09:05'}","False","False","A","3","O","20263","","Research","2026"
"0000172905","1.0","0000001240","REL","Students consider the present situation and future prospects of Roman Catholic theology through an engagement with the figures and events that have most deeply shaped Catholic theology in the 20th and 21st centuries. The course also examines recent Catholic views on the central topics of Christian theology, God, Christ, salvation and the Church, and the relationship of these views to Protestant ideas about the same issues. Offered periodically.","0","0","0","0","0","BTS-T;CTD","Santurri, Edmund","{'fsnum': '7020', 'name': 'Santurri, Edmund'}","200","24","","","","","Roman Catholic Theology","","263","{'day': 'Mo', 'end': '11:40', 'location': 'OM 240', 'start': '10:45'};{'day': 'We', 'end': '11:40', 'location': 'OM 240', 'start': '10:45'};{'day': 'Fr', 'end': '11:40', 'location': 'OM 240', 'start': '10:45'}","False","False","B","3","O","20263","","Research","2026"
"0000171428","1.0","0000017626","REL","A study of competing and complementary approaches to the study of religion prevalent in the contemporary academy, this course prepares sophomore and junior religion majors for more advanced research seminars. Paying attention to the emphases and presuppositions of each approach, students develop an improved ability to understand the way that these different approaches affect scholarship and contribute to agreements and disagreements about what religion is and should be. Offered annually.","0","0","0","0","0","WAC","Zimmerman, Trish","{'fsnum': '10370', 'name': 'Zimmerman, Trish'}","200","19","6","0","6","0","What is Religion?","","285","{'day': 'Mo', 'end': '10:00', 'location': 'TBA', 'start': '09:05'};{'day': 'We', 'end': '10:00', 'location': 'TBA', 'start': '09:05'};{'day': 'Fr', 'end': '10:00', 'location': 'TBA', 'start': '09:05'}","False","False","","3","O","20263","What is Religion? Approaches and Methods","Research","2026"
"0000171896","1.0","0000001237","REL","Communities experience rich and complex kinds of religious diversity and pluralism. Students examine instances of ways for communities to live together successfully such as the practices of religious tolerance, dialogue, separating politics from religion, among other approaches. Students consider the effect of religious plurality on religious and non-religious communities. Offered periodically.","0","0","0","0","0","EIN;ERC","Sherman-Conroy, Kelly","{'fsnum': '36059', 'name': 'Sherman-Conroy, Kelly'}","200","24","6","6","6","6","Rel Pluralsm/Communit","This course has class-year limits.","293","{'day': 'Tu', 'end': '14:45', 'location': 'TBA', 'start': '13:20'};{'day': 'Th', 'end': '15:35', 'location': 'TBA', 'start': '14:15'}","False","False","","3","O","20263","Religious Pluralism and the Nature of Community","Research","2026"
"0000172249","1.0","0000001242","REL","This course provides a critical analysis of the development of Christian thought in the Middle Ages and Reformation, 11th through 16th centuries. Particular attention is paid to the great theological systems of the Middle Ages and to the theological aims of the 16th-century reforming movements, drawing upon readings from Anselm, Aquinas, Bonaventure, Luther, Calvin, and others. Offered periodically.","0","0","0","0","0","BTS-T;CTD","Walter, Gregory A.","{'fsnum': '16642', 'name': 'Walter, Gregory A.'}","300","24","0","12","0","12","History of Christian Thought II","Open only to juniors and seniors.  Sophomores by permission of instructor only.","303","{'day': 'Mo', 'end': '11:40', 'location': 'TBA', 'start': '10:45'};{'day': 'We', 'end': '11:40', 'location': 'TBA', 'start': '10:45'};{'day': 'Fr', 'end': '11:40', 'location': 'TBA', 'start': '10:45'}","False","False","","3","O","20263","","Research","2026"
"0000172250","1.0","0000031617","RUSSN","","0","0","0","0","0","","Dossi, Giulia","{'fsnum': '9002450', 'name': 'Dossi, Giulia'}","0","22","","","","","Placeholder Course","","0","{'day': 'Tu', 'end': '14:45', 'location': 'TBA', 'start': '13:20'};{'day': 'Th', 'end': '15:35', 'location': 'TBA', 'start': '14:15'}","False","","","3","O","20263","","Research","2026"
"0000170467","1.0","0000001261","RUSSN","This course offers an introduction to grammar and reading through oral and written work. Offered annually in the spring semester. Prerequisite: RUSSN 111 or equivalent.","0","0","0","0","0","","Dossi, Giulia","{'fsnum': '9002450', 'name': 'Dossi, Giulia'}","100","22","","","","","Beginning Russian II","","112","{'day': 'Mo', 'end': '14:55', 'location': 'TBA', 'start': '14:00'};{'day': 'We', 'end': '14:55', 'location': 'TBA', 'start': '14:00'};{'day': 'Fr', 'end': '14:55', 'location': 'TBA', 'start': '14:00'}","False","RUSSN 111 or equivalent.","","3","O","20263","","Research","2026"
"0000170832","1.0","0000001266","RUSSN","Students continue their grammar, oral, and written work with an emphasis on conversation and reading selections from classical and contemporary Russian authors. Class meets four times weekly. Offered annually in the spring semester. Prerequisite: RUSSN 231 or equivalent.","0","0","0","0","0","FOL-R;WLC","Morse, Ashley","{'fsnum': '9002449', 'name': 'Morse, Ashley'}","200","18","","","","","Intermed Russian II","","232","{'day': 'Mo', 'end': '10:00', 'location': 'TOH 186', 'start': '09:05'};{'day': 'We', 'end': '10:00', 'location': 'TOH 186', 'start': '09:05'};{'day': 'Fr', 'end': '10:00', 'location': 'TOH 186', 'start': '09:05'}","False","RUSSN 231 or equivalent.","","3","O","20263","Intermediate Russian II","Research","2026"
"0000172251","1.0","0000001270","RUSSN","This survey of Russian culture and civilization uses original Russian texts on history, the arts, religion, and education, as well as documentary films and selections from literature. The course fosters the acquisition of the language of Russian cultural and intellectual discourse at the third level. Offered annually in spring semester. Prerequisite: RUSSN 301 or permission of the instructor.","0","0","0","0","0","FOL-R;WLC","Dossi, Giulia","{'fsnum': '9002450', 'name': 'Dossi, Giulia'}","300","18","","","","","Russian Culture & Civilization","","302","{'day': 'Mo', 'end': '13:50', 'location': 'TBA', 'start': '12:55'};{'day': 'We', 'end': '13:50', 'location': 'TBA', 'start': '12:55'};{'day': 'Fr', 'end': '13:50', 'location': 'TBA', 'start': '12:55'}","False","RUSSN 301 or permission of the instructor.","","3","O","20263","Russian Culture and Civilization","Research","2026"
"0000170600","1.0","0000038706","SDS","Data is the currency of the modern world. At the intersection between statistics and computer science, data science is about gleaning information and making decisions from data. Using data from a variety of contexts and disciplines, students learn to summarize and extract insight from data, create compelling data visualizations, wrangle data, practice literate programming, and explore ethical issues in data science. Offered annually during fall and spring semesters. No prior experience with programming is expected. This course cannot be taken after SDS 264.","0","0","0","0","0","AQR;QCR","Zillig, Martha W.","{'fsnum': '35090', 'name': 'Zillig, Martha W.'}","100","32","","","","5","Data Science 1","Beginning Fall 2023, students looking for a first course in data science should ;register for SDS 164 rather than SDS 264 as in previous semesters.","164","{'day': 'Mo', 'end': '11:40', 'location': 'TBA', 'start': '10:45'};{'day': 'We', 'end': '11:40', 'location': 'TBA', 'start': '10:45'};{'day': 'Fr', 'end': '11:40', 'location': 'TBA', 'start': '10:45'}","False","False","A","3","O","20263","","Research","2026"
"0000170601","1.0","0000038706","SDS","Data is the currency of the modern world. At the intersection between statistics and computer science, data science is about gleaning information and making decisions from data. Using data from a variety of contexts and disciplines, students learn to summarize and extract insight from data, create compelling data visualizations, wrangle data, practice literate programming, and explore ethical issues in data science. Offered annually during fall and spring semesters. No prior experience with programming is expected. This course cannot be taken after SDS 264.","0","0","0","0","0","AQR;QCR","Zillig, Martha W.","{'fsnum': '35090', 'name': 'Zillig, Martha W.'}","100","32","","","","5","Data Science 1","Beginning Fall 2023, students looking for a first course in data science should ;register for SDS 164 rather than SDS 264 as in previous semesters.","164","{'day': 'Mo', 'end': '12:45', 'location': 'RNS 160R', 'start': '23:50'};{'day': 'We', 'end': '12:45', 'location': 'RNS 160R', 'start': '23:50'};{'day': 'Fr', 'end': '12:45', 'location': 'RNS 160R', 'start': '23:50'}","False","False","B","3","O","20263","","Research","2026"
"0000171237","1.0","0000001403","SDS","A first course in statistical methods, this course addresses study design and its implications as well as exploratory and inferential techniques for analyzing and modeling data. Topics include exploratory graphics, descriptive techniques, randomization tests, statistical designs, hypothesis testing, confidence intervals, and simple/multiple regression. Offered each semester. Enrollment limited for seniors. STAT 110, SDS 172, and ECON 260 all provide an introduction to statistics and students should not take more than one; they all can serve as a prerequisite for further courses.","0","0","0","0","0","AQR;MAR;QCR","Ziegler-Graham, Kathryn","{'fsnum': '16719', 'name': 'Ziegler-Graham, Kathryn'}","100","30","","","","5","Statistics 1","Note: SDS 172 was formerly STAT 212","172","{'day': 'Mo', 'end': '08:55', 'location': 'TOH 182', 'start': '08:00'};{'day': 'We', 'end': '08:55', 'location': 'TOH 182', 'start': '08:00'};{'day': 'Fr', 'end': '08:55', 'location': 'TOH 182', 'start': '08:00'}","False","False","A","3","O","20263","","Research","2026"
"0000171241","1.0","0000001403","SDS","A first course in statistical methods, this course addresses study design and its implications as well as exploratory and inferential techniques for analyzing and modeling data. Topics include exploratory graphics, descriptive techniques, randomization tests, statistical designs, hypothesis testing, confidence intervals, and simple/multiple regression. Offered each semester. Enrollment limited for seniors. STAT 110, SDS 172, and ECON 260 all provide an introduction to statistics and students should not take more than one; they all can serve as a prerequisite for further courses.","0","0","0","0","0","AQR;MAR;QCR","Ziegler-Graham, Kathryn","{'fsnum': '16719', 'name': 'Ziegler-Graham, Kathryn'}","100","30","","","","5","Statistics 1","Note: SDS 172 was formerly STAT 212","172","{'day': 'Mo', 'end': '10:00', 'location': 'TOH 182', 'start': '09:05'};{'day': 'We', 'end': '10:00', 'location': 'TOH 182', 'start': '09:05'};{'day': 'Fr', 'end': '10:00', 'location': 'TOH 182', 'start': '09:05'}","False","False","B","3","O","20263","","Research","2026"
"0000171238","1.0","0000001403","SDS","A first course in statistical methods, this course addresses study design and its implications as well as exploratory and inferential techniques for analyzing and modeling data. Topics include exploratory graphics, descriptive techniques, randomization tests, statistical designs, hypothesis testing, confidence intervals, and simple/multiple regression. Offered each semester. Enrollment limited for seniors. STAT 110, SDS 172, and ECON 260 all provide an introduction to statistics and students should not take more than one; they all can serve as a prerequisite for further courses.","0","0","0","0","0","AQR;MAR;QCR","Roith, Joe","{'fsnum': '31140', 'name': 'Roith, Joe'}","100","30","","","","5","Statistics 1","Note: SDS 172 was formerly STAT 212","172","{'day': 'Mo', 'end': '11:40', 'location': 'RNS 160R', 'start': '10:45'};{'day': 'We', 'end': '11:40', 'location': 'RNS 160R', 'start': '10:45'};{'day': 'Fr', 'end': '11:40', 'location': 'RNS 160R', 'start': '10:45'}","False","False","C","3","O","20263","","Research","2026"
"0000171239","1.0","0000001403","SDS","A first course in statistical methods, this course addresses study design and its implications as well as exploratory and inferential techniques for analyzing and modeling data. Topics include exploratory graphics, descriptive techniques, randomization tests, statistical designs, hypothesis testing, confidence intervals, and simple/multiple regression. Offered each semester. Enrollment limited for seniors. STAT 110, SDS 172, and ECON 260 all provide an introduction to statistics and students should not take more than one; they all can serve as a prerequisite for further courses.","0","0","0","0","0","AQR;MAR;QCR","Roback, Paul J.","{'fsnum': '15751', 'name': 'Roback, Paul J.'}","100","30","","","","5","Statistics 1","Note: SDS 172 was formerly STAT 212","172","{'day': 'Mo', 'end': '12:45', 'location': 'TOH 182', 'start': '23:50'};{'day': 'We', 'end': '12:45', 'location': 'TOH 182', 'start': '23:50'};{'day': 'Fr', 'end': '12:45', 'location': 'TOH 182', 'start': '23:50'}","False","False","D","3","O","20263","","Research","2026"
"0000171240","1.0","0000001403","SDS","A first course in statistical methods, this course addresses study design and its implications as well as exploratory and inferential techniques for analyzing and modeling data. Topics include exploratory graphics, descriptive techniques, randomization tests, statistical designs, hypothesis testing, confidence intervals, and simple/multiple regression. Offered each semester. Enrollment limited for seniors. STAT 110, SDS 172, and ECON 260 all provide an introduction to statistics and students should not take more than one; they all can serve as a prerequisite for further courses.","0","0","0","0","0","AQR;MAR;QCR","Chávez, Carlos","{'fsnum': '9003390', 'name': 'Chávez, Carlos'}","100","30","","","","5","Statistics 1","Note: SDS 172 was formerly STAT 212","172","{'day': 'Mo', 'end': '13:50', 'location': 'TOH 182', 'start': '12:55'};{'day': 'We', 'end': '13:50', 'location': 'TOH 182', 'start': '12:55'};{'day': 'Fr', 'end': '13:50', 'location': 'TOH 182', 'start': '12:55'}","False","False","E","3","O","20263","","Research","2026"
"0000171242","1.0","0000001403","SDS","A first course in statistical methods, this course addresses study design and its implications as well as exploratory and inferential techniques for analyzing and modeling data. Topics include exploratory graphics, descriptive techniques, randomization tests, statistical designs, hypothesis testing, confidence intervals, and simple/multiple regression. Offered each semester. Enrollment limited for seniors. STAT 110, SDS 172, and ECON 260 all provide an introduction to statistics and students should not take more than one; they all can serve as a prerequisite for further courses.","0","0","0","0","0","AQR;MAR;QCR","Chávez, Carlos","{'fsnum': '9003390', 'name': 'Chávez, Carlos'}","100","30","","","","5","Statistics 1","Note: SDS 172 was formerly STAT 212","172","{'day': 'Mo', 'end': '14:55', 'location': 'TOH 182', 'start': '14:00'};{'day': 'We', 'end': '14:55', 'location': 'TOH 182', 'start': '14:00'};{'day': 'Fr', 'end': '14:55', 'location': 'TOH 182', 'start': '14:00'}","False","False","F","3","O","20263","","Research","2026"
"0000171087","1.0","0000041328","SDS","This course explores the history, foundational principles, and theory of data visualization. By designing and creating visualizations with a focus on the iterative process, students learn how to clearly and effectively communicate a story with data. The course utilizes multiple forms of visualization, from sketches to static plots to interactive web -based dashboards using professional visualization software. Offered alternate years during spring semester. Prerequisites: SDS 164, SDS 172, AP Statistics, or permission of instructor.","0","0","0","0","0","CRE","Roith, Joe","{'fsnum': '31140', 'name': 'Roith, Joe'}","200","27","0","","","","Principles of Data Visualization","","250","{'day': 'Mo', 'end': '13:50', 'location': 'TBA', 'start': '12:55'};{'day': 'We', 'end': '13:50', 'location': 'TBA', 'start': '12:55'};{'day': 'Fr', 'end': '13:50', 'location': 'TBA', 'start': '12:55'}","False","Prerequisites: SDS 164, SDS 172, AP Statistics, or permission of instructor.","","3","O","20263","","Research","2026"
"0000170602","1.0","0000032292","SDS","After mastering the foundations of data science - especially data wrangling and visualization - in SDS 164, data science students are ready to explore impactful applications and deeper fundamentals. Programming fundamentals may include iteration, functions, conditions, data types, SQL, regular expressions, version control, and simulation - all in the context of real data. New applications may include text as data, geospatial mapping, networks, and web scraping to produce dynamic graphics - presented with attention to data ethics and reproducible research. Offered annually. Prerequisite: SDS 164: Data Science 1.","0","0","0","0","0","","Roback, Paul J.","{'fsnum': '15751', 'name': 'Roback, Paul J.'}","200","27","0","","","","Data Science 2","Beginning Fall 2023, students looking for a first course in data science should ;register for SDS 164 rather than SDS 264 as in previous semesters.","264","{'day': 'Tu', 'end': '11:00', 'location': 'RNS 160R', 'start': '09:35'};{'day': 'Th', 'end': '10:50', 'location': 'RNS 160R', 'start': '09:30'}","False","SDS 164: Data Science 1.","","3","O","20263","","Research","2026"
"0000171243","1.0","0000001405","SDS","This course takes a case-study approach to the fitting and assessment of statistical models with application to real data. Specific topics include multiple regression, model diagnostics, logistic regression, experimental design and ANOVA. The approach focuses on problem-solving tools, interpretation, model assumptions underlying analysis methods, and written statistical reports. Offered each semester. Prerequisite: SDS 172, ECON 260 or equivalent preparation (STAT 110 and SDS 164) or (AP Stat and SDS 164), or permission of instructor.","0","0","0","0","0","","Boehm, Laura F.","{'fsnum': '16855', 'name': 'Boehm, Laura F.'}","200","27","","","","5","Statistics 2","This course is open to a limited number of seniors (class of 2026).","272","{'day': 'Tu', 'end': '11:00', 'location': 'TBA', 'start': '09:35'};{'day': 'Th', 'end': '10:50', 'location': 'TBA', 'start': '09:30'}","False","SDS 172, ECON 260 or equivalent preparation (STAT 110 and SDS 164) or (AP Stat and SDS 164), or permission of instructor.","A","3","O","20263","","Research","2026"
"0000171244","1.0","0000001405","SDS","This course takes a case-study approach to the fitting and assessment of statistical models with application to real data. Specific topics include multiple regression, model diagnostics, logistic regression, experimental design and ANOVA. The approach focuses on problem-solving tools, interpretation, model assumptions underlying analysis methods, and written statistical reports. Offered each semester. Prerequisite: SDS 172, ECON 260 or equivalent preparation (STAT 110 and SDS 164) or (AP Stat and SDS 164), or permission of instructor.","0","0","0","0","0","","Boehm, Laura F.","{'fsnum': '16855', 'name': 'Boehm, Laura F.'}","200","27","","","","5","Statistics 2","This course is open to a limited number of seniors (class of 2026).","272","{'day': 'Tu', 'end': '13:10', 'location': 'TBA', 'start': '23:45'};{'day': 'Th', 'end': '14:05', 'location': 'TBA', 'start': '12:45'}","False","SDS 172, ECON 260 or equivalent preparation (STAT 110 and SDS 164) or (AP Stat and SDS 164), or permission of instructor.","B","3","O","20263","","Research","2026"
"0000172252","1.0","0000001407","SDS","Surveys are perhaps the most ubiquitous tool that organizations, institutions, and companies can use to gather information about a population of interest. The purpose of this course is to provide a foundation and introduction to survey design and analytic skills needed to analyze the data collected from the survey. Along with relevant statistical concepts including variable types, distributions, and sampling methods this course will explore the process of designing surveys establishing the purpose of a survey, understanding the process of item writing, minimizing measurement error, piloting items and surveys and how to report and disseminate our findings to support the survey purpose. Prerequisite: SDS 272 and SDS 164 or permission of instructor.","0","0","0","0","0","","Chávez, Carlos","{'fsnum': '9003390', 'name': 'Chávez, Carlos'}","200","24","0","","","","Top: Survey Design and Analysis","Prerequisite: SDS 272 and SDS 164 or permission of instructor.","282","{'day': 'Mo', 'end': '10:00', 'location': 'TBA', 'start': '09:05'};{'day': 'We', 'end': '10:00', 'location': 'TBA', 'start': '09:05'};{'day': 'Fr', 'end': '10:00', 'location': 'TBA', 'start': '09:05'}","False","SDS 272 and SDS 164 or permission of instructor.","","3","O","20263","Topics in Statistics","Topic","2026"
"0000170399","1.0","0000031455","SDS","This course introduces students to the subject of machine learning. The primary focus is the development and application of powerful machine learning algorithms applied to complex, real-world data. Topics covered include linear regression, nearest neighbor models, k-means clustering, shrinkage methods, decision trees and forests, boosting, bagging, support vector machines, and hierarchical clustering. Applications are taken from a wide variety of disciplines, including biology, economics, public policy, public health, and sports. Offered annually during fall and spring semester. Prerequisite: SDS 164 or SDS 264 or permission of the instructor.","0","0","0","0","0","","Mandery, Kim","{'fsnum': '34040', 'name': 'Mandery, Kim'}","300","24","0","","0","","Algorithms for Decision Making","You may not register concurrently for both SDS 341 and SDS 333.                 ;Not open to first-year or sophomore students.","341","{'day': 'Tu', 'end': '13:10', 'location': 'RNS 160R', 'start': '23:45'};{'day': 'Th', 'end': '14:05', 'location': 'RNS 160R', 'start': '12:45'}","False","SDS 164 or SDS 264 or permission of the instructor.","","3","O","20263","","Research","2026"
"0000171143","0.5","0000016970","SDS","Students focus on writing scientific papers, preparing scientific posters, and giving presentations in the context of a specific, year-long, interdisciplinary research project. In addition, this weekly seminar series builds collaborative research skills such as working in teams, performing reviews of math, statistics, and computer science literature, consulting effectively, and communicating proficiently. Exposure to post-graduate opportunities in statistics and data science disciplines is also provided. Open to students accepted into the Center for Interdisciplinary Research and by permission of the instructor only. This course does not count toward the SDS Major or SDS Concentration.","0","0","0","0","0","OEP;ORC","Roback, Paul J.","{'fsnum': '15751', 'name': 'Roback, Paul J.'}","300","15","","","","","SDS Research Methods","Enrollment by application and permission of instructor only","389","{'day': 'Mo', 'end': '14:55', 'location': 'RNS 207', 'start': '14:00'};{'day': 'We', 'end': '14:55', 'location': 'RNS 207', 'start': '14:00'};{'day': 'Fr', 'end': '14:55', 'location': 'RNS 207', 'start': '14:00'}","False","False","","3","O","20263","Statistics and Data Science Research Methods","Research","2026"
"0000170861","1.0","0000001289","SOAN","This course helps students explore the connections between society and their own lives. Students answer challenging questions such as ""Do we have a 'human nature'?,"" ""Why does social inequality exist?,"" ""What is race?,"" and ""How do societies change?"" In answering these questions students learn to develop a sociological imagination. In doing so they review the various research methods and theories that form the sociological tradition. This course is open to first-year students or students in certain accredited programs. Open to all students when taught during the summer. Offered each semester.","0","0","0","0","0","HBS;MCD;MCS-D;PAR;SCS","Aguilar-Champeau, Matthew","{'fsnum': '9006636', 'name': 'Aguilar-Champeau, Matthew'}","100","25","","0","0","0","Intro to Sociology","Open to first-year students only.","121","{'day': 'Tu', 'end': '09:25', 'location': 'TBA', 'start': '08:00'};{'day': 'Th', 'end': '09:20', 'location': 'TBA', 'start': '08:00'}","False","False","A","3","O","20263","Introduction to Sociology","Research","2026"
"0000172172","1.0","0000001289","SOAN","This course helps students explore the connections between society and their own lives. Students answer challenging questions such as ""Do we have a 'human nature'?,"" ""Why does social inequality exist?,"" ""What is race?,"" and ""How do societies change?"" In answering these questions students learn to develop a sociological imagination. In doing so they review the various research methods and theories that form the sociological tradition. This course is open to first-year students or students in certain accredited programs. Open to all students when taught during the summer. Offered each semester.","0","0","0","0","0","HBS;MCD;MCS-D;PAR;SCS","Aguilar-Champeau, Matthew","{'fsnum': '9006636', 'name': 'Aguilar-Champeau, Matthew'}","100","25","","0","0","0","Intro to Sociology","Open to first year students only","121","{'day': 'Tu', 'end': '09:25', 'location': 'TBA', 'start': '08:00'};{'day': 'Th', 'end': '09:20', 'location': 'TBA', 'start': '08:00'}","False","False","B","3","O","20263","Introduction to Sociology","Research","2026"
"0000170862","1.0","0000001289","SOAN","This course helps students explore the connections between society and their own lives. Students answer challenging questions such as ""Do we have a 'human nature'?,"" ""Why does social inequality exist?,"" ""What is race?,"" and ""How do societies change?"" In answering these questions students learn to develop a sociological imagination. In doing so they review the various research methods and theories that form the sociological tradition. This course is open to first-year students or students in certain accredited programs. Open to all students when taught during the summer. Offered each semester.","0","0","0","0","0","HBS;MCD;MCS-D;PAR;SCS","Alenuma, Sidonia","{'fsnum': '33074', 'name': 'Alenuma, Sidonia'}","100","25","","0","0","0","Intro to Sociology","Open to first-year students only.                                               ;This course includes an academic civic engagement (ACE) component.","121","{'day': 'Mo', 'end': '13:50', 'location': 'TBA', 'start': '12:55'};{'day': 'We', 'end': '13:50', 'location': 'TBA', 'start': '12:55'};{'day': 'Fr', 'end': '13:50', 'location': 'TBA', 'start': '12:55'}","False","False","C","3","O","20263","Introduction to Sociology","Research","2026"
"0000170863","1.0","0000001289","SOAN","This course helps students explore the connections between society and their own lives. Students answer challenging questions such as ""Do we have a 'human nature'?,"" ""Why does social inequality exist?,"" ""What is race?,"" and ""How do societies change?"" In answering these questions students learn to develop a sociological imagination. In doing so they review the various research methods and theories that form the sociological tradition. This course is open to first-year students or students in certain accredited programs. Open to all students when taught during the summer. Offered each semester.","0","0","0","0","0","HBS;MCD;MCS-D;PAR;SCS","Alenuma, Sidonia","{'fsnum': '33074', 'name': 'Alenuma, Sidonia'}","100","25","","0","0","0","Intro to Sociology","Open to first-year students only.                                               ;This course includes an academic civic engagement (ACE) component.","121","{'day': 'Mo', 'end': '14:55', 'location': 'TBA', 'start': '14:00'};{'day': 'We', 'end': '14:55', 'location': 'TBA', 'start': '14:00'};{'day': 'Fr', 'end': '14:55', 'location': 'TBA', 'start': '14:00'}","False","False","D","3","O","20263","Introduction to Sociology","Research","2026"
"0000172173","1.0","0000001294","SOAN","How do anthropologists study other cultures? Peoples around the world create different realities through the ways they conceptualize experience (cultures) and how they organize themselves to do what they need to do (societies). Anthropologists describe and compare cultures and societies, focusing on different aspects such as family and kinship, inequality and power, religion and values, economy and technology, cultural and social change. This course is open to first-year students or students in certain accredited programs. Offered each semester.","0","0","0","0","0","HBS;MCG;MCS-G;SCS","Staff","{'fsnum': '', 'name': 'Staff'}","100","25","","0","0","0","Intro to Cultural Anthropology","Open to first year students only","128","{'day': 'Mo', 'end': '12:45', 'location': 'TBA', 'start': '23:50'};{'day': 'We', 'end': '12:45', 'location': 'TBA', 'start': '23:50'};{'day': 'Fr', 'end': '12:45', 'location': 'TBA', 'start': '23:50'}","False","False","A","3","O","20263","Introduction to Cultural Anthropology","Research","2026"
"0000170856","1.0","0000001294","SOAN","How do anthropologists study other cultures? Peoples around the world create different realities through the ways they conceptualize experience (cultures) and how they organize themselves to do what they need to do (societies). Anthropologists describe and compare cultures and societies, focusing on different aspects such as family and kinship, inequality and power, religion and values, economy and technology, cultural and social change. This course is open to first-year students or students in certain accredited programs. Offered each semester.","0","0","0","0","0","HBS;MCG;MCS-G;SCS","Staff","{'fsnum': '', 'name': 'Staff'}","100","25","","0","0","0","Intro to Cultural Anthropology","Open to first-year students only.","128","{'day': 'Mo', 'end': '14:55', 'location': 'TBA', 'start': '14:00'};{'day': 'We', 'end': '14:55', 'location': 'TBA', 'start': '14:00'};{'day': 'Fr', 'end': '14:55', 'location': 'TBA', 'start': '14:00'}","False","False","B","3","O","20263","Introduction to Cultural Anthropology","Research","2026"
"0000172004","1.0","0000032295","SOAN","This course examines the sociology of colonialism and the colonialism of sociology. The readings in this course use sociological concepts to understand the colonial legacy irrespective of geographical or temporal parameters and reflect on how sociology itself is implicated in the colonial legacy. The objective is to assay whether sociology can meaningfully render colonialism intelligible without being an instance of it and determine whether colonialism can be conceived outside of specific national instances. Offered periodically.","0","0","0","0","0","GHS;HBS;HWC;PAR","Al Atiyat, Ibtesam","{'fsnum': '21084', 'name': 'Al Atiyat, Ibtesam'}","200","23","","","","","Soc of Colonialism/Postcolonialism","","233","{'day': 'Mo', 'end': '08:55', 'location': 'TBA', 'start': '08:00'};{'day': 'We', 'end': '08:55', 'location': 'TBA', 'start': '08:00'};{'day': 'Fr', 'end': '08:55', 'location': 'TBA', 'start': '08:00'}","False","False","","3","O","20263","A Sociology of Colonialism and Postcolonialism","Research","2026"
"0000172005","1.0","0000001308","SOAN","This class investigates death-related behavior from an American and cross-cultural perspective, seeking to understand patterns of social interaction surrounding and giving meaning to dying, death, and bereavement. Topics include: death meanings and anxiety, religion and death-related customs, the dying process, hospice as a social movement, biomedical issues, the funeral industry, death rituals, and the social understanding of the bereavement process. Offered periodically during January term.","0","0","0","0","0","HBS;SCS","Sheppard, Ryan R.","{'fsnum': '18160', 'name': 'Sheppard, Ryan R.'}","200","23","","","","","Dying, Death, Bereavement","","248","{'day': 'Tu', 'end': '11:00', 'location': 'TBA', 'start': '09:35'};{'day': 'Th', 'end': '10:50', 'location': 'TBA', 'start': '09:30'}","False","False","A","3","O","20263","Sociology of Dying, Death, and Bereavement","Research","2026"
"0000172006","1.0","0000001308","SOAN","This class investigates death-related behavior from an American and cross-cultural perspective, seeking to understand patterns of social interaction surrounding and giving meaning to dying, death, and bereavement. Topics include: death meanings and anxiety, religion and death-related customs, the dying process, hospice as a social movement, biomedical issues, the funeral industry, death rituals, and the social understanding of the bereavement process. Offered periodically during January term.","0","0","0","0","0","HBS;SCS","Sheppard, Ryan R.","{'fsnum': '18160', 'name': 'Sheppard, Ryan R.'}","200","23","","","","","Dying, Death, Bereavement","","248","{'day': 'Tu', 'end': '13:10', 'location': 'TBA', 'start': '23:45'};{'day': 'Th', 'end': '14:05', 'location': 'TBA', 'start': '12:45'}","False","False","B","3","O","20263","Sociology of Dying, Death, and Bereavement","Research","2026"
"0000171395","1.0","0000032618","SOAN","Formal education has always emphasized written texts even though human beings are surrounded by photo-generated images and visual culture. This course helps fill that gap and offers methods for understanding the social world visually. The course challenges students to grapple with visual theory and develop their own visual research projects. Discussions of fieldwork, key writings about visual methodologies, and samples of groundbreaking visual sociological projects will inform student work. Offered alternate years.","0","0","0","0","0","HBS;SCS","Schalliol, David C.","{'fsnum': '27152', 'name': 'Schalliol, David C.'}","200","23","","","","","Visual Sociology","","250","{'day': 'Tu', 'end': '11:00', 'location': 'TBA', 'start': '09:35'};{'day': 'Th', 'end': '10:50', 'location': 'TBA', 'start': '09:30'}","False","False","","3","O","20263","","Research","2026"
"0000172007","1.0","0000001304","SOAN","Approaching the world as a ""global village,"" the course will focus on the development of the world as an interdependent entity, the relationship between the ""developed"" and ""developing"" world, alternative explanations for planned social change, and new institutions for this international world. Global challenges such as the information revolution, population, the status of women, and migration are analyzed to illustrate this interdependence. Offered annually in the fall or spring semester.","0","0","0","0","0","GHS;HBS;MCG;MCS-G;SCS","Staff","{'fsnum': '', 'name': 'Staff'}","200","23","","","","","Global Interdepend","","262","{'day': 'Mo', 'end': '11:40', 'location': 'TBA', 'start': '10:45'};{'day': 'We', 'end': '11:40', 'location': 'TBA', 'start': '10:45'};{'day': 'Fr', 'end': '11:40', 'location': 'TBA', 'start': '10:45'}","False","False","A","3","O","20263","Global Interdependence","Research","2026"
"0000172008","1.0","0000001304","SOAN","Approaching the world as a ""global village,"" the course will focus on the development of the world as an interdependent entity, the relationship between the ""developed"" and ""developing"" world, alternative explanations for planned social change, and new institutions for this international world. Global challenges such as the information revolution, population, the status of women, and migration are analyzed to illustrate this interdependence. Offered annually in the fall or spring semester.","0","0","0","0","0","GHS;HBS;MCG;MCS-G;SCS","Staff","{'fsnum': '', 'name': 'Staff'}","200","23","","","","","Global Interdepend","","262","{'day': 'Mo', 'end': '13:50', 'location': 'TBA', 'start': '12:55'};{'day': 'We', 'end': '13:50', 'location': 'TBA', 'start': '12:55'};{'day': 'Fr', 'end': '13:50', 'location': 'TBA', 'start': '12:55'}","False","False","B","3","O","20263","Global Interdependence","Research","2026"
"0000171106","1.0","0000001306","SOAN","Students explore the continuing significance of color, class, and immigration in the U.S., with a focus on the experiences and concerns of African Americans, Native Americans, Hispanics/Latinos, and Asian-Americans. The course examines the nature and functions of prejudice; the relationship among race, class and gender; the persistence of racism and inequality; and social policies and social movements intended to create greater social justice. Offered annually in the fall or spring semester.","0","0","0","0","0","HBS;MCD;MCS-D;PAR;SCS","Alenuma, Sidonia","{'fsnum': '33074', 'name': 'Alenuma, Sidonia'}","200","23","","","","","Race/Class-Am Culture","","264","{'day': 'Mo', 'end': '12:45', 'location': 'TBA', 'start': '23:50'};{'day': 'We', 'end': '12:45', 'location': 'TBA', 'start': '23:50'};{'day': 'Fr', 'end': '12:45', 'location': 'TBA', 'start': '23:50'}","False","False","","3","O","20263","Race and Class in American Culture","Research","2026"
"0000172009","1.0","0000001312","SOAN","This course examines and analyzes religious beliefs, meanings, rituals, and organizational patterns from empirical and theoretical perspectives. Students are introduced to the sociological study of religion through its foundational thinkers as well as current theoretical approaches and research in the field. Important contemporary issues and debates examined include secularization, conversion, new religions and religious movements, gender and sexuality, and fundamentalism. Offered periodically in the fall or spring semester.","0","0","0","0","0","HBS;RFV;SCS","Chiappari, Chris L.","{'fsnum': '10036', 'name': 'Chiappari, Chris L.'}","200","23","","","","","Rel, Culture, Society","","265","{'day': 'Tu', 'end': '13:10', 'location': 'TBA', 'start': '23:45'};{'day': 'Th', 'end': '14:05', 'location': 'TBA', 'start': '12:45'}","False","False","","3","O","20263","Religion, Culture, and Society","Research","2026"
"0000171220","1.0","0000041600","SOAN","This core SOAN course covers critical concepts from Sociology and Anthropology to understand complex social and cultural dynamics systematically. Focusing on key concepts and thinkers that have shaped the disciplines of Sociology and Anthropology, the course will provide majors with the critical analytic tools important for subsequent courses that they will take.","0","0","0","0","0","GHS","Chiappari, Chris L.","{'fsnum': '10036', 'name': 'Chiappari, Chris L.'}","200","23","","","","","Social Theory","SOAN 290 is for Sociology/Anthropology majors only.","290","{'day': 'Tu', 'end': '14:45', 'location': 'TBA', 'start': '13:20'};{'day': 'Th', 'end': '15:35', 'location': 'TBA', 'start': '14:15'}","False","False","","3","O","20263","","Research","2026"
"0000172590","1.0","0000021523","SOAN","The department periodically offers special topics courses. The specific title of the course is listed in the class and lab schedule when it is offered.","0","0","0","0","0","","Conger, Andrea C.","{'fsnum': '28107', 'name': 'Conger, Andrea C.'}","200","23","","","","","Top: Women, Sport and Culture","","299","{'day': 'Tu', 'end': '11:00', 'location': 'TBA', 'start': '09:35'};{'day': 'Th', 'end': '10:50', 'location': 'TBA', 'start': '09:30'}","False","False","","3","O","20263","Topics in Sociology/Anthropology","Topic","2026"
"0000170650","1.0","0000001318","SOAN","Students learn to design and conduct qualitative research in the tradition of sociological and anthropological ethnography. Students discuss theoretical approaches to ethnography and learn data collection methods through case studies and fieldwork assignments. Students use their own research to gain experience in interpreting field notes, doing analysis, and writing an ethnographic interpretation of their research findings. Offered annually in the spring semester. Prerequisite: SOAN 291 or SOAN 292; open to junior or senior sociology/anthropology majors only.","0","0","0","0","0","WRI","Choi, Vivian","{'fsnum': '28078', 'name': 'Choi, Vivian'}","300","23","0","","","","Ethnograph Rsch Meth","Open to Sociology/Anthropology majors only.","373","{'day': 'Mo', 'end': '11:40', 'location': 'TBA', 'start': '10:45'};{'day': 'We', 'end': '11:40', 'location': 'TBA', 'start': '10:45'};{'day': 'Fr', 'end': '11:40', 'location': 'TBA', 'start': '10:45'}","False","SOAN 291 or SOAN 292; open to junior or senior sociology/anthropology majors only.","A","3","O","20263","Ethnographic Research Methods","Research","2026"
"0000170649","1.0","0000001318","SOAN","Students learn to design and conduct qualitative research in the tradition of sociological and anthropological ethnography. Students discuss theoretical approaches to ethnography and learn data collection methods through case studies and fieldwork assignments. Students use their own research to gain experience in interpreting field notes, doing analysis, and writing an ethnographic interpretation of their research findings. Offered annually in the spring semester. Prerequisite: SOAN 291 or SOAN 292; open to junior or senior sociology/anthropology majors only.","0","0","0","0","0","WRI","Choi, Vivian","{'fsnum': '28078', 'name': 'Choi, Vivian'}","300","23","0","","","","Ethnograph Rsch Meth","Open to Sociology/Anthropology majors only.","373","{'day': 'Mo', 'end': '12:45', 'location': 'TBA', 'start': '23:50'};{'day': 'We', 'end': '12:45', 'location': 'TBA', 'start': '23:50'};{'day': 'Fr', 'end': '12:45', 'location': 'TBA', 'start': '23:50'}","False","SOAN 291 or SOAN 292; open to junior or senior sociology/anthropology majors only.","B","3","O","20263","Ethnographic Research Methods","Research","2026"
"0000171172","1.0","0000001321","SOAN","This seminar offers in-depth reading, writing, and discussion on a selected topic from areas common to sociology and anthropology with an emphasis on contemporary analysis and ethics. Specific content will vary from year to year. Offered annually in the spring semester. Prerequisite: open to senior sociology/anthropology majors only.","0","0","0","0","0","EIN;ERC;WRI","Williamson, Thomas A.","{'fsnum': '14223', 'name': 'Williamson, Thomas A.'}","300","20","0","0","0","","Senior Seminar","Open to senior Sociology/Anthropology majors only.","399","{'day': 'Tu', 'end': '13:10', 'location': 'TBA', 'start': '23:45'};{'day': 'Th', 'end': '14:05', 'location': 'TBA', 'start': '12:45'}","False","open to senior sociology/anthropology majors only.","A","3","O","20263","","Research","2026"
"0000171171","1.0","0000001321","SOAN","This seminar offers in-depth reading, writing, and discussion on a selected topic from areas common to sociology and anthropology with an emphasis on contemporary analysis and ethics. Specific content will vary from year to year. Offered annually in the spring semester. Prerequisite: open to senior sociology/anthropology majors only.","0","0","0","0","0","EIN;ERC;WRI","Williamson, Thomas A.","{'fsnum': '14223', 'name': 'Williamson, Thomas A.'}","300","20","0","2","0","","Senior Seminar","Open to senior Sociology/Anthropology majors only.","399","{'day': 'Tu', 'end': '14:45', 'location': 'TBA', 'start': '13:20'};{'day': 'Th', 'end': '15:35', 'location': 'TBA', 'start': '14:15'}","False","open to senior sociology/anthropology majors only.","B","3","O","20263","","Research","2026"
"0000170853","1.0","0000001325","SPAN","Students continue learning Spanish in an intercultural context. The course continues to examine the Spanish-speaking world through exploration of topics, for example: cities and urban life; housing; and the historical roots of culinary traditions and food production. In-class speaking, listening, reading, and writing activities are complemented by attendance at two required culture tables. Offered each semester and January Term. Does not count toward Spanish major. Prerequisite: SPAN 111 or placement into SPAN 112.","0","0","0","0","0","","Cropsey, Kris A.","{'fsnum': '14153', 'name': 'Cropsey, Kris A.'}","100","24","","","","0","Intro Spanish Language/World II","Prerequisite: completion of Spanish placement test or preceding course.         ;Not open to seniors.","112","{'day': 'Mo', 'end': '10:00', 'location': 'TBA', 'start': '09:05'};{'day': 'We', 'end': '10:00', 'location': 'TBA', 'start': '09:05'};{'day': 'Fr', 'end': '10:00', 'location': 'TBA', 'start': '09:05'}","False","SPAN 111 or placement into SPAN 112.","A","3","O","20263","Introduction to Spanish Language and the Spanish-Speaking World II","Research","2026"
"0000170852","1.0","0000001325","SPAN","Students continue learning Spanish in an intercultural context. The course continues to examine the Spanish-speaking world through exploration of topics, for example: cities and urban life; housing; and the historical roots of culinary traditions and food production. In-class speaking, listening, reading, and writing activities are complemented by attendance at two required culture tables. Offered each semester and January Term. Does not count toward Spanish major. Prerequisite: SPAN 111 or placement into SPAN 112.","0","0","0","0","0","","Cropsey, Kris A.","{'fsnum': '14153', 'name': 'Cropsey, Kris A.'}","100","24","","","","0","Intro Spanish Language/World II","Prerequisite: completion of Spanish placement test or preceding course.         ;Not open to seniors.","112","{'day': 'Mo', 'end': '11:40', 'location': 'TOH 314', 'start': '10:45'};{'day': 'We', 'end': '11:40', 'location': 'TOH 314', 'start': '10:45'};{'day': 'Fr', 'end': '11:40', 'location': 'TOH 314', 'start': '10:45'}","False","SPAN 111 or placement into SPAN 112.","B","3","O","20263","Introduction to Spanish Language and the Spanish-Speaking World II","Research","2026"
"0000170854","1.0","0000001325","SPAN","Students continue learning Spanish in an intercultural context. The course continues to examine the Spanish-speaking world through exploration of topics, for example: cities and urban life; housing; and the historical roots of culinary traditions and food production. In-class speaking, listening, reading, and writing activities are complemented by attendance at two required culture tables. Offered each semester and January Term. Does not count toward Spanish major. Prerequisite: SPAN 111 or placement into SPAN 112.","0","0","0","0","0","","Hanson, Marit K.","{'fsnum': '18996', 'name': 'Hanson, Marit K.'}","100","24","","","","","Intro Spanish Language/World II","Prerequisite: completion of Spanish placement test or preceding course. Not open;to seniors.","112","{'day': 'Mo', 'end': '12:45', 'location': 'TBA', 'start': '23:50'};{'day': 'We', 'end': '12:45', 'location': 'TBA', 'start': '23:50'};{'day': 'Fr', 'end': '12:45', 'location': 'TBA', 'start': '23:50'}","False","SPAN 111 or placement into SPAN 112.","C","3","O","20263","Introduction to Spanish Language and the Spanish-Speaking World II","Research","2026"
"0000171270","1.0","0000001326","SPAN","Through exploring the material and human diversity of the Spanish-speaking world and important connections among the United States, the Spanish-speaking countries of Latin America, and Spain, students develop increasingly complex skills for analyzing and communicating in Spanish. An examination of geography, environmental challenges and solutions, development, demographic changes, and ethnic diversity highlights the intersection of cultural, economic, and environmental realities. Required attendance at two approved cultural activities. This intermediate I-level Spanish course is offered each semester and during January term. Does not count toward Spanish major. Prerequisite: SPAN 112 or placement into SPAN 231.","0","0","0","0","0","","Hanson, Marit K.","{'fsnum': '18996', 'name': 'Hanson, Marit K.'}","200","24","","","","","The U.S. and Spanish-Speaking World","Prerequisite: completion of Spanish placement test or preceding course.","231","{'day': 'Mo', 'end': '08:55', 'location': 'TBA', 'start': '08:00'};{'day': 'We', 'end': '08:55', 'location': 'TBA', 'start': '08:00'};{'day': 'Fr', 'end': '08:55', 'location': 'TBA', 'start': '08:00'}","False","SPAN 112 or placement into SPAN 231.","A","3","O","20263","Intercultural Connections in Global Wrld: U.S. & Spanish-Speaking Wrld","Research","2026"
"0000171272","1.0","0000001326","SPAN","Through exploring the material and human diversity of the Spanish-speaking world and important connections among the United States, the Spanish-speaking countries of Latin America, and Spain, students develop increasingly complex skills for analyzing and communicating in Spanish. An examination of geography, environmental challenges and solutions, development, demographic changes, and ethnic diversity highlights the intersection of cultural, economic, and environmental realities. Required attendance at two approved cultural activities. This intermediate I-level Spanish course is offered each semester and during January term. Does not count toward Spanish major. Prerequisite: SPAN 112 or placement into SPAN 231.","0","0","0","0","0","","Hanson, Marit K.","{'fsnum': '18996', 'name': 'Hanson, Marit K.'}","200","24","","","","","The U.S. and Spanish-Speaking World","Prerequisite: completion of Spanish placement test or preceding course.","231","{'day': 'Mo', 'end': '10:00', 'location': 'TBA', 'start': '09:05'};{'day': 'We', 'end': '10:00', 'location': 'TBA', 'start': '09:05'};{'day': 'Fr', 'end': '10:00', 'location': 'TBA', 'start': '09:05'}","False","SPAN 112 or placement into SPAN 231.","B","3","O","20263","Intercultural Connections in Global Wrld: U.S. & Spanish-Speaking Wrld","Research","2026"
"0000171273","1.0","0000001326","SPAN","Through exploring the material and human diversity of the Spanish-speaking world and important connections among the United States, the Spanish-speaking countries of Latin America, and Spain, students develop increasingly complex skills for analyzing and communicating in Spanish. An examination of geography, environmental challenges and solutions, development, demographic changes, and ethnic diversity highlights the intersection of cultural, economic, and environmental realities. Required attendance at two approved cultural activities. This intermediate I-level Spanish course is offered each semester and during January term. Does not count toward Spanish major. Prerequisite: SPAN 112 or placement into SPAN 231.","0","0","0","0","0","","Broner, Maggie","{'fsnum': '792', 'name': 'Broner, Maggie'}","200","24","","","","","The U.S. and Spanish-Speaking World","Prerequisite: completion of Spanish placement test or preceding course.","231","{'day': 'Mo', 'end': '11:40', 'location': 'TBA', 'start': '10:45'};{'day': 'We', 'end': '11:40', 'location': 'TBA', 'start': '10:45'};{'day': 'Fr', 'end': '11:40', 'location': 'TBA', 'start': '10:45'}","False","SPAN 112 or placement into SPAN 231.","C","3","O","20263","Intercultural Connections in Global Wrld: U.S. & Spanish-Speaking Wrld","Research","2026"
"0000171271","1.0","0000001326","SPAN","Through exploring the material and human diversity of the Spanish-speaking world and important connections among the United States, the Spanish-speaking countries of Latin America, and Spain, students develop increasingly complex skills for analyzing and communicating in Spanish. An examination of geography, environmental challenges and solutions, development, demographic changes, and ethnic diversity highlights the intersection of cultural, economic, and environmental realities. Required attendance at two approved cultural activities. This intermediate I-level Spanish course is offered each semester and during January term. Does not count toward Spanish major. Prerequisite: SPAN 112 or placement into SPAN 231.","0","0","0","0","0","","Haugsland, Jessica A.","{'fsnum': '13964', 'name': 'Haugsland, Jessica A.'}","200","24","","","","","The U.S. and Spanish-Speaking World","Prerequisite: completion of Spanish placement test or preceding course.","231","{'day': 'Mo', 'end': '12:45', 'location': 'TBA', 'start': '23:50'};{'day': 'We', 'end': '12:45', 'location': 'TBA', 'start': '23:50'};{'day': 'Fr', 'end': '12:45', 'location': 'TBA', 'start': '23:50'}","False","SPAN 112 or placement into SPAN 231.","D","3","O","20263","Intercultural Connections in Global Wrld: U.S. & Spanish-Speaking Wrld","Research","2026"
"0000171274","1.0","0000001326","SPAN","Through exploring the material and human diversity of the Spanish-speaking world and important connections among the United States, the Spanish-speaking countries of Latin America, and Spain, students develop increasingly complex skills for analyzing and communicating in Spanish. An examination of geography, environmental challenges and solutions, development, demographic changes, and ethnic diversity highlights the intersection of cultural, economic, and environmental realities. Required attendance at two approved cultural activities. This intermediate I-level Spanish course is offered each semester and during January term. Does not count toward Spanish major. Prerequisite: SPAN 112 or placement into SPAN 231.","0","0","0","0","0","","Haugsland, Jessica A.","{'fsnum': '13964', 'name': 'Haugsland, Jessica A.'}","200","24","","","","","The U.S. and Spanish-Speaking World","Prerequisite: completion of Spanish placement test or preceding course.","231","{'day': 'Mo', 'end': '13:50', 'location': 'TBA', 'start': '12:55'};{'day': 'We', 'end': '13:50', 'location': 'TBA', 'start': '12:55'};{'day': 'Fr', 'end': '13:50', 'location': 'TBA', 'start': '12:55'}","False","SPAN 112 or placement into SPAN 231.","E","3","O","20263","Intercultural Connections in Global Wrld: U.S. & Spanish-Speaking Wrld","Research","2026"
"0000170936","1.0","0000001327","SPAN","Students explore the diverse cultural histories and identities of Mexican-Americans, Cuban-Americans, and Puerto Ricans (among other Latinx groups) by considering how ethnicity, race, language, gender, and social class manifest themselves in U.S. histories of citizenry, immigration, economy, and education through generations of Latinxs. Class activities foster analysis of historical and autobiographical texts to reflect on how power and privilege intersect and shape students' own experiences. Attendance at cultural events required. This intermediate II-level Spanish course is offered every semester and during January term. Does not count toward Spanish major. Prerequisite: SPAN 231 or placement into SPAN 232.","0","0","0","0","0","FOL-S;MCD;MCS-D;PAR;WLC","García Ramírez, Jamison A.","{'fsnum': '9005122', 'name': 'García Ramírez, Jamison A.'}","200","24","","","","","Latinx Experiences in United States","Prerequisite: completion of Spanish placement test or preceding course.","232","{'day': 'Mo', 'end': '10:00', 'location': 'TBA', 'start': '09:05'};{'day': 'We', 'end': '10:00', 'location': 'TBA', 'start': '09:05'};{'day': 'Fr', 'end': '10:00', 'location': 'TBA', 'start': '09:05'}","False","SPAN 231 or placement into SPAN 232.","A","3","O","20263","Latinx Experiences in the United States","Research","2026"
"0000170937","1.0","0000001327","SPAN","Students explore the diverse cultural histories and identities of Mexican-Americans, Cuban-Americans, and Puerto Ricans (among other Latinx groups) by considering how ethnicity, race, language, gender, and social class manifest themselves in U.S. histories of citizenry, immigration, economy, and education through generations of Latinxs. Class activities foster analysis of historical and autobiographical texts to reflect on how power and privilege intersect and shape students' own experiences. Attendance at cultural events required. This intermediate II-level Spanish course is offered every semester and during January term. Does not count toward Spanish major. Prerequisite: SPAN 231 or placement into SPAN 232.","0","0","0","0","0","FOL-S;MCD;MCS-D;PAR;WLC","Strichartz, Ariel","{'fsnum': '14955', 'name': 'Strichartz, Ariel'}","200","24","","","","","Latinx Experiences in United States","Prerequisite: completion of Spanish placement test or preceding course.","232","{'day': 'Mo', 'end': '11:40', 'location': 'TBA', 'start': '10:45'};{'day': 'We', 'end': '11:40', 'location': 'TBA', 'start': '10:45'};{'day': 'Fr', 'end': '11:40', 'location': 'TBA', 'start': '10:45'}","False","SPAN 231 or placement into SPAN 232.","B","3","O","20263","Latinx Experiences in the United States","Research","2026"
"0000170940","1.0","0000001327","SPAN","Students explore the diverse cultural histories and identities of Mexican-Americans, Cuban-Americans, and Puerto Ricans (among other Latinx groups) by considering how ethnicity, race, language, gender, and social class manifest themselves in U.S. histories of citizenry, immigration, economy, and education through generations of Latinxs. Class activities foster analysis of historical and autobiographical texts to reflect on how power and privilege intersect and shape students' own experiences. Attendance at cultural events required. This intermediate II-level Spanish course is offered every semester and during January term. Does not count toward Spanish major. Prerequisite: SPAN 231 or placement into SPAN 232.","0","0","0","0","0","FOL-S;MCD;MCS-D;PAR;WLC","Cropsey, Kris A.","{'fsnum': '14153', 'name': 'Cropsey, Kris A.'}","200","24","","","","","Latinx Experiences in United States","Prerequisite: completion of Spanish placement test or preceding course.","232","{'day': 'Mo', 'end': '13:50', 'location': 'TOH 212', 'start': '12:55'};{'day': 'We', 'end': '13:50', 'location': 'TOH 212', 'start': '12:55'};{'day': 'Fr', 'end': '13:50', 'location': 'TOH 212', 'start': '12:55'}","False","SPAN 231 or placement into SPAN 232.","C","3","O","20263","Latinx Experiences in the United States","Research","2026"
"0000170939","1.0","0000001327","SPAN","Students explore the diverse cultural histories and identities of Mexican-Americans, Cuban-Americans, and Puerto Ricans (among other Latinx groups) by considering how ethnicity, race, language, gender, and social class manifest themselves in U.S. histories of citizenry, immigration, economy, and education through generations of Latinxs. Class activities foster analysis of historical and autobiographical texts to reflect on how power and privilege intersect and shape students' own experiences. Attendance at cultural events required. This intermediate II-level Spanish course is offered every semester and during January term. Does not count toward Spanish major. Prerequisite: SPAN 231 or placement into SPAN 232.","0","0","0","0","0","FOL-S;MCD;MCS-D;PAR;WLC","Narváez, León","{'fsnum': '5471', 'name': 'Narváez, León'}","200","24","","","","","Latinx Experiences in United States","Prerequisite: completion of Spanish placement test or preceding course.","232","{'day': 'Tu', 'end': '09:25', 'location': 'TBA', 'start': '08:00'};{'day': 'Th', 'end': '09:20', 'location': 'TBA', 'start': '08:00'}","False","SPAN 231 or placement into SPAN 232.","D","3","O","20263","Latinx Experiences in the United States","Research","2026"
"0000170938","1.0","0000001327","SPAN","Students explore the diverse cultural histories and identities of Mexican-Americans, Cuban-Americans, and Puerto Ricans (among other Latinx groups) by considering how ethnicity, race, language, gender, and social class manifest themselves in U.S. histories of citizenry, immigration, economy, and education through generations of Latinxs. Class activities foster analysis of historical and autobiographical texts to reflect on how power and privilege intersect and shape students' own experiences. Attendance at cultural events required. This intermediate II-level Spanish course is offered every semester and during January term. Does not count toward Spanish major. Prerequisite: SPAN 231 or placement into SPAN 232.","0","0","0","0","0","FOL-S;MCD;MCS-D;PAR;WLC","Narváez, León","{'fsnum': '5471', 'name': 'Narváez, León'}","200","24","","","","","Latinx Experiences in United States","Prerequisite: completion of Spanish placement test or preceding course.","232","{'day': 'Tu', 'end': '11:00', 'location': 'TBA', 'start': '09:35'};{'day': 'Th', 'end': '10:50', 'location': 'TBA', 'start': '09:30'}","False","SPAN 231 or placement into SPAN 232.","E","3","O","20263","Latinx Experiences in the United States","Research","2026"
"0000170697","1.0","0000036264","SPAN","Students explore diverse experiences of modern Latin America through the lenses of gender and race, which provide a productive framework for examining economic, class, and other key aspects of Latin American society. Students will work with a variety of sources, both literary and non-literary, including articles, images, documents, and at least one substantive literary work. This cultural analysis provides for the development of critical reading and writing skills (e.g., description, narration, exposition, and argumentation). Taught in Spanish. Offered each semester. This course is equivalent to SPAN 250 and students can earn credit from only one of them. Prerequisites: SPAN 232 or placement into SPAN 250 or SPAN 251.","0","0","0","0","0","FOL-S;WAC;WLC;WRI","O'Conner, Jonathan P.","{'fsnum': '22831', 'name': ""O'Conner, Jonathan P.""}","200","15","","","","","Gender & Race in Latin America","Prerequisite: Completion of Spanish placement test or SPAN 232.                 ;Students may take either SPAN 250 or SPAN 251, which are equivalent, but cannot ;take both.","251","{'day': 'Mo', 'end': '10:00', 'location': 'TBA', 'start': '09:05'};{'day': 'We', 'end': '10:00', 'location': 'TBA', 'start': '09:05'};{'day': 'Fr', 'end': '10:00', 'location': 'TBA', 'start': '09:05'}","False","Prerequisites: SPAN 232 or placement into SPAN 250 or SPAN 251.","A","3","O","20263","Gender and Race in Modern Latin America","Research","2026"
"0000172010","1.0","0000036264","SPAN","Students explore diverse experiences of modern Latin America through the lenses of gender and race, which provide a productive framework for examining economic, class, and other key aspects of Latin American society. Students will work with a variety of sources, both literary and non-literary, including articles, images, documents, and at least one substantive literary work. This cultural analysis provides for the development of critical reading and writing skills (e.g., description, narration, exposition, and argumentation). Taught in Spanish. Offered each semester. This course is equivalent to SPAN 250 and students can earn credit from only one of them. Prerequisites: SPAN 232 or placement into SPAN 250 or SPAN 251.","0","0","0","0","0","FOL-S;WAC;WLC;WRI","Strichartz, Ariel","{'fsnum': '14955', 'name': 'Strichartz, Ariel'}","200","15","","","","","Gender & Race in Latin America","Prerequisite: Completion of Spanish placement test or SPAN 232. Students may    ;take either SPAN 250 or SPAN 251, which are equivalent, but cannot take both.","251","{'day': 'Mo', 'end': '14:55', 'location': 'TBA', 'start': '14:00'};{'day': 'We', 'end': '14:55', 'location': 'TBA', 'start': '14:00'};{'day': 'Fr', 'end': '14:55', 'location': 'TBA', 'start': '14:00'}","False","Prerequisites: SPAN 232 or placement into SPAN 250 or SPAN 251.","B","3","O","20263","Gender and Race in Modern Latin America","Research","2026"
"0000172011","1.0","0000001336","SPAN","Students examine the diverse elements that have shaped Latin American culture through an exploration of political, social, economic, religious, and artistic topics. They develop critical analysis skills through reading, discussion, and written and/or oral projects. The course features the study of selected literary and non-literary texts, including at least one substantive literary work. May be repeated if topic is different. Taught in Spanish. Offered periodically. Prerequisite: SPAN 250 or SPAN 251.","0","0","0","0","0","OEP;WLC","Reyes Payán, Mariana","{'fsnum': '33998', 'name': 'Reyes Payán, Mariana'}","200","17","","","","","Top: Cultures of Latin America","Prerequisite: SPAN 250 or SPAN 251","272","{'day': 'Tu', 'end': '13:10', 'location': 'TBA', 'start': '23:45'};{'day': 'Th', 'end': '14:05', 'location': 'TBA', 'start': '12:45'}","False","SPAN 250 or SPAN 251.","","3","O","20263","Cultures of Latin America","Topic","2026"
"0000170662","1.0","0000001339","SPAN","In this introduction to literary terminology and to principles of literary analysis across genres, literary texts (including poetry, short stories, theater, and novel) are studied in their socio-historical context. In different semesters, the focus may be literature of the Mexican Revolution, urban and rural life, or another topic chosen by the instructor. Taught in Spanish. Offered each semester. Prerequisite: SPAN 250 or SPAN 251.","0","0","0","0","0","ALS-L;CRE","Reyes Payán, Mariana","{'fsnum': '33998', 'name': 'Reyes Payán, Mariana'}","200","17","","","","","Exploring Hispanic Lit","Prerequisite: Completion of Spanish 250 or Spanish 251.","275","{'day': 'Tu', 'end': '14:45', 'location': 'TBA', 'start': '13:20'};{'day': 'Th', 'end': '15:35', 'location': 'TBA', 'start': '14:15'}","False","SPAN 250 or SPAN 251.","","3","O","20263","Exploring Hispanic Literature","Research","2026"
"0000171226","1.0","0000001340","SPAN","Students explore the processes involved in the acquisition of Spanish as a first and second language and the variation present in the language of both native and non-native speakers of Spanish from Spain, Latin America, and the U.S. Hispanic linguistics are studied with special attention paid to socio-cultural as well as structural aspects. The course includes the study of at least one substantive literary work. Taught in Spanish. Offered each semester. Prerequisite: SPAN 250 or SPAN 251.","0","0","0","0","0","","García Ramírez, Jamison A.","{'fsnum': '9005122', 'name': 'García Ramírez, Jamison A.'}","200","17","","","","","Spanish 1st/2nd Lang","Prerequisite: Completion of Spanish 250 or Spanish 251.","276","{'day': 'Mo', 'end': '12:45', 'location': 'TBA', 'start': '23:50'};{'day': 'We', 'end': '12:45', 'location': 'TBA', 'start': '23:50'};{'day': 'Fr', 'end': '12:45', 'location': 'TBA', 'start': '23:50'}","False","SPAN 250 or SPAN 251.","","3","O","20263","Spanish as a First and Second Language","Research","2026"
"0000172012","1.0","0000001343","SPAN","What is the role of language in our society? What is the impact of bilingualism in the U.S.? Students explore such questions from current Spanish socio-linguistics research. Through analysis of data, students examine issues of language contact, variation and change, language and gender, language and power, and/or language planning. May be repeated if topic is different. This course includes the study of at least one substantive literary work. Taught in Spanish. Offered alternate years. Prerequisites: SPAN 250 or SPAN 251 and SPAN 276.","0","0","0","0","0","","Broner, Maggie","{'fsnum': '792', 'name': 'Broner, Maggie'}","300","17","","","","","Top: Language, Power, & Ideology","Prerequisites: SPAN 250 or SPAN 251 and SPAN 276","311","{'day': 'Mo', 'end': '13:50', 'location': 'TBA', 'start': '12:55'};{'day': 'We', 'end': '13:50', 'location': 'TBA', 'start': '12:55'};{'day': 'Fr', 'end': '13:50', 'location': 'TBA', 'start': '12:55'}","False","Prerequisites: SPAN 250 or SPAN 251 and SPAN 276.","","3","O","20263","Language in Society","Topic","2026"
"0000172013","1.0","0000001356","SPAN","Students examine important issues in the Spanish-speaking world related to language, literature, history, or culture. Emphasis is given to close reading, discussion, analysis, and interpretation of selected sources, including the application of appropriate theoretical or disciplinary approaches. Topics vary according to the areas of expertise and professional interests of departmental faculty. May be repeated if topic is different. Taught in Spanish. Prerequisites: SPAN 250 or SPAN 251 and at least one 270-level course.","0","0","0","0","0","","Medina-Vilariño, Kristina","{'fsnum': '23607', 'name': 'Medina-Vilariño, Kristina'}","300","17","","","","","Sem: Seminar in Spanish Studies","Prerequisites: SPAN 250 or SPAN 251 and at least one 270-level course","399","{'day': 'Tu', 'end': '11:00', 'location': 'TBA', 'start': '09:35'};{'day': 'Th', 'end': '10:50', 'location': 'TBA', 'start': '09:30'}","False","Prerequisites: SPAN 250 or SPAN 251 and at least one 270-level course.","","3","O","20263","Seminar in Spanish Studies","Seminar","2026"
"0000171217","1.0","0000001359","SWRK","Students study the progression of the U.S. social welfare ""system"" from English Poor Laws through the Social Security Act to contemporary reforms. They examine how its components (public, private, faith-based) interrelate to serve diverse individuals, families, and communities. The development of social work, its foundational knowledge, values, and skills, and its relationship to fields of social welfare are included. Students shadow a social worker for four hours. Offered each semester.","0","0","0","0","0","GHS;HWC;WAC;WRI","Lamberty, Hillary A.","{'fsnum': '35117', 'name': 'Lamberty, Hillary A.'}","200","20","0","4","11","5","Soc Work/Soc Welfare","Not open to first-year students.                                                ;This course has class year limits.","221","{'day': 'Tu', 'end': '14:45', 'location': 'TBA', 'start': '13:20'};{'day': 'Th', 'end': '15:35', 'location': 'TBA', 'start': '14:15'}","False","False","","3","O","20263","Social Work and Social Welfare","Research","2026"
"0000171218","1.0","0000001363","SWRK","Social welfare policies exemplify how society's values and needs translate into policies and programs. Social workers create, implement, and evaluate policies in all areas of social policy. Students study policy formation and analysis that reflect interests and powers of diverse groups as well as economic and social realities of certain populations at risk of poverty and discrimination. The course emphasizes policy impact on women, people in poverty, people of color, and empowerment in policy practice. Offered annually in the spring semester.","0","0","0","0","0","SCS","Anderson, Wendy D.","{'fsnum': '10757', 'name': 'Anderson, Wendy D.'}","200","24","0","22","6","5","Social Policy","This course has class year limits.  Not open to First-Year Students.            ;This course includes an academic civic engagement (ACE) component.","258","{'day': 'Mo', 'end': '10:00', 'location': 'OM 310', 'start': '09:05'};{'day': 'We', 'end': '10:00', 'location': 'OM 310', 'start': '09:05'};{'day': 'Fr', 'end': '10:00', 'location': 'OM 310', 'start': '09:05'}","False","False","","3","O","20263","","Research","2026"
"0000170759","1.0","0000001364","SWRK","Social work majors continue to study the methods and skills of generalist practice. They assess strengths and problems of diverse groups, organizations, and communities and use the systems perspective to help client systems frame goals and plans for social change. Students assess macrosystems and develop plans for implementing change that are reflective, scientific, just, and grounded in the liberal arts. Offered annually in the spring semester. Prerequisite: SWRK 254.","0","0","0","0","0","","Winterfeldt, Beth","{'fsnum': '9002448', 'name': 'Winterfeldt, Beth'}","200","20","0","","0","0","Inclusive Practice: Grps/Orgs/Com","This is open only to Junior Social Work majors.                                 ;This course includes an academic civic engagement (ACE) component.","261","{'day': 'Mo', 'end': '21:00', 'location': 'TBA', 'start': '18:00'}","False","SWRK 254.","","3","O","20263","Inclusive Practice: Groups, Organizations and Communities","Research","2026"
"0000171114","1.0","0000001365","SWRK","Social work majors study scientific philosophies and approaches to ethical knowledge building for social work practice. The course includes an overview of the research process using both quantitative and qualitative methods, with special attention to how research knowledge informs generalist social work practice. Open to non-majors by permission of instructor. Offered annually in the spring semester. Prerequisite: social work major.","0","0","0","0","0","","Kanewischer, Erica","{'fsnum': '14740', 'name': 'Kanewischer, Erica'}","200","25","0","","15","7","Res Methods/Social Work","This course is open only to Junior Social Work majors.","274","{'day': 'Tu', 'end': '11:00', 'location': 'TBA', 'start': '09:35'};{'day': 'Th', 'end': '10:50', 'location': 'TBA', 'start': '09:30'}","False","social work major.","","3","O","20263","Research Methods in Social Work","Research","2026"
"0000171221","1.0","0000001371","SWRK","This capstone course is for senior majors. Students begin a professional web presence to illustrate their readiness to begin practice as a generalist social worker. Classes emphasize auxiliary knowledge and skills in leadership. Students discuss emerging social work issues and provide peer assistance with professional development strategies. Evaluation includes oral presentation, ethics case analysis, professional development reflection assignments, and self-evaluation of achievement of program competencies. Also counts toward business and management studies concentration. Prerequisite: SWRK 380.","0","0","0","0","0","EIN;ERC","Doran, Kimberly S.","{'fsnum': '35118', 'name': 'Doran, Kimberly S.'}","300","15","0","0","0","","Social Worker as Professional","This course is open to Senior Social Work majors only.","381","{'day': 'Mo', 'end': '10:00', 'location': 'HH 429', 'start': '09:05'};{'day': 'We', 'end': '10:00', 'location': 'HH 429', 'start': '09:05'};{'day': 'Fr', 'end': '10:00', 'location': 'HH 429', 'start': '09:05'}","False","SWRK 380.","","3","O","20263","","Research","2026"
"0000170865","1.0","0000001375","THEAT","A broad-based introduction to the art and craft of theater, this course focuses on the roles of actor, director, playwright, and designer, as well as aspects of theater history, performance, and literature. Students examine theater as a culturally diverse art form, with emphasis on the ways ethnicity, gender, race, religion, and sexual orientation inform theater in the United States. Students attend performances on campus and in the Twin Cities and integrate them with readings, lectures, and discussions. Offered each semester.","0","0","0","0","0","ALS-A;CRE;MCD;MCS-D;ORC;PAR","Buis, Kate","{'fsnum': '9006094', 'name': 'Buis, Kate'}","100","30","","5","5","5","Intro to Theater","This course has class-year limits.","110","{'day': 'Mo', 'end': '10:00', 'location': 'HH 501', 'start': '09:05'};{'day': 'We', 'end': '10:00', 'location': 'HH 501', 'start': '09:05'};{'day': 'Fr', 'end': '10:00', 'location': 'HH 501', 'start': '09:05'}","False","False","","3","O","20263","Introduction to Theater","Research","2026"
"0000172898","1.0","0000001377","THEAT","Students learn and apply principles of speech composition and analyze speeches to understand effective methods. They demonstrate their knowledge in classroom speeches.","0","0","0","0","0","ORC","Valen, Julia","{'fsnum': '9005161', 'name': 'Valen, Julia'}","100","18","","","","","Public Speaking","","120","{'day': 'Mo', 'end': '11:40', 'location': 'TBA', 'start': '10:45'};{'day': 'We', 'end': '11:40', 'location': 'TBA', 'start': '10:45'};{'day': 'Fr', 'end': '11:40', 'location': 'TBA', 'start': '10:45'}","False","False","","3","O","20263","","Research","2026"
"0000170855","1.0","0000001378","THEAT","This studio course is centered on training the actor's instrument and developing basic acting skills including characterization, vocal production, physical and emotional connection, motivation and ensemble work. Students learn history of actor training from Stanislavski to present. Exercises, improvisation, monologue and scene work are all explored. This course requires trips to professional theaters in the Twin Cities. A ticket fee is required. Offered each semester.","0","0","0","0","0","ACB;ALS-A;CRE;ORC;SPM","Valen, Julia","{'fsnum': '9005161', 'name': 'Valen, Julia'}","100","18","10","5","10","5","Intro to Acting","This course has class-year limits.                                              ;$60 ticket and transportation fee required.","130","{'day': 'Mo', 'end': '10:00', 'location': 'TBA', 'start': '09:05'};{'day': 'We', 'end': '10:00', 'location': 'TBA', 'start': '09:05'};{'day': 'Fr', 'end': '10:00', 'location': 'TBA', 'start': '09:05'}","False","False","","3","O","20263","Introduction to Acting","Research","2026"
"0000170993","1.0","0000001379","THEAT","This studio course focuses on the techniques of acting and singing for the musical theater. Students learn the basics of voice, movement, improvisation, and characterization in class exercises, prepared scenes, solos and duets. Course culminates in a public showcase of students' work. Offered periodically.","0","0","0","0","0","ACB;ALS-A;CRE;SPM","Pillatzki-Warzeha, Sara","{'fsnum': '32968', 'name': 'Pillatzki-Warzeha, Sara'}","100","18","","4","6","2","Musical Theater","This course has class-year limits. Course fee $50.","131","{'day': 'Tu', 'end': '13:10', 'location': 'TB Haugen', 'start': '23:45'};{'day': 'Th', 'end': '14:05', 'location': 'TB Haugen', 'start': '12:45'}","False","False","","3","O","20263","","Research","2026"
"0000172978","1.0","0000043218","THEAT","The goal of this course is to provide students with an introduction to basic techniques commonly used in theater production. The course focuses on simultaneous development of skills used to create scenery, lighting, and costumes. Successful completion of this course is recommended prior to theater design courses and work backstage. Offered annually during fall semester.","0","0","0","0","0","OEP","Pflager, Niffer M.","{'fsnum': '35064', 'name': 'Pflager, Niffer M.'}","100","30","","","","","Stagecraft","","150","{'day': 'Mo', 'end': '12:45', 'location': 'TBA', 'start': '23:50'};{'day': 'We', 'end': '12:45', 'location': 'TBA', 'start': '23:50'};{'day': 'Fr', 'end': '12:45', 'location': 'TBA', 'start': '23:50'}","False","False","","3","O","20263","","Research","2026"
"0000171142","1.0","0000001381","THEAT","This course balances the elements of production with the elements of design, focusing on materials, practices, and techniques used to create scenic and costume elements used in live production. The course includes hands-on experience in the scenic and costume studios, and projects in technical drawing, designing, analysis, and research. Open to majors and non-majors. Also counts toward musical theater concentration. Prerequisite: THEAT 140 is recommended.","0","0","0","0","0","ALS-A;CRE;OEP","Riley, Megan E.","{'fsnum': '33035', 'name': 'Riley, Megan E.'}","200","18","","","","","Scenery & Costume Design","Course fee $50.","240","{'day': 'Mo', 'end': '11:40', 'location': 'CHM 239', 'start': '10:45'};{'day': 'We', 'end': '11:40', 'location': 'CHM 239', 'start': '10:45'};{'day': 'Fr', 'end': '11:40', 'location': 'CHM 239', 'start': '10:45'}","False","THEAT 140 is recommended.","","3","O","20263","Scenery and Costume Design and Production","Research","2026"
"0000171277","0.25","0000001390","THEAT","This theater lab involves the student in the conceptual and practical processes of stage performance. Class sessions include practical problem-solving and hands-on experiences for productions which are part of the St. Olaf theater season. Experiences in scenery, props, costumes, lighting, sound, and stage management are available. P/N only. First-year students are encouraged to enroll. May be repeated. Registration is by audition or interview only. The theater lab 253A: Design, Technical Production is offered each semester.","0","0","0","0","0","CRE;OEP","Riley, Megan E.","{'fsnum': '33035', 'name': 'Riley, Megan E.'}","200","18","","","","","Theater Lab: Design/Tech Prod","Quarter-credit labs include practical problem-solving and hands-on experiences  ;for productions which are part of the St. Olaf theater season, and students     ;enroll in labs solely via permission of the instructor.","253","","True","False","","3","O","20263","Theater Lab: Design, Technical Production","Lab","2026"
"0000170721","1.0","0000001392","THEAT","Examines theatrical activities in the period 1700 to the present, from three interrelated perspectives: 1) theater as social history; 2) theater as dramatic literature; and 3) theater as performance (the result of creative decisions made by playwrights, actors, directors, and designers). Offered in the spring semester. Prerequisite: THEAT 110 or THEAT 180 or permission of instructor.","0","0","0","0","0","ALS-L;GHS;HWC;PAR","Pillatzki-Warzeha, Sara","{'fsnum': '32968', 'name': 'Pillatzki-Warzeha, Sara'}","200","18","","","","","Hist Theat-Since 1700","","271","{'day': 'Tu', 'end': '14:45', 'location': 'TB 227', 'start': '13:20'};{'day': 'Th', 'end': '15:35', 'location': 'TB 227', 'start': '14:15'}","False","THEAT 110 or THEAT 180 or permission of instructor.","","3","O","20263","History of Theater since 1700","Research","2026"
"0000170619","1.0","0000001396","THEAT","A studio course focusing on the artistic decision-making process of stage direction, script analysis, directorial concepts, production designs and hands-on directing experience building on the skills developed in THEAT 232: Stage Direction. Students direct a one-act play as the final project for the course. Offered annually in the spring semester. Prerequisite: THEAT 232 and THEAT 240 or THEAT 250. THEAT 270 or THEAT 271 recommended.","0","0","0","0","0","","Hansen, Peter C.","{'fsnum': '31118', 'name': 'Hansen, Peter C.'}","300","12","","","","","Directing and Producing Theater","","338","{'day': 'Tu', 'end': '09:25', 'location': 'TB Haugen', 'start': '08:00'};{'day': 'Th', 'end': '09:20', 'location': 'TB Haugen', 'start': '08:00'}","False","THEAT 232 and THEAT 240 or THEAT 250. THEAT 270 or THEAT 271 recommended.","","3","O","20263","","Research","2026"
"0000172254","1.0","0000001398","THEAT","An in-depth investigation of a selected topic through readings, bibliography, reports, and projects. May be repeated if topic is different. Prerequisite: THEAT 110 or THEAT 180; some topics courses may require additional prerequisites.","0","0","0","0","0","ALS-A;CRE;ORC","Staff","{'fsnum': '', 'name': 'Staff'}","300","18","10","5","10","5","Top:","","379","{'day': 'Mo', 'end': '14:55', 'location': 'TBA', 'start': '14:00'};{'day': 'We', 'end': '14:55', 'location': 'TBA', 'start': '14:00'};{'day': 'Fr', 'end': '14:55', 'location': 'TBA', 'start': '14:00'}","False","THEAT 110 or THEAT 180; some topics courses may require additional prerequisites.","","3","O","20263","Topics in Interpretation and Theater","Topic","2026"
"0000172733","1.0","0000001399","THEAT","An investigation into the relationship between theater and society through study of various issues in theater arts including censorship, funding, arts advocacy and arts education. Issues of contemporary ethical concern will be discussed and analyzed through a variety of historical and contemporary normative perspectives. Also counts toward business and management studies concentration. Prerequisite: THEAT 110 or THEAT 180.","0","0","0","0","0","EIN;ERC;ORC","Buis, Kate","{'fsnum': '9006094', 'name': 'Buis, Kate'}","300","18","10","5","10","5","Top: Who Owns the Arts","This course has class-year limits.","380","{'day': 'Mo', 'end': '14:55', 'location': 'TBA', 'start': '14:00'};{'day': 'We', 'end': '14:55', 'location': 'TBA', 'start': '14:00'};{'day': 'Fr', 'end': '14:55', 'location': 'TBA', 'start': '14:00'}","False","THEAT 110 or THEAT 180.","","3","O","20263","Top: Who Owns the Arts: Censorship, Sponsorship, and Artistic Freedom","Topic","2026"
"0000171431","0.25","0000032347","WRIT","Writing Studio emphasizes process and practice as students reflect on their emerging identities as thinkers, readers, and writers. The course is ideal for students seeking ongoing support in their personal and academic transition to the rigor of college-level academics by providing guidance in areas such as course attendance and engagement, completion of assignments, and reading, writing, and speaking development. Offered annually in the fall and spring semester. Prerequisite: writing placement or permission of the instructor.","0","0","0","0","0","","Berry, Anne G.","{'fsnum': '22914', 'name': 'Berry, Anne G.'}","100","6","","0","0","0","Writing Studio (0.25)","","108","","True","writing placement or permission of the instructor.","A","3","O","20263","Writing Studio","Research","2026"
"0000171432","0.25","0000032347","WRIT","Writing Studio emphasizes process and practice as students reflect on their emerging identities as thinkers, readers, and writers. The course is ideal for students seeking ongoing support in their personal and academic transition to the rigor of college-level academics by providing guidance in areas such as course attendance and engagement, completion of assignments, and reading, writing, and speaking development. Offered annually in the fall and spring semester. Prerequisite: writing placement or permission of the instructor.","0","0","0","0","0","","Draxler, Bridget A.","{'fsnum': '15269', 'name': 'Draxler, Bridget A.'}","100","6","","0","0","0","Writing Studio (0.25)","","108","","True","writing placement or permission of the instructor.","B","3","O","20263","Writing Studio","Research","2026"
"0000172980","1.0","0000036257","WRIT","Writing and Rhetoric courses, taught by faculty across the college, engage students in writing for multiple purposes and audiences. Each course explores a contemporary question of interest to college students. Students write in multiple genres and engage in writing as a systematic process with opportunities to respond to feedback. They learn, evaluate, and use appropriate technologies to explore, discuss, and write about course content. This course is limited to first-year students and sophomores.","0","0","0","0","0","WRR","Killackey, Sean P.","{'fsnum': '31165', 'name': 'Killackey, Sean P.'}","100","18","","0","","0","Top: Writing and Rhetoric","","120","{'day': 'Mo', 'end': '11:40', 'location': 'TBA', 'start': '10:45'};{'day': 'We', 'end': '11:40', 'location': 'TBA', 'start': '10:45'};{'day': 'Fr', 'end': '11:40', 'location': 'TBA', 'start': '10:45'}","False","False","F","3","O","20263","Writing and Rhetoric","Topic","2026"
"0000172981","1.0","0000036257","WRIT","Writing and Rhetoric courses, taught by faculty across the college, engage students in writing for multiple purposes and audiences. Each course explores a contemporary question of interest to college students. Students write in multiple genres and engage in writing as a systematic process with opportunities to respond to feedback. They learn, evaluate, and use appropriate technologies to explore, discuss, and write about course content. This course is limited to first-year students and sophomores.","0","0","0","0","0","WRR","Moench, Peter","{'fsnum': '9002374', 'name': 'Moench, Peter'}","100","18","","0","","0","Top: Writing and Rhetoric","","120","{'day': 'Mo', 'end': '12:45', 'location': 'TBA', 'start': '23:50'};{'day': 'We', 'end': '12:45', 'location': 'TBA', 'start': '23:50'};{'day': 'Fr', 'end': '12:45', 'location': 'TBA', 'start': '23:50'}","False","False","I","3","O","20263","Writing and Rhetoric","Topic","2026"
"0000172174","1.0","0000036257","WRIT","Writing and Rhetoric courses, taught by faculty across the college, engage students in writing for multiple purposes and audiences. Each course explores a contemporary question of interest to college students. Students write in multiple genres and engage in writing as a systematic process with opportunities to respond to feedback. They learn, evaluate, and use appropriate technologies to explore, discuss, and write about course content. This course is limited to first-year students and sophomores.","0","0","0","0","0","WRR","Sepulveda Ortiz, Joseph","{'fsnum': '35066', 'name': 'Sepulveda Ortiz, Joseph'}","100","18","","0","","0","Top: Writing and Rhetoric","","120","{'day': 'Mo', 'end': '14:55', 'location': 'TBA', 'start': '14:00'};{'day': 'We', 'end': '14:55', 'location': 'TBA', 'start': '14:00'};{'day': 'Fr', 'end': '14:55', 'location': 'TBA', 'start': '14:00'}","False","False","L","3","O","20263","Writing and Rhetoric","Topic","2026"
"0000171283","1.0","0000036257","WRIT","Writing and Rhetoric courses, taught by faculty across the college, engage students in writing for multiple purposes and audiences. Each course explores a contemporary question of interest to college students. Students write in multiple genres and engage in writing as a systematic process with opportunities to respond to feedback. They learn, evaluate, and use appropriate technologies to explore, discuss, and write about course content. This course is limited to first-year students and sophomores.","0","0","0","0","0","WRR","Simpson-Younger, Nancy","{'fsnum': '15225', 'name': 'Simpson-Younger, Nancy'}","100","18","","0","","0","Top: Writing and Rhetoric","","120","{'day': 'Mo', 'end': '08:55', 'location': 'RML 525', 'start': '08:00'};{'day': 'We', 'end': '08:55', 'location': 'RML 525', 'start': '08:00'};{'day': 'Fr', 'end': '08:55', 'location': 'RML 525', 'start': '08:00'}","False","False","A","3","O","20263","Writing and Rhetoric","Topic","2026"
"0000171319","1.0","0000036257","WRIT","Writing and Rhetoric courses, taught by faculty across the college, engage students in writing for multiple purposes and audiences. Each course explores a contemporary question of interest to college students. Students write in multiple genres and engage in writing as a systematic process with opportunities to respond to feedback. They learn, evaluate, and use appropriate technologies to explore, discuss, and write about course content. This course is limited to first-year students and sophomores.","0","0","0","0","0","WRR","Porterfield, Jean C.","{'fsnum': '14015', 'name': 'Porterfield, Jean C.'}","100","19","","0","","0","Top: Molecular Discovery III","Section topic: Molecular Discovery III                                          ;Open only to Molecular Discovery students","120","{'day': 'Mo', 'end': '10:00', 'location': 'TBA', 'start': '09:05'};{'day': 'We', 'end': '10:00', 'location': 'TBA', 'start': '09:05'};{'day': 'Fr', 'end': '10:00', 'location': 'TBA', 'start': '09:05'}","False","False","B","3","O","20263","Writing and Rhetoric","Topic","2026"
"0000171294","1.0","0000036257","WRIT","Writing and Rhetoric courses, taught by faculty across the college, engage students in writing for multiple purposes and audiences. Each course explores a contemporary question of interest to college students. Students write in multiple genres and engage in writing as a systematic process with opportunities to respond to feedback. They learn, evaluate, and use appropriate technologies to explore, discuss, and write about course content. This course is limited to first-year students and sophomores.","0","0","0","0","0","WRR","Marsalek, Karen E.","{'fsnum': '10015', 'name': 'Marsalek, Karen E.'}","100","18","","0","","0","Top: Writing and Rhetoric","","120","{'day': 'Mo', 'end': '10:00', 'location': 'RML 520', 'start': '09:05'};{'day': 'We', 'end': '10:00', 'location': 'RML 520', 'start': '09:05'};{'day': 'Fr', 'end': '10:00', 'location': 'RML 520', 'start': '09:05'}","False","False","C","3","O","20263","Writing and Rhetoric","Topic","2026"
"0000171332","1.0","0000036257","WRIT","Writing and Rhetoric courses, taught by faculty across the college, engage students in writing for multiple purposes and audiences. Each course explores a contemporary question of interest to college students. Students write in multiple genres and engage in writing as a systematic process with opportunities to respond to feedback. They learn, evaluate, and use appropriate technologies to explore, discuss, and write about course content. This course is limited to first-year students and sophomores.","0","0","0","0","0","FYW;WRR","Sepulveda Ortiz, Joseph","{'fsnum': '35066', 'name': 'Sepulveda Ortiz, Joseph'}","100","18","","0","","0","Top: Writing and Rhetoric","","120","{'day': 'Mo', 'end': '10:00', 'location': 'RNS 435', 'start': '09:05'};{'day': 'We', 'end': '10:00', 'location': 'RNS 435', 'start': '09:05'};{'day': 'Fr', 'end': '10:00', 'location': 'RNS 435', 'start': '09:05'}","False","False","D","3","O","20263","Writing and Rhetoric","Topic","2026"
"0000171343","1.0","0000036257","WRIT","Writing and Rhetoric courses, taught by faculty across the college, engage students in writing for multiple purposes and audiences. Each course explores a contemporary question of interest to college students. Students write in multiple genres and engage in writing as a systematic process with opportunities to respond to feedback. They learn, evaluate, and use appropriate technologies to explore, discuss, and write about course content. This course is limited to first-year students and sophomores.","0","0","0","0","0","WRR","Shaiman, Jennifer","{'fsnum': '30174', 'name': 'Shaiman, Jennifer'}","100","18","","0","","0","Top: Writing and Rhetoric","","120","{'day': 'Mo', 'end': '11:40', 'location': 'TOH 186', 'start': '10:45'};{'day': 'We', 'end': '11:40', 'location': 'TOH 186', 'start': '10:45'};{'day': 'Fr', 'end': '11:40', 'location': 'TOH 186', 'start': '10:45'}","False","False","E","3","O","20263","Writing and Rhetoric","Topic","2026"
"0000171327","1.0","0000036257","WRIT","Writing and Rhetoric courses, taught by faculty across the college, engage students in writing for multiple purposes and audiences. Each course explores a contemporary question of interest to college students. Students write in multiple genres and engage in writing as a systematic process with opportunities to respond to feedback. They learn, evaluate, and use appropriate technologies to explore, discuss, and write about course content. This course is limited to first-year students and sophomores.","0","0","0","0","0","WRR","Spiker, Christina","{'fsnum': '27183', 'name': 'Spiker, Christina'}","100","18","","0","","0","Top: Writing and Rhetoric","","120","{'day': 'Mo', 'end': '12:45', 'location': 'TBA', 'start': '23:50'};{'day': 'We', 'end': '12:45', 'location': 'TBA', 'start': '23:50'};{'day': 'Fr', 'end': '12:45', 'location': 'TBA', 'start': '23:50'}","False","False","H","3","O","20263","Writing and Rhetoric","Topic","2026"
"0000171318","1.0","0000036257","WRIT","Writing and Rhetoric courses, taught by faculty across the college, engage students in writing for multiple purposes and audiences. Each course explores a contemporary question of interest to college students. Students write in multiple genres and engage in writing as a systematic process with opportunities to respond to feedback. They learn, evaluate, and use appropriate technologies to explore, discuss, and write about course content. This course is limited to first-year students and sophomores.","0","0","0","0","0","FYW;WRR","Ward, Sean F.","{'fsnum': '28145', 'name': 'Ward, Sean F.'}","100","18","","0","","0","Top: Writing and Rhetoric","","120","{'day': 'Mo', 'end': '12:45', 'location': 'RML 420', 'start': '23:50'};{'day': 'We', 'end': '12:45', 'location': 'RML 420', 'start': '23:50'};{'day': 'Fr', 'end': '12:45', 'location': 'RML 420', 'start': '23:50'}","False","False","G","3","O","20263","Writing and Rhetoric","Topic","2026"
"0000171322","1.0","0000036257","WRIT","Writing and Rhetoric courses, taught by faculty across the college, engage students in writing for multiple purposes and audiences. Each course explores a contemporary question of interest to college students. Students write in multiple genres and engage in writing as a systematic process with opportunities to respond to feedback. They learn, evaluate, and use appropriate technologies to explore, discuss, and write about course content. This course is limited to first-year students and sophomores.","0","0","0","0","0","WRR","Eichberger, Ryan C.","{'fsnum': '32101', 'name': 'Eichberger, Ryan C.'}","100","18","","0","","0","Top: Writing and Rhetoric","This course includes an academic civic engagement (ACE) component.","120","{'day': 'Mo', 'end': '13:50', 'location': 'TBA', 'start': '12:55'};{'day': 'We', 'end': '13:50', 'location': 'TBA', 'start': '12:55'};{'day': 'Fr', 'end': '13:50', 'location': 'TBA', 'start': '12:55'}","False","False","J","3","O","20263","Writing and Rhetoric","Topic","2026"
"0000171295","1.0","0000036257","WRIT","Writing and Rhetoric courses, taught by faculty across the college, engage students in writing for multiple purposes and audiences. Each course explores a contemporary question of interest to college students. Students write in multiple genres and engage in writing as a systematic process with opportunities to respond to feedback. They learn, evaluate, and use appropriate technologies to explore, discuss, and write about course content. This course is limited to first-year students and sophomores.","0","0","0","0","0","FYW;WRR","Alderks, Elisabeth G.","{'fsnum': '18431', 'name': 'Alderks, Elisabeth G.'}","100","18","","0","","0","Top: Writing and Rhetoric","","120","{'day': 'Mo', 'end': '14:55', 'location': 'TBA', 'start': '14:00'};{'day': 'We', 'end': '14:55', 'location': 'TBA', 'start': '14:00'};{'day': 'Fr', 'end': '14:55', 'location': 'TBA', 'start': '14:00'}","False","False","K","3","O","20263","Writing and Rhetoric","Topic","2026"
"0000171288","1.0","0000036257","WRIT","Writing and Rhetoric courses, taught by faculty across the college, engage students in writing for multiple purposes and audiences. Each course explores a contemporary question of interest to college students. Students write in multiple genres and engage in writing as a systematic process with opportunities to respond to feedback. They learn, evaluate, and use appropriate technologies to explore, discuss, and write about course content. This course is limited to first-year students and sophomores.","0","0","0","0","0","WRR","Bucciaglia, Cole","{'fsnum': '28110', 'name': 'Bucciaglia, Cole'}","100","18","","0","","0","Top: Writing and Rhetoric","","120","{'day': 'Tu', 'end': '11:00', 'location': 'RML 515', 'start': '09:35'};{'day': 'Th', 'end': '10:50', 'location': 'RML 515', 'start': '09:30'}","False","False","M","3","O","20263","Writing and Rhetoric","Topic","2026"
"0000171350","1.0","0000036257","WRIT","Writing and Rhetoric courses, taught by faculty across the college, engage students in writing for multiple purposes and audiences. Each course explores a contemporary question of interest to college students. Students write in multiple genres and engage in writing as a systematic process with opportunities to respond to feedback. They learn, evaluate, and use appropriate technologies to explore, discuss, and write about course content. This course is limited to first-year students and sophomores.","0","0","0","0","0","WRR","DeFries, Brett B.","{'fsnum': '19433', 'name': 'DeFries, Brett B.'}","100","18","","0","","0","Top: Writing and Rhetoric","","120","{'day': 'Tu', 'end': '11:00', 'location': 'TOH 316', 'start': '09:35'};{'day': 'Th', 'end': '10:50', 'location': 'TOH 316', 'start': '09:30'}","False","False","N","3","O","20263","Writing and Rhetoric","Topic","2026"
"0000171308","1.0","0000036257","WRIT","Writing and Rhetoric courses, taught by faculty across the college, engage students in writing for multiple purposes and audiences. Each course explores a contemporary question of interest to college students. Students write in multiple genres and engage in writing as a systematic process with opportunities to respond to feedback. They learn, evaluate, and use appropriate technologies to explore, discuss, and write about course content. This course is limited to first-year students and sophomores.","0","0","0","0","0","WRR","Parmar, Nissa","{'fsnum': '9002679', 'name': 'Parmar, Nissa'}","100","18","","0","","0","Top: Writing and Rhetoric","","120","{'day': 'Tu', 'end': '13:10', 'location': 'RML 520', 'start': '23:45'};{'day': 'Th', 'end': '14:05', 'location': 'RML 520', 'start': '12:45'}","False","False","O","3","O","20263","Writing and Rhetoric","Topic","2026"
"0000171360","1.0","0000036257","WRIT","Writing and Rhetoric courses, taught by faculty across the college, engage students in writing for multiple purposes and audiences. Each course explores a contemporary question of interest to college students. Students write in multiple genres and engage in writing as a systematic process with opportunities to respond to feedback. They learn, evaluate, and use appropriate technologies to explore, discuss, and write about course content. This course is limited to first-year students and sophomores.","0","0","0","0","0","WRR","DeFries, Brett B.","{'fsnum': '19433', 'name': 'DeFries, Brett B.'}","100","18","","0","","0","Top: Writing and Rhetoric","","120","{'day': 'Tu', 'end': '14:45', 'location': 'TBA', 'start': '13:20'};{'day': 'Th', 'end': '15:35', 'location': 'TBA', 'start': '14:15'}","False","False","P","3","O","20263","Writing and Rhetoric","Topic","2026"
"0000171313","1.0","0000036257","WRIT","Writing and Rhetoric courses, taught by faculty across the college, engage students in writing for multiple purposes and audiences. Each course explores a contemporary question of interest to college students. Students write in multiple genres and engage in writing as a systematic process with opportunities to respond to feedback. They learn, evaluate, and use appropriate technologies to explore, discuss, and write about course content. This course is limited to first-year students and sophomores.","0","0","0","0","0","WRR","Parmar, Nissa","{'fsnum': '9002679', 'name': 'Parmar, Nissa'}","100","18","","0","","0","Top: Writing and Rhetoric","","120","{'day': 'Tu', 'end': '14:45', 'location': 'TOH 312', 'start': '13:20'};{'day': 'Th', 'end': '15:35', 'location': 'TOH 312', 'start': '14:15'}","False","False","Q","3","O","20263","Writing and Rhetoric","Topic","2026"
"0000171359","1.0","0000036257","WRIT","Writing and Rhetoric courses, taught by faculty across the college, engage students in writing for multiple purposes and audiences. Each course explores a contemporary question of interest to college students. Students write in multiple genres and engage in writing as a systematic process with opportunities to respond to feedback. They learn, evaluate, and use appropriate technologies to explore, discuss, and write about course content. This course is limited to first-year students and sophomores.","0","0","0","0","0","FYW;WRR","Trull, Mary E.","{'fsnum': '15822', 'name': 'Trull, Mary E.'}","100","18","","0","","0","Top: Writing and Rhetoric","","120","{'day': 'Tu', 'end': '14:45', 'location': 'RML 520', 'start': '13:20'};{'day': 'Th', 'end': '15:35', 'location': 'RML 520', 'start': '14:15'}","False","False","R","3","O","20263","Writing and Rhetoric","Topic","2026"
"0000172306","","0000036612","WRIT","","0","0","0","0","0","","Staff","{'fsnum': '', 'name': 'Staff'}","100","19","","","","","SOAR Discussion","","120","{'day': 'Th', 'end': '12:30', 'location': 'TBA', 'start': '23:30'}","False","","P","3","O","20263","","Discussion","2026"
"0000171190","","0000036612","WRIT","","0","0","0","0","0","","Staff","{'fsnum': '', 'name': 'Staff'}","100","19","","","","","SOAR Discussion","SOAR Discussion meets on Feb 13, Feb 27, Mar 13, Mar 27, Apr 10.","120","{'day': 'Th', 'end': '12:30', 'location': 'TBA', 'start': '23:30'}","False","","A","3","O","20263","","Discussion","2026"
"0000171191","","0000036612","WRIT","","0","0","0","0","0","","Staff","{'fsnum': '', 'name': 'Staff'}","100","19","","","","","SOAR Discussion","SOAR Discussion meets on Feb 13, Feb 27, Mar 13, Mar 27, Apr 10.","120","{'day': 'Th', 'end': '12:30', 'location': 'TBA', 'start': '23:30'}","False","","B","3","O","20263","","Discussion","2026"
"0000171192","","0000036612","WRIT","","0","0","0","0","0","","Staff","{'fsnum': '', 'name': 'Staff'}","100","19","","","","","SOAR Discussion","SOAR Discussion meets on Feb 13, Feb 27, Mar 13, Mar 27, Apr 10.","120","{'day': 'Th', 'end': '12:30', 'location': 'TBA', 'start': '23:30'}","False","","C","3","O","20263","","Discussion","2026"
"0000171193","","0000036612","WRIT","","0","0","0","0","0","","Staff","{'fsnum': '', 'name': 'Staff'}","100","19","","","","","SOAR Discussion","SOAR Discussion meets on Feb 13, Feb 27, Mar 13, Mar 27, Apr 10.","120","{'day': 'Th', 'end': '12:30', 'location': 'TBA', 'start': '23:30'}","False","","D","3","O","20263","","Discussion","2026"
"0000171194","","0000036612","WRIT","","0","0","0","0","0","","Staff","{'fsnum': '', 'name': 'Staff'}","100","19","","","","","SOAR Discussion","SOAR Discussion meets on Feb 13, Feb 27, Mar 13, Mar 27, Apr 10.","120","{'day': 'Th', 'end': '12:30', 'location': 'TBA', 'start': '23:30'}","False","","E","3","O","20263","","Discussion","2026"
"0000171195","","0000036612","WRIT","","0","0","0","0","0","","Staff","{'fsnum': '', 'name': 'Staff'}","100","19","","","","","SOAR Discussion","SOAR Discussion meets on Feb 13, Feb 27, Mar 13, Mar 27, Apr 10.","120","{'day': 'Th', 'end': '12:30', 'location': 'TBA', 'start': '23:30'}","False","","F","3","O","20263","","Discussion","2026"
"0000171196","","0000036612","WRIT","","0","0","0","0","0","","Staff","{'fsnum': '', 'name': 'Staff'}","100","19","","","","","SOAR Discussion","SOAR Discussion meets on Feb 13, Feb 27, Mar 13, Mar 27, Apr 10.","120","{'day': 'Th', 'end': '12:30', 'location': 'TBA', 'start': '23:30'}","False","","G","3","O","20263","","Discussion","2026"
"0000171197","","0000036612","WRIT","","0","0","0","0","0","","Staff","{'fsnum': '', 'name': 'Staff'}","100","19","","","","","SOAR Discussion","SOAR Discussion meets on Feb 13, Feb 27, Mar 13, Mar 27, Apr 10.","120","{'day': 'Th', 'end': '12:30', 'location': 'TBA', 'start': '23:30'}","False","","H","3","O","20263","","Discussion","2026"
"0000171198","","0000036612","WRIT","","0","0","0","0","0","","Staff","{'fsnum': '', 'name': 'Staff'}","100","19","","","","","SOAR Discussion","SOAR Discussion meets on Feb 13, Feb 27, Mar 13, Mar 27, Apr 10.","120","{'day': 'Th', 'end': '12:30', 'location': 'TBA', 'start': '23:30'}","False","","I","3","O","20263","","Discussion","2026"
"0000171199","","0000036612","WRIT","","0","0","0","0","0","","Staff","{'fsnum': '', 'name': 'Staff'}","100","19","","","","","SOAR Discussion","SOAR Discussion meets on Feb 13, Feb 27, Mar 13, Mar 27, Apr 10.","120","{'day': 'Th', 'end': '12:30', 'location': 'TBA', 'start': '23:30'}","False","","J","3","O","20263","","Discussion","2026"
"0000171200","","0000036612","WRIT","","0","0","0","0","0","","Staff","{'fsnum': '', 'name': 'Staff'}","100","19","","","","","SOAR Discussion","SOAR Discussion meets on Feb 13, Feb 27, Mar 13, Mar 27, Apr 10.","120","{'day': 'Th', 'end': '12:30', 'location': 'TBA', 'start': '23:30'}","False","","K","3","O","20263","","Discussion","2026"
"0000171201","","0000036612","WRIT","","0","0","0","0","0","","Staff","{'fsnum': '', 'name': 'Staff'}","100","19","","","","","SOAR Discussion","SOAR Discussion meets on Feb 13, Feb 27, Mar 13, Mar 27, Apr 10.","120","{'day': 'Th', 'end': '12:30', 'location': 'TBA', 'start': '23:30'}","False","","L","3","O","20263","","Discussion","2026"
"0000171202","","0000036612","WRIT","","0","0","0","0","0","","Staff","{'fsnum': '', 'name': 'Staff'}","100","19","","","","","SOAR Discussion","SOAR Discussion meets on Feb 13, Feb 27, Mar 13, Mar 27, Apr 10.","120","{'day': 'Th', 'end': '12:30', 'location': 'TBA', 'start': '23:30'}","False","","M","3","O","20263","","Discussion","2026"
"0000171203","","0000036612","WRIT","","0","0","0","0","0","","Staff","{'fsnum': '', 'name': 'Staff'}","100","19","","","","","SOAR Discussion","SOAR Discussion meets on Feb 13, Feb 27, Mar 13, Mar 27, Apr 10.","120","{'day': 'Th', 'end': '12:30', 'location': 'TBA', 'start': '23:30'}","False","","N","3","O","20263","","Discussion","2026"
"0000171214","","0000036612","WRIT","","0","0","0","0","0","","Staff","{'fsnum': '', 'name': 'Staff'}","100","19","","","","","SOAR Discussion","SOAR Discussion meets on Feb 13, Feb 27, Mar 13, Mar 27, Apr 10.","120","{'day': 'Th', 'end': '12:30', 'location': 'TBA', 'start': '23:30'}","False","","O","3","O","20263","","Discussion","2026"
"0000171345","1.0","0000020072","WRIT","Blending the reading seminar and writing workshop, this course offers advanced practice in critical reading and writing with emphasis on a particular discipline or topic. Students will read and respond critically to a range of writing that may include textbook chapters, popular feature stories, and creative literature. The course emphasizes how writers make and support claims, integrate research, and narrate to communicate effectively in a variety of genres for multiple audiences. Click on course title in the class and lab for more information about the course for that term. Prerequisite: successful completion of Writing and Rhetoric.","0","0","0","0","0","WAC;WRI","Forstner, Daniel R.","{'fsnum': '15723', 'name': 'Forstner, Daniel R.'}","200","18","","","","","Top: Sci in World & Word","Prerequisite: completion of WRR.                                                ;This course includes an academic civic engagement (ACE) component.","211","{'day': 'Tu', 'end': '11:00', 'location': 'TBA', 'start': '09:35'};{'day': 'Th', 'end': '10:50', 'location': 'TBA', 'start': '09:30'}","False","successful completion of Writing and Rhetoric.","","3","O","20263","Topics in Writing","Topic","2026"

